{
"type": "FeatureCollection",
"name": "alcides-metaurus-gbif",
"crs": { "type": "name", "properties": { "name": "urn:ogc:def:crs:OGC:1.3:CRS84" } },
"features": [
{ "type": "Feature", "properties": { "decimalLatitude": -17.559032, "decimalLongitude": 146.090405, "eventDate": "2015-09-25T15:01:00Z", "countryCode": "AU" }, "geometry": { "type": "Point", "coordinates": [ 146.090405, -17.559032 ] } },
{ "type": "Feature", "properties": { "decimalLatitude": -21.155278, "decimalLongitude": 149.1576, "eventDate": "2015-12-25T18:12:00Z", "countryCode": "AU" }, "geometry": { "type": "Point", "coordinates": [ 149.1576, -21.155278 ] } },
{ "type": "Feature", "properties": { "decimalLatitude": -21.155278, "decimalLongitude": 149.1576, "eventDate": "2016-03-15T11:03:00Z", "countryCode": "AU" }, "geometry": { "type": "Point", "coordinates": [ 149.1576, -21.155278 ] } },
{ "type": "Feature", "properties": { "decimalLatitude": -21.155278, "decimalLongitude": 149.1576, "eventDate": "2016-04-05T12:04:00Z", "countryCode": "AU" }, "geometry": { "type": "Point", "coordinates": [ 149.1576, -21.155278 ] } },
{ "type": "Feature", "properties": { "decimalLatitude": -16.855592, "decimalLongitude": 145.729587, "eventDate": "2016-07-13T13:27:00Z", "countryCode": "AU" }, "geometry": { "type": "Point", "coordinates": [ 145.729587, -16.855592 ] } },
{ "type": "Feature", "properties": { "decimalLatitude": -21.15864, "decimalLongitude": 149.156742, "eventDate": "2016-09-26T12:09:00Z", "countryCode": "AU" }, "geometry": { "type": "Point", "coordinates": [ 149.156742, -21.15864 ] } },
{ "type": "Feature", "properties": { "decimalLatitude": -21.15864, "decimalLongitude": 149.156742, "eventDate": "2016-10-25T12:10:00Z", "countryCode": "AU" }, "geometry": { "type": "Point", "coordinates": [ 149.156742, -21.15864 ] } },
{ "type": "Feature", "properties": { "decimalLatitude": -16.920348, "decimalLongitude": 145.770953, "eventDate": "2016-10-08T13:43:00Z", "countryCode": "AU" }, "geometry": { "type": "Point", "coordinates": [ 145.770953, -16.920348 ] } },
{ "type": "Feature", "properties": { "decimalLatitude": -17.341395, "decimalLongitude": 145.86949, "eventDate": "2016-11-09T01:17:00Z", "countryCode": "AU" }, "geometry": { "type": "Point", "coordinates": [ 145.86949, -17.341395 ] } },
{ "type": "Feature", "properties": { "decimalLatitude": -21.160846, "decimalLongitude": 149.156207, "eventDate": "2016-12-15T10:12:00Z", "countryCode": "AU" }, "geometry": { "type": "Point", "coordinates": [ 149.156207, -21.160846 ] } },
{ "type": "Feature", "properties": { "decimalLatitude": -21.160846, "decimalLongitude": 149.156207, "eventDate": "2016-12-09T09:12:00Z", "countryCode": "AU" }, "geometry": { "type": "Point", "coordinates": [ 149.156207, -21.160846 ] } },
{ "type": "Feature", "properties": { "decimalLatitude": -17.272853, "decimalLongitude": 145.948595, "eventDate": "2016-12-18T22:38:00Z", "countryCode": "AU" }, "geometry": { "type": "Point", "coordinates": [ 145.948595, -17.272853 ] } },
{ "type": "Feature", "properties": { "decimalLatitude": -17.353404, "decimalLongitude": 145.854012, "eventDate": "2016-12-18T22:38:00Z", "countryCode": "AU" }, "geometry": { "type": "Point", "coordinates": [ 145.854012, -17.353404 ] } },
{ "type": "Feature", "properties": { "decimalLatitude": -17.645985, "decimalLongitude": 146.028042, "eventDate": "2017-04-01T10:04:00Z", "countryCode": "AU" }, "geometry": { "type": "Point", "coordinates": [ 146.028042, -17.645985 ] } },
{ "type": "Feature", "properties": { "decimalLatitude": -16.921592, "decimalLongitude": 145.776735, "eventDate": "2017-04-14T20:06:00Z", "countryCode": "AU" }, "geometry": { "type": "Point", "coordinates": [ 145.776735, -16.921592 ] } },
{ "type": "Feature", "properties": { "decimalLatitude": -13.401244, "decimalLongitude": 143.007205, "eventDate": "2017-07-18T14:04:00Z", "countryCode": "AU" }, "geometry": { "type": "Point", "coordinates": [ 143.007205, -13.401244 ] } },
{ "type": "Feature", "properties": { "decimalLatitude": -16.094892, "decimalLongitude": 145.433423, "eventDate": "2017-07-24T15:41:00Z", "countryCode": "AU" }, "geometry": { "type": "Point", "coordinates": [ 145.433423, -16.094892 ] } },
{ "type": "Feature", "properties": { "decimalLatitude": -16.90059, "decimalLongitude": 145.74856, "eventDate": "2017-08-12T15:43:00Z", "countryCode": "AU" }, "geometry": { "type": "Point", "coordinates": [ 145.74856, -16.90059 ] } },
{ "type": "Feature", "properties": { "decimalLatitude": -20.087491, "decimalLongitude": 148.487402, "eventDate": "2017-08-06T00:00:00Z", "countryCode": "AU" }, "geometry": { "type": "Point", "coordinates": [ 148.487402, -20.087491 ] } },
{ "type": "Feature", "properties": { "decimalLatitude": -16.8995, "decimalLongitude": 145.7485, "eventDate": "2017-09-16T00:00:00Z", "countryCode": "AU" }, "geometry": { "type": "Point", "coordinates": [ 145.7485, -16.8995 ] } },
{ "type": "Feature", "properties": { "decimalLatitude": -19.332085, "decimalLongitude": 146.755474, "eventDate": "2017-10-17T15:46:00Z", "countryCode": "AU" }, "geometry": { "type": "Point", "coordinates": [ 146.755474, -19.332085 ] } },
{ "type": "Feature", "properties": { "decimalLatitude": -16.831216, "decimalLongitude": 145.644384, "eventDate": "2017-10-20T00:00:00Z", "countryCode": "AU" }, "geometry": { "type": "Point", "coordinates": [ 145.644384, -16.831216 ] } },
{ "type": "Feature", "properties": { "decimalLatitude": -17.437472, "decimalLongitude": 145.859314, "eventDate": "2017-11-11T09:42:00Z", "countryCode": "AU" }, "geometry": { "type": "Point", "coordinates": [ 145.859314, -17.437472 ] } },
{ "type": "Feature", "properties": { "decimalLatitude": -17.267499, "decimalLongitude": 145.577975, "eventDate": "2017-11-26T15:35:00Z", "countryCode": "AU" }, "geometry": { "type": "Point", "coordinates": [ 145.577975, -17.267499 ] } },
{ "type": "Feature", "properties": { "decimalLatitude": -17.41919, "decimalLongitude": 145.728701, "eventDate": "2017-01-01T00:00:00Z", "countryCode": "AU" }, "geometry": { "type": "Point", "coordinates": [ 145.728701, -17.41919 ] } },
{ "type": "Feature", "properties": { "decimalLatitude": -21.2, "decimalLongitude": 149.2, "eventDate": "2018-02-05T01:53:45Z", "countryCode": "AU" }, "geometry": { "type": "Point", "coordinates": [ 149.2, -21.2 ] } },
{ "type": "Feature", "properties": { "decimalLatitude": -16.901936, "decimalLongitude": 145.750968, "eventDate": "2018-09-26T11:41:00Z", "countryCode": "AU" }, "geometry": { "type": "Point", "coordinates": [ 145.750968, -16.901936 ] } },
{ "type": "Feature", "properties": { "decimalLatitude": -16.917283, "decimalLongitude": 145.775748, "eventDate": "2018-10-31T14:26:00Z", "countryCode": "AU" }, "geometry": { "type": "Point", "coordinates": [ 145.775748, -16.917283 ] } },
{ "type": "Feature", "properties": { "decimalLatitude": -16.904367, "decimalLongitude": 145.754068, "eventDate": "2018-10-31T18:51:00Z", "countryCode": "AU" }, "geometry": { "type": "Point", "coordinates": [ 145.754068, -16.904367 ] } },
{ "type": "Feature", "properties": { "decimalLatitude": -16.8991, "decimalLongitude": 145.751373, "eventDate": "2018-10-23T12:05:00Z", "countryCode": "AU" }, "geometry": { "type": "Point", "coordinates": [ 145.751373, -16.8991 ] } },
{ "type": "Feature", "properties": { "decimalLatitude": -16.899209, "decimalLongitude": 145.748207, "eventDate": "2018-11-09T19:22:00Z", "countryCode": "AU" }, "geometry": { "type": "Point", "coordinates": [ 145.748207, -16.899209 ] } },
{ "type": "Feature", "properties": { "decimalLatitude": -17.145283, "decimalLongitude": 145.716632, "eventDate": "2018-11-03T15:50:00Z", "countryCode": "AU" }, "geometry": { "type": "Point", "coordinates": [ 145.716632, -17.145283 ] } },
{ "type": "Feature", "properties": { "decimalLatitude": -23.896903, "decimalLongitude": 151.261579, "eventDate": "2018-11-14T14:00:00Z", "countryCode": "AU" }, "geometry": { "type": "Point", "coordinates": [ 151.261579, -23.896903 ] } },
{ "type": "Feature", "properties": { "decimalLatitude": -16.901742, "decimalLongitude": 145.75101, "eventDate": "2018-11-02T12:37:00Z", "countryCode": "AU" }, "geometry": { "type": "Point", "coordinates": [ 145.75101, -16.901742 ] } },
{ "type": "Feature", "properties": { "decimalLatitude": -21.156288, "decimalLongitude": 149.157846, "eventDate": "2018-11-15T10:29:00Z", "countryCode": "AU" }, "geometry": { "type": "Point", "coordinates": [ 149.157846, -21.156288 ] } },
{ "type": "Feature", "properties": { "decimalLatitude": -16.237544, "decimalLongitude": 145.427849, "eventDate": "2018-12-16T23:01:15Z", "countryCode": "AU" }, "geometry": { "type": "Point", "coordinates": [ 145.427849, -16.237544 ] } },
{ "type": "Feature", "properties": { "decimalLatitude": -17.357802, "decimalLongitude": 145.501117, "eventDate": "2018-12-12T22:21:00Z", "countryCode": "AU" }, "geometry": { "type": "Point", "coordinates": [ 145.501117, -17.357802 ] } },
{ "type": "Feature", "properties": { "decimalLatitude": -17.297567, "decimalLongitude": 145.474912, "eventDate": "2019-01-02T18:58:43Z", "countryCode": "AU" }, "geometry": { "type": "Point", "coordinates": [ 145.474912, -17.297567 ] } },
{ "type": "Feature", "properties": { "decimalLatitude": -21.08344, "decimalLongitude": 149.031082, "eventDate": "2019-01-25T07:57:00Z", "countryCode": "AU" }, "geometry": { "type": "Point", "coordinates": [ 149.031082, -21.08344 ] } },
{ "type": "Feature", "properties": { "decimalLatitude": -21.158401, "decimalLongitude": 149.160009, "eventDate": "2019-01-25T07:57:00Z", "countryCode": "AU" }, "geometry": { "type": "Point", "coordinates": [ 149.160009, -21.158401 ] } },
{ "type": "Feature", "properties": { "decimalLatitude": -21.279167, "decimalLongitude": 149.151672, "eventDate": "2019-01-31T08:55:00Z", "countryCode": "AU" }, "geometry": { "type": "Point", "coordinates": [ 149.151672, -21.279167 ] } },
{ "type": "Feature", "properties": { "decimalLatitude": -21.361813, "decimalLongitude": 149.105392, "eventDate": "2019-01-31T08:55:00Z", "countryCode": "AU" }, "geometry": { "type": "Point", "coordinates": [ 149.105392, -21.361813 ] } },
{ "type": "Feature", "properties": { "decimalLatitude": -21.005454, "decimalLongitude": 149.153996, "eventDate": "2019-02-20T20:13:00Z", "countryCode": "AU" }, "geometry": { "type": "Point", "coordinates": [ 149.153996, -21.005454 ] } },
{ "type": "Feature", "properties": { "decimalLatitude": -21.160371, "decimalLongitude": 149.158429, "eventDate": "2019-02-20T20:13:00Z", "countryCode": "AU" }, "geometry": { "type": "Point", "coordinates": [ 149.158429, -21.160371 ] } },
{ "type": "Feature", "properties": { "decimalLatitude": -17.610538, "decimalLongitude": 145.793852, "eventDate": "2019-02-16T12:32:00Z", "countryCode": "AU" }, "geometry": { "type": "Point", "coordinates": [ 145.793852, -17.610538 ] } },
{ "type": "Feature", "properties": { "decimalLatitude": -18.090335, "decimalLongitude": 145.314349, "eventDate": "2019-02-05T03:36:00Z", "countryCode": "AU" }, "geometry": { "type": "Point", "coordinates": [ 145.314349, -18.090335 ] } },
{ "type": "Feature", "properties": { "decimalLatitude": -17.594093, "decimalLongitude": 146.111606, "eventDate": "2019-03-20T13:02:00Z", "countryCode": "AU" }, "geometry": { "type": "Point", "coordinates": [ 146.111606, -17.594093 ] } },
{ "type": "Feature", "properties": { "decimalLatitude": -17.594093, "decimalLongitude": 146.111606, "eventDate": "2019-03-20T13:02:00Z", "countryCode": "AU" }, "geometry": { "type": "Point", "coordinates": [ 146.111606, -17.594093 ] } },
{ "type": "Feature", "properties": { "decimalLatitude": -17.44706, "decimalLongitude": 145.849017, "eventDate": "2019-04-02T13:38:00Z", "countryCode": "AU" }, "geometry": { "type": "Point", "coordinates": [ 145.849017, -17.44706 ] } },
{ "type": "Feature", "properties": { "decimalLatitude": -17.432218, "decimalLongitude": 145.85947, "eventDate": "2019-04-02T14:44:00Z", "countryCode": "AU" }, "geometry": { "type": "Point", "coordinates": [ 145.85947, -17.432218 ] } },
{ "type": "Feature", "properties": { "decimalLatitude": -16.836653, "decimalLongitude": 145.641586, "eventDate": "2019-04-06T11:12:37Z", "countryCode": "AU" }, "geometry": { "type": "Point", "coordinates": [ 145.641586, -16.836653 ] } },
{ "type": "Feature", "properties": { "decimalLatitude": -17.05077, "decimalLongitude": 145.53743, "eventDate": "2019-04-24T10:48:32Z", "countryCode": "AU" }, "geometry": { "type": "Point", "coordinates": [ 145.53743, -17.05077 ] } },
{ "type": "Feature", "properties": { "decimalLatitude": -16.83089, "decimalLongitude": 145.6999, "eventDate": "2019-04-25T17:09:00Z", "countryCode": "AU" }, "geometry": { "type": "Point", "coordinates": [ 145.6999, -16.83089 ] } },
{ "type": "Feature", "properties": { "decimalLatitude": -16.899703, "decimalLongitude": 145.75177, "eventDate": "2019-04-07T13:14:00Z", "countryCode": "AU" }, "geometry": { "type": "Point", "coordinates": [ 145.75177, -16.899703 ] } },
{ "type": "Feature", "properties": { "decimalLatitude": -16.921367, "decimalLongitude": 145.754592, "eventDate": "2019-04-29T12:49:00Z", "countryCode": "AU" }, "geometry": { "type": "Point", "coordinates": [ 145.754592, -16.921367 ] } },
{ "type": "Feature", "properties": { "decimalLatitude": -16.921367, "decimalLongitude": 145.754592, "eventDate": "2019-04-29T12:49:00Z", "countryCode": "AU" }, "geometry": { "type": "Point", "coordinates": [ 145.754592, -16.921367 ] } },
{ "type": "Feature", "properties": { "decimalLatitude": -18.9164, "decimalLongitude": 147.44237, "eventDate": "2019-04-23T13:37:23Z", "countryCode": "AU" }, "geometry": { "type": "Point", "coordinates": [ 147.44237, -18.9164 ] } },
{ "type": "Feature", "properties": { "decimalLatitude": -16.826519, "decimalLongitude": 145.639181, "eventDate": "2019-04-08T10:31:00Z", "countryCode": "AU" }, "geometry": { "type": "Point", "coordinates": [ 145.639181, -16.826519 ] } },
{ "type": "Feature", "properties": { "decimalLatitude": -16.855606, "decimalLongitude": 145.64855, "eventDate": "2019-04-08T12:42:00Z", "countryCode": "AU" }, "geometry": { "type": "Point", "coordinates": [ 145.64855, -16.855606 ] } },
{ "type": "Feature", "properties": { "decimalLatitude": -16.900228, "decimalLongitude": 145.751662, "eventDate": "2019-04-21T12:47:00Z", "countryCode": "AU" }, "geometry": { "type": "Point", "coordinates": [ 145.751662, -16.900228 ] } },
{ "type": "Feature", "properties": { "decimalLatitude": -16.900228, "decimalLongitude": 145.751662, "eventDate": "2019-04-21T12:50:00Z", "countryCode": "AU" }, "geometry": { "type": "Point", "coordinates": [ 145.751662, -16.900228 ] } },
{ "type": "Feature", "properties": { "decimalLatitude": -16.9, "decimalLongitude": 145.7, "eventDate": "2019-04-10T14:41:18Z", "countryCode": "AU" }, "geometry": { "type": "Point", "coordinates": [ 145.7, -16.9 ] } },
{ "type": "Feature", "properties": { "decimalLatitude": -16.899136, "decimalLongitude": 145.746944, "eventDate": "2019-04-10T14:41:00Z", "countryCode": "AU" }, "geometry": { "type": "Point", "coordinates": [ 145.746944, -16.899136 ] } },
{ "type": "Feature", "properties": { "decimalLatitude": -16.901428, "decimalLongitude": 145.751712, "eventDate": "2019-04-05T12:48:28Z", "countryCode": "AU" }, "geometry": { "type": "Point", "coordinates": [ 145.751712, -16.901428 ] } },
{ "type": "Feature", "properties": { "decimalLatitude": -16.900089, "decimalLongitude": 145.746622, "eventDate": "2019-05-04T14:13:00Z", "countryCode": "AU" }, "geometry": { "type": "Point", "coordinates": [ 145.746622, -16.900089 ] } },
{ "type": "Feature", "properties": { "decimalLatitude": -16.487533, "decimalLongitude": 145.466747, "eventDate": "2019-05-03T10:09:00Z", "countryCode": "AU" }, "geometry": { "type": "Point", "coordinates": [ 145.466747, -16.487533 ] } },
{ "type": "Feature", "properties": { "decimalLatitude": -16.919231, "decimalLongitude": 145.772888, "eventDate": "2019-05-10T18:00:09Z", "countryCode": "AU" }, "geometry": { "type": "Point", "coordinates": [ 145.772888, -16.919231 ] } },
{ "type": "Feature", "properties": { "decimalLatitude": -16.585392, "decimalLongitude": 145.336929, "eventDate": "2019-05-15T21:44:00Z", "countryCode": "AU" }, "geometry": { "type": "Point", "coordinates": [ 145.336929, -16.585392 ] } },
{ "type": "Feature", "properties": { "decimalLatitude": -16.905869, "decimalLongitude": 145.75215, "eventDate": "2019-05-12T14:38:00Z", "countryCode": "AU" }, "geometry": { "type": "Point", "coordinates": [ 145.75215, -16.905869 ] } },
{ "type": "Feature", "properties": { "decimalLatitude": -17.013814, "decimalLongitude": 145.644029, "eventDate": "2019-05-31T14:00:00Z", "countryCode": "AU" }, "geometry": { "type": "Point", "coordinates": [ 145.644029, -17.013814 ] } },
{ "type": "Feature", "properties": { "decimalLatitude": -16.895645, "decimalLongitude": 145.612183, "eventDate": "2019-05-12T10:26:00Z", "countryCode": "AU" }, "geometry": { "type": "Point", "coordinates": [ 145.612183, -16.895645 ] } },
{ "type": "Feature", "properties": { "decimalLatitude": -16.585392, "decimalLongitude": 145.336929, "eventDate": "2019-05-15T21:44:00Z", "countryCode": "AU" }, "geometry": { "type": "Point", "coordinates": [ 145.336929, -16.585392 ] } },
{ "type": "Feature", "properties": { "decimalLatitude": -16.921551, "decimalLongitude": 145.754648, "eventDate": "2019-05-05T15:32:00Z", "countryCode": "AU" }, "geometry": { "type": "Point", "coordinates": [ 145.754648, -16.921551 ] } },
{ "type": "Feature", "properties": { "decimalLatitude": -16.846194, "decimalLongitude": 145.611083, "eventDate": "2019-05-30T10:02:00Z", "countryCode": "AU" }, "geometry": { "type": "Point", "coordinates": [ 145.611083, -16.846194 ] } },
{ "type": "Feature", "properties": { "decimalLatitude": -16.787741, "decimalLongitude": 145.689312, "eventDate": "2019-05-02T00:00:00Z", "countryCode": "AU" }, "geometry": { "type": "Point", "coordinates": [ 145.689312, -16.787741 ] } },
{ "type": "Feature", "properties": { "decimalLatitude": -16.846194, "decimalLongitude": 145.611083, "eventDate": "2019-05-30T10:02:00Z", "countryCode": "AU" }, "geometry": { "type": "Point", "coordinates": [ 145.611083, -16.846194 ] } },
{ "type": "Feature", "properties": { "decimalLatitude": -16.250944, "decimalLongitude": 145.319374, "eventDate": "2019-05-07T17:05:00Z", "countryCode": "AU" }, "geometry": { "type": "Point", "coordinates": [ 145.319374, -16.250944 ] } },
{ "type": "Feature", "properties": { "decimalLatitude": -16.090377, "decimalLongitude": 145.463323, "eventDate": "2019-05-08T18:33:00Z", "countryCode": "AU" }, "geometry": { "type": "Point", "coordinates": [ 145.463323, -16.090377 ] } },
{ "type": "Feature", "properties": { "decimalLatitude": -16.903797, "decimalLongitude": 145.750653, "eventDate": "2019-05-06T15:43:00Z", "countryCode": "AU" }, "geometry": { "type": "Point", "coordinates": [ 145.750653, -16.903797 ] } },
{ "type": "Feature", "properties": { "decimalLatitude": -16.9, "decimalLongitude": 145.7, "eventDate": "2019-05-28T15:43:59Z", "countryCode": "AU" }, "geometry": { "type": "Point", "coordinates": [ 145.7, -16.9 ] } },
{ "type": "Feature", "properties": { "decimalLatitude": -16.924733, "decimalLongitude": 145.780683, "eventDate": "2019-05-12T12:59:00Z", "countryCode": "AU" }, "geometry": { "type": "Point", "coordinates": [ 145.780683, -16.924733 ] } },
{ "type": "Feature", "properties": { "decimalLatitude": -16.358583, "decimalLongitude": 145.409463, "eventDate": "2019-05-05T21:12:00Z", "countryCode": "AU" }, "geometry": { "type": "Point", "coordinates": [ 145.409463, -16.358583 ] } },
{ "type": "Feature", "properties": { "decimalLatitude": -17.442107, "decimalLongitude": 145.456991, "eventDate": "2019-06-04T11:34:00Z", "countryCode": "AU" }, "geometry": { "type": "Point", "coordinates": [ 145.456991, -17.442107 ] } },
{ "type": "Feature", "properties": { "decimalLatitude": -16.9026, "decimalLongitude": 145.751688, "eventDate": "2019-06-28T10:18:00Z", "countryCode": "AU" }, "geometry": { "type": "Point", "coordinates": [ 145.751688, -16.9026 ] } },
{ "type": "Feature", "properties": { "decimalLatitude": -16.9026, "decimalLongitude": 145.751688, "eventDate": "2019-06-28T10:18:00Z", "countryCode": "AU" }, "geometry": { "type": "Point", "coordinates": [ 145.751688, -16.9026 ] } },
{ "type": "Feature", "properties": { "decimalLatitude": -16.767787, "decimalLongitude": 145.674446, "eventDate": "2019-06-15T15:42:00Z", "countryCode": "AU" }, "geometry": { "type": "Point", "coordinates": [ 145.674446, -16.767787 ] } },
{ "type": "Feature", "properties": { "decimalLatitude": -16.755921, "decimalLongitude": 145.664291, "eventDate": "2019-06-11T15:40:00Z", "countryCode": "AU" }, "geometry": { "type": "Point", "coordinates": [ 145.664291, -16.755921 ] } },
{ "type": "Feature", "properties": { "decimalLatitude": -16.918551, "decimalLongitude": 145.778055, "eventDate": "2019-06-13T14:06:00Z", "countryCode": "AU" }, "geometry": { "type": "Point", "coordinates": [ 145.778055, -16.918551 ] } },
{ "type": "Feature", "properties": { "decimalLatitude": -16.825386, "decimalLongitude": 145.688346, "eventDate": "2019-06-26T14:39:00Z", "countryCode": "AU" }, "geometry": { "type": "Point", "coordinates": [ 145.688346, -16.825386 ] } },
{ "type": "Feature", "properties": { "decimalLatitude": -16.902836, "decimalLongitude": 145.748831, "eventDate": "2019-06-25T14:36:00Z", "countryCode": "AU" }, "geometry": { "type": "Point", "coordinates": [ 145.748831, -16.902836 ] } },
{ "type": "Feature", "properties": { "decimalLatitude": -16.95309, "decimalLongitude": 145.730004, "eventDate": "2019-07-04T16:23:00Z", "countryCode": "AU" }, "geometry": { "type": "Point", "coordinates": [ 145.730004, -16.95309 ] } },
{ "type": "Feature", "properties": { "decimalLatitude": -16.275477, "decimalLongitude": 145.47681, "eventDate": "2019-07-17T16:32:00Z", "countryCode": "AU" }, "geometry": { "type": "Point", "coordinates": [ 145.47681, -16.275477 ] } },
{ "type": "Feature", "properties": { "decimalLatitude": -16.939572, "decimalLongitude": 145.743723, "eventDate": "2019-07-12T07:01:00Z", "countryCode": "AU" }, "geometry": { "type": "Point", "coordinates": [ 145.743723, -16.939572 ] } },
{ "type": "Feature", "properties": { "decimalLatitude": -16.95309, "decimalLongitude": 145.730004, "eventDate": "2019-07-04T16:23:00Z", "countryCode": "AU" }, "geometry": { "type": "Point", "coordinates": [ 145.730004, -16.95309 ] } },
{ "type": "Feature", "properties": { "decimalLatitude": -16.782965, "decimalLongitude": 145.683097, "eventDate": "2019-07-17T10:06:00Z", "countryCode": "AU" }, "geometry": { "type": "Point", "coordinates": [ 145.683097, -16.782965 ] } },
{ "type": "Feature", "properties": { "decimalLatitude": -16.760718, "decimalLongitude": 145.669027, "eventDate": "2019-07-16T12:02:00Z", "countryCode": "AU" }, "geometry": { "type": "Point", "coordinates": [ 145.669027, -16.760718 ] } },
{ "type": "Feature", "properties": { "decimalLatitude": -17.15928, "decimalLongitude": 144.970647, "eventDate": "2019-07-01T08:39:00Z", "countryCode": "AU" }, "geometry": { "type": "Point", "coordinates": [ 144.970647, -17.15928 ] } },
{ "type": "Feature", "properties": { "decimalLatitude": -16.901192, "decimalLongitude": 145.749285, "eventDate": "2019-07-03T03:39:00Z", "countryCode": "AU" }, "geometry": { "type": "Point", "coordinates": [ 145.749285, -16.901192 ] } },
{ "type": "Feature", "properties": { "decimalLatitude": -17.559032, "decimalLongitude": 146.090405, "eventDate": "2019-07-10T17:29:00Z", "countryCode": "AU" }, "geometry": { "type": "Point", "coordinates": [ 146.090405, -17.559032 ] } },
{ "type": "Feature", "properties": { "decimalLatitude": -16.663974, "decimalLongitude": 145.253481, "eventDate": "2019-07-17T12:08:00Z", "countryCode": "AU" }, "geometry": { "type": "Point", "coordinates": [ 145.253481, -16.663974 ] } },
{ "type": "Feature", "properties": { "decimalLatitude": -16.803812, "decimalLongitude": 145.686781, "eventDate": "2019-07-05T10:31:00Z", "countryCode": "AU" }, "geometry": { "type": "Point", "coordinates": [ 145.686781, -16.803812 ] } },
{ "type": "Feature", "properties": { "decimalLatitude": -16.819904, "decimalLongitude": 145.695764, "eventDate": "2019-08-30T13:40:00Z", "countryCode": "AU" }, "geometry": { "type": "Point", "coordinates": [ 145.695764, -16.819904 ] } },
{ "type": "Feature", "properties": { "decimalLatitude": -16.795565, "decimalLongitude": 145.663559, "eventDate": "2019-08-02T14:17:00Z", "countryCode": "AU" }, "geometry": { "type": "Point", "coordinates": [ 145.663559, -16.795565 ] } },
{ "type": "Feature", "properties": { "decimalLatitude": -16.946025, "decimalLongitude": 145.766983, "eventDate": "2019-08-11T08:56:00Z", "countryCode": "AU" }, "geometry": { "type": "Point", "coordinates": [ 145.766983, -16.946025 ] } },
{ "type": "Feature", "properties": { "decimalLatitude": -16.766908, "decimalLongitude": 145.674653, "eventDate": "2019-08-11T15:52:00Z", "countryCode": "AU" }, "geometry": { "type": "Point", "coordinates": [ 145.674653, -16.766908 ] } },
{ "type": "Feature", "properties": { "decimalLatitude": -15.947634, "decimalLongitude": 145.318193, "eventDate": "2019-08-21T12:52:00Z", "countryCode": "AU" }, "geometry": { "type": "Point", "coordinates": [ 145.318193, -15.947634 ] } },
{ "type": "Feature", "properties": { "decimalLatitude": -16.49387, "decimalLongitude": 145.461299, "eventDate": "2019-08-16T17:32:00Z", "countryCode": "AU" }, "geometry": { "type": "Point", "coordinates": [ 145.461299, -16.49387 ] } },
{ "type": "Feature", "properties": { "decimalLatitude": -17.204907, "decimalLongitude": 145.679552, "eventDate": "2019-08-13T17:13:00Z", "countryCode": "AU" }, "geometry": { "type": "Point", "coordinates": [ 145.679552, -17.204907 ] } },
{ "type": "Feature", "properties": { "decimalLatitude": -17.550568, "decimalLongitude": 146.083863, "eventDate": "2019-08-12T01:15:00Z", "countryCode": "AU" }, "geometry": { "type": "Point", "coordinates": [ 146.083863, -17.550568 ] } },
{ "type": "Feature", "properties": { "decimalLatitude": -16.770056, "decimalLongitude": 145.688338, "eventDate": "2019-09-17T09:15:00Z", "countryCode": "AU" }, "geometry": { "type": "Point", "coordinates": [ 145.688338, -16.770056 ] } },
{ "type": "Feature", "properties": { "decimalLatitude": -16.586122, "decimalLongitude": 145.517595, "eventDate": "2019-09-10T12:11:16Z", "countryCode": "AU" }, "geometry": { "type": "Point", "coordinates": [ 145.517595, -16.586122 ] } },
{ "type": "Feature", "properties": { "decimalLatitude": -16.898875, "decimalLongitude": 145.747563, "eventDate": "2019-09-28T14:23:00Z", "countryCode": "AU" }, "geometry": { "type": "Point", "coordinates": [ 145.747563, -16.898875 ] } },
{ "type": "Feature", "properties": { "decimalLatitude": -16.898439, "decimalLongitude": 145.752539, "eventDate": "2019-09-04T08:53:00Z", "countryCode": "AU" }, "geometry": { "type": "Point", "coordinates": [ 145.752539, -16.898439 ] } },
{ "type": "Feature", "properties": { "decimalLatitude": -17.273455, "decimalLongitude": 145.580048, "eventDate": "2019-09-09T00:00:00Z", "countryCode": "AU" }, "geometry": { "type": "Point", "coordinates": [ 145.580048, -17.273455 ] } },
{ "type": "Feature", "properties": { "decimalLatitude": -17.295902, "decimalLongitude": 145.635376, "eventDate": "2019-09-09T00:00:00Z", "countryCode": "AU" }, "geometry": { "type": "Point", "coordinates": [ 145.635376, -17.295902 ] } },
{ "type": "Feature", "properties": { "decimalLatitude": -16.758251, "decimalLongitude": 145.669342, "eventDate": "2019-11-05T14:15:00Z", "countryCode": "AU" }, "geometry": { "type": "Point", "coordinates": [ 145.669342, -16.758251 ] } },
{ "type": "Feature", "properties": { "decimalLatitude": -17.028639, "decimalLongitude": 145.718895, "eventDate": "2019-11-10T23:42:00Z", "countryCode": "AU" }, "geometry": { "type": "Point", "coordinates": [ 145.718895, -17.028639 ] } },
{ "type": "Feature", "properties": { "decimalLatitude": -17.598464, "decimalLongitude": 145.75857, "eventDate": "2019-11-18T15:43:00Z", "countryCode": "AU" }, "geometry": { "type": "Point", "coordinates": [ 145.75857, -17.598464 ] } },
{ "type": "Feature", "properties": { "decimalLatitude": -17.432332, "decimalLongitude": 145.859511, "eventDate": "2019-11-25T08:57:00Z", "countryCode": "AU" }, "geometry": { "type": "Point", "coordinates": [ 145.859511, -17.432332 ] } },
{ "type": "Feature", "properties": { "decimalLatitude": -10.69179, "decimalLongitude": 142.532753, "eventDate": "2019-12-20T06:36:00Z", "countryCode": "AU" }, "geometry": { "type": "Point", "coordinates": [ 142.532753, -10.69179 ] } },
{ "type": "Feature", "properties": { "decimalLatitude": -20.271085, "decimalLongitude": 148.69421, "eventDate": "2019-12-14T14:48:15Z", "countryCode": "AU" }, "geometry": { "type": "Point", "coordinates": [ 148.69421, -20.271085 ] } },
{ "type": "Feature", "properties": { "decimalLatitude": -17.518103, "decimalLongitude": 145.989747, "eventDate": "2020-01-19T09:25:00Z", "countryCode": "AU" }, "geometry": { "type": "Point", "coordinates": [ 145.989747, -17.518103 ] } },
{ "type": "Feature", "properties": { "decimalLatitude": -17.654941, "decimalLongitude": 145.956866, "eventDate": "2020-01-24T12:01:00Z", "countryCode": "AU" }, "geometry": { "type": "Point", "coordinates": [ 145.956866, -17.654941 ] } },
{ "type": "Feature", "properties": { "decimalLatitude": -16.898955, "decimalLongitude": 145.749008, "eventDate": "2020-02-14T14:31:30Z", "countryCode": "AU" }, "geometry": { "type": "Point", "coordinates": [ 145.749008, -16.898955 ] } },
{ "type": "Feature", "properties": { "decimalLatitude": -17.342047, "decimalLongitude": 145.8703, "eventDate": "2020-02-13T14:16:00Z", "countryCode": "AU" }, "geometry": { "type": "Point", "coordinates": [ 145.8703, -17.342047 ] } },
{ "type": "Feature", "properties": { "decimalLatitude": -17.341488, "decimalLongitude": 145.869293, "eventDate": "2020-02-08T12:59:00Z", "countryCode": "AU" }, "geometry": { "type": "Point", "coordinates": [ 145.869293, -17.341488 ] } },
{ "type": "Feature", "properties": { "decimalLatitude": -21.158611, "decimalLongitude": 149.159729, "eventDate": "2020-03-24T14:44:00Z", "countryCode": "AU" }, "geometry": { "type": "Point", "coordinates": [ 149.159729, -21.158611 ] } },
{ "type": "Feature", "properties": { "decimalLatitude": -17.342191, "decimalLongitude": 145.869313, "eventDate": "2020-03-13T00:43:45Z", "countryCode": "AU" }, "geometry": { "type": "Point", "coordinates": [ 145.869313, -17.342191 ] } },
{ "type": "Feature", "properties": { "decimalLatitude": -17.107133, "decimalLongitude": 145.792756, "eventDate": "2020-03-21T11:10:00Z", "countryCode": "AU" }, "geometry": { "type": "Point", "coordinates": [ 145.792756, -17.107133 ] } },
{ "type": "Feature", "properties": { "decimalLatitude": -21.158333, "decimalLongitude": 149.159729, "eventDate": "2020-04-29T15:44:00Z", "countryCode": "AU" }, "geometry": { "type": "Point", "coordinates": [ 149.159729, -21.158333 ] } },
{ "type": "Feature", "properties": { "decimalLatitude": -16.809808, "decimalLongitude": 145.727737, "eventDate": "2020-05-16T16:45:36Z", "countryCode": "AU" }, "geometry": { "type": "Point", "coordinates": [ 145.727737, -16.809808 ] } },
{ "type": "Feature", "properties": { "decimalLatitude": -17.435064, "decimalLongitude": 145.857686, "eventDate": "2020-09-24T11:37:00Z", "countryCode": "AU" }, "geometry": { "type": "Point", "coordinates": [ 145.857686, -17.435064 ] } },
{ "type": "Feature", "properties": { "decimalLatitude": -12.71, "decimalLongitude": 143.2925, "eventDate": "2020-10-14T07:38:00Z", "countryCode": "AU" }, "geometry": { "type": "Point", "coordinates": [ 143.2925, -12.71 ] } },
{ "type": "Feature", "properties": { "decimalLatitude": -16.899996, "decimalLongitude": 145.748038, "eventDate": "2020-10-14T04:14:00Z", "countryCode": "AU" }, "geometry": { "type": "Point", "coordinates": [ 145.748038, -16.899996 ] } },
{ "type": "Feature", "properties": { "decimalLatitude": -21.15746, "decimalLongitude": 149.159014, "eventDate": "2020-10-13T10:50:00Z", "countryCode": "AU" }, "geometry": { "type": "Point", "coordinates": [ 149.159014, -21.15746 ] } },
{ "type": "Feature", "properties": { "decimalLatitude": -17.341488, "decimalLongitude": 145.869293, "eventDate": "2020-11-06T14:52:00Z", "countryCode": "AU" }, "geometry": { "type": "Point", "coordinates": [ 145.869293, -17.341488 ] } },
{ "type": "Feature", "properties": { "decimalLatitude": -21.157369, "decimalLongitude": 149.159001, "eventDate": "2020-12-04T09:29:00Z", "countryCode": "AU" }, "geometry": { "type": "Point", "coordinates": [ 149.159001, -21.157369 ] } },
{ "type": "Feature", "properties": { "decimalLatitude": -17.43468, "decimalLongitude": 145.859603, "eventDate": "2020-12-22T11:31:47Z", "countryCode": "AU" }, "geometry": { "type": "Point", "coordinates": [ 145.859603, -17.43468 ] } },
{ "type": "Feature", "properties": { "decimalLatitude": -17.295988, "decimalLongitude": 145.635914, "eventDate": "2020-12-18T14:49:25Z", "countryCode": "AU" }, "geometry": { "type": "Point", "coordinates": [ 145.635914, -17.295988 ] } },
{ "type": "Feature", "properties": { "decimalLatitude": -17.51634, "decimalLongitude": 146.018711, "eventDate": "2020-12-30T11:09:00Z", "countryCode": "AU" }, "geometry": { "type": "Point", "coordinates": [ 146.018711, -17.51634 ] } },
{ "type": "Feature", "properties": { "decimalLatitude": -17.517644, "decimalLongitude": 146.022162, "eventDate": "2020-12-30T15:48:00Z", "countryCode": "AU" }, "geometry": { "type": "Point", "coordinates": [ 146.022162, -17.517644 ] } },
{ "type": "Feature", "properties": { "decimalLatitude": -17.439912, "decimalLongitude": 145.932362, "eventDate": "2021-01-08T11:14:00Z", "countryCode": "AU" }, "geometry": { "type": "Point", "coordinates": [ 145.932362, -17.439912 ] } },
{ "type": "Feature", "properties": { "decimalLatitude": -16.898718, "decimalLongitude": 145.747903, "eventDate": "2021-01-15T15:08:00Z", "countryCode": "AU" }, "geometry": { "type": "Point", "coordinates": [ 145.747903, -16.898718 ] } },
{ "type": "Feature", "properties": { "decimalLatitude": -21.133993, "decimalLongitude": 148.528438, "eventDate": "2021-01-05T00:00:00Z", "countryCode": "AU" }, "geometry": { "type": "Point", "coordinates": [ 148.528438, -21.133993 ] } },
{ "type": "Feature", "properties": { "decimalLatitude": -21.3, "decimalLongitude": 149.2, "eventDate": "2021-02-17T15:41:00Z", "countryCode": "AU" }, "geometry": { "type": "Point", "coordinates": [ 149.2, -21.3 ] } },
{ "type": "Feature", "properties": { "decimalLatitude": -17.2, "decimalLongitude": 145.7, "eventDate": "2021-02-24T11:22:00Z", "countryCode": "AU" }, "geometry": { "type": "Point", "coordinates": [ 145.7, -17.2 ] } },
{ "type": "Feature", "properties": { "decimalLatitude": -21.158261, "decimalLongitude": 149.159322, "eventDate": "2021-02-14T11:11:00Z", "countryCode": "AU" }, "geometry": { "type": "Point", "coordinates": [ 149.159322, -21.158261 ] } },
{ "type": "Feature", "properties": { "decimalLatitude": -21.2, "decimalLongitude": 149.2, "eventDate": "2021-02-03T15:45:52Z", "countryCode": "AU" }, "geometry": { "type": "Point", "coordinates": [ 149.2, -21.2 ] } },
{ "type": "Feature", "properties": { "decimalLatitude": -16.545835, "decimalLongitude": 145.383015, "eventDate": "2021-03-10T15:09:00Z", "countryCode": "AU" }, "geometry": { "type": "Point", "coordinates": [ 145.383015, -16.545835 ] } },
{ "type": "Feature", "properties": { "decimalLatitude": -21.2, "decimalLongitude": 149.2, "eventDate": "2021-03-11T00:03:00Z", "countryCode": "AU" }, "geometry": { "type": "Point", "coordinates": [ 149.2, -21.2 ] } },
{ "type": "Feature", "properties": { "decimalLatitude": -17.398447, "decimalLongitude": 145.910424, "eventDate": "2021-03-06T10:38:00Z", "countryCode": "AU" }, "geometry": { "type": "Point", "coordinates": [ 145.910424, -17.398447 ] } },
{ "type": "Feature", "properties": { "decimalLatitude": -16.920348, "decimalLongitude": 145.770953, "eventDate": "2021-03-30T22:58:00Z", "countryCode": "AU" }, "geometry": { "type": "Point", "coordinates": [ 145.770953, -16.920348 ] } },
{ "type": "Feature", "properties": { "decimalLatitude": -16.545832, "decimalLongitude": 145.382936, "eventDate": "2021-03-09T19:35:00Z", "countryCode": "AU" }, "geometry": { "type": "Point", "coordinates": [ 145.382936, -16.545832 ] } },
{ "type": "Feature", "properties": { "decimalLatitude": -17.652755, "decimalLongitude": 145.956617, "eventDate": "2021-03-18T11:13:23Z", "countryCode": "AU" }, "geometry": { "type": "Point", "coordinates": [ 145.956617, -17.652755 ] } },
{ "type": "Feature", "properties": { "decimalLatitude": -21.142177, "decimalLongitude": 149.182147, "eventDate": "2021-04-06T12:50:52Z", "countryCode": "AU" }, "geometry": { "type": "Point", "coordinates": [ 149.182147, -21.142177 ] } },
{ "type": "Feature", "properties": { "decimalLatitude": -16.781225, "decimalLongitude": 145.686301, "eventDate": "2021-05-02T10:07:00Z", "countryCode": "AU" }, "geometry": { "type": "Point", "coordinates": [ 145.686301, -16.781225 ] } },
{ "type": "Feature", "properties": { "decimalLatitude": -16.7, "decimalLongitude": 145.3, "eventDate": "2021-05-01T12:29:00Z", "countryCode": "AU" }, "geometry": { "type": "Point", "coordinates": [ 145.3, -16.7 ] } },
{ "type": "Feature", "properties": { "decimalLatitude": -16.798337, "decimalLongitude": 145.547897, "eventDate": "2021-05-04T16:59:45Z", "countryCode": "AU" }, "geometry": { "type": "Point", "coordinates": [ 145.547897, -16.798337 ] } },
{ "type": "Feature", "properties": { "decimalLatitude": -17.328178, "decimalLongitude": 145.619719, "eventDate": "2021-05-28T12:22:00Z", "countryCode": "AU" }, "geometry": { "type": "Point", "coordinates": [ 145.619719, -17.328178 ] } },
{ "type": "Feature", "properties": { "decimalLatitude": -16.82885, "decimalLongitude": 145.62633, "eventDate": "2021-05-10T09:49:00Z", "countryCode": "AU" }, "geometry": { "type": "Point", "coordinates": [ 145.62633, -16.82885 ] } },
{ "type": "Feature", "properties": { "decimalLatitude": -16.875052, "decimalLongitude": 145.731967, "eventDate": "2021-07-06T13:38:06Z", "countryCode": "AU" }, "geometry": { "type": "Point", "coordinates": [ 145.731967, -16.875052 ] } },
{ "type": "Feature", "properties": { "decimalLatitude": -16.920352, "decimalLongitude": 145.777425, "eventDate": "2021-07-17T08:40:08Z", "countryCode": "AU" }, "geometry": { "type": "Point", "coordinates": [ 145.777425, -16.920352 ] } },
{ "type": "Feature", "properties": { "decimalLatitude": -21.15823, "decimalLongitude": 149.159592, "eventDate": "2021-07-27T07:22:09Z", "countryCode": "AU" }, "geometry": { "type": "Point", "coordinates": [ 149.159592, -21.15823 ] } },
{ "type": "Feature", "properties": { "decimalLatitude": -16.910262, "decimalLongitude": 145.763652, "eventDate": "2021-07-10T17:22:00Z", "countryCode": "AU" }, "geometry": { "type": "Point", "coordinates": [ 145.763652, -16.910262 ] } },
{ "type": "Feature", "properties": { "decimalLatitude": -16.919223, "decimalLongitude": 145.776727, "eventDate": "2021-07-10T12:27:00Z", "countryCode": "AU" }, "geometry": { "type": "Point", "coordinates": [ 145.776727, -16.919223 ] } },
{ "type": "Feature", "properties": { "decimalLatitude": -16.917786, "decimalLongitude": 145.776808, "eventDate": "2021-07-10T13:50:00Z", "countryCode": "AU" }, "geometry": { "type": "Point", "coordinates": [ 145.776808, -16.917786 ] } },
{ "type": "Feature", "properties": { "decimalLatitude": -16.908106, "decimalLongitude": 145.761696, "eventDate": "2021-07-11T12:46:00Z", "countryCode": "AU" }, "geometry": { "type": "Point", "coordinates": [ 145.761696, -16.908106 ] } },
{ "type": "Feature", "properties": { "decimalLatitude": -17.344638, "decimalLongitude": 145.872192, "eventDate": "2021-07-06T14:39:03Z", "countryCode": "AU" }, "geometry": { "type": "Point", "coordinates": [ 145.872192, -17.344638 ] } },
{ "type": "Feature", "properties": { "decimalLatitude": -17.312603, "decimalLongitude": 145.963489, "eventDate": "2021-07-05T11:12:53Z", "countryCode": "AU" }, "geometry": { "type": "Point", "coordinates": [ 145.963489, -17.312603 ] } },
{ "type": "Feature", "properties": { "decimalLatitude": -17.510036, "decimalLongitude": 146.063591, "eventDate": "2021-08-15T13:19:58Z", "countryCode": "AU" }, "geometry": { "type": "Point", "coordinates": [ 146.063591, -17.510036 ] } },
{ "type": "Feature", "properties": { "decimalLatitude": -17.395149, "decimalLongitude": 145.720056, "eventDate": "2021-09-27T09:43:00Z", "countryCode": "AU" }, "geometry": { "type": "Point", "coordinates": [ 145.720056, -17.395149 ] } },
{ "type": "Feature", "properties": { "decimalLatitude": -16.898406, "decimalLongitude": 145.747078, "eventDate": "2021-09-13T13:38:00Z", "countryCode": "AU" }, "geometry": { "type": "Point", "coordinates": [ 145.747078, -16.898406 ] } },
{ "type": "Feature", "properties": { "decimalLatitude": -17.183395, "decimalLongitude": 145.886213, "eventDate": "2021-09-11T09:22:08Z", "countryCode": "AU" }, "geometry": { "type": "Point", "coordinates": [ 145.886213, -17.183395 ] } },
{ "type": "Feature", "properties": { "decimalLatitude": -17.395149, "decimalLongitude": 145.720056, "eventDate": "2021-10-13T08:13:00Z", "countryCode": "AU" }, "geometry": { "type": "Point", "coordinates": [ 145.720056, -17.395149 ] } },
{ "type": "Feature", "properties": { "decimalLatitude": -16.898638, "decimalLongitude": 145.74798, "eventDate": "2021-10-30T09:48:51Z", "countryCode": "AU" }, "geometry": { "type": "Point", "coordinates": [ 145.74798, -16.898638 ] } },
{ "type": "Feature", "properties": { "decimalLatitude": -16.89945, "decimalLongitude": 145.746822, "eventDate": "2021-10-25T15:55:00Z", "countryCode": "AU" }, "geometry": { "type": "Point", "coordinates": [ 145.746822, -16.89945 ] } },
{ "type": "Feature", "properties": { "decimalLatitude": -16.7, "decimalLongitude": 146.0, "eventDate": "2021-10-17T17:31:00Z", "countryCode": "AU" }, "geometry": { "type": "Point", "coordinates": [ 146.0, -16.7 ] } },
{ "type": "Feature", "properties": { "decimalLatitude": -21.158522, "decimalLongitude": 149.159789, "eventDate": "2021-10-22T09:50:31Z", "countryCode": "AU" }, "geometry": { "type": "Point", "coordinates": [ 149.159789, -21.158522 ] } },
{ "type": "Feature", "properties": { "decimalLatitude": -16.899719, "decimalLongitude": 145.750712, "eventDate": "2021-11-24T10:19:00Z", "countryCode": "AU" }, "geometry": { "type": "Point", "coordinates": [ 145.750712, -16.899719 ] } },
{ "type": "Feature", "properties": { "decimalLatitude": -21.2, "decimalLongitude": 149.2, "eventDate": "2021-11-24T15:49:00Z", "countryCode": "AU" }, "geometry": { "type": "Point", "coordinates": [ 149.2, -21.2 ] } },
{ "type": "Feature", "properties": { "decimalLatitude": -21.3, "decimalLongitude": 149.1, "eventDate": "2021-11-24T15:36:00Z", "countryCode": "AU" }, "geometry": { "type": "Point", "coordinates": [ 149.1, -21.3 ] } },
{ "type": "Feature", "properties": { "decimalLatitude": -16.899976, "decimalLongitude": 145.749208, "eventDate": "2021-12-12T15:43:00Z", "countryCode": "AU" }, "geometry": { "type": "Point", "coordinates": [ 145.749208, -16.899976 ] } },
{ "type": "Feature", "properties": { "decimalLatitude": -12.730561, "decimalLongitude": 143.265067, "eventDate": "2021-12-14T17:04:00Z", "countryCode": "AU" }, "geometry": { "type": "Point", "coordinates": [ 143.265067, -12.730561 ] } },
{ "type": "Feature", "properties": { "decimalLatitude": -17.359832, "decimalLongitude": 145.328989, "eventDate": "2021-12-19T08:24:00Z", "countryCode": "AU" }, "geometry": { "type": "Point", "coordinates": [ 145.328989, -17.359832 ] } },
{ "type": "Feature", "properties": { "decimalLatitude": -17.3, "decimalLongitude": 145.5, "eventDate": "2021-12-18T10:49:57Z", "countryCode": "AU" }, "geometry": { "type": "Point", "coordinates": [ 145.5, -17.3 ] } },
{ "type": "Feature", "properties": { "decimalLatitude": -17.174427, "decimalLongitude": 145.832524, "eventDate": "2021-12-23T11:10:00Z", "countryCode": "AU" }, "geometry": { "type": "Point", "coordinates": [ 145.832524, -17.174427 ] } },
{ "type": "Feature", "properties": { "decimalLatitude": -12.709341, "decimalLongitude": 143.264852, "eventDate": "2021-12-25T08:26:00Z", "countryCode": "AU" }, "geometry": { "type": "Point", "coordinates": [ 143.264852, -12.709341 ] } },
{ "type": "Feature", "properties": { "decimalLatitude": -21.158211, "decimalLongitude": 149.157904, "eventDate": "2021-12-26T10:29:00Z", "countryCode": "AU" }, "geometry": { "type": "Point", "coordinates": [ 149.157904, -21.158211 ] } },
{ "type": "Feature", "properties": { "decimalLatitude": -17.265464, "decimalLongitude": 145.471743, "eventDate": "2021-12-10T08:08:00Z", "countryCode": "AU" }, "geometry": { "type": "Point", "coordinates": [ 145.471743, -17.265464 ] } },
{ "type": "Feature", "properties": { "decimalLatitude": -17.299106, "decimalLongitude": 145.476321, "eventDate": "2022-01-04T12:10:20Z", "countryCode": "AU" }, "geometry": { "type": "Point", "coordinates": [ 145.476321, -17.299106 ] } },
{ "type": "Feature", "properties": { "decimalLatitude": -17.891183, "decimalLongitude": 146.094567, "eventDate": "2022-01-04T07:05:28Z", "countryCode": "AU" }, "geometry": { "type": "Point", "coordinates": [ 146.094567, -17.891183 ] } },
{ "type": "Feature", "properties": { "decimalLatitude": -16.898862, "decimalLongitude": 145.746978, "eventDate": "2022-01-07T14:20:16Z", "countryCode": "AU" }, "geometry": { "type": "Point", "coordinates": [ 145.746978, -16.898862 ] } },
{ "type": "Feature", "properties": { "decimalLatitude": -17.4347, "decimalLongitude": 145.8597, "eventDate": "2022-01-03T11:39:00Z", "countryCode": "AU" }, "geometry": { "type": "Point", "coordinates": [ 145.8597, -17.4347 ] } },
{ "type": "Feature", "properties": { "decimalLatitude": -17.270789, "decimalLongitude": 145.583031, "eventDate": "2022-02-07T16:22:00Z", "countryCode": "AU" }, "geometry": { "type": "Point", "coordinates": [ 145.583031, -17.270789 ] } },
{ "type": "Feature", "properties": { "decimalLatitude": -17.270789, "decimalLongitude": 145.583031, "eventDate": "2022-02-07T16:21:00Z", "countryCode": "AU" }, "geometry": { "type": "Point", "coordinates": [ 145.583031, -17.270789 ] } },
{ "type": "Feature", "properties": { "decimalLatitude": -16.900236, "decimalLongitude": 145.74909, "eventDate": "2022-02-19T16:23:53Z", "countryCode": "AU" }, "geometry": { "type": "Point", "coordinates": [ 145.74909, -16.900236 ] } },
{ "type": "Feature", "properties": { "decimalLatitude": -16.898632, "decimalLongitude": 145.748241, "eventDate": "2022-02-21T22:03:22Z", "countryCode": "AU" }, "geometry": { "type": "Point", "coordinates": [ 145.748241, -16.898632 ] } },
{ "type": "Feature", "properties": { "decimalLatitude": -17.271724, "decimalLongitude": 145.580245, "eventDate": "2022-02-13T17:03:57Z", "countryCode": "AU" }, "geometry": { "type": "Point", "coordinates": [ 145.580245, -17.271724 ] } },
{ "type": "Feature", "properties": { "decimalLatitude": -17.413672, "decimalLongitude": 145.980489, "eventDate": "2022-03-12T11:43:00Z", "countryCode": "AU" }, "geometry": { "type": "Point", "coordinates": [ 145.980489, -17.413672 ] } },
{ "type": "Feature", "properties": { "decimalLatitude": -17.261424, "decimalLongitude": 145.477094, "eventDate": "2022-03-20T06:10:00Z", "countryCode": "AU" }, "geometry": { "type": "Point", "coordinates": [ 145.477094, -17.261424 ] } },
{ "type": "Feature", "properties": { "decimalLatitude": -16.899313, "decimalLongitude": 145.74691, "eventDate": "2022-05-06T11:38:41Z", "countryCode": "AU" }, "geometry": { "type": "Point", "coordinates": [ 145.74691, -16.899313 ] } },
{ "type": "Feature", "properties": { "decimalLatitude": -17.26801, "decimalLongitude": 145.591864, "eventDate": "2022-05-12T16:14:39Z", "countryCode": "AU" }, "geometry": { "type": "Point", "coordinates": [ 145.591864, -17.26801 ] } },
{ "type": "Feature", "properties": { "decimalLatitude": -17.265147, "decimalLongitude": 145.580292, "eventDate": "2022-06-30T17:25:26Z", "countryCode": "AU" }, "geometry": { "type": "Point", "coordinates": [ 145.580292, -17.265147 ] } },
{ "type": "Feature", "properties": { "decimalLatitude": -21.14544, "decimalLongitude": 149.156493, "eventDate": "2022-06-25T00:00:00Z", "countryCode": "AU" }, "geometry": { "type": "Point", "coordinates": [ 149.156493, -21.14544 ] } },
{ "type": "Feature", "properties": { "decimalLatitude": -21.157088, "decimalLongitude": 149.158906, "eventDate": "2022-06-20T11:54:00Z", "countryCode": "AU" }, "geometry": { "type": "Point", "coordinates": [ 149.158906, -21.157088 ] } },
{ "type": "Feature", "properties": { "decimalLatitude": -16.884625, "decimalLongitude": 145.621468, "eventDate": "2022-07-10T11:14:43Z", "countryCode": "AU" }, "geometry": { "type": "Point", "coordinates": [ 145.621468, -16.884625 ] } },
{ "type": "Feature", "properties": { "decimalLatitude": -12.669211, "decimalLongitude": 143.310337, "eventDate": "2022-07-23T09:56:29Z", "countryCode": "AU" }, "geometry": { "type": "Point", "coordinates": [ 143.310337, -12.669211 ] } },
{ "type": "Feature", "properties": { "decimalLatitude": -17.148719, "decimalLongitude": 145.825104, "eventDate": "2022-07-17T19:22:00Z", "countryCode": "AU" }, "geometry": { "type": "Point", "coordinates": [ 145.825104, -17.148719 ] } },
{ "type": "Feature", "properties": { "decimalLatitude": -16.898678, "decimalLongitude": 145.750074, "eventDate": "2022-07-28T18:09:00Z", "countryCode": "AU" }, "geometry": { "type": "Point", "coordinates": [ 145.750074, -16.898678 ] } },
{ "type": "Feature", "properties": { "decimalLatitude": -12.724742, "decimalLongitude": 143.268967, "eventDate": "2022-07-30T10:30:35Z", "countryCode": "AU" }, "geometry": { "type": "Point", "coordinates": [ 143.268967, -12.724742 ] } },
{ "type": "Feature", "properties": { "decimalLatitude": -16.816799, "decimalLongitude": 145.688905, "eventDate": "2022-08-31T20:23:04Z", "countryCode": "AU" }, "geometry": { "type": "Point", "coordinates": [ 145.688905, -16.816799 ] } },
{ "type": "Feature", "properties": { "decimalLatitude": -16.9, "decimalLongitude": 145.8, "eventDate": "2022-08-29T13:43:00Z", "countryCode": "AU" }, "geometry": { "type": "Point", "coordinates": [ 145.8, -16.9 ] } },
{ "type": "Feature", "properties": { "decimalLatitude": -17.229307, "decimalLongitude": 145.970348, "eventDate": "2022-08-10T14:15:43Z", "countryCode": "AU" }, "geometry": { "type": "Point", "coordinates": [ 145.970348, -17.229307 ] } },
{ "type": "Feature", "properties": { "decimalLatitude": -16.133569, "decimalLongitude": 145.452622, "eventDate": "2022-09-11T11:15:55Z", "countryCode": "AU" }, "geometry": { "type": "Point", "coordinates": [ 145.452622, -16.133569 ] } },
{ "type": "Feature", "properties": { "decimalLatitude": -16.919836, "decimalLongitude": 145.770953, "eventDate": "2022-09-08T06:20:28Z", "countryCode": "AU" }, "geometry": { "type": "Point", "coordinates": [ 145.770953, -16.919836 ] } },
{ "type": "Feature", "properties": { "decimalLatitude": -16.917869, "decimalLongitude": 145.77823, "eventDate": "2022-09-04T07:31:00Z", "countryCode": "AU" }, "geometry": { "type": "Point", "coordinates": [ 145.77823, -16.917869 ] } },
{ "type": "Feature", "properties": { "decimalLatitude": -16.918245, "decimalLongitude": 145.77681, "eventDate": "2022-09-04T07:27:00Z", "countryCode": "AU" }, "geometry": { "type": "Point", "coordinates": [ 145.77681, -16.918245 ] } },
{ "type": "Feature", "properties": { "decimalLatitude": -16.9028, "decimalLongitude": 145.751256, "eventDate": "2022-09-29T08:52:00Z", "countryCode": "AU" }, "geometry": { "type": "Point", "coordinates": [ 145.751256, -16.9028 ] } },
{ "type": "Feature", "properties": { "decimalLatitude": -17.343618, "decimalLongitude": 145.872125, "eventDate": "2022-09-09T20:11:00Z", "countryCode": "AU" }, "geometry": { "type": "Point", "coordinates": [ 145.872125, -17.343618 ] } },
{ "type": "Feature", "properties": { "decimalLatitude": -22.103707, "decimalLongitude": 144.084792, "eventDate": "2022-09-05T14:44:20Z", "countryCode": "AU" }, "geometry": { "type": "Point", "coordinates": [ 144.084792, -22.103707 ] } },
{ "type": "Feature", "properties": { "decimalLatitude": -17.586528, "decimalLongitude": 145.749253, "eventDate": "2022-10-24T11:04:01Z", "countryCode": "AU" }, "geometry": { "type": "Point", "coordinates": [ 145.749253, -17.586528 ] } },
{ "type": "Feature", "properties": { "decimalLatitude": -17.342275, "decimalLongitude": 145.869769, "eventDate": "2022-10-19T12:00:00Z", "countryCode": "AU" }, "geometry": { "type": "Point", "coordinates": [ 145.869769, -17.342275 ] } },
{ "type": "Feature", "properties": { "decimalLatitude": -17.437195, "decimalLongitude": 145.859512, "eventDate": "2022-10-30T12:56:06Z", "countryCode": "AU" }, "geometry": { "type": "Point", "coordinates": [ 145.859512, -17.437195 ] } },
{ "type": "Feature", "properties": { "decimalLatitude": -16.500504, "decimalLongitude": 145.46556, "eventDate": "2022-10-29T13:19:57Z", "countryCode": "AU" }, "geometry": { "type": "Point", "coordinates": [ 145.46556, -16.500504 ] } },
{ "type": "Feature", "properties": { "decimalLatitude": -17.35138, "decimalLongitude": 146.021471, "eventDate": "2022-10-29T08:21:00Z", "countryCode": "AU" }, "geometry": { "type": "Point", "coordinates": [ 146.021471, -17.35138 ] } },
{ "type": "Feature", "properties": { "decimalLatitude": -16.889171, "decimalLongitude": 145.686127, "eventDate": "2022-10-29T17:55:00Z", "countryCode": "AU" }, "geometry": { "type": "Point", "coordinates": [ 145.686127, -16.889171 ] } },
{ "type": "Feature", "properties": { "decimalLatitude": -16.903277, "decimalLongitude": 145.749769, "eventDate": "2022-10-31T09:58:00Z", "countryCode": "AU" }, "geometry": { "type": "Point", "coordinates": [ 145.749769, -16.903277 ] } },
{ "type": "Feature", "properties": { "decimalLatitude": -16.900549, "decimalLongitude": 145.748642, "eventDate": "2022-10-31T00:00:00Z", "countryCode": "AU" }, "geometry": { "type": "Point", "coordinates": [ 145.748642, -16.900549 ] } },
{ "type": "Feature", "properties": { "decimalLatitude": -17.51487, "decimalLongitude": 146.035534, "eventDate": "2022-10-24T10:45:00Z", "countryCode": "AU" }, "geometry": { "type": "Point", "coordinates": [ 146.035534, -17.51487 ] } },
{ "type": "Feature", "properties": { "decimalLatitude": -16.469642, "decimalLongitude": 145.346661, "eventDate": "2022-11-07T08:42:33Z", "countryCode": "AU" }, "geometry": { "type": "Point", "coordinates": [ 145.346661, -16.469642 ] } },
{ "type": "Feature", "properties": { "decimalLatitude": -17.030052, "decimalLongitude": 145.720815, "eventDate": "2022-11-10T12:29:41Z", "countryCode": "AU" }, "geometry": { "type": "Point", "coordinates": [ 145.720815, -17.030052 ] } },
{ "type": "Feature", "properties": { "decimalLatitude": -17.61025, "decimalLongitude": 145.799775, "eventDate": "2022-11-13T15:35:13Z", "countryCode": "AU" }, "geometry": { "type": "Point", "coordinates": [ 145.799775, -17.61025 ] } },
{ "type": "Feature", "properties": { "decimalLatitude": -17.271929, "decimalLongitude": 145.579639, "eventDate": "2022-11-13T19:57:07Z", "countryCode": "AU" }, "geometry": { "type": "Point", "coordinates": [ 145.579639, -17.271929 ] } },
{ "type": "Feature", "properties": { "decimalLatitude": -17.61277, "decimalLongitude": 145.798063, "eventDate": "2022-11-13T14:56:28Z", "countryCode": "AU" }, "geometry": { "type": "Point", "coordinates": [ 145.798063, -17.61277 ] } },
{ "type": "Feature", "properties": { "decimalLatitude": -16.899226, "decimalLongitude": 145.747557, "eventDate": "2022-11-24T11:56:00Z", "countryCode": "AU" }, "geometry": { "type": "Point", "coordinates": [ 145.747557, -16.899226 ] } },
{ "type": "Feature", "properties": { "decimalLatitude": -17.434783, "decimalLongitude": 145.859639, "eventDate": "2022-11-02T12:17:00Z", "countryCode": "AU" }, "geometry": { "type": "Point", "coordinates": [ 145.859639, -17.434783 ] } },
{ "type": "Feature", "properties": { "decimalLatitude": -17.586001, "decimalLongitude": 145.74922, "eventDate": "2022-11-28T04:53:00Z", "countryCode": "AU" }, "geometry": { "type": "Point", "coordinates": [ 145.74922, -17.586001 ] } },
{ "type": "Feature", "properties": { "decimalLatitude": -17.295466, "decimalLongitude": 145.635107, "eventDate": "2022-11-29T14:44:46Z", "countryCode": "AU" }, "geometry": { "type": "Point", "coordinates": [ 145.635107, -17.295466 ] } },
{ "type": "Feature", "properties": { "decimalLatitude": -16.899153, "decimalLongitude": 145.746651, "eventDate": "2022-11-28T11:12:20Z", "countryCode": "AU" }, "geometry": { "type": "Point", "coordinates": [ 145.746651, -16.899153 ] } },
{ "type": "Feature", "properties": { "decimalLatitude": -16.899254, "decimalLongitude": 145.7472, "eventDate": "2022-11-28T11:22:45Z", "countryCode": "AU" }, "geometry": { "type": "Point", "coordinates": [ 145.7472, -16.899254 ] } },
{ "type": "Feature", "properties": { "decimalLatitude": -16.899602, "decimalLongitude": 145.746695, "eventDate": "2022-11-28T11:20:41Z", "countryCode": "AU" }, "geometry": { "type": "Point", "coordinates": [ 145.746695, -16.899602 ] } },
{ "type": "Feature", "properties": { "decimalLatitude": -17.43495, "decimalLongitude": 145.859525, "eventDate": "2022-11-24T07:47:00Z", "countryCode": "AU" }, "geometry": { "type": "Point", "coordinates": [ 145.859525, -17.43495 ] } },
{ "type": "Feature", "properties": { "decimalLatitude": -16.880526, "decimalLongitude": 145.716944, "eventDate": "2022-11-14T08:01:00Z", "countryCode": "AU" }, "geometry": { "type": "Point", "coordinates": [ 145.716944, -16.880526 ] } },
{ "type": "Feature", "properties": { "decimalLatitude": -17.343533, "decimalLongitude": 145.919709, "eventDate": "2022-11-08T10:41:21Z", "countryCode": "AU" }, "geometry": { "type": "Point", "coordinates": [ 145.919709, -17.343533 ] } },
{ "type": "Feature", "properties": { "decimalLatitude": -17.436992, "decimalLongitude": 145.859512, "eventDate": "2022-11-21T11:27:16Z", "countryCode": "AU" }, "geometry": { "type": "Point", "coordinates": [ 145.859512, -17.436992 ] } },
{ "type": "Feature", "properties": { "decimalLatitude": -17.170358, "decimalLongitude": 145.688395, "eventDate": "2022-12-12T10:33:00Z", "countryCode": "AU" }, "geometry": { "type": "Point", "coordinates": [ 145.688395, -17.170358 ] } },
{ "type": "Feature", "properties": { "decimalLatitude": -17.298866, "decimalLongitude": 145.476376, "eventDate": "2022-12-12T15:39:00Z", "countryCode": "AU" }, "geometry": { "type": "Point", "coordinates": [ 145.476376, -17.298866 ] } },
{ "type": "Feature", "properties": { "decimalLatitude": -16.899064, "decimalLongitude": 145.746808, "eventDate": "2022-12-07T16:09:21Z", "countryCode": "AU" }, "geometry": { "type": "Point", "coordinates": [ 145.746808, -16.899064 ] } },
{ "type": "Feature", "properties": { "decimalLatitude": -17.41747, "decimalLongitude": 145.604296, "eventDate": "2022-12-14T17:27:00Z", "countryCode": "AU" }, "geometry": { "type": "Point", "coordinates": [ 145.604296, -17.41747 ] } },
{ "type": "Feature", "properties": { "decimalLatitude": -16.851084, "decimalLongitude": 145.619813, "eventDate": "2022-12-15T11:19:45Z", "countryCode": "AU" }, "geometry": { "type": "Point", "coordinates": [ 145.619813, -16.851084 ] } },
{ "type": "Feature", "properties": { "decimalLatitude": -21.157527, "decimalLongitude": 149.159175, "eventDate": "2022-12-28T12:25:00Z", "countryCode": "AU" }, "geometry": { "type": "Point", "coordinates": [ 149.159175, -21.157527 ] } },
{ "type": "Feature", "properties": { "decimalLatitude": -17.416193, "decimalLongitude": 145.978346, "eventDate": "2022-12-16T15:00:00Z", "countryCode": "AU" }, "geometry": { "type": "Point", "coordinates": [ 145.978346, -17.416193 ] } },
{ "type": "Feature", "properties": { "decimalLatitude": -16.890391, "decimalLongitude": 145.639349, "eventDate": "2022-12-24T14:04:25Z", "countryCode": "AU" }, "geometry": { "type": "Point", "coordinates": [ 145.639349, -16.890391 ] } },
{ "type": "Feature", "properties": { "decimalLatitude": -16.093145, "decimalLongitude": 145.463212, "eventDate": "2022-12-28T13:42:59Z", "countryCode": "AU" }, "geometry": { "type": "Point", "coordinates": [ 145.463212, -16.093145 ] } },
{ "type": "Feature", "properties": { "decimalLatitude": -21.155614, "decimalLongitude": 149.157758, "eventDate": "2022-12-24T12:53:00Z", "countryCode": "AU" }, "geometry": { "type": "Point", "coordinates": [ 149.157758, -21.155614 ] } },
{ "type": "Feature", "properties": { "decimalLatitude": -21.154841, "decimalLongitude": 149.157185, "eventDate": "2022-12-30T14:03:00Z", "countryCode": "AU" }, "geometry": { "type": "Point", "coordinates": [ 149.157185, -21.154841 ] } },
{ "type": "Feature", "properties": { "decimalLatitude": -17.297506, "decimalLongitude": 145.47744, "eventDate": "2022-12-22T14:03:00Z", "countryCode": "AU" }, "geometry": { "type": "Point", "coordinates": [ 145.47744, -17.297506 ] } },
{ "type": "Feature", "properties": { "decimalLatitude": -17.605553, "decimalLongitude": 145.847137, "eventDate": "2022-12-21T12:13:47Z", "countryCode": "AU" }, "geometry": { "type": "Point", "coordinates": [ 145.847137, -17.605553 ] } },
{ "type": "Feature", "properties": { "decimalLatitude": -16.439431, "decimalLongitude": 145.36363, "eventDate": "2022-12-28T09:28:51Z", "countryCode": "AU" }, "geometry": { "type": "Point", "coordinates": [ 145.36363, -16.439431 ] } },
{ "type": "Feature", "properties": { "decimalLatitude": -16.486064, "decimalLongitude": 145.25547, "eventDate": "2022-12-28T09:22:28Z", "countryCode": "AU" }, "geometry": { "type": "Point", "coordinates": [ 145.25547, -16.486064 ] } },
{ "type": "Feature", "properties": { "decimalLatitude": -17.425279, "decimalLongitude": 145.967021, "eventDate": "2022-12-11T08:46:00Z", "countryCode": "AU" }, "geometry": { "type": "Point", "coordinates": [ 145.967021, -17.425279 ] } },
{ "type": "Feature", "properties": { "decimalLatitude": -17.41372, "decimalLongitude": 146.000688, "eventDate": "2022-12-16T15:02:00Z", "countryCode": "AU" }, "geometry": { "type": "Point", "coordinates": [ 146.000688, -17.41372 ] } },
{ "type": "Feature", "properties": { "decimalLatitude": -16.929177, "decimalLongitude": 145.746777, "eventDate": "2022-12-05T21:56:00Z", "countryCode": "AU" }, "geometry": { "type": "Point", "coordinates": [ 145.746777, -16.929177 ] } },
{ "type": "Feature", "properties": { "decimalLatitude": -17.298677, "decimalLongitude": 145.476272, "eventDate": "2022-12-15T21:42:00Z", "countryCode": "AU" }, "geometry": { "type": "Point", "coordinates": [ 145.476272, -17.298677 ] } },
{ "type": "Feature", "properties": { "decimalLatitude": -21.158431, "decimalLongitude": 149.159734, "eventDate": "2023-01-11T13:50:00Z", "countryCode": "AU" }, "geometry": { "type": "Point", "coordinates": [ 149.159734, -21.158431 ] } },
{ "type": "Feature", "properties": { "decimalLatitude": -12.709971, "decimalLongitude": 143.292403, "eventDate": "2023-01-13T16:38:00Z", "countryCode": "AU" }, "geometry": { "type": "Point", "coordinates": [ 143.292403, -12.709971 ] } },
{ "type": "Feature", "properties": { "decimalLatitude": -16.899504, "decimalLongitude": 145.74791, "eventDate": "2023-01-09T11:10:00Z", "countryCode": "AU" }, "geometry": { "type": "Point", "coordinates": [ 145.74791, -16.899504 ] } },
{ "type": "Feature", "properties": { "decimalLatitude": -17.246069, "decimalLongitude": 145.639051, "eventDate": "2023-01-28T16:27:00Z", "countryCode": "AU" }, "geometry": { "type": "Point", "coordinates": [ 145.639051, -17.246069 ] } },
{ "type": "Feature", "properties": { "decimalLatitude": -21.134163, "decimalLongitude": 148.528466, "eventDate": "2023-01-03T09:56:00Z", "countryCode": "AU" }, "geometry": { "type": "Point", "coordinates": [ 148.528466, -21.134163 ] } },
{ "type": "Feature", "properties": { "decimalLatitude": -16.898853, "decimalLongitude": 145.74678, "eventDate": "2023-01-01T13:12:36Z", "countryCode": "AU" }, "geometry": { "type": "Point", "coordinates": [ 145.74678, -16.898853 ] } },
{ "type": "Feature", "properties": { "decimalLatitude": -16.89875, "decimalLongitude": 145.746862, "eventDate": "2023-02-04T14:28:00Z", "countryCode": "AU" }, "geometry": { "type": "Point", "coordinates": [ 145.746862, -16.89875 ] } },
{ "type": "Feature", "properties": { "decimalLatitude": -19.291611, "decimalLongitude": 146.78973, "eventDate": "2023-02-08T08:43:36Z", "countryCode": "AU" }, "geometry": { "type": "Point", "coordinates": [ 146.78973, -19.291611 ] } },
{ "type": "Feature", "properties": { "decimalLatitude": -17.343975, "decimalLongitude": 145.872375, "eventDate": "2023-02-10T12:49:07Z", "countryCode": "AU" }, "geometry": { "type": "Point", "coordinates": [ 145.872375, -17.343975 ] } },
{ "type": "Feature", "properties": { "decimalLatitude": -17.278568, "decimalLongitude": 145.468665, "eventDate": "2023-02-27T15:15:00Z", "countryCode": "AU" }, "geometry": { "type": "Point", "coordinates": [ 145.468665, -17.278568 ] } },
{ "type": "Feature", "properties": { "decimalLatitude": -17.363197, "decimalLongitude": 145.751563, "eventDate": "2023-02-23T09:14:00Z", "countryCode": "AU" }, "geometry": { "type": "Point", "coordinates": [ 145.751563, -17.363197 ] } },
{ "type": "Feature", "properties": { "decimalLatitude": -17.168439, "decimalLongitude": 145.831585, "eventDate": "2023-03-09T12:40:00Z", "countryCode": "AU" }, "geometry": { "type": "Point", "coordinates": [ 145.831585, -17.168439 ] } },
{ "type": "Feature", "properties": { "decimalLatitude": -17.168457, "decimalLongitude": 145.831587, "eventDate": "2023-03-09T12:39:00Z", "countryCode": "AU" }, "geometry": { "type": "Point", "coordinates": [ 145.831587, -17.168457 ] } },
{ "type": "Feature", "properties": { "decimalLatitude": -17.41747, "decimalLongitude": 145.604296, "eventDate": "2023-03-12T16:56:00Z", "countryCode": "AU" }, "geometry": { "type": "Point", "coordinates": [ 145.604296, -17.41747 ] } },
{ "type": "Feature", "properties": { "decimalLatitude": -17.168929, "decimalLongitude": 145.831843, "eventDate": "2023-03-09T12:51:00Z", "countryCode": "AU" }, "geometry": { "type": "Point", "coordinates": [ 145.831843, -17.168929 ] } },
{ "type": "Feature", "properties": { "decimalLatitude": -16.899612, "decimalLongitude": 145.747864, "eventDate": "2023-03-05T21:37:00Z", "countryCode": "AU" }, "geometry": { "type": "Point", "coordinates": [ 145.747864, -16.899612 ] } },
{ "type": "Feature", "properties": { "decimalLatitude": -16.898678, "decimalLongitude": 145.750074, "eventDate": "2023-03-12T16:38:00Z", "countryCode": "AU" }, "geometry": { "type": "Point", "coordinates": [ 145.750074, -16.898678 ] } },
{ "type": "Feature", "properties": { "decimalLatitude": -12.763039, "decimalLongitude": 143.286336, "eventDate": "2023-03-04T06:20:00Z", "countryCode": "AU" }, "geometry": { "type": "Point", "coordinates": [ 143.286336, -12.763039 ] } },
{ "type": "Feature", "properties": { "decimalLatitude": -17.3, "decimalLongitude": 145.9, "eventDate": "2023-04-13T11:54:00Z", "countryCode": "AU" }, "geometry": { "type": "Point", "coordinates": [ 145.9, -17.3 ] } },
{ "type": "Feature", "properties": { "decimalLatitude": -17.342038, "decimalLongitude": 145.87175, "eventDate": "2023-04-06T12:31:27Z", "countryCode": "AU" }, "geometry": { "type": "Point", "coordinates": [ 145.87175, -17.342038 ] } },
{ "type": "Feature", "properties": { "decimalLatitude": -21.2, "decimalLongitude": 149.2, "eventDate": "2023-04-23T16:20:00Z", "countryCode": "AU" }, "geometry": { "type": "Point", "coordinates": [ 149.2, -21.2 ] } },
{ "type": "Feature", "properties": { "decimalLatitude": -16.899286, "decimalLongitude": 145.74662, "eventDate": "2023-05-08T00:00:00Z", "countryCode": "AU" }, "geometry": { "type": "Point", "coordinates": [ 145.74662, -16.899286 ] } },
{ "type": "Feature", "properties": { "decimalLatitude": -16.899286, "decimalLongitude": 145.74662, "eventDate": "2023-05-08T00:00:00Z", "countryCode": "AU" }, "geometry": { "type": "Point", "coordinates": [ 145.74662, -16.899286 ] } },
{ "type": "Feature", "properties": { "decimalLatitude": -16.899286, "decimalLongitude": 145.74662, "eventDate": "2023-05-08T00:00:00Z", "countryCode": "AU" }, "geometry": { "type": "Point", "coordinates": [ 145.74662, -16.899286 ] } },
{ "type": "Feature", "properties": { "decimalLatitude": -16.899286, "decimalLongitude": 145.74662, "eventDate": "2023-05-08T00:00:00Z", "countryCode": "AU" }, "geometry": { "type": "Point", "coordinates": [ 145.74662, -16.899286 ] } },
{ "type": "Feature", "properties": { "decimalLatitude": -16.917056, "decimalLongitude": 145.781536, "eventDate": "2023-05-25T00:00:00Z", "countryCode": "AU" }, "geometry": { "type": "Point", "coordinates": [ 145.781536, -16.917056 ] } },
{ "type": "Feature", "properties": { "decimalLatitude": -16.876386, "decimalLongitude": 145.666148, "eventDate": "2023-05-23T10:00:00Z", "countryCode": "AU" }, "geometry": { "type": "Point", "coordinates": [ 145.666148, -16.876386 ] } },
{ "type": "Feature", "properties": { "decimalLatitude": -16.876386, "decimalLongitude": 145.666148, "eventDate": "2023-05-23T09:47:00Z", "countryCode": "AU" }, "geometry": { "type": "Point", "coordinates": [ 145.666148, -16.876386 ] } },
{ "type": "Feature", "properties": { "decimalLatitude": -17.100247, "decimalLongitude": 145.786637, "eventDate": "2023-05-31T14:27:22Z", "countryCode": "AU" }, "geometry": { "type": "Point", "coordinates": [ 145.786637, -17.100247 ] } },
{ "type": "Feature", "properties": { "decimalLatitude": -17.155472, "decimalLongitude": 145.825628, "eventDate": "2023-05-25T09:46:00Z", "countryCode": "AU" }, "geometry": { "type": "Point", "coordinates": [ 145.825628, -17.155472 ] } },
{ "type": "Feature", "properties": { "decimalLatitude": -17.186838, "decimalLongitude": 145.824103, "eventDate": "2023-05-25T12:53:00Z", "countryCode": "AU" }, "geometry": { "type": "Point", "coordinates": [ 145.824103, -17.186838 ] } },
{ "type": "Feature", "properties": { "decimalLatitude": -16.781343, "decimalLongitude": 145.686597, "eventDate": "2023-06-04T14:34:00Z", "countryCode": "AU" }, "geometry": { "type": "Point", "coordinates": [ 145.686597, -16.781343 ] } },
{ "type": "Feature", "properties": { "decimalLatitude": -17.271812, "decimalLongitude": 145.475845, "eventDate": "2023-06-07T17:43:45Z", "countryCode": "AU" }, "geometry": { "type": "Point", "coordinates": [ 145.475845, -17.271812 ] } },
{ "type": "Feature", "properties": { "decimalLatitude": -21.158248, "decimalLongitude": 149.159582, "eventDate": "2023-06-05T02:50:00Z", "countryCode": "AU" }, "geometry": { "type": "Point", "coordinates": [ 149.159582, -21.158248 ] } },
{ "type": "Feature", "properties": { "decimalLatitude": -16.816428, "decimalLongitude": 145.687058, "eventDate": "2023-06-28T12:59:53Z", "countryCode": "AU" }, "geometry": { "type": "Point", "coordinates": [ 145.687058, -16.816428 ] } },
{ "type": "Feature", "properties": { "decimalLatitude": -21.154214, "decimalLongitude": 149.156922, "eventDate": "2023-06-06T11:15:00Z", "countryCode": "AU" }, "geometry": { "type": "Point", "coordinates": [ 149.156922, -21.154214 ] } },
{ "type": "Feature", "properties": { "decimalLatitude": -17.270499, "decimalLongitude": 145.784924, "eventDate": "2023-06-27T11:48:00Z", "countryCode": "AU" }, "geometry": { "type": "Point", "coordinates": [ 145.784924, -17.270499 ] } },
{ "type": "Feature", "properties": { "decimalLatitude": -16.520163, "decimalLongitude": 145.469208, "eventDate": "2023-07-02T11:21:40Z", "countryCode": "AU" }, "geometry": { "type": "Point", "coordinates": [ 145.469208, -16.520163 ] } },
{ "type": "Feature", "properties": { "decimalLatitude": -17.360917, "decimalLongitude": 146.033967, "eventDate": "2023-07-09T08:34:16Z", "countryCode": "AU" }, "geometry": { "type": "Point", "coordinates": [ 146.033967, -17.360917 ] } },
{ "type": "Feature", "properties": { "decimalLatitude": -17.56121, "decimalLongitude": 146.090725, "eventDate": "2023-07-19T08:33:24Z", "countryCode": "AU" }, "geometry": { "type": "Point", "coordinates": [ 146.090725, -17.56121 ] } },
{ "type": "Feature", "properties": { "decimalLatitude": -16.747583, "decimalLongitude": 145.670516, "eventDate": "2023-07-05T11:27:00Z", "countryCode": "AU" }, "geometry": { "type": "Point", "coordinates": [ 145.670516, -16.747583 ] } },
{ "type": "Feature", "properties": { "decimalLatitude": -16.881743, "decimalLongitude": 145.711758, "eventDate": "2023-07-23T18:15:36Z", "countryCode": "AU" }, "geometry": { "type": "Point", "coordinates": [ 145.711758, -16.881743 ] } },
{ "type": "Feature", "properties": { "decimalLatitude": -17.360366, "decimalLongitude": 146.033768, "eventDate": "2023-07-09T15:00:07Z", "countryCode": "AU" }, "geometry": { "type": "Point", "coordinates": [ 146.033768, -17.360366 ] } },
{ "type": "Feature", "properties": { "decimalLatitude": -16.918843, "decimalLongitude": 145.769938, "eventDate": "2023-07-14T18:32:38Z", "countryCode": "AU" }, "geometry": { "type": "Point", "coordinates": [ 145.769938, -16.918843 ] } },
{ "type": "Feature", "properties": { "decimalLatitude": -12.763198, "decimalLongitude": 143.286406, "eventDate": "2023-07-17T08:05:00Z", "countryCode": "AU" }, "geometry": { "type": "Point", "coordinates": [ 143.286406, -12.763198 ] } },
{ "type": "Feature", "properties": { "decimalLatitude": -16.919361, "decimalLongitude": 145.776615, "eventDate": "2023-07-18T09:22:00Z", "countryCode": "AU" }, "geometry": { "type": "Point", "coordinates": [ 145.776615, -16.919361 ] } },
{ "type": "Feature", "properties": { "decimalLatitude": -20.721081, "decimalLongitude": 144.785153, "eventDate": "2023-07-29T17:30:15Z", "countryCode": "AU" }, "geometry": { "type": "Point", "coordinates": [ 144.785153, -20.721081 ] } },
{ "type": "Feature", "properties": { "decimalLatitude": -16.920348, "decimalLongitude": 145.770953, "eventDate": "2023-07-30T15:05:00Z", "countryCode": "AU" }, "geometry": { "type": "Point", "coordinates": [ 145.770953, -16.920348 ] } },
{ "type": "Feature", "properties": { "decimalLatitude": -16.747509, "decimalLongitude": 145.670508, "eventDate": "2023-07-06T16:57:00Z", "countryCode": "AU" }, "geometry": { "type": "Point", "coordinates": [ 145.670508, -16.747509 ] } },
{ "type": "Feature", "properties": { "decimalLatitude": -16.484118, "decimalLongitude": 145.461808, "eventDate": "2023-07-09T13:15:00Z", "countryCode": "AU" }, "geometry": { "type": "Point", "coordinates": [ 145.461808, -16.484118 ] } },
{ "type": "Feature", "properties": { "decimalLatitude": -12.763283, "decimalLongitude": 143.286291, "eventDate": "2023-07-12T18:28:00Z", "countryCode": "AU" }, "geometry": { "type": "Point", "coordinates": [ 143.286291, -12.763283 ] } },
{ "type": "Feature", "properties": { "decimalLatitude": -16.587928, "decimalLongitude": 145.517239, "eventDate": "2023-07-29T12:10:00Z", "countryCode": "AU" }, "geometry": { "type": "Point", "coordinates": [ 145.517239, -16.587928 ] } },
{ "type": "Feature", "properties": { "decimalLatitude": -12.710121, "decimalLongitude": 143.292623, "eventDate": "2023-07-14T13:13:00Z", "countryCode": "AU" }, "geometry": { "type": "Point", "coordinates": [ 143.292623, -12.710121 ] } },
{ "type": "Feature", "properties": { "decimalLatitude": -12.763328, "decimalLongitude": 143.286284, "eventDate": "2023-07-17T09:25:00Z", "countryCode": "AU" }, "geometry": { "type": "Point", "coordinates": [ 143.286284, -12.763328 ] } },
{ "type": "Feature", "properties": { "decimalLatitude": -17.43567, "decimalLongitude": 145.884715, "eventDate": "2023-07-30T08:24:08Z", "countryCode": "AU" }, "geometry": { "type": "Point", "coordinates": [ 145.884715, -17.43567 ] } },
{ "type": "Feature", "properties": { "decimalLatitude": -16.905228, "decimalLongitude": 145.763569, "eventDate": "2023-08-15T00:00:00Z", "countryCode": "AU" }, "geometry": { "type": "Point", "coordinates": [ 145.763569, -16.905228 ] } },
{ "type": "Feature", "properties": { "decimalLatitude": -12.7, "decimalLongitude": 143.3, "eventDate": "2023-08-20T08:55:00Z", "countryCode": "AU" }, "geometry": { "type": "Point", "coordinates": [ 143.3, -12.7 ] } },
{ "type": "Feature", "properties": { "decimalLatitude": -16.921622, "decimalLongitude": 145.776202, "eventDate": "2023-08-27T12:51:09Z", "countryCode": "AU" }, "geometry": { "type": "Point", "coordinates": [ 145.776202, -16.921622 ] } },
{ "type": "Feature", "properties": { "decimalLatitude": -17.146744, "decimalLongitude": 145.587548, "eventDate": "2023-08-27T13:08:00Z", "countryCode": "AU" }, "geometry": { "type": "Point", "coordinates": [ 145.587548, -17.146744 ] } },
{ "type": "Feature", "properties": { "decimalLatitude": -16.924381, "decimalLongitude": 145.760021, "eventDate": "2023-08-23T17:34:00Z", "countryCode": "AU" }, "geometry": { "type": "Point", "coordinates": [ 145.760021, -16.924381 ] } },
{ "type": "Feature", "properties": { "decimalLatitude": -16.924381, "decimalLongitude": 145.760021, "eventDate": "2023-08-23T17:55:00Z", "countryCode": "AU" }, "geometry": { "type": "Point", "coordinates": [ 145.760021, -16.924381 ] } },
{ "type": "Feature", "properties": { "decimalLatitude": -16.924381, "decimalLongitude": 145.760021, "eventDate": "2023-08-23T17:49:00Z", "countryCode": "AU" }, "geometry": { "type": "Point", "coordinates": [ 145.760021, -16.924381 ] } },
{ "type": "Feature", "properties": { "decimalLatitude": -16.899278, "decimalLongitude": 145.747517, "eventDate": "2023-08-25T09:55:00Z", "countryCode": "AU" }, "geometry": { "type": "Point", "coordinates": [ 145.747517, -16.899278 ] } },
{ "type": "Feature", "properties": { "decimalLatitude": -16.482571, "decimalLongitude": 145.465433, "eventDate": "2023-08-03T07:54:00Z", "countryCode": "AU" }, "geometry": { "type": "Point", "coordinates": [ 145.465433, -16.482571 ] } },
{ "type": "Feature", "properties": { "decimalLatitude": -16.924381, "decimalLongitude": 145.760021, "eventDate": "2023-08-23T17:49:00Z", "countryCode": "AU" }, "geometry": { "type": "Point", "coordinates": [ 145.760021, -16.924381 ] } },
{ "type": "Feature", "properties": { "decimalLatitude": -16.901372, "decimalLongitude": 145.74969, "eventDate": "2023-08-27T09:50:00Z", "countryCode": "AU" }, "geometry": { "type": "Point", "coordinates": [ 145.74969, -16.901372 ] } },
{ "type": "Feature", "properties": { "decimalLatitude": -16.899504, "decimalLongitude": 145.74791, "eventDate": "2023-08-06T11:51:00Z", "countryCode": "AU" }, "geometry": { "type": "Point", "coordinates": [ 145.74791, -16.899504 ] } },
{ "type": "Feature", "properties": { "decimalLatitude": -17.34698, "decimalLongitude": 145.597001, "eventDate": "2023-09-02T12:25:00Z", "countryCode": "AU" }, "geometry": { "type": "Point", "coordinates": [ 145.597001, -17.34698 ] } },
{ "type": "Feature", "properties": { "decimalLatitude": -17.17284, "decimalLongitude": 145.832925, "eventDate": "2023-09-22T23:50:33Z", "countryCode": "AU" }, "geometry": { "type": "Point", "coordinates": [ 145.832925, -17.17284 ] } },
{ "type": "Feature", "properties": { "decimalLatitude": -17.158561, "decimalLongitude": 145.551393, "eventDate": "2023-09-24T09:25:00Z", "countryCode": "AU" }, "geometry": { "type": "Point", "coordinates": [ 145.551393, -17.158561 ] } },
{ "type": "Feature", "properties": { "decimalLatitude": -17.364728, "decimalLongitude": 145.59555, "eventDate": "2023-09-30T15:39:47Z", "countryCode": "AU" }, "geometry": { "type": "Point", "coordinates": [ 145.59555, -17.364728 ] } },
{ "type": "Feature", "properties": { "decimalLatitude": -14.586214, "decimalLongitude": 146.00037, "eventDate": "2023-09-23T11:29:18Z", "countryCode": "AU" }, "geometry": { "type": "Point", "coordinates": [ 146.00037, -14.586214 ] } },
{ "type": "Feature", "properties": { "decimalLatitude": -17.559057, "decimalLongitude": 146.090215, "eventDate": "2023-09-04T07:01:00Z", "countryCode": "AU" }, "geometry": { "type": "Point", "coordinates": [ 146.090215, -17.559057 ] } },
{ "type": "Feature", "properties": { "decimalLatitude": -16.102667, "decimalLongitude": 145.460725, "eventDate": "2023-09-28T23:18:39Z", "countryCode": "AU" }, "geometry": { "type": "Point", "coordinates": [ 145.460725, -16.102667 ] } },
{ "type": "Feature", "properties": { "decimalLatitude": -17.561355, "decimalLongitude": 146.090801, "eventDate": "2023-09-09T16:59:00Z", "countryCode": "AU" }, "geometry": { "type": "Point", "coordinates": [ 146.090801, -17.561355 ] } },
{ "type": "Feature", "properties": { "decimalLatitude": -21.158665, "decimalLongitude": 149.159427, "eventDate": "2023-09-20T08:02:00Z", "countryCode": "AU" }, "geometry": { "type": "Point", "coordinates": [ 149.159427, -21.158665 ] } },
{ "type": "Feature", "properties": { "decimalLatitude": -17.43618, "decimalLongitude": 145.885006, "eventDate": "2023-09-15T09:05:54Z", "countryCode": "AU" }, "geometry": { "type": "Point", "coordinates": [ 145.885006, -17.43618 ] } },
{ "type": "Feature", "properties": { "decimalLatitude": -12.732374, "decimalLongitude": 143.240773, "eventDate": "2023-10-01T09:27:57Z", "countryCode": "AU" }, "geometry": { "type": "Point", "coordinates": [ 143.240773, -12.732374 ] } },
{ "type": "Feature", "properties": { "decimalLatitude": -16.899367, "decimalLongitude": 145.746465, "eventDate": "2023-10-17T09:16:00Z", "countryCode": "AU" }, "geometry": { "type": "Point", "coordinates": [ 145.746465, -16.899367 ] } },
{ "type": "Feature", "properties": { "decimalLatitude": -17.339737, "decimalLongitude": 145.870967, "eventDate": "2023-10-29T21:05:01Z", "countryCode": "AU" }, "geometry": { "type": "Point", "coordinates": [ 145.870967, -17.339737 ] } },
{ "type": "Feature", "properties": { "decimalLatitude": -12.761086, "decimalLongitude": 143.287663, "eventDate": "2023-10-24T11:49:00Z", "countryCode": "AU" }, "geometry": { "type": "Point", "coordinates": [ 143.287663, -12.761086 ] } },
{ "type": "Feature", "properties": { "decimalLatitude": -12.76499, "decimalLongitude": 143.286793, "eventDate": "2023-10-24T09:38:00Z", "countryCode": "AU" }, "geometry": { "type": "Point", "coordinates": [ 143.286793, -12.76499 ] } },
{ "type": "Feature", "properties": { "decimalLatitude": -12.765016, "decimalLongitude": 143.286767, "eventDate": "2023-10-24T09:35:00Z", "countryCode": "AU" }, "geometry": { "type": "Point", "coordinates": [ 143.286767, -12.765016 ] } },
{ "type": "Feature", "properties": { "decimalLatitude": -17.473006, "decimalLongitude": 146.069586, "eventDate": "2023-10-25T13:14:00Z", "countryCode": "AU" }, "geometry": { "type": "Point", "coordinates": [ 146.069586, -17.473006 ] } },
{ "type": "Feature", "properties": { "decimalLatitude": -21.2, "decimalLongitude": 149.2, "eventDate": "2023-10-13T11:31:00Z", "countryCode": "AU" }, "geometry": { "type": "Point", "coordinates": [ 149.2, -21.2 ] } },
{ "type": "Feature", "properties": { "decimalLatitude": -17.558408, "decimalLongitude": 146.090276, "eventDate": "2023-10-28T11:50:00Z", "countryCode": "AU" }, "geometry": { "type": "Point", "coordinates": [ 146.090276, -17.558408 ] } },
{ "type": "Feature", "properties": { "decimalLatitude": -17.557587, "decimalLongitude": 146.08933, "eventDate": "2023-11-11T10:23:45Z", "countryCode": "AU" }, "geometry": { "type": "Point", "coordinates": [ 146.08933, -17.557587 ] } },
{ "type": "Feature", "properties": { "decimalLatitude": -12.713043, "decimalLongitude": 143.299438, "eventDate": "2023-11-20T11:39:00Z", "countryCode": "AU" }, "geometry": { "type": "Point", "coordinates": [ 143.299438, -12.713043 ] } },
{ "type": "Feature", "properties": { "decimalLatitude": -16.902932, "decimalLongitude": 145.75102, "eventDate": "2023-11-07T08:00:59Z", "countryCode": "AU" }, "geometry": { "type": "Point", "coordinates": [ 145.75102, -16.902932 ] } },
{ "type": "Feature", "properties": { "decimalLatitude": -17.338922, "decimalLongitude": 145.867922, "eventDate": "2023-12-02T13:30:42Z", "countryCode": "AU" }, "geometry": { "type": "Point", "coordinates": [ 145.867922, -17.338922 ] } },
{ "type": "Feature", "properties": { "decimalLatitude": -17.334775, "decimalLongitude": 145.866172, "eventDate": "2023-12-02T13:16:51Z", "countryCode": "AU" }, "geometry": { "type": "Point", "coordinates": [ 145.866172, -17.334775 ] } },
{ "type": "Feature", "properties": { "decimalLatitude": -17.447149, "decimalLongitude": 145.852758, "eventDate": "2023-12-25T12:26:40Z", "countryCode": "AU" }, "geometry": { "type": "Point", "coordinates": [ 145.852758, -17.447149 ] } },
{ "type": "Feature", "properties": { "decimalLatitude": -21.155925, "decimalLongitude": 149.158085, "eventDate": "2023-12-05T08:24:00Z", "countryCode": "AU" }, "geometry": { "type": "Point", "coordinates": [ 149.158085, -21.155925 ] } },
{ "type": "Feature", "properties": { "decimalLatitude": -17.177987, "decimalLongitude": 145.829697, "eventDate": "2024-01-03T12:03:58Z", "countryCode": "AU" }, "geometry": { "type": "Point", "coordinates": [ 145.829697, -17.177987 ] } },
{ "type": "Feature", "properties": { "decimalLatitude": -17.341975, "decimalLongitude": 145.870605, "eventDate": "2024-01-08T09:41:34Z", "countryCode": "AU" }, "geometry": { "type": "Point", "coordinates": [ 145.870605, -17.341975 ] } },
{ "type": "Feature", "properties": { "decimalLatitude": -21.2, "decimalLongitude": 149.2, "eventDate": "2024-01-18T15:42:00Z", "countryCode": "AU" }, "geometry": { "type": "Point", "coordinates": [ 149.2, -21.2 ] } },
{ "type": "Feature", "properties": { "decimalLatitude": -17.4367, "decimalLongitude": 145.884522, "eventDate": "2024-01-22T09:18:27Z", "countryCode": "AU" }, "geometry": { "type": "Point", "coordinates": [ 145.884522, -17.4367 ] } },
{ "type": "Feature", "properties": { "decimalLatitude": -16.899205, "decimalLongitude": 145.746825, "eventDate": "2024-02-06T10:53:09Z", "countryCode": "AU" }, "geometry": { "type": "Point", "coordinates": [ 145.746825, -16.899205 ] } },
{ "type": "Feature", "properties": { "decimalLatitude": -16.899212, "decimalLongitude": 145.746855, "eventDate": "2024-02-06T10:53:31Z", "countryCode": "AU" }, "geometry": { "type": "Point", "coordinates": [ 145.746855, -16.899212 ] } },
{ "type": "Feature", "properties": { "decimalLatitude": -16.899222, "decimalLongitude": 145.746825, "eventDate": "2024-02-06T10:53:14Z", "countryCode": "AU" }, "geometry": { "type": "Point", "coordinates": [ 145.746825, -16.899222 ] } },
{ "type": "Feature", "properties": { "decimalLatitude": -17.343684, "decimalLongitude": 145.919709, "eventDate": "2024-02-11T11:55:45Z", "countryCode": "AU" }, "geometry": { "type": "Point", "coordinates": [ 145.919709, -17.343684 ] } },
{ "type": "Feature", "properties": { "decimalLatitude": -16.18038, "decimalLongitude": 145.40916, "eventDate": "2024-02-16T15:48:00Z", "countryCode": "AU" }, "geometry": { "type": "Point", "coordinates": [ 145.40916, -16.18038 ] } },
{ "type": "Feature", "properties": { "decimalLatitude": -21.142496, "decimalLongitude": 149.182147, "eventDate": "2024-02-18T14:44:00Z", "countryCode": "AU" }, "geometry": { "type": "Point", "coordinates": [ 149.182147, -21.142496 ] } },
{ "type": "Feature", "properties": { "decimalLatitude": -16.89863, "decimalLongitude": 145.746737, "eventDate": "2024-02-24T14:08:39Z", "countryCode": "AU" }, "geometry": { "type": "Point", "coordinates": [ 145.746737, -16.89863 ] } },
{ "type": "Feature", "properties": { "decimalLatitude": -16.899162, "decimalLongitude": 145.746873, "eventDate": "2024-02-04T13:14:00Z", "countryCode": "AU" }, "geometry": { "type": "Point", "coordinates": [ 145.746873, -16.899162 ] } },
{ "type": "Feature", "properties": { "decimalLatitude": -16.899504, "decimalLongitude": 145.74791, "eventDate": "2024-02-19T10:56:54Z", "countryCode": "AU" }, "geometry": { "type": "Point", "coordinates": [ 145.74791, -16.899504 ] } },
{ "type": "Feature", "properties": { "decimalLatitude": -21.158561, "decimalLongitude": 149.159575, "eventDate": "2024-02-12T09:48:00Z", "countryCode": "AU" }, "geometry": { "type": "Point", "coordinates": [ 149.159575, -21.158561 ] } },
{ "type": "Feature", "properties": { "decimalLatitude": -16.899952, "decimalLongitude": 145.748618, "eventDate": "2024-03-07T08:44:00Z", "countryCode": "AU" }, "geometry": { "type": "Point", "coordinates": [ 145.748618, -16.899952 ] } },
{ "type": "Feature", "properties": { "decimalLatitude": -16.899664, "decimalLongitude": 145.747666, "eventDate": "2024-03-07T08:40:00Z", "countryCode": "AU" }, "geometry": { "type": "Point", "coordinates": [ 145.747666, -16.899664 ] } },
{ "type": "Feature", "properties": { "decimalLatitude": -16.899504, "decimalLongitude": 145.74791, "eventDate": "2024-03-07T08:42:00Z", "countryCode": "AU" }, "geometry": { "type": "Point", "coordinates": [ 145.74791, -16.899504 ] } },
{ "type": "Feature", "properties": { "decimalLatitude": -16.18038, "decimalLongitude": 145.40916, "eventDate": "2024-03-11T19:46:00Z", "countryCode": "AU" }, "geometry": { "type": "Point", "coordinates": [ 145.40916, -16.18038 ] } },
{ "type": "Feature", "properties": { "decimalLatitude": -16.899504, "decimalLongitude": 145.74791, "eventDate": "2024-03-16T12:02:15Z", "countryCode": "AU" }, "geometry": { "type": "Point", "coordinates": [ 145.74791, -16.899504 ] } },
{ "type": "Feature", "properties": { "decimalLatitude": -18.088549, "decimalLongitude": 145.314349, "eventDate": "2024-03-22T15:16:10Z", "countryCode": "AU" }, "geometry": { "type": "Point", "coordinates": [ 145.314349, -18.088549 ] } },
{ "type": "Feature", "properties": { "decimalLatitude": -17.047326, "decimalLongitude": 145.523555, "eventDate": "2024-03-03T10:17:39Z", "countryCode": "AU" }, "geometry": { "type": "Point", "coordinates": [ 145.523555, -17.047326 ] } },
{ "type": "Feature", "properties": { "decimalLatitude": -17.3414, "decimalLongitude": 145.86908, "eventDate": "2024-03-20T08:52:15Z", "countryCode": "AU" }, "geometry": { "type": "Point", "coordinates": [ 145.86908, -17.3414 ] } },
{ "type": "Feature", "properties": { "decimalLatitude": -16.898678, "decimalLongitude": 145.750074, "eventDate": "2024-03-22T10:09:00Z", "countryCode": "AU" }, "geometry": { "type": "Point", "coordinates": [ 145.750074, -16.898678 ] } },
{ "type": "Feature", "properties": { "decimalLatitude": -16.898415, "decimalLongitude": 145.748113, "eventDate": "2024-03-19T06:53:00Z", "countryCode": "AU" }, "geometry": { "type": "Point", "coordinates": [ 145.748113, -16.898415 ] } },
{ "type": "Feature", "properties": { "decimalLatitude": -16.898816, "decimalLongitude": 145.748221, "eventDate": "2024-03-26T09:07:00Z", "countryCode": "AU" }, "geometry": { "type": "Point", "coordinates": [ 145.748221, -16.898816 ] } },
{ "type": "Feature", "properties": { "decimalLatitude": -21.157893, "decimalLongitude": 149.15754, "eventDate": "2024-04-04T14:50:23Z", "countryCode": "AU" }, "geometry": { "type": "Point", "coordinates": [ 149.15754, -21.157893 ] } },
{ "type": "Feature", "properties": { "decimalLatitude": -17.199307, "decimalLongitude": 145.897693, "eventDate": "2024-04-03T08:03:48Z", "countryCode": "AU" }, "geometry": { "type": "Point", "coordinates": [ 145.897693, -17.199307 ] } },
{ "type": "Feature", "properties": { "decimalLatitude": -16.900813, "decimalLongitude": 145.751562, "eventDate": "2024-04-16T15:18:00Z", "countryCode": "AU" }, "geometry": { "type": "Point", "coordinates": [ 145.751562, -16.900813 ] } },
{ "type": "Feature", "properties": { "decimalLatitude": -20.338352, "decimalLongitude": 148.690157, "eventDate": "2024-04-25T09:58:00Z", "countryCode": "AU" }, "geometry": { "type": "Point", "coordinates": [ 148.690157, -20.338352 ] } },
{ "type": "Feature", "properties": { "decimalLatitude": -16.899148, "decimalLongitude": 145.75256, "eventDate": "2024-04-26T10:15:47Z", "countryCode": "AU" }, "geometry": { "type": "Point", "coordinates": [ 145.75256, -16.899148 ] } },
{ "type": "Feature", "properties": { "decimalLatitude": -16.658133, "decimalLongitude": 145.55028, "eventDate": "2024-04-22T10:31:00Z", "countryCode": "AU" }, "geometry": { "type": "Point", "coordinates": [ 145.55028, -16.658133 ] } },
{ "type": "Feature", "properties": { "decimalLatitude": -16.901987, "decimalLongitude": 145.751983, "eventDate": "2024-04-25T13:13:06Z", "countryCode": "AU" }, "geometry": { "type": "Point", "coordinates": [ 145.751983, -16.901987 ] } },
{ "type": "Feature", "properties": { "decimalLatitude": -16.86977, "decimalLongitude": 145.425228, "eventDate": "2024-04-22T16:54:13Z", "countryCode": "AU" }, "geometry": { "type": "Point", "coordinates": [ 145.425228, -16.86977 ] } },
{ "type": "Feature", "properties": { "decimalLatitude": -21.2, "decimalLongitude": 149.2, "eventDate": "2024-04-03T23:50:34Z", "countryCode": "AU" }, "geometry": { "type": "Point", "coordinates": [ 149.2, -21.2 ] } },
{ "type": "Feature", "properties": { "decimalLatitude": -17.344172, "decimalLongitude": 145.921447, "eventDate": "2024-04-10T17:08:12Z", "countryCode": "AU" }, "geometry": { "type": "Point", "coordinates": [ 145.921447, -17.344172 ] } },
{ "type": "Feature", "properties": { "decimalLatitude": -16.131097, "decimalLongitude": 145.454565, "eventDate": "2024-04-05T13:59:00Z", "countryCode": "AU" }, "geometry": { "type": "Point", "coordinates": [ 145.454565, -16.131097 ] } },
{ "type": "Feature", "properties": { "decimalLatitude": -16.765121, "decimalLongitude": 145.664951, "eventDate": "2024-05-07T12:11:18Z", "countryCode": "AU" }, "geometry": { "type": "Point", "coordinates": [ 145.664951, -16.765121 ] } },
{ "type": "Feature", "properties": { "decimalLatitude": -16.781416, "decimalLongitude": 145.691939, "eventDate": "2024-05-13T11:07:00Z", "countryCode": "AU" }, "geometry": { "type": "Point", "coordinates": [ 145.691939, -16.781416 ] } },
{ "type": "Feature", "properties": { "decimalLatitude": -17.108742, "decimalLongitude": 145.695963, "eventDate": "2024-05-12T13:19:42Z", "countryCode": "AU" }, "geometry": { "type": "Point", "coordinates": [ 145.695963, -17.108742 ] } },
{ "type": "Feature", "properties": { "decimalLatitude": -17.109542, "decimalLongitude": 145.793408, "eventDate": "2024-05-10T13:49:27Z", "countryCode": "AU" }, "geometry": { "type": "Point", "coordinates": [ 145.793408, -17.109542 ] } },
{ "type": "Feature", "properties": { "decimalLatitude": -16.833216, "decimalLongitude": 145.703023, "eventDate": "2024-05-18T08:41:00Z", "countryCode": "AU" }, "geometry": { "type": "Point", "coordinates": [ 145.703023, -16.833216 ] } },
{ "type": "Feature", "properties": { "decimalLatitude": -17.598691, "decimalLongitude": 145.758993, "eventDate": "2024-05-25T16:05:31Z", "countryCode": "AU" }, "geometry": { "type": "Point", "coordinates": [ 145.758993, -17.598691 ] } },
{ "type": "Feature", "properties": { "decimalLatitude": -17.245988, "decimalLongitude": 145.639498, "eventDate": "2024-05-23T16:12:54Z", "countryCode": "AU" }, "geometry": { "type": "Point", "coordinates": [ 145.639498, -17.245988 ] } },
{ "type": "Feature", "properties": { "decimalLatitude": -17.286011, "decimalLongitude": 145.628872, "eventDate": "2024-05-25T21:55:02Z", "countryCode": "AU" }, "geometry": { "type": "Point", "coordinates": [ 145.628872, -17.286011 ] } },
{ "type": "Feature", "properties": { "decimalLatitude": -17.043577, "decimalLongitude": 145.698345, "eventDate": "2024-05-30T09:21:50Z", "countryCode": "AU" }, "geometry": { "type": "Point", "coordinates": [ 145.698345, -17.043577 ] } },
{ "type": "Feature", "properties": { "decimalLatitude": -17.26397, "decimalLongitude": 145.54442, "eventDate": "2024-05-20T07:53:23Z", "countryCode": "AU" }, "geometry": { "type": "Point", "coordinates": [ 145.54442, -17.26397 ] } },
{ "type": "Feature", "properties": { "decimalLatitude": -17.448025, "decimalLongitude": 145.409745, "eventDate": "2024-05-24T12:17:27Z", "countryCode": "AU" }, "geometry": { "type": "Point", "coordinates": [ 145.409745, -17.448025 ] } },
{ "type": "Feature", "properties": { "decimalLatitude": -16.858449, "decimalLongitude": 145.754105, "eventDate": "2024-05-24T15:37:00Z", "countryCode": "AU" }, "geometry": { "type": "Point", "coordinates": [ 145.754105, -16.858449 ] } },
{ "type": "Feature", "properties": { "decimalLatitude": -16.860208, "decimalLongitude": 145.755905, "eventDate": "2024-05-25T12:11:00Z", "countryCode": "AU" }, "geometry": { "type": "Point", "coordinates": [ 145.755905, -16.860208 ] } },
{ "type": "Feature", "properties": { "decimalLatitude": -16.920348, "decimalLongitude": 145.770953, "eventDate": "2024-05-13T10:50:00Z", "countryCode": "AU" }, "geometry": { "type": "Point", "coordinates": [ 145.770953, -16.920348 ] } },
{ "type": "Feature", "properties": { "decimalLatitude": -16.911458, "decimalLongitude": 145.772107, "eventDate": "2024-05-19T07:05:00Z", "countryCode": "AU" }, "geometry": { "type": "Point", "coordinates": [ 145.772107, -16.911458 ] } },
{ "type": "Feature", "properties": { "decimalLatitude": -17.284915, "decimalLongitude": 145.629683, "eventDate": "2024-05-19T11:40:00Z", "countryCode": "AU" }, "geometry": { "type": "Point", "coordinates": [ 145.629683, -17.284915 ] } },
{ "type": "Feature", "properties": { "decimalLatitude": -17.265087, "decimalLongitude": 145.48593, "eventDate": "2024-06-01T08:46:28Z", "countryCode": "AU" }, "geometry": { "type": "Point", "coordinates": [ 145.48593, -17.265087 ] } },
{ "type": "Feature", "properties": { "decimalLatitude": -16.781161, "decimalLongitude": 145.686505, "eventDate": "2024-06-02T10:55:00Z", "countryCode": "AU" }, "geometry": { "type": "Point", "coordinates": [ 145.686505, -16.781161 ] } },
{ "type": "Feature", "properties": { "decimalLatitude": -21.261766, "decimalLongitude": 149.069604, "eventDate": "2024-06-09T16:07:23Z", "countryCode": "AU" }, "geometry": { "type": "Point", "coordinates": [ 149.069604, -21.261766 ] } },
{ "type": "Feature", "properties": { "decimalLatitude": -17.227308, "decimalLongitude": 145.97003, "eventDate": "2024-06-06T11:27:19Z", "countryCode": "AU" }, "geometry": { "type": "Point", "coordinates": [ 145.97003, -17.227308 ] } },
{ "type": "Feature", "properties": { "decimalLatitude": -17.212642, "decimalLongitude": 145.607208, "eventDate": "2024-06-10T07:28:00Z", "countryCode": "AU" }, "geometry": { "type": "Point", "coordinates": [ 145.607208, -17.212642 ] } },
{ "type": "Feature", "properties": { "decimalLatitude": -21.249259, "decimalLongitude": 148.468542, "eventDate": "2024-06-21T09:10:21Z", "countryCode": "AU" }, "geometry": { "type": "Point", "coordinates": [ 148.468542, -21.249259 ] } },
{ "type": "Feature", "properties": { "decimalLatitude": -17.152945, "decimalLongitude": 145.742537, "eventDate": "2024-06-18T07:52:43Z", "countryCode": "AU" }, "geometry": { "type": "Point", "coordinates": [ 145.742537, -17.152945 ] } },
{ "type": "Feature", "properties": { "decimalLatitude": -16.898775, "decimalLongitude": 145.75322, "eventDate": "2024-06-11T20:34:31Z", "countryCode": "AU" }, "geometry": { "type": "Point", "coordinates": [ 145.75322, -16.898775 ] } },
{ "type": "Feature", "properties": { "decimalLatitude": -16.656088, "decimalLongitude": 145.563461, "eventDate": "2024-06-30T10:49:00Z", "countryCode": "AU" }, "geometry": { "type": "Point", "coordinates": [ 145.563461, -16.656088 ] } },
{ "type": "Feature", "properties": { "decimalLatitude": -17.349077, "decimalLongitude": 145.594043, "eventDate": "2024-06-28T12:18:14Z", "countryCode": "AU" }, "geometry": { "type": "Point", "coordinates": [ 145.594043, -17.349077 ] } },
{ "type": "Feature", "properties": { "decimalLatitude": -20.353171, "decimalLongitude": 148.678665, "eventDate": "2024-06-29T09:50:00Z", "countryCode": "AU" }, "geometry": { "type": "Point", "coordinates": [ 148.678665, -20.353171 ] } },
{ "type": "Feature", "properties": { "decimalLatitude": -17.536514, "decimalLongitude": 146.023841, "eventDate": "2024-06-29T19:18:00Z", "countryCode": "AU" }, "geometry": { "type": "Point", "coordinates": [ 146.023841, -17.536514 ] } },
{ "type": "Feature", "properties": { "decimalLatitude": -16.936768, "decimalLongitude": 145.699866, "eventDate": "2024-06-05T10:46:46Z", "countryCode": "AU" }, "geometry": { "type": "Point", "coordinates": [ 145.699866, -16.936768 ] } },
{ "type": "Feature", "properties": { "decimalLatitude": -17.10248, "decimalLongitude": 145.78865, "eventDate": "2024-06-19T10:52:00Z", "countryCode": "AU" }, "geometry": { "type": "Point", "coordinates": [ 145.78865, -17.10248 ] } },
{ "type": "Feature", "properties": { "decimalLatitude": -17.264537, "decimalLongitude": 145.484955, "eventDate": "2024-06-16T16:09:48Z", "countryCode": "AU" }, "geometry": { "type": "Point", "coordinates": [ 145.484955, -17.264537 ] } },
{ "type": "Feature", "properties": { "decimalLatitude": -17.55885, "decimalLongitude": 146.090685, "eventDate": "2024-06-26T11:12:00Z", "countryCode": "AU" }, "geometry": { "type": "Point", "coordinates": [ 146.090685, -17.55885 ] } },
{ "type": "Feature", "properties": { "decimalLatitude": -17.004708, "decimalLongitude": 145.582796, "eventDate": "2024-06-01T19:13:22Z", "countryCode": "AU" }, "geometry": { "type": "Point", "coordinates": [ 145.582796, -17.004708 ] } },
{ "type": "Feature", "properties": { "decimalLatitude": -16.902253, "decimalLongitude": 145.750167, "eventDate": "2024-06-22T19:52:00Z", "countryCode": "AU" }, "geometry": { "type": "Point", "coordinates": [ 145.750167, -16.902253 ] } },
{ "type": "Feature", "properties": { "decimalLatitude": -17.148653, "decimalLongitude": 145.84247, "eventDate": "2024-07-01T13:38:10Z", "countryCode": "AU" }, "geometry": { "type": "Point", "coordinates": [ 145.84247, -17.148653 ] } },
{ "type": "Feature", "properties": { "decimalLatitude": -17.559917, "decimalLongitude": 146.090018, "eventDate": "2024-07-08T13:13:10Z", "countryCode": "AU" }, "geometry": { "type": "Point", "coordinates": [ 146.090018, -17.559917 ] } },
{ "type": "Feature", "properties": { "decimalLatitude": -16.89892, "decimalLongitude": 145.748293, "eventDate": "2024-07-16T11:28:26Z", "countryCode": "AU" }, "geometry": { "type": "Point", "coordinates": [ 145.748293, -16.89892 ] } },
{ "type": "Feature", "properties": { "decimalLatitude": -17.560029, "decimalLongitude": 146.090003, "eventDate": "2024-07-08T13:09:51Z", "countryCode": "AU" }, "geometry": { "type": "Point", "coordinates": [ 146.090003, -17.560029 ] } },
{ "type": "Feature", "properties": { "decimalLatitude": -16.904187, "decimalLongitude": 145.751997, "eventDate": "2024-07-13T11:56:19Z", "countryCode": "AU" }, "geometry": { "type": "Point", "coordinates": [ 145.751997, -16.904187 ] } },
{ "type": "Feature", "properties": { "decimalLatitude": -16.916591, "decimalLongitude": 145.77488, "eventDate": "2024-07-05T15:41:09Z", "countryCode": "AU" }, "geometry": { "type": "Point", "coordinates": [ 145.77488, -16.916591 ] } },
{ "type": "Feature", "properties": { "decimalLatitude": -16.77673, "decimalLongitude": 145.682922, "eventDate": "2024-07-23T11:37:24Z", "countryCode": "AU" }, "geometry": { "type": "Point", "coordinates": [ 145.682922, -16.77673 ] } },
{ "type": "Feature", "properties": { "decimalLatitude": -16.899364, "decimalLongitude": 145.747799, "eventDate": "2024-07-13T12:28:00Z", "countryCode": "AU" }, "geometry": { "type": "Point", "coordinates": [ 145.747799, -16.899364 ] } },
{ "type": "Feature", "properties": { "decimalLatitude": -16.898659, "decimalLongitude": 145.74651, "eventDate": "2024-07-16T07:25:00Z", "countryCode": "AU" }, "geometry": { "type": "Point", "coordinates": [ 145.74651, -16.898659 ] } },
{ "type": "Feature", "properties": { "decimalLatitude": -16.898659, "decimalLongitude": 145.74651, "eventDate": "2024-07-16T07:21:00Z", "countryCode": "AU" }, "geometry": { "type": "Point", "coordinates": [ 145.74651, -16.898659 ] } },
{ "type": "Feature", "properties": { "decimalLatitude": -17.341358, "decimalLongitude": 145.86976, "eventDate": "2024-07-14T09:39:00Z", "countryCode": "AU" }, "geometry": { "type": "Point", "coordinates": [ 145.86976, -17.341358 ] } },
{ "type": "Feature", "properties": { "decimalLatitude": -21.133462, "decimalLongitude": 148.528358, "eventDate": "2024-07-21T09:28:00Z", "countryCode": "AU" }, "geometry": { "type": "Point", "coordinates": [ 148.528358, -21.133462 ] } },
{ "type": "Feature", "properties": { "decimalLatitude": -16.898659, "decimalLongitude": 145.74651, "eventDate": "2024-07-16T07:24:00Z", "countryCode": "AU" }, "geometry": { "type": "Point", "coordinates": [ 145.74651, -16.898659 ] } },
{ "type": "Feature", "properties": { "decimalLatitude": -16.898659, "decimalLongitude": 145.74651, "eventDate": "2024-07-16T06:59:00Z", "countryCode": "AU" }, "geometry": { "type": "Point", "coordinates": [ 145.74651, -16.898659 ] } },
{ "type": "Feature", "properties": { "decimalLatitude": -17.341358, "decimalLongitude": 145.86976, "eventDate": "2024-07-14T09:31:00Z", "countryCode": "AU" }, "geometry": { "type": "Point", "coordinates": [ 145.86976, -17.341358 ] } },
{ "type": "Feature", "properties": { "decimalLatitude": -21.133964, "decimalLongitude": 148.528483, "eventDate": "2024-07-20T11:09:00Z", "countryCode": "AU" }, "geometry": { "type": "Point", "coordinates": [ 148.528483, -21.133964 ] } },
{ "type": "Feature", "properties": { "decimalLatitude": -17.159533, "decimalLongitude": 145.554078, "eventDate": "2024-07-25T08:06:42Z", "countryCode": "AU" }, "geometry": { "type": "Point", "coordinates": [ 145.554078, -17.159533 ] } },
{ "type": "Feature", "properties": { "decimalLatitude": -16.899472, "decimalLongitude": 145.747089, "eventDate": "2024-07-28T13:59:00Z", "countryCode": "AU" }, "geometry": { "type": "Point", "coordinates": [ 145.747089, -16.899472 ] } },
{ "type": "Feature", "properties": { "decimalLatitude": -16.976242, "decimalLongitude": 145.736074, "eventDate": "2024-07-28T17:12:00Z", "countryCode": "AU" }, "geometry": { "type": "Point", "coordinates": [ 145.736074, -16.976242 ] } },
{ "type": "Feature", "properties": { "decimalLatitude": -21.136633, "decimalLongitude": 148.388078, "eventDate": "2024-07-04T15:02:07Z", "countryCode": "AU" }, "geometry": { "type": "Point", "coordinates": [ 148.388078, -21.136633 ] } },
{ "type": "Feature", "properties": { "decimalLatitude": -16.9135, "decimalLongitude": 145.771907, "eventDate": "2024-07-23T13:40:00Z", "countryCode": "AU" }, "geometry": { "type": "Point", "coordinates": [ 145.771907, -16.9135 ] } },
{ "type": "Feature", "properties": { "decimalLatitude": -17.893332, "decimalLongitude": 146.095127, "eventDate": "2024-07-03T15:53:00Z", "countryCode": "AU" }, "geometry": { "type": "Point", "coordinates": [ 146.095127, -17.893332 ] } },
{ "type": "Feature", "properties": { "decimalLatitude": -16.899504, "decimalLongitude": 145.74791, "eventDate": "2024-07-24T11:37:00Z", "countryCode": "AU" }, "geometry": { "type": "Point", "coordinates": [ 145.74791, -16.899504 ] } },
{ "type": "Feature", "properties": { "decimalLatitude": -16.899504, "decimalLongitude": 145.74791, "eventDate": "2024-07-24T11:26:00Z", "countryCode": "AU" }, "geometry": { "type": "Point", "coordinates": [ 145.74791, -16.899504 ] } },
{ "type": "Feature", "properties": { "decimalLatitude": -16.899504, "decimalLongitude": 145.74791, "eventDate": "2024-07-27T09:50:00Z", "countryCode": "AU" }, "geometry": { "type": "Point", "coordinates": [ 145.74791, -16.899504 ] } },
{ "type": "Feature", "properties": { "decimalLatitude": -17.496899, "decimalLongitude": 146.076065, "eventDate": "2024-07-16T07:31:00Z", "countryCode": "AU" }, "geometry": { "type": "Point", "coordinates": [ 146.076065, -17.496899 ] } },
{ "type": "Feature", "properties": { "decimalLatitude": -17.496899, "decimalLongitude": 146.076065, "eventDate": "2024-07-16T07:20:00Z", "countryCode": "AU" }, "geometry": { "type": "Point", "coordinates": [ 146.076065, -17.496899 ] } },
{ "type": "Feature", "properties": { "decimalLatitude": -16.899504, "decimalLongitude": 145.74791, "eventDate": "2024-07-27T09:41:00Z", "countryCode": "AU" }, "geometry": { "type": "Point", "coordinates": [ 145.74791, -16.899504 ] } },
{ "type": "Feature", "properties": { "decimalLatitude": -15.907557, "decimalLongitude": 145.356572, "eventDate": "2024-08-13T15:37:00Z", "countryCode": "AU" }, "geometry": { "type": "Point", "coordinates": [ 145.356572, -15.907557 ] } },
{ "type": "Feature", "properties": { "decimalLatitude": -21.162508, "decimalLongitude": 149.156979, "eventDate": "2024-08-17T14:30:00Z", "countryCode": "AU" }, "geometry": { "type": "Point", "coordinates": [ 149.156979, -21.162508 ] } },
{ "type": "Feature", "properties": { "decimalLatitude": -15.907906, "decimalLongitude": 145.348736, "eventDate": "2024-08-16T07:24:00Z", "countryCode": "AU" }, "geometry": { "type": "Point", "coordinates": [ 145.348736, -15.907906 ] } },
{ "type": "Feature", "properties": { "decimalLatitude": -16.909317, "decimalLongitude": 145.753266, "eventDate": "2024-08-17T07:21:17Z", "countryCode": "AU" }, "geometry": { "type": "Point", "coordinates": [ 145.753266, -16.909317 ] } },
{ "type": "Feature", "properties": { "decimalLatitude": -16.899152, "decimalLongitude": 145.746731, "eventDate": "2024-08-27T12:17:55Z", "countryCode": "AU" }, "geometry": { "type": "Point", "coordinates": [ 145.746731, -16.899152 ] } },
{ "type": "Feature", "properties": { "decimalLatitude": -16.909058, "decimalLongitude": 145.762401, "eventDate": "2024-08-16T08:17:00Z", "countryCode": "AU" }, "geometry": { "type": "Point", "coordinates": [ 145.762401, -16.909058 ] } },
{ "type": "Feature", "properties": { "decimalLatitude": -16.899504, "decimalLongitude": 145.74791, "eventDate": "2024-08-25T12:46:00Z", "countryCode": "AU" }, "geometry": { "type": "Point", "coordinates": [ 145.74791, -16.899504 ] } },
{ "type": "Feature", "properties": { "decimalLatitude": -17.60472, "decimalLongitude": 145.808988, "eventDate": "2024-08-22T09:57:00Z", "countryCode": "AU" }, "geometry": { "type": "Point", "coordinates": [ 145.808988, -17.60472 ] } },
{ "type": "Feature", "properties": { "decimalLatitude": -16.963848, "decimalLongitude": 145.680635, "eventDate": "2024-09-08T16:00:33Z", "countryCode": "AU" }, "geometry": { "type": "Point", "coordinates": [ 145.680635, -16.963848 ] } },
{ "type": "Feature", "properties": { "decimalLatitude": -16.097575, "decimalLongitude": 145.463308, "eventDate": "2024-09-08T04:57:28Z", "countryCode": "AU" }, "geometry": { "type": "Point", "coordinates": [ 145.463308, -16.097575 ] } },
{ "type": "Feature", "properties": { "decimalLatitude": -16.943032, "decimalLongitude": 145.695918, "eventDate": "2024-09-05T00:00:00Z", "countryCode": "AU" }, "geometry": { "type": "Point", "coordinates": [ 145.695918, -16.943032 ] } },
{ "type": "Feature", "properties": { "decimalLatitude": -17.341215, "decimalLongitude": 145.86933, "eventDate": "2024-09-20T15:50:00Z", "countryCode": "AU" }, "geometry": { "type": "Point", "coordinates": [ 145.86933, -17.341215 ] } },
{ "type": "Feature", "properties": { "decimalLatitude": -17.345097, "decimalLongitude": 145.855286, "eventDate": "2024-09-22T17:54:03Z", "countryCode": "AU" }, "geometry": { "type": "Point", "coordinates": [ 145.855286, -17.345097 ] } },
{ "type": "Feature", "properties": { "decimalLatitude": -17.342108, "decimalLongitude": 145.869705, "eventDate": "2024-09-21T15:29:00Z", "countryCode": "AU" }, "geometry": { "type": "Point", "coordinates": [ 145.869705, -17.342108 ] } },
{ "type": "Feature", "properties": { "decimalLatitude": -16.906767, "decimalLongitude": 145.753024, "eventDate": "2024-09-17T07:48:00Z", "countryCode": "AU" }, "geometry": { "type": "Point", "coordinates": [ 145.753024, -16.906767 ] } },
{ "type": "Feature", "properties": { "decimalLatitude": -16.902641, "decimalLongitude": 145.749503, "eventDate": "2024-09-16T14:17:00Z", "countryCode": "AU" }, "geometry": { "type": "Point", "coordinates": [ 145.749503, -16.902641 ] } },
{ "type": "Feature", "properties": { "decimalLatitude": -17.364253, "decimalLongitude": 145.558985, "eventDate": "2024-09-29T16:02:00Z", "countryCode": "AU" }, "geometry": { "type": "Point", "coordinates": [ 145.558985, -17.364253 ] } },
{ "type": "Feature", "properties": { "decimalLatitude": -17.436295, "decimalLongitude": 145.885208, "eventDate": "2024-09-06T09:14:42Z", "countryCode": "AU" }, "geometry": { "type": "Point", "coordinates": [ 145.885208, -17.436295 ] } },
{ "type": "Feature", "properties": { "decimalLatitude": -16.911346, "decimalLongitude": 145.764248, "eventDate": "2024-09-14T10:49:00Z", "countryCode": "AU" }, "geometry": { "type": "Point", "coordinates": [ 145.764248, -16.911346 ] } },
{ "type": "Feature", "properties": { "decimalLatitude": -17.340869, "decimalLongitude": 145.868136, "eventDate": "2024-09-20T14:30:00Z", "countryCode": "AU" }, "geometry": { "type": "Point", "coordinates": [ 145.868136, -17.340869 ] } },
{ "type": "Feature", "properties": { "decimalLatitude": -17.340869, "decimalLongitude": 145.868136, "eventDate": "2024-09-20T14:30:00Z", "countryCode": "AU" }, "geometry": { "type": "Point", "coordinates": [ 145.868136, -17.340869 ] } },
{ "type": "Feature", "properties": { "decimalLatitude": -17.560716, "decimalLongitude": 146.090992, "eventDate": "2024-09-05T01:18:30Z", "countryCode": "AU" }, "geometry": { "type": "Point", "coordinates": [ 146.090992, -17.560716 ] } },
{ "type": "Feature", "properties": { "decimalLatitude": -16.9135, "decimalLongitude": 145.771907, "eventDate": "2024-09-13T06:57:00Z", "countryCode": "AU" }, "geometry": { "type": "Point", "coordinates": [ 145.771907, -16.9135 ] } },
{ "type": "Feature", "properties": { "decimalLatitude": -16.9135, "decimalLongitude": 145.771907, "eventDate": "2024-09-12T08:10:00Z", "countryCode": "AU" }, "geometry": { "type": "Point", "coordinates": [ 145.771907, -16.9135 ] } },
{ "type": "Feature", "properties": { "decimalLatitude": -17.34117, "decimalLongitude": 145.869084, "eventDate": "2024-09-07T13:48:07Z", "countryCode": "AU" }, "geometry": { "type": "Point", "coordinates": [ 145.869084, -17.34117 ] } },
{ "type": "Feature", "properties": { "decimalLatitude": -16.843309, "decimalLongitude": 145.798542, "eventDate": "2024-09-09T00:00:00Z", "countryCode": "AU" }, "geometry": { "type": "Point", "coordinates": [ 145.798542, -16.843309 ] } },
{ "type": "Feature", "properties": { "decimalLatitude": -17.341488, "decimalLongitude": 145.869293, "eventDate": "2024-09-20T14:24:00Z", "countryCode": "AU" }, "geometry": { "type": "Point", "coordinates": [ 145.869293, -17.341488 ] } },
{ "type": "Feature", "properties": { "decimalLatitude": -17.341488, "decimalLongitude": 145.869293, "eventDate": "2024-09-20T14:28:00Z", "countryCode": "AU" }, "geometry": { "type": "Point", "coordinates": [ 145.869293, -17.341488 ] } },
{ "type": "Feature", "properties": { "decimalLatitude": -17.341488, "decimalLongitude": 145.869293, "eventDate": "2024-09-20T15:58:00Z", "countryCode": "AU" }, "geometry": { "type": "Point", "coordinates": [ 145.869293, -17.341488 ] } },
{ "type": "Feature", "properties": { "decimalLatitude": -17.341488, "decimalLongitude": 145.869293, "eventDate": "2024-09-20T14:28:00Z", "countryCode": "AU" }, "geometry": { "type": "Point", "coordinates": [ 145.869293, -17.341488 ] } },
{ "type": "Feature", "properties": { "decimalLatitude": -17.1879, "decimalLongitude": 145.823039, "eventDate": "2024-09-20T11:48:00Z", "countryCode": "AU" }, "geometry": { "type": "Point", "coordinates": [ 145.823039, -17.1879 ] } },
{ "type": "Feature", "properties": { "decimalLatitude": -17.340996, "decimalLongitude": 145.871531, "eventDate": "2024-09-19T13:19:02Z", "countryCode": "AU" }, "geometry": { "type": "Point", "coordinates": [ 145.871531, -17.340996 ] } },
{ "type": "Feature", "properties": { "decimalLatitude": -17.314288, "decimalLongitude": 145.696527, "eventDate": "2024-09-14T00:00:00Z", "countryCode": "AU" }, "geometry": { "type": "Point", "coordinates": [ 145.696527, -17.314288 ] } },
{ "type": "Feature", "properties": { "decimalLatitude": -17.099844, "decimalLongitude": 145.787103, "eventDate": "2024-09-19T09:01:00Z", "countryCode": "AU" }, "geometry": { "type": "Point", "coordinates": [ 145.787103, -17.099844 ] } },
{ "type": "Feature", "properties": { "decimalLatitude": -16.959163, "decimalLongitude": 145.76723, "eventDate": "2024-09-17T00:00:00Z", "countryCode": "AU" }, "geometry": { "type": "Point", "coordinates": [ 145.76723, -16.959163 ] } },
{ "type": "Feature", "properties": { "decimalLatitude": -17.509997, "decimalLongitude": 146.063508, "eventDate": "2024-10-06T09:22:10Z", "countryCode": "AU" }, "geometry": { "type": "Point", "coordinates": [ 146.063508, -17.509997 ] } },
{ "type": "Feature", "properties": { "decimalLatitude": -17.351288, "decimalLongitude": 146.021213, "eventDate": "2024-10-15T16:31:00Z", "countryCode": "AU" }, "geometry": { "type": "Point", "coordinates": [ 146.021213, -17.351288 ] } },
{ "type": "Feature", "properties": { "decimalLatitude": -17.342409, "decimalLongitude": 145.869197, "eventDate": "2024-10-25T09:54:44Z", "countryCode": "AU" }, "geometry": { "type": "Point", "coordinates": [ 145.869197, -17.342409 ] } },
{ "type": "Feature", "properties": { "decimalLatitude": -17.299117, "decimalLongitude": 145.476046, "eventDate": "2024-10-27T11:15:21Z", "countryCode": "AU" }, "geometry": { "type": "Point", "coordinates": [ 145.476046, -17.299117 ] } },
{ "type": "Feature", "properties": { "decimalLatitude": -16.915304, "decimalLongitude": 145.699915, "eventDate": "2024-10-06T11:38:59Z", "countryCode": "AU" }, "geometry": { "type": "Point", "coordinates": [ 145.699915, -16.915304 ] } },
{ "type": "Feature", "properties": { "decimalLatitude": -16.776131, "decimalLongitude": 145.669353, "eventDate": "2024-10-27T10:30:19Z", "countryCode": "AU" }, "geometry": { "type": "Point", "coordinates": [ 145.669353, -16.776131 ] } },
{ "type": "Feature", "properties": { "decimalLatitude": -17.50656, "decimalLongitude": 145.63382, "eventDate": "2024-10-28T05:45:57Z", "countryCode": "AU" }, "geometry": { "type": "Point", "coordinates": [ 145.63382, -17.50656 ] } },
{ "type": "Feature", "properties": { "decimalLatitude": -17.270703, "decimalLongitude": 145.582656, "eventDate": "2024-10-26T11:31:50Z", "countryCode": "AU" }, "geometry": { "type": "Point", "coordinates": [ 145.582656, -17.270703 ] } },
{ "type": "Feature", "properties": { "decimalLatitude": -17.270209, "decimalLongitude": 145.579086, "eventDate": "2024-10-13T15:26:00Z", "countryCode": "AU" }, "geometry": { "type": "Point", "coordinates": [ 145.579086, -17.270209 ] } },
{ "type": "Feature", "properties": { "decimalLatitude": -17.351305, "decimalLongitude": 146.021197, "eventDate": "2024-10-15T16:31:00Z", "countryCode": "AU" }, "geometry": { "type": "Point", "coordinates": [ 146.021197, -17.351305 ] } },
{ "type": "Feature", "properties": { "decimalLatitude": -17.204081, "decimalLongitude": 145.675212, "eventDate": "2024-10-26T21:25:23Z", "countryCode": "AU" }, "geometry": { "type": "Point", "coordinates": [ 145.675212, -17.204081 ] } },
{ "type": "Feature", "properties": { "decimalLatitude": -0.77613, "decimalLongitude": 131.700902, "eventDate": "2024-10-28T08:57:00Z", "countryCode": "ID" }, "geometry": { "type": "Point", "coordinates": [ 131.700902, -0.77613 ] } },
{ "type": "Feature", "properties": { "decimalLatitude": -17.515672, "decimalLongitude": 146.034884, "eventDate": "2024-10-31T10:40:00Z", "countryCode": "AU" }, "geometry": { "type": "Point", "coordinates": [ 146.034884, -17.515672 ] } },
{ "type": "Feature", "properties": { "decimalLatitude": -17.163626, "decimalLongitude": 145.83107, "eventDate": "2024-11-03T11:41:15Z", "countryCode": "AU" }, "geometry": { "type": "Point", "coordinates": [ 145.83107, -17.163626 ] } },
{ "type": "Feature", "properties": { "decimalLatitude": -17.355205, "decimalLongitude": 145.586754, "eventDate": "2024-11-10T11:24:00Z", "countryCode": "AU" }, "geometry": { "type": "Point", "coordinates": [ 145.586754, -17.355205 ] } },
{ "type": "Feature", "properties": { "decimalLatitude": -17.267517, "decimalLongitude": 145.493648, "eventDate": "2024-11-12T11:40:42Z", "countryCode": "AU" }, "geometry": { "type": "Point", "coordinates": [ 145.493648, -17.267517 ] } },
{ "type": "Feature", "properties": { "decimalLatitude": -17.049137, "decimalLongitude": 145.538166, "eventDate": "2024-11-10T07:21:00Z", "countryCode": "AU" }, "geometry": { "type": "Point", "coordinates": [ 145.538166, -17.049137 ] } },
{ "type": "Feature", "properties": { "decimalLatitude": -17.282225, "decimalLongitude": 145.469031, "eventDate": "2024-11-16T16:49:36Z", "countryCode": "AU" }, "geometry": { "type": "Point", "coordinates": [ 145.469031, -17.282225 ] } },
{ "type": "Feature", "properties": { "decimalLatitude": -17.773409, "decimalLongitude": 145.698701, "eventDate": "2024-11-18T07:51:00Z", "countryCode": "AU" }, "geometry": { "type": "Point", "coordinates": [ 145.698701, -17.773409 ] } },
{ "type": "Feature", "properties": { "decimalLatitude": -17.25012, "decimalLongitude": 145.641633, "eventDate": "2024-11-13T11:47:54Z", "countryCode": "AU" }, "geometry": { "type": "Point", "coordinates": [ 145.641633, -17.25012 ] } },
{ "type": "Feature", "properties": { "decimalLatitude": -16.89916, "decimalLongitude": 145.746607, "eventDate": "2024-11-19T07:40:00Z", "countryCode": "AU" }, "geometry": { "type": "Point", "coordinates": [ 145.746607, -16.89916 ] } },
{ "type": "Feature", "properties": { "decimalLatitude": -17.432332, "decimalLongitude": 145.859511, "eventDate": "2024-11-18T13:00:00Z", "countryCode": "AU" }, "geometry": { "type": "Point", "coordinates": [ 145.859511, -17.432332 ] } },
{ "type": "Feature", "properties": { "decimalLatitude": -16.902353, "decimalLongitude": 145.743988, "eventDate": "2024-11-23T11:16:51Z", "countryCode": "AU" }, "geometry": { "type": "Point", "coordinates": [ 145.743988, -16.902353 ] } },
{ "type": "Feature", "properties": { "decimalLatitude": -17.056998, "decimalLongitude": 145.540915, "eventDate": "2024-11-24T09:12:47Z", "countryCode": "AU" }, "geometry": { "type": "Point", "coordinates": [ 145.540915, -17.056998 ] } },
{ "type": "Feature", "properties": { "decimalLatitude": -17.341945, "decimalLongitude": 145.869551, "eventDate": "2024-11-08T11:21:01Z", "countryCode": "AU" }, "geometry": { "type": "Point", "coordinates": [ 145.869551, -17.341945 ] } },
{ "type": "Feature", "properties": { "decimalLatitude": -16.919065, "decimalLongitude": 145.772133, "eventDate": "2024-11-25T09:30:00Z", "countryCode": "AU" }, "geometry": { "type": "Point", "coordinates": [ 145.772133, -16.919065 ] } },
{ "type": "Feature", "properties": { "decimalLatitude": -17.341519, "decimalLongitude": 145.869245, "eventDate": "2024-11-08T11:28:23Z", "countryCode": "AU" }, "geometry": { "type": "Point", "coordinates": [ 145.869245, -17.341519 ] } },
{ "type": "Feature", "properties": { "decimalLatitude": -16.919081, "decimalLongitude": 145.772127, "eventDate": "2024-11-25T09:30:00Z", "countryCode": "AU" }, "geometry": { "type": "Point", "coordinates": [ 145.772127, -16.919081 ] } },
{ "type": "Feature", "properties": { "decimalLatitude": -17.264478, "decimalLongitude": 145.484863, "eventDate": "2024-11-28T11:14:50Z", "countryCode": "AU" }, "geometry": { "type": "Point", "coordinates": [ 145.484863, -17.264478 ] } },
{ "type": "Feature", "properties": { "decimalLatitude": -17.343467, "decimalLongitude": 145.871917, "eventDate": "2024-11-27T13:19:02Z", "countryCode": "AU" }, "geometry": { "type": "Point", "coordinates": [ 145.871917, -17.343467 ] } },
{ "type": "Feature", "properties": { "decimalLatitude": -17.24583, "decimalLongitude": 145.640872, "eventDate": "2024-11-04T16:50:00Z", "countryCode": "AU" }, "geometry": { "type": "Point", "coordinates": [ 145.640872, -17.24583 ] } },
{ "type": "Feature", "properties": { "decimalLatitude": -16.992563, "decimalLongitude": 145.419267, "eventDate": "2024-11-12T10:02:53Z", "countryCode": "AU" }, "geometry": { "type": "Point", "coordinates": [ 145.419267, -16.992563 ] } },
{ "type": "Feature", "properties": { "decimalLatitude": -16.594653, "decimalLongitude": 145.338644, "eventDate": "2024-11-12T13:38:25Z", "countryCode": "AU" }, "geometry": { "type": "Point", "coordinates": [ 145.338644, -16.594653 ] } },
{ "type": "Feature", "properties": { "decimalLatitude": -17.557911, "decimalLongitude": 145.75004, "eventDate": "2024-11-30T10:28:53Z", "countryCode": "AU" }, "geometry": { "type": "Point", "coordinates": [ 145.75004, -17.557911 ] } },
{ "type": "Feature", "properties": { "decimalLatitude": -17.343153, "decimalLongitude": 145.871887, "eventDate": "2024-11-07T13:16:15Z", "countryCode": "AU" }, "geometry": { "type": "Point", "coordinates": [ 145.871887, -17.343153 ] } },
{ "type": "Feature", "properties": { "decimalLatitude": -17.468635, "decimalLongitude": 145.441315, "eventDate": "2024-11-01T15:09:00Z", "countryCode": "AU" }, "geometry": { "type": "Point", "coordinates": [ 145.441315, -17.468635 ] } },
{ "type": "Feature", "properties": { "decimalLatitude": -16.474941, "decimalLongitude": 145.348509, "eventDate": "2024-12-06T12:59:00Z", "countryCode": "AU" }, "geometry": { "type": "Point", "coordinates": [ 145.348509, -16.474941 ] } },
{ "type": "Feature", "properties": { "decimalLatitude": -17.276933, "decimalLongitude": 145.472336, "eventDate": "2024-12-06T10:37:00Z", "countryCode": "AU" }, "geometry": { "type": "Point", "coordinates": [ 145.472336, -17.276933 ] } },
{ "type": "Feature", "properties": { "decimalLatitude": -16.899324, "decimalLongitude": 145.746737, "eventDate": "2024-12-16T08:07:00Z", "countryCode": "AU" }, "geometry": { "type": "Point", "coordinates": [ 145.746737, -16.899324 ] } },
{ "type": "Feature", "properties": { "decimalLatitude": -18.090335, "decimalLongitude": 145.314349, "eventDate": "2024-12-26T05:31:00Z", "countryCode": "AU" }, "geometry": { "type": "Point", "coordinates": [ 145.314349, -18.090335 ] } },
{ "type": "Feature", "properties": { "decimalLatitude": -17.375065, "decimalLongitude": 145.579915, "eventDate": "2024-12-11T09:01:37Z", "countryCode": "AU" }, "geometry": { "type": "Point", "coordinates": [ 145.579915, -17.375065 ] } },
{ "type": "Feature", "properties": { "decimalLatitude": -21.13406, "decimalLongitude": 148.528638, "eventDate": "2024-12-22T09:41:00Z", "countryCode": "AU" }, "geometry": { "type": "Point", "coordinates": [ 148.528638, -21.13406 ] } },
{ "type": "Feature", "properties": { "decimalLatitude": -16.918424, "decimalLongitude": 145.778297, "eventDate": "2024-12-08T14:43:15Z", "countryCode": "AU" }, "geometry": { "type": "Point", "coordinates": [ 145.778297, -16.918424 ] } },
{ "type": "Feature", "properties": { "decimalLatitude": -16.880745, "decimalLongitude": 145.712433, "eventDate": "2024-12-24T13:28:38Z", "countryCode": "AU" }, "geometry": { "type": "Point", "coordinates": [ 145.712433, -16.880745 ] } },
{ "type": "Feature", "properties": { "decimalLatitude": -17.245365, "decimalLongitude": 145.774948, "eventDate": "2024-12-31T10:22:00Z", "countryCode": "AU" }, "geometry": { "type": "Point", "coordinates": [ 145.774948, -17.245365 ] } },
{ "type": "Feature", "properties": { "decimalLatitude": -17.298868, "decimalLongitude": 145.476343, "eventDate": "2024-12-08T09:02:58Z", "countryCode": "AU" }, "geometry": { "type": "Point", "coordinates": [ 145.476343, -17.298868 ] } },
{ "type": "Feature", "properties": { "decimalLatitude": -17.286094, "decimalLongitude": 145.635697, "eventDate": "2024-12-12T16:54:00Z", "countryCode": "AU" }, "geometry": { "type": "Point", "coordinates": [ 145.635697, -17.286094 ] } },
{ "type": "Feature", "properties": { "decimalLatitude": -17.297051, "decimalLongitude": 145.477509, "eventDate": "2024-12-07T02:19:00Z", "countryCode": "AU" }, "geometry": { "type": "Point", "coordinates": [ 145.477509, -17.297051 ] } },
{ "type": "Feature", "properties": { "decimalLatitude": -17.341488, "decimalLongitude": 145.869293, "eventDate": "2024-12-27T11:11:20Z", "countryCode": "AU" }, "geometry": { "type": "Point", "coordinates": [ 145.869293, -17.341488 ] } },
{ "type": "Feature", "properties": { "decimalLatitude": -17.298677, "decimalLongitude": 145.476272, "eventDate": "2024-12-08T16:30:00Z", "countryCode": "AU" }, "geometry": { "type": "Point", "coordinates": [ 145.476272, -17.298677 ] } },
{ "type": "Feature", "properties": { "decimalLatitude": -17.572613, "decimalLongitude": 145.815758, "eventDate": "2024-12-08T17:58:00Z", "countryCode": "AU" }, "geometry": { "type": "Point", "coordinates": [ 145.815758, -17.572613 ] } },
{ "type": "Feature", "properties": { "decimalLatitude": -17.637977, "decimalLongitude": 145.84297, "eventDate": "2025-01-05T12:53:58Z", "countryCode": "AU" }, "geometry": { "type": "Point", "coordinates": [ 145.84297, -17.637977 ] } },
{ "type": "Feature", "properties": { "decimalLatitude": -12.708641, "decimalLongitude": 143.296225, "eventDate": "2025-01-16T12:32:31Z", "countryCode": "AU" }, "geometry": { "type": "Point", "coordinates": [ 143.296225, -12.708641 ] } },
{ "type": "Feature", "properties": { "decimalLatitude": -17.341641, "decimalLongitude": 145.870788, "eventDate": "2025-01-18T13:48:00Z", "countryCode": "AU" }, "geometry": { "type": "Point", "coordinates": [ 145.870788, -17.341641 ] } },
{ "type": "Feature", "properties": { "decimalLatitude": -17.351472, "decimalLongitude": 145.753205, "eventDate": "2025-01-22T13:29:04Z", "countryCode": "AU" }, "geometry": { "type": "Point", "coordinates": [ 145.753205, -17.351472 ] } },
{ "type": "Feature", "properties": { "decimalLatitude": -17.341936, "decimalLongitude": 145.869441, "eventDate": "2025-01-23T15:51:00Z", "countryCode": "AU" }, "geometry": { "type": "Point", "coordinates": [ 145.869441, -17.341936 ] } },
{ "type": "Feature", "properties": { "decimalLatitude": -17.297826, "decimalLongitude": 145.964861, "eventDate": "2025-01-17T10:48:17Z", "countryCode": "AU" }, "geometry": { "type": "Point", "coordinates": [ 145.964861, -17.297826 ] } },
{ "type": "Feature", "properties": { "decimalLatitude": -17.354158, "decimalLongitude": 145.753686, "eventDate": "2025-01-22T14:38:00Z", "countryCode": "AU" }, "geometry": { "type": "Point", "coordinates": [ 145.753686, -17.354158 ] } },
{ "type": "Feature", "properties": { "decimalLatitude": -21.2, "decimalLongitude": 149.2, "eventDate": "2025-01-18T01:15:13Z", "countryCode": "AU" }, "geometry": { "type": "Point", "coordinates": [ 149.2, -21.2 ] } },
{ "type": "Feature", "properties": { "decimalLatitude": -21.2, "decimalLongitude": 149.2, "eventDate": "2025-01-18T01:31:30Z", "countryCode": "AU" }, "geometry": { "type": "Point", "coordinates": [ 149.2, -21.2 ] } },
{ "type": "Feature", "properties": { "decimalLatitude": -17.342238, "decimalLongitude": 145.869933, "eventDate": "2025-01-31T11:37:21Z", "countryCode": "AU" }, "geometry": { "type": "Point", "coordinates": [ 145.869933, -17.342238 ] } },
{ "type": "Feature", "properties": { "decimalLatitude": -17.342095, "decimalLongitude": 145.86995, "eventDate": "2025-01-31T01:37:23Z", "countryCode": "AU" }, "geometry": { "type": "Point", "coordinates": [ 145.86995, -17.342095 ] } },
{ "type": "Feature", "properties": { "decimalLatitude": -21.241007, "decimalLongitude": 148.469332, "eventDate": "2025-02-15T07:53:00Z", "countryCode": "AU" }, "geometry": { "type": "Point", "coordinates": [ 148.469332, -21.241007 ] } },
{ "type": "Feature", "properties": { "decimalLatitude": -12.734683, "decimalLongitude": 143.262863, "eventDate": "2025-02-13T10:47:33Z", "countryCode": "AU" }, "geometry": { "type": "Point", "coordinates": [ 143.262863, -12.734683 ] } },
{ "type": "Feature", "properties": { "decimalLatitude": -16.898686, "decimalLongitude": 145.747119, "eventDate": "2025-03-21T00:00:00Z", "countryCode": "AU" }, "geometry": { "type": "Point", "coordinates": [ 145.747119, -16.898686 ] } },
{ "type": "Feature", "properties": { "decimalLatitude": -16.898538, "decimalLongitude": 145.747222, "eventDate": "2025-03-23T14:22:26Z", "countryCode": "AU" }, "geometry": { "type": "Point", "coordinates": [ 145.747222, -16.898538 ] } },
{ "type": "Feature", "properties": { "decimalLatitude": -16.898538, "decimalLongitude": 145.747938, "eventDate": "2025-03-23T10:03:30Z", "countryCode": "AU" }, "geometry": { "type": "Point", "coordinates": [ 145.747938, -16.898538 ] } },
{ "type": "Feature", "properties": { "decimalLatitude": -16.898843, "decimalLongitude": 145.748075, "eventDate": "2025-03-07T13:08:00Z", "countryCode": "AU" }, "geometry": { "type": "Point", "coordinates": [ 145.748075, -16.898843 ] } },
{ "type": "Feature", "properties": { "decimalLatitude": -16.920348, "decimalLongitude": 145.770953, "eventDate": "2025-04-26T22:37:00Z", "countryCode": "AU" }, "geometry": { "type": "Point", "coordinates": [ 145.770953, -16.920348 ] } },
{ "type": "Feature", "properties": { "decimalLatitude": -17.167104, "decimalLongitude": 145.546771, "eventDate": "2025-05-06T13:55:00Z", "countryCode": "AU" }, "geometry": { "type": "Point", "coordinates": [ 145.546771, -17.167104 ] } },
{ "type": "Feature", "properties": { "decimalLatitude": -16.474666, "decimalLongitude": 145.348693, "eventDate": "2025-05-03T16:45:11Z", "countryCode": "AU" }, "geometry": { "type": "Point", "coordinates": [ 145.348693, -16.474666 ] } },
{ "type": "Feature", "properties": { "decimalLatitude": -17.190266, "decimalLongitude": 145.823851, "eventDate": "2025-05-20T17:15:25Z", "countryCode": "AU" }, "geometry": { "type": "Point", "coordinates": [ 145.823851, -17.190266 ] } },
{ "type": "Feature", "properties": { "decimalLatitude": -16.793253, "decimalLongitude": 145.706391, "eventDate": "2025-05-14T13:45:00Z", "countryCode": "AU" }, "geometry": { "type": "Point", "coordinates": [ 145.706391, -16.793253 ] } },
{ "type": "Feature", "properties": { "decimalLatitude": -16.901819, "decimalLongitude": 145.749376, "eventDate": "2025-05-18T10:29:30Z", "countryCode": "AU" }, "geometry": { "type": "Point", "coordinates": [ 145.749376, -16.901819 ] } },
{ "type": "Feature", "properties": { "decimalLatitude": -16.922406, "decimalLongitude": 145.751239, "eventDate": "2025-05-29T12:32:53Z", "countryCode": "AU" }, "geometry": { "type": "Point", "coordinates": [ 145.751239, -16.922406 ] } },
{ "type": "Feature", "properties": { "decimalLatitude": -16.933469, "decimalLongitude": 145.72144, "eventDate": "2025-05-18T22:39:00Z", "countryCode": "AU" }, "geometry": { "type": "Point", "coordinates": [ 145.72144, -16.933469 ] } },
{ "type": "Feature", "properties": { "decimalLatitude": -17.118384, "decimalLongitude": 145.795069, "eventDate": "2025-05-09T10:35:00Z", "countryCode": "AU" }, "geometry": { "type": "Point", "coordinates": [ 145.795069, -17.118384 ] } },
{ "type": "Feature", "properties": { "decimalLatitude": -17.264453, "decimalLongitude": 145.484742, "eventDate": "2025-05-18T12:41:04Z", "countryCode": "AU" }, "geometry": { "type": "Point", "coordinates": [ 145.484742, -17.264453 ] } },
{ "type": "Feature", "properties": { "decimalLatitude": -17.264575, "decimalLongitude": 145.483125, "eventDate": "2025-05-09T01:58:32Z", "countryCode": "AU" }, "geometry": { "type": "Point", "coordinates": [ 145.483125, -17.264575 ] } },
{ "type": "Feature", "properties": { "decimalLatitude": -17.610108, "decimalLongitude": 145.79292, "eventDate": "2025-05-07T13:23:00Z", "countryCode": "AU" }, "geometry": { "type": "Point", "coordinates": [ 145.79292, -17.610108 ] } },
{ "type": "Feature", "properties": { "decimalLatitude": -17.120189, "decimalLongitude": 145.794011, "eventDate": "2025-05-09T10:44:49Z", "countryCode": "AU" }, "geometry": { "type": "Point", "coordinates": [ 145.794011, -17.120189 ] } },
{ "type": "Feature", "properties": { "decimalLatitude": -17.537104, "decimalLongitude": 145.754111, "eventDate": "2025-05-20T16:13:50Z", "countryCode": "AU" }, "geometry": { "type": "Point", "coordinates": [ 145.754111, -17.537104 ] } },
{ "type": "Feature", "properties": { "decimalLatitude": -16.900576, "decimalLongitude": 145.749873, "eventDate": "2025-06-12T19:41:00Z", "countryCode": "AU" }, "geometry": { "type": "Point", "coordinates": [ 145.749873, -16.900576 ] } },
{ "type": "Feature", "properties": { "decimalLatitude": -16.830586, "decimalLongitude": 145.699811, "eventDate": "2025-06-23T09:25:00Z", "countryCode": "AU" }, "geometry": { "type": "Point", "coordinates": [ 145.699811, -16.830586 ] } },
{ "type": "Feature", "properties": { "decimalLatitude": -16.898378, "decimalLongitude": 145.747422, "eventDate": "2025-06-24T12:49:45Z", "countryCode": "AU" }, "geometry": { "type": "Point", "coordinates": [ 145.747422, -16.898378 ] } },
{ "type": "Feature", "properties": { "decimalLatitude": -17.168363, "decimalLongitude": 145.831628, "eventDate": "2025-06-30T12:53:00Z", "countryCode": "AU" }, "geometry": { "type": "Point", "coordinates": [ 145.831628, -17.168363 ] } },
{ "type": "Feature", "properties": { "decimalLatitude": -16.696092, "decimalLongitude": 145.600175, "eventDate": "2025-06-25T12:21:00Z", "countryCode": "AU" }, "geometry": { "type": "Point", "coordinates": [ 145.600175, -16.696092 ] } },
{ "type": "Feature", "properties": { "decimalLatitude": -16.7606, "decimalLongitude": 145.673489, "eventDate": "2025-06-23T13:53:00Z", "countryCode": "AU" }, "geometry": { "type": "Point", "coordinates": [ 145.673489, -16.7606 ] } },
{ "type": "Feature", "properties": { "decimalLatitude": -16.907547, "decimalLongitude": 145.746377, "eventDate": "2025-06-26T13:20:48Z", "countryCode": "AU" }, "geometry": { "type": "Point", "coordinates": [ 145.746377, -16.907547 ] } },
{ "type": "Feature", "properties": { "decimalLatitude": -17.166301, "decimalLongitude": 145.830994, "eventDate": "2025-06-30T11:59:00Z", "countryCode": "AU" }, "geometry": { "type": "Point", "coordinates": [ 145.830994, -17.166301 ] } },
{ "type": "Feature", "properties": { "decimalLatitude": -16.902639, "decimalLongitude": 145.748348, "eventDate": "2025-06-30T18:13:00Z", "countryCode": "AU" }, "geometry": { "type": "Point", "coordinates": [ 145.748348, -16.902639 ] } },
{ "type": "Feature", "properties": { "decimalLatitude": -17.168689, "decimalLongitude": 145.83182, "eventDate": "2025-06-30T13:55:00Z", "countryCode": "AU" }, "geometry": { "type": "Point", "coordinates": [ 145.83182, -17.168689 ] } },
{ "type": "Feature", "properties": { "decimalLatitude": -16.898675, "decimalLongitude": 145.748322, "eventDate": "2025-06-24T01:39:36Z", "countryCode": "AU" }, "geometry": { "type": "Point", "coordinates": [ 145.748322, -16.898675 ] } },
{ "type": "Feature", "properties": { "decimalLatitude": -16.922176, "decimalLongitude": 145.770346, "eventDate": "2025-06-24T13:22:00Z", "countryCode": "AU" }, "geometry": { "type": "Point", "coordinates": [ 145.770346, -16.922176 ] } },
{ "type": "Feature", "properties": { "decimalLatitude": -16.831042, "decimalLongitude": 145.699822, "eventDate": "2025-06-24T08:46:50Z", "countryCode": "AU" }, "geometry": { "type": "Point", "coordinates": [ 145.699822, -16.831042 ] } },
{ "type": "Feature", "properties": { "decimalLatitude": -16.831711, "decimalLongitude": 145.700086, "eventDate": "2025-06-24T08:17:38Z", "countryCode": "AU" }, "geometry": { "type": "Point", "coordinates": [ 145.700086, -16.831711 ] } },
{ "type": "Feature", "properties": { "decimalLatitude": -16.90851, "decimalLongitude": 145.765973, "eventDate": "2025-06-14T16:29:00Z", "countryCode": "AU" }, "geometry": { "type": "Point", "coordinates": [ 145.765973, -16.90851 ] } },
{ "type": "Feature", "properties": { "decimalLatitude": -16.833138, "decimalLongitude": 145.700399, "eventDate": "2025-06-13T16:57:00Z", "countryCode": "AU" }, "geometry": { "type": "Point", "coordinates": [ 145.700399, -16.833138 ] } },
{ "type": "Feature", "properties": { "decimalLatitude": -17.203584, "decimalLongitude": 145.678901, "eventDate": "2025-06-08T23:08:00Z", "countryCode": "AU" }, "geometry": { "type": "Point", "coordinates": [ 145.678901, -17.203584 ] } },
{ "type": "Feature", "properties": { "decimalLatitude": -17.260597, "decimalLongitude": 145.58988, "eventDate": "2025-06-28T22:43:00Z", "countryCode": "AU" }, "geometry": { "type": "Point", "coordinates": [ 145.58988, -17.260597 ] } },
{ "type": "Feature", "properties": { "decimalLatitude": -16.930113, "decimalLongitude": 145.740508, "eventDate": "2025-06-12T17:34:06Z", "countryCode": "AU" }, "geometry": { "type": "Point", "coordinates": [ 145.740508, -16.930113 ] } },
{ "type": "Feature", "properties": { "decimalLatitude": -16.8, "decimalLongitude": 145.7, "eventDate": "2025-06-26T15:09:00Z", "countryCode": "AU" }, "geometry": { "type": "Point", "coordinates": [ 145.7, -16.8 ] } },
{ "type": "Feature", "properties": { "decimalLatitude": -16.840848, "decimalLongitude": 145.74034, "eventDate": "2025-07-09T12:42:14Z", "countryCode": "AU" }, "geometry": { "type": "Point", "coordinates": [ 145.74034, -16.840848 ] } },
{ "type": "Feature", "properties": { "decimalLatitude": -17.286275, "decimalLongitude": 145.45845, "eventDate": "2025-07-14T16:43:23Z", "countryCode": "AU" }, "geometry": { "type": "Point", "coordinates": [ 145.45845, -17.286275 ] } },
{ "type": "Feature", "properties": { "decimalLatitude": -17.50405, "decimalLongitude": 146.076277, "eventDate": "2025-07-20T11:02:13Z", "countryCode": "AU" }, "geometry": { "type": "Point", "coordinates": [ 146.076277, -17.50405 ] } },
{ "type": "Feature", "properties": { "decimalLatitude": -17.490811, "decimalLongitude": 146.076199, "eventDate": "2025-07-19T13:34:26Z", "countryCode": "AU" }, "geometry": { "type": "Point", "coordinates": [ 146.076199, -17.490811 ] } },
{ "type": "Feature", "properties": { "decimalLatitude": -17.490804, "decimalLongitude": 146.076219, "eventDate": "2025-07-19T13:41:20Z", "countryCode": "AU" }, "geometry": { "type": "Point", "coordinates": [ 146.076219, -17.490804 ] } },
{ "type": "Feature", "properties": { "decimalLatitude": -17.502079, "decimalLongitude": 146.074246, "eventDate": "2025-07-20T10:55:30Z", "countryCode": "AU" }, "geometry": { "type": "Point", "coordinates": [ 146.074246, -17.502079 ] } },
{ "type": "Feature", "properties": { "decimalLatitude": -16.90119, "decimalLongitude": 145.75, "eventDate": "2025-07-11T10:43:16Z", "countryCode": "AU" }, "geometry": { "type": "Point", "coordinates": [ 145.75, -16.90119 ] } },
{ "type": "Feature", "properties": { "decimalLatitude": -16.92326, "decimalLongitude": 145.760345, "eventDate": "2025-07-03T16:10:15Z", "countryCode": "AU" }, "geometry": { "type": "Point", "coordinates": [ 145.760345, -16.92326 ] } },
{ "type": "Feature", "properties": { "decimalLatitude": -16.916178, "decimalLongitude": 145.774522, "eventDate": "2025-07-22T17:00:24Z", "countryCode": "AU" }, "geometry": { "type": "Point", "coordinates": [ 145.774522, -16.916178 ] } },
{ "type": "Feature", "properties": { "decimalLatitude": -17.49079, "decimalLongitude": 146.076195, "eventDate": "2025-07-19T13:37:48Z", "countryCode": "AU" }, "geometry": { "type": "Point", "coordinates": [ 146.076195, -17.49079 ] } },
{ "type": "Feature", "properties": { "decimalLatitude": -16.897727, "decimalLongitude": 145.751032, "eventDate": "2025-07-11T16:25:00Z", "countryCode": "AU" }, "geometry": { "type": "Point", "coordinates": [ 145.751032, -16.897727 ] } },
{ "type": "Feature", "properties": { "decimalLatitude": -16.798078, "decimalLongitude": 145.677392, "eventDate": "2025-07-11T01:28:00Z", "countryCode": "AU" }, "geometry": { "type": "Point", "coordinates": [ 145.677392, -16.798078 ] } },
{ "type": "Feature", "properties": { "decimalLatitude": -19.327241, "decimalLongitude": 146.759366, "eventDate": "2025-07-25T10:56:10Z", "countryCode": "AU" }, "geometry": { "type": "Point", "coordinates": [ 146.759366, -19.327241 ] } },
{ "type": "Feature", "properties": { "decimalLatitude": -19.239989, "decimalLongitude": 146.806783, "eventDate": "2025-07-19T09:44:06Z", "countryCode": "AU" }, "geometry": { "type": "Point", "coordinates": [ 146.806783, -19.239989 ] } },
{ "type": "Feature", "properties": { "decimalLatitude": -16.920348, "decimalLongitude": 145.770953, "eventDate": "2025-07-24T16:32:00Z", "countryCode": "AU" }, "geometry": { "type": "Point", "coordinates": [ 145.770953, -16.920348 ] } },
{ "type": "Feature", "properties": { "decimalLatitude": -12.753001, "decimalLongitude": 143.288017, "eventDate": "2025-07-03T08:15:00Z", "countryCode": "AU" }, "geometry": { "type": "Point", "coordinates": [ 143.288017, -12.753001 ] } },
{ "type": "Feature", "properties": { "decimalLatitude": -12.71044, "decimalLongitude": 143.293045, "eventDate": "2025-07-25T15:00:00Z", "countryCode": "AU" }, "geometry": { "type": "Point", "coordinates": [ 143.293045, -12.71044 ] } },
{ "type": "Feature", "properties": { "decimalLatitude": -17.325632, "decimalLongitude": 145.673794, "eventDate": "2025-07-26T17:37:00Z", "countryCode": "AU" }, "geometry": { "type": "Point", "coordinates": [ 145.673794, -17.325632 ] } },
{ "type": "Feature", "properties": { "decimalLatitude": -16.899275, "decimalLongitude": 145.748544, "eventDate": "2025-07-04T12:31:00Z", "countryCode": "AU" }, "geometry": { "type": "Point", "coordinates": [ 145.748544, -16.899275 ] } },
{ "type": "Feature", "properties": { "decimalLatitude": -16.829309, "decimalLongitude": 145.703276, "eventDate": "2025-08-02T14:55:00Z", "countryCode": "AU" }, "geometry": { "type": "Point", "coordinates": [ 145.703276, -16.829309 ] } },
{ "type": "Feature", "properties": { "decimalLatitude": -17.290299, "decimalLongitude": 145.629142, "eventDate": "2025-08-11T09:06:52Z", "countryCode": "AU" }, "geometry": { "type": "Point", "coordinates": [ 145.629142, -17.290299 ] } },
{ "type": "Feature", "properties": { "decimalLatitude": -17.020797, "decimalLongitude": 145.724637, "eventDate": "2025-08-07T14:04:27Z", "countryCode": "AU" }, "geometry": { "type": "Point", "coordinates": [ 145.724637, -17.020797 ] } },
{ "type": "Feature", "properties": { "decimalLatitude": -16.881133, "decimalLongitude": 145.711655, "eventDate": "2025-08-08T13:31:04Z", "countryCode": "AU" }, "geometry": { "type": "Point", "coordinates": [ 145.711655, -16.881133 ] } },
{ "type": "Feature", "properties": { "decimalLatitude": -17.339844, "decimalLongitude": 145.871078, "eventDate": "2025-08-05T09:55:26Z", "countryCode": "AU" }, "geometry": { "type": "Point", "coordinates": [ 145.871078, -17.339844 ] } },
{ "type": "Feature", "properties": { "decimalLatitude": -16.916176, "decimalLongitude": 145.774206, "eventDate": "2025-08-13T16:10:00Z", "countryCode": "AU" }, "geometry": { "type": "Point", "coordinates": [ 145.774206, -16.916176 ] } },
{ "type": "Feature", "properties": { "decimalLatitude": -17.34284, "decimalLongitude": 145.869504, "eventDate": "2025-08-09T17:33:03Z", "countryCode": "AU" }, "geometry": { "type": "Point", "coordinates": [ 145.869504, -17.34284 ] } },
{ "type": "Feature", "properties": { "decimalLatitude": -16.901312, "decimalLongitude": 145.74922, "eventDate": "2025-08-06T19:20:00Z", "countryCode": "AU" }, "geometry": { "type": "Point", "coordinates": [ 145.74922, -16.901312 ] } },
{ "type": "Feature", "properties": { "decimalLatitude": -16.905716, "decimalLongitude": 145.764215, "eventDate": "2025-08-04T17:11:00Z", "countryCode": "AU" }, "geometry": { "type": "Point", "coordinates": [ 145.764215, -16.905716 ] } },
{ "type": "Feature", "properties": { "decimalLatitude": -17.557398, "decimalLongitude": 146.090124, "eventDate": "2025-08-27T07:35:00Z", "countryCode": "AU" }, "geometry": { "type": "Point", "coordinates": [ 146.090124, -17.557398 ] } },
{ "type": "Feature", "properties": { "decimalLatitude": -17.557365, "decimalLongitude": 146.090156, "eventDate": "2025-08-27T07:34:00Z", "countryCode": "AU" }, "geometry": { "type": "Point", "coordinates": [ 146.090156, -17.557365 ] } },
{ "type": "Feature", "properties": { "decimalLatitude": -16.175346, "decimalLongitude": 145.437528, "eventDate": "2025-08-04T13:58:00Z", "countryCode": "AU" }, "geometry": { "type": "Point", "coordinates": [ 145.437528, -16.175346 ] } },
{ "type": "Feature", "properties": { "decimalLatitude": -17.35517, "decimalLongitude": 146.024547, "eventDate": "2025-08-21T16:03:00Z", "countryCode": "AU" }, "geometry": { "type": "Point", "coordinates": [ 146.024547, -17.35517 ] } },
{ "type": "Feature", "properties": { "decimalLatitude": -16.958626, "decimalLongitude": 145.730255, "eventDate": "2025-08-22T16:28:00Z", "countryCode": "AU" }, "geometry": { "type": "Point", "coordinates": [ 145.730255, -16.958626 ] } },
{ "type": "Feature", "properties": { "decimalLatitude": -17.164465, "decimalLongitude": 145.830941, "eventDate": "2025-08-28T12:43:00Z", "countryCode": "AU" }, "geometry": { "type": "Point", "coordinates": [ 145.830941, -17.164465 ] } },
{ "type": "Feature", "properties": { "decimalLatitude": -16.902711, "decimalLongitude": 145.761576, "eventDate": "2025-08-20T08:39:00Z", "countryCode": "AU" }, "geometry": { "type": "Point", "coordinates": [ 145.761576, -16.902711 ] } },
{ "type": "Feature", "properties": { "decimalLatitude": -16.899338, "decimalLongitude": 145.746763, "eventDate": "2025-09-08T13:25:42Z", "countryCode": "AU" }, "geometry": { "type": "Point", "coordinates": [ 145.746763, -16.899338 ] } },
{ "type": "Feature", "properties": { "decimalLatitude": -17.517431, "decimalLongitude": 146.021651, "eventDate": "2025-09-03T10:53:00Z", "countryCode": "AU" }, "geometry": { "type": "Point", "coordinates": [ 146.021651, -17.517431 ] } },
{ "type": "Feature", "properties": { "decimalLatitude": -17.342253, "decimalLongitude": 145.869628, "eventDate": "2025-09-07T15:25:48Z", "countryCode": "AU" }, "geometry": { "type": "Point", "coordinates": [ 145.869628, -17.342253 ] } },
{ "type": "Feature", "properties": { "decimalLatitude": -21.2, "decimalLongitude": 149.2, "eventDate": "2025-09-13T12:59:00Z", "countryCode": "AU" }, "geometry": { "type": "Point", "coordinates": [ 149.2, -21.2 ] } },
{ "type": "Feature", "properties": { "decimalLatitude": -21.2, "decimalLongitude": 149.2, "eventDate": "2025-09-14T13:48:00Z", "countryCode": "AU" }, "geometry": { "type": "Point", "coordinates": [ 149.2, -21.2 ] } },
{ "type": "Feature", "properties": { "decimalLatitude": -21.2, "decimalLongitude": 149.2, "eventDate": "2025-09-13T12:56:00Z", "countryCode": "AU" }, "geometry": { "type": "Point", "coordinates": [ 149.2, -21.2 ] } },
{ "type": "Feature", "properties": { "decimalLatitude": -21.2, "decimalLongitude": 149.2, "eventDate": "2025-09-13T13:00:00Z", "countryCode": "AU" }, "geometry": { "type": "Point", "coordinates": [ 149.2, -21.2 ] } },
{ "type": "Feature", "properties": { "decimalLatitude": -16.901557, "decimalLongitude": 145.749626, "eventDate": "2025-09-05T14:02:00Z", "countryCode": "AU" }, "geometry": { "type": "Point", "coordinates": [ 145.749626, -16.901557 ] } },
{ "type": "Feature", "properties": { "decimalLatitude": -12.713996, "decimalLongitude": 143.289041, "eventDate": "2025-09-25T09:07:00Z", "countryCode": "AU" }, "geometry": { "type": "Point", "coordinates": [ 143.289041, -12.713996 ] } },
{ "type": "Feature", "properties": { "decimalLatitude": -12.710647, "decimalLongitude": 143.291008, "eventDate": "2025-09-25T16:05:00Z", "countryCode": "AU" }, "geometry": { "type": "Point", "coordinates": [ 143.291008, -12.710647 ] } },
{ "type": "Feature", "properties": { "decimalLatitude": -16.494791, "decimalLongitude": 145.452511, "eventDate": "2025-09-17T21:35:00Z", "countryCode": "AU" }, "geometry": { "type": "Point", "coordinates": [ 145.452511, -16.494791 ] } },
{ "type": "Feature", "properties": { "decimalLatitude": -16.89928, "decimalLongitude": 145.74672, "eventDate": "2025-10-11T12:11:37Z", "countryCode": "AU" }, "geometry": { "type": "Point", "coordinates": [ 145.74672, -16.89928 ] } },
{ "type": "Feature", "properties": { "decimalLatitude": -16.899375, "decimalLongitude": 145.746703, "eventDate": "2025-10-11T12:12:10Z", "countryCode": "AU" }, "geometry": { "type": "Point", "coordinates": [ 145.746703, -16.899375 ] } },
{ "type": "Feature", "properties": { "decimalLatitude": -16.900592, "decimalLongitude": 145.749454, "eventDate": "2025-10-21T07:46:00Z", "countryCode": "AU" }, "geometry": { "type": "Point", "coordinates": [ 145.749454, -16.900592 ] } },
{ "type": "Feature", "properties": { "decimalLatitude": -16.179847, "decimalLongitude": 145.408759, "eventDate": "2025-10-29T10:08:00Z", "countryCode": "AU" }, "geometry": { "type": "Point", "coordinates": [ 145.408759, -16.179847 ] } },
{ "type": "Feature", "properties": { "decimalLatitude": -16.898788, "decimalLongitude": 145.746733, "eventDate": "2025-10-29T09:38:40Z", "countryCode": "AU" }, "geometry": { "type": "Point", "coordinates": [ 145.746733, -16.898788 ] } },
{ "type": "Feature", "properties": { "decimalLatitude": -20.272031, "decimalLongitude": 148.704002, "eventDate": "2025-11-11T06:43:38Z", "countryCode": "AU" }, "geometry": { "type": "Point", "coordinates": [ 148.704002, -20.272031 ] } },
{ "type": "Feature", "properties": { "decimalLatitude": -17.165331, "decimalLongitude": 145.831076, "eventDate": "2025-11-09T14:48:37Z", "countryCode": "AU" }, "geometry": { "type": "Point", "coordinates": [ 145.831076, -17.165331 ] } },
{ "type": "Feature", "properties": { "decimalLatitude": -17.165375, "decimalLongitude": 145.831017, "eventDate": "2025-11-09T14:48:41Z", "countryCode": "AU" }, "geometry": { "type": "Point", "coordinates": [ 145.831017, -17.165375 ] } },
{ "type": "Feature", "properties": { "decimalLatitude": -17.410159, "decimalLongitude": 145.980649, "eventDate": "2025-11-19T10:07:02Z", "countryCode": "AU" }, "geometry": { "type": "Point", "coordinates": [ 145.980649, -17.410159 ] } },
{ "type": "Feature", "properties": { "decimalLatitude": -16.469661, "decimalLongitude": 145.32989, "eventDate": "2025-11-17T20:13:20Z", "countryCode": "AU" }, "geometry": { "type": "Point", "coordinates": [ 145.32989, -16.469661 ] } },
{ "type": "Feature", "properties": { "decimalLatitude": -17.607803, "decimalLongitude": 145.802017, "eventDate": "2025-11-08T14:16:05Z", "countryCode": "AU" }, "geometry": { "type": "Point", "coordinates": [ 145.802017, -17.607803 ] } },
{ "type": "Feature", "properties": { "decimalLatitude": -17.60783, "decimalLongitude": 145.801987, "eventDate": "2025-11-08T14:17:21Z", "countryCode": "AU" }, "geometry": { "type": "Point", "coordinates": [ 145.801987, -17.60783 ] } },
{ "type": "Feature", "properties": { "decimalLatitude": -16.899193, "decimalLongitude": 145.746637, "eventDate": "2025-12-05T13:13:15Z", "countryCode": "AU" }, "geometry": { "type": "Point", "coordinates": [ 145.746637, -16.899193 ] } },
{ "type": "Feature", "properties": { "decimalLatitude": -17.34205, "decimalLongitude": 145.870133, "eventDate": "2025-12-07T14:40:45Z", "countryCode": "AU" }, "geometry": { "type": "Point", "coordinates": [ 145.870133, -17.34205 ] } },
{ "type": "Feature", "properties": { "decimalLatitude": -17.653386, "decimalLongitude": 145.958622, "eventDate": "2025-12-15T12:01:03Z", "countryCode": "AU" }, "geometry": { "type": "Point", "coordinates": [ 145.958622, -17.653386 ] } },
{ "type": "Feature", "properties": { "decimalLatitude": -16.900969, "decimalLongitude": 145.749804, "eventDate": "2025-12-01T03:09:32Z", "countryCode": "AU" }, "geometry": { "type": "Point", "coordinates": [ 145.749804, -16.900969 ] } },
{ "type": "Feature", "properties": { "decimalLatitude": -20.013126, "decimalLongitude": 148.246879, "eventDate": "2025-12-04T13:16:00Z", "countryCode": "AU" }, "geometry": { "type": "Point", "coordinates": [ 148.246879, -20.013126 ] } },
{ "type": "Feature", "properties": { "decimalLatitude": -17.52454, "decimalLongitude": 146.019602, "eventDate": "2025-12-07T14:40:52Z", "countryCode": "AU" }, "geometry": { "type": "Point", "coordinates": [ 146.019602, -17.52454 ] } },
{ "type": "Feature", "properties": { "decimalLatitude": -21.155997, "decimalLongitude": 149.158176, "eventDate": "2025-12-27T12:33:06Z", "countryCode": "AU" }, "geometry": { "type": "Point", "coordinates": [ 149.158176, -21.155997 ] } },
{ "type": "Feature", "properties": { "decimalLatitude": -17.184938, "decimalLongitude": 145.824447, "eventDate": "2025-12-11T10:10:30Z", "countryCode": "AU" }, "geometry": { "type": "Point", "coordinates": [ 145.824447, -17.184938 ] } },
{ "type": "Feature", "properties": { "decimalLatitude": -15.477477, "decimalLongitude": 145.268085, "eventDate": "2025-12-16T12:17:40Z", "countryCode": "AU" }, "geometry": { "type": "Point", "coordinates": [ 145.268085, -15.477477 ] } },
{ "type": "Feature", "properties": { "decimalLatitude": -20.28925, "decimalLongitude": 148.565353, "eventDate": "2025-12-20T18:45:51Z", "countryCode": "AU" }, "geometry": { "type": "Point", "coordinates": [ 148.565353, -20.28925 ] } },
{ "type": "Feature", "properties": { "decimalLatitude": -17.236649, "decimalLongitude": 145.773083, "eventDate": "2025-12-21T14:41:50Z", "countryCode": "AU" }, "geometry": { "type": "Point", "coordinates": [ 145.773083, -17.236649 ] } },
{ "type": "Feature", "properties": { "decimalLatitude": -16.899521, "decimalLongitude": 145.751944, "eventDate": "2025-12-21T15:37:47Z", "countryCode": "AU" }, "geometry": { "type": "Point", "coordinates": [ 145.751944, -16.899521 ] } },
{ "type": "Feature", "properties": { "decimalLatitude": -16.899136, "decimalLongitude": 145.748069, "eventDate": "2025-12-22T16:41:00Z", "countryCode": "AU" }, "geometry": { "type": "Point", "coordinates": [ 145.748069, -16.899136 ] } },
{ "type": "Feature", "properties": { "decimalLatitude": -16.899054, "decimalLongitude": 145.74809, "eventDate": "2025-12-22T16:47:00Z", "countryCode": "AU" }, "geometry": { "type": "Point", "coordinates": [ 145.74809, -16.899054 ] } },
{ "type": "Feature", "properties": { "decimalLatitude": -16.898556, "decimalLongitude": 145.747546, "eventDate": "2025-12-21T09:06:49Z", "countryCode": "AU" }, "geometry": { "type": "Point", "coordinates": [ 145.747546, -16.898556 ] } },
{ "type": "Feature", "properties": { "decimalLatitude": -21.158248, "decimalLongitude": 149.159582, "eventDate": "2025-12-28T14:30:00Z", "countryCode": "AU" }, "geometry": { "type": "Point", "coordinates": [ 149.159582, -21.158248 ] } },
{ "type": "Feature", "properties": { "decimalLatitude": -21.158524, "decimalLongitude": 149.159839, "eventDate": "2025-12-25T09:29:00Z", "countryCode": "AU" }, "geometry": { "type": "Point", "coordinates": [ 149.159839, -21.158524 ] } },
{ "type": "Feature", "properties": { "decimalLatitude": -21.155524, "decimalLongitude": 149.157596, "eventDate": "2025-12-25T07:49:00Z", "countryCode": "AU" }, "geometry": { "type": "Point", "coordinates": [ 149.157596, -21.155524 ] } }
]
}
