{
"type": "FeatureCollection",
"name": "aristolochia-californica-gbif",
"crs": { "type": "name", "properties": { "name": "urn:ogc:def:crs:OGC:1.3:CRS84" } },
"features": [
{ "type": "Feature", "properties": { "decimalLatitude": 37.925888, "decimalLongitude": -122.67457, "eventDate": "2015-01-31T14:07:21Z", "countryCode": "US" }, "geometry": { "type": "Point", "coordinates": [ -122.67457, 37.925888 ] } },
{ "type": "Feature", "properties": { "decimalLatitude": 38.485851, "decimalLongitude": -122.893528, "eventDate": "2015-02-07T08:32:51Z", "countryCode": "US" }, "geometry": { "type": "Point", "coordinates": [ -122.893528, 38.485851 ] } },
{ "type": "Feature", "properties": { "decimalLatitude": 37.993897, "decimalLongitude": -122.204018, "eventDate": "2015-02-20T11:44:11Z", "countryCode": "US" }, "geometry": { "type": "Point", "coordinates": [ -122.204018, 37.993897 ] } },
{ "type": "Feature", "properties": { "decimalLatitude": 37.938512, "decimalLongitude": -122.559668, "eventDate": "2015-02-22T16:15:58Z", "countryCode": "US" }, "geometry": { "type": "Point", "coordinates": [ -122.559668, 37.938512 ] } },
{ "type": "Feature", "properties": { "decimalLatitude": 38.508931, "decimalLongitude": -122.097601, "eventDate": "2015-02-17T14:19:53Z", "countryCode": "US" }, "geometry": { "type": "Point", "coordinates": [ -122.097601, 38.508931 ] } },
{ "type": "Feature", "properties": { "decimalLatitude": 37.829862, "decimalLongitude": -122.488197, "eventDate": "2015-02-25T14:11:26Z", "countryCode": "US" }, "geometry": { "type": "Point", "coordinates": [ -122.488197, 37.829862 ] } },
{ "type": "Feature", "properties": { "decimalLatitude": 38.00184, "decimalLongitude": -122.70884, "eventDate": "2015-02-27T00:00:00Z", "countryCode": "US" }, "geometry": { "type": "Point", "coordinates": [ -122.70884, 38.00184 ] } },
{ "type": "Feature", "properties": { "decimalLatitude": 40.934038, "decimalLongitude": -122.249883, "eventDate": "2015-02-13T00:00:00Z", "countryCode": "US" }, "geometry": { "type": "Point", "coordinates": [ -122.249883, 40.934038 ] } },
{ "type": "Feature", "properties": { "decimalLatitude": 38.914478, "decimalLongitude": -121.025909, "eventDate": "2015-02-16T05:53:00Z", "countryCode": "US" }, "geometry": { "type": "Point", "coordinates": [ -121.025909, 38.914478 ] } },
{ "type": "Feature", "properties": { "decimalLatitude": 39.772153, "decimalLongitude": -121.773197, "eventDate": "2015-02-15T11:20:00Z", "countryCode": "US" }, "geometry": { "type": "Point", "coordinates": [ -121.773197, 39.772153 ] } },
{ "type": "Feature", "properties": { "decimalLatitude": 39.747327, "decimalLongitude": -121.810053, "eventDate": "2015-02-19T17:19:00Z", "countryCode": "US" }, "geometry": { "type": "Point", "coordinates": [ -121.810053, 39.747327 ] } },
{ "type": "Feature", "properties": { "decimalLatitude": 38.492482, "decimalLongitude": -122.027339, "eventDate": "2015-02-21T09:45:00Z", "countryCode": "US" }, "geometry": { "type": "Point", "coordinates": [ -122.027339, 38.492482 ] } },
{ "type": "Feature", "properties": { "decimalLatitude": 39.748213, "decimalLongitude": -121.802812, "eventDate": "2015-03-06T17:09:51Z", "countryCode": "US" }, "geometry": { "type": "Point", "coordinates": [ -121.802812, 39.748213 ] } },
{ "type": "Feature", "properties": { "decimalLatitude": 39.747343, "decimalLongitude": -121.807619, "eventDate": "2015-03-06T17:10:44Z", "countryCode": "US" }, "geometry": { "type": "Point", "coordinates": [ -121.807619, 39.747343 ] } },
{ "type": "Feature", "properties": { "decimalLatitude": 39.765792, "decimalLongitude": -121.782578, "eventDate": "2015-03-07T11:49:20Z", "countryCode": "US" }, "geometry": { "type": "Point", "coordinates": [ -121.782578, 39.765792 ] } },
{ "type": "Feature", "properties": { "decimalLatitude": 37.994542, "decimalLongitude": -122.199837, "eventDate": "2015-03-11T10:16:15Z", "countryCode": "US" }, "geometry": { "type": "Point", "coordinates": [ -122.199837, 37.994542 ] } },
{ "type": "Feature", "properties": { "decimalLatitude": 38.915712, "decimalLongitude": -121.012367, "eventDate": "2015-03-16T11:00:18Z", "countryCode": "US" }, "geometry": { "type": "Point", "coordinates": [ -121.012367, 38.915712 ] } },
{ "type": "Feature", "properties": { "decimalLatitude": 37.82792, "decimalLongitude": -122.493082, "eventDate": "2015-03-30T14:15:10Z", "countryCode": "US" }, "geometry": { "type": "Point", "coordinates": [ -122.493082, 37.82792 ] } },
{ "type": "Feature", "properties": { "decimalLatitude": 38.912541, "decimalLongitude": -122.322335, "eventDate": "2015-03-15T00:00:00Z", "countryCode": "US" }, "geometry": { "type": "Point", "coordinates": [ -122.322335, 38.912541 ] } },
{ "type": "Feature", "properties": { "decimalLatitude": 37.677044, "decimalLongitude": -122.401722, "eventDate": "2015-03-28T05:15:47Z", "countryCode": "US" }, "geometry": { "type": "Point", "coordinates": [ -122.401722, 37.677044 ] } },
{ "type": "Feature", "properties": { "decimalLatitude": 37.922342, "decimalLongitude": -122.385312, "eventDate": "2015-03-27T00:00:00Z", "countryCode": "US" }, "geometry": { "type": "Point", "coordinates": [ -122.385312, 37.922342 ] } },
{ "type": "Feature", "properties": { "decimalLatitude": 38.539975, "decimalLongitude": -122.846718, "eventDate": "2015-04-29T08:55:00Z", "countryCode": "US" }, "geometry": { "type": "Point", "coordinates": [ -122.846718, 38.539975 ] } },
{ "type": "Feature", "properties": { "decimalLatitude": 37.926167, "decimalLongitude": -122.674194, "eventDate": "2015-05-02T15:27:11Z", "countryCode": "US" }, "geometry": { "type": "Point", "coordinates": [ -122.674194, 37.926167 ] } },
{ "type": "Feature", "properties": { "decimalLatitude": 37.92618, "decimalLongitude": -122.674209, "eventDate": "2015-05-02T15:28:18Z", "countryCode": "US" }, "geometry": { "type": "Point", "coordinates": [ -122.674209, 37.92618 ] } },
{ "type": "Feature", "properties": { "decimalLatitude": 38.515862, "decimalLongitude": -122.063989, "eventDate": "2015-05-03T12:02:59Z", "countryCode": "US" }, "geometry": { "type": "Point", "coordinates": [ -122.063989, 38.515862 ] } },
{ "type": "Feature", "properties": { "decimalLatitude": 37.956139, "decimalLongitude": -122.140502, "eventDate": "2015-05-22T11:23:11Z", "countryCode": "US" }, "geometry": { "type": "Point", "coordinates": [ -122.140502, 37.956139 ] } },
{ "type": "Feature", "properties": { "decimalLatitude": 38.515303, "decimalLongitude": -122.082461, "eventDate": "2015-05-12T14:11:35Z", "countryCode": "US" }, "geometry": { "type": "Point", "coordinates": [ -122.082461, 38.515303 ] } },
{ "type": "Feature", "properties": { "decimalLatitude": 38.512879, "decimalLongitude": -122.932452, "eventDate": "2015-06-04T17:07:08Z", "countryCode": "US" }, "geometry": { "type": "Point", "coordinates": [ -122.932452, 38.512879 ] } },
{ "type": "Feature", "properties": { "decimalLatitude": 37.816285, "decimalLongitude": -122.04487, "eventDate": "2015-06-07T13:37:44Z", "countryCode": "US" }, "geometry": { "type": "Point", "coordinates": [ -122.04487, 37.816285 ] } },
{ "type": "Feature", "properties": { "decimalLatitude": 37.999017, "decimalLongitude": -122.706467, "eventDate": "2015-06-05T00:00:00Z", "countryCode": "US" }, "geometry": { "type": "Point", "coordinates": [ -122.706467, 37.999017 ] } },
{ "type": "Feature", "properties": { "decimalLatitude": 37.816083, "decimalLongitude": -122.044821, "eventDate": "2015-07-09T11:11:21Z", "countryCode": "US" }, "geometry": { "type": "Point", "coordinates": [ -122.044821, 37.816083 ] } },
{ "type": "Feature", "properties": { "decimalLatitude": 38.368473, "decimalLongitude": -122.508197, "eventDate": "2015-07-10T11:04:59Z", "countryCode": "US" }, "geometry": { "type": "Point", "coordinates": [ -122.508197, 38.368473 ] } },
{ "type": "Feature", "properties": { "decimalLatitude": 38.151608, "decimalLongitude": -121.289118, "eventDate": "2015-07-29T15:58:32Z", "countryCode": "US" }, "geometry": { "type": "Point", "coordinates": [ -121.289118, 38.151608 ] } },
{ "type": "Feature", "properties": { "decimalLatitude": 38.368882, "decimalLongitude": -122.498299, "eventDate": "2015-07-10T11:03:52Z", "countryCode": "US" }, "geometry": { "type": "Point", "coordinates": [ -122.498299, 38.368882 ] } },
{ "type": "Feature", "properties": { "decimalLatitude": 38.36937, "decimalLongitude": -122.497561, "eventDate": "2015-07-10T11:18:14Z", "countryCode": "US" }, "geometry": { "type": "Point", "coordinates": [ -122.497561, 38.36937 ] } },
{ "type": "Feature", "properties": { "decimalLatitude": 38.456518, "decimalLongitude": -122.575323, "eventDate": "2015-09-12T14:47:56Z", "countryCode": "US" }, "geometry": { "type": "Point", "coordinates": [ -122.575323, 38.456518 ] } },
{ "type": "Feature", "properties": { "decimalLatitude": 37.713514, "decimalLongitude": -122.476799, "eventDate": "2015-11-01T12:33:56Z", "countryCode": "US" }, "geometry": { "type": "Point", "coordinates": [ -122.476799, 37.713514 ] } },
{ "type": "Feature", "properties": { "decimalLatitude": 39.817765, "decimalLongitude": -121.648943, "eventDate": "2016-01-31T15:43:00Z", "countryCode": "US" }, "geometry": { "type": "Point", "coordinates": [ -121.648943, 39.817765 ] } },
{ "type": "Feature", "properties": { "decimalLatitude": 37.816014, "decimalLongitude": -122.044852, "eventDate": "2016-02-15T14:35:57Z", "countryCode": "US" }, "geometry": { "type": "Point", "coordinates": [ -122.044852, 37.816014 ] } },
{ "type": "Feature", "properties": { "decimalLatitude": 38.614341, "decimalLongitude": -121.309127, "eventDate": "2016-02-15T14:18:28Z", "countryCode": "US" }, "geometry": { "type": "Point", "coordinates": [ -121.309127, 38.614341 ] } },
{ "type": "Feature", "properties": { "decimalLatitude": 38.016608, "decimalLongitude": -122.721205, "eventDate": "2016-02-14T16:27:50Z", "countryCode": "US" }, "geometry": { "type": "Point", "coordinates": [ -122.721205, 38.016608 ] } },
{ "type": "Feature", "properties": { "decimalLatitude": 40.394673, "decimalLongitude": -122.160244, "eventDate": "2016-02-22T12:46:52Z", "countryCode": "US" }, "geometry": { "type": "Point", "coordinates": [ -122.160244, 40.394673 ] } },
{ "type": "Feature", "properties": { "decimalLatitude": 40.395195, "decimalLongitude": -122.163334, "eventDate": "2016-02-25T13:45:22Z", "countryCode": "US" }, "geometry": { "type": "Point", "coordinates": [ -122.163334, 40.395195 ] } },
{ "type": "Feature", "properties": { "decimalLatitude": 38.51205, "decimalLongitude": -122.931941, "eventDate": "2016-02-28T17:58:15Z", "countryCode": "US" }, "geometry": { "type": "Point", "coordinates": [ -122.931941, 38.51205 ] } },
{ "type": "Feature", "properties": { "decimalLatitude": 38.49891, "decimalLongitude": -122.900645, "eventDate": "2016-02-28T09:42:59Z", "countryCode": "US" }, "geometry": { "type": "Point", "coordinates": [ -122.900645, 38.49891 ] } },
{ "type": "Feature", "properties": { "decimalLatitude": 38.627865, "decimalLongitude": -121.271437, "eventDate": "2016-02-14T12:03:55Z", "countryCode": "US" }, "geometry": { "type": "Point", "coordinates": [ -121.271437, 38.627865 ] } },
{ "type": "Feature", "properties": { "decimalLatitude": 38.625847, "decimalLongitude": -121.289183, "eventDate": "2016-02-21T15:49:11Z", "countryCode": "US" }, "geometry": { "type": "Point", "coordinates": [ -121.289183, 38.625847 ] } },
{ "type": "Feature", "properties": { "decimalLatitude": 38.635113, "decimalLongitude": -121.234458, "eventDate": "2016-02-27T11:43:52Z", "countryCode": "US" }, "geometry": { "type": "Point", "coordinates": [ -121.234458, 38.635113 ] } },
{ "type": "Feature", "properties": { "decimalLatitude": 38.627651, "decimalLongitude": -121.28755, "eventDate": "2016-02-16T13:13:23Z", "countryCode": "US" }, "geometry": { "type": "Point", "coordinates": [ -121.28755, 38.627651 ] } },
{ "type": "Feature", "properties": { "decimalLatitude": 40.311363, "decimalLongitude": -122.148808, "eventDate": "2016-02-05T11:43:00Z", "countryCode": "US" }, "geometry": { "type": "Point", "coordinates": [ -122.148808, 40.311363 ] } },
{ "type": "Feature", "properties": { "decimalLatitude": 38.591765, "decimalLongitude": -121.334442, "eventDate": "2016-02-06T14:06:00Z", "countryCode": "US" }, "geometry": { "type": "Point", "coordinates": [ -121.334442, 38.591765 ] } },
{ "type": "Feature", "properties": { "decimalLatitude": 38.486854, "decimalLongitude": -122.570968, "eventDate": "2016-02-13T00:00:00Z", "countryCode": "US" }, "geometry": { "type": "Point", "coordinates": [ -122.570968, 38.486854 ] } },
{ "type": "Feature", "properties": { "decimalLatitude": 39.595263, "decimalLongitude": -121.551247, "eventDate": "2016-03-18T13:28:40Z", "countryCode": "US" }, "geometry": { "type": "Point", "coordinates": [ -121.551247, 39.595263 ] } },
{ "type": "Feature", "properties": { "decimalLatitude": 38.457778, "decimalLongitude": -122.572778, "eventDate": "2016-03-19T11:34:01Z", "countryCode": "US" }, "geometry": { "type": "Point", "coordinates": [ -122.572778, 38.457778 ] } },
{ "type": "Feature", "properties": { "decimalLatitude": 38.491523, "decimalLongitude": -122.027528, "eventDate": "2016-03-19T15:24:08Z", "countryCode": "US" }, "geometry": { "type": "Point", "coordinates": [ -122.027528, 38.491523 ] } },
{ "type": "Feature", "properties": { "decimalLatitude": 39.225815, "decimalLongitude": -121.824249, "eventDate": "2016-03-19T12:18:17Z", "countryCode": "US" }, "geometry": { "type": "Point", "coordinates": [ -121.824249, 39.225815 ] } },
{ "type": "Feature", "properties": { "decimalLatitude": 37.85015, "decimalLongitude": -122.55376, "eventDate": "2016-03-28T17:55:42Z", "countryCode": "US" }, "geometry": { "type": "Point", "coordinates": [ -122.55376, 37.85015 ] } },
{ "type": "Feature", "properties": { "decimalLatitude": 37.828613, "decimalLongitude": -122.493065, "eventDate": "2016-03-07T13:56:37Z", "countryCode": "US" }, "geometry": { "type": "Point", "coordinates": [ -122.493065, 37.828613 ] } },
{ "type": "Feature", "properties": { "decimalLatitude": 40.179711, "decimalLongitude": -121.748327, "eventDate": "2016-03-25T17:31:00Z", "countryCode": "US" }, "geometry": { "type": "Point", "coordinates": [ -121.748327, 40.179711 ] } },
{ "type": "Feature", "properties": { "decimalLatitude": 39.776773, "decimalLongitude": -121.751717, "eventDate": "2016-03-27T10:40:00Z", "countryCode": "US" }, "geometry": { "type": "Point", "coordinates": [ -121.751717, 39.776773 ] } },
{ "type": "Feature", "properties": { "decimalLatitude": 38.6, "decimalLongitude": -121.33, "eventDate": "2016-03-15T00:00:00Z", "countryCode": "US" }, "geometry": { "type": "Point", "coordinates": [ -121.33, 38.6 ] } },
{ "type": "Feature", "properties": { "decimalLatitude": 37.840855, "decimalLongitude": -122.483788, "eventDate": "2016-04-05T10:47:57Z", "countryCode": "US" }, "geometry": { "type": "Point", "coordinates": [ -122.483788, 37.840855 ] } },
{ "type": "Feature", "properties": { "decimalLatitude": 37.943209, "decimalLongitude": -122.140541, "eventDate": "2016-04-18T10:12:59Z", "countryCode": "US" }, "geometry": { "type": "Point", "coordinates": [ -122.140541, 37.943209 ] } },
{ "type": "Feature", "properties": { "decimalLatitude": 38.50886, "decimalLongitude": -122.885057, "eventDate": "2016-04-07T00:00:00Z", "countryCode": "US" }, "geometry": { "type": "Point", "coordinates": [ -122.885057, 38.50886 ] } },
{ "type": "Feature", "properties": { "decimalLatitude": 37.93489, "decimalLongitude": -122.287164, "eventDate": "2016-04-19T15:59:43Z", "countryCode": "US" }, "geometry": { "type": "Point", "coordinates": [ -122.287164, 37.93489 ] } },
{ "type": "Feature", "properties": { "decimalLatitude": 37.760899, "decimalLongitude": -122.456924, "eventDate": "2016-04-17T13:33:11Z", "countryCode": "US" }, "geometry": { "type": "Point", "coordinates": [ -122.456924, 37.760899 ] } },
{ "type": "Feature", "properties": { "decimalLatitude": 38.9, "decimalLongitude": -120.99, "eventDate": "2016-04-01T00:00:00Z", "countryCode": "US" }, "geometry": { "type": "Point", "coordinates": [ -120.99, 38.9 ] } },
{ "type": "Feature", "properties": { "decimalLatitude": 38.052034, "decimalLongitude": -122.690177, "eventDate": "2016-05-05T11:01:09Z", "countryCode": "US" }, "geometry": { "type": "Point", "coordinates": [ -122.690177, 38.052034 ] } },
{ "type": "Feature", "properties": { "decimalLatitude": 38.051208, "decimalLongitude": -122.68802, "eventDate": "2016-05-05T11:54:36Z", "countryCode": "US" }, "geometry": { "type": "Point", "coordinates": [ -122.68802, 38.051208 ] } },
{ "type": "Feature", "properties": { "decimalLatitude": 40.611662, "decimalLongitude": -122.574957, "eventDate": "2016-05-14T12:24:04Z", "countryCode": "US" }, "geometry": { "type": "Point", "coordinates": [ -122.574957, 40.611662 ] } },
{ "type": "Feature", "properties": { "decimalLatitude": 40.106413, "decimalLongitude": -122.036472, "eventDate": "2016-05-04T18:57:14Z", "countryCode": "US" }, "geometry": { "type": "Point", "coordinates": [ -122.036472, 40.106413 ] } },
{ "type": "Feature", "properties": { "decimalLatitude": 38.63413, "decimalLongitude": -121.338, "eventDate": "2016-05-30T11:09:45Z", "countryCode": "US" }, "geometry": { "type": "Point", "coordinates": [ -121.338, 38.63413 ] } },
{ "type": "Feature", "properties": { "decimalLatitude": 40.838716, "decimalLongitude": -122.027256, "eventDate": "2016-05-14T09:13:00Z", "countryCode": "US" }, "geometry": { "type": "Point", "coordinates": [ -122.027256, 40.838716 ] } },
{ "type": "Feature", "properties": { "decimalLatitude": 38.050826, "decimalLongitude": -122.689072, "eventDate": "2016-06-18T00:00:00Z", "countryCode": "US" }, "geometry": { "type": "Point", "coordinates": [ -122.689072, 38.050826 ] } },
{ "type": "Feature", "properties": { "decimalLatitude": 38.462057, "decimalLongitude": -122.810207, "eventDate": "2016-06-04T10:05:59Z", "countryCode": "US" }, "geometry": { "type": "Point", "coordinates": [ -122.810207, 38.462057 ] } },
{ "type": "Feature", "properties": { "decimalLatitude": 37.965315, "decimalLongitude": -122.261053, "eventDate": "2016-07-16T16:18:25Z", "countryCode": "US" }, "geometry": { "type": "Point", "coordinates": [ -122.261053, 37.965315 ] } },
{ "type": "Feature", "properties": { "decimalLatitude": 38.606166, "decimalLongitude": -121.310099, "eventDate": "2016-07-08T09:58:25Z", "countryCode": "US" }, "geometry": { "type": "Point", "coordinates": [ -121.310099, 38.606166 ] } },
{ "type": "Feature", "properties": { "decimalLatitude": 37.943209, "decimalLongitude": -122.140541, "eventDate": "2016-07-02T10:19:00Z", "countryCode": "US" }, "geometry": { "type": "Point", "coordinates": [ -122.140541, 37.943209 ] } },
{ "type": "Feature", "properties": { "decimalLatitude": 37.846706, "decimalLongitude": -122.049144, "eventDate": "2016-07-03T11:12:00Z", "countryCode": "US" }, "geometry": { "type": "Point", "coordinates": [ -122.049144, 37.846706 ] } },
{ "type": "Feature", "properties": { "decimalLatitude": 37.67696, "decimalLongitude": -122.401834, "eventDate": "2016-08-07T23:26:00Z", "countryCode": "US" }, "geometry": { "type": "Point", "coordinates": [ -122.401834, 37.67696 ] } },
{ "type": "Feature", "properties": { "decimalLatitude": 37.713624, "decimalLongitude": -122.481711, "eventDate": "2016-08-14T17:08:22Z", "countryCode": "US" }, "geometry": { "type": "Point", "coordinates": [ -122.481711, 37.713624 ] } },
{ "type": "Feature", "properties": { "decimalLatitude": 37.820678, "decimalLongitude": -122.047637, "eventDate": "2016-08-21T14:32:00Z", "countryCode": "US" }, "geometry": { "type": "Point", "coordinates": [ -122.047637, 37.820678 ] } },
{ "type": "Feature", "properties": { "decimalLatitude": 37.924921, "decimalLongitude": -122.204402, "eventDate": "2016-09-24T16:12:00Z", "countryCode": "US" }, "geometry": { "type": "Point", "coordinates": [ -122.204402, 37.924921 ] } },
{ "type": "Feature", "properties": { "decimalLatitude": 40.778333, "decimalLongitude": -122.004722, "eventDate": "2016-09-01T00:00:00Z", "countryCode": "US" }, "geometry": { "type": "Point", "coordinates": [ -122.004722, 40.778333 ] } },
{ "type": "Feature", "properties": { "decimalLatitude": 38.617227, "decimalLongitude": -121.310751, "eventDate": "2016-10-11T17:44:05Z", "countryCode": "US" }, "geometry": { "type": "Point", "coordinates": [ -121.310751, 38.617227 ] } },
{ "type": "Feature", "properties": { "decimalLatitude": 38.502211, "decimalLongitude": -122.996932, "eventDate": "2016-12-10T14:35:20Z", "countryCode": "US" }, "geometry": { "type": "Point", "coordinates": [ -122.996932, 38.502211 ] } },
{ "type": "Feature", "properties": { "decimalLatitude": 37.925892, "decimalLongitude": -122.674622, "eventDate": "2016-12-29T14:12:36Z", "countryCode": "US" }, "geometry": { "type": "Point", "coordinates": [ -122.674622, 37.925892 ] } },
{ "type": "Feature", "properties": { "decimalLatitude": 38.504536, "decimalLongitude": -122.098939, "eventDate": "2016-12-21T11:24:13.501Z", "countryCode": "US" }, "geometry": { "type": "Point", "coordinates": [ -122.098939, 38.504536 ] } },
{ "type": "Feature", "properties": { "decimalLatitude": 38.913811, "decimalLongitude": -121.015198, "eventDate": "2016-12-21T11:24:13.501Z", "countryCode": "US" }, "geometry": { "type": "Point", "coordinates": [ -121.015198, 38.913811 ] } },
{ "type": "Feature", "properties": { "decimalLatitude": 38.486854, "decimalLongitude": -122.570968, "eventDate": "2016-12-21T11:24:13.498Z", "countryCode": "US" }, "geometry": { "type": "Point", "coordinates": [ -122.570968, 38.486854 ] } },
{ "type": "Feature", "properties": { "decimalLatitude": 37.900982, "decimalLongitude": -122.108185, "eventDate": "2016-12-21T11:24:13.501Z", "countryCode": "US" }, "geometry": { "type": "Point", "coordinates": [ -122.108185, 37.900982 ] } },
{ "type": "Feature", "properties": { "decimalLatitude": 39.747343, "decimalLongitude": -121.807619, "eventDate": "2016-12-21T11:24:13.502Z", "countryCode": "US" }, "geometry": { "type": "Point", "coordinates": [ -121.807619, 39.747343 ] } },
{ "type": "Feature", "properties": { "decimalLatitude": 40.665161, "decimalLongitude": -122.639, "eventDate": "2016-12-21T11:24:13.503Z", "countryCode": "US" }, "geometry": { "type": "Point", "coordinates": [ -122.639, 40.665161 ] } },
{ "type": "Feature", "properties": { "decimalLatitude": 40.395195, "decimalLongitude": -122.163334, "eventDate": "2016-12-21T11:24:13.499Z", "countryCode": "US" }, "geometry": { "type": "Point", "coordinates": [ -122.163334, 40.395195 ] } },
{ "type": "Feature", "properties": { "decimalLatitude": 38.915712, "decimalLongitude": -121.012367, "eventDate": "2016-12-21T11:24:13.503Z", "countryCode": "US" }, "geometry": { "type": "Point", "coordinates": [ -121.012367, 38.915712 ] } },
{ "type": "Feature", "properties": { "decimalLatitude": 38.504536, "decimalLongitude": -122.098939, "eventDate": "2016-12-21T11:24:13.507Z", "countryCode": "US" }, "geometry": { "type": "Point", "coordinates": [ -122.098939, 38.504536 ] } },
{ "type": "Feature", "properties": { "decimalLatitude": 39.249694, "decimalLongitude": -121.316481, "eventDate": "2016-12-21T11:24:13.499Z", "countryCode": "US" }, "geometry": { "type": "Point", "coordinates": [ -121.316481, 39.249694 ] } },
{ "type": "Feature", "properties": { "decimalLatitude": 38.452782, "decimalLongitude": -122.685528, "eventDate": "2016-12-21T11:24:13.499Z", "countryCode": "US" }, "geometry": { "type": "Point", "coordinates": [ -122.685528, 38.452782 ] } },
{ "type": "Feature", "properties": { "decimalLatitude": 38.485851, "decimalLongitude": -122.893528, "eventDate": "2016-12-21T11:24:13.503Z", "countryCode": "US" }, "geometry": { "type": "Point", "coordinates": [ -122.893528, 38.485851 ] } },
{ "type": "Feature", "properties": { "decimalLatitude": 40.394673, "decimalLongitude": -122.160244, "eventDate": "2016-12-21T11:24:13.498Z", "countryCode": "US" }, "geometry": { "type": "Point", "coordinates": [ -122.160244, 40.394673 ] } },
{ "type": "Feature", "properties": { "decimalLatitude": 38.507131, "decimalLongitude": -122.097169, "eventDate": "2016-12-21T11:24:13.501Z", "countryCode": "US" }, "geometry": { "type": "Point", "coordinates": [ -122.097169, 38.507131 ] } },
{ "type": "Feature", "properties": { "decimalLatitude": 37.993897, "decimalLongitude": -122.204018, "eventDate": "2016-12-21T11:24:13.503Z", "countryCode": "US" }, "geometry": { "type": "Point", "coordinates": [ -122.204018, 37.993897 ] } },
{ "type": "Feature", "properties": { "decimalLatitude": 37.766601, "decimalLongitude": -122.471868, "eventDate": "2016-12-21T11:24:13.497Z", "countryCode": "US" }, "geometry": { "type": "Point", "coordinates": [ -122.471868, 37.766601 ] } },
{ "type": "Feature", "properties": { "decimalLatitude": 37.925888, "decimalLongitude": -122.67457, "eventDate": "2016-12-21T11:24:13.503Z", "countryCode": "US" }, "geometry": { "type": "Point", "coordinates": [ -122.67457, 37.925888 ] } },
{ "type": "Feature", "properties": { "decimalLatitude": 37.816014, "decimalLongitude": -122.044852, "eventDate": "2016-12-21T11:24:13.498Z", "countryCode": "US" }, "geometry": { "type": "Point", "coordinates": [ -122.044852, 37.816014 ] } },
{ "type": "Feature", "properties": { "decimalLatitude": 38.51205, "decimalLongitude": -122.931941, "eventDate": "2016-12-21T11:24:13.499Z", "countryCode": "US" }, "geometry": { "type": "Point", "coordinates": [ -122.931941, 38.51205 ] } },
{ "type": "Feature", "properties": { "decimalLatitude": 38.452782, "decimalLongitude": -122.685528, "eventDate": "2016-12-21T11:24:13.499Z", "countryCode": "US" }, "geometry": { "type": "Point", "coordinates": [ -122.685528, 38.452782 ] } },
{ "type": "Feature", "properties": { "decimalLatitude": 38.76886, "decimalLongitude": -121.134846, "eventDate": "2016-12-21T11:24:13.502Z", "countryCode": "US" }, "geometry": { "type": "Point", "coordinates": [ -121.134846, 38.76886 ] } },
{ "type": "Feature", "properties": { "decimalLatitude": 40.394673, "decimalLongitude": -122.160244, "eventDate": "2016-12-21T11:24:13.498Z", "countryCode": "US" }, "geometry": { "type": "Point", "coordinates": [ -122.160244, 40.394673 ] } },
{ "type": "Feature", "properties": { "decimalLatitude": 38.914478, "decimalLongitude": -121.025909, "eventDate": "2016-12-21T11:24:13.503Z", "countryCode": "US" }, "geometry": { "type": "Point", "coordinates": [ -121.025909, 38.914478 ] } },
{ "type": "Feature", "properties": { "decimalLatitude": 40.110789, "decimalLongitude": -122.017783, "eventDate": "2017-01-28T14:34:10Z", "countryCode": "US" }, "geometry": { "type": "Point", "coordinates": [ -122.017783, 40.110789 ] } },
{ "type": "Feature", "properties": { "decimalLatitude": 40.110806, "decimalLongitude": -122.017844, "eventDate": "2017-01-28T13:13:39Z", "countryCode": "US" }, "geometry": { "type": "Point", "coordinates": [ -122.017844, 40.110806 ] } },
{ "type": "Feature", "properties": { "decimalLatitude": 40.11062, "decimalLongitude": -122.018238, "eventDate": "2017-01-28T13:12:59Z", "countryCode": "US" }, "geometry": { "type": "Point", "coordinates": [ -122.018238, 40.11062 ] } },
{ "type": "Feature", "properties": { "decimalLatitude": 38.631753, "decimalLongitude": -121.275763, "eventDate": "2017-01-16T12:51:43Z", "countryCode": "US" }, "geometry": { "type": "Point", "coordinates": [ -121.275763, 38.631753 ] } },
{ "type": "Feature", "properties": { "decimalLatitude": 38.554895, "decimalLongitude": -122.440588, "eventDate": "2017-02-11T15:54:00Z", "countryCode": "US" }, "geometry": { "type": "Point", "coordinates": [ -122.440588, 38.554895 ] } },
{ "type": "Feature", "properties": { "decimalLatitude": 38.77218, "decimalLongitude": -121.136535, "eventDate": "2017-02-24T03:07:00Z", "countryCode": "US" }, "geometry": { "type": "Point", "coordinates": [ -121.136535, 38.77218 ] } },
{ "type": "Feature", "properties": { "decimalLatitude": 37.760887, "decimalLongitude": -122.456803, "eventDate": "2017-02-25T12:35:42Z", "countryCode": "US" }, "geometry": { "type": "Point", "coordinates": [ -122.456803, 37.760887 ] } },
{ "type": "Feature", "properties": { "decimalLatitude": 40.916997, "decimalLongitude": -122.237953, "eventDate": "2017-02-25T13:07:14Z", "countryCode": "US" }, "geometry": { "type": "Point", "coordinates": [ -122.237953, 40.916997 ] } },
{ "type": "Feature", "properties": { "decimalLatitude": 38.931512, "decimalLongitude": -121.030372, "eventDate": "2017-02-28T03:13:00Z", "countryCode": "US" }, "geometry": { "type": "Point", "coordinates": [ -121.030372, 38.931512 ] } },
{ "type": "Feature", "properties": { "decimalLatitude": 38.60432, "decimalLongitude": -121.313159, "eventDate": "2017-02-22T15:13:00Z", "countryCode": "US" }, "geometry": { "type": "Point", "coordinates": [ -121.313159, 38.60432 ] } },
{ "type": "Feature", "properties": { "decimalLatitude": 38.644847, "decimalLongitude": -121.206654, "eventDate": "2017-02-18T16:35:00Z", "countryCode": "US" }, "geometry": { "type": "Point", "coordinates": [ -121.206654, 38.644847 ] } },
{ "type": "Feature", "properties": { "decimalLatitude": 40.560275, "decimalLongitude": -122.28837, "eventDate": "2017-02-18T13:57:07Z", "countryCode": "US" }, "geometry": { "type": "Point", "coordinates": [ -122.28837, 40.560275 ] } },
{ "type": "Feature", "properties": { "decimalLatitude": 38.342565, "decimalLongitude": -122.671355, "eventDate": "2017-02-08T00:00:00Z", "countryCode": "US" }, "geometry": { "type": "Point", "coordinates": [ -122.671355, 38.342565 ] } },
{ "type": "Feature", "properties": { "decimalLatitude": 38.896565, "decimalLongitude": -121.07689, "eventDate": "2017-02-26T16:40:03.366Z", "countryCode": "US" }, "geometry": { "type": "Point", "coordinates": [ -121.07689, 38.896565 ] } },
{ "type": "Feature", "properties": { "decimalLatitude": 39.292435, "decimalLongitude": -121.179315, "eventDate": "2017-03-07T01:11:00Z", "countryCode": "US" }, "geometry": { "type": "Point", "coordinates": [ -121.179315, 39.292435 ] } },
{ "type": "Feature", "properties": { "decimalLatitude": 38.352393, "decimalLongitude": -122.521677, "eventDate": "2017-03-11T11:40:55Z", "countryCode": "US" }, "geometry": { "type": "Point", "coordinates": [ -122.521677, 38.352393 ] } },
{ "type": "Feature", "properties": { "decimalLatitude": 39.293762, "decimalLongitude": -121.189424, "eventDate": "2017-03-15T11:30:11Z", "countryCode": "US" }, "geometry": { "type": "Point", "coordinates": [ -121.189424, 39.293762 ] } },
{ "type": "Feature", "properties": { "decimalLatitude": 38.440876, "decimalLongitude": -122.54229, "eventDate": "2017-03-16T16:52:31Z", "countryCode": "US" }, "geometry": { "type": "Point", "coordinates": [ -122.54229, 38.440876 ] } },
{ "type": "Feature", "properties": { "decimalLatitude": 37.951694, "decimalLongitude": -122.257891, "eventDate": "2017-03-18T14:19:57Z", "countryCode": "US" }, "geometry": { "type": "Point", "coordinates": [ -122.257891, 37.951694 ] } },
{ "type": "Feature", "properties": { "decimalLatitude": 38.513162, "decimalLongitude": -122.933592, "eventDate": "2017-03-19T17:33:27Z", "countryCode": "US" }, "geometry": { "type": "Point", "coordinates": [ -122.933592, 38.513162 ] } },
{ "type": "Feature", "properties": { "decimalLatitude": 37.974485, "decimalLongitude": -122.127769, "eventDate": "2017-03-08T16:40:17Z", "countryCode": "US" }, "geometry": { "type": "Point", "coordinates": [ -122.127769, 37.974485 ] } },
{ "type": "Feature", "properties": { "decimalLatitude": 39.326596, "decimalLongitude": -121.040926, "eventDate": "2017-03-25T00:00:00Z", "countryCode": "US" }, "geometry": { "type": "Point", "coordinates": [ -121.040926, 39.326596 ] } },
{ "type": "Feature", "properties": { "decimalLatitude": 37.84098, "decimalLongitude": -122.484345, "eventDate": "2017-03-29T11:58:11Z", "countryCode": "US" }, "geometry": { "type": "Point", "coordinates": [ -122.484345, 37.84098 ] } },
{ "type": "Feature", "properties": { "decimalLatitude": 37.978168, "decimalLongitude": -122.61416, "eventDate": "2017-03-30T00:00:00Z", "countryCode": "US" }, "geometry": { "type": "Point", "coordinates": [ -122.61416, 37.978168 ] } },
{ "type": "Feature", "properties": { "decimalLatitude": 38.405766, "decimalLongitude": -122.817289, "eventDate": "2017-03-09T16:21:00Z", "countryCode": "US" }, "geometry": { "type": "Point", "coordinates": [ -122.817289, 38.405766 ] } },
{ "type": "Feature", "properties": { "decimalLatitude": 39.740772, "decimalLongitude": -121.820611, "eventDate": "2017-03-05T10:49:00Z", "countryCode": "US" }, "geometry": { "type": "Point", "coordinates": [ -121.820611, 39.740772 ] } },
{ "type": "Feature", "properties": { "decimalLatitude": 38.364272, "decimalLongitude": -122.512222, "eventDate": "2017-03-25T12:17:00Z", "countryCode": "US" }, "geometry": { "type": "Point", "coordinates": [ -122.512222, 38.364272 ] } },
{ "type": "Feature", "properties": { "decimalLatitude": 39.221092, "decimalLongitude": -121.794533, "eventDate": "2017-03-18T10:36:00Z", "countryCode": "US" }, "geometry": { "type": "Point", "coordinates": [ -121.794533, 39.221092 ] } },
{ "type": "Feature", "properties": { "decimalLatitude": 38.488154, "decimalLongitude": -122.571593, "eventDate": "2017-03-13T16:36:00Z", "countryCode": "US" }, "geometry": { "type": "Point", "coordinates": [ -122.571593, 38.488154 ] } },
{ "type": "Feature", "properties": { "decimalLatitude": 39.775279, "decimalLongitude": -121.770359, "eventDate": "2017-03-18T11:28:00Z", "countryCode": "US" }, "geometry": { "type": "Point", "coordinates": [ -121.770359, 39.775279 ] } },
{ "type": "Feature", "properties": { "decimalLatitude": 38.004109, "decimalLongitude": -122.708877, "eventDate": "2017-03-09T09:57:11Z", "countryCode": "US" }, "geometry": { "type": "Point", "coordinates": [ -122.708877, 38.004109 ] } },
{ "type": "Feature", "properties": { "decimalLatitude": 38.464695, "decimalLongitude": -122.707897, "eventDate": "2017-04-02T12:11:00Z", "countryCode": "US" }, "geometry": { "type": "Point", "coordinates": [ -122.707897, 38.464695 ] } },
{ "type": "Feature", "properties": { "decimalLatitude": 38.442473, "decimalLongitude": -122.541159, "eventDate": "2017-04-15T12:48:01Z", "countryCode": "US" }, "geometry": { "type": "Point", "coordinates": [ -122.541159, 38.442473 ] } },
{ "type": "Feature", "properties": { "decimalLatitude": 38.500087, "decimalLongitude": -122.354393, "eventDate": "2017-04-15T14:07:00Z", "countryCode": "US" }, "geometry": { "type": "Point", "coordinates": [ -122.354393, 38.500087 ] } },
{ "type": "Feature", "properties": { "decimalLatitude": 38.764382, "decimalLongitude": -120.984043, "eventDate": "2017-04-11T19:04:00Z", "countryCode": "US" }, "geometry": { "type": "Point", "coordinates": [ -120.984043, 38.764382 ] } },
{ "type": "Feature", "properties": { "decimalLatitude": 37.946767, "decimalLongitude": -122.308113, "eventDate": "2017-04-24T15:47:09Z", "countryCode": "US" }, "geometry": { "type": "Point", "coordinates": [ -122.308113, 37.946767 ] } },
{ "type": "Feature", "properties": { "decimalLatitude": 38.614657, "decimalLongitude": -121.309447, "eventDate": "2017-04-26T19:35:00Z", "countryCode": "US" }, "geometry": { "type": "Point", "coordinates": [ -121.309447, 38.614657 ] } },
{ "type": "Feature", "properties": { "decimalLatitude": 40.558416, "decimalLongitude": -122.477703, "eventDate": "2017-04-30T14:10:00Z", "countryCode": "US" }, "geometry": { "type": "Point", "coordinates": [ -122.477703, 40.558416 ] } },
{ "type": "Feature", "properties": { "decimalLatitude": 38.549786, "decimalLongitude": -122.722993, "eventDate": "2017-04-08T09:55:12Z", "countryCode": "US" }, "geometry": { "type": "Point", "coordinates": [ -122.722993, 38.549786 ] } },
{ "type": "Feature", "properties": { "decimalLatitude": 38.45647, "decimalLongitude": -122.936054, "eventDate": "2017-04-28T11:38:00Z", "countryCode": "US" }, "geometry": { "type": "Point", "coordinates": [ -122.936054, 38.45647 ] } },
{ "type": "Feature", "properties": { "decimalLatitude": 38.613631, "decimalLongitude": -121.307497, "eventDate": "2017-04-01T09:28:12Z", "countryCode": "US" }, "geometry": { "type": "Point", "coordinates": [ -121.307497, 38.613631 ] } },
{ "type": "Feature", "properties": { "decimalLatitude": 38.50504, "decimalLongitude": -122.87006, "eventDate": "2017-04-10T12:18:00Z", "countryCode": "US" }, "geometry": { "type": "Point", "coordinates": [ -122.87006, 38.50504 ] } },
{ "type": "Feature", "properties": { "decimalLatitude": 38.616661, "decimalLongitude": -121.309944, "eventDate": "2017-04-23T00:00:00Z", "countryCode": "US" }, "geometry": { "type": "Point", "coordinates": [ -121.309944, 38.616661 ] } },
{ "type": "Feature", "properties": { "decimalLatitude": 38.464565, "decimalLongitude": -122.707905, "eventDate": "2017-05-13T05:36:56Z", "countryCode": "US" }, "geometry": { "type": "Point", "coordinates": [ -122.707905, 38.464565 ] } },
{ "type": "Feature", "properties": { "decimalLatitude": 38.452881, "decimalLongitude": -122.573743, "eventDate": "2017-05-21T08:28:10Z", "countryCode": "US" }, "geometry": { "type": "Point", "coordinates": [ -122.573743, 38.452881 ] } },
{ "type": "Feature", "properties": { "decimalLatitude": 38.616752, "decimalLongitude": -121.310338, "eventDate": "2017-05-01T10:08:44Z", "countryCode": "US" }, "geometry": { "type": "Point", "coordinates": [ -121.310338, 38.616752 ] } },
{ "type": "Feature", "properties": { "decimalLatitude": 38.483656, "decimalLongitude": -122.845529, "eventDate": "2017-05-13T08:08:17Z", "countryCode": "US" }, "geometry": { "type": "Point", "coordinates": [ -122.845529, 38.483656 ] } },
{ "type": "Feature", "properties": { "decimalLatitude": 38.508667, "decimalLongitude": -122.885012, "eventDate": "2017-05-13T07:25:25Z", "countryCode": "US" }, "geometry": { "type": "Point", "coordinates": [ -122.885012, 38.508667 ] } },
{ "type": "Feature", "properties": { "decimalLatitude": 38.617466, "decimalLongitude": -121.311572, "eventDate": "2017-05-05T00:00:00Z", "countryCode": "US" }, "geometry": { "type": "Point", "coordinates": [ -121.311572, 38.617466 ] } },
{ "type": "Feature", "properties": { "decimalLatitude": 38.50826, "decimalLongitude": -122.097991, "eventDate": "2017-05-06T13:11:02Z", "countryCode": "US" }, "geometry": { "type": "Point", "coordinates": [ -122.097991, 38.50826 ] } },
{ "type": "Feature", "properties": { "decimalLatitude": 38.505079, "decimalLongitude": -122.882483, "eventDate": "2017-05-13T07:42:04Z", "countryCode": "US" }, "geometry": { "type": "Point", "coordinates": [ -122.882483, 38.505079 ] } },
{ "type": "Feature", "properties": { "decimalLatitude": 39.317877, "decimalLongitude": -121.204208, "eventDate": "2017-05-06T10:31:03Z", "countryCode": "US" }, "geometry": { "type": "Point", "coordinates": [ -121.204208, 39.317877 ] } },
{ "type": "Feature", "properties": { "decimalLatitude": 38.935433, "decimalLongitude": -121.018243, "eventDate": "2017-05-27T13:48:29Z", "countryCode": "US" }, "geometry": { "type": "Point", "coordinates": [ -121.018243, 38.935433 ] } },
{ "type": "Feature", "properties": { "decimalLatitude": 38.595252, "decimalLongitude": -121.330237, "eventDate": "2017-05-09T10:01:00Z", "countryCode": "US" }, "geometry": { "type": "Point", "coordinates": [ -121.330237, 38.595252 ] } },
{ "type": "Feature", "properties": { "decimalLatitude": 39.751256, "decimalLongitude": -121.482463, "eventDate": "2017-06-03T17:48:26Z", "countryCode": "US" }, "geometry": { "type": "Point", "coordinates": [ -121.482463, 39.751256 ] } },
{ "type": "Feature", "properties": { "decimalLatitude": 39.770929, "decimalLongitude": -121.770232, "eventDate": "2017-06-20T11:00:00Z", "countryCode": "US" }, "geometry": { "type": "Point", "coordinates": [ -121.770232, 39.770929 ] } },
{ "type": "Feature", "properties": { "decimalLatitude": 38.574441, "decimalLongitude": -121.348672, "eventDate": "2017-06-04T10:06:00Z", "countryCode": "US" }, "geometry": { "type": "Point", "coordinates": [ -121.348672, 38.574441 ] } },
{ "type": "Feature", "properties": { "decimalLatitude": 37.76078, "decimalLongitude": -122.456897, "eventDate": "2017-06-04T17:13:36Z", "countryCode": "US" }, "geometry": { "type": "Point", "coordinates": [ -122.456897, 37.76078 ] } },
{ "type": "Feature", "properties": { "decimalLatitude": 38.512863, "decimalLongitude": -122.932488, "eventDate": "2017-06-14T10:58:56Z", "countryCode": "US" }, "geometry": { "type": "Point", "coordinates": [ -122.932488, 38.512863 ] } },
{ "type": "Feature", "properties": { "decimalLatitude": 38.893347, "decimalLongitude": -122.245809, "eventDate": "2017-06-22T00:00:00Z", "countryCode": "US" }, "geometry": { "type": "Point", "coordinates": [ -122.245809, 38.893347 ] } },
{ "type": "Feature", "properties": { "decimalLatitude": 39.793022, "decimalLongitude": -121.662544, "eventDate": "2017-08-25T00:00:00Z", "countryCode": "US" }, "geometry": { "type": "Point", "coordinates": [ -121.662544, 39.793022 ] } },
{ "type": "Feature", "properties": { "decimalLatitude": 38.634068, "decimalLongitude": -121.338015, "eventDate": "2017-09-09T09:47:00Z", "countryCode": "US" }, "geometry": { "type": "Point", "coordinates": [ -121.338015, 38.634068 ] } },
{ "type": "Feature", "properties": { "decimalLatitude": 38.772222, "decimalLongitude": -121.133612, "eventDate": "2017-09-04T12:45:12Z", "countryCode": "US" }, "geometry": { "type": "Point", "coordinates": [ -121.133612, 38.772222 ] } },
{ "type": "Feature", "properties": { "decimalLatitude": 38.55828, "decimalLongitude": -122.458488, "eventDate": "2017-09-13T14:49:54Z", "countryCode": "US" }, "geometry": { "type": "Point", "coordinates": [ -122.458488, 38.55828 ] } },
{ "type": "Feature", "properties": { "decimalLatitude": 38.454549, "decimalLongitude": -122.665321, "eventDate": "2017-10-07T14:34:30Z", "countryCode": "US" }, "geometry": { "type": "Point", "coordinates": [ -122.665321, 38.454549 ] } },
{ "type": "Feature", "properties": { "decimalLatitude": 37.712741, "decimalLongitude": -122.474865, "eventDate": "2017-10-21T12:02:54Z", "countryCode": "US" }, "geometry": { "type": "Point", "coordinates": [ -122.474865, 37.712741 ] } },
{ "type": "Feature", "properties": { "decimalLatitude": 38.905646, "decimalLongitude": -121.050501, "eventDate": "2017-10-25T12:52:30Z", "countryCode": "US" }, "geometry": { "type": "Point", "coordinates": [ -121.050501, 38.905646 ] } },
{ "type": "Feature", "properties": { "decimalLatitude": 37.954959, "decimalLongitude": -122.577219, "eventDate": "2017-10-26T00:00:00Z", "countryCode": "US" }, "geometry": { "type": "Point", "coordinates": [ -122.577219, 37.954959 ] } },
{ "type": "Feature", "properties": { "decimalLatitude": 38.501858, "decimalLongitude": -122.99611, "eventDate": "2017-10-23T00:00:00Z", "countryCode": "US" }, "geometry": { "type": "Point", "coordinates": [ -122.99611, 38.501858 ] } },
{ "type": "Feature", "properties": { "decimalLatitude": 37.960003, "decimalLongitude": -122.571228, "eventDate": "2017-10-26T10:30:42Z", "countryCode": "US" }, "geometry": { "type": "Point", "coordinates": [ -122.571228, 37.960003 ] } },
{ "type": "Feature", "properties": { "decimalLatitude": 39.225283, "decimalLongitude": -121.781037, "eventDate": "2017-10-21T11:29:57Z", "countryCode": "US" }, "geometry": { "type": "Point", "coordinates": [ -121.781037, 39.225283 ] } },
{ "type": "Feature", "properties": { "decimalLatitude": 37.957311, "decimalLongitude": -122.572853, "eventDate": "2017-10-26T10:37:00Z", "countryCode": "US" }, "geometry": { "type": "Point", "coordinates": [ -122.572853, 37.957311 ] } },
{ "type": "Feature", "properties": { "decimalLatitude": 37.959258, "decimalLongitude": -122.572028, "eventDate": "2017-10-26T10:23:59Z", "countryCode": "US" }, "geometry": { "type": "Point", "coordinates": [ -122.572028, 37.959258 ] } },
{ "type": "Feature", "properties": { "decimalLatitude": 37.957467, "decimalLongitude": -122.572845, "eventDate": "2017-10-26T08:47:23Z", "countryCode": "US" }, "geometry": { "type": "Point", "coordinates": [ -122.572845, 37.957467 ] } },
{ "type": "Feature", "properties": { "decimalLatitude": 37.853339, "decimalLongitude": -122.050359, "eventDate": "2017-10-24T16:54:00Z", "countryCode": "US" }, "geometry": { "type": "Point", "coordinates": [ -122.050359, 37.853339 ] } },
{ "type": "Feature", "properties": { "decimalLatitude": 37.934749, "decimalLongitude": -122.11537, "eventDate": "2017-11-12T13:44:51Z", "countryCode": "US" }, "geometry": { "type": "Point", "coordinates": [ -122.11537, 37.934749 ] } },
{ "type": "Feature", "properties": { "decimalLatitude": 38.35259, "decimalLongitude": -122.5218, "eventDate": "2017-11-23T09:39:05Z", "countryCode": "US" }, "geometry": { "type": "Point", "coordinates": [ -122.5218, 38.35259 ] } },
{ "type": "Feature", "properties": { "decimalLatitude": 37.817072, "decimalLongitude": -122.044535, "eventDate": "2018-01-20T14:09:31Z", "countryCode": "US" }, "geometry": { "type": "Point", "coordinates": [ -122.044535, 37.817072 ] } },
{ "type": "Feature", "properties": { "decimalLatitude": 39.771926, "decimalLongitude": -121.775894, "eventDate": "2018-01-17T14:11:02Z", "countryCode": "US" }, "geometry": { "type": "Point", "coordinates": [ -121.775894, 39.771926 ] } },
{ "type": "Feature", "properties": { "decimalLatitude": 39.727361, "decimalLongitude": -121.848783, "eventDate": "2018-01-30T14:51:23Z", "countryCode": "US" }, "geometry": { "type": "Point", "coordinates": [ -121.848783, 39.727361 ] } },
{ "type": "Feature", "properties": { "decimalLatitude": 40.275597, "decimalLongitude": -122.193375, "eventDate": "2018-01-26T12:56:00Z", "countryCode": "US" }, "geometry": { "type": "Point", "coordinates": [ -122.193375, 40.275597 ] } },
{ "type": "Feature", "properties": { "decimalLatitude": 39.767138, "decimalLongitude": -121.777595, "eventDate": "2018-01-27T15:34:00Z", "countryCode": "US" }, "geometry": { "type": "Point", "coordinates": [ -121.777595, 39.767138 ] } },
{ "type": "Feature", "properties": { "decimalLatitude": 40.55402, "decimalLongitude": -122.475757, "eventDate": "2018-02-03T10:43:00Z", "countryCode": "US" }, "geometry": { "type": "Point", "coordinates": [ -122.475757, 40.55402 ] } },
{ "type": "Feature", "properties": { "decimalLatitude": 39.744862, "decimalLongitude": -121.810432, "eventDate": "2018-02-07T08:29:44Z", "countryCode": "US" }, "geometry": { "type": "Point", "coordinates": [ -121.810432, 39.744862 ] } },
{ "type": "Feature", "properties": { "decimalLatitude": 37.983447, "decimalLongitude": -122.58076, "eventDate": "2018-02-09T15:17:24Z", "countryCode": "US" }, "geometry": { "type": "Point", "coordinates": [ -122.58076, 37.983447 ] } },
{ "type": "Feature", "properties": { "decimalLatitude": 38.030445, "decimalLongitude": -122.73375, "eventDate": "2018-02-26T10:00:00Z", "countryCode": "US" }, "geometry": { "type": "Point", "coordinates": [ -122.73375, 38.030445 ] } },
{ "type": "Feature", "properties": { "decimalLatitude": 38.601387, "decimalLongitude": -121.321388, "eventDate": "2018-02-16T16:29:45Z", "countryCode": "US" }, "geometry": { "type": "Point", "coordinates": [ -121.321388, 38.601387 ] } },
{ "type": "Feature", "properties": { "decimalLatitude": 39.326781, "decimalLongitude": -121.016097, "eventDate": "2018-02-09T16:10:00Z", "countryCode": "US" }, "geometry": { "type": "Point", "coordinates": [ -121.016097, 39.326781 ] } },
{ "type": "Feature", "properties": { "decimalLatitude": 38.678077, "decimalLongitude": -121.180605, "eventDate": "2018-02-09T10:40:05Z", "countryCode": "US" }, "geometry": { "type": "Point", "coordinates": [ -121.180605, 38.678077 ] } },
{ "type": "Feature", "properties": { "decimalLatitude": 38.568333, "decimalLongitude": -121.373886, "eventDate": "2018-02-10T15:42:24Z", "countryCode": "US" }, "geometry": { "type": "Point", "coordinates": [ -121.373886, 38.568333 ] } },
{ "type": "Feature", "properties": { "decimalLatitude": 39.292411, "decimalLongitude": -121.17954, "eventDate": "2018-02-12T13:28:47Z", "countryCode": "US" }, "geometry": { "type": "Point", "coordinates": [ -121.17954, 39.292411 ] } },
{ "type": "Feature", "properties": { "decimalLatitude": 38.489266, "decimalLongitude": -122.603065, "eventDate": "2018-02-11T17:38:54Z", "countryCode": "US" }, "geometry": { "type": "Point", "coordinates": [ -122.603065, 38.489266 ] } },
{ "type": "Feature", "properties": { "decimalLatitude": 37.993892, "decimalLongitude": -122.200123, "eventDate": "2018-02-15T13:24:00Z", "countryCode": "US" }, "geometry": { "type": "Point", "coordinates": [ -122.200123, 37.993892 ] } },
{ "type": "Feature", "properties": { "decimalLatitude": 39.746523, "decimalLongitude": -121.977699, "eventDate": "2018-02-16T14:37:49Z", "countryCode": "US" }, "geometry": { "type": "Point", "coordinates": [ -121.977699, 39.746523 ] } },
{ "type": "Feature", "properties": { "decimalLatitude": 37.866572, "decimalLongitude": -122.438172, "eventDate": "2018-02-07T12:12:19Z", "countryCode": "US" }, "geometry": { "type": "Point", "coordinates": [ -122.438172, 37.866572 ] } },
{ "type": "Feature", "properties": { "decimalLatitude": 38.518183, "decimalLongitude": -122.851353, "eventDate": "2018-02-11T13:55:00Z", "countryCode": "US" }, "geometry": { "type": "Point", "coordinates": [ -122.851353, 38.518183 ] } },
{ "type": "Feature", "properties": { "decimalLatitude": 39.770708, "decimalLongitude": -121.766042, "eventDate": "2018-02-02T09:27:00Z", "countryCode": "US" }, "geometry": { "type": "Point", "coordinates": [ -121.766042, 39.770708 ] } },
{ "type": "Feature", "properties": { "decimalLatitude": 40.262442, "decimalLongitude": -122.168717, "eventDate": "2018-02-09T10:38:00Z", "countryCode": "US" }, "geometry": { "type": "Point", "coordinates": [ -122.168717, 40.262442 ] } },
{ "type": "Feature", "properties": { "decimalLatitude": 39.845823, "decimalLongitude": -121.707732, "eventDate": "2018-02-11T11:56:00Z", "countryCode": "US" }, "geometry": { "type": "Point", "coordinates": [ -121.707732, 39.845823 ] } },
{ "type": "Feature", "properties": { "decimalLatitude": 39.789202, "decimalLongitude": -121.735653, "eventDate": "2018-02-18T13:04:00Z", "countryCode": "US" }, "geometry": { "type": "Point", "coordinates": [ -121.735653, 39.789202 ] } },
{ "type": "Feature", "properties": { "decimalLatitude": 40.238842, "decimalLongitude": -122.203737, "eventDate": "2018-02-23T12:53:12Z", "countryCode": "US" }, "geometry": { "type": "Point", "coordinates": [ -122.203737, 40.238842 ] } },
{ "type": "Feature", "properties": { "decimalLatitude": 39.292137, "decimalLongitude": -121.195403, "eventDate": "2018-02-08T15:31:24Z", "countryCode": "US" }, "geometry": { "type": "Point", "coordinates": [ -121.195403, 39.292137 ] } },
{ "type": "Feature", "properties": { "decimalLatitude": 39.297272, "decimalLongitude": -121.207527, "eventDate": "2018-02-18T14:11:52Z", "countryCode": "US" }, "geometry": { "type": "Point", "coordinates": [ -121.207527, 39.297272 ] } },
{ "type": "Feature", "properties": { "decimalLatitude": 40.344236, "decimalLongitude": -122.202483, "eventDate": "2018-02-15T14:10:00Z", "countryCode": "US" }, "geometry": { "type": "Point", "coordinates": [ -122.202483, 40.344236 ] } },
{ "type": "Feature", "properties": { "decimalLatitude": 37.991732, "decimalLongitude": -122.201293, "eventDate": "2018-02-15T14:22:00Z", "countryCode": "US" }, "geometry": { "type": "Point", "coordinates": [ -122.201293, 37.991732 ] } },
{ "type": "Feature", "properties": { "decimalLatitude": 37.998966, "decimalLongitude": -122.70443, "eventDate": "2018-03-05T13:01:52Z", "countryCode": "US" }, "geometry": { "type": "Point", "coordinates": [ -122.70443, 37.998966 ] } },
{ "type": "Feature", "properties": { "decimalLatitude": 37.998787, "decimalLongitude": -122.706398, "eventDate": "2018-03-05T13:30:51Z", "countryCode": "US" }, "geometry": { "type": "Point", "coordinates": [ -122.706398, 37.998787 ] } },
{ "type": "Feature", "properties": { "decimalLatitude": 38.004147, "decimalLongitude": -122.702599, "eventDate": "2018-03-06T11:15:07Z", "countryCode": "US" }, "geometry": { "type": "Point", "coordinates": [ -122.702599, 38.004147 ] } },
{ "type": "Feature", "properties": { "decimalLatitude": 37.99907, "decimalLongitude": -122.70433, "eventDate": "2018-03-05T13:01:16Z", "countryCode": "US" }, "geometry": { "type": "Point", "coordinates": [ -122.70433, 37.99907 ] } },
{ "type": "Feature", "properties": { "decimalLatitude": 39.292519, "decimalLongitude": -121.195061, "eventDate": "2018-03-11T10:52:40Z", "countryCode": "US" }, "geometry": { "type": "Point", "coordinates": [ -121.195061, 39.292519 ] } },
{ "type": "Feature", "properties": { "decimalLatitude": 38.354412, "decimalLongitude": -122.55146, "eventDate": "2018-03-09T11:46:00Z", "countryCode": "US" }, "geometry": { "type": "Point", "coordinates": [ -122.55146, 38.354412 ] } },
{ "type": "Feature", "properties": { "decimalLatitude": 38.35421, "decimalLongitude": -122.551417, "eventDate": "2018-03-09T11:46:00Z", "countryCode": "US" }, "geometry": { "type": "Point", "coordinates": [ -122.551417, 38.35421 ] } },
{ "type": "Feature", "properties": { "decimalLatitude": 38.354244, "decimalLongitude": -122.55146, "eventDate": "2018-03-09T11:46:00Z", "countryCode": "US" }, "geometry": { "type": "Point", "coordinates": [ -122.55146, 38.354244 ] } },
{ "type": "Feature", "properties": { "decimalLatitude": 38.491702, "decimalLongitude": -122.029062, "eventDate": "2018-03-03T10:21:00Z", "countryCode": "US" }, "geometry": { "type": "Point", "coordinates": [ -122.029062, 38.491702 ] } },
{ "type": "Feature", "properties": { "decimalLatitude": 38.442647, "decimalLongitude": -122.530572, "eventDate": "2018-03-16T16:03:55Z", "countryCode": "US" }, "geometry": { "type": "Point", "coordinates": [ -122.530572, 38.442647 ] } },
{ "type": "Feature", "properties": { "decimalLatitude": 37.680475, "decimalLongitude": -122.463987, "eventDate": "2018-03-18T09:57:43Z", "countryCode": "US" }, "geometry": { "type": "Point", "coordinates": [ -122.463987, 37.680475 ] } },
{ "type": "Feature", "properties": { "decimalLatitude": 37.646794, "decimalLongitude": -122.484246, "eventDate": "2018-03-18T09:56:00Z", "countryCode": "US" }, "geometry": { "type": "Point", "coordinates": [ -122.484246, 37.646794 ] } },
{ "type": "Feature", "properties": { "decimalLatitude": 38.448038, "decimalLongitude": -122.626871, "eventDate": "2018-03-21T12:32:59Z", "countryCode": "US" }, "geometry": { "type": "Point", "coordinates": [ -122.626871, 38.448038 ] } },
{ "type": "Feature", "properties": { "decimalLatitude": 40.106388, "decimalLongitude": -122.036559, "eventDate": "2018-03-26T17:01:10Z", "countryCode": "US" }, "geometry": { "type": "Point", "coordinates": [ -122.036559, 40.106388 ] } },
{ "type": "Feature", "properties": { "decimalLatitude": 40.255545, "decimalLongitude": -122.168283, "eventDate": "2018-03-28T12:06:15Z", "countryCode": "US" }, "geometry": { "type": "Point", "coordinates": [ -122.168283, 40.255545 ] } },
{ "type": "Feature", "properties": { "decimalLatitude": 38.452844, "decimalLongitude": -122.641688, "eventDate": "2018-03-24T10:24:58Z", "countryCode": "US" }, "geometry": { "type": "Point", "coordinates": [ -122.641688, 38.452844 ] } },
{ "type": "Feature", "properties": { "decimalLatitude": 39.295747, "decimalLongitude": -121.091447, "eventDate": "2018-03-26T18:12:37Z", "countryCode": "US" }, "geometry": { "type": "Point", "coordinates": [ -121.091447, 39.295747 ] } },
{ "type": "Feature", "properties": { "decimalLatitude": 38.661877, "decimalLongitude": -121.191595, "eventDate": "2018-03-23T12:41:00Z", "countryCode": "US" }, "geometry": { "type": "Point", "coordinates": [ -121.191595, 38.661877 ] } },
{ "type": "Feature", "properties": { "decimalLatitude": 38.616108, "decimalLongitude": -121.309083, "eventDate": "2018-03-28T19:25:00Z", "countryCode": "US" }, "geometry": { "type": "Point", "coordinates": [ -121.309083, 38.616108 ] } },
{ "type": "Feature", "properties": { "decimalLatitude": 37.649113, "decimalLongitude": -122.53379, "eventDate": "2018-03-18T09:54:33Z", "countryCode": "US" }, "geometry": { "type": "Point", "coordinates": [ -122.53379, 37.649113 ] } },
{ "type": "Feature", "properties": { "decimalLatitude": 38.498992, "decimalLongitude": -122.900725, "eventDate": "2018-03-24T14:31:39Z", "countryCode": "US" }, "geometry": { "type": "Point", "coordinates": [ -122.900725, 38.498992 ] } },
{ "type": "Feature", "properties": { "decimalLatitude": 37.760831, "decimalLongitude": -122.456836, "eventDate": "2018-03-18T09:56:22Z", "countryCode": "US" }, "geometry": { "type": "Point", "coordinates": [ -122.456836, 37.760831 ] } },
{ "type": "Feature", "properties": { "decimalLatitude": 39.574312, "decimalLongitude": -121.571293, "eventDate": "2018-03-08T12:14:00Z", "countryCode": "US" }, "geometry": { "type": "Point", "coordinates": [ -121.571293, 39.574312 ] } },
{ "type": "Feature", "properties": { "decimalLatitude": 39.785706, "decimalLongitude": -121.727158, "eventDate": "2018-03-24T14:42:36Z", "countryCode": "US" }, "geometry": { "type": "Point", "coordinates": [ -121.727158, 39.785706 ] } },
{ "type": "Feature", "properties": { "decimalLatitude": 37.999332, "decimalLongitude": -122.70811, "eventDate": "2018-03-22T13:09:00Z", "countryCode": "US" }, "geometry": { "type": "Point", "coordinates": [ -122.70811, 37.999332 ] } },
{ "type": "Feature", "properties": { "decimalLatitude": 38.331984, "decimalLongitude": -122.526834, "eventDate": "2018-04-04T14:01:23Z", "countryCode": "US" }, "geometry": { "type": "Point", "coordinates": [ -122.526834, 38.331984 ] } },
{ "type": "Feature", "properties": { "decimalLatitude": 38.924464, "decimalLongitude": -121.038953, "eventDate": "2018-04-05T13:33:01Z", "countryCode": "US" }, "geometry": { "type": "Point", "coordinates": [ -121.038953, 38.924464 ] } },
{ "type": "Feature", "properties": { "decimalLatitude": 38.924467, "decimalLongitude": -121.038958, "eventDate": "2018-04-05T13:32:29Z", "countryCode": "US" }, "geometry": { "type": "Point", "coordinates": [ -121.038958, 38.924467 ] } },
{ "type": "Feature", "properties": { "decimalLatitude": 38.550081, "decimalLongitude": -122.723153, "eventDate": "2018-04-07T09:39:00Z", "countryCode": "US" }, "geometry": { "type": "Point", "coordinates": [ -122.723153, 38.550081 ] } },
{ "type": "Feature", "properties": { "decimalLatitude": 38.754387, "decimalLongitude": -121.068405, "eventDate": "2018-04-09T11:15:54Z", "countryCode": "US" }, "geometry": { "type": "Point", "coordinates": [ -121.068405, 38.754387 ] } },
{ "type": "Feature", "properties": { "decimalLatitude": 38.35251, "decimalLongitude": -122.522021, "eventDate": "2018-04-11T10:41:41Z", "countryCode": "US" }, "geometry": { "type": "Point", "coordinates": [ -122.522021, 38.35251 ] } },
{ "type": "Feature", "properties": { "decimalLatitude": 38.036832, "decimalLongitude": -122.722609, "eventDate": "2018-04-11T13:45:00Z", "countryCode": "US" }, "geometry": { "type": "Point", "coordinates": [ -122.722609, 38.036832 ] } },
{ "type": "Feature", "properties": { "decimalLatitude": 39.292648, "decimalLongitude": -121.094184, "eventDate": "2018-04-08T15:56:02Z", "countryCode": "US" }, "geometry": { "type": "Point", "coordinates": [ -121.094184, 39.292648 ] } },
{ "type": "Feature", "properties": { "decimalLatitude": 37.760858, "decimalLongitude": -122.456869, "eventDate": "2018-04-09T14:54:10Z", "countryCode": "US" }, "geometry": { "type": "Point", "coordinates": [ -122.456869, 37.760858 ] } },
{ "type": "Feature", "properties": { "decimalLatitude": 38.036832, "decimalLongitude": -122.722609, "eventDate": "2018-04-11T10:34:00Z", "countryCode": "US" }, "geometry": { "type": "Point", "coordinates": [ -122.722609, 38.036832 ] } },
{ "type": "Feature", "properties": { "decimalLatitude": 39.189456, "decimalLongitude": -121.78333, "eventDate": "2018-04-14T15:10:04Z", "countryCode": "US" }, "geometry": { "type": "Point", "coordinates": [ -121.78333, 39.189456 ] } },
{ "type": "Feature", "properties": { "decimalLatitude": 38.427442, "decimalLongitude": -122.418122, "eventDate": "2018-04-15T15:05:45Z", "countryCode": "US" }, "geometry": { "type": "Point", "coordinates": [ -122.418122, 38.427442 ] } },
{ "type": "Feature", "properties": { "decimalLatitude": 38.426492, "decimalLongitude": -122.422172, "eventDate": "2018-04-15T15:41:26Z", "countryCode": "US" }, "geometry": { "type": "Point", "coordinates": [ -122.422172, 38.426492 ] } },
{ "type": "Feature", "properties": { "decimalLatitude": 38.44241, "decimalLongitude": -122.54113, "eventDate": "2018-04-17T17:27:43Z", "countryCode": "US" }, "geometry": { "type": "Point", "coordinates": [ -122.54113, 38.44241 ] } },
{ "type": "Feature", "properties": { "decimalLatitude": 37.994889, "decimalLongitude": -122.696419, "eventDate": "2018-04-27T13:05:00Z", "countryCode": "US" }, "geometry": { "type": "Point", "coordinates": [ -122.696419, 37.994889 ] } },
{ "type": "Feature", "properties": { "decimalLatitude": 37.839828, "decimalLongitude": -122.484817, "eventDate": "2018-04-28T13:46:35Z", "countryCode": "US" }, "geometry": { "type": "Point", "coordinates": [ -122.484817, 37.839828 ] } },
{ "type": "Feature", "properties": { "decimalLatitude": 37.983904, "decimalLongitude": -122.172222, "eventDate": "2018-04-28T11:10:00Z", "countryCode": "US" }, "geometry": { "type": "Point", "coordinates": [ -122.172222, 37.983904 ] } },
{ "type": "Feature", "properties": { "decimalLatitude": 40.185947, "decimalLongitude": -122.226156, "eventDate": "2018-04-30T14:27:25Z", "countryCode": "US" }, "geometry": { "type": "Point", "coordinates": [ -122.226156, 40.185947 ] } },
{ "type": "Feature", "properties": { "decimalLatitude": 38.647342, "decimalLongitude": -121.197438, "eventDate": "2018-04-13T13:51:00Z", "countryCode": "US" }, "geometry": { "type": "Point", "coordinates": [ -121.197438, 38.647342 ] } },
{ "type": "Feature", "properties": { "decimalLatitude": 37.760671, "decimalLongitude": -122.456898, "eventDate": "2018-04-09T14:56:06Z", "countryCode": "US" }, "geometry": { "type": "Point", "coordinates": [ -122.456898, 37.760671 ] } },
{ "type": "Feature", "properties": { "decimalLatitude": 37.760768, "decimalLongitude": -122.456893, "eventDate": "2018-04-09T14:55:18Z", "countryCode": "US" }, "geometry": { "type": "Point", "coordinates": [ -122.456893, 37.760768 ] } },
{ "type": "Feature", "properties": { "decimalLatitude": 39.770329, "decimalLongitude": -121.458824, "eventDate": "2018-04-02T10:38:10Z", "countryCode": "US" }, "geometry": { "type": "Point", "coordinates": [ -121.458824, 39.770329 ] } },
{ "type": "Feature", "properties": { "decimalLatitude": 38.517101, "decimalLongitude": -122.857135, "eventDate": "2018-04-15T13:09:00Z", "countryCode": "US" }, "geometry": { "type": "Point", "coordinates": [ -122.857135, 38.517101 ] } },
{ "type": "Feature", "properties": { "decimalLatitude": 38.45549, "decimalLongitude": -122.575494, "eventDate": "2018-04-01T13:34:00Z", "countryCode": "US" }, "geometry": { "type": "Point", "coordinates": [ -122.575494, 38.45549 ] } },
{ "type": "Feature", "properties": { "decimalLatitude": 38.016282, "decimalLongitude": -122.682464, "eventDate": "2018-04-09T11:05:00Z", "countryCode": "US" }, "geometry": { "type": "Point", "coordinates": [ -122.682464, 38.016282 ] } },
{ "type": "Feature", "properties": { "decimalLatitude": 37.846094, "decimalLongitude": -122.060919, "eventDate": "2018-04-08T14:02:00Z", "countryCode": "US" }, "geometry": { "type": "Point", "coordinates": [ -122.060919, 37.846094 ] } },
{ "type": "Feature", "properties": { "decimalLatitude": 37.852589, "decimalLongitude": -122.072256, "eventDate": "2018-04-03T10:25:00Z", "countryCode": "US" }, "geometry": { "type": "Point", "coordinates": [ -122.072256, 37.852589 ] } },
{ "type": "Feature", "properties": { "decimalLatitude": 39.229324, "decimalLongitude": -121.245807, "eventDate": "2018-04-19T09:49:00Z", "countryCode": "US" }, "geometry": { "type": "Point", "coordinates": [ -121.245807, 39.229324 ] } },
{ "type": "Feature", "properties": { "decimalLatitude": 37.855983, "decimalLongitude": -122.568003, "eventDate": "2018-05-14T14:21:47Z", "countryCode": "US" }, "geometry": { "type": "Point", "coordinates": [ -122.568003, 37.855983 ] } },
{ "type": "Feature", "properties": { "decimalLatitude": 38.503234, "decimalLongitude": -122.931885, "eventDate": "2018-05-14T17:44:00Z", "countryCode": "US" }, "geometry": { "type": "Point", "coordinates": [ -122.931885, 38.503234 ] } },
{ "type": "Feature", "properties": { "decimalLatitude": 38.205969, "decimalLongitude": -122.490468, "eventDate": "2018-05-15T10:18:30Z", "countryCode": "US" }, "geometry": { "type": "Point", "coordinates": [ -122.490468, 38.205969 ] } },
{ "type": "Feature", "properties": { "decimalLatitude": 37.952321, "decimalLongitude": -122.582673, "eventDate": "2018-05-22T11:32:55Z", "countryCode": "US" }, "geometry": { "type": "Point", "coordinates": [ -122.582673, 37.952321 ] } },
{ "type": "Feature", "properties": { "decimalLatitude": 39.730503, "decimalLongitude": -121.845927, "eventDate": "2018-05-01T14:43:21Z", "countryCode": "US" }, "geometry": { "type": "Point", "coordinates": [ -121.845927, 39.730503 ] } },
{ "type": "Feature", "properties": { "decimalLatitude": 38.466037, "decimalLongitude": -122.70949, "eventDate": "2018-05-14T19:03:32Z", "countryCode": "US" }, "geometry": { "type": "Point", "coordinates": [ -122.70949, 38.466037 ] } },
{ "type": "Feature", "properties": { "decimalLatitude": 38.76511, "decimalLongitude": -121.109891, "eventDate": "2018-05-13T15:14:00Z", "countryCode": "US" }, "geometry": { "type": "Point", "coordinates": [ -121.109891, 38.76511 ] } },
{ "type": "Feature", "properties": { "decimalLatitude": 38.030014, "decimalLongitude": -122.740105, "eventDate": "2018-05-10T16:15:48Z", "countryCode": "US" }, "geometry": { "type": "Point", "coordinates": [ -122.740105, 38.030014 ] } },
{ "type": "Feature", "properties": { "decimalLatitude": 40.186057, "decimalLongitude": -122.225587, "eventDate": "2018-05-11T15:01:00Z", "countryCode": "US" }, "geometry": { "type": "Point", "coordinates": [ -122.225587, 40.186057 ] } },
{ "type": "Feature", "properties": { "decimalLatitude": 37.838022, "decimalLongitude": -122.036347, "eventDate": "2018-05-21T15:11:00Z", "countryCode": "US" }, "geometry": { "type": "Point", "coordinates": [ -122.036347, 37.838022 ] } },
{ "type": "Feature", "properties": { "decimalLatitude": 38.015208, "decimalLongitude": -122.652243, "eventDate": "2018-05-29T11:20:07Z", "countryCode": "US" }, "geometry": { "type": "Point", "coordinates": [ -122.652243, 38.015208 ] } },
{ "type": "Feature", "properties": { "decimalLatitude": 37.979373, "decimalLongitude": -122.131037, "eventDate": "2018-06-14T13:36:00Z", "countryCode": "US" }, "geometry": { "type": "Point", "coordinates": [ -122.131037, 37.979373 ] } },
{ "type": "Feature", "properties": { "decimalLatitude": 40.151391, "decimalLongitude": -122.312612, "eventDate": "2018-06-23T10:22:59Z", "countryCode": "US" }, "geometry": { "type": "Point", "coordinates": [ -122.312612, 40.151391 ] } },
{ "type": "Feature", "properties": { "decimalLatitude": 38.516675, "decimalLongitude": -121.628753, "eventDate": "2018-06-14T11:40:57Z", "countryCode": "US" }, "geometry": { "type": "Point", "coordinates": [ -121.628753, 38.516675 ] } },
{ "type": "Feature", "properties": { "decimalLatitude": 38.600583, "decimalLongitude": -121.324097, "eventDate": "2018-06-07T10:06:22Z", "countryCode": "US" }, "geometry": { "type": "Point", "coordinates": [ -121.324097, 38.600583 ] } },
{ "type": "Feature", "properties": { "decimalLatitude": 38.914933, "decimalLongitude": -122.324261, "eventDate": "2018-06-16T15:41:00Z", "countryCode": "US" }, "geometry": { "type": "Point", "coordinates": [ -122.324261, 38.914933 ] } },
{ "type": "Feature", "properties": { "decimalLatitude": 37.86672, "decimalLongitude": -122.43802, "eventDate": "2018-06-16T11:18:17Z", "countryCode": "US" }, "geometry": { "type": "Point", "coordinates": [ -122.43802, 37.86672 ] } },
{ "type": "Feature", "properties": { "decimalLatitude": 38.44634, "decimalLongitude": -122.621832, "eventDate": "2018-06-25T16:49:33Z", "countryCode": "US" }, "geometry": { "type": "Point", "coordinates": [ -122.621832, 38.44634 ] } },
{ "type": "Feature", "properties": { "decimalLatitude": 38.079576, "decimalLongitude": -122.590971, "eventDate": "2018-07-13T14:25:01Z", "countryCode": "US" }, "geometry": { "type": "Point", "coordinates": [ -122.590971, 38.079576 ] } },
{ "type": "Feature", "properties": { "decimalLatitude": 37.867008, "decimalLongitude": -122.438133, "eventDate": "2018-07-15T13:32:20Z", "countryCode": "US" }, "geometry": { "type": "Point", "coordinates": [ -122.438133, 37.867008 ] } },
{ "type": "Feature", "properties": { "decimalLatitude": 38.546094, "decimalLongitude": -122.533384, "eventDate": "2018-07-14T11:35:44Z", "countryCode": "US" }, "geometry": { "type": "Point", "coordinates": [ -122.533384, 38.546094 ] } },
{ "type": "Feature", "properties": { "decimalLatitude": 37.862647, "decimalLongitude": -122.43528, "eventDate": "2018-07-21T11:15:30Z", "countryCode": "US" }, "geometry": { "type": "Point", "coordinates": [ -122.43528, 37.862647 ] } },
{ "type": "Feature", "properties": { "decimalLatitude": 37.811111, "decimalLongitude": -122.371216, "eventDate": "2018-07-25T17:03:55Z", "countryCode": "US" }, "geometry": { "type": "Point", "coordinates": [ -122.371216, 37.811111 ] } },
{ "type": "Feature", "properties": { "decimalLatitude": 38.445414, "decimalLongitude": -122.617106, "eventDate": "2018-07-09T13:12:17Z", "countryCode": "US" }, "geometry": { "type": "Point", "coordinates": [ -122.617106, 38.445414 ] } },
{ "type": "Feature", "properties": { "decimalLatitude": 38.445386, "decimalLongitude": -122.617046, "eventDate": "2018-07-03T16:30:54Z", "countryCode": "US" }, "geometry": { "type": "Point", "coordinates": [ -122.617046, 38.445386 ] } },
{ "type": "Feature", "properties": { "decimalLatitude": 38.482525, "decimalLongitude": -122.873864, "eventDate": "2018-07-24T09:52:00Z", "countryCode": "US" }, "geometry": { "type": "Point", "coordinates": [ -122.873864, 38.482525 ] } },
{ "type": "Feature", "properties": { "decimalLatitude": 38.486011, "decimalLongitude": -122.887231, "eventDate": "2018-07-25T08:17:00Z", "countryCode": "US" }, "geometry": { "type": "Point", "coordinates": [ -122.887231, 38.486011 ] } },
{ "type": "Feature", "properties": { "decimalLatitude": 38.479472, "decimalLongitude": -122.876939, "eventDate": "2018-07-30T10:46:00Z", "countryCode": "US" }, "geometry": { "type": "Point", "coordinates": [ -122.876939, 38.479472 ] } },
{ "type": "Feature", "properties": { "decimalLatitude": 38.482639, "decimalLongitude": -122.879958, "eventDate": "2018-07-18T12:51:00Z", "countryCode": "US" }, "geometry": { "type": "Point", "coordinates": [ -122.879958, 38.482639 ] } },
{ "type": "Feature", "properties": { "decimalLatitude": 38.489385, "decimalLongitude": -122.890177, "eventDate": "2018-07-10T08:13:27Z", "countryCode": "US" }, "geometry": { "type": "Point", "coordinates": [ -122.890177, 38.489385 ] } },
{ "type": "Feature", "properties": { "decimalLatitude": 39.914104, "decimalLongitude": -122.086936, "eventDate": "2018-08-27T19:04:57Z", "countryCode": "US" }, "geometry": { "type": "Point", "coordinates": [ -122.086936, 39.914104 ] } },
{ "type": "Feature", "properties": { "decimalLatitude": 37.948144, "decimalLongitude": -122.1355, "eventDate": "2018-08-12T14:05:24Z", "countryCode": "US" }, "geometry": { "type": "Point", "coordinates": [ -122.1355, 37.948144 ] } },
{ "type": "Feature", "properties": { "decimalLatitude": 38.509194, "decimalLongitude": -122.982886, "eventDate": "2018-08-27T14:21:00Z", "countryCode": "US" }, "geometry": { "type": "Point", "coordinates": [ -122.982886, 38.509194 ] } },
{ "type": "Feature", "properties": { "decimalLatitude": 38.507033, "decimalLongitude": -122.985053, "eventDate": "2018-08-13T08:42:00Z", "countryCode": "US" }, "geometry": { "type": "Point", "coordinates": [ -122.985053, 38.507033 ] } },
{ "type": "Feature", "properties": { "decimalLatitude": 38.507172, "decimalLongitude": -122.984786, "eventDate": "2018-08-13T08:40:00Z", "countryCode": "US" }, "geometry": { "type": "Point", "coordinates": [ -122.984786, 38.507172 ] } },
{ "type": "Feature", "properties": { "decimalLatitude": 38.507075, "decimalLongitude": -122.985, "eventDate": "2018-08-13T08:41:00Z", "countryCode": "US" }, "geometry": { "type": "Point", "coordinates": [ -122.985, 38.507075 ] } },
{ "type": "Feature", "properties": { "decimalLatitude": 38.502597, "decimalLongitude": -122.987853, "eventDate": "2018-08-08T09:06:00Z", "countryCode": "US" }, "geometry": { "type": "Point", "coordinates": [ -122.987853, 38.502597 ] } },
{ "type": "Feature", "properties": { "decimalLatitude": 38.505131, "decimalLongitude": -122.986253, "eventDate": "2018-08-10T14:30:00Z", "countryCode": "US" }, "geometry": { "type": "Point", "coordinates": [ -122.986253, 38.505131 ] } },
{ "type": "Feature", "properties": { "decimalLatitude": 38.504489, "decimalLongitude": -122.985764, "eventDate": "2018-08-08T11:35:00Z", "countryCode": "US" }, "geometry": { "type": "Point", "coordinates": [ -122.985764, 38.504489 ] } },
{ "type": "Feature", "properties": { "decimalLatitude": 38.507747, "decimalLongitude": -122.983711, "eventDate": "2018-08-13T12:07:00Z", "countryCode": "US" }, "geometry": { "type": "Point", "coordinates": [ -122.983711, 38.507747 ] } },
{ "type": "Feature", "properties": { "decimalLatitude": 38.4743, "decimalLongitude": -122.849228, "eventDate": "2018-08-30T12:03:00Z", "countryCode": "US" }, "geometry": { "type": "Point", "coordinates": [ -122.849228, 38.4743 ] } },
{ "type": "Feature", "properties": { "decimalLatitude": 38.504975, "decimalLongitude": -122.98635, "eventDate": "2018-08-10T14:33:00Z", "countryCode": "US" }, "geometry": { "type": "Point", "coordinates": [ -122.98635, 38.504975 ] } },
{ "type": "Feature", "properties": { "decimalLatitude": 38.509208, "decimalLongitude": -122.982894, "eventDate": "2018-08-27T14:17:00Z", "countryCode": "US" }, "geometry": { "type": "Point", "coordinates": [ -122.982894, 38.509208 ] } },
{ "type": "Feature", "properties": { "decimalLatitude": 37.956752, "decimalLongitude": -122.123058, "eventDate": "2018-09-01T15:49:00Z", "countryCode": "US" }, "geometry": { "type": "Point", "coordinates": [ -122.123058, 37.956752 ] } },
{ "type": "Feature", "properties": { "decimalLatitude": 38.480689, "decimalLongitude": -122.852753, "eventDate": "2018-09-04T10:44:00Z", "countryCode": "US" }, "geometry": { "type": "Point", "coordinates": [ -122.852753, 38.480689 ] } },
{ "type": "Feature", "properties": { "decimalLatitude": 38.421872, "decimalLongitude": -122.535172, "eventDate": "2018-09-14T10:34:00Z", "countryCode": "US" }, "geometry": { "type": "Point", "coordinates": [ -122.535172, 38.421872 ] } },
{ "type": "Feature", "properties": { "decimalLatitude": 38.480789, "decimalLongitude": -122.852714, "eventDate": "2018-09-04T09:17:00Z", "countryCode": "US" }, "geometry": { "type": "Point", "coordinates": [ -122.852714, 38.480789 ] } },
{ "type": "Feature", "properties": { "decimalLatitude": 38.523037, "decimalLongitude": -122.759955, "eventDate": "2018-10-05T09:40:03Z", "countryCode": "US" }, "geometry": { "type": "Point", "coordinates": [ -122.759955, 38.523037 ] } },
{ "type": "Feature", "properties": { "decimalLatitude": 38.445192, "decimalLongitude": -122.619872, "eventDate": "2018-10-09T10:44:23Z", "countryCode": "US" }, "geometry": { "type": "Point", "coordinates": [ -122.619872, 38.445192 ] } },
{ "type": "Feature", "properties": { "decimalLatitude": 37.817986, "decimalLongitude": -122.043612, "eventDate": "2018-10-03T12:25:44Z", "countryCode": "US" }, "geometry": { "type": "Point", "coordinates": [ -122.043612, 37.817986 ] } },
{ "type": "Feature", "properties": { "decimalLatitude": 38.321922, "decimalLongitude": -122.503136, "eventDate": "2018-10-11T12:32:00Z", "countryCode": "US" }, "geometry": { "type": "Point", "coordinates": [ -122.503136, 38.321922 ] } },
{ "type": "Feature", "properties": { "decimalLatitude": 38.340053, "decimalLongitude": -122.512786, "eventDate": "2018-10-04T10:41:00Z", "countryCode": "US" }, "geometry": { "type": "Point", "coordinates": [ -122.512786, 38.340053 ] } },
{ "type": "Feature", "properties": { "decimalLatitude": 38.338936, "decimalLongitude": -122.51275, "eventDate": "2018-10-04T14:04:00Z", "countryCode": "US" }, "geometry": { "type": "Point", "coordinates": [ -122.51275, 38.338936 ] } },
{ "type": "Feature", "properties": { "decimalLatitude": 38.335372, "decimalLongitude": -122.504036, "eventDate": "2018-10-13T14:56:00Z", "countryCode": "US" }, "geometry": { "type": "Point", "coordinates": [ -122.504036, 38.335372 ] } },
{ "type": "Feature", "properties": { "decimalLatitude": 38.324494, "decimalLongitude": -122.503006, "eventDate": "2018-10-16T15:24:00Z", "countryCode": "US" }, "geometry": { "type": "Point", "coordinates": [ -122.503006, 38.324494 ] } },
{ "type": "Feature", "properties": { "decimalLatitude": 38.918217, "decimalLongitude": -121.037592, "eventDate": "2018-11-22T11:49:00Z", "countryCode": "US" }, "geometry": { "type": "Point", "coordinates": [ -121.037592, 38.918217 ] } },
{ "type": "Feature", "properties": { "decimalLatitude": 38.447517, "decimalLongitude": -122.624037, "eventDate": "2018-11-25T14:32:54Z", "countryCode": "US" }, "geometry": { "type": "Point", "coordinates": [ -122.624037, 38.447517 ] } },
{ "type": "Feature", "properties": { "decimalLatitude": 37.939442, "decimalLongitude": -122.202797, "eventDate": "2018-12-01T13:28:33Z", "countryCode": "US" }, "geometry": { "type": "Point", "coordinates": [ -122.202797, 37.939442 ] } },
{ "type": "Feature", "properties": { "decimalLatitude": 38.345972, "decimalLongitude": -122.543746, "eventDate": "2018-12-05T11:43:00Z", "countryCode": "US" }, "geometry": { "type": "Point", "coordinates": [ -122.543746, 38.345972 ] } },
{ "type": "Feature", "properties": { "decimalLatitude": 37.811858, "decimalLongitude": -122.366951, "eventDate": "2018-12-27T10:27:11Z", "countryCode": "US" }, "geometry": { "type": "Point", "coordinates": [ -122.366951, 37.811858 ] } },
{ "type": "Feature", "properties": { "decimalLatitude": 38.47255, "decimalLongitude": -123.045861, "eventDate": "2018-12-26T12:46:00Z", "countryCode": "US" }, "geometry": { "type": "Point", "coordinates": [ -123.045861, 38.47255 ] } },
{ "type": "Feature", "properties": { "decimalLatitude": 37.811179, "decimalLongitude": -122.371242, "eventDate": "2019-01-09T11:38:31Z", "countryCode": "US" }, "geometry": { "type": "Point", "coordinates": [ -122.371242, 37.811179 ] } },
{ "type": "Feature", "properties": { "decimalLatitude": 37.995308, "decimalLongitude": -122.212594, "eventDate": "2019-01-13T12:18:00Z", "countryCode": "US" }, "geometry": { "type": "Point", "coordinates": [ -122.212594, 37.995308 ] } },
{ "type": "Feature", "properties": { "decimalLatitude": 38.655016, "decimalLongitude": -121.204462, "eventDate": "2019-01-23T13:37:00Z", "countryCode": "US" }, "geometry": { "type": "Point", "coordinates": [ -121.204462, 38.655016 ] } },
{ "type": "Feature", "properties": { "decimalLatitude": 37.811048, "decimalLongitude": -122.371257, "eventDate": "2019-01-30T09:56:42Z", "countryCode": "US" }, "geometry": { "type": "Point", "coordinates": [ -122.371257, 37.811048 ] } },
{ "type": "Feature", "properties": { "decimalLatitude": 38.510203, "decimalLongitude": -122.097183, "eventDate": "2019-01-25T18:33:00Z", "countryCode": "US" }, "geometry": { "type": "Point", "coordinates": [ -122.097183, 38.510203 ] } },
{ "type": "Feature", "properties": { "decimalLatitude": 38.512052, "decimalLongitude": -122.097585, "eventDate": "2019-01-25T18:20:00Z", "countryCode": "US" }, "geometry": { "type": "Point", "coordinates": [ -122.097585, 38.512052 ] } },
{ "type": "Feature", "properties": { "decimalLatitude": 39.880507, "decimalLongitude": -122.064508, "eventDate": "2019-01-10T12:44:00Z", "countryCode": "US" }, "geometry": { "type": "Point", "coordinates": [ -122.064508, 39.880507 ] } },
{ "type": "Feature", "properties": { "decimalLatitude": 38.342678, "decimalLongitude": -122.67115, "eventDate": "2019-01-31T16:35:04Z", "countryCode": "US" }, "geometry": { "type": "Point", "coordinates": [ -122.67115, 38.342678 ] } },
{ "type": "Feature", "properties": { "decimalLatitude": 37.939527, "decimalLongitude": -122.373615, "eventDate": "2019-01-18T16:20:05Z", "countryCode": "US" }, "geometry": { "type": "Point", "coordinates": [ -122.373615, 37.939527 ] } },
{ "type": "Feature", "properties": { "decimalLatitude": 37.946828, "decimalLongitude": -122.308231, "eventDate": "2019-02-06T11:40:00Z", "countryCode": "US" }, "geometry": { "type": "Point", "coordinates": [ -122.308231, 37.946828 ] } },
{ "type": "Feature", "properties": { "decimalLatitude": 37.935103, "decimalLongitude": -122.293457, "eventDate": "2019-02-06T13:46:00Z", "countryCode": "US" }, "geometry": { "type": "Point", "coordinates": [ -122.293457, 37.935103 ] } },
{ "type": "Feature", "properties": { "decimalLatitude": 39.766295, "decimalLongitude": -121.780925, "eventDate": "2019-02-10T16:21:00Z", "countryCode": "US" }, "geometry": { "type": "Point", "coordinates": [ -121.780925, 39.766295 ] } },
{ "type": "Feature", "properties": { "decimalLatitude": 38.643333, "decimalLongitude": -121.215278, "eventDate": "2019-02-10T13:45:00Z", "countryCode": "US" }, "geometry": { "type": "Point", "coordinates": [ -121.215278, 38.643333 ] } },
{ "type": "Feature", "properties": { "decimalLatitude": 38.658114, "decimalLongitude": -121.197157, "eventDate": "2019-02-08T13:49:00Z", "countryCode": "US" }, "geometry": { "type": "Point", "coordinates": [ -121.197157, 38.658114 ] } },
{ "type": "Feature", "properties": { "decimalLatitude": 39.766813, "decimalLongitude": -121.77842, "eventDate": "2019-02-22T15:47:40Z", "countryCode": "US" }, "geometry": { "type": "Point", "coordinates": [ -121.77842, 39.766813 ] } },
{ "type": "Feature", "properties": { "decimalLatitude": 39.29203, "decimalLongitude": -121.191589, "eventDate": "2019-02-23T11:55:00Z", "countryCode": "US" }, "geometry": { "type": "Point", "coordinates": [ -121.191589, 39.29203 ] } },
{ "type": "Feature", "properties": { "decimalLatitude": 37.895089, "decimalLongitude": -122.498162, "eventDate": "2019-02-23T15:39:10Z", "countryCode": "US" }, "geometry": { "type": "Point", "coordinates": [ -122.498162, 37.895089 ] } },
{ "type": "Feature", "properties": { "decimalLatitude": 38.64598, "decimalLongitude": -121.211035, "eventDate": "2019-02-24T16:05:00Z", "countryCode": "US" }, "geometry": { "type": "Point", "coordinates": [ -121.211035, 38.64598 ] } },
{ "type": "Feature", "properties": { "decimalLatitude": 38.49393, "decimalLongitude": -122.0304, "eventDate": "2019-02-23T00:00:00Z", "countryCode": "US" }, "geometry": { "type": "Point", "coordinates": [ -122.0304, 38.49393 ] } },
{ "type": "Feature", "properties": { "decimalLatitude": 39.766724, "decimalLongitude": -121.778984, "eventDate": "2019-02-09T03:20:39.233Z", "countryCode": "US" }, "geometry": { "type": "Point", "coordinates": [ -121.778984, 39.766724 ] } },
{ "type": "Feature", "properties": { "decimalLatitude": 40.193783, "decimalLongitude": -122.231407, "eventDate": "2019-03-06T15:42:45Z", "countryCode": "US" }, "geometry": { "type": "Point", "coordinates": [ -122.231407, 40.193783 ] } },
{ "type": "Feature", "properties": { "decimalLatitude": 38.920251, "decimalLongitude": -121.002169, "eventDate": "2019-03-11T11:05:52Z", "countryCode": "US" }, "geometry": { "type": "Point", "coordinates": [ -121.002169, 38.920251 ] } },
{ "type": "Feature", "properties": { "decimalLatitude": 38.931542, "decimalLongitude": -121.030389, "eventDate": "2019-03-11T11:53:42Z", "countryCode": "US" }, "geometry": { "type": "Point", "coordinates": [ -121.030389, 38.931542 ] } },
{ "type": "Feature", "properties": { "decimalLatitude": 39.787712, "decimalLongitude": -121.738832, "eventDate": "2019-03-10T11:11:00Z", "countryCode": "US" }, "geometry": { "type": "Point", "coordinates": [ -121.738832, 39.787712 ] } },
{ "type": "Feature", "properties": { "decimalLatitude": 40.27103, "decimalLongitude": -122.180588, "eventDate": "2019-03-11T12:52:00Z", "countryCode": "US" }, "geometry": { "type": "Point", "coordinates": [ -122.180588, 40.27103 ] } },
{ "type": "Feature", "properties": { "decimalLatitude": 39.746282, "decimalLongitude": -121.97777, "eventDate": "2019-03-12T12:57:00Z", "countryCode": "US" }, "geometry": { "type": "Point", "coordinates": [ -121.97777, 39.746282 ] } },
{ "type": "Feature", "properties": { "decimalLatitude": 38.392013, "decimalLongitude": -122.469691, "eventDate": "2019-03-17T19:03:00Z", "countryCode": "US" }, "geometry": { "type": "Point", "coordinates": [ -122.469691, 38.392013 ] } },
{ "type": "Feature", "properties": { "decimalLatitude": 38.55635, "decimalLongitude": -121.671796, "eventDate": "2019-03-19T11:57:00Z", "countryCode": "US" }, "geometry": { "type": "Point", "coordinates": [ -121.671796, 38.55635 ] } },
{ "type": "Feature", "properties": { "decimalLatitude": 38.490553, "decimalLongitude": -122.022306, "eventDate": "2019-03-16T10:58:00Z", "countryCode": "US" }, "geometry": { "type": "Point", "coordinates": [ -122.022306, 38.490553 ] } },
{ "type": "Feature", "properties": { "decimalLatitude": 38.920286, "decimalLongitude": -120.931574, "eventDate": "2019-03-17T12:48:30Z", "countryCode": "US" }, "geometry": { "type": "Point", "coordinates": [ -120.931574, 38.920286 ] } },
{ "type": "Feature", "properties": { "decimalLatitude": 39.603739, "decimalLongitude": -121.568274, "eventDate": "2019-03-16T14:40:49Z", "countryCode": "US" }, "geometry": { "type": "Point", "coordinates": [ -121.568274, 39.603739 ] } },
{ "type": "Feature", "properties": { "decimalLatitude": 38.427425, "decimalLongitude": -122.418175, "eventDate": "2019-03-21T14:48:28Z", "countryCode": "US" }, "geometry": { "type": "Point", "coordinates": [ -122.418175, 38.427425 ] } },
{ "type": "Feature", "properties": { "decimalLatitude": 38.662859, "decimalLongitude": -121.188016, "eventDate": "2019-03-23T08:56:13Z", "countryCode": "US" }, "geometry": { "type": "Point", "coordinates": [ -121.188016, 38.662859 ] } },
{ "type": "Feature", "properties": { "decimalLatitude": 39.765695, "decimalLongitude": -121.782967, "eventDate": "2019-03-23T11:28:09Z", "countryCode": "US" }, "geometry": { "type": "Point", "coordinates": [ -121.782967, 39.765695 ] } },
{ "type": "Feature", "properties": { "decimalLatitude": 38.781883, "decimalLongitude": -121.118048, "eventDate": "2019-03-28T11:12:11Z", "countryCode": "US" }, "geometry": { "type": "Point", "coordinates": [ -121.118048, 38.781883 ] } },
{ "type": "Feature", "properties": { "decimalLatitude": 40.488368, "decimalLongitude": -122.356295, "eventDate": "2019-03-29T12:34:27Z", "countryCode": "US" }, "geometry": { "type": "Point", "coordinates": [ -122.356295, 40.488368 ] } },
{ "type": "Feature", "properties": { "decimalLatitude": 39.293659, "decimalLongitude": -121.189438, "eventDate": "2019-03-30T11:33:25Z", "countryCode": "US" }, "geometry": { "type": "Point", "coordinates": [ -121.189438, 39.293659 ] } },
{ "type": "Feature", "properties": { "decimalLatitude": 37.837, "decimalLongitude": -122.036271, "eventDate": "2019-03-31T15:19:38Z", "countryCode": "US" }, "geometry": { "type": "Point", "coordinates": [ -122.036271, 37.837 ] } },
{ "type": "Feature", "properties": { "decimalLatitude": 39.29258, "decimalLongitude": -121.179458, "eventDate": "2019-03-21T13:49:03Z", "countryCode": "US" }, "geometry": { "type": "Point", "coordinates": [ -121.179458, 39.29258 ] } },
{ "type": "Feature", "properties": { "decimalLatitude": 37.978322, "decimalLongitude": -122.614975, "eventDate": "2019-03-21T17:25:12Z", "countryCode": "US" }, "geometry": { "type": "Point", "coordinates": [ -122.614975, 37.978322 ] } },
{ "type": "Feature", "properties": { "decimalLatitude": 38.493285, "decimalLongitude": -122.028752, "eventDate": "2019-03-16T10:46:07Z", "countryCode": "US" }, "geometry": { "type": "Point", "coordinates": [ -122.028752, 38.493285 ] } },
{ "type": "Feature", "properties": { "decimalLatitude": 38.490712, "decimalLongitude": -122.022378, "eventDate": "2019-03-16T10:54:43Z", "countryCode": "US" }, "geometry": { "type": "Point", "coordinates": [ -122.022378, 38.490712 ] } },
{ "type": "Feature", "properties": { "decimalLatitude": 38.512076, "decimalLongitude": -122.096547, "eventDate": "2019-03-24T00:00:00Z", "countryCode": "US" }, "geometry": { "type": "Point", "coordinates": [ -122.096547, 38.512076 ] } },
{ "type": "Feature", "properties": { "decimalLatitude": 37.932094, "decimalLongitude": -122.288614, "eventDate": "2019-03-21T15:12:00Z", "countryCode": "US" }, "geometry": { "type": "Point", "coordinates": [ -122.288614, 37.932094 ] } },
{ "type": "Feature", "properties": { "decimalLatitude": 39.763386, "decimalLongitude": -121.793301, "eventDate": "2019-03-27T18:16:00Z", "countryCode": "US" }, "geometry": { "type": "Point", "coordinates": [ -121.793301, 39.763386 ] } },
{ "type": "Feature", "properties": { "decimalLatitude": 40.258142, "decimalLongitude": -122.168488, "eventDate": "2019-03-10T09:25:15Z", "countryCode": "US" }, "geometry": { "type": "Point", "coordinates": [ -122.168488, 40.258142 ] } },
{ "type": "Feature", "properties": { "decimalLatitude": 38.767017, "decimalLongitude": -121.054864, "eventDate": "2019-03-04T03:46:16.112Z", "countryCode": "US" }, "geometry": { "type": "Point", "coordinates": [ -121.054864, 38.767017 ] } },
{ "type": "Feature", "properties": { "decimalLatitude": 38.340642, "decimalLongitude": -122.539446, "eventDate": "2019-03-29T12:47:05Z", "countryCode": "US" }, "geometry": { "type": "Point", "coordinates": [ -122.539446, 38.340642 ] } },
{ "type": "Feature", "properties": { "decimalLatitude": 40.708695, "decimalLongitude": -122.416833, "eventDate": "2019-03-30T11:46:36Z", "countryCode": "US" }, "geometry": { "type": "Point", "coordinates": [ -122.416833, 40.708695 ] } },
{ "type": "Feature", "properties": { "decimalLatitude": 38.505172, "decimalLongitude": -122.097847, "eventDate": "2019-03-23T10:25:03Z", "countryCode": "US" }, "geometry": { "type": "Point", "coordinates": [ -122.097847, 38.505172 ] } },
{ "type": "Feature", "properties": { "decimalLatitude": 38.489248, "decimalLongitude": -122.011135, "eventDate": "2019-04-01T11:05:55Z", "countryCode": "US" }, "geometry": { "type": "Point", "coordinates": [ -122.011135, 38.489248 ] } },
{ "type": "Feature", "properties": { "decimalLatitude": 40.463013, "decimalLongitude": -122.254639, "eventDate": "2019-04-03T16:59:19Z", "countryCode": "US" }, "geometry": { "type": "Point", "coordinates": [ -122.254639, 40.463013 ] } },
{ "type": "Feature", "properties": { "decimalLatitude": 37.758264, "decimalLongitude": -122.457193, "eventDate": "2019-04-07T13:46:00Z", "countryCode": "US" }, "geometry": { "type": "Point", "coordinates": [ -122.457193, 37.758264 ] } },
{ "type": "Feature", "properties": { "decimalLatitude": 37.758264, "decimalLongitude": -122.457193, "eventDate": "2019-04-07T13:47:00Z", "countryCode": "US" }, "geometry": { "type": "Point", "coordinates": [ -122.457193, 37.758264 ] } },
{ "type": "Feature", "properties": { "decimalLatitude": 37.966846, "decimalLongitude": -122.269016, "eventDate": "2019-04-06T18:55:00Z", "countryCode": "US" }, "geometry": { "type": "Point", "coordinates": [ -122.269016, 37.966846 ] } },
{ "type": "Feature", "properties": { "decimalLatitude": 37.809907, "decimalLongitude": -122.364241, "eventDate": "2019-04-10T10:19:52Z", "countryCode": "US" }, "geometry": { "type": "Point", "coordinates": [ -122.364241, 37.809907 ] } },
{ "type": "Feature", "properties": { "decimalLatitude": 38.58777, "decimalLongitude": -121.3327, "eventDate": "2019-04-06T15:32:32Z", "countryCode": "US" }, "geometry": { "type": "Point", "coordinates": [ -121.3327, 38.58777 ] } },
{ "type": "Feature", "properties": { "decimalLatitude": 39.327264, "decimalLongitude": -121.018967, "eventDate": "2019-04-11T14:46:00Z", "countryCode": "US" }, "geometry": { "type": "Point", "coordinates": [ -121.018967, 39.327264 ] } },
{ "type": "Feature", "properties": { "decimalLatitude": 38.591869, "decimalLongitude": -121.334404, "eventDate": "2019-04-10T11:43:17Z", "countryCode": "US" }, "geometry": { "type": "Point", "coordinates": [ -121.334404, 38.591869 ] } },
{ "type": "Feature", "properties": { "decimalLatitude": 38.617054, "decimalLongitude": -121.307235, "eventDate": "2019-04-18T17:21:27Z", "countryCode": "US" }, "geometry": { "type": "Point", "coordinates": [ -121.307235, 38.617054 ] } },
{ "type": "Feature", "properties": { "decimalLatitude": 38.348208, "decimalLongitude": -122.529267, "eventDate": "2019-04-19T18:52:11Z", "countryCode": "US" }, "geometry": { "type": "Point", "coordinates": [ -122.529267, 38.348208 ] } },
{ "type": "Feature", "properties": { "decimalLatitude": 38.345908, "decimalLongitude": -122.532112, "eventDate": "2019-04-19T18:34:31Z", "countryCode": "US" }, "geometry": { "type": "Point", "coordinates": [ -122.532112, 38.345908 ] } },
{ "type": "Feature", "properties": { "decimalLatitude": 38.29015, "decimalLongitude": -122.515869, "eventDate": "2019-04-20T09:30:58Z", "countryCode": "US" }, "geometry": { "type": "Point", "coordinates": [ -122.515869, 38.29015 ] } },
{ "type": "Feature", "properties": { "decimalLatitude": 38.674351, "decimalLongitude": -121.192015, "eventDate": "2019-04-27T11:29:56Z", "countryCode": "US" }, "geometry": { "type": "Point", "coordinates": [ -121.192015, 38.674351 ] } },
{ "type": "Feature", "properties": { "decimalLatitude": 37.956872, "decimalLongitude": -122.573478, "eventDate": "2019-04-27T15:17:00Z", "countryCode": "US" }, "geometry": { "type": "Point", "coordinates": [ -122.573478, 37.956872 ] } },
{ "type": "Feature", "properties": { "decimalLatitude": 38.662812, "decimalLongitude": -121.19128, "eventDate": "2019-04-06T13:15:00Z", "countryCode": "US" }, "geometry": { "type": "Point", "coordinates": [ -121.19128, 38.662812 ] } },
{ "type": "Feature", "properties": { "decimalLatitude": 38.655016, "decimalLongitude": -121.20597, "eventDate": "2019-04-28T14:11:28Z", "countryCode": "US" }, "geometry": { "type": "Point", "coordinates": [ -121.20597, 38.655016 ] } },
{ "type": "Feature", "properties": { "decimalLatitude": 38.536455, "decimalLongitude": -121.748072, "eventDate": "2019-04-28T15:59:01Z", "countryCode": "US" }, "geometry": { "type": "Point", "coordinates": [ -121.748072, 38.536455 ] } },
{ "type": "Feature", "properties": { "decimalLatitude": 38.02473, "decimalLongitude": -122.565924, "eventDate": "2019-04-28T17:19:55Z", "countryCode": "US" }, "geometry": { "type": "Point", "coordinates": [ -122.565924, 38.02473 ] } },
{ "type": "Feature", "properties": { "decimalLatitude": 38.614491, "decimalLongitude": -121.30957, "eventDate": "2019-04-28T18:40:50Z", "countryCode": "US" }, "geometry": { "type": "Point", "coordinates": [ -121.30957, 38.614491 ] } },
{ "type": "Feature", "properties": { "decimalLatitude": 38.544907, "decimalLongitude": -121.740517, "eventDate": "2019-04-28T01:17:00Z", "countryCode": "US" }, "geometry": { "type": "Point", "coordinates": [ -121.740517, 38.544907 ] } },
{ "type": "Feature", "properties": { "decimalLatitude": 37.870544, "decimalLongitude": -122.429016, "eventDate": "2019-04-28T12:05:19Z", "countryCode": "US" }, "geometry": { "type": "Point", "coordinates": [ -122.429016, 37.870544 ] } },
{ "type": "Feature", "properties": { "decimalLatitude": 38.350164, "decimalLongitude": -122.515705, "eventDate": "2019-04-28T16:38:00Z", "countryCode": "US" }, "geometry": { "type": "Point", "coordinates": [ -122.515705, 38.350164 ] } },
{ "type": "Feature", "properties": { "decimalLatitude": 38.491702, "decimalLongitude": -122.029062, "eventDate": "2019-04-29T15:56:00Z", "countryCode": "US" }, "geometry": { "type": "Point", "coordinates": [ -122.029062, 38.491702 ] } },
{ "type": "Feature", "properties": { "decimalLatitude": 38.491702, "decimalLongitude": -122.029062, "eventDate": "2019-04-29T15:56:00Z", "countryCode": "US" }, "geometry": { "type": "Point", "coordinates": [ -122.029062, 38.491702 ] } },
{ "type": "Feature", "properties": { "decimalLatitude": 38.630781, "decimalLongitude": -121.271979, "eventDate": "2019-04-29T11:24:21Z", "countryCode": "US" }, "geometry": { "type": "Point", "coordinates": [ -121.271979, 38.630781 ] } },
{ "type": "Feature", "properties": { "decimalLatitude": 37.950978, "decimalLongitude": -122.141644, "eventDate": "2019-04-27T12:01:00Z", "countryCode": "US" }, "geometry": { "type": "Point", "coordinates": [ -122.141644, 37.950978 ] } },
{ "type": "Feature", "properties": { "decimalLatitude": 38.438254, "decimalLongitude": -122.521594, "eventDate": "2019-04-29T18:46:02Z", "countryCode": "US" }, "geometry": { "type": "Point", "coordinates": [ -122.521594, 38.438254 ] } },
{ "type": "Feature", "properties": { "decimalLatitude": 38.067925, "decimalLongitude": -122.806938, "eventDate": "2019-04-27T08:58:18Z", "countryCode": "US" }, "geometry": { "type": "Point", "coordinates": [ -122.806938, 38.067925 ] } },
{ "type": "Feature", "properties": { "decimalLatitude": 37.760707, "decimalLongitude": -122.458742, "eventDate": "2019-04-28T15:13:00Z", "countryCode": "US" }, "geometry": { "type": "Point", "coordinates": [ -122.458742, 37.760707 ] } },
{ "type": "Feature", "properties": { "decimalLatitude": 37.861428, "decimalLongitude": -122.101578, "eventDate": "2019-04-07T17:25:12Z", "countryCode": "US" }, "geometry": { "type": "Point", "coordinates": [ -122.101578, 37.861428 ] } },
{ "type": "Feature", "properties": { "decimalLatitude": 37.816294, "decimalLongitude": -122.04468, "eventDate": "2019-04-21T15:28:15Z", "countryCode": "US" }, "geometry": { "type": "Point", "coordinates": [ -122.04468, 37.816294 ] } },
{ "type": "Feature", "properties": { "decimalLatitude": 38.40402, "decimalLongitude": -122.582367, "eventDate": "2019-04-22T12:04:23Z", "countryCode": "US" }, "geometry": { "type": "Point", "coordinates": [ -122.582367, 38.40402 ] } },
{ "type": "Feature", "properties": { "decimalLatitude": 37.760784, "decimalLongitude": -122.456859, "eventDate": "2019-04-28T09:44:23Z", "countryCode": "US" }, "geometry": { "type": "Point", "coordinates": [ -122.456859, 37.760784 ] } },
{ "type": "Feature", "properties": { "decimalLatitude": 38.352386, "decimalLongitude": -122.522138, "eventDate": "2019-04-28T14:21:12Z", "countryCode": "US" }, "geometry": { "type": "Point", "coordinates": [ -122.522138, 38.352386 ] } },
{ "type": "Feature", "properties": { "decimalLatitude": 37.758264, "decimalLongitude": -122.457193, "eventDate": "2019-04-28T09:45:00Z", "countryCode": "US" }, "geometry": { "type": "Point", "coordinates": [ -122.457193, 37.758264 ] } },
{ "type": "Feature", "properties": { "decimalLatitude": 38.301841, "decimalLongitude": -122.453536, "eventDate": "2019-04-29T10:24:45Z", "countryCode": "US" }, "geometry": { "type": "Point", "coordinates": [ -122.453536, 38.301841 ] } },
{ "type": "Feature", "properties": { "decimalLatitude": 38.617466, "decimalLongitude": -121.311572, "eventDate": "2019-04-26T17:48:00Z", "countryCode": "US" }, "geometry": { "type": "Point", "coordinates": [ -121.311572, 38.617466 ] } },
{ "type": "Feature", "properties": { "decimalLatitude": 38.350665, "decimalLongitude": -122.516037, "eventDate": "2019-04-19T13:36:00Z", "countryCode": "US" }, "geometry": { "type": "Point", "coordinates": [ -122.516037, 38.350665 ] } },
{ "type": "Feature", "properties": { "decimalLatitude": 39.291995, "decimalLongitude": -121.190591, "eventDate": "2019-04-07T09:55:26Z", "countryCode": "US" }, "geometry": { "type": "Point", "coordinates": [ -121.190591, 39.291995 ] } },
{ "type": "Feature", "properties": { "decimalLatitude": 39.595615, "decimalLongitude": -121.548691, "eventDate": "2019-04-09T10:54:09Z", "countryCode": "US" }, "geometry": { "type": "Point", "coordinates": [ -121.548691, 39.595615 ] } },
{ "type": "Feature", "properties": { "decimalLatitude": 39.59523, "decimalLongitude": -121.551338, "eventDate": "2019-04-14T14:58:00Z", "countryCode": "US" }, "geometry": { "type": "Point", "coordinates": [ -121.551338, 39.59523 ] } },
{ "type": "Feature", "properties": { "decimalLatitude": 39.215847, "decimalLongitude": -121.838463, "eventDate": "2019-04-13T11:04:49Z", "countryCode": "US" }, "geometry": { "type": "Point", "coordinates": [ -121.838463, 39.215847 ] } },
{ "type": "Feature", "properties": { "decimalLatitude": 38.617466, "decimalLongitude": -121.311572, "eventDate": "2019-04-26T17:48:00Z", "countryCode": "US" }, "geometry": { "type": "Point", "coordinates": [ -121.311572, 38.617466 ] } },
{ "type": "Feature", "properties": { "decimalLatitude": 38.617466, "decimalLongitude": -121.311572, "eventDate": "2019-04-26T17:48:00Z", "countryCode": "US" }, "geometry": { "type": "Point", "coordinates": [ -121.311572, 38.617466 ] } },
{ "type": "Feature", "properties": { "decimalLatitude": 38.596447, "decimalLongitude": -121.32988, "eventDate": "2019-04-28T07:50:03Z", "countryCode": "US" }, "geometry": { "type": "Point", "coordinates": [ -121.32988, 38.596447 ] } },
{ "type": "Feature", "properties": { "decimalLatitude": 39.59528, "decimalLongitude": -121.551399, "eventDate": "2019-04-21T11:31:15Z", "countryCode": "US" }, "geometry": { "type": "Point", "coordinates": [ -121.551399, 39.59528 ] } },
{ "type": "Feature", "properties": { "decimalLatitude": 40.276512, "decimalLongitude": -122.175775, "eventDate": "2019-04-27T10:08:54Z", "countryCode": "US" }, "geometry": { "type": "Point", "coordinates": [ -122.175775, 40.276512 ] } },
{ "type": "Feature", "properties": { "decimalLatitude": 39.604033, "decimalLongitude": -121.556186, "eventDate": "2019-04-14T05:03:00Z", "countryCode": "US" }, "geometry": { "type": "Point", "coordinates": [ -121.556186, 39.604033 ] } },
{ "type": "Feature", "properties": { "decimalLatitude": 38.595017, "decimalLongitude": -121.323154, "eventDate": "2019-04-17T17:07:51Z", "countryCode": "US" }, "geometry": { "type": "Point", "coordinates": [ -121.323154, 38.595017 ] } },
{ "type": "Feature", "properties": { "decimalLatitude": 38.637389, "decimalLongitude": -121.206541, "eventDate": "2019-04-12T10:04:20Z", "countryCode": "US" }, "geometry": { "type": "Point", "coordinates": [ -121.206541, 38.637389 ] } },
{ "type": "Feature", "properties": { "decimalLatitude": 38.350802, "decimalLongitude": -122.522779, "eventDate": "2019-04-22T09:17:33Z", "countryCode": "US" }, "geometry": { "type": "Point", "coordinates": [ -122.522779, 38.350802 ] } },
{ "type": "Feature", "properties": { "decimalLatitude": 38.350785, "decimalLongitude": -122.516311, "eventDate": "2019-04-19T13:29:37Z", "countryCode": "US" }, "geometry": { "type": "Point", "coordinates": [ -122.516311, 38.350785 ] } },
{ "type": "Feature", "properties": { "decimalLatitude": 40.495567, "decimalLongitude": -122.508567, "eventDate": "2019-04-18T13:15:34Z", "countryCode": "US" }, "geometry": { "type": "Point", "coordinates": [ -122.508567, 40.495567 ] } },
{ "type": "Feature", "properties": { "decimalLatitude": 40.870033, "decimalLongitude": -122.24945, "eventDate": "2019-04-04T13:22:46Z", "countryCode": "US" }, "geometry": { "type": "Point", "coordinates": [ -122.24945, 40.870033 ] } },
{ "type": "Feature", "properties": { "decimalLatitude": 40.593545, "decimalLongitude": -122.370438, "eventDate": "2019-04-25T19:34:12Z", "countryCode": "US" }, "geometry": { "type": "Point", "coordinates": [ -122.370438, 40.593545 ] } },
{ "type": "Feature", "properties": { "decimalLatitude": 40.592767, "decimalLongitude": -122.381037, "eventDate": "2019-04-06T13:56:41Z", "countryCode": "US" }, "geometry": { "type": "Point", "coordinates": [ -122.381037, 40.592767 ] } },
{ "type": "Feature", "properties": { "decimalLatitude": 37.836831, "decimalLongitude": -122.035776, "eventDate": "2019-04-27T10:56:00Z", "countryCode": "US" }, "geometry": { "type": "Point", "coordinates": [ -122.035776, 37.836831 ] } },
{ "type": "Feature", "properties": { "decimalLatitude": 38.068964, "decimalLongitude": -122.574139, "eventDate": "2019-04-08T12:02:00Z", "countryCode": "US" }, "geometry": { "type": "Point", "coordinates": [ -122.574139, 38.068964 ] } },
{ "type": "Feature", "properties": { "decimalLatitude": 38.616849, "decimalLongitude": -121.310697, "eventDate": "2019-04-28T15:53:52Z", "countryCode": "US" }, "geometry": { "type": "Point", "coordinates": [ -121.310697, 38.616849 ] } },
{ "type": "Feature", "properties": { "decimalLatitude": 38.89773, "decimalLongitude": -121.056039, "eventDate": "2019-05-04T12:57:04Z", "countryCode": "US" }, "geometry": { "type": "Point", "coordinates": [ -121.056039, 38.89773 ] } },
{ "type": "Feature", "properties": { "decimalLatitude": 39.58623, "decimalLongitude": -121.561298, "eventDate": "2019-05-04T13:44:00Z", "countryCode": "US" }, "geometry": { "type": "Point", "coordinates": [ -121.561298, 39.58623 ] } },
{ "type": "Feature", "properties": { "decimalLatitude": 38.341866, "decimalLongitude": -122.672296, "eventDate": "2019-05-09T15:20:14Z", "countryCode": "US" }, "geometry": { "type": "Point", "coordinates": [ -122.672296, 38.341866 ] } },
{ "type": "Feature", "properties": { "decimalLatitude": 38.369334, "decimalLongitude": -122.497692, "eventDate": "2019-05-09T12:03:00Z", "countryCode": "US" }, "geometry": { "type": "Point", "coordinates": [ -122.497692, 38.369334 ] } },
{ "type": "Feature", "properties": { "decimalLatitude": 38.368306, "decimalLongitude": -122.435143, "eventDate": "2019-05-08T09:45:31Z", "countryCode": "US" }, "geometry": { "type": "Point", "coordinates": [ -122.435143, 38.368306 ] } },
{ "type": "Feature", "properties": { "decimalLatitude": 38.51958, "decimalLongitude": -122.730645, "eventDate": "2019-05-25T14:59:58Z", "countryCode": "US" }, "geometry": { "type": "Point", "coordinates": [ -122.730645, 38.51958 ] } },
{ "type": "Feature", "properties": { "decimalLatitude": 38.637245, "decimalLongitude": -121.250175, "eventDate": "2019-05-27T08:58:18Z", "countryCode": "US" }, "geometry": { "type": "Point", "coordinates": [ -121.250175, 38.637245 ] } },
{ "type": "Feature", "properties": { "decimalLatitude": 38.997508, "decimalLongitude": -120.945284, "eventDate": "2019-05-10T18:43:09Z", "countryCode": "US" }, "geometry": { "type": "Point", "coordinates": [ -120.945284, 38.997508 ] } },
{ "type": "Feature", "properties": { "decimalLatitude": 38.647136, "decimalLongitude": -121.197623, "eventDate": "2019-05-01T14:38:00Z", "countryCode": "US" }, "geometry": { "type": "Point", "coordinates": [ -121.197623, 38.647136 ] } },
{ "type": "Feature", "properties": { "decimalLatitude": 38.591724, "decimalLongitude": -121.334641, "eventDate": "2019-05-02T15:32:29Z", "countryCode": "US" }, "geometry": { "type": "Point", "coordinates": [ -121.334641, 38.591724 ] } },
{ "type": "Feature", "properties": { "decimalLatitude": 37.938301, "decimalLongitude": -122.55848, "eventDate": "2019-05-05T11:50:59Z", "countryCode": "US" }, "geometry": { "type": "Point", "coordinates": [ -122.55848, 37.938301 ] } },
{ "type": "Feature", "properties": { "decimalLatitude": 38.349662, "decimalLongitude": -122.511435, "eventDate": "2019-05-05T13:51:00Z", "countryCode": "US" }, "geometry": { "type": "Point", "coordinates": [ -122.511435, 38.349662 ] } },
{ "type": "Feature", "properties": { "decimalLatitude": 38.349712, "decimalLongitude": -122.515407, "eventDate": "2019-05-05T17:15:00Z", "countryCode": "US" }, "geometry": { "type": "Point", "coordinates": [ -122.515407, 38.349712 ] } },
{ "type": "Feature", "properties": { "decimalLatitude": 39.595971, "decimalLongitude": -121.554064, "eventDate": "2019-05-25T14:28:00Z", "countryCode": "US" }, "geometry": { "type": "Point", "coordinates": [ -121.554064, 39.595971 ] } },
{ "type": "Feature", "properties": { "decimalLatitude": 38.624517, "decimalLongitude": -121.297955, "eventDate": "2019-05-11T09:58:58Z", "countryCode": "US" }, "geometry": { "type": "Point", "coordinates": [ -121.297955, 38.624517 ] } },
{ "type": "Feature", "properties": { "decimalLatitude": 40.792238, "decimalLongitude": -122.308403, "eventDate": "2019-05-09T19:03:48Z", "countryCode": "US" }, "geometry": { "type": "Point", "coordinates": [ -122.308403, 40.792238 ] } },
{ "type": "Feature", "properties": { "decimalLatitude": 38.487633, "decimalLongitude": -122.83912, "eventDate": "2019-05-03T13:41:50Z", "countryCode": "US" }, "geometry": { "type": "Point", "coordinates": [ -122.83912, 38.487633 ] } },
{ "type": "Feature", "properties": { "decimalLatitude": 39.913588, "decimalLongitude": -122.088555, "eventDate": "2019-05-19T18:34:16Z", "countryCode": "US" }, "geometry": { "type": "Point", "coordinates": [ -122.088555, 39.913588 ] } },
{ "type": "Feature", "properties": { "decimalLatitude": 39.84197, "decimalLongitude": -121.394608, "eventDate": "2019-06-06T13:19:40Z", "countryCode": "US" }, "geometry": { "type": "Point", "coordinates": [ -121.394608, 39.84197 ] } },
{ "type": "Feature", "properties": { "decimalLatitude": 38.931467, "decimalLongitude": -121.031337, "eventDate": "2019-06-08T22:00:00Z", "countryCode": "US" }, "geometry": { "type": "Point", "coordinates": [ -121.031337, 38.931467 ] } },
{ "type": "Feature", "properties": { "decimalLatitude": 39.329088, "decimalLongitude": -121.037455, "eventDate": "2019-06-22T16:14:00Z", "countryCode": "US" }, "geometry": { "type": "Point", "coordinates": [ -121.037455, 39.329088 ] } },
{ "type": "Feature", "properties": { "decimalLatitude": 37.860909, "decimalLongitude": -122.432568, "eventDate": "2019-06-03T14:46:00Z", "countryCode": "US" }, "geometry": { "type": "Point", "coordinates": [ -122.432568, 37.860909 ] } },
{ "type": "Feature", "properties": { "decimalLatitude": 38.024693, "decimalLongitude": -122.565825, "eventDate": "2019-07-01T14:11:00Z", "countryCode": "US" }, "geometry": { "type": "Point", "coordinates": [ -122.565825, 38.024693 ] } },
{ "type": "Feature", "properties": { "decimalLatitude": 38.492142, "decimalLongitude": -122.026718, "eventDate": "2019-07-13T08:31:15Z", "countryCode": "US" }, "geometry": { "type": "Point", "coordinates": [ -122.026718, 38.492142 ] } },
{ "type": "Feature", "properties": { "decimalLatitude": 38.526137, "decimalLongitude": -122.761694, "eventDate": "2019-07-14T14:19:23Z", "countryCode": "US" }, "geometry": { "type": "Point", "coordinates": [ -122.761694, 38.526137 ] } },
{ "type": "Feature", "properties": { "decimalLatitude": 38.49202, "decimalLongitude": -122.026772, "eventDate": "2019-07-13T08:25:41Z", "countryCode": "US" }, "geometry": { "type": "Point", "coordinates": [ -122.026772, 38.49202 ] } },
{ "type": "Feature", "properties": { "decimalLatitude": 37.962442, "decimalLongitude": -122.419753, "eventDate": "2019-07-13T00:00:00Z", "countryCode": "US" }, "geometry": { "type": "Point", "coordinates": [ -122.419753, 37.962442 ] } },
{ "type": "Feature", "properties": { "decimalLatitude": 39.292238, "decimalLongitude": -121.189728, "eventDate": "2019-07-20T16:41:31Z", "countryCode": "US" }, "geometry": { "type": "Point", "coordinates": [ -121.189728, 39.292238 ] } },
{ "type": "Feature", "properties": { "decimalLatitude": 37.978199, "decimalLongitude": -122.263726, "eventDate": "2019-07-27T13:14:00Z", "countryCode": "US" }, "geometry": { "type": "Point", "coordinates": [ -122.263726, 37.978199 ] } },
{ "type": "Feature", "properties": { "decimalLatitude": 37.97866, "decimalLongitude": -122.263441, "eventDate": "2019-07-27T13:34:00Z", "countryCode": "US" }, "geometry": { "type": "Point", "coordinates": [ -122.263441, 37.97866 ] } },
{ "type": "Feature", "properties": { "decimalLatitude": 37.966774, "decimalLongitude": -122.272134, "eventDate": "2019-07-28T17:59:00Z", "countryCode": "US" }, "geometry": { "type": "Point", "coordinates": [ -122.272134, 37.966774 ] } },
{ "type": "Feature", "properties": { "decimalLatitude": 40.784525, "decimalLongitude": -122.342683, "eventDate": "2019-07-16T13:14:00Z", "countryCode": "US" }, "geometry": { "type": "Point", "coordinates": [ -122.342683, 40.784525 ] } },
{ "type": "Feature", "properties": { "decimalLatitude": 39.517442, "decimalLongitude": -121.334522, "eventDate": "2019-07-16T17:40:00Z", "countryCode": "US" }, "geometry": { "type": "Point", "coordinates": [ -121.334522, 39.517442 ] } },
{ "type": "Feature", "properties": { "decimalLatitude": 38.491275, "decimalLongitude": -122.024817, "eventDate": "2019-07-13T12:20:00Z", "countryCode": "US" }, "geometry": { "type": "Point", "coordinates": [ -122.024817, 38.491275 ] } },
{ "type": "Feature", "properties": { "decimalLatitude": 37.962394, "decimalLongitude": -122.419692, "eventDate": "2019-07-13T00:00:00Z", "countryCode": "US" }, "geometry": { "type": "Point", "coordinates": [ -122.419692, 37.962394 ] } },
{ "type": "Feature", "properties": { "decimalLatitude": 37.994542, "decimalLongitude": -122.199797, "eventDate": "2019-08-04T14:42:40Z", "countryCode": "US" }, "geometry": { "type": "Point", "coordinates": [ -122.199797, 37.994542 ] } },
{ "type": "Feature", "properties": { "decimalLatitude": 38.62024, "decimalLongitude": -122.828176, "eventDate": "2019-08-08T09:57:05Z", "countryCode": "US" }, "geometry": { "type": "Point", "coordinates": [ -122.828176, 38.62024 ] } },
{ "type": "Feature", "properties": { "decimalLatitude": 38.069305, "decimalLongitude": -122.763916, "eventDate": "2019-08-08T13:48:31Z", "countryCode": "US" }, "geometry": { "type": "Point", "coordinates": [ -122.763916, 38.069305 ] } },
{ "type": "Feature", "properties": { "decimalLatitude": 38.03137, "decimalLongitude": -122.732568, "eventDate": "2019-08-18T19:40:00Z", "countryCode": "US" }, "geometry": { "type": "Point", "coordinates": [ -122.732568, 38.03137 ] } },
{ "type": "Feature", "properties": { "decimalLatitude": 38.065459, "decimalLongitude": -122.194626, "eventDate": "2019-09-02T17:51:51Z", "countryCode": "US" }, "geometry": { "type": "Point", "coordinates": [ -122.194626, 38.065459 ] } },
{ "type": "Feature", "properties": { "decimalLatitude": 38.505127, "decimalLongitude": -122.097923, "eventDate": "2019-09-17T15:44:11Z", "countryCode": "US" }, "geometry": { "type": "Point", "coordinates": [ -122.097923, 38.505127 ] } },
{ "type": "Feature", "properties": { "decimalLatitude": 39.298847, "decimalLongitude": -121.088203, "eventDate": "2019-09-18T15:41:36Z", "countryCode": "US" }, "geometry": { "type": "Point", "coordinates": [ -121.088203, 39.298847 ] } },
{ "type": "Feature", "properties": { "decimalLatitude": 37.925966, "decimalLongitude": -122.674319, "eventDate": "2019-09-21T14:00:48Z", "countryCode": "US" }, "geometry": { "type": "Point", "coordinates": [ -122.674319, 37.925966 ] } },
{ "type": "Feature", "properties": { "decimalLatitude": 38.551121, "decimalLongitude": -122.520958, "eventDate": "2019-09-12T15:03:00Z", "countryCode": "US" }, "geometry": { "type": "Point", "coordinates": [ -122.520958, 38.551121 ] } },
{ "type": "Feature", "properties": { "decimalLatitude": 38.547672, "decimalLongitude": -122.527183, "eventDate": "2019-09-12T15:28:00Z", "countryCode": "US" }, "geometry": { "type": "Point", "coordinates": [ -122.527183, 38.547672 ] } },
{ "type": "Feature", "properties": { "decimalLatitude": 38.545233, "decimalLongitude": -122.531914, "eventDate": "2019-09-12T16:05:00Z", "countryCode": "US" }, "geometry": { "type": "Point", "coordinates": [ -122.531914, 38.545233 ] } },
{ "type": "Feature", "properties": { "decimalLatitude": 38.550142, "decimalLongitude": -122.52295, "eventDate": "2019-09-12T16:34:00Z", "countryCode": "US" }, "geometry": { "type": "Point", "coordinates": [ -122.52295, 38.550142 ] } },
{ "type": "Feature", "properties": { "decimalLatitude": 38.659491, "decimalLongitude": -121.188561, "eventDate": "2019-09-17T08:49:44Z", "countryCode": "US" }, "geometry": { "type": "Point", "coordinates": [ -121.188561, 38.659491 ] } },
{ "type": "Feature", "properties": { "decimalLatitude": 38.264143, "decimalLongitude": -121.5273, "eventDate": "2019-09-27T09:45:52Z", "countryCode": "US" }, "geometry": { "type": "Point", "coordinates": [ -121.5273, 38.264143 ] } },
{ "type": "Feature", "properties": { "decimalLatitude": 38.591765, "decimalLongitude": -121.334442, "eventDate": "2019-09-10T10:50:00Z", "countryCode": "US" }, "geometry": { "type": "Point", "coordinates": [ -121.334442, 38.591765 ] } },
{ "type": "Feature", "properties": { "decimalLatitude": 40.495936, "decimalLongitude": -122.336255, "eventDate": "2019-09-17T15:16:00Z", "countryCode": "US" }, "geometry": { "type": "Point", "coordinates": [ -122.336255, 40.495936 ] } },
{ "type": "Feature", "properties": { "decimalLatitude": 39.745322, "decimalLongitude": -121.810381, "eventDate": "2019-09-16T17:27:49Z", "countryCode": "US" }, "geometry": { "type": "Point", "coordinates": [ -121.810381, 39.745322 ] } },
{ "type": "Feature", "properties": { "decimalLatitude": 38.822664, "decimalLongitude": -120.948584, "eventDate": "2019-09-21T10:18:09Z", "countryCode": "US" }, "geometry": { "type": "Point", "coordinates": [ -120.948584, 38.822664 ] } },
{ "type": "Feature", "properties": { "decimalLatitude": 38.369567, "decimalLongitude": -122.49765, "eventDate": "2019-09-18T11:43:39Z", "countryCode": "US" }, "geometry": { "type": "Point", "coordinates": [ -122.49765, 38.369567 ] } },
{ "type": "Feature", "properties": { "decimalLatitude": 39.298637, "decimalLongitude": -121.088974, "eventDate": "2019-09-22T13:50:36Z", "countryCode": "US" }, "geometry": { "type": "Point", "coordinates": [ -121.088974, 39.298637 ] } },
{ "type": "Feature", "properties": { "decimalLatitude": 38.630753, "decimalLongitude": -121.278647, "eventDate": "2019-10-06T14:36:04Z", "countryCode": "US" }, "geometry": { "type": "Point", "coordinates": [ -121.278647, 38.630753 ] } },
{ "type": "Feature", "properties": { "decimalLatitude": 39.782222, "decimalLongitude": -121.747262, "eventDate": "2019-10-17T11:55:32Z", "countryCode": "US" }, "geometry": { "type": "Point", "coordinates": [ -121.747262, 39.782222 ] } },
{ "type": "Feature", "properties": { "decimalLatitude": 38.369612, "decimalLongitude": -122.49752, "eventDate": "2019-10-23T11:36:00Z", "countryCode": "US" }, "geometry": { "type": "Point", "coordinates": [ -122.49752, 38.369612 ] } },
{ "type": "Feature", "properties": { "decimalLatitude": 37.94048, "decimalLongitude": -122.410337, "eventDate": "2019-10-19T14:35:46Z", "countryCode": "US" }, "geometry": { "type": "Point", "coordinates": [ -122.410337, 37.94048 ] } },
{ "type": "Feature", "properties": { "decimalLatitude": 39.354019, "decimalLongitude": -121.14901, "eventDate": "2019-10-20T12:22:35Z", "countryCode": "US" }, "geometry": { "type": "Point", "coordinates": [ -121.14901, 39.354019 ] } },
{ "type": "Feature", "properties": { "decimalLatitude": 37.93468, "decimalLongitude": -122.115447, "eventDate": "2019-10-18T10:19:59Z", "countryCode": "US" }, "geometry": { "type": "Point", "coordinates": [ -122.115447, 37.93468 ] } },
{ "type": "Feature", "properties": { "decimalLatitude": 38.069439, "decimalLongitude": -122.763983, "eventDate": "2019-10-01T09:06:55Z", "countryCode": "US" }, "geometry": { "type": "Point", "coordinates": [ -122.763983, 38.069439 ] } },
{ "type": "Feature", "properties": { "decimalLatitude": 38.062478, "decimalLongitude": -122.7714, "eventDate": "2019-10-21T09:26:51Z", "countryCode": "US" }, "geometry": { "type": "Point", "coordinates": [ -122.7714, 38.062478 ] } },
{ "type": "Feature", "properties": { "decimalLatitude": 38.022004, "decimalLongitude": -122.159372, "eventDate": "2019-10-01T12:51:00Z", "countryCode": "US" }, "geometry": { "type": "Point", "coordinates": [ -122.159372, 38.022004 ] } },
{ "type": "Feature", "properties": { "decimalLatitude": 38.369575, "decimalLongitude": -122.497488, "eventDate": "2019-11-13T13:17:10Z", "countryCode": "US" }, "geometry": { "type": "Point", "coordinates": [ -122.497488, 38.369575 ] } },
{ "type": "Feature", "properties": { "decimalLatitude": 37.925562, "decimalLongitude": -122.151817, "eventDate": "2019-11-11T14:38:11Z", "countryCode": "US" }, "geometry": { "type": "Point", "coordinates": [ -122.151817, 37.925562 ] } },
{ "type": "Feature", "properties": { "decimalLatitude": 38.092459, "decimalLongitude": -122.742269, "eventDate": "2019-11-05T11:46:03Z", "countryCode": "US" }, "geometry": { "type": "Point", "coordinates": [ -122.742269, 38.092459 ] } },
{ "type": "Feature", "properties": { "decimalLatitude": 38.018613, "decimalLongitude": -122.731261, "eventDate": "2019-11-22T13:49:29Z", "countryCode": "US" }, "geometry": { "type": "Point", "coordinates": [ -122.731261, 38.018613 ] } },
{ "type": "Feature", "properties": { "decimalLatitude": 38.637937, "decimalLongitude": -121.220186, "eventDate": "2019-11-16T09:38:55Z", "countryCode": "US" }, "geometry": { "type": "Point", "coordinates": [ -121.220186, 38.637937 ] } },
{ "type": "Feature", "properties": { "decimalLatitude": 38.018853, "decimalLongitude": -122.732793, "eventDate": "2019-11-12T15:40:00Z", "countryCode": "US" }, "geometry": { "type": "Point", "coordinates": [ -122.732793, 38.018853 ] } },
{ "type": "Feature", "properties": { "decimalLatitude": 38.310603, "decimalLongitude": -122.322007, "eventDate": "2019-11-24T13:31:09Z", "countryCode": "US" }, "geometry": { "type": "Point", "coordinates": [ -122.322007, 38.310603 ] } },
{ "type": "Feature", "properties": { "decimalLatitude": 38.668478, "decimalLongitude": -121.146981, "eventDate": "2019-11-01T16:30:08Z", "countryCode": "US" }, "geometry": { "type": "Point", "coordinates": [ -121.146981, 38.668478 ] } },
{ "type": "Feature", "properties": { "decimalLatitude": 38.930946, "decimalLongitude": -121.031875, "eventDate": "2019-11-03T10:55:00Z", "countryCode": "US" }, "geometry": { "type": "Point", "coordinates": [ -121.031875, 38.930946 ] } },
{ "type": "Feature", "properties": { "decimalLatitude": 38.49902, "decimalLongitude": -122.900795, "eventDate": "2020-01-26T14:07:43Z", "countryCode": "US" }, "geometry": { "type": "Point", "coordinates": [ -122.900795, 38.49902 ] } },
{ "type": "Feature", "properties": { "decimalLatitude": 38.682512, "decimalLongitude": -121.172568, "eventDate": "2020-01-26T09:22:03Z", "countryCode": "US" }, "geometry": { "type": "Point", "coordinates": [ -121.172568, 38.682512 ] } },
{ "type": "Feature", "properties": { "decimalLatitude": 38.004325, "decimalLongitude": -122.708828, "eventDate": "2020-01-30T10:11:00Z", "countryCode": "US" }, "geometry": { "type": "Point", "coordinates": [ -122.708828, 38.004325 ] } },
{ "type": "Feature", "properties": { "decimalLatitude": 39.216846, "decimalLongitude": -121.358952, "eventDate": "2020-02-16T14:40:05Z", "countryCode": "US" }, "geometry": { "type": "Point", "coordinates": [ -121.358952, 39.216846 ] } },
{ "type": "Feature", "properties": { "decimalLatitude": 38.655533, "decimalLongitude": -121.198075, "eventDate": "2020-02-13T11:42:00Z", "countryCode": "US" }, "geometry": { "type": "Point", "coordinates": [ -121.198075, 38.655533 ] } },
{ "type": "Feature", "properties": { "decimalLatitude": 38.492177, "decimalLongitude": -122.026773, "eventDate": "2020-02-22T08:49:53Z", "countryCode": "US" }, "geometry": { "type": "Point", "coordinates": [ -122.026773, 38.492177 ] } },
{ "type": "Feature", "properties": { "decimalLatitude": 38.00619, "decimalLongitude": -122.595605, "eventDate": "2020-02-23T16:52:10Z", "countryCode": "US" }, "geometry": { "type": "Point", "coordinates": [ -122.595605, 38.00619 ] } },
{ "type": "Feature", "properties": { "decimalLatitude": 38.342655, "decimalLongitude": -122.670673, "eventDate": "2020-02-16T17:07:00Z", "countryCode": "US" }, "geometry": { "type": "Point", "coordinates": [ -122.670673, 38.342655 ] } },
{ "type": "Feature", "properties": { "decimalLatitude": 38.649892, "decimalLongitude": -121.21244, "eventDate": "2020-02-12T15:36:00Z", "countryCode": "US" }, "geometry": { "type": "Point", "coordinates": [ -121.21244, 38.649892 ] } },
{ "type": "Feature", "properties": { "decimalLatitude": 38.759972, "decimalLongitude": -121.110183, "eventDate": "2020-02-20T13:59:44Z", "countryCode": "US" }, "geometry": { "type": "Point", "coordinates": [ -121.110183, 38.759972 ] } },
{ "type": "Feature", "properties": { "decimalLatitude": 38.492175, "decimalLongitude": -122.026689, "eventDate": "2020-02-22T11:01:20Z", "countryCode": "US" }, "geometry": { "type": "Point", "coordinates": [ -122.026689, 38.492175 ] } },
{ "type": "Feature", "properties": { "decimalLatitude": 37.977177, "decimalLongitude": -122.203505, "eventDate": "2020-02-23T16:02:34Z", "countryCode": "US" }, "geometry": { "type": "Point", "coordinates": [ -122.203505, 37.977177 ] } },
{ "type": "Feature", "properties": { "decimalLatitude": 38.450883, "decimalLongitude": -122.631645, "eventDate": "2020-02-22T15:01:24Z", "countryCode": "US" }, "geometry": { "type": "Point", "coordinates": [ -122.631645, 38.450883 ] } },
{ "type": "Feature", "properties": { "decimalLatitude": 39.368286, "decimalLongitude": -121.477509, "eventDate": "2020-02-07T11:27:02Z", "countryCode": "US" }, "geometry": { "type": "Point", "coordinates": [ -121.477509, 39.368286 ] } },
{ "type": "Feature", "properties": { "decimalLatitude": 38.649415, "decimalLongitude": -121.212676, "eventDate": "2020-02-12T15:45:00Z", "countryCode": "US" }, "geometry": { "type": "Point", "coordinates": [ -121.212676, 38.649415 ] } },
{ "type": "Feature", "properties": { "decimalLatitude": 38.505122, "decimalLongitude": -122.097906, "eventDate": "2020-02-16T14:12:08Z", "countryCode": "US" }, "geometry": { "type": "Point", "coordinates": [ -122.097906, 38.505122 ] } },
{ "type": "Feature", "properties": { "decimalLatitude": 38.50781, "decimalLongitude": -122.046861, "eventDate": "2020-02-05T12:39:00Z", "countryCode": "US" }, "geometry": { "type": "Point", "coordinates": [ -122.046861, 38.50781 ] } },
{ "type": "Feature", "properties": { "decimalLatitude": 39.767727, "decimalLongitude": -121.777144, "eventDate": "2020-02-16T13:53:24Z", "countryCode": "US" }, "geometry": { "type": "Point", "coordinates": [ -121.777144, 39.767727 ] } },
{ "type": "Feature", "properties": { "decimalLatitude": 39.761909, "decimalLongitude": -121.77742, "eventDate": "2020-02-08T10:14:00Z", "countryCode": "US" }, "geometry": { "type": "Point", "coordinates": [ -121.77742, 39.761909 ] } },
{ "type": "Feature", "properties": { "decimalLatitude": 38.351792, "decimalLongitude": -122.043278, "eventDate": "2020-02-07T15:47:08Z", "countryCode": "US" }, "geometry": { "type": "Point", "coordinates": [ -122.043278, 38.351792 ] } },
{ "type": "Feature", "properties": { "decimalLatitude": 38.493953, "decimalLongitude": -122.030389, "eventDate": "2020-02-22T11:38:45Z", "countryCode": "US" }, "geometry": { "type": "Point", "coordinates": [ -122.030389, 38.493953 ] } },
{ "type": "Feature", "properties": { "decimalLatitude": 38.684877, "decimalLongitude": -121.169002, "eventDate": "2020-02-09T15:49:52Z", "countryCode": "US" }, "geometry": { "type": "Point", "coordinates": [ -121.169002, 38.684877 ] } },
{ "type": "Feature", "properties": { "decimalLatitude": 40.166208, "decimalLongitude": -122.220817, "eventDate": "2020-02-14T15:09:00Z", "countryCode": "US" }, "geometry": { "type": "Point", "coordinates": [ -122.220817, 40.166208 ] } },
{ "type": "Feature", "properties": { "decimalLatitude": 38.493196, "decimalLongitude": -122.10184, "eventDate": "2020-02-16T14:52:00Z", "countryCode": "US" }, "geometry": { "type": "Point", "coordinates": [ -122.10184, 38.493196 ] } },
{ "type": "Feature", "properties": { "decimalLatitude": 39.740124, "decimalLongitude": -121.818459, "eventDate": "2020-02-11T14:33:23Z", "countryCode": "US" }, "geometry": { "type": "Point", "coordinates": [ -121.818459, 39.740124 ] } },
{ "type": "Feature", "properties": { "decimalLatitude": 38.44561, "decimalLongitude": -122.620768, "eventDate": "2020-02-21T13:37:35Z", "countryCode": "US" }, "geometry": { "type": "Point", "coordinates": [ -122.620768, 38.44561 ] } },
{ "type": "Feature", "properties": { "decimalLatitude": 38.655469, "decimalLongitude": -121.19413, "eventDate": "2020-02-22T13:42:00Z", "countryCode": "US" }, "geometry": { "type": "Point", "coordinates": [ -121.19413, 38.655469 ] } },
{ "type": "Feature", "properties": { "decimalLatitude": 39.292189, "decimalLongitude": -121.110172, "eventDate": "2020-02-26T12:59:00Z", "countryCode": "US" }, "geometry": { "type": "Point", "coordinates": [ -121.110172, 39.292189 ] } },
{ "type": "Feature", "properties": { "decimalLatitude": 38.450829, "decimalLongitude": -122.631587, "eventDate": "2020-02-28T14:37:01Z", "countryCode": "US" }, "geometry": { "type": "Point", "coordinates": [ -122.631587, 38.450829 ] } },
{ "type": "Feature", "properties": { "decimalLatitude": 38.505001, "decimalLongitude": -122.098048, "eventDate": "2020-02-27T10:17:18Z", "countryCode": "US" }, "geometry": { "type": "Point", "coordinates": [ -122.098048, 38.505001 ] } },
{ "type": "Feature", "properties": { "decimalLatitude": 38.505183, "decimalLongitude": -122.097975, "eventDate": "2020-02-25T12:47:57Z", "countryCode": "US" }, "geometry": { "type": "Point", "coordinates": [ -122.097975, 38.505183 ] } },
{ "type": "Feature", "properties": { "decimalLatitude": 38.916486, "decimalLongitude": -121.023162, "eventDate": "2020-02-29T09:17:04Z", "countryCode": "US" }, "geometry": { "type": "Point", "coordinates": [ -121.023162, 38.916486 ] } },
{ "type": "Feature", "properties": { "decimalLatitude": 39.295217, "decimalLongitude": -121.206305, "eventDate": "2020-02-25T15:15:00Z", "countryCode": "US" }, "geometry": { "type": "Point", "coordinates": [ -121.206305, 39.295217 ] } },
{ "type": "Feature", "properties": { "decimalLatitude": 38.029072, "decimalLongitude": -122.737031, "eventDate": "2020-02-29T14:48:00Z", "countryCode": "US" }, "geometry": { "type": "Point", "coordinates": [ -122.737031, 38.029072 ] } },
{ "type": "Feature", "properties": { "decimalLatitude": 38.443175, "decimalLongitude": -122.501628, "eventDate": "2020-02-24T09:22:18Z", "countryCode": "US" }, "geometry": { "type": "Point", "coordinates": [ -122.501628, 38.443175 ] } },
{ "type": "Feature", "properties": { "decimalLatitude": 38.661928, "decimalLongitude": -121.191884, "eventDate": "2020-02-22T14:31:00Z", "countryCode": "US" }, "geometry": { "type": "Point", "coordinates": [ -121.191884, 38.661928 ] } },
{ "type": "Feature", "properties": { "decimalLatitude": 40.189484, "decimalLongitude": -122.22963, "eventDate": "2020-02-19T13:20:09Z", "countryCode": "US" }, "geometry": { "type": "Point", "coordinates": [ -122.22963, 40.189484 ] } },
{ "type": "Feature", "properties": { "decimalLatitude": 37.852766, "decimalLongitude": -122.560203, "eventDate": "2020-02-29T13:07:28Z", "countryCode": "US" }, "geometry": { "type": "Point", "coordinates": [ -122.560203, 37.852766 ] } },
{ "type": "Feature", "properties": { "decimalLatitude": 38.029055, "decimalLongitude": -122.736944, "eventDate": "2020-02-29T14:46:57Z", "countryCode": "US" }, "geometry": { "type": "Point", "coordinates": [ -122.736944, 38.029055 ] } },
{ "type": "Feature", "properties": { "decimalLatitude": 38.029211, "decimalLongitude": -122.737258, "eventDate": "2020-02-29T14:52:29Z", "countryCode": "US" }, "geometry": { "type": "Point", "coordinates": [ -122.737258, 38.029211 ] } },
{ "type": "Feature", "properties": { "decimalLatitude": 38.029246, "decimalLongitude": -122.737244, "eventDate": "2020-02-29T14:51:32Z", "countryCode": "US" }, "geometry": { "type": "Point", "coordinates": [ -122.737244, 38.029246 ] } },
{ "type": "Feature", "properties": { "decimalLatitude": 38.674047, "decimalLongitude": -121.187505, "eventDate": "2020-02-22T14:42:04Z", "countryCode": "US" }, "geometry": { "type": "Point", "coordinates": [ -121.187505, 38.674047 ] } },
{ "type": "Feature", "properties": { "decimalLatitude": 38.997507, "decimalLongitude": -120.94524, "eventDate": "2020-02-24T15:25:55Z", "countryCode": "US" }, "geometry": { "type": "Point", "coordinates": [ -120.94524, 38.997507 ] } },
{ "type": "Feature", "properties": { "decimalLatitude": 39.603142, "decimalLongitude": -121.551438, "eventDate": "2020-02-29T13:49:19Z", "countryCode": "US" }, "geometry": { "type": "Point", "coordinates": [ -121.551438, 39.603142 ] } },
{ "type": "Feature", "properties": { "decimalLatitude": 38.916482, "decimalLongitude": -121.02324, "eventDate": "2020-02-29T09:16:20Z", "countryCode": "US" }, "geometry": { "type": "Point", "coordinates": [ -121.02324, 38.916482 ] } },
{ "type": "Feature", "properties": { "decimalLatitude": 38.916483, "decimalLongitude": -121.023165, "eventDate": "2020-02-29T09:16:36Z", "countryCode": "US" }, "geometry": { "type": "Point", "coordinates": [ -121.023165, 38.916483 ] } },
{ "type": "Feature", "properties": { "decimalLatitude": 38.490762, "decimalLongitude": -122.022408, "eventDate": "2020-02-25T12:29:31Z", "countryCode": "US" }, "geometry": { "type": "Point", "coordinates": [ -122.022408, 38.490762 ] } },
{ "type": "Feature", "properties": { "decimalLatitude": 37.898337, "decimalLongitude": -122.304768, "eventDate": "2020-02-25T09:25:14Z", "countryCode": "US" }, "geometry": { "type": "Point", "coordinates": [ -122.304768, 37.898337 ] } },
{ "type": "Feature", "properties": { "decimalLatitude": 38.51532, "decimalLongitude": -122.05437, "eventDate": "2020-02-22T08:08:00Z", "countryCode": "US" }, "geometry": { "type": "Point", "coordinates": [ -122.05437, 38.51532 ] } },
{ "type": "Feature", "properties": { "decimalLatitude": 38.515, "decimalLongitude": -122.054, "eventDate": "2020-02-24T09:25:00Z", "countryCode": "US" }, "geometry": { "type": "Point", "coordinates": [ -122.054, 38.515 ] } },
{ "type": "Feature", "properties": { "decimalLatitude": 38.515, "decimalLongitude": -122.054, "eventDate": "2020-02-22T08:43:00Z", "countryCode": "US" }, "geometry": { "type": "Point", "coordinates": [ -122.054, 38.515 ] } },
{ "type": "Feature", "properties": { "decimalLatitude": 38.515, "decimalLongitude": -122.054, "eventDate": "2020-02-16T09:11:00Z", "countryCode": "US" }, "geometry": { "type": "Point", "coordinates": [ -122.054, 38.515 ] } },
{ "type": "Feature", "properties": { "decimalLatitude": 38.515, "decimalLongitude": -122.054, "eventDate": "2020-02-22T09:19:00Z", "countryCode": "US" }, "geometry": { "type": "Point", "coordinates": [ -122.054, 38.515 ] } },
{ "type": "Feature", "properties": { "decimalLatitude": 38.515, "decimalLongitude": -122.054, "eventDate": "2020-02-16T08:14:00Z", "countryCode": "US" }, "geometry": { "type": "Point", "coordinates": [ -122.054, 38.515 ] } },
{ "type": "Feature", "properties": { "decimalLatitude": 38.515, "decimalLongitude": -122.054, "eventDate": "2020-02-02T09:34:00Z", "countryCode": "US" }, "geometry": { "type": "Point", "coordinates": [ -122.054, 38.515 ] } },
{ "type": "Feature", "properties": { "decimalLatitude": 38.515, "decimalLongitude": -122.054, "eventDate": "2020-02-22T09:40:00Z", "countryCode": "US" }, "geometry": { "type": "Point", "coordinates": [ -122.054, 38.515 ] } },
{ "type": "Feature", "properties": { "decimalLatitude": 38.498828, "decimalLongitude": -122.900795, "eventDate": "2020-03-01T11:12:49Z", "countryCode": "US" }, "geometry": { "type": "Point", "coordinates": [ -122.900795, 38.498828 ] } },
{ "type": "Feature", "properties": { "decimalLatitude": 38.826545, "decimalLongitude": -120.989127, "eventDate": "2020-03-03T14:05:00Z", "countryCode": "US" }, "geometry": { "type": "Point", "coordinates": [ -120.989127, 38.826545 ] } },
{ "type": "Feature", "properties": { "decimalLatitude": 38.934458, "decimalLongitude": -121.026367, "eventDate": "2020-03-05T10:06:49Z", "countryCode": "US" }, "geometry": { "type": "Point", "coordinates": [ -121.026367, 38.934458 ] } },
{ "type": "Feature", "properties": { "decimalLatitude": 38.652856, "decimalLongitude": -121.191125, "eventDate": "2020-03-04T00:00:00Z", "countryCode": "US" }, "geometry": { "type": "Point", "coordinates": [ -121.191125, 38.652856 ] } },
{ "type": "Feature", "properties": { "decimalLatitude": 37.864825, "decimalLongitude": -122.436411, "eventDate": "2020-03-02T08:50:00Z", "countryCode": "US" }, "geometry": { "type": "Point", "coordinates": [ -122.436411, 37.864825 ] } },
{ "type": "Feature", "properties": { "decimalLatitude": 37.81108, "decimalLongitude": -122.3713, "eventDate": "2020-03-10T10:17:10Z", "countryCode": "US" }, "geometry": { "type": "Point", "coordinates": [ -122.3713, 37.81108 ] } },
{ "type": "Feature", "properties": { "decimalLatitude": 38.449563, "decimalLongitude": -122.629945, "eventDate": "2020-03-12T13:30:09Z", "countryCode": "US" }, "geometry": { "type": "Point", "coordinates": [ -122.629945, 38.449563 ] } },
{ "type": "Feature", "properties": { "decimalLatitude": 39.292488, "decimalLongitude": -121.179291, "eventDate": "2020-03-06T16:27:27Z", "countryCode": "US" }, "geometry": { "type": "Point", "coordinates": [ -121.179291, 39.292488 ] } },
{ "type": "Feature", "properties": { "decimalLatitude": 40.881563, "decimalLongitude": -122.389932, "eventDate": "2020-03-11T16:14:35Z", "countryCode": "US" }, "geometry": { "type": "Point", "coordinates": [ -122.389932, 40.881563 ] } },
{ "type": "Feature", "properties": { "decimalLatitude": 39.308586, "decimalLongitude": -121.081972, "eventDate": "2020-03-10T14:26:00Z", "countryCode": "US" }, "geometry": { "type": "Point", "coordinates": [ -121.081972, 39.308586 ] } },
{ "type": "Feature", "properties": { "decimalLatitude": 38.646447, "decimalLongitude": -121.198456, "eventDate": "2020-03-07T17:17:00Z", "countryCode": "US" }, "geometry": { "type": "Point", "coordinates": [ -121.198456, 38.646447 ] } },
{ "type": "Feature", "properties": { "decimalLatitude": 38.008781, "decimalLongitude": -122.71142, "eventDate": "2020-03-06T12:58:55Z", "countryCode": "US" }, "geometry": { "type": "Point", "coordinates": [ -122.71142, 38.008781 ] } },
{ "type": "Feature", "properties": { "decimalLatitude": 38.44549, "decimalLongitude": -122.620749, "eventDate": "2020-03-06T13:06:01Z", "countryCode": "US" }, "geometry": { "type": "Point", "coordinates": [ -122.620749, 38.44549 ] } },
{ "type": "Feature", "properties": { "decimalLatitude": 38.498842, "decimalLongitude": -122.900733, "eventDate": "2020-03-16T10:22:22Z", "countryCode": "US" }, "geometry": { "type": "Point", "coordinates": [ -122.900733, 38.498842 ] } },
{ "type": "Feature", "properties": { "decimalLatitude": 40.879229, "decimalLongitude": -122.285069, "eventDate": "2020-03-14T16:03:38Z", "countryCode": "US" }, "geometry": { "type": "Point", "coordinates": [ -122.285069, 40.879229 ] } },
{ "type": "Feature", "properties": { "decimalLatitude": 38.507215, "decimalLongitude": -122.097224, "eventDate": "2020-03-02T15:46:00Z", "countryCode": "US" }, "geometry": { "type": "Point", "coordinates": [ -122.097224, 38.507215 ] } },
{ "type": "Feature", "properties": { "decimalLatitude": 38.626372, "decimalLongitude": -121.29943, "eventDate": "2020-03-25T15:12:40Z", "countryCode": "US" }, "geometry": { "type": "Point", "coordinates": [ -121.29943, 38.626372 ] } },
{ "type": "Feature", "properties": { "decimalLatitude": 38.81938, "decimalLongitude": -120.952387, "eventDate": "2020-03-22T15:10:27Z", "countryCode": "US" }, "geometry": { "type": "Point", "coordinates": [ -120.952387, 38.81938 ] } },
{ "type": "Feature", "properties": { "decimalLatitude": 38.91285, "decimalLongitude": -121.030297, "eventDate": "2020-03-08T16:00:35Z", "countryCode": "US" }, "geometry": { "type": "Point", "coordinates": [ -121.030297, 38.91285 ] } },
{ "type": "Feature", "properties": { "decimalLatitude": 39.589844, "decimalLongitude": -121.570786, "eventDate": "2020-03-23T12:33:09Z", "countryCode": "US" }, "geometry": { "type": "Point", "coordinates": [ -121.570786, 39.589844 ] } },
{ "type": "Feature", "properties": { "decimalLatitude": 39.292674, "decimalLongitude": -121.109341, "eventDate": "2020-03-29T12:30:00Z", "countryCode": "US" }, "geometry": { "type": "Point", "coordinates": [ -121.109341, 39.292674 ] } },
{ "type": "Feature", "properties": { "decimalLatitude": 37.755853, "decimalLongitude": -122.462417, "eventDate": "2020-03-22T17:50:19Z", "countryCode": "US" }, "geometry": { "type": "Point", "coordinates": [ -122.462417, 37.755853 ] } },
{ "type": "Feature", "properties": { "decimalLatitude": 38.826545, "decimalLongitude": -120.989127, "eventDate": "2020-03-03T14:05:00Z", "countryCode": "US" }, "geometry": { "type": "Point", "coordinates": [ -120.989127, 38.826545 ] } },
{ "type": "Feature", "properties": { "decimalLatitude": 38.445617, "decimalLongitude": -122.62065, "eventDate": "2020-03-12T11:02:43Z", "countryCode": "US" }, "geometry": { "type": "Point", "coordinates": [ -122.62065, 38.445617 ] } },
{ "type": "Feature", "properties": { "decimalLatitude": 39.844611, "decimalLongitude": -121.703318, "eventDate": "2020-03-01T15:22:40Z", "countryCode": "US" }, "geometry": { "type": "Point", "coordinates": [ -121.703318, 39.844611 ] } },
{ "type": "Feature", "properties": { "decimalLatitude": 38.353965, "decimalLongitude": -122.551418, "eventDate": "2020-03-07T12:30:26Z", "countryCode": "US" }, "geometry": { "type": "Point", "coordinates": [ -122.551418, 38.353965 ] } },
{ "type": "Feature", "properties": { "decimalLatitude": 38.389872, "decimalLongitude": -122.81612, "eventDate": "2020-03-10T12:39:13Z", "countryCode": "US" }, "geometry": { "type": "Point", "coordinates": [ -122.81612, 38.389872 ] } },
{ "type": "Feature", "properties": { "decimalLatitude": 38.452748, "decimalLongitude": -122.641697, "eventDate": "2020-03-13T13:44:18Z", "countryCode": "US" }, "geometry": { "type": "Point", "coordinates": [ -122.641697, 38.452748 ] } },
{ "type": "Feature", "properties": { "decimalLatitude": 38.443843, "decimalLongitude": -122.531398, "eventDate": "2020-03-03T14:50:31Z", "countryCode": "US" }, "geometry": { "type": "Point", "coordinates": [ -122.531398, 38.443843 ] } },
{ "type": "Feature", "properties": { "decimalLatitude": 37.677221, "decimalLongitude": -122.40019, "eventDate": "2020-03-23T17:04:59Z", "countryCode": "US" }, "geometry": { "type": "Point", "coordinates": [ -122.40019, 37.677221 ] } },
{ "type": "Feature", "properties": { "decimalLatitude": 38.247567, "decimalLongitude": -122.13782, "eventDate": "2020-03-15T16:08:00Z", "countryCode": "US" }, "geometry": { "type": "Point", "coordinates": [ -122.13782, 38.247567 ] } },
{ "type": "Feature", "properties": { "decimalLatitude": 38.624192, "decimalLongitude": -121.246528, "eventDate": "2020-03-24T13:48:11Z", "countryCode": "US" }, "geometry": { "type": "Point", "coordinates": [ -121.246528, 38.624192 ] } },
{ "type": "Feature", "properties": { "decimalLatitude": 38.907032, "decimalLongitude": -121.054358, "eventDate": "2020-03-01T21:48:59.220Z", "countryCode": "US" }, "geometry": { "type": "Point", "coordinates": [ -121.054358, 38.907032 ] } },
{ "type": "Feature", "properties": { "decimalLatitude": 38.010137, "decimalLongitude": -122.638514, "eventDate": "2020-03-27T16:30:19Z", "countryCode": "US" }, "geometry": { "type": "Point", "coordinates": [ -122.638514, 38.010137 ] } },
{ "type": "Feature", "properties": { "decimalLatitude": 38.543064, "decimalLongitude": -122.537727, "eventDate": "2020-03-05T14:32:00Z", "countryCode": "US" }, "geometry": { "type": "Point", "coordinates": [ -122.537727, 38.543064 ] } },
{ "type": "Feature", "properties": { "decimalLatitude": 38.24349, "decimalLongitude": -122.132708, "eventDate": "2020-03-02T00:00:00Z", "countryCode": "US" }, "geometry": { "type": "Point", "coordinates": [ -122.132708, 38.24349 ] } },
{ "type": "Feature", "properties": { "decimalLatitude": 38.7304, "decimalLongitude": -121.0859, "eventDate": "2020-03-03T14:29:27Z", "countryCode": "US" }, "geometry": { "type": "Point", "coordinates": [ -121.0859, 38.7304 ] } },
{ "type": "Feature", "properties": { "decimalLatitude": 39.730838, "decimalLongitude": -121.94632, "eventDate": "2020-03-19T17:40:03Z", "countryCode": "US" }, "geometry": { "type": "Point", "coordinates": [ -121.94632, 39.730838 ] } },
{ "type": "Feature", "properties": { "decimalLatitude": 38.979054, "decimalLongitude": -122.221705, "eventDate": "2020-03-22T11:09:46Z", "countryCode": "US" }, "geometry": { "type": "Point", "coordinates": [ -122.221705, 38.979054 ] } },
{ "type": "Feature", "properties": { "decimalLatitude": 39.293797, "decimalLongitude": -121.189292, "eventDate": "2020-03-20T15:43:47Z", "countryCode": "US" }, "geometry": { "type": "Point", "coordinates": [ -121.189292, 39.293797 ] } },
{ "type": "Feature", "properties": { "decimalLatitude": 38.499433, "decimalLongitude": -122.100208, "eventDate": "2020-03-14T14:11:14Z", "countryCode": "US" }, "geometry": { "type": "Point", "coordinates": [ -122.100208, 38.499433 ] } },
{ "type": "Feature", "properties": { "decimalLatitude": 37.906242, "decimalLongitude": -122.611708, "eventDate": "2020-03-11T11:25:16Z", "countryCode": "US" }, "geometry": { "type": "Point", "coordinates": [ -122.611708, 37.906242 ] } },
{ "type": "Feature", "properties": { "decimalLatitude": 38.101034, "decimalLongitude": -122.856938, "eventDate": "2020-03-04T09:21:00Z", "countryCode": "US" }, "geometry": { "type": "Point", "coordinates": [ -122.856938, 38.101034 ] } },
{ "type": "Feature", "properties": { "decimalLatitude": 38.65264, "decimalLongitude": -121.189954, "eventDate": "2020-03-29T15:14:45Z", "countryCode": "US" }, "geometry": { "type": "Point", "coordinates": [ -121.189954, 38.65264 ] } },
{ "type": "Feature", "properties": { "decimalLatitude": 38.515317, "decimalLongitude": -122.054366, "eventDate": "2020-03-27T10:02:00Z", "countryCode": "US" }, "geometry": { "type": "Point", "coordinates": [ -122.054366, 38.515317 ] } },
{ "type": "Feature", "properties": { "decimalLatitude": 38.899304, "decimalLongitude": -122.311916, "eventDate": "2020-03-20T12:45:00Z", "countryCode": "US" }, "geometry": { "type": "Point", "coordinates": [ -122.311916, 38.899304 ] } },
{ "type": "Feature", "properties": { "decimalLatitude": 39.60459, "decimalLongitude": -121.54745, "eventDate": "2020-03-07T10:23:00Z", "countryCode": "US" }, "geometry": { "type": "Point", "coordinates": [ -121.54745, 39.60459 ] } },
{ "type": "Feature", "properties": { "decimalLatitude": 38.515039, "decimalLongitude": -122.054011, "eventDate": "2020-03-27T10:12:00Z", "countryCode": "US" }, "geometry": { "type": "Point", "coordinates": [ -122.054011, 38.515039 ] } },
{ "type": "Feature", "properties": { "decimalLatitude": 38.038619, "decimalLongitude": -122.215247, "eventDate": "2020-04-01T15:00:00Z", "countryCode": "US" }, "geometry": { "type": "Point", "coordinates": [ -122.215247, 38.038619 ] } },
{ "type": "Feature", "properties": { "decimalLatitude": 37.837738, "decimalLongitude": -122.038959, "eventDate": "2020-04-13T18:24:00Z", "countryCode": "US" }, "geometry": { "type": "Point", "coordinates": [ -122.038959, 37.837738 ] } },
{ "type": "Feature", "properties": { "decimalLatitude": 37.925353, "decimalLongitude": -122.158067, "eventDate": "2020-04-12T15:03:53Z", "countryCode": "US" }, "geometry": { "type": "Point", "coordinates": [ -122.158067, 37.925353 ] } },
{ "type": "Feature", "properties": { "decimalLatitude": 37.998872, "decimalLongitude": -122.707805, "eventDate": "2020-04-16T08:04:43Z", "countryCode": "US" }, "geometry": { "type": "Point", "coordinates": [ -122.707805, 37.998872 ] } },
{ "type": "Feature", "properties": { "decimalLatitude": 37.95673, "decimalLongitude": -122.577497, "eventDate": "2020-04-14T13:41:27Z", "countryCode": "US" }, "geometry": { "type": "Point", "coordinates": [ -122.577497, 37.95673 ] } },
{ "type": "Feature", "properties": { "decimalLatitude": 37.852787, "decimalLongitude": -122.077614, "eventDate": "2020-04-19T12:20:16Z", "countryCode": "US" }, "geometry": { "type": "Point", "coordinates": [ -122.077614, 37.852787 ] } },
{ "type": "Feature", "properties": { "decimalLatitude": 40.591362, "decimalLongitude": -122.377541, "eventDate": "2020-04-22T18:25:00Z", "countryCode": "US" }, "geometry": { "type": "Point", "coordinates": [ -122.377541, 40.591362 ] } },
{ "type": "Feature", "properties": { "decimalLatitude": 38.574824, "decimalLongitude": -121.348559, "eventDate": "2020-04-19T09:39:22Z", "countryCode": "US" }, "geometry": { "type": "Point", "coordinates": [ -121.348559, 38.574824 ] } },
{ "type": "Feature", "properties": { "decimalLatitude": 39.766287, "decimalLongitude": -121.781242, "eventDate": "2020-04-26T13:45:29Z", "countryCode": "US" }, "geometry": { "type": "Point", "coordinates": [ -121.781242, 39.766287 ] } },
{ "type": "Feature", "properties": { "decimalLatitude": 37.855942, "decimalLongitude": -122.568008, "eventDate": "2020-04-25T17:24:33Z", "countryCode": "US" }, "geometry": { "type": "Point", "coordinates": [ -122.568008, 37.855942 ] } },
{ "type": "Feature", "properties": { "decimalLatitude": 39.326793, "decimalLongitude": -121.016313, "eventDate": "2020-04-25T11:14:00Z", "countryCode": "US" }, "geometry": { "type": "Point", "coordinates": [ -121.016313, 39.326793 ] } },
{ "type": "Feature", "properties": { "decimalLatitude": 38.596447, "decimalLongitude": -121.329872, "eventDate": "2020-04-27T08:48:41Z", "countryCode": "US" }, "geometry": { "type": "Point", "coordinates": [ -121.329872, 38.596447 ] } },
{ "type": "Feature", "properties": { "decimalLatitude": 38.00865, "decimalLongitude": -122.524098, "eventDate": "2020-04-26T11:56:54Z", "countryCode": "US" }, "geometry": { "type": "Point", "coordinates": [ -122.524098, 38.00865 ] } },
{ "type": "Feature", "properties": { "decimalLatitude": 37.884731, "decimalLongitude": -122.099515, "eventDate": "2020-04-24T08:29:45Z", "countryCode": "US" }, "geometry": { "type": "Point", "coordinates": [ -122.099515, 37.884731 ] } },
{ "type": "Feature", "properties": { "decimalLatitude": 39.326017, "decimalLongitude": -121.015205, "eventDate": "2020-04-25T11:13:00Z", "countryCode": "US" }, "geometry": { "type": "Point", "coordinates": [ -121.015205, 39.326017 ] } },
{ "type": "Feature", "properties": { "decimalLatitude": 38.661991, "decimalLongitude": -121.185205, "eventDate": "2020-04-29T12:09:09Z", "countryCode": "US" }, "geometry": { "type": "Point", "coordinates": [ -121.185205, 38.661991 ] } },
{ "type": "Feature", "properties": { "decimalLatitude": 38.659464, "decimalLongitude": -121.185268, "eventDate": "2020-04-29T11:29:36Z", "countryCode": "US" }, "geometry": { "type": "Point", "coordinates": [ -121.185268, 38.659464 ] } },
{ "type": "Feature", "properties": { "decimalLatitude": 38.27856, "decimalLongitude": -122.465745, "eventDate": "2020-04-25T11:16:07Z", "countryCode": "US" }, "geometry": { "type": "Point", "coordinates": [ -122.465745, 38.27856 ] } },
{ "type": "Feature", "properties": { "decimalLatitude": 37.992257, "decimalLongitude": -122.195614, "eventDate": "2020-04-29T00:00:00Z", "countryCode": "US" }, "geometry": { "type": "Point", "coordinates": [ -122.195614, 37.992257 ] } },
{ "type": "Feature", "properties": { "decimalLatitude": 37.95662, "decimalLongitude": -122.141152, "eventDate": "2020-04-24T13:26:00Z", "countryCode": "US" }, "geometry": { "type": "Point", "coordinates": [ -122.141152, 37.95662 ] } },
{ "type": "Feature", "properties": { "decimalLatitude": 38.640938, "decimalLongitude": -121.236838, "eventDate": "2020-04-28T08:18:44Z", "countryCode": "US" }, "geometry": { "type": "Point", "coordinates": [ -121.236838, 38.640938 ] } },
{ "type": "Feature", "properties": { "decimalLatitude": 39.746134, "decimalLongitude": -121.809245, "eventDate": "2020-04-28T19:17:58Z", "countryCode": "US" }, "geometry": { "type": "Point", "coordinates": [ -121.809245, 39.746134 ] } },
{ "type": "Feature", "properties": { "decimalLatitude": 38.494012, "decimalLongitude": -122.900545, "eventDate": "2020-04-24T15:26:29Z", "countryCode": "US" }, "geometry": { "type": "Point", "coordinates": [ -122.900545, 38.494012 ] } },
{ "type": "Feature", "properties": { "decimalLatitude": 38.640784, "decimalLongitude": -121.236877, "eventDate": "2020-04-28T10:38:03Z", "countryCode": "US" }, "geometry": { "type": "Point", "coordinates": [ -121.236877, 38.640784 ] } },
{ "type": "Feature", "properties": { "decimalLatitude": 38.114117, "decimalLongitude": -122.600007, "eventDate": "2020-04-02T12:21:26Z", "countryCode": "US" }, "geometry": { "type": "Point", "coordinates": [ -122.600007, 38.114117 ] } },
{ "type": "Feature", "properties": { "decimalLatitude": 38.361939, "decimalLongitude": -122.551797, "eventDate": "2020-04-22T11:04:20Z", "countryCode": "US" }, "geometry": { "type": "Point", "coordinates": [ -122.551797, 38.361939 ] } },
{ "type": "Feature", "properties": { "decimalLatitude": 37.95098, "decimalLongitude": -122.315017, "eventDate": "2020-04-18T12:23:22Z", "countryCode": "US" }, "geometry": { "type": "Point", "coordinates": [ -122.315017, 37.95098 ] } },
{ "type": "Feature", "properties": { "decimalLatitude": 39.743922, "decimalLongitude": -121.98198, "eventDate": "2020-04-20T16:34:56Z", "countryCode": "US" }, "geometry": { "type": "Point", "coordinates": [ -121.98198, 39.743922 ] } },
{ "type": "Feature", "properties": { "decimalLatitude": 38.101473, "decimalLongitude": -122.864831, "eventDate": "2020-04-14T11:56:00Z", "countryCode": "US" }, "geometry": { "type": "Point", "coordinates": [ -122.864831, 38.101473 ] } },
{ "type": "Feature", "properties": { "decimalLatitude": 38.502842, "decimalLongitude": -122.099411, "eventDate": "2020-04-18T14:58:43Z", "countryCode": "US" }, "geometry": { "type": "Point", "coordinates": [ -122.099411, 38.502842 ] } },
{ "type": "Feature", "properties": { "decimalLatitude": 38.516504, "decimalLongitude": -122.585016, "eventDate": "2020-04-16T15:46:00Z", "countryCode": "US" }, "geometry": { "type": "Point", "coordinates": [ -122.585016, 38.516504 ] } },
{ "type": "Feature", "properties": { "decimalLatitude": 37.951492, "decimalLongitude": -122.094139, "eventDate": "2020-04-19T12:18:13Z", "countryCode": "US" }, "geometry": { "type": "Point", "coordinates": [ -122.094139, 37.951492 ] } },
{ "type": "Feature", "properties": { "decimalLatitude": 38.102387, "decimalLongitude": -122.860188, "eventDate": "2020-04-13T15:40:00Z", "countryCode": "US" }, "geometry": { "type": "Point", "coordinates": [ -122.860188, 38.102387 ] } },
{ "type": "Feature", "properties": { "decimalLatitude": 37.907692, "decimalLongitude": -122.703383, "eventDate": "2020-04-22T19:02:59Z", "countryCode": "US" }, "geometry": { "type": "Point", "coordinates": [ -122.703383, 37.907692 ] } },
{ "type": "Feature", "properties": { "decimalLatitude": 38.413798, "decimalLongitude": -122.956275, "eventDate": "2020-04-11T13:20:00Z", "countryCode": "US" }, "geometry": { "type": "Point", "coordinates": [ -122.956275, 38.413798 ] } },
{ "type": "Feature", "properties": { "decimalLatitude": 37.988619, "decimalLongitude": -122.132015, "eventDate": "2020-04-26T13:38:28Z", "countryCode": "US" }, "geometry": { "type": "Point", "coordinates": [ -122.132015, 37.988619 ] } },
{ "type": "Feature", "properties": { "decimalLatitude": 38.574205, "decimalLongitude": -121.348734, "eventDate": "2020-04-26T12:02:32Z", "countryCode": "US" }, "geometry": { "type": "Point", "coordinates": [ -121.348734, 38.574205 ] } },
{ "type": "Feature", "properties": { "decimalLatitude": 38.644549, "decimalLongitude": -121.205758, "eventDate": "2020-04-24T11:28:00Z", "countryCode": "US" }, "geometry": { "type": "Point", "coordinates": [ -121.205758, 38.644549 ] } },
{ "type": "Feature", "properties": { "decimalLatitude": 39.711466, "decimalLongitude": -121.728579, "eventDate": "2020-04-25T18:06:22Z", "countryCode": "US" }, "geometry": { "type": "Point", "coordinates": [ -121.728579, 39.711466 ] } },
{ "type": "Feature", "properties": { "decimalLatitude": 39.74212, "decimalLongitude": -121.818383, "eventDate": "2020-04-20T19:14:36Z", "countryCode": "US" }, "geometry": { "type": "Point", "coordinates": [ -121.818383, 39.74212 ] } },
{ "type": "Feature", "properties": { "decimalLatitude": 39.330208, "decimalLongitude": -120.992922, "eventDate": "2020-04-25T10:12:00Z", "countryCode": "US" }, "geometry": { "type": "Point", "coordinates": [ -120.992922, 39.330208 ] } },
{ "type": "Feature", "properties": { "decimalLatitude": 38.642155, "decimalLongitude": -121.236337, "eventDate": "2020-04-30T07:29:13Z", "countryCode": "US" }, "geometry": { "type": "Point", "coordinates": [ -121.236337, 38.642155 ] } },
{ "type": "Feature", "properties": { "decimalLatitude": 38.937251, "decimalLongitude": -121.585604, "eventDate": "2020-04-25T09:01:43Z", "countryCode": "US" }, "geometry": { "type": "Point", "coordinates": [ -121.585604, 38.937251 ] } },
{ "type": "Feature", "properties": { "decimalLatitude": 39.757909, "decimalLongitude": -121.796794, "eventDate": "2020-04-09T17:55:00Z", "countryCode": "US" }, "geometry": { "type": "Point", "coordinates": [ -121.796794, 39.757909 ] } },
{ "type": "Feature", "properties": { "decimalLatitude": 39.769822, "decimalLongitude": -121.767019, "eventDate": "2020-04-26T14:23:14Z", "countryCode": "US" }, "geometry": { "type": "Point", "coordinates": [ -121.767019, 39.769822 ] } },
{ "type": "Feature", "properties": { "decimalLatitude": 40.337142, "decimalLongitude": -122.404822, "eventDate": "2020-04-14T16:12:25Z", "countryCode": "US" }, "geometry": { "type": "Point", "coordinates": [ -122.404822, 40.337142 ] } },
{ "type": "Feature", "properties": { "decimalLatitude": 39.773983, "decimalLongitude": -121.754867, "eventDate": "2020-04-19T08:53:33Z", "countryCode": "US" }, "geometry": { "type": "Point", "coordinates": [ -121.754867, 39.773983 ] } },
{ "type": "Feature", "properties": { "decimalLatitude": 38.819213, "decimalLongitude": -120.951287, "eventDate": "2020-04-02T17:37:42Z", "countryCode": "US" }, "geometry": { "type": "Point", "coordinates": [ -120.951287, 38.819213 ] } },
{ "type": "Feature", "properties": { "decimalLatitude": 38.782573, "decimalLongitude": -121.028149, "eventDate": "2020-04-07T13:32:19Z", "countryCode": "US" }, "geometry": { "type": "Point", "coordinates": [ -121.028149, 38.782573 ] } },
{ "type": "Feature", "properties": { "decimalLatitude": 38.616969, "decimalLongitude": -121.311991, "eventDate": "2020-04-24T08:58:00Z", "countryCode": "US" }, "geometry": { "type": "Point", "coordinates": [ -121.311991, 38.616969 ] } },
{ "type": "Feature", "properties": { "decimalLatitude": 37.950789, "decimalLongitude": -122.141571, "eventDate": "2020-04-24T13:22:00Z", "countryCode": "US" }, "geometry": { "type": "Point", "coordinates": [ -122.141571, 37.950789 ] } },
{ "type": "Feature", "properties": { "decimalLatitude": 38.78188, "decimalLongitude": -121.025878, "eventDate": "2020-04-07T14:26:56Z", "countryCode": "US" }, "geometry": { "type": "Point", "coordinates": [ -121.025878, 38.78188 ] } },
{ "type": "Feature", "properties": { "decimalLatitude": 39.32584, "decimalLongitude": -121.013918, "eventDate": "2020-04-25T11:13:00Z", "countryCode": "US" }, "geometry": { "type": "Point", "coordinates": [ -121.013918, 39.32584 ] } },
{ "type": "Feature", "properties": { "decimalLatitude": 39.218076, "decimalLongitude": -121.213262, "eventDate": "2020-04-21T15:54:13Z", "countryCode": "US" }, "geometry": { "type": "Point", "coordinates": [ -121.213262, 39.218076 ] } },
{ "type": "Feature", "properties": { "decimalLatitude": 38.040247, "decimalLongitude": -122.215122, "eventDate": "2020-05-01T15:19:29Z", "countryCode": "US" }, "geometry": { "type": "Point", "coordinates": [ -122.215122, 38.040247 ] } },
{ "type": "Feature", "properties": { "decimalLatitude": 40.526096, "decimalLongitude": -122.520572, "eventDate": "2020-05-02T18:59:00Z", "countryCode": "US" }, "geometry": { "type": "Point", "coordinates": [ -122.520572, 40.526096 ] } },
{ "type": "Feature", "properties": { "decimalLatitude": 38.598537, "decimalLongitude": -121.329566, "eventDate": "2020-05-02T11:18:30Z", "countryCode": "US" }, "geometry": { "type": "Point", "coordinates": [ -121.329566, 38.598537 ] } },
{ "type": "Feature", "properties": { "decimalLatitude": 40.514042, "decimalLongitude": -122.365983, "eventDate": "2020-05-13T15:43:04Z", "countryCode": "US" }, "geometry": { "type": "Point", "coordinates": [ -122.365983, 40.514042 ] } },
{ "type": "Feature", "properties": { "decimalLatitude": 39.846389, "decimalLongitude": -121.393611, "eventDate": "2020-05-16T10:37:00Z", "countryCode": "US" }, "geometry": { "type": "Point", "coordinates": [ -121.393611, 39.846389 ] } },
{ "type": "Feature", "properties": { "decimalLatitude": 38.068964, "decimalLongitude": -122.574139, "eventDate": "2020-05-19T12:55:00Z", "countryCode": "US" }, "geometry": { "type": "Point", "coordinates": [ -122.574139, 38.068964 ] } },
{ "type": "Feature", "properties": { "decimalLatitude": 38.498987, "decimalLongitude": -122.900795, "eventDate": "2020-05-21T14:44:39Z", "countryCode": "US" }, "geometry": { "type": "Point", "coordinates": [ -122.900795, 38.498987 ] } },
{ "type": "Feature", "properties": { "decimalLatitude": 38.413433, "decimalLongitude": -122.956453, "eventDate": "2020-05-26T18:34:57Z", "countryCode": "US" }, "geometry": { "type": "Point", "coordinates": [ -122.956453, 38.413433 ] } },
{ "type": "Feature", "properties": { "decimalLatitude": 38.012706, "decimalLongitude": -122.714837, "eventDate": "2020-05-25T11:51:07Z", "countryCode": "US" }, "geometry": { "type": "Point", "coordinates": [ -122.714837, 38.012706 ] } },
{ "type": "Feature", "properties": { "decimalLatitude": 39.804692, "decimalLongitude": -121.715797, "eventDate": "2020-05-17T14:10:55Z", "countryCode": "US" }, "geometry": { "type": "Point", "coordinates": [ -121.715797, 39.804692 ] } },
{ "type": "Feature", "properties": { "decimalLatitude": 37.9209, "decimalLongitude": -122.168016, "eventDate": "2020-05-13T10:04:00Z", "countryCode": "US" }, "geometry": { "type": "Point", "coordinates": [ -122.168016, 37.9209 ] } },
{ "type": "Feature", "properties": { "decimalLatitude": 38.005203, "decimalLongitude": -122.709626, "eventDate": "2020-05-21T08:22:00Z", "countryCode": "US" }, "geometry": { "type": "Point", "coordinates": [ -122.709626, 38.005203 ] } },
{ "type": "Feature", "properties": { "decimalLatitude": 39.633427, "decimalLongitude": -121.268793, "eventDate": "2020-05-23T13:06:25Z", "countryCode": "US" }, "geometry": { "type": "Point", "coordinates": [ -121.268793, 39.633427 ] } },
{ "type": "Feature", "properties": { "decimalLatitude": 39.75158, "decimalLongitude": -121.799081, "eventDate": "2020-05-17T16:20:00Z", "countryCode": "US" }, "geometry": { "type": "Point", "coordinates": [ -121.799081, 39.75158 ] } },
{ "type": "Feature", "properties": { "decimalLatitude": 37.97649, "decimalLongitude": -122.298478, "eventDate": "2020-05-19T15:28:07Z", "countryCode": "US" }, "geometry": { "type": "Point", "coordinates": [ -122.298478, 37.97649 ] } },
{ "type": "Feature", "properties": { "decimalLatitude": 38.658927, "decimalLongitude": -121.186976, "eventDate": "2020-05-15T15:59:01Z", "countryCode": "US" }, "geometry": { "type": "Point", "coordinates": [ -121.186976, 38.658927 ] } },
{ "type": "Feature", "properties": { "decimalLatitude": 38.476253, "decimalLongitude": -123.024514, "eventDate": "2020-05-22T11:36:19Z", "countryCode": "US" }, "geometry": { "type": "Point", "coordinates": [ -123.024514, 38.476253 ] } },
{ "type": "Feature", "properties": { "decimalLatitude": 38.634724, "decimalLongitude": -121.234697, "eventDate": "2020-05-26T06:37:39Z", "countryCode": "US" }, "geometry": { "type": "Point", "coordinates": [ -121.234697, 38.634724 ] } },
{ "type": "Feature", "properties": { "decimalLatitude": 38.822345, "decimalLongitude": -120.962005, "eventDate": "2020-05-17T16:26:19Z", "countryCode": "US" }, "geometry": { "type": "Point", "coordinates": [ -120.962005, 38.822345 ] } },
{ "type": "Feature", "properties": { "decimalLatitude": 38.434853, "decimalLongitude": -123.142581, "eventDate": "2020-05-22T16:43:27Z", "countryCode": "US" }, "geometry": { "type": "Point", "coordinates": [ -123.142581, 38.434853 ] } },
{ "type": "Feature", "properties": { "decimalLatitude": 38.915558, "decimalLongitude": -120.928519, "eventDate": "2020-05-07T13:42:07Z", "countryCode": "US" }, "geometry": { "type": "Point", "coordinates": [ -120.928519, 38.915558 ] } },
{ "type": "Feature", "properties": { "decimalLatitude": 38.65, "decimalLongitude": -121.19, "eventDate": "2020-05-03T00:00:00Z", "countryCode": "US" }, "geometry": { "type": "Point", "coordinates": [ -121.19, 38.65 ] } },
{ "type": "Feature", "properties": { "decimalLatitude": 38.63919, "decimalLongitude": -121.220609, "eventDate": "2020-05-20T19:25:04Z", "countryCode": "US" }, "geometry": { "type": "Point", "coordinates": [ -121.220609, 38.63919 ] } },
{ "type": "Feature", "properties": { "decimalLatitude": 39.327321, "decimalLongitude": -121.016588, "eventDate": "2020-06-17T13:13:00Z", "countryCode": "US" }, "geometry": { "type": "Point", "coordinates": [ -121.016588, 39.327321 ] } },
{ "type": "Feature", "properties": { "decimalLatitude": 38.635253, "decimalLongitude": -121.231463, "eventDate": "2020-06-14T11:46:00Z", "countryCode": "US" }, "geometry": { "type": "Point", "coordinates": [ -121.231463, 38.635253 ] } },
{ "type": "Feature", "properties": { "decimalLatitude": 37.951317, "decimalLongitude": -122.141844, "eventDate": "2020-06-17T10:18:50Z", "countryCode": "US" }, "geometry": { "type": "Point", "coordinates": [ -122.141844, 37.951317 ] } },
{ "type": "Feature", "properties": { "decimalLatitude": 38.065483, "decimalLongitude": -122.19458, "eventDate": "2020-06-09T09:59:59Z", "countryCode": "US" }, "geometry": { "type": "Point", "coordinates": [ -122.19458, 38.065483 ] } },
{ "type": "Feature", "properties": { "decimalLatitude": 37.978773, "decimalLongitude": -122.61615, "eventDate": "2020-06-19T10:02:00Z", "countryCode": "US" }, "geometry": { "type": "Point", "coordinates": [ -122.61615, 37.978773 ] } },
{ "type": "Feature", "properties": { "decimalLatitude": 39.743737, "decimalLongitude": -121.818025, "eventDate": "2020-06-08T20:00:44Z", "countryCode": "US" }, "geometry": { "type": "Point", "coordinates": [ -121.818025, 39.743737 ] } },
{ "type": "Feature", "properties": { "decimalLatitude": 38.667432, "decimalLongitude": -121.182622, "eventDate": "2020-06-21T09:32:12Z", "countryCode": "US" }, "geometry": { "type": "Point", "coordinates": [ -121.182622, 38.667432 ] } },
{ "type": "Feature", "properties": { "decimalLatitude": 38.572739, "decimalLongitude": -121.351133, "eventDate": "2020-06-10T18:12:53Z", "countryCode": "US" }, "geometry": { "type": "Point", "coordinates": [ -121.351133, 38.572739 ] } },
{ "type": "Feature", "properties": { "decimalLatitude": 38.477414, "decimalLongitude": -122.557027, "eventDate": "2020-06-11T08:53:41Z", "countryCode": "US" }, "geometry": { "type": "Point", "coordinates": [ -122.557027, 38.477414 ] } },
{ "type": "Feature", "properties": { "decimalLatitude": 38.566769, "decimalLongitude": -122.684678, "eventDate": "2020-06-11T15:35:00Z", "countryCode": "US" }, "geometry": { "type": "Point", "coordinates": [ -122.684678, 38.566769 ] } },
{ "type": "Feature", "properties": { "decimalLatitude": 38.430468, "decimalLongitude": -122.865419, "eventDate": "2020-06-06T11:19:16Z", "countryCode": "US" }, "geometry": { "type": "Point", "coordinates": [ -122.865419, 38.430468 ] } },
{ "type": "Feature", "properties": { "decimalLatitude": 38.475655, "decimalLongitude": -123.024359, "eventDate": "2020-06-14T17:09:48Z", "countryCode": "US" }, "geometry": { "type": "Point", "coordinates": [ -123.024359, 38.475655 ] } },
{ "type": "Feature", "properties": { "decimalLatitude": 38.298989, "decimalLongitude": -122.477547, "eventDate": "2020-06-14T11:01:00Z", "countryCode": "US" }, "geometry": { "type": "Point", "coordinates": [ -122.477547, 38.298989 ] } },
{ "type": "Feature", "properties": { "decimalLatitude": 38.069197, "decimalLongitude": -122.763899, "eventDate": "2020-06-06T12:06:09Z", "countryCode": "US" }, "geometry": { "type": "Point", "coordinates": [ -122.763899, 38.069197 ] } },
{ "type": "Feature", "properties": { "decimalLatitude": 38.41323, "decimalLongitude": -122.956122, "eventDate": "2020-07-03T14:03:04Z", "countryCode": "US" }, "geometry": { "type": "Point", "coordinates": [ -122.956122, 38.41323 ] } },
{ "type": "Feature", "properties": { "decimalLatitude": 38.659761, "decimalLongitude": -121.188991, "eventDate": "2020-07-14T09:58:54Z", "countryCode": "US" }, "geometry": { "type": "Point", "coordinates": [ -121.188991, 38.659761 ] } },
{ "type": "Feature", "properties": { "decimalLatitude": 38.414961, "decimalLongitude": -122.579501, "eventDate": "2020-07-18T13:49:34Z", "countryCode": "US" }, "geometry": { "type": "Point", "coordinates": [ -122.579501, 38.414961 ] } },
{ "type": "Feature", "properties": { "decimalLatitude": 40.78233, "decimalLongitude": -122.335899, "eventDate": "2020-07-20T12:23:37Z", "countryCode": "US" }, "geometry": { "type": "Point", "coordinates": [ -122.335899, 40.78233 ] } },
{ "type": "Feature", "properties": { "decimalLatitude": 37.977303, "decimalLongitude": -122.618789, "eventDate": "2020-07-12T17:01:27Z", "countryCode": "US" }, "geometry": { "type": "Point", "coordinates": [ -122.618789, 37.977303 ] } },
{ "type": "Feature", "properties": { "decimalLatitude": 37.925522, "decimalLongitude": -122.152008, "eventDate": "2020-07-24T15:10:20Z", "countryCode": "US" }, "geometry": { "type": "Point", "coordinates": [ -122.152008, 37.925522 ] } },
{ "type": "Feature", "properties": { "decimalLatitude": 38.545974, "decimalLongitude": -121.505586, "eventDate": "2020-07-17T07:08:00Z", "countryCode": "US" }, "geometry": { "type": "Point", "coordinates": [ -121.505586, 38.545974 ] } },
{ "type": "Feature", "properties": { "decimalLatitude": 38.444839, "decimalLongitude": -122.531539, "eventDate": "2020-07-26T06:27:00Z", "countryCode": "US" }, "geometry": { "type": "Point", "coordinates": [ -122.531539, 38.444839 ] } },
{ "type": "Feature", "properties": { "decimalLatitude": 37.913254, "decimalLongitude": -122.38429, "eventDate": "2020-08-03T14:48:00Z", "countryCode": "US" }, "geometry": { "type": "Point", "coordinates": [ -122.38429, 37.913254 ] } },
{ "type": "Feature", "properties": { "decimalLatitude": 38.666775, "decimalLongitude": -121.193512, "eventDate": "2020-08-08T10:46:27Z", "countryCode": "US" }, "geometry": { "type": "Point", "coordinates": [ -121.193512, 38.666775 ] } },
{ "type": "Feature", "properties": { "decimalLatitude": 37.981661, "decimalLongitude": -122.619681, "eventDate": "2020-08-24T07:13:45Z", "countryCode": "US" }, "geometry": { "type": "Point", "coordinates": [ -122.619681, 37.981661 ] } },
{ "type": "Feature", "properties": { "decimalLatitude": 37.982519, "decimalLongitude": -122.620867, "eventDate": "2020-08-24T07:20:58Z", "countryCode": "US" }, "geometry": { "type": "Point", "coordinates": [ -122.620867, 37.982519 ] } },
{ "type": "Feature", "properties": { "decimalLatitude": 38.352926, "decimalLongitude": -122.521964, "eventDate": "2020-08-03T13:09:28Z", "countryCode": "US" }, "geometry": { "type": "Point", "coordinates": [ -122.521964, 38.352926 ] } },
{ "type": "Feature", "properties": { "decimalLatitude": 38.633221, "decimalLongitude": -121.246004, "eventDate": "2020-08-07T00:00:00Z", "countryCode": "US" }, "geometry": { "type": "Point", "coordinates": [ -121.246004, 38.633221 ] } },
{ "type": "Feature", "properties": { "decimalLatitude": 40.036981, "decimalLongitude": -122.110757, "eventDate": "2020-08-26T16:57:00Z", "countryCode": "US" }, "geometry": { "type": "Point", "coordinates": [ -122.110757, 40.036981 ] } },
{ "type": "Feature", "properties": { "decimalLatitude": 40.036969, "decimalLongitude": -122.110806, "eventDate": "2020-08-04T13:21:00Z", "countryCode": "US" }, "geometry": { "type": "Point", "coordinates": [ -122.110806, 40.036969 ] } },
{ "type": "Feature", "properties": { "decimalLatitude": 38.013417, "decimalLongitude": -122.703244, "eventDate": "2020-09-15T12:30:00Z", "countryCode": "US" }, "geometry": { "type": "Point", "coordinates": [ -122.703244, 38.013417 ] } },
{ "type": "Feature", "properties": { "decimalLatitude": 38.451577, "decimalLongitude": -122.573746, "eventDate": "2020-09-21T08:55:56Z", "countryCode": "US" }, "geometry": { "type": "Point", "coordinates": [ -122.573746, 38.451577 ] } },
{ "type": "Feature", "properties": { "decimalLatitude": 38.821916, "decimalLongitude": -120.947231, "eventDate": "2020-09-14T13:56:41Z", "countryCode": "US" }, "geometry": { "type": "Point", "coordinates": [ -120.947231, 38.821916 ] } },
{ "type": "Feature", "properties": { "decimalLatitude": 38.367078, "decimalLongitude": -122.83123, "eventDate": "2020-09-15T13:55:52Z", "countryCode": "US" }, "geometry": { "type": "Point", "coordinates": [ -122.83123, 38.367078 ] } },
{ "type": "Feature", "properties": { "decimalLatitude": 38.618392, "decimalLongitude": -121.3077, "eventDate": "2020-09-02T08:32:37Z", "countryCode": "US" }, "geometry": { "type": "Point", "coordinates": [ -121.3077, 38.618392 ] } },
{ "type": "Feature", "properties": { "decimalLatitude": 38.450801, "decimalLongitude": -122.631524, "eventDate": "2020-09-15T08:52:09Z", "countryCode": "US" }, "geometry": { "type": "Point", "coordinates": [ -122.631524, 38.450801 ] } },
{ "type": "Feature", "properties": { "decimalLatitude": 38.65145, "decimalLongitude": -121.199968, "eventDate": "2020-09-21T07:50:00Z", "countryCode": "US" }, "geometry": { "type": "Point", "coordinates": [ -121.199968, 38.65145 ] } },
{ "type": "Feature", "properties": { "decimalLatitude": 38.595252, "decimalLongitude": -121.330237, "eventDate": "2020-09-26T07:16:00Z", "countryCode": "US" }, "geometry": { "type": "Point", "coordinates": [ -121.330237, 38.595252 ] } },
{ "type": "Feature", "properties": { "decimalLatitude": 37.898295, "decimalLongitude": -122.304582, "eventDate": "2020-09-21T10:28:32Z", "countryCode": "US" }, "geometry": { "type": "Point", "coordinates": [ -122.304582, 37.898295 ] } },
{ "type": "Feature", "properties": { "decimalLatitude": 39.745204, "decimalLongitude": -121.811499, "eventDate": "2020-10-07T09:49:53Z", "countryCode": "US" }, "geometry": { "type": "Point", "coordinates": [ -121.811499, 39.745204 ] } },
{ "type": "Feature", "properties": { "decimalLatitude": 38.91434, "decimalLongitude": -121.025595, "eventDate": "2020-10-18T12:35:39Z", "countryCode": "US" }, "geometry": { "type": "Point", "coordinates": [ -121.025595, 38.91434 ] } },
{ "type": "Feature", "properties": { "decimalLatitude": 37.714028, "decimalLongitude": -122.48397, "eventDate": "2020-10-17T11:52:25Z", "countryCode": "US" }, "geometry": { "type": "Point", "coordinates": [ -122.48397, 37.714028 ] } },
{ "type": "Feature", "properties": { "decimalLatitude": 37.714345, "decimalLongitude": -122.483125, "eventDate": "2020-10-17T11:39:46Z", "countryCode": "US" }, "geometry": { "type": "Point", "coordinates": [ -122.483125, 37.714345 ] } },
{ "type": "Feature", "properties": { "decimalLatitude": 37.936633, "decimalLongitude": -122.127944, "eventDate": "2020-10-10T09:57:10Z", "countryCode": "US" }, "geometry": { "type": "Point", "coordinates": [ -122.127944, 37.936633 ] } },
{ "type": "Feature", "properties": { "decimalLatitude": 38.524504, "decimalLongitude": -122.76145, "eventDate": "2020-11-15T15:51:54Z", "countryCode": "US" }, "geometry": { "type": "Point", "coordinates": [ -122.76145, 38.524504 ] } },
{ "type": "Feature", "properties": { "decimalLatitude": 38.821707, "decimalLongitude": -120.967802, "eventDate": "2020-11-11T13:18:05Z", "countryCode": "US" }, "geometry": { "type": "Point", "coordinates": [ -120.967802, 38.821707 ] } },
{ "type": "Feature", "properties": { "decimalLatitude": 38.445295, "decimalLongitude": -122.620345, "eventDate": "2020-11-20T09:05:47Z", "countryCode": "US" }, "geometry": { "type": "Point", "coordinates": [ -122.620345, 38.445295 ] } },
{ "type": "Feature", "properties": { "decimalLatitude": 37.941326, "decimalLongitude": -122.203907, "eventDate": "2020-11-07T11:22:40Z", "countryCode": "US" }, "geometry": { "type": "Point", "coordinates": [ -122.203907, 37.941326 ] } },
{ "type": "Feature", "properties": { "decimalLatitude": 39.735694, "decimalLongitude": -121.957169, "eventDate": "2020-11-25T14:14:00Z", "countryCode": "US" }, "geometry": { "type": "Point", "coordinates": [ -121.957169, 39.735694 ] } },
{ "type": "Feature", "properties": { "decimalLatitude": 38.0043, "decimalLongitude": -122.708904, "eventDate": "2020-12-13T14:02:00Z", "countryCode": "US" }, "geometry": { "type": "Point", "coordinates": [ -122.708904, 38.0043 ] } },
{ "type": "Feature", "properties": { "decimalLatitude": 38.516585, "decimalLongitude": -122.85719, "eventDate": "2021-01-02T16:12:11Z", "countryCode": "US" }, "geometry": { "type": "Point", "coordinates": [ -122.85719, 38.516585 ] } },
{ "type": "Feature", "properties": { "decimalLatitude": 38.674001, "decimalLongitude": -121.187487, "eventDate": "2021-01-23T09:25:28Z", "countryCode": "US" }, "geometry": { "type": "Point", "coordinates": [ -121.187487, 38.674001 ] } },
{ "type": "Feature", "properties": { "decimalLatitude": 39.729708, "decimalLongitude": -121.945992, "eventDate": "2021-01-13T14:34:53Z", "countryCode": "US" }, "geometry": { "type": "Point", "coordinates": [ -121.945992, 39.729708 ] } },
{ "type": "Feature", "properties": { "decimalLatitude": 39.724933, "decimalLongitude": -121.952003, "eventDate": "2021-01-21T13:41:01Z", "countryCode": "US" }, "geometry": { "type": "Point", "coordinates": [ -121.952003, 39.724933 ] } },
{ "type": "Feature", "properties": { "decimalLatitude": 37.717704, "decimalLongitude": -122.466174, "eventDate": "2021-01-25T16:26:43Z", "countryCode": "US" }, "geometry": { "type": "Point", "coordinates": [ -122.466174, 37.717704 ] } },
{ "type": "Feature", "properties": { "decimalLatitude": 38.038496, "decimalLongitude": -122.553569, "eventDate": "2021-01-15T13:02:00Z", "countryCode": "US" }, "geometry": { "type": "Point", "coordinates": [ -122.553569, 38.038496 ] } },
{ "type": "Feature", "properties": { "decimalLatitude": 38.684804, "decimalLongitude": -121.16867, "eventDate": "2021-01-17T08:54:16Z", "countryCode": "US" }, "geometry": { "type": "Point", "coordinates": [ -121.16867, 38.684804 ] } },
{ "type": "Feature", "properties": { "decimalLatitude": 38.515, "decimalLongitude": -122.054, "eventDate": "2021-01-28T09:57:00Z", "countryCode": "US" }, "geometry": { "type": "Point", "coordinates": [ -122.054, 38.515 ] } },
{ "type": "Feature", "properties": { "decimalLatitude": 38.068769, "decimalLongitude": -122.765764, "eventDate": "2021-02-05T14:55:14Z", "countryCode": "US" }, "geometry": { "type": "Point", "coordinates": [ -122.765764, 38.068769 ] } },
{ "type": "Feature", "properties": { "decimalLatitude": 38.686995, "decimalLongitude": -121.167004, "eventDate": "2021-02-06T08:56:17Z", "countryCode": "US" }, "geometry": { "type": "Point", "coordinates": [ -121.167004, 38.686995 ] } },
{ "type": "Feature", "properties": { "decimalLatitude": 39.762763, "decimalLongitude": -121.766471, "eventDate": "2021-02-03T11:22:08Z", "countryCode": "US" }, "geometry": { "type": "Point", "coordinates": [ -121.766471, 39.762763 ] } },
{ "type": "Feature", "properties": { "decimalLatitude": 38.598044, "decimalLongitude": -121.355238, "eventDate": "2021-02-03T15:12:00Z", "countryCode": "US" }, "geometry": { "type": "Point", "coordinates": [ -121.355238, 38.598044 ] } },
{ "type": "Feature", "properties": { "decimalLatitude": 37.852725, "decimalLongitude": -122.559813, "eventDate": "2021-02-10T13:42:00Z", "countryCode": "US" }, "geometry": { "type": "Point", "coordinates": [ -122.559813, 37.852725 ] } },
{ "type": "Feature", "properties": { "decimalLatitude": 38.748283, "decimalLongitude": -121.063217, "eventDate": "2021-02-03T17:12:16Z", "countryCode": "US" }, "geometry": { "type": "Point", "coordinates": [ -121.063217, 38.748283 ] } },
{ "type": "Feature", "properties": { "decimalLatitude": 37.977121, "decimalLongitude": -122.20361, "eventDate": "2021-02-06T11:40:53Z", "countryCode": "US" }, "geometry": { "type": "Point", "coordinates": [ -122.20361, 37.977121 ] } },
{ "type": "Feature", "properties": { "decimalLatitude": 38.931072, "decimalLongitude": -120.952545, "eventDate": "2021-02-12T11:41:03Z", "countryCode": "US" }, "geometry": { "type": "Point", "coordinates": [ -120.952545, 38.931072 ] } },
{ "type": "Feature", "properties": { "decimalLatitude": 38.659363, "decimalLongitude": -121.189103, "eventDate": "2021-02-20T12:03:40Z", "countryCode": "US" }, "geometry": { "type": "Point", "coordinates": [ -121.189103, 38.659363 ] } },
{ "type": "Feature", "properties": { "decimalLatitude": 38.831617, "decimalLongitude": -121.091239, "eventDate": "2021-02-22T17:08:34Z", "countryCode": "US" }, "geometry": { "type": "Point", "coordinates": [ -121.091239, 38.831617 ] } },
{ "type": "Feature", "properties": { "decimalLatitude": 38.835833, "decimalLongitude": -121.092697, "eventDate": "2021-02-22T16:53:13Z", "countryCode": "US" }, "geometry": { "type": "Point", "coordinates": [ -121.092697, 38.835833 ] } },
{ "type": "Feature", "properties": { "decimalLatitude": 38.366668, "decimalLongitude": -122.830321, "eventDate": "2021-02-12T10:09:15Z", "countryCode": "US" }, "geometry": { "type": "Point", "coordinates": [ -122.830321, 38.366668 ] } },
{ "type": "Feature", "properties": { "decimalLatitude": 39.76622, "decimalLongitude": -121.781015, "eventDate": "2021-02-13T10:33:16Z", "countryCode": "US" }, "geometry": { "type": "Point", "coordinates": [ -121.781015, 39.76622 ] } },
{ "type": "Feature", "properties": { "decimalLatitude": 38.616969, "decimalLongitude": -121.311991, "eventDate": "2021-02-12T09:18:00Z", "countryCode": "US" }, "geometry": { "type": "Point", "coordinates": [ -121.311991, 38.616969 ] } },
{ "type": "Feature", "properties": { "decimalLatitude": 39.700153, "decimalLongitude": -121.948097, "eventDate": "2021-02-09T16:36:27Z", "countryCode": "US" }, "geometry": { "type": "Point", "coordinates": [ -121.948097, 39.700153 ] } },
{ "type": "Feature", "properties": { "decimalLatitude": 37.810009, "decimalLongitude": -122.364232, "eventDate": "2021-02-16T09:19:45Z", "countryCode": "US" }, "geometry": { "type": "Point", "coordinates": [ -122.364232, 37.810009 ] } },
{ "type": "Feature", "properties": { "decimalLatitude": 38.782025, "decimalLongitude": -121.123872, "eventDate": "2021-02-16T17:17:56Z", "countryCode": "US" }, "geometry": { "type": "Point", "coordinates": [ -121.123872, 38.782025 ] } },
{ "type": "Feature", "properties": { "decimalLatitude": 38.446258, "decimalLongitude": -122.620247, "eventDate": "2021-02-18T10:06:43Z", "countryCode": "US" }, "geometry": { "type": "Point", "coordinates": [ -122.620247, 38.446258 ] } },
{ "type": "Feature", "properties": { "decimalLatitude": 38.565583, "decimalLongitude": -121.382992, "eventDate": "2021-02-16T10:19:00Z", "countryCode": "US" }, "geometry": { "type": "Point", "coordinates": [ -121.382992, 38.565583 ] } },
{ "type": "Feature", "properties": { "decimalLatitude": 37.82267, "decimalLongitude": -122.050121, "eventDate": "2021-02-21T15:12:20Z", "countryCode": "US" }, "geometry": { "type": "Point", "coordinates": [ -122.050121, 37.82267 ] } },
{ "type": "Feature", "properties": { "decimalLatitude": 39.765844, "decimalLongitude": -121.78237, "eventDate": "2021-02-23T10:09:00Z", "countryCode": "US" }, "geometry": { "type": "Point", "coordinates": [ -121.78237, 39.765844 ] } },
{ "type": "Feature", "properties": { "decimalLatitude": 38.928772, "decimalLongitude": -121.566014, "eventDate": "2021-02-21T16:10:06Z", "countryCode": "US" }, "geometry": { "type": "Point", "coordinates": [ -121.566014, 38.928772 ] } },
{ "type": "Feature", "properties": { "decimalLatitude": 38.252338, "decimalLongitude": -122.135794, "eventDate": "2021-02-16T13:55:57Z", "countryCode": "US" }, "geometry": { "type": "Point", "coordinates": [ -122.135794, 38.252338 ] } },
{ "type": "Feature", "properties": { "decimalLatitude": 39.574079, "decimalLongitude": -121.571196, "eventDate": "2021-02-24T13:59:40Z", "countryCode": "US" }, "geometry": { "type": "Point", "coordinates": [ -121.571196, 39.574079 ] } },
{ "type": "Feature", "properties": { "decimalLatitude": 39.330481, "decimalLongitude": -121.03355, "eventDate": "2021-02-06T16:21:00Z", "countryCode": "US" }, "geometry": { "type": "Point", "coordinates": [ -121.03355, 39.330481 ] } },
{ "type": "Feature", "properties": { "decimalLatitude": 38.597517, "decimalLongitude": -121.329891, "eventDate": "2021-02-19T14:24:03Z", "countryCode": "US" }, "geometry": { "type": "Point", "coordinates": [ -121.329891, 38.597517 ] } },
{ "type": "Feature", "properties": { "decimalLatitude": 40.51262, "decimalLongitude": -122.365813, "eventDate": "2021-02-17T12:01:45Z", "countryCode": "US" }, "geometry": { "type": "Point", "coordinates": [ -122.365813, 40.51262 ] } },
{ "type": "Feature", "properties": { "decimalLatitude": 38.8236, "decimalLongitude": -121.087594, "eventDate": "2021-02-22T14:57:16Z", "countryCode": "US" }, "geometry": { "type": "Point", "coordinates": [ -121.087594, 38.8236 ] } },
{ "type": "Feature", "properties": { "decimalLatitude": 39.911721, "decimalLongitude": -122.090829, "eventDate": "2021-02-24T08:24:54Z", "countryCode": "US" }, "geometry": { "type": "Point", "coordinates": [ -122.090829, 39.911721 ] } },
{ "type": "Feature", "properties": { "decimalLatitude": 38.782643, "decimalLongitude": -121.028122, "eventDate": "2021-02-13T08:15:09Z", "countryCode": "US" }, "geometry": { "type": "Point", "coordinates": [ -121.028122, 38.782643 ] } },
{ "type": "Feature", "properties": { "decimalLatitude": 39.791405, "decimalLongitude": -121.733833, "eventDate": "2021-02-16T16:11:45Z", "countryCode": "US" }, "geometry": { "type": "Point", "coordinates": [ -121.733833, 39.791405 ] } },
{ "type": "Feature", "properties": { "decimalLatitude": 38.076789, "decimalLongitude": -122.589938, "eventDate": "2021-02-26T15:37:00Z", "countryCode": "US" }, "geometry": { "type": "Point", "coordinates": [ -122.589938, 38.076789 ] } },
{ "type": "Feature", "properties": { "decimalLatitude": 39.306672, "decimalLongitude": -121.07248, "eventDate": "2021-02-10T14:04:45Z", "countryCode": "US" }, "geometry": { "type": "Point", "coordinates": [ -121.07248, 39.306672 ] } },
{ "type": "Feature", "properties": { "decimalLatitude": 37.978288, "decimalLongitude": -122.614951, "eventDate": "2021-02-27T07:08:02Z", "countryCode": "US" }, "geometry": { "type": "Point", "coordinates": [ -122.614951, 37.978288 ] } },
{ "type": "Feature", "properties": { "decimalLatitude": 39.730484, "decimalLongitude": -121.94625, "eventDate": "2021-02-25T11:38:00Z", "countryCode": "US" }, "geometry": { "type": "Point", "coordinates": [ -121.94625, 39.730484 ] } },
{ "type": "Feature", "properties": { "decimalLatitude": 38.623836, "decimalLongitude": -121.283971, "eventDate": "2021-02-28T00:00:00Z", "countryCode": "US" }, "geometry": { "type": "Point", "coordinates": [ -121.283971, 38.623836 ] } },
{ "type": "Feature", "properties": { "decimalLatitude": 39.77202, "decimalLongitude": -121.775772, "eventDate": "2021-02-22T14:31:29Z", "countryCode": "US" }, "geometry": { "type": "Point", "coordinates": [ -121.775772, 39.77202 ] } },
{ "type": "Feature", "properties": { "decimalLatitude": 38.300317, "decimalLongitude": -122.463045, "eventDate": "2021-02-15T16:15:05Z", "countryCode": "US" }, "geometry": { "type": "Point", "coordinates": [ -122.463045, 38.300317 ] } },
{ "type": "Feature", "properties": { "decimalLatitude": 40.323272, "decimalLongitude": -122.179414, "eventDate": "2021-02-24T12:10:57Z", "countryCode": "US" }, "geometry": { "type": "Point", "coordinates": [ -122.179414, 40.323272 ] } },
{ "type": "Feature", "properties": { "decimalLatitude": 38.37636, "decimalLongitude": -121.987803, "eventDate": "2021-02-28T13:48:11Z", "countryCode": "US" }, "geometry": { "type": "Point", "coordinates": [ -121.987803, 38.37636 ] } },
{ "type": "Feature", "properties": { "decimalLatitude": 37.920264, "decimalLongitude": -122.383875, "eventDate": "2021-02-06T12:10:55Z", "countryCode": "US" }, "geometry": { "type": "Point", "coordinates": [ -122.383875, 37.920264 ] } },
{ "type": "Feature", "properties": { "decimalLatitude": 39.730306, "decimalLongitude": -121.953748, "eventDate": "2021-02-25T12:47:00Z", "countryCode": "US" }, "geometry": { "type": "Point", "coordinates": [ -121.953748, 39.730306 ] } },
{ "type": "Feature", "properties": { "decimalLatitude": 38.656887, "decimalLongitude": -122.864422, "eventDate": "2021-02-12T11:08:32Z", "countryCode": "US" }, "geometry": { "type": "Point", "coordinates": [ -122.864422, 38.656887 ] } },
{ "type": "Feature", "properties": { "decimalLatitude": 38.633611, "decimalLongitude": -121.247242, "eventDate": "2021-02-26T00:00:00Z", "countryCode": "US" }, "geometry": { "type": "Point", "coordinates": [ -121.247242, 38.633611 ] } },
{ "type": "Feature", "properties": { "decimalLatitude": 38.632957, "decimalLongitude": -121.244259, "eventDate": "2021-02-26T00:00:00Z", "countryCode": "US" }, "geometry": { "type": "Point", "coordinates": [ -121.244259, 38.632957 ] } },
{ "type": "Feature", "properties": { "decimalLatitude": 39.768503, "decimalLongitude": -121.771587, "eventDate": "2021-02-28T17:07:20Z", "countryCode": "US" }, "geometry": { "type": "Point", "coordinates": [ -121.771587, 39.768503 ] } },
{ "type": "Feature", "properties": { "decimalLatitude": 38.498895, "decimalLongitude": -122.900833, "eventDate": "2021-02-27T09:11:24Z", "countryCode": "US" }, "geometry": { "type": "Point", "coordinates": [ -122.900833, 38.498895 ] } },
{ "type": "Feature", "properties": { "decimalLatitude": 37.745925, "decimalLongitude": -122.427278, "eventDate": "2021-02-26T09:48:21Z", "countryCode": "US" }, "geometry": { "type": "Point", "coordinates": [ -122.427278, 37.745925 ] } },
{ "type": "Feature", "properties": { "decimalLatitude": 38.517454, "decimalLongitude": -122.058446, "eventDate": "2021-02-28T11:44:00Z", "countryCode": "US" }, "geometry": { "type": "Point", "coordinates": [ -122.058446, 38.517454 ] } },
{ "type": "Feature", "properties": { "decimalLatitude": 38.825005, "decimalLongitude": -122.21014, "eventDate": "2021-02-27T10:40:25Z", "countryCode": "US" }, "geometry": { "type": "Point", "coordinates": [ -122.21014, 38.825005 ] } },
{ "type": "Feature", "properties": { "decimalLatitude": 40.26392, "decimalLongitude": -122.193328, "eventDate": "2021-02-25T17:19:47Z", "countryCode": "US" }, "geometry": { "type": "Point", "coordinates": [ -122.193328, 40.26392 ] } },
{ "type": "Feature", "properties": { "decimalLatitude": 38.029724, "decimalLongitude": -122.736794, "eventDate": "2021-02-16T16:30:00Z", "countryCode": "US" }, "geometry": { "type": "Point", "coordinates": [ -122.736794, 38.029724 ] } },
{ "type": "Feature", "properties": { "decimalLatitude": 39.802395, "decimalLongitude": -122.3489, "eventDate": "2021-02-20T16:03:11Z", "countryCode": "US" }, "geometry": { "type": "Point", "coordinates": [ -122.3489, 39.802395 ] } },
{ "type": "Feature", "properties": { "decimalLatitude": 39.772071, "decimalLongitude": -121.772737, "eventDate": "2021-02-25T21:24:06.148Z", "countryCode": "US" }, "geometry": { "type": "Point", "coordinates": [ -121.772737, 39.772071 ] } },
{ "type": "Feature", "properties": { "decimalLatitude": 38.703164, "decimalLongitude": -121.167075, "eventDate": "2021-02-20T03:31:22.171Z", "countryCode": "US" }, "geometry": { "type": "Point", "coordinates": [ -121.167075, 38.703164 ] } },
{ "type": "Feature", "properties": { "decimalLatitude": 38.703164, "decimalLongitude": -121.167075, "eventDate": "2021-02-20T08:05:17.593Z", "countryCode": "US" }, "geometry": { "type": "Point", "coordinates": [ -121.167075, 38.703164 ] } },
{ "type": "Feature", "properties": { "decimalLatitude": 38.703164, "decimalLongitude": -121.167075, "eventDate": "2021-02-20T06:40:29.334Z", "countryCode": "US" }, "geometry": { "type": "Point", "coordinates": [ -121.167075, 38.703164 ] } },
{ "type": "Feature", "properties": { "decimalLatitude": 38.703164, "decimalLongitude": -121.167075, "eventDate": "2021-02-21T15:30:04.797Z", "countryCode": "US" }, "geometry": { "type": "Point", "coordinates": [ -121.167075, 38.703164 ] } },
{ "type": "Feature", "properties": { "decimalLatitude": 38.595928, "decimalLongitude": -121.324421, "eventDate": "2021-02-10T09:44:00Z", "countryCode": "US" }, "geometry": { "type": "Point", "coordinates": [ -121.324421, 38.595928 ] } },
{ "type": "Feature", "properties": { "decimalLatitude": 38.595252, "decimalLongitude": -121.324699, "eventDate": "2021-02-10T11:19:00Z", "countryCode": "US" }, "geometry": { "type": "Point", "coordinates": [ -121.324699, 38.595252 ] } },
{ "type": "Feature", "properties": { "decimalLatitude": 38.592825, "decimalLongitude": -121.326, "eventDate": "2021-02-10T11:10:00Z", "countryCode": "US" }, "geometry": { "type": "Point", "coordinates": [ -121.326, 38.592825 ] } },
{ "type": "Feature", "properties": { "decimalLatitude": 38.597797, "decimalLongitude": -121.324225, "eventDate": "2021-02-10T11:29:00Z", "countryCode": "US" }, "geometry": { "type": "Point", "coordinates": [ -121.324225, 38.597797 ] } },
{ "type": "Feature", "properties": { "decimalLatitude": 39.583778, "decimalLongitude": -121.54802, "eventDate": "2021-03-03T15:31:36Z", "countryCode": "US" }, "geometry": { "type": "Point", "coordinates": [ -121.54802, 39.583778 ] } },
{ "type": "Feature", "properties": { "decimalLatitude": 39.766317, "decimalLongitude": -121.780953, "eventDate": "2021-03-03T15:01:13Z", "countryCode": "US" }, "geometry": { "type": "Point", "coordinates": [ -121.780953, 39.766317 ] } },
{ "type": "Feature", "properties": { "decimalLatitude": 38.655583, "decimalLongitude": -121.198484, "eventDate": "2021-03-09T07:40:22Z", "countryCode": "US" }, "geometry": { "type": "Point", "coordinates": [ -121.198484, 38.655583 ] } },
{ "type": "Feature", "properties": { "decimalLatitude": 39.699174, "decimalLongitude": -121.777857, "eventDate": "2021-03-07T09:05:00Z", "countryCode": "US" }, "geometry": { "type": "Point", "coordinates": [ -121.777857, 39.699174 ] } },
{ "type": "Feature", "properties": { "decimalLatitude": 38.441079, "decimalLongitude": -122.39827, "eventDate": "2021-03-05T11:07:12Z", "countryCode": "US" }, "geometry": { "type": "Point", "coordinates": [ -122.39827, 38.441079 ] } },
{ "type": "Feature", "properties": { "decimalLatitude": 38.668568, "decimalLongitude": -121.188112, "eventDate": "2021-03-06T13:20:21Z", "countryCode": "US" }, "geometry": { "type": "Point", "coordinates": [ -121.188112, 38.668568 ] } },
{ "type": "Feature", "properties": { "decimalLatitude": 38.028081, "decimalLongitude": -122.737045, "eventDate": "2021-03-06T13:42:10Z", "countryCode": "US" }, "geometry": { "type": "Point", "coordinates": [ -122.737045, 38.028081 ] } },
{ "type": "Feature", "properties": { "decimalLatitude": 38.644663, "decimalLongitude": -121.2144, "eventDate": "2021-03-07T10:43:30Z", "countryCode": "US" }, "geometry": { "type": "Point", "coordinates": [ -121.2144, 38.644663 ] } },
{ "type": "Feature", "properties": { "decimalLatitude": 38.01013, "decimalLongitude": -122.638589, "eventDate": "2021-03-03T18:13:37Z", "countryCode": "US" }, "geometry": { "type": "Point", "coordinates": [ -122.638589, 38.01013 ] } },
{ "type": "Feature", "properties": { "decimalLatitude": 39.227947, "decimalLongitude": -121.833778, "eventDate": "2021-03-06T15:16:46Z", "countryCode": "US" }, "geometry": { "type": "Point", "coordinates": [ -121.833778, 39.227947 ] } },
{ "type": "Feature", "properties": { "decimalLatitude": 38.46357, "decimalLongitude": -123.04863, "eventDate": "2021-03-07T11:35:52Z", "countryCode": "US" }, "geometry": { "type": "Point", "coordinates": [ -123.04863, 38.46357 ] } },
{ "type": "Feature", "properties": { "decimalLatitude": 38.666363, "decimalLongitude": -121.193161, "eventDate": "2021-03-02T00:00:00Z", "countryCode": "US" }, "geometry": { "type": "Point", "coordinates": [ -121.193161, 38.666363 ] } },
{ "type": "Feature", "properties": { "decimalLatitude": 38.628851, "decimalLongitude": -121.277562, "eventDate": "2021-03-01T12:19:05Z", "countryCode": "US" }, "geometry": { "type": "Point", "coordinates": [ -121.277562, 38.628851 ] } },
{ "type": "Feature", "properties": { "decimalLatitude": 38.353801, "decimalLongitude": -122.523426, "eventDate": "2021-03-09T15:12:27Z", "countryCode": "US" }, "geometry": { "type": "Point", "coordinates": [ -122.523426, 38.353801 ] } },
{ "type": "Feature", "properties": { "decimalLatitude": 39.705561, "decimalLongitude": -121.698629, "eventDate": "2021-03-02T10:04:08Z", "countryCode": "US" }, "geometry": { "type": "Point", "coordinates": [ -121.698629, 39.705561 ] } },
{ "type": "Feature", "properties": { "decimalLatitude": 39.737591, "decimalLongitude": -121.826005, "eventDate": "2021-03-01T10:50:20Z", "countryCode": "US" }, "geometry": { "type": "Point", "coordinates": [ -121.826005, 39.737591 ] } },
{ "type": "Feature", "properties": { "decimalLatitude": 40.51597, "decimalLongitude": -122.360305, "eventDate": "2021-03-03T13:43:19Z", "countryCode": "US" }, "geometry": { "type": "Point", "coordinates": [ -122.360305, 40.51597 ] } },
{ "type": "Feature", "properties": { "decimalLatitude": 39.876484, "decimalLongitude": -122.057764, "eventDate": "2021-03-04T12:13:00Z", "countryCode": "US" }, "geometry": { "type": "Point", "coordinates": [ -122.057764, 39.876484 ] } },
{ "type": "Feature", "properties": { "decimalLatitude": 38.149514, "decimalLongitude": -122.126761, "eventDate": "2021-03-06T10:48:04Z", "countryCode": "US" }, "geometry": { "type": "Point", "coordinates": [ -122.126761, 38.149514 ] } },
{ "type": "Feature", "properties": { "decimalLatitude": 38.674544, "decimalLongitude": -121.191845, "eventDate": "2021-03-08T12:18:50Z", "countryCode": "US" }, "geometry": { "type": "Point", "coordinates": [ -121.191845, 38.674544 ] } },
{ "type": "Feature", "properties": { "decimalLatitude": 39.77201, "decimalLongitude": -121.775825, "eventDate": "2021-03-07T12:28:52Z", "countryCode": "US" }, "geometry": { "type": "Point", "coordinates": [ -121.775825, 39.77201 ] } },
{ "type": "Feature", "properties": { "decimalLatitude": 38.498928, "decimalLongitude": -122.900825, "eventDate": "2021-03-07T11:31:17Z", "countryCode": "US" }, "geometry": { "type": "Point", "coordinates": [ -122.900825, 38.498928 ] } },
{ "type": "Feature", "properties": { "decimalLatitude": 40.307404, "decimalLongitude": -122.205339, "eventDate": "2021-03-09T15:18:00Z", "countryCode": "US" }, "geometry": { "type": "Point", "coordinates": [ -122.205339, 40.307404 ] } },
{ "type": "Feature", "properties": { "decimalLatitude": 37.960997, "decimalLongitude": -122.58515, "eventDate": "2021-03-01T12:59:26Z", "countryCode": "US" }, "geometry": { "type": "Point", "coordinates": [ -122.58515, 37.960997 ] } },
{ "type": "Feature", "properties": { "decimalLatitude": 39.690706, "decimalLongitude": -121.767634, "eventDate": "2021-03-02T10:04:30Z", "countryCode": "US" }, "geometry": { "type": "Point", "coordinates": [ -121.767634, 39.690706 ] } },
{ "type": "Feature", "properties": { "decimalLatitude": 38.970219, "decimalLongitude": -121.293485, "eventDate": "2021-03-07T12:06:41Z", "countryCode": "US" }, "geometry": { "type": "Point", "coordinates": [ -121.293485, 38.970219 ] } },
{ "type": "Feature", "properties": { "decimalLatitude": 38.917747, "decimalLongitude": -121.01883, "eventDate": "2021-03-11T16:28:42Z", "countryCode": "US" }, "geometry": { "type": "Point", "coordinates": [ -121.01883, 38.917747 ] } },
{ "type": "Feature", "properties": { "decimalLatitude": 37.67927, "decimalLongitude": -122.453695, "eventDate": "2021-03-12T13:50:40Z", "countryCode": "US" }, "geometry": { "type": "Point", "coordinates": [ -122.453695, 37.67927 ] } },
{ "type": "Feature", "properties": { "decimalLatitude": 38.421286, "decimalLongitude": -122.587795, "eventDate": "2021-03-11T10:59:08Z", "countryCode": "US" }, "geometry": { "type": "Point", "coordinates": [ -122.587795, 38.421286 ] } },
{ "type": "Feature", "properties": { "decimalLatitude": 37.689634, "decimalLongitude": -122.59898, "eventDate": "2021-03-12T14:00:01Z", "countryCode": "US" }, "geometry": { "type": "Point", "coordinates": [ -122.59898, 37.689634 ] } },
{ "type": "Feature", "properties": { "decimalLatitude": 38.860578, "decimalLongitude": -121.062447, "eventDate": "2021-03-14T11:30:29Z", "countryCode": "US" }, "geometry": { "type": "Point", "coordinates": [ -121.062447, 38.860578 ] } },
{ "type": "Feature", "properties": { "decimalLatitude": 38.420279, "decimalLongitude": -122.592317, "eventDate": "2021-03-11T11:09:41Z", "countryCode": "US" }, "geometry": { "type": "Point", "coordinates": [ -122.592317, 38.420279 ] } },
{ "type": "Feature", "properties": { "decimalLatitude": 38.638123, "decimalLongitude": -121.220002, "eventDate": "2021-03-18T09:51:11Z", "countryCode": "US" }, "geometry": { "type": "Point", "coordinates": [ -121.220002, 38.638123 ] } },
{ "type": "Feature", "properties": { "decimalLatitude": 38.505163, "decimalLongitude": -122.097923, "eventDate": "2021-03-13T16:34:00Z", "countryCode": "US" }, "geometry": { "type": "Point", "coordinates": [ -122.097923, 38.505163 ] } },
{ "type": "Feature", "properties": { "decimalLatitude": 39.780293, "decimalLongitude": -121.748042, "eventDate": "2021-03-17T18:47:00Z", "countryCode": "US" }, "geometry": { "type": "Point", "coordinates": [ -121.748042, 39.780293 ] } },
{ "type": "Feature", "properties": { "decimalLatitude": 39.773856, "decimalLongitude": -121.754781, "eventDate": "2021-03-21T16:03:52Z", "countryCode": "US" }, "geometry": { "type": "Point", "coordinates": [ -121.754781, 39.773856 ] } },
{ "type": "Feature", "properties": { "decimalLatitude": 38.613761, "decimalLongitude": -121.307507, "eventDate": "2021-03-24T11:00:25Z", "countryCode": "US" }, "geometry": { "type": "Point", "coordinates": [ -121.307507, 38.613761 ] } },
{ "type": "Feature", "properties": { "decimalLatitude": 38.835339, "decimalLongitude": -121.093683, "eventDate": "2021-03-12T10:02:00Z", "countryCode": "US" }, "geometry": { "type": "Point", "coordinates": [ -121.093683, 38.835339 ] } },
{ "type": "Feature", "properties": { "decimalLatitude": 37.978343, "decimalLongitude": -122.614893, "eventDate": "2021-03-18T16:38:00Z", "countryCode": "US" }, "geometry": { "type": "Point", "coordinates": [ -122.614893, 37.978343 ] } },
{ "type": "Feature", "properties": { "decimalLatitude": 39.004627, "decimalLongitude": -120.937309, "eventDate": "2021-03-20T16:05:00Z", "countryCode": "US" }, "geometry": { "type": "Point", "coordinates": [ -120.937309, 39.004627 ] } },
{ "type": "Feature", "properties": { "decimalLatitude": 38.59792, "decimalLongitude": -121.32962, "eventDate": "2021-03-25T13:18:44Z", "countryCode": "US" }, "geometry": { "type": "Point", "coordinates": [ -121.32962, 38.59792 ] } },
{ "type": "Feature", "properties": { "decimalLatitude": 39.627061, "decimalLongitude": -121.997148, "eventDate": "2021-03-16T14:29:19Z", "countryCode": "US" }, "geometry": { "type": "Point", "coordinates": [ -121.997148, 39.627061 ] } },
{ "type": "Feature", "properties": { "decimalLatitude": 38.932407, "decimalLongitude": -121.027883, "eventDate": "2021-03-21T12:26:00Z", "countryCode": "US" }, "geometry": { "type": "Point", "coordinates": [ -121.027883, 38.932407 ] } },
{ "type": "Feature", "properties": { "decimalLatitude": 38.931585, "decimalLongitude": -121.030507, "eventDate": "2021-03-21T13:21:00Z", "countryCode": "US" }, "geometry": { "type": "Point", "coordinates": [ -121.030507, 38.931585 ] } },
{ "type": "Feature", "properties": { "decimalLatitude": 38.88192, "decimalLongitude": -121.166428, "eventDate": "2021-03-30T12:52:41Z", "countryCode": "US" }, "geometry": { "type": "Point", "coordinates": [ -121.166428, 38.88192 ] } },
{ "type": "Feature", "properties": { "decimalLatitude": 37.694182, "decimalLongitude": -122.452957, "eventDate": "2021-03-28T08:18:41Z", "countryCode": "US" }, "geometry": { "type": "Point", "coordinates": [ -122.452957, 37.694182 ] } },
{ "type": "Feature", "properties": { "decimalLatitude": 39.780293, "decimalLongitude": -121.748042, "eventDate": "2021-03-01T09:24:00Z", "countryCode": "US" }, "geometry": { "type": "Point", "coordinates": [ -121.748042, 39.780293 ] } },
{ "type": "Feature", "properties": { "decimalLatitude": 38.384983, "decimalLongitude": -122.168355, "eventDate": "2021-03-25T11:26:32Z", "countryCode": "US" }, "geometry": { "type": "Point", "coordinates": [ -122.168355, 38.384983 ] } },
{ "type": "Feature", "properties": { "decimalLatitude": 39.603672, "decimalLongitude": -121.559692, "eventDate": "2021-03-14T12:53:00Z", "countryCode": "US" }, "geometry": { "type": "Point", "coordinates": [ -121.559692, 39.603672 ] } },
{ "type": "Feature", "properties": { "decimalLatitude": 37.88793, "decimalLongitude": -122.449924, "eventDate": "2021-03-28T15:17:51Z", "countryCode": "US" }, "geometry": { "type": "Point", "coordinates": [ -122.449924, 37.88793 ] } },
{ "type": "Feature", "properties": { "decimalLatitude": 37.978247, "decimalLongitude": -122.615072, "eventDate": "2021-03-16T10:35:51Z", "countryCode": "US" }, "geometry": { "type": "Point", "coordinates": [ -122.615072, 37.978247 ] } },
{ "type": "Feature", "properties": { "decimalLatitude": 38.503157, "decimalLongitude": -122.915689, "eventDate": "2021-03-28T14:14:18Z", "countryCode": "US" }, "geometry": { "type": "Point", "coordinates": [ -122.915689, 38.503157 ] } },
{ "type": "Feature", "properties": { "decimalLatitude": 39.60367, "decimalLongitude": -121.559412, "eventDate": "2021-03-30T13:41:09Z", "countryCode": "US" }, "geometry": { "type": "Point", "coordinates": [ -121.559412, 39.60367 ] } },
{ "type": "Feature", "properties": { "decimalLatitude": 38.824065, "decimalLongitude": -120.946659, "eventDate": "2021-03-29T15:58:35Z", "countryCode": "US" }, "geometry": { "type": "Point", "coordinates": [ -120.946659, 38.824065 ] } },
{ "type": "Feature", "properties": { "decimalLatitude": 38.016395, "decimalLongitude": -122.682051, "eventDate": "2021-03-18T10:56:00Z", "countryCode": "US" }, "geometry": { "type": "Point", "coordinates": [ -122.682051, 38.016395 ] } },
{ "type": "Feature", "properties": { "decimalLatitude": 37.895405, "decimalLongitude": -122.63703, "eventDate": "2021-03-31T11:38:06Z", "countryCode": "US" }, "geometry": { "type": "Point", "coordinates": [ -122.63703, 37.895405 ] } },
{ "type": "Feature", "properties": { "decimalLatitude": 38.004166, "decimalLongitude": -122.70271, "eventDate": "2021-03-27T15:05:00Z", "countryCode": "US" }, "geometry": { "type": "Point", "coordinates": [ -122.70271, 38.004166 ] } },
{ "type": "Feature", "properties": { "decimalLatitude": 40.630476, "decimalLongitude": -122.324867, "eventDate": "2021-03-13T10:58:52Z", "countryCode": "US" }, "geometry": { "type": "Point", "coordinates": [ -122.324867, 40.630476 ] } },
{ "type": "Feature", "properties": { "decimalLatitude": 39.685537, "decimalLongitude": -121.565247, "eventDate": "2021-03-13T11:58:52Z", "countryCode": "US" }, "geometry": { "type": "Point", "coordinates": [ -121.565247, 39.685537 ] } },
{ "type": "Feature", "properties": { "decimalLatitude": 39.767725, "decimalLongitude": -121.776711, "eventDate": "2021-03-19T09:31:00Z", "countryCode": "US" }, "geometry": { "type": "Point", "coordinates": [ -121.776711, 39.767725 ] } },
{ "type": "Feature", "properties": { "decimalLatitude": 38.82408, "decimalLongitude": -120.946365, "eventDate": "2021-03-29T16:12:31Z", "countryCode": "US" }, "geometry": { "type": "Point", "coordinates": [ -120.946365, 38.82408 ] } },
{ "type": "Feature", "properties": { "decimalLatitude": 39.772026, "decimalLongitude": -121.775782, "eventDate": "2021-03-19T08:57:49Z", "countryCode": "US" }, "geometry": { "type": "Point", "coordinates": [ -121.775782, 39.772026 ] } },
{ "type": "Feature", "properties": { "decimalLatitude": 39.79395, "decimalLongitude": -121.733208, "eventDate": "2021-03-25T14:03:42Z", "countryCode": "US" }, "geometry": { "type": "Point", "coordinates": [ -121.733208, 39.79395 ] } },
{ "type": "Feature", "properties": { "decimalLatitude": 40.798837, "decimalLongitude": -122.31218, "eventDate": "2021-03-26T17:12:25Z", "countryCode": "US" }, "geometry": { "type": "Point", "coordinates": [ -122.31218, 40.798837 ] } },
{ "type": "Feature", "properties": { "decimalLatitude": 39.725212, "decimalLongitude": -121.952842, "eventDate": "2021-03-27T14:27:04Z", "countryCode": "US" }, "geometry": { "type": "Point", "coordinates": [ -121.952842, 39.725212 ] } },
{ "type": "Feature", "properties": { "decimalLatitude": 39.603705, "decimalLongitude": -121.559617, "eventDate": "2021-03-31T09:56:00Z", "countryCode": "US" }, "geometry": { "type": "Point", "coordinates": [ -121.559617, 39.603705 ] } },
{ "type": "Feature", "properties": { "decimalLatitude": 39.59517, "decimalLongitude": -121.551308, "eventDate": "2021-03-31T16:32:29Z", "countryCode": "US" }, "geometry": { "type": "Point", "coordinates": [ -121.551308, 39.59517 ] } },
{ "type": "Feature", "properties": { "decimalLatitude": 38.58573, "decimalLongitude": -121.331017, "eventDate": "2021-03-13T11:39:39Z", "countryCode": "US" }, "geometry": { "type": "Point", "coordinates": [ -121.331017, 38.58573 ] } },
{ "type": "Feature", "properties": { "decimalLatitude": 39.770715, "decimalLongitude": -121.769349, "eventDate": "2021-03-19T09:21:29Z", "countryCode": "US" }, "geometry": { "type": "Point", "coordinates": [ -121.769349, 39.770715 ] } },
{ "type": "Feature", "properties": { "decimalLatitude": 38.822769, "decimalLongitude": -120.948105, "eventDate": "2021-03-14T12:33:21Z", "countryCode": "US" }, "geometry": { "type": "Point", "coordinates": [ -120.948105, 38.822769 ] } },
{ "type": "Feature", "properties": { "decimalLatitude": 39.434225, "decimalLongitude": -121.511207, "eventDate": "2021-03-24T12:37:38Z", "countryCode": "US" }, "geometry": { "type": "Point", "coordinates": [ -121.511207, 39.434225 ] } },
{ "type": "Feature", "properties": { "decimalLatitude": 37.673522, "decimalLongitude": -122.402833, "eventDate": "2021-03-12T13:54:51Z", "countryCode": "US" }, "geometry": { "type": "Point", "coordinates": [ -122.402833, 37.673522 ] } },
{ "type": "Feature", "properties": { "decimalLatitude": 39.772567, "decimalLongitude": -121.786613, "eventDate": "2021-03-15T16:48:51Z", "countryCode": "US" }, "geometry": { "type": "Point", "coordinates": [ -121.786613, 39.772567 ] } },
{ "type": "Feature", "properties": { "decimalLatitude": 39.844087, "decimalLongitude": -121.705947, "eventDate": "2021-03-17T16:21:41Z", "countryCode": "US" }, "geometry": { "type": "Point", "coordinates": [ -121.705947, 39.844087 ] } },
{ "type": "Feature", "properties": { "decimalLatitude": 39.327757, "decimalLongitude": -121.038955, "eventDate": "2021-03-27T16:39:38Z", "countryCode": "US" }, "geometry": { "type": "Point", "coordinates": [ -121.038955, 39.327757 ] } },
{ "type": "Feature", "properties": { "decimalLatitude": 38.918315, "decimalLongitude": -120.997143, "eventDate": "2021-03-13T14:44:27Z", "countryCode": "US" }, "geometry": { "type": "Point", "coordinates": [ -120.997143, 38.918315 ] } },
{ "type": "Feature", "properties": { "decimalLatitude": 40.827517, "decimalLongitude": -122.258157, "eventDate": "2021-03-27T18:22:33Z", "countryCode": "US" }, "geometry": { "type": "Point", "coordinates": [ -122.258157, 40.827517 ] } },
{ "type": "Feature", "properties": { "decimalLatitude": 39.593894, "decimalLongitude": -121.553331, "eventDate": "2021-03-31T12:05:00Z", "countryCode": "US" }, "geometry": { "type": "Point", "coordinates": [ -121.553331, 39.593894 ] } },
{ "type": "Feature", "properties": { "decimalLatitude": 39.787712, "decimalLongitude": -121.725472, "eventDate": "2021-03-11T14:19:19Z", "countryCode": "US" }, "geometry": { "type": "Point", "coordinates": [ -121.725472, 39.787712 ] } },
{ "type": "Feature", "properties": { "decimalLatitude": 39.293728, "decimalLongitude": -121.189303, "eventDate": "2021-03-19T14:19:07Z", "countryCode": "US" }, "geometry": { "type": "Point", "coordinates": [ -121.189303, 39.293728 ] } },
{ "type": "Feature", "properties": { "decimalLatitude": 40.155741, "decimalLongitude": -122.195708, "eventDate": "2021-03-21T18:54:27Z", "countryCode": "US" }, "geometry": { "type": "Point", "coordinates": [ -122.195708, 40.155741 ] } },
{ "type": "Feature", "properties": { "decimalLatitude": 39.759281, "decimalLongitude": -121.796536, "eventDate": "2021-03-01T10:50:32Z", "countryCode": "US" }, "geometry": { "type": "Point", "coordinates": [ -121.796536, 39.759281 ] } },
{ "type": "Feature", "properties": { "decimalLatitude": 39.79058, "decimalLongitude": -121.647163, "eventDate": "2021-03-31T16:12:15Z", "countryCode": "US" }, "geometry": { "type": "Point", "coordinates": [ -121.647163, 39.79058 ] } },
{ "type": "Feature", "properties": { "decimalLatitude": 40.152914, "decimalLongitude": -122.336715, "eventDate": "2021-03-27T13:39:07Z", "countryCode": "US" }, "geometry": { "type": "Point", "coordinates": [ -122.336715, 40.152914 ] } },
{ "type": "Feature", "properties": { "decimalLatitude": 38.643975, "decimalLongitude": -121.201722, "eventDate": "2021-03-30T14:25:13Z", "countryCode": "US" }, "geometry": { "type": "Point", "coordinates": [ -121.201722, 38.643975 ] } },
{ "type": "Feature", "properties": { "decimalLatitude": 38.782178, "decimalLongitude": -121.1232, "eventDate": "2021-03-25T18:06:03Z", "countryCode": "US" }, "geometry": { "type": "Point", "coordinates": [ -121.1232, 38.782178 ] } },
{ "type": "Feature", "properties": { "decimalLatitude": 38.76992, "decimalLongitude": -121.131997, "eventDate": "2021-03-25T18:48:56Z", "countryCode": "US" }, "geometry": { "type": "Point", "coordinates": [ -121.131997, 38.76992 ] } },
{ "type": "Feature", "properties": { "decimalLatitude": 39.293805, "decimalLongitude": -121.1894, "eventDate": "2021-03-23T13:07:05Z", "countryCode": "US" }, "geometry": { "type": "Point", "coordinates": [ -121.1894, 39.293805 ] } },
{ "type": "Feature", "properties": { "decimalLatitude": 39.602247, "decimalLongitude": -121.551059, "eventDate": "2021-03-13T13:13:00Z", "countryCode": "US" }, "geometry": { "type": "Point", "coordinates": [ -121.551059, 39.602247 ] } },
{ "type": "Feature", "properties": { "decimalLatitude": 38.273886, "decimalLongitude": -120.909535, "eventDate": "2021-03-12T14:18:00Z", "countryCode": "US" }, "geometry": { "type": "Point", "coordinates": [ -120.909535, 38.273886 ] } },
{ "type": "Feature", "properties": { "decimalLatitude": 39.595265, "decimalLongitude": -121.551285, "eventDate": "2021-03-30T10:00:17Z", "countryCode": "US" }, "geometry": { "type": "Point", "coordinates": [ -121.551285, 39.595265 ] } },
{ "type": "Feature", "properties": { "decimalLatitude": 40.47185, "decimalLongitude": -122.266403, "eventDate": "2021-03-25T17:14:06Z", "countryCode": "US" }, "geometry": { "type": "Point", "coordinates": [ -122.266403, 40.47185 ] } },
{ "type": "Feature", "properties": { "decimalLatitude": 39.77109, "decimalLongitude": -121.777469, "eventDate": "2021-03-19T08:34:01Z", "countryCode": "US" }, "geometry": { "type": "Point", "coordinates": [ -121.777469, 39.77109 ] } },
{ "type": "Feature", "properties": { "decimalLatitude": 40.704369, "decimalLongitude": -122.273903, "eventDate": "2021-03-10T22:15:03.284Z", "countryCode": "US" }, "geometry": { "type": "Point", "coordinates": [ -122.273903, 40.704369 ] } },
{ "type": "Feature", "properties": { "decimalLatitude": 38.822135, "decimalLongitude": -120.948044, "eventDate": "2021-03-27T20:52:01.950Z", "countryCode": "US" }, "geometry": { "type": "Point", "coordinates": [ -120.948044, 38.822135 ] } },
{ "type": "Feature", "properties": { "decimalLatitude": 38.799453, "decimalLongitude": -120.984258, "eventDate": "2021-03-20T21:20:44.537Z", "countryCode": "US" }, "geometry": { "type": "Point", "coordinates": [ -120.984258, 38.799453 ] } },
{ "type": "Feature", "properties": { "decimalLatitude": 40.550832, "decimalLongitude": -122.408527, "eventDate": "2021-03-13T22:22:09.946Z", "countryCode": "US" }, "geometry": { "type": "Point", "coordinates": [ -122.408527, 40.550832 ] } },
{ "type": "Feature", "properties": { "decimalLatitude": 40.704369, "decimalLongitude": -122.273903, "eventDate": "2021-03-10T22:23:21.357Z", "countryCode": "US" }, "geometry": { "type": "Point", "coordinates": [ -122.273903, 40.704369 ] } },
{ "type": "Feature", "properties": { "decimalLatitude": 40.704369, "decimalLongitude": -122.273903, "eventDate": "2021-03-16T00:44:32.795Z", "countryCode": "US" }, "geometry": { "type": "Point", "coordinates": [ -122.273903, 40.704369 ] } },
{ "type": "Feature", "properties": { "decimalLatitude": 37.917284, "decimalLongitude": -122.193729, "eventDate": "2021-03-17T17:12:56.630Z", "countryCode": "US" }, "geometry": { "type": "Point", "coordinates": [ -122.193729, 37.917284 ] } },
{ "type": "Feature", "properties": { "decimalLatitude": 37.880262, "decimalLongitude": -122.106933, "eventDate": "2021-03-30T10:09:15Z", "countryCode": "US" }, "geometry": { "type": "Point", "coordinates": [ -122.106933, 37.880262 ] } },
{ "type": "Feature", "properties": { "decimalLatitude": 37.823581, "decimalLongitude": -122.030433, "eventDate": "2021-03-07T13:50:00Z", "countryCode": "US" }, "geometry": { "type": "Point", "coordinates": [ -122.030433, 37.823581 ] } },
{ "type": "Feature", "properties": { "decimalLatitude": 39.595238, "decimalLongitude": -121.551255, "eventDate": "2021-03-24T16:34:09Z", "countryCode": "US" }, "geometry": { "type": "Point", "coordinates": [ -121.551255, 39.595238 ] } },
{ "type": "Feature", "properties": { "decimalLatitude": 38.441432, "decimalLongitude": -122.527207, "eventDate": "2021-03-27T16:23:00Z", "countryCode": "US" }, "geometry": { "type": "Point", "coordinates": [ -122.527207, 38.441432 ] } },
{ "type": "Feature", "properties": { "decimalLatitude": 38.626714, "decimalLongitude": -121.299041, "eventDate": "2021-03-14T10:50:00Z", "countryCode": "US" }, "geometry": { "type": "Point", "coordinates": [ -121.299041, 38.626714 ] } },
{ "type": "Feature", "properties": { "decimalLatitude": 39.601555, "decimalLongitude": -121.545345, "eventDate": "2021-03-30T10:41:00Z", "countryCode": "US" }, "geometry": { "type": "Point", "coordinates": [ -121.545345, 39.601555 ] } },
{ "type": "Feature", "properties": { "decimalLatitude": 38.629455, "decimalLongitude": -121.289285, "eventDate": "2021-03-14T09:36:00Z", "countryCode": "US" }, "geometry": { "type": "Point", "coordinates": [ -121.289285, 38.629455 ] } },
{ "type": "Feature", "properties": { "decimalLatitude": 37.823692, "decimalLongitude": -122.030456, "eventDate": "2021-03-07T13:50:00Z", "countryCode": "US" }, "geometry": { "type": "Point", "coordinates": [ -122.030456, 37.823692 ] } },
{ "type": "Feature", "properties": { "decimalLatitude": 39.598004, "decimalLongitude": -121.555653, "eventDate": "2021-03-30T10:39:00Z", "countryCode": "US" }, "geometry": { "type": "Point", "coordinates": [ -121.555653, 39.598004 ] } },
{ "type": "Feature", "properties": { "decimalLatitude": 40.299728, "decimalLongitude": -122.171181, "eventDate": "2021-03-27T13:10:00Z", "countryCode": "US" }, "geometry": { "type": "Point", "coordinates": [ -122.171181, 40.299728 ] } },
{ "type": "Feature", "properties": { "decimalLatitude": 40.298631, "decimalLongitude": -122.173181, "eventDate": "2021-03-27T13:30:00Z", "countryCode": "US" }, "geometry": { "type": "Point", "coordinates": [ -122.173181, 40.298631 ] } },
{ "type": "Feature", "properties": { "decimalLatitude": 40.657653, "decimalLongitude": -122.455147, "eventDate": "2021-03-28T17:49:00Z", "countryCode": "US" }, "geometry": { "type": "Point", "coordinates": [ -122.455147, 40.657653 ] } },
{ "type": "Feature", "properties": { "decimalLatitude": 38.569989, "decimalLongitude": -122.929017, "eventDate": "2021-04-03T14:48:46Z", "countryCode": "US" }, "geometry": { "type": "Point", "coordinates": [ -122.929017, 38.569989 ] } },
{ "type": "Feature", "properties": { "decimalLatitude": 40.515912, "decimalLongitude": -122.360855, "eventDate": "2021-04-02T15:23:51Z", "countryCode": "US" }, "geometry": { "type": "Point", "coordinates": [ -122.360855, 40.515912 ] } },
{ "type": "Feature", "properties": { "decimalLatitude": 38.297538, "decimalLongitude": -122.286865, "eventDate": "2021-04-06T18:28:00Z", "countryCode": "US" }, "geometry": { "type": "Point", "coordinates": [ -122.286865, 38.297538 ] } },
{ "type": "Feature", "properties": { "decimalLatitude": 38.824053, "decimalLongitude": -120.946408, "eventDate": "2021-04-07T13:27:36Z", "countryCode": "US" }, "geometry": { "type": "Point", "coordinates": [ -120.946408, 38.824053 ] } },
{ "type": "Feature", "properties": { "decimalLatitude": 39.29176, "decimalLongitude": -121.104909, "eventDate": "2021-04-04T16:17:00Z", "countryCode": "US" }, "geometry": { "type": "Point", "coordinates": [ -121.104909, 39.29176 ] } },
{ "type": "Feature", "properties": { "decimalLatitude": 40.919181, "decimalLongitude": -122.238407, "eventDate": "2021-04-04T14:05:45Z", "countryCode": "US" }, "geometry": { "type": "Point", "coordinates": [ -122.238407, 40.919181 ] } },
{ "type": "Feature", "properties": { "decimalLatitude": 39.773367, "decimalLongitude": -121.755556, "eventDate": "2021-04-03T17:41:00Z", "countryCode": "US" }, "geometry": { "type": "Point", "coordinates": [ -121.755556, 39.773367 ] } },
{ "type": "Feature", "properties": { "decimalLatitude": 40.590728, "decimalLongitude": -122.38938, "eventDate": "2021-04-03T13:16:44Z", "countryCode": "US" }, "geometry": { "type": "Point", "coordinates": [ -122.38938, 40.590728 ] } },
{ "type": "Feature", "properties": { "decimalLatitude": 38.212988, "decimalLongitude": -122.124528, "eventDate": "2021-04-04T10:23:01Z", "countryCode": "US" }, "geometry": { "type": "Point", "coordinates": [ -122.124528, 38.212988 ] } },
{ "type": "Feature", "properties": { "decimalLatitude": 38.453908, "decimalLongitude": -123.000947, "eventDate": "2021-04-06T14:44:05Z", "countryCode": "US" }, "geometry": { "type": "Point", "coordinates": [ -123.000947, 38.453908 ] } },
{ "type": "Feature", "properties": { "decimalLatitude": 39.606, "decimalLongitude": -121.450858, "eventDate": "2021-04-01T10:51:00Z", "countryCode": "US" }, "geometry": { "type": "Point", "coordinates": [ -121.450858, 39.606 ] } },
{ "type": "Feature", "properties": { "decimalLatitude": 38.470246, "decimalLongitude": -122.858389, "eventDate": "2021-04-03T13:23:00Z", "countryCode": "US" }, "geometry": { "type": "Point", "coordinates": [ -122.858389, 38.470246 ] } },
{ "type": "Feature", "properties": { "decimalLatitude": 38.453951, "decimalLongitude": -123.000913, "eventDate": "2021-04-08T13:04:00Z", "countryCode": "US" }, "geometry": { "type": "Point", "coordinates": [ -123.000913, 38.453951 ] } },
{ "type": "Feature", "properties": { "decimalLatitude": 38.487928, "decimalLongitude": -122.571527, "eventDate": "2021-04-08T00:00:00Z", "countryCode": "US" }, "geometry": { "type": "Point", "coordinates": [ -122.571527, 38.487928 ] } },
{ "type": "Feature", "properties": { "decimalLatitude": 40.5932, "decimalLongitude": -122.376647, "eventDate": "2021-04-08T19:46:45Z", "countryCode": "US" }, "geometry": { "type": "Point", "coordinates": [ -122.376647, 40.5932 ] } },
{ "type": "Feature", "properties": { "decimalLatitude": 38.498917, "decimalLongitude": -122.90078, "eventDate": "2021-04-14T13:53:07Z", "countryCode": "US" }, "geometry": { "type": "Point", "coordinates": [ -122.90078, 38.498917 ] } },
{ "type": "Feature", "properties": { "decimalLatitude": 38.489995, "decimalLongitude": -122.8742, "eventDate": "2021-04-11T11:43:33Z", "countryCode": "US" }, "geometry": { "type": "Point", "coordinates": [ -122.8742, 38.489995 ] } },
{ "type": "Feature", "properties": { "decimalLatitude": 38.443797, "decimalLongitude": -122.513243, "eventDate": "2021-04-08T09:32:00Z", "countryCode": "US" }, "geometry": { "type": "Point", "coordinates": [ -122.513243, 38.443797 ] } },
{ "type": "Feature", "properties": { "decimalLatitude": 38.821878, "decimalLongitude": -120.965845, "eventDate": "2021-04-18T13:51:38Z", "countryCode": "US" }, "geometry": { "type": "Point", "coordinates": [ -120.965845, 38.821878 ] } },
{ "type": "Feature", "properties": { "decimalLatitude": 38.540492, "decimalLongitude": -121.500683, "eventDate": "2021-04-15T06:39:00Z", "countryCode": "US" }, "geometry": { "type": "Point", "coordinates": [ -121.500683, 38.540492 ] } },
{ "type": "Feature", "properties": { "decimalLatitude": 38.44162, "decimalLongitude": -122.621497, "eventDate": "2021-04-16T13:31:15Z", "countryCode": "US" }, "geometry": { "type": "Point", "coordinates": [ -122.621497, 38.44162 ] } },
{ "type": "Feature", "properties": { "decimalLatitude": 38.413712, "decimalLongitude": -122.9572, "eventDate": "2021-04-18T17:07:11Z", "countryCode": "US" }, "geometry": { "type": "Point", "coordinates": [ -122.9572, 38.413712 ] } },
{ "type": "Feature", "properties": { "decimalLatitude": 40.781124, "decimalLongitude": -122.345134, "eventDate": "2021-04-20T12:06:17Z", "countryCode": "US" }, "geometry": { "type": "Point", "coordinates": [ -122.345134, 40.781124 ] } },
{ "type": "Feature", "properties": { "decimalLatitude": 38.819238, "decimalLongitude": -120.951146, "eventDate": "2021-04-20T08:27:14Z", "countryCode": "US" }, "geometry": { "type": "Point", "coordinates": [ -120.951146, 38.819238 ] } },
{ "type": "Feature", "properties": { "decimalLatitude": 39.297878, "decimalLongitude": -121.089203, "eventDate": "2021-04-12T13:43:00Z", "countryCode": "US" }, "geometry": { "type": "Point", "coordinates": [ -121.089203, 39.297878 ] } },
{ "type": "Feature", "properties": { "decimalLatitude": 38.96023, "decimalLongitude": -120.944938, "eventDate": "2021-04-06T10:38:03Z", "countryCode": "US" }, "geometry": { "type": "Point", "coordinates": [ -120.944938, 38.96023 ] } },
{ "type": "Feature", "properties": { "decimalLatitude": 39.740047, "decimalLongitude": -121.984505, "eventDate": "2021-04-05T18:06:29Z", "countryCode": "US" }, "geometry": { "type": "Point", "coordinates": [ -121.984505, 39.740047 ] } },
{ "type": "Feature", "properties": { "decimalLatitude": 38.650101, "decimalLongitude": -121.202556, "eventDate": "2021-04-20T08:27:00Z", "countryCode": "US" }, "geometry": { "type": "Point", "coordinates": [ -121.202556, 38.650101 ] } },
{ "type": "Feature", "properties": { "decimalLatitude": 39.766113, "decimalLongitude": -121.78221, "eventDate": "2021-04-20T18:11:39Z", "countryCode": "US" }, "geometry": { "type": "Point", "coordinates": [ -121.78221, 39.766113 ] } },
{ "type": "Feature", "properties": { "decimalLatitude": 38.796038, "decimalLongitude": -121.108047, "eventDate": "2021-04-24T13:12:38Z", "countryCode": "US" }, "geometry": { "type": "Point", "coordinates": [ -121.108047, 38.796038 ] } },
{ "type": "Feature", "properties": { "decimalLatitude": 38.595252, "decimalLongitude": -121.330237, "eventDate": "2021-04-22T08:54:00Z", "countryCode": "US" }, "geometry": { "type": "Point", "coordinates": [ -121.330237, 38.595252 ] } },
{ "type": "Feature", "properties": { "decimalLatitude": 38.644544, "decimalLongitude": -121.205755, "eventDate": "2021-04-15T13:24:00Z", "countryCode": "US" }, "geometry": { "type": "Point", "coordinates": [ -121.205755, 38.644544 ] } },
{ "type": "Feature", "properties": { "decimalLatitude": 39.784024, "decimalLongitude": -121.744243, "eventDate": "2021-04-08T14:57:33Z", "countryCode": "US" }, "geometry": { "type": "Point", "coordinates": [ -121.744243, 39.784024 ] } },
{ "type": "Feature", "properties": { "decimalLatitude": 37.980869, "decimalLongitude": -122.551365, "eventDate": "2021-04-17T16:53:07Z", "countryCode": "US" }, "geometry": { "type": "Point", "coordinates": [ -122.551365, 37.980869 ] } },
{ "type": "Feature", "properties": { "decimalLatitude": 37.809254, "decimalLongitude": -122.364283, "eventDate": "2021-04-28T16:01:10Z", "countryCode": "US" }, "geometry": { "type": "Point", "coordinates": [ -122.364283, 37.809254 ] } },
{ "type": "Feature", "properties": { "decimalLatitude": 38.819244, "decimalLongitude": -120.951208, "eventDate": "2021-04-26T09:42:51Z", "countryCode": "US" }, "geometry": { "type": "Point", "coordinates": [ -120.951208, 38.819244 ] } },
{ "type": "Feature", "properties": { "decimalLatitude": 38.819448, "decimalLongitude": -120.95119, "eventDate": "2021-04-10T13:48:54Z", "countryCode": "US" }, "geometry": { "type": "Point", "coordinates": [ -120.95119, 38.819448 ] } },
{ "type": "Feature", "properties": { "decimalLatitude": 38.539487, "decimalLongitude": -122.916253, "eventDate": "2021-04-24T16:31:19Z", "countryCode": "US" }, "geometry": { "type": "Point", "coordinates": [ -122.916253, 38.539487 ] } },
{ "type": "Feature", "properties": { "decimalLatitude": 38.677873, "decimalLongitude": -121.191601, "eventDate": "2021-04-30T11:19:27Z", "countryCode": "US" }, "geometry": { "type": "Point", "coordinates": [ -121.191601, 38.677873 ] } },
{ "type": "Feature", "properties": { "decimalLatitude": 39.295703, "decimalLongitude": -121.0915, "eventDate": "2021-04-11T15:58:55Z", "countryCode": "US" }, "geometry": { "type": "Point", "coordinates": [ -121.0915, 39.295703 ] } },
{ "type": "Feature", "properties": { "decimalLatitude": 37.836294, "decimalLongitude": -122.54541, "eventDate": "2021-04-29T19:44:13Z", "countryCode": "US" }, "geometry": { "type": "Point", "coordinates": [ -122.54541, 37.836294 ] } },
{ "type": "Feature", "properties": { "decimalLatitude": 38.361807, "decimalLongitude": -122.551829, "eventDate": "2021-04-21T06:57:22Z", "countryCode": "US" }, "geometry": { "type": "Point", "coordinates": [ -122.551829, 38.361807 ] } },
{ "type": "Feature", "properties": { "decimalLatitude": 38.538557, "decimalLongitude": -122.9875, "eventDate": "2021-04-26T14:19:57Z", "countryCode": "US" }, "geometry": { "type": "Point", "coordinates": [ -122.9875, 38.538557 ] } },
{ "type": "Feature", "properties": { "decimalLatitude": 39.914038, "decimalLongitude": -122.084494, "eventDate": "2021-04-08T07:30:25Z", "countryCode": "US" }, "geometry": { "type": "Point", "coordinates": [ -122.084494, 39.914038 ] } },
{ "type": "Feature", "properties": { "decimalLatitude": 38.53983, "decimalLongitude": -121.739913, "eventDate": "2021-04-23T11:22:17Z", "countryCode": "US" }, "geometry": { "type": "Point", "coordinates": [ -121.739913, 38.53983 ] } },
{ "type": "Feature", "properties": { "decimalLatitude": 37.97365, "decimalLongitude": -122.596378, "eventDate": "2021-04-18T15:04:35Z", "countryCode": "US" }, "geometry": { "type": "Point", "coordinates": [ -122.596378, 37.97365 ] } },
{ "type": "Feature", "properties": { "decimalLatitude": 40.164917, "decimalLongitude": -121.838814, "eventDate": "2021-04-02T13:42:00Z", "countryCode": "US" }, "geometry": { "type": "Point", "coordinates": [ -121.838814, 40.164917 ] } },
{ "type": "Feature", "properties": { "decimalLatitude": 38.525808, "decimalLongitude": -122.763226, "eventDate": "2021-04-08T06:49:00Z", "countryCode": "US" }, "geometry": { "type": "Point", "coordinates": [ -122.763226, 38.525808 ] } },
{ "type": "Feature", "properties": { "decimalLatitude": 37.811145, "decimalLongitude": -122.371189, "eventDate": "2021-04-28T13:06:26Z", "countryCode": "US" }, "geometry": { "type": "Point", "coordinates": [ -122.371189, 37.811145 ] } },
{ "type": "Feature", "properties": { "decimalLatitude": 38.505042, "decimalLongitude": -122.098044, "eventDate": "2021-04-06T11:23:22Z", "countryCode": "US" }, "geometry": { "type": "Point", "coordinates": [ -122.098044, 38.505042 ] } },
{ "type": "Feature", "properties": { "decimalLatitude": 38.508991, "decimalLongitude": -122.046087, "eventDate": "2021-04-17T18:46:05Z", "countryCode": "US" }, "geometry": { "type": "Point", "coordinates": [ -122.046087, 38.508991 ] } },
{ "type": "Feature", "properties": { "decimalLatitude": 38.368511, "decimalLongitude": -122.49938, "eventDate": "2021-04-23T11:46:00Z", "countryCode": "US" }, "geometry": { "type": "Point", "coordinates": [ -122.49938, 38.368511 ] } },
{ "type": "Feature", "properties": { "decimalLatitude": 37.774997, "decimalLongitude": -122.471913, "eventDate": "2021-04-23T10:36:40Z", "countryCode": "US" }, "geometry": { "type": "Point", "coordinates": [ -122.471913, 37.774997 ] } },
{ "type": "Feature", "properties": { "decimalLatitude": 38.441375, "decimalLongitude": -122.525971, "eventDate": "2021-04-30T09:22:00Z", "countryCode": "US" }, "geometry": { "type": "Point", "coordinates": [ -122.525971, 38.441375 ] } },
{ "type": "Feature", "properties": { "decimalLatitude": 38.44095, "decimalLongitude": -122.525028, "eventDate": "2021-04-30T09:17:00Z", "countryCode": "US" }, "geometry": { "type": "Point", "coordinates": [ -122.525028, 38.44095 ] } },
{ "type": "Feature", "properties": { "decimalLatitude": 38.322206, "decimalLongitude": -121.995795, "eventDate": "2021-04-07T10:45:31Z", "countryCode": "US" }, "geometry": { "type": "Point", "coordinates": [ -121.995795, 38.322206 ] } },
{ "type": "Feature", "properties": { "decimalLatitude": 38.377734, "decimalLongitude": -121.986418, "eventDate": "2021-04-09T08:37:34Z", "countryCode": "US" }, "geometry": { "type": "Point", "coordinates": [ -121.986418, 38.377734 ] } },
{ "type": "Feature", "properties": { "decimalLatitude": 38.882678, "decimalLongitude": -121.167267, "eventDate": "2021-04-07T16:25:03Z", "countryCode": "US" }, "geometry": { "type": "Point", "coordinates": [ -121.167267, 38.882678 ] } },
{ "type": "Feature", "properties": { "decimalLatitude": 38.958912, "decimalLongitude": -121.164173, "eventDate": "2021-04-23T10:26:31Z", "countryCode": "US" }, "geometry": { "type": "Point", "coordinates": [ -121.164173, 38.958912 ] } },
{ "type": "Feature", "properties": { "decimalLatitude": 38.731803, "decimalLongitude": -121.069226, "eventDate": "2021-04-30T12:08:33Z", "countryCode": "US" }, "geometry": { "type": "Point", "coordinates": [ -121.069226, 38.731803 ] } },
{ "type": "Feature", "properties": { "decimalLatitude": 38.406816, "decimalLongitude": -122.051466, "eventDate": "2021-04-06T07:44:00Z", "countryCode": "US" }, "geometry": { "type": "Point", "coordinates": [ -122.051466, 38.406816 ] } },
{ "type": "Feature", "properties": { "decimalLatitude": 38.833548, "decimalLongitude": -121.175255, "eventDate": "2021-04-07T13:08:02Z", "countryCode": "US" }, "geometry": { "type": "Point", "coordinates": [ -121.175255, 38.833548 ] } },
{ "type": "Feature", "properties": { "decimalLatitude": 38.698833, "decimalLongitude": -121.170083, "eventDate": "2021-04-20T06:24:27.308Z", "countryCode": "US" }, "geometry": { "type": "Point", "coordinates": [ -121.170083, 38.698833 ] } },
{ "type": "Feature", "properties": { "decimalLatitude": 39.451283, "decimalLongitude": -121.640044, "eventDate": "2021-04-03T15:15:00Z", "countryCode": "US" }, "geometry": { "type": "Point", "coordinates": [ -121.640044, 39.451283 ] } },
{ "type": "Feature", "properties": { "decimalLatitude": 38.635848, "decimalLongitude": -121.250965, "eventDate": "2021-04-14T00:00:00Z", "countryCode": "US" }, "geometry": { "type": "Point", "coordinates": [ -121.250965, 38.635848 ] } },
{ "type": "Feature", "properties": { "decimalLatitude": 39.292115, "decimalLongitude": -121.189752, "eventDate": "2021-04-30T07:53:00Z", "countryCode": "US" }, "geometry": { "type": "Point", "coordinates": [ -121.189752, 39.292115 ] } },
{ "type": "Feature", "properties": { "decimalLatitude": 39.747543, "decimalLongitude": -121.808974, "eventDate": "2021-04-06T17:59:08Z", "countryCode": "US" }, "geometry": { "type": "Point", "coordinates": [ -121.808974, 39.747543 ] } },
{ "type": "Feature", "properties": { "decimalLatitude": 38.824064, "decimalLongitude": -120.946432, "eventDate": "2021-04-07T13:07:37Z", "countryCode": "US" }, "geometry": { "type": "Point", "coordinates": [ -120.946432, 38.824064 ] } },
{ "type": "Feature", "properties": { "decimalLatitude": 38.679183, "decimalLongitude": -121.179597, "eventDate": "2021-04-21T13:09:04Z", "countryCode": "US" }, "geometry": { "type": "Point", "coordinates": [ -121.179597, 38.679183 ] } },
{ "type": "Feature", "properties": { "decimalLatitude": 38.82405, "decimalLongitude": -120.94641, "eventDate": "2021-04-07T13:18:58Z", "countryCode": "US" }, "geometry": { "type": "Point", "coordinates": [ -120.94641, 38.82405 ] } },
{ "type": "Feature", "properties": { "decimalLatitude": 38.874464, "decimalLongitude": -122.329561, "eventDate": "2021-04-24T11:44:00Z", "countryCode": "US" }, "geometry": { "type": "Point", "coordinates": [ -122.329561, 38.874464 ] } },
{ "type": "Feature", "properties": { "decimalLatitude": 38.617265, "decimalLongitude": -121.310766, "eventDate": "2021-05-01T15:13:26Z", "countryCode": "US" }, "geometry": { "type": "Point", "coordinates": [ -121.310766, 38.617265 ] } },
{ "type": "Feature", "properties": { "decimalLatitude": 38.600456, "decimalLongitude": -121.327258, "eventDate": "2021-05-03T07:02:44Z", "countryCode": "US" }, "geometry": { "type": "Point", "coordinates": [ -121.327258, 38.600456 ] } },
{ "type": "Feature", "properties": { "decimalLatitude": 38.591448, "decimalLongitude": -121.32342, "eventDate": "2021-05-03T08:24:05Z", "countryCode": "US" }, "geometry": { "type": "Point", "coordinates": [ -121.32342, 38.591448 ] } },
{ "type": "Feature", "properties": { "decimalLatitude": 37.760884, "decimalLongitude": -122.456773, "eventDate": "2021-05-02T11:50:09Z", "countryCode": "US" }, "geometry": { "type": "Point", "coordinates": [ -122.456773, 37.760884 ] } },
{ "type": "Feature", "properties": { "decimalLatitude": 38.442974, "decimalLongitude": -122.533179, "eventDate": "2021-05-03T21:05:00Z", "countryCode": "US" }, "geometry": { "type": "Point", "coordinates": [ -122.533179, 38.442974 ] } },
{ "type": "Feature", "properties": { "decimalLatitude": 37.95607, "decimalLongitude": -122.573975, "eventDate": "2021-05-03T10:17:17Z", "countryCode": "US" }, "geometry": { "type": "Point", "coordinates": [ -122.573975, 37.95607 ] } },
{ "type": "Feature", "properties": { "decimalLatitude": 38.600646, "decimalLongitude": -121.327916, "eventDate": "2021-05-03T07:23:52Z", "countryCode": "US" }, "geometry": { "type": "Point", "coordinates": [ -121.327916, 38.600646 ] } },
{ "type": "Feature", "properties": { "decimalLatitude": 38.888655, "decimalLongitude": -121.066055, "eventDate": "2021-05-03T18:25:58Z", "countryCode": "US" }, "geometry": { "type": "Point", "coordinates": [ -121.066055, 38.888655 ] } },
{ "type": "Feature", "properties": { "decimalLatitude": 38.65237, "decimalLongitude": -121.20217, "eventDate": "2021-05-01T17:03:08Z", "countryCode": "US" }, "geometry": { "type": "Point", "coordinates": [ -121.20217, 38.65237 ] } },
{ "type": "Feature", "properties": { "decimalLatitude": 37.951292, "decimalLongitude": -122.141914, "eventDate": "2021-05-01T12:36:00Z", "countryCode": "US" }, "geometry": { "type": "Point", "coordinates": [ -122.141914, 37.951292 ] } },
{ "type": "Feature", "properties": { "decimalLatitude": 38.630936, "decimalLongitude": -121.270022, "eventDate": "2021-05-03T13:55:14Z", "countryCode": "US" }, "geometry": { "type": "Point", "coordinates": [ -121.270022, 38.630936 ] } },
{ "type": "Feature", "properties": { "decimalLatitude": 38.634512, "decimalLongitude": -121.234192, "eventDate": "2021-05-02T09:55:02Z", "countryCode": "US" }, "geometry": { "type": "Point", "coordinates": [ -121.234192, 38.634512 ] } },
{ "type": "Feature", "properties": { "decimalLatitude": 37.88468, "decimalLongitude": -122.09945, "eventDate": "2021-05-03T17:26:34Z", "countryCode": "US" }, "geometry": { "type": "Point", "coordinates": [ -122.09945, 37.88468 ] } },
{ "type": "Feature", "properties": { "decimalLatitude": 38.889678, "decimalLongitude": -121.061492, "eventDate": "2021-05-03T18:52:57Z", "countryCode": "US" }, "geometry": { "type": "Point", "coordinates": [ -121.061492, 38.889678 ] } },
{ "type": "Feature", "properties": { "decimalLatitude": 38.494217, "decimalLongitude": -122.901178, "eventDate": "2021-05-02T17:21:03Z", "countryCode": "US" }, "geometry": { "type": "Point", "coordinates": [ -122.901178, 38.494217 ] } },
{ "type": "Feature", "properties": { "decimalLatitude": 38.661591, "decimalLongitude": -121.193181, "eventDate": "2021-05-07T13:16:41Z", "countryCode": "US" }, "geometry": { "type": "Point", "coordinates": [ -121.193181, 38.661591 ] } },
{ "type": "Feature", "properties": { "decimalLatitude": 38.616969, "decimalLongitude": -121.311991, "eventDate": "2021-05-07T09:34:00Z", "countryCode": "US" }, "geometry": { "type": "Point", "coordinates": [ -121.311991, 38.616969 ] } },
{ "type": "Feature", "properties": { "decimalLatitude": 38.526188, "decimalLongitude": -122.867569, "eventDate": "2021-05-09T07:00:54Z", "countryCode": "US" }, "geometry": { "type": "Point", "coordinates": [ -122.867569, 38.526188 ] } },
{ "type": "Feature", "properties": { "decimalLatitude": 38.006344, "decimalLongitude": -122.60495, "eventDate": "2021-05-03T08:11:02Z", "countryCode": "US" }, "geometry": { "type": "Point", "coordinates": [ -122.60495, 38.006344 ] } },
{ "type": "Feature", "properties": { "decimalLatitude": 38.281147, "decimalLongitude": -122.455833, "eventDate": "2021-05-09T15:21:57Z", "countryCode": "US" }, "geometry": { "type": "Point", "coordinates": [ -122.455833, 38.281147 ] } },
{ "type": "Feature", "properties": { "decimalLatitude": 37.919933, "decimalLongitude": -122.18592, "eventDate": "2021-05-08T08:16:12Z", "countryCode": "US" }, "geometry": { "type": "Point", "coordinates": [ -122.18592, 37.919933 ] } },
{ "type": "Feature", "properties": { "decimalLatitude": 38.252516, "decimalLongitude": -122.138458, "eventDate": "2021-05-01T00:00:00Z", "countryCode": "US" }, "geometry": { "type": "Point", "coordinates": [ -122.138458, 38.252516 ] } },
{ "type": "Feature", "properties": { "decimalLatitude": 38.591765, "decimalLongitude": -121.334442, "eventDate": "2021-05-14T09:40:00Z", "countryCode": "US" }, "geometry": { "type": "Point", "coordinates": [ -121.334442, 38.591765 ] } },
{ "type": "Feature", "properties": { "decimalLatitude": 38.476262, "decimalLongitude": -123.024318, "eventDate": "2021-05-01T06:48:07Z", "countryCode": "US" }, "geometry": { "type": "Point", "coordinates": [ -123.024318, 38.476262 ] } },
{ "type": "Feature", "properties": { "decimalLatitude": 38.613738, "decimalLongitude": -121.307503, "eventDate": "2021-05-15T16:19:08Z", "countryCode": "US" }, "geometry": { "type": "Point", "coordinates": [ -121.307503, 38.613738 ] } },
{ "type": "Feature", "properties": { "decimalLatitude": 38.010072, "decimalLongitude": -122.709404, "eventDate": "2021-05-15T11:07:48Z", "countryCode": "US" }, "geometry": { "type": "Point", "coordinates": [ -122.709404, 38.010072 ] } },
{ "type": "Feature", "properties": { "decimalLatitude": 37.760665, "decimalLongitude": -122.456999, "eventDate": "2021-05-02T11:50:59Z", "countryCode": "US" }, "geometry": { "type": "Point", "coordinates": [ -122.456999, 37.760665 ] } },
{ "type": "Feature", "properties": { "decimalLatitude": 38.509028, "decimalLongitude": -122.891467, "eventDate": "2021-05-25T16:40:29Z", "countryCode": "US" }, "geometry": { "type": "Point", "coordinates": [ -122.891467, 38.509028 ] } },
{ "type": "Feature", "properties": { "decimalLatitude": 38.419505, "decimalLongitude": -122.354683, "eventDate": "2021-05-13T10:59:58Z", "countryCode": "US" }, "geometry": { "type": "Point", "coordinates": [ -122.354683, 38.419505 ] } },
{ "type": "Feature", "properties": { "decimalLatitude": 37.864044, "decimalLongitude": -122.435883, "eventDate": "2021-05-30T14:56:00Z", "countryCode": "US" }, "geometry": { "type": "Point", "coordinates": [ -122.435883, 37.864044 ] } },
{ "type": "Feature", "properties": { "decimalLatitude": 37.863169, "decimalLongitude": -122.4357, "eventDate": "2021-05-30T14:32:00Z", "countryCode": "US" }, "geometry": { "type": "Point", "coordinates": [ -122.4357, 37.863169 ] } },
{ "type": "Feature", "properties": { "decimalLatitude": 38.57428, "decimalLongitude": -121.34903, "eventDate": "2021-05-21T09:51:13Z", "countryCode": "US" }, "geometry": { "type": "Point", "coordinates": [ -121.34903, 38.57428 ] } },
{ "type": "Feature", "properties": { "decimalLatitude": 38.595252, "decimalLongitude": -121.330237, "eventDate": "2021-05-15T06:45:00Z", "countryCode": "US" }, "geometry": { "type": "Point", "coordinates": [ -121.330237, 38.595252 ] } },
{ "type": "Feature", "properties": { "decimalLatitude": 38.440024, "decimalLongitude": -122.523462, "eventDate": "2021-05-29T10:09:00Z", "countryCode": "US" }, "geometry": { "type": "Point", "coordinates": [ -122.523462, 38.440024 ] } },
{ "type": "Feature", "properties": { "decimalLatitude": 39.724881, "decimalLongitude": -121.951939, "eventDate": "2021-05-23T11:40:38Z", "countryCode": "US" }, "geometry": { "type": "Point", "coordinates": [ -121.951939, 39.724881 ] } },
{ "type": "Feature", "properties": { "decimalLatitude": 37.950556, "decimalLongitude": -122.140833, "eventDate": "2021-05-01T11:38:00Z", "countryCode": "US" }, "geometry": { "type": "Point", "coordinates": [ -122.140833, 37.950556 ] } },
{ "type": "Feature", "properties": { "decimalLatitude": 37.951648, "decimalLongitude": -122.142465, "eventDate": "2021-05-01T11:50:00Z", "countryCode": "US" }, "geometry": { "type": "Point", "coordinates": [ -122.142465, 37.951648 ] } },
{ "type": "Feature", "properties": { "decimalLatitude": 38.935633, "decimalLongitude": -121.024357, "eventDate": "2021-05-02T09:30:00Z", "countryCode": "US" }, "geometry": { "type": "Point", "coordinates": [ -121.024357, 38.935633 ] } },
{ "type": "Feature", "properties": { "decimalLatitude": 38.924471, "decimalLongitude": -121.038994, "eventDate": "2021-05-02T08:26:00Z", "countryCode": "US" }, "geometry": { "type": "Point", "coordinates": [ -121.038994, 38.924471 ] } },
{ "type": "Feature", "properties": { "decimalLatitude": 38.773693, "decimalLongitude": -121.033025, "eventDate": "2021-05-02T17:29:00Z", "countryCode": "US" }, "geometry": { "type": "Point", "coordinates": [ -121.033025, 38.773693 ] } },
{ "type": "Feature", "properties": { "decimalLatitude": 40.782322, "decimalLongitude": -122.335919, "eventDate": "2021-05-08T09:18:11Z", "countryCode": "US" }, "geometry": { "type": "Point", "coordinates": [ -122.335919, 40.782322 ] } },
{ "type": "Feature", "properties": { "decimalLatitude": 39.770406, "decimalLongitude": -121.766247, "eventDate": "2021-05-22T09:55:59Z", "countryCode": "US" }, "geometry": { "type": "Point", "coordinates": [ -121.766247, 39.770406 ] } },
{ "type": "Feature", "properties": { "decimalLatitude": 38.510631, "decimalLongitude": -122.097411, "eventDate": "2021-05-05T08:45:00Z", "countryCode": "US" }, "geometry": { "type": "Point", "coordinates": [ -122.097411, 38.510631 ] } },
{ "type": "Feature", "properties": { "decimalLatitude": 37.837162, "decimalLongitude": -122.036155, "eventDate": "2021-05-05T06:38:35Z", "countryCode": "US" }, "geometry": { "type": "Point", "coordinates": [ -122.036155, 37.837162 ] } },
{ "type": "Feature", "properties": { "decimalLatitude": 37.823937, "decimalLongitude": -122.051037, "eventDate": "2021-05-29T18:39:00Z", "countryCode": "US" }, "geometry": { "type": "Point", "coordinates": [ -122.051037, 37.823937 ] } },
{ "type": "Feature", "properties": { "decimalLatitude": 40.599979, "decimalLongitude": -122.490863, "eventDate": "2021-05-14T08:18:51Z", "countryCode": "US" }, "geometry": { "type": "Point", "coordinates": [ -122.490863, 40.599979 ] } },
{ "type": "Feature", "properties": { "decimalLatitude": 37.907222, "decimalLongitude": -122.620278, "eventDate": "2021-06-07T11:51:00Z", "countryCode": "US" }, "geometry": { "type": "Point", "coordinates": [ -122.620278, 37.907222 ] } },
{ "type": "Feature", "properties": { "decimalLatitude": 38.679195, "decimalLongitude": -121.17962, "eventDate": "2021-06-05T12:29:08Z", "countryCode": "US" }, "geometry": { "type": "Point", "coordinates": [ -121.17962, 38.679195 ] } },
{ "type": "Feature", "properties": { "decimalLatitude": 37.981833, "decimalLongitude": -122.575345, "eventDate": "2021-06-17T13:02:53Z", "countryCode": "US" }, "geometry": { "type": "Point", "coordinates": [ -122.575345, 37.981833 ] } },
{ "type": "Feature", "properties": { "decimalLatitude": 38.507263, "decimalLongitude": -122.869003, "eventDate": "2021-06-16T15:10:46Z", "countryCode": "US" }, "geometry": { "type": "Point", "coordinates": [ -122.869003, 38.507263 ] } },
{ "type": "Feature", "properties": { "decimalLatitude": 37.924837, "decimalLongitude": -122.67643, "eventDate": "2021-06-12T13:35:00Z", "countryCode": "US" }, "geometry": { "type": "Point", "coordinates": [ -122.67643, 37.924837 ] } },
{ "type": "Feature", "properties": { "decimalLatitude": 38.368729, "decimalLongitude": -122.4978, "eventDate": "2021-06-21T10:50:26Z", "countryCode": "US" }, "geometry": { "type": "Point", "coordinates": [ -122.4978, 38.368729 ] } },
{ "type": "Feature", "properties": { "decimalLatitude": 38.616835, "decimalLongitude": -121.309738, "eventDate": "2021-06-13T07:39:00Z", "countryCode": "US" }, "geometry": { "type": "Point", "coordinates": [ -121.309738, 38.616835 ] } },
{ "type": "Feature", "properties": { "decimalLatitude": 38.315863, "decimalLongitude": -122.470265, "eventDate": "2021-06-19T15:33:41Z", "countryCode": "US" }, "geometry": { "type": "Point", "coordinates": [ -122.470265, 38.315863 ] } },
{ "type": "Feature", "properties": { "decimalLatitude": 38.502525, "decimalLongitude": -122.90503, "eventDate": "2021-06-28T10:41:36Z", "countryCode": "US" }, "geometry": { "type": "Point", "coordinates": [ -122.90503, 38.502525 ] } },
{ "type": "Feature", "properties": { "decimalLatitude": 38.45185, "decimalLongitude": -122.574101, "eventDate": "2021-06-27T22:24:00Z", "countryCode": "US" }, "geometry": { "type": "Point", "coordinates": [ -122.574101, 38.45185 ] } },
{ "type": "Feature", "properties": { "decimalLatitude": 38.348408, "decimalLongitude": -122.553906, "eventDate": "2021-06-29T16:29:00Z", "countryCode": "US" }, "geometry": { "type": "Point", "coordinates": [ -122.553906, 38.348408 ] } },
{ "type": "Feature", "properties": { "decimalLatitude": 38.616835, "decimalLongitude": -121.309738, "eventDate": "2021-06-28T06:08:00Z", "countryCode": "US" }, "geometry": { "type": "Point", "coordinates": [ -121.309738, 38.616835 ] } },
{ "type": "Feature", "properties": { "decimalLatitude": 37.76578, "decimalLongitude": -122.472008, "eventDate": "2021-06-21T15:55:32Z", "countryCode": "US" }, "geometry": { "type": "Point", "coordinates": [ -122.472008, 37.76578 ] } },
{ "type": "Feature", "properties": { "decimalLatitude": 38.004283, "decimalLongitude": -122.709074, "eventDate": "2021-06-09T13:56:00Z", "countryCode": "US" }, "geometry": { "type": "Point", "coordinates": [ -122.709074, 38.004283 ] } },
{ "type": "Feature", "properties": { "decimalLatitude": 38.635156, "decimalLongitude": -121.245345, "eventDate": "2021-06-30T12:47:58Z", "countryCode": "US" }, "geometry": { "type": "Point", "coordinates": [ -121.245345, 38.635156 ] } },
{ "type": "Feature", "properties": { "decimalLatitude": 38.636158, "decimalLongitude": -121.264131, "eventDate": "2021-06-07T15:56:00Z", "countryCode": "US" }, "geometry": { "type": "Point", "coordinates": [ -121.264131, 38.636158 ] } },
{ "type": "Feature", "properties": { "decimalLatitude": 38.515263, "decimalLongitude": -122.081, "eventDate": "2021-07-04T15:29:26Z", "countryCode": "US" }, "geometry": { "type": "Point", "coordinates": [ -122.081, 38.515263 ] } },
{ "type": "Feature", "properties": { "decimalLatitude": 38.595252, "decimalLongitude": -121.330237, "eventDate": "2021-07-17T06:09:00Z", "countryCode": "US" }, "geometry": { "type": "Point", "coordinates": [ -121.330237, 38.595252 ] } },
{ "type": "Feature", "properties": { "decimalLatitude": 38.616835, "decimalLongitude": -121.309738, "eventDate": "2021-07-12T06:48:00Z", "countryCode": "US" }, "geometry": { "type": "Point", "coordinates": [ -121.309738, 38.616835 ] } },
{ "type": "Feature", "properties": { "decimalLatitude": 38.523552, "decimalLongitude": -122.363531, "eventDate": "2021-07-21T15:08:43Z", "countryCode": "US" }, "geometry": { "type": "Point", "coordinates": [ -122.363531, 38.523552 ] } },
{ "type": "Feature", "properties": { "decimalLatitude": 37.935116, "decimalLongitude": -122.300042, "eventDate": "2021-07-25T18:35:56Z", "countryCode": "US" }, "geometry": { "type": "Point", "coordinates": [ -122.300042, 37.935116 ] } },
{ "type": "Feature", "properties": { "decimalLatitude": 37.866622, "decimalLongitude": -122.438168, "eventDate": "2021-07-30T10:39:00Z", "countryCode": "US" }, "geometry": { "type": "Point", "coordinates": [ -122.438168, 37.866622 ] } },
{ "type": "Feature", "properties": { "decimalLatitude": 38.539272, "decimalLongitude": -122.378419, "eventDate": "2021-07-21T13:53:03Z", "countryCode": "US" }, "geometry": { "type": "Point", "coordinates": [ -122.378419, 38.539272 ] } },
{ "type": "Feature", "properties": { "decimalLatitude": 37.951988, "decimalLongitude": -122.257874, "eventDate": "2021-07-16T18:58:42Z", "countryCode": "US" }, "geometry": { "type": "Point", "coordinates": [ -122.257874, 37.951988 ] } },
{ "type": "Feature", "properties": { "decimalLatitude": 37.95866, "decimalLongitude": -122.283356, "eventDate": "2021-07-16T18:31:24Z", "countryCode": "US" }, "geometry": { "type": "Point", "coordinates": [ -122.283356, 37.95866 ] } },
{ "type": "Feature", "properties": { "decimalLatitude": 37.952705, "decimalLongitude": -122.257932, "eventDate": "2021-07-16T18:59:10Z", "countryCode": "US" }, "geometry": { "type": "Point", "coordinates": [ -122.257932, 37.952705 ] } },
{ "type": "Feature", "properties": { "decimalLatitude": 38.696734, "decimalLongitude": -121.170678, "eventDate": "2021-07-05T14:44:05Z", "countryCode": "US" }, "geometry": { "type": "Point", "coordinates": [ -121.170678, 38.696734 ] } },
{ "type": "Feature", "properties": { "decimalLatitude": 39.713688, "decimalLongitude": -121.950163, "eventDate": "2021-08-24T14:03:53Z", "countryCode": "US" }, "geometry": { "type": "Point", "coordinates": [ -121.950163, 39.713688 ] } },
{ "type": "Feature", "properties": { "decimalLatitude": 38.276856, "decimalLongitude": -122.238902, "eventDate": "2021-08-22T18:04:51Z", "countryCode": "US" }, "geometry": { "type": "Point", "coordinates": [ -122.238902, 38.276856 ] } },
{ "type": "Feature", "properties": { "decimalLatitude": 38.490387, "decimalLongitude": -122.102355, "eventDate": "2021-08-24T11:47:20Z", "countryCode": "US" }, "geometry": { "type": "Point", "coordinates": [ -122.102355, 38.490387 ] } },
{ "type": "Feature", "properties": { "decimalLatitude": 38.446399, "decimalLongitude": -122.501441, "eventDate": "2021-08-25T21:45:00Z", "countryCode": "US" }, "geometry": { "type": "Point", "coordinates": [ -122.501441, 38.446399 ] } },
{ "type": "Feature", "properties": { "decimalLatitude": 38.156686, "decimalLongitude": -122.142278, "eventDate": "2021-08-07T10:48:34Z", "countryCode": "US" }, "geometry": { "type": "Point", "coordinates": [ -122.142278, 38.156686 ] } },
{ "type": "Feature", "properties": { "decimalLatitude": 37.76084, "decimalLongitude": -122.45682, "eventDate": "2021-08-01T15:27:10Z", "countryCode": "US" }, "geometry": { "type": "Point", "coordinates": [ -122.45682, 37.76084 ] } },
{ "type": "Feature", "properties": { "decimalLatitude": 38.018042, "decimalLongitude": -122.660817, "eventDate": "2021-08-24T15:06:28Z", "countryCode": "US" }, "geometry": { "type": "Point", "coordinates": [ -122.660817, 38.018042 ] } },
{ "type": "Feature", "properties": { "decimalLatitude": 38.09375, "decimalLongitude": -122.5726, "eventDate": "2021-08-22T13:03:03Z", "countryCode": "US" }, "geometry": { "type": "Point", "coordinates": [ -122.5726, 38.09375 ] } },
{ "type": "Feature", "properties": { "decimalLatitude": 38.024295, "decimalLongitude": -122.721398, "eventDate": "2021-09-27T09:41:00Z", "countryCode": "US" }, "geometry": { "type": "Point", "coordinates": [ -122.721398, 38.024295 ] } },
{ "type": "Feature", "properties": { "decimalLatitude": 38.003872, "decimalLongitude": -122.618736, "eventDate": "2021-09-03T10:12:47Z", "countryCode": "US" }, "geometry": { "type": "Point", "coordinates": [ -122.618736, 38.003872 ] } },
{ "type": "Feature", "properties": { "decimalLatitude": 38.548845, "decimalLongitude": -122.526768, "eventDate": "2021-09-12T11:58:19Z", "countryCode": "US" }, "geometry": { "type": "Point", "coordinates": [ -122.526768, 38.548845 ] } },
{ "type": "Feature", "properties": { "decimalLatitude": 38.024295, "decimalLongitude": -122.721398, "eventDate": "2021-09-20T10:00:00Z", "countryCode": "US" }, "geometry": { "type": "Point", "coordinates": [ -122.721398, 38.024295 ] } },
{ "type": "Feature", "properties": { "decimalLatitude": 38.790286, "decimalLongitude": -121.214447, "eventDate": "2021-09-21T12:06:00Z", "countryCode": "US" }, "geometry": { "type": "Point", "coordinates": [ -121.214447, 38.790286 ] } },
{ "type": "Feature", "properties": { "decimalLatitude": 38.514295, "decimalLongitude": -122.092571, "eventDate": "2021-10-03T17:16:15Z", "countryCode": "US" }, "geometry": { "type": "Point", "coordinates": [ -122.092571, 38.514295 ] } },
{ "type": "Feature", "properties": { "decimalLatitude": 38.515567, "decimalLongitude": -122.091431, "eventDate": "2021-10-03T17:27:18Z", "countryCode": "US" }, "geometry": { "type": "Point", "coordinates": [ -122.091431, 38.515567 ] } },
{ "type": "Feature", "properties": { "decimalLatitude": 38.009411, "decimalLongitude": -122.704758, "eventDate": "2021-10-10T13:38:35Z", "countryCode": "US" }, "geometry": { "type": "Point", "coordinates": [ -122.704758, 38.009411 ] } },
{ "type": "Feature", "properties": { "decimalLatitude": 37.97138, "decimalLongitude": -122.590197, "eventDate": "2021-10-17T14:20:00Z", "countryCode": "US" }, "geometry": { "type": "Point", "coordinates": [ -122.590197, 37.97138 ] } },
{ "type": "Feature", "properties": { "decimalLatitude": 38.965937, "decimalLongitude": -120.951522, "eventDate": "2021-10-29T10:54:26Z", "countryCode": "US" }, "geometry": { "type": "Point", "coordinates": [ -120.951522, 38.965937 ] } },
{ "type": "Feature", "properties": { "decimalLatitude": 37.977022, "decimalLongitude": -122.61797, "eventDate": "2021-10-21T16:20:00Z", "countryCode": "US" }, "geometry": { "type": "Point", "coordinates": [ -122.61797, 37.977022 ] } },
{ "type": "Feature", "properties": { "decimalLatitude": 38.155297, "decimalLongitude": -122.130736, "eventDate": "2021-10-02T10:30:13Z", "countryCode": "US" }, "geometry": { "type": "Point", "coordinates": [ -122.130736, 38.155297 ] } },
{ "type": "Feature", "properties": { "decimalLatitude": 38.490105, "decimalLongitude": -122.021143, "eventDate": "2021-10-03T12:03:00Z", "countryCode": "US" }, "geometry": { "type": "Point", "coordinates": [ -122.021143, 38.490105 ] } },
{ "type": "Feature", "properties": { "decimalLatitude": 37.969656, "decimalLongitude": -122.593015, "eventDate": "2021-10-17T14:56:00Z", "countryCode": "US" }, "geometry": { "type": "Point", "coordinates": [ -122.593015, 37.969656 ] } },
{ "type": "Feature", "properties": { "decimalLatitude": 37.978474, "decimalLongitude": -122.61484, "eventDate": "2021-10-21T14:50:00Z", "countryCode": "US" }, "geometry": { "type": "Point", "coordinates": [ -122.61484, 37.978474 ] } },
{ "type": "Feature", "properties": { "decimalLatitude": 37.978559, "decimalLongitude": -122.614832, "eventDate": "2021-10-21T14:45:00Z", "countryCode": "US" }, "geometry": { "type": "Point", "coordinates": [ -122.614832, 37.978559 ] } },
{ "type": "Feature", "properties": { "decimalLatitude": 37.978415, "decimalLongitude": -122.61633, "eventDate": "2021-10-21T15:59:00Z", "countryCode": "US" }, "geometry": { "type": "Point", "coordinates": [ -122.61633, 37.978415 ] } },
{ "type": "Feature", "properties": { "decimalLatitude": 37.978114, "decimalLongitude": -122.614746, "eventDate": "2021-10-21T14:33:00Z", "countryCode": "US" }, "geometry": { "type": "Point", "coordinates": [ -122.614746, 37.978114 ] } },
{ "type": "Feature", "properties": { "decimalLatitude": 38.512813, "decimalLongitude": -122.096236, "eventDate": "2021-11-06T16:14:28Z", "countryCode": "US" }, "geometry": { "type": "Point", "coordinates": [ -122.096236, 38.512813 ] } },
{ "type": "Feature", "properties": { "decimalLatitude": 38.00426, "decimalLongitude": -122.708952, "eventDate": "2021-11-05T11:07:00Z", "countryCode": "US" }, "geometry": { "type": "Point", "coordinates": [ -122.708952, 38.00426 ] } },
{ "type": "Feature", "properties": { "decimalLatitude": 39.736727, "decimalLongitude": -121.805724, "eventDate": "2021-11-12T09:28:17Z", "countryCode": "US" }, "geometry": { "type": "Point", "coordinates": [ -121.805724, 39.736727 ] } },
{ "type": "Feature", "properties": { "decimalLatitude": 38.647223, "decimalLongitude": -121.188508, "eventDate": "2021-11-11T16:04:52Z", "countryCode": "US" }, "geometry": { "type": "Point", "coordinates": [ -121.188508, 38.647223 ] } },
{ "type": "Feature", "properties": { "decimalLatitude": 38.030568, "decimalLongitude": -122.733532, "eventDate": "2021-11-16T10:14:00Z", "countryCode": "US" }, "geometry": { "type": "Point", "coordinates": [ -122.733532, 38.030568 ] } },
{ "type": "Feature", "properties": { "decimalLatitude": 38.031518, "decimalLongitude": -122.733472, "eventDate": "2021-11-15T10:15:00Z", "countryCode": "US" }, "geometry": { "type": "Point", "coordinates": [ -122.733472, 38.031518 ] } },
{ "type": "Feature", "properties": { "decimalLatitude": 38.031052, "decimalLongitude": -122.732517, "eventDate": "2021-11-16T10:23:00Z", "countryCode": "US" }, "geometry": { "type": "Point", "coordinates": [ -122.732517, 38.031052 ] } },
{ "type": "Feature", "properties": { "decimalLatitude": 38.004464, "decimalLongitude": -122.708837, "eventDate": "2021-11-05T13:02:00Z", "countryCode": "US" }, "geometry": { "type": "Point", "coordinates": [ -122.708837, 38.004464 ] } },
{ "type": "Feature", "properties": { "decimalLatitude": 37.842678, "decimalLongitude": -122.552488, "eventDate": "2021-11-27T11:23:10Z", "countryCode": "US" }, "geometry": { "type": "Point", "coordinates": [ -122.552488, 37.842678 ] } },
{ "type": "Feature", "properties": { "decimalLatitude": 38.666077, "decimalLongitude": -121.178551, "eventDate": "2021-11-27T09:35:17Z", "countryCode": "US" }, "geometry": { "type": "Point", "coordinates": [ -121.178551, 38.666077 ] } },
{ "type": "Feature", "properties": { "decimalLatitude": 38.432941, "decimalLongitude": -122.632413, "eventDate": "2021-11-03T20:51:00Z", "countryCode": "US" }, "geometry": { "type": "Point", "coordinates": [ -122.632413, 38.432941 ] } },
{ "type": "Feature", "properties": { "decimalLatitude": 37.925287, "decimalLongitude": -122.153892, "eventDate": "2021-11-26T15:33:05Z", "countryCode": "US" }, "geometry": { "type": "Point", "coordinates": [ -122.153892, 37.925287 ] } },
{ "type": "Feature", "properties": { "decimalLatitude": 38.626723, "decimalLongitude": -122.328349, "eventDate": "2021-11-06T11:36:00Z", "countryCode": "US" }, "geometry": { "type": "Point", "coordinates": [ -122.328349, 38.626723 ] } },
{ "type": "Feature", "properties": { "decimalLatitude": 38.508281, "decimalLongitude": -122.097197, "eventDate": "2021-12-24T16:27:08Z", "countryCode": "US" }, "geometry": { "type": "Point", "coordinates": [ -122.097197, 38.508281 ] } },
{ "type": "Feature", "properties": { "decimalLatitude": 37.950567, "decimalLongitude": -122.311433, "eventDate": "2021-12-18T13:59:04Z", "countryCode": "US" }, "geometry": { "type": "Point", "coordinates": [ -122.311433, 37.950567 ] } },
{ "type": "Feature", "properties": { "decimalLatitude": 38.682503, "decimalLongitude": -121.172614, "eventDate": "2021-12-26T08:26:14Z", "countryCode": "US" }, "geometry": { "type": "Point", "coordinates": [ -121.172614, 38.682503 ] } },
{ "type": "Feature", "properties": { "decimalLatitude": 38.035653, "decimalLongitude": -122.724542, "eventDate": "2021-12-22T12:13:54Z", "countryCode": "US" }, "geometry": { "type": "Point", "coordinates": [ -122.724542, 38.035653 ] } },
{ "type": "Feature", "properties": { "decimalLatitude": 38.004989, "decimalLongitude": -122.708953, "eventDate": "2021-12-02T12:14:24Z", "countryCode": "US" }, "geometry": { "type": "Point", "coordinates": [ -122.708953, 38.004989 ] } },
{ "type": "Feature", "properties": { "decimalLatitude": 37.95058, "decimalLongitude": -122.311788, "eventDate": "2021-12-17T16:48:00Z", "countryCode": "US" }, "geometry": { "type": "Point", "coordinates": [ -122.311788, 37.95058 ] } },
{ "type": "Feature", "properties": { "decimalLatitude": 39.531872, "decimalLongitude": -121.497214, "eventDate": "2021-12-23T14:00:39Z", "countryCode": "US" }, "geometry": { "type": "Point", "coordinates": [ -121.497214, 39.531872 ] } },
{ "type": "Feature", "properties": { "decimalLatitude": 38.306703, "decimalLongitude": -122.280547, "eventDate": "2021-12-09T11:55:46Z", "countryCode": "US" }, "geometry": { "type": "Point", "coordinates": [ -122.280547, 38.306703 ] } },
{ "type": "Feature", "properties": { "decimalLatitude": 38.418983, "decimalLongitude": -122.353888, "eventDate": "2021-12-09T11:09:55Z", "countryCode": "US" }, "geometry": { "type": "Point", "coordinates": [ -122.353888, 38.418983 ] } },
{ "type": "Feature", "properties": { "decimalLatitude": 39.772396, "decimalLongitude": -121.77216, "eventDate": "2021-12-26T10:44:25Z", "countryCode": "US" }, "geometry": { "type": "Point", "coordinates": [ -121.77216, 39.772396 ] } },
{ "type": "Feature", "properties": { "decimalLatitude": 38.3539, "decimalLongitude": -122.55133, "eventDate": "2022-01-15T11:09:17Z", "countryCode": "US" }, "geometry": { "type": "Point", "coordinates": [ -122.55133, 38.3539 ] } },
{ "type": "Feature", "properties": { "decimalLatitude": 38.627228, "decimalLongitude": -121.271612, "eventDate": "2022-01-15T11:09:40Z", "countryCode": "US" }, "geometry": { "type": "Point", "coordinates": [ -121.271612, 38.627228 ] } },
{ "type": "Feature", "properties": { "decimalLatitude": 38.381462, "decimalLongitude": -122.052484, "eventDate": "2022-01-05T11:50:24Z", "countryCode": "US" }, "geometry": { "type": "Point", "coordinates": [ -122.052484, 38.381462 ] } },
{ "type": "Feature", "properties": { "decimalLatitude": 38.620977, "decimalLongitude": -121.28844, "eventDate": "2022-01-02T09:51:04Z", "countryCode": "US" }, "geometry": { "type": "Point", "coordinates": [ -121.28844, 38.620977 ] } },
{ "type": "Feature", "properties": { "decimalLatitude": 38.441368, "decimalLongitude": -122.525818, "eventDate": "2022-01-05T12:12:00Z", "countryCode": "US" }, "geometry": { "type": "Point", "coordinates": [ -122.525818, 38.441368 ] } },
{ "type": "Feature", "properties": { "decimalLatitude": 38.517413, "decimalLongitude": -122.058328, "eventDate": "2022-01-02T13:07:35Z", "countryCode": "US" }, "geometry": { "type": "Point", "coordinates": [ -122.058328, 38.517413 ] } },
{ "type": "Feature", "properties": { "decimalLatitude": 37.919947, "decimalLongitude": -122.185937, "eventDate": "2022-01-15T14:40:28Z", "countryCode": "US" }, "geometry": { "type": "Point", "coordinates": [ -122.185937, 37.919947 ] } },
{ "type": "Feature", "properties": { "decimalLatitude": 37.837761, "decimalLongitude": -122.036872, "eventDate": "2022-01-09T14:50:00Z", "countryCode": "US" }, "geometry": { "type": "Point", "coordinates": [ -122.036872, 37.837761 ] } },
{ "type": "Feature", "properties": { "decimalLatitude": 38.67961, "decimalLongitude": -121.175512, "eventDate": "2022-01-15T10:10:14Z", "countryCode": "US" }, "geometry": { "type": "Point", "coordinates": [ -121.175512, 38.67961 ] } },
{ "type": "Feature", "properties": { "decimalLatitude": 38.679175, "decimalLongitude": -121.179491, "eventDate": "2022-01-02T12:53:14Z", "countryCode": "US" }, "geometry": { "type": "Point", "coordinates": [ -121.179491, 38.679175 ] } },
{ "type": "Feature", "properties": { "decimalLatitude": 39.247665, "decimalLongitude": -121.805517, "eventDate": "2022-01-29T09:54:00Z", "countryCode": "US" }, "geometry": { "type": "Point", "coordinates": [ -121.805517, 39.247665 ] } },
{ "type": "Feature", "properties": { "decimalLatitude": 40.708508, "decimalLongitude": -122.635202, "eventDate": "2022-01-27T14:23:06Z", "countryCode": "US" }, "geometry": { "type": "Point", "coordinates": [ -122.635202, 40.708508 ] } },
{ "type": "Feature", "properties": { "decimalLatitude": 39.76733, "decimalLongitude": -121.777528, "eventDate": "2022-01-28T11:38:09Z", "countryCode": "US" }, "geometry": { "type": "Point", "coordinates": [ -121.777528, 39.76733 ] } },
{ "type": "Feature", "properties": { "decimalLatitude": 37.920682, "decimalLongitude": -122.184237, "eventDate": "2022-01-28T13:31:00Z", "countryCode": "US" }, "geometry": { "type": "Point", "coordinates": [ -122.184237, 37.920682 ] } },
{ "type": "Feature", "properties": { "decimalLatitude": 39.764995, "decimalLongitude": -121.787238, "eventDate": "2022-01-26T16:16:19Z", "countryCode": "US" }, "geometry": { "type": "Point", "coordinates": [ -121.787238, 39.764995 ] } },
{ "type": "Feature", "properties": { "decimalLatitude": 39.247783, "decimalLongitude": -121.805633, "eventDate": "2022-01-26T10:45:34Z", "countryCode": "US" }, "geometry": { "type": "Point", "coordinates": [ -121.805633, 39.247783 ] } },
{ "type": "Feature", "properties": { "decimalLatitude": 40.592857, "decimalLongitude": -122.379593, "eventDate": "2022-01-25T13:45:12Z", "countryCode": "US" }, "geometry": { "type": "Point", "coordinates": [ -122.379593, 40.592857 ] } },
{ "type": "Feature", "properties": { "decimalLatitude": 39.272038, "decimalLongitude": -121.793205, "eventDate": "2022-01-20T14:48:53Z", "countryCode": "US" }, "geometry": { "type": "Point", "coordinates": [ -121.793205, 39.272038 ] } },
{ "type": "Feature", "properties": { "decimalLatitude": 38.508273, "decimalLongitude": -122.885317, "eventDate": "2022-01-27T15:08:30Z", "countryCode": "US" }, "geometry": { "type": "Point", "coordinates": [ -122.885317, 38.508273 ] } },
{ "type": "Feature", "properties": { "decimalLatitude": 38.5084, "decimalLongitude": -122.097773, "eventDate": "2022-01-13T11:48:00Z", "countryCode": "US" }, "geometry": { "type": "Point", "coordinates": [ -122.097773, 38.5084 ] } },
{ "type": "Feature", "properties": { "decimalLatitude": 38.251607, "decimalLongitude": -122.13728, "eventDate": "2022-01-16T00:47:00Z", "countryCode": "US" }, "geometry": { "type": "Point", "coordinates": [ -122.13728, 38.251607 ] } },
{ "type": "Feature", "properties": { "decimalLatitude": 38.51671, "decimalLongitude": -122.855502, "eventDate": "2022-01-27T13:55:55Z", "countryCode": "US" }, "geometry": { "type": "Point", "coordinates": [ -122.855502, 38.51671 ] } },
{ "type": "Feature", "properties": { "decimalLatitude": 38.441916, "decimalLongitude": -122.534801, "eventDate": "2022-01-12T11:02:17Z", "countryCode": "US" }, "geometry": { "type": "Point", "coordinates": [ -122.534801, 38.441916 ] } },
{ "type": "Feature", "properties": { "decimalLatitude": 39.721569, "decimalLongitude": -121.721094, "eventDate": "2022-01-19T15:40:08Z", "countryCode": "US" }, "geometry": { "type": "Point", "coordinates": [ -121.721094, 39.721569 ] } },
{ "type": "Feature", "properties": { "decimalLatitude": 37.978286, "decimalLongitude": -122.614925, "eventDate": "2022-02-01T10:23:28Z", "countryCode": "US" }, "geometry": { "type": "Point", "coordinates": [ -122.614925, 37.978286 ] } },
{ "type": "Feature", "properties": { "decimalLatitude": 38.617466, "decimalLongitude": -121.311572, "eventDate": "2022-02-07T04:35:16Z", "countryCode": "US" }, "geometry": { "type": "Point", "coordinates": [ -121.311572, 38.617466 ] } },
{ "type": "Feature", "properties": { "decimalLatitude": 37.985218, "decimalLongitude": -122.386662, "eventDate": "2022-02-05T13:12:42Z", "countryCode": "US" }, "geometry": { "type": "Point", "coordinates": [ -122.386662, 37.985218 ] } },
{ "type": "Feature", "properties": { "decimalLatitude": 38.649463, "decimalLongitude": -121.1844, "eventDate": "2022-02-05T08:44:59Z", "countryCode": "US" }, "geometry": { "type": "Point", "coordinates": [ -121.1844, 38.649463 ] } },
{ "type": "Feature", "properties": { "decimalLatitude": 38.907942, "decimalLongitude": -122.265281, "eventDate": "2022-02-05T11:28:19Z", "countryCode": "US" }, "geometry": { "type": "Point", "coordinates": [ -122.265281, 38.907942 ] } },
{ "type": "Feature", "properties": { "decimalLatitude": 38.223257, "decimalLongitude": -122.151977, "eventDate": "2022-02-07T14:31:05Z", "countryCode": "US" }, "geometry": { "type": "Point", "coordinates": [ -122.151977, 38.223257 ] } },
{ "type": "Feature", "properties": { "decimalLatitude": 38.617466, "decimalLongitude": -121.311572, "eventDate": "2022-02-07T08:19:07Z", "countryCode": "US" }, "geometry": { "type": "Point", "coordinates": [ -121.311572, 38.617466 ] } },
{ "type": "Feature", "properties": { "decimalLatitude": 38.516218, "decimalLongitude": -122.09196, "eventDate": "2022-02-08T14:47:45Z", "countryCode": "US" }, "geometry": { "type": "Point", "coordinates": [ -122.09196, 38.516218 ] } },
{ "type": "Feature", "properties": { "decimalLatitude": 38.908037, "decimalLongitude": -122.265328, "eventDate": "2022-02-05T11:42:23Z", "countryCode": "US" }, "geometry": { "type": "Point", "coordinates": [ -122.265328, 38.908037 ] } },
{ "type": "Feature", "properties": { "decimalLatitude": 39.291828, "decimalLongitude": -121.190103, "eventDate": "2022-02-07T13:43:10Z", "countryCode": "US" }, "geometry": { "type": "Point", "coordinates": [ -121.190103, 39.291828 ] } },
{ "type": "Feature", "properties": { "decimalLatitude": 38.488758, "decimalLongitude": -122.013008, "eventDate": "2022-02-10T14:51:45Z", "countryCode": "US" }, "geometry": { "type": "Point", "coordinates": [ -122.013008, 38.488758 ] } },
{ "type": "Feature", "properties": { "decimalLatitude": 38.549532, "decimalLongitude": -122.69944, "eventDate": "2022-02-07T10:47:00Z", "countryCode": "US" }, "geometry": { "type": "Point", "coordinates": [ -122.69944, 38.549532 ] } },
{ "type": "Feature", "properties": { "decimalLatitude": 39.772128, "decimalLongitude": -121.7631, "eventDate": "2022-02-05T11:41:43Z", "countryCode": "US" }, "geometry": { "type": "Point", "coordinates": [ -121.7631, 39.772128 ] } },
{ "type": "Feature", "properties": { "decimalLatitude": 38.510125, "decimalLongitude": -122.097008, "eventDate": "2022-02-06T11:09:55Z", "countryCode": "US" }, "geometry": { "type": "Point", "coordinates": [ -122.097008, 38.510125 ] } },
{ "type": "Feature", "properties": { "decimalLatitude": 38.927993, "decimalLongitude": -121.584804, "eventDate": "2022-02-09T14:15:01Z", "countryCode": "US" }, "geometry": { "type": "Point", "coordinates": [ -121.584804, 38.927993 ] } },
{ "type": "Feature", "properties": { "decimalLatitude": 38.369533, "decimalLongitude": -122.497513, "eventDate": "2022-02-10T10:42:58Z", "countryCode": "US" }, "geometry": { "type": "Point", "coordinates": [ -122.497513, 38.369533 ] } },
{ "type": "Feature", "properties": { "decimalLatitude": 37.940358, "decimalLongitude": -122.126541, "eventDate": "2022-02-10T18:02:00Z", "countryCode": "US" }, "geometry": { "type": "Point", "coordinates": [ -122.126541, 37.940358 ] } },
{ "type": "Feature", "properties": { "decimalLatitude": 38.512573, "decimalLongitude": -122.94873, "eventDate": "2022-02-12T21:23:24Z", "countryCode": "US" }, "geometry": { "type": "Point", "coordinates": [ -122.94873, 38.512573 ] } },
{ "type": "Feature", "properties": { "decimalLatitude": 39.76323, "decimalLongitude": -121.79288, "eventDate": "2022-02-13T11:40:41Z", "countryCode": "US" }, "geometry": { "type": "Point", "coordinates": [ -121.79288, 39.76323 ] } },
{ "type": "Feature", "properties": { "decimalLatitude": 38.836083, "decimalLongitude": -121.08683, "eventDate": "2022-02-16T16:28:22Z", "countryCode": "US" }, "geometry": { "type": "Point", "coordinates": [ -121.08683, 38.836083 ] } },
{ "type": "Feature", "properties": { "decimalLatitude": 38.73187, "decimalLongitude": -121.279053, "eventDate": "2022-02-12T11:01:44Z", "countryCode": "US" }, "geometry": { "type": "Point", "coordinates": [ -121.279053, 38.73187 ] } },
{ "type": "Feature", "properties": { "decimalLatitude": 38.29697, "decimalLongitude": -122.050964, "eventDate": "2022-02-16T16:07:28Z", "countryCode": "US" }, "geometry": { "type": "Point", "coordinates": [ -122.050964, 38.29697 ] } },
{ "type": "Feature", "properties": { "decimalLatitude": 40.343929, "decimalLongitude": -122.195142, "eventDate": "2022-02-12T10:11:07Z", "countryCode": "US" }, "geometry": { "type": "Point", "coordinates": [ -122.195142, 40.343929 ] } },
{ "type": "Feature", "properties": { "decimalLatitude": 38.001583, "decimalLongitude": -122.60936, "eventDate": "2022-02-11T10:24:52Z", "countryCode": "US" }, "geometry": { "type": "Point", "coordinates": [ -122.60936, 38.001583 ] } },
{ "type": "Feature", "properties": { "decimalLatitude": 38.595252, "decimalLongitude": -121.330237, "eventDate": "2022-02-14T09:14:00Z", "countryCode": "US" }, "geometry": { "type": "Point", "coordinates": [ -121.330237, 38.595252 ] } },
{ "type": "Feature", "properties": { "decimalLatitude": 38.671616, "decimalLongitude": -121.345278, "eventDate": "2022-02-11T10:24:07Z", "countryCode": "US" }, "geometry": { "type": "Point", "coordinates": [ -121.345278, 38.671616 ] } },
{ "type": "Feature", "properties": { "decimalLatitude": 40.63817, "decimalLongitude": -122.449699, "eventDate": "2022-02-16T14:32:37Z", "countryCode": "US" }, "geometry": { "type": "Point", "coordinates": [ -122.449699, 40.63817 ] } },
{ "type": "Feature", "properties": { "decimalLatitude": 39.724022, "decimalLongitude": -121.9524, "eventDate": "2022-02-17T17:03:51Z", "countryCode": "US" }, "geometry": { "type": "Point", "coordinates": [ -121.9524, 39.724022 ] } },
{ "type": "Feature", "properties": { "decimalLatitude": 37.866591, "decimalLongitude": -122.438175, "eventDate": "2022-02-16T10:21:20Z", "countryCode": "US" }, "geometry": { "type": "Point", "coordinates": [ -122.438175, 37.866591 ] } },
{ "type": "Feature", "properties": { "decimalLatitude": 38.630613, "decimalLongitude": -121.279892, "eventDate": "2022-02-12T15:51:47Z", "countryCode": "US" }, "geometry": { "type": "Point", "coordinates": [ -121.279892, 38.630613 ] } },
{ "type": "Feature", "properties": { "decimalLatitude": 37.934863, "decimalLongitude": -122.287208, "eventDate": "2022-02-16T10:15:48Z", "countryCode": "US" }, "geometry": { "type": "Point", "coordinates": [ -122.287208, 37.934863 ] } },
{ "type": "Feature", "properties": { "decimalLatitude": 38.439567, "decimalLongitude": -122.543297, "eventDate": "2022-02-14T15:54:00Z", "countryCode": "US" }, "geometry": { "type": "Point", "coordinates": [ -122.543297, 38.439567 ] } },
{ "type": "Feature", "properties": { "decimalLatitude": 39.912445, "decimalLongitude": -122.089622, "eventDate": "2022-02-11T12:43:44Z", "countryCode": "US" }, "geometry": { "type": "Point", "coordinates": [ -122.089622, 39.912445 ] } },
{ "type": "Feature", "properties": { "decimalLatitude": 38.89027, "decimalLongitude": -121.067409, "eventDate": "2022-02-16T11:47:11Z", "countryCode": "US" }, "geometry": { "type": "Point", "coordinates": [ -121.067409, 38.89027 ] } },
{ "type": "Feature", "properties": { "decimalLatitude": 38.822845, "decimalLongitude": -120.969337, "eventDate": "2022-02-14T14:39:22Z", "countryCode": "US" }, "geometry": { "type": "Point", "coordinates": [ -120.969337, 38.822845 ] } },
{ "type": "Feature", "properties": { "decimalLatitude": 39.717392, "decimalLongitude": -121.945913, "eventDate": "2022-02-17T15:58:45Z", "countryCode": "US" }, "geometry": { "type": "Point", "coordinates": [ -121.945913, 39.717392 ] } },
{ "type": "Feature", "properties": { "decimalLatitude": 38.811265, "decimalLongitude": -122.226358, "eventDate": "2022-02-20T11:09:22Z", "countryCode": "US" }, "geometry": { "type": "Point", "coordinates": [ -122.226358, 38.811265 ] } },
{ "type": "Feature", "properties": { "decimalLatitude": 38.503675, "decimalLongitude": -122.099379, "eventDate": "2022-02-20T14:28:13Z", "countryCode": "US" }, "geometry": { "type": "Point", "coordinates": [ -122.099379, 38.503675 ] } },
{ "type": "Feature", "properties": { "decimalLatitude": 38.540492, "decimalLongitude": -121.500683, "eventDate": "2022-02-22T08:39:00Z", "countryCode": "US" }, "geometry": { "type": "Point", "coordinates": [ -121.500683, 38.540492 ] } },
{ "type": "Feature", "properties": { "decimalLatitude": 38.368981, "decimalLongitude": -122.514313, "eventDate": "2022-02-20T09:45:29Z", "countryCode": "US" }, "geometry": { "type": "Point", "coordinates": [ -122.514313, 38.368981 ] } },
{ "type": "Feature", "properties": { "decimalLatitude": 38.819592, "decimalLongitude": -120.96418, "eventDate": "2022-02-20T15:23:04Z", "countryCode": "US" }, "geometry": { "type": "Point", "coordinates": [ -120.96418, 38.819592 ] } },
{ "type": "Feature", "properties": { "decimalLatitude": 38.574846, "decimalLongitude": -121.351001, "eventDate": "2022-02-05T11:26:22Z", "countryCode": "US" }, "geometry": { "type": "Point", "coordinates": [ -121.351001, 38.574846 ] } },
{ "type": "Feature", "properties": { "decimalLatitude": 38.655013, "decimalLongitude": -121.194612, "eventDate": "2022-02-20T16:10:02Z", "countryCode": "US" }, "geometry": { "type": "Point", "coordinates": [ -121.194612, 38.655013 ] } },
{ "type": "Feature", "properties": { "decimalLatitude": 39.844097, "decimalLongitude": -121.705932, "eventDate": "2022-02-19T12:07:57Z", "countryCode": "US" }, "geometry": { "type": "Point", "coordinates": [ -121.705932, 39.844097 ] } },
{ "type": "Feature", "properties": { "decimalLatitude": 38.261167, "decimalLongitude": -122.150528, "eventDate": "2022-02-21T10:32:54Z", "countryCode": "US" }, "geometry": { "type": "Point", "coordinates": [ -122.150528, 38.261167 ] } },
{ "type": "Feature", "properties": { "decimalLatitude": 38.503727, "decimalLongitude": -122.099537, "eventDate": "2022-02-19T10:59:00Z", "countryCode": "US" }, "geometry": { "type": "Point", "coordinates": [ -122.099537, 38.503727 ] } },
{ "type": "Feature", "properties": { "decimalLatitude": 38.510197, "decimalLongitude": -122.097105, "eventDate": "2022-02-20T17:22:32Z", "countryCode": "US" }, "geometry": { "type": "Point", "coordinates": [ -122.097105, 38.510197 ] } },
{ "type": "Feature", "properties": { "decimalLatitude": 38.369563, "decimalLongitude": -122.497537, "eventDate": "2022-02-24T14:15:57Z", "countryCode": "US" }, "geometry": { "type": "Point", "coordinates": [ -122.497537, 38.369563 ] } },
{ "type": "Feature", "properties": { "decimalLatitude": 40.907545, "decimalLongitude": -122.236013, "eventDate": "2022-02-19T10:51:59Z", "countryCode": "US" }, "geometry": { "type": "Point", "coordinates": [ -122.236013, 40.907545 ] } },
{ "type": "Feature", "properties": { "decimalLatitude": 38.800878, "decimalLongitude": -122.232228, "eventDate": "2022-02-20T00:00:00Z", "countryCode": "US" }, "geometry": { "type": "Point", "coordinates": [ -122.232228, 38.800878 ] } },
{ "type": "Feature", "properties": { "decimalLatitude": 38.476342, "decimalLongitude": -123.024575, "eventDate": "2022-02-19T14:00:36Z", "countryCode": "US" }, "geometry": { "type": "Point", "coordinates": [ -123.024575, 38.476342 ] } },
{ "type": "Feature", "properties": { "decimalLatitude": 39.851581, "decimalLongitude": -121.392282, "eventDate": "2022-02-19T17:23:49Z", "countryCode": "US" }, "geometry": { "type": "Point", "coordinates": [ -121.392282, 39.851581 ] } },
{ "type": "Feature", "properties": { "decimalLatitude": 37.965465, "decimalLongitude": -122.261006, "eventDate": "2022-02-20T17:29:00Z", "countryCode": "US" }, "geometry": { "type": "Point", "coordinates": [ -122.261006, 37.965465 ] } },
{ "type": "Feature", "properties": { "decimalLatitude": 39.342445, "decimalLongitude": -121.327355, "eventDate": "2022-02-19T16:04:00Z", "countryCode": "US" }, "geometry": { "type": "Point", "coordinates": [ -121.327355, 39.342445 ] } },
{ "type": "Feature", "properties": { "decimalLatitude": 39.342433, "decimalLongitude": -121.327581, "eventDate": "2022-02-19T15:51:00Z", "countryCode": "US" }, "geometry": { "type": "Point", "coordinates": [ -121.327581, 39.342433 ] } },
{ "type": "Feature", "properties": { "decimalLatitude": 38.773537, "decimalLongitude": -121.125939, "eventDate": "2022-02-20T10:20:24Z", "countryCode": "US" }, "geometry": { "type": "Point", "coordinates": [ -121.125939, 38.773537 ] } },
{ "type": "Feature", "properties": { "decimalLatitude": 38.821392, "decimalLongitude": -120.966055, "eventDate": "2022-02-21T15:29:46Z", "countryCode": "US" }, "geometry": { "type": "Point", "coordinates": [ -120.966055, 38.821392 ] } },
{ "type": "Feature", "properties": { "decimalLatitude": 39.342044, "decimalLongitude": -121.326824, "eventDate": "2022-02-19T16:04:00Z", "countryCode": "US" }, "geometry": { "type": "Point", "coordinates": [ -121.326824, 39.342044 ] } },
{ "type": "Feature", "properties": { "decimalLatitude": 38.369572, "decimalLongitude": -122.49752, "eventDate": "2022-02-24T14:15:32Z", "countryCode": "US" }, "geometry": { "type": "Point", "coordinates": [ -122.49752, 38.369572 ] } },
{ "type": "Feature", "properties": { "decimalLatitude": 38.800195, "decimalLongitude": -121.108344, "eventDate": "2022-02-27T10:40:34Z", "countryCode": "US" }, "geometry": { "type": "Point", "coordinates": [ -121.108344, 38.800195 ] } },
{ "type": "Feature", "properties": { "decimalLatitude": 38.924238, "decimalLongitude": -121.039314, "eventDate": "2022-02-27T11:29:44Z", "countryCode": "US" }, "geometry": { "type": "Point", "coordinates": [ -121.039314, 38.924238 ] } },
{ "type": "Feature", "properties": { "decimalLatitude": 38.252638, "decimalLongitude": -122.135719, "eventDate": "2022-02-03T13:21:43Z", "countryCode": "US" }, "geometry": { "type": "Point", "coordinates": [ -122.135719, 38.252638 ] } },
{ "type": "Feature", "properties": { "decimalLatitude": 39.593864, "decimalLongitude": -121.553152, "eventDate": "2022-02-27T10:56:00Z", "countryCode": "US" }, "geometry": { "type": "Point", "coordinates": [ -121.553152, 39.593864 ] } },
{ "type": "Feature", "properties": { "decimalLatitude": 39.770162, "decimalLongitude": -121.766983, "eventDate": "2022-02-26T16:21:39Z", "countryCode": "US" }, "geometry": { "type": "Point", "coordinates": [ -121.766983, 39.770162 ] } },
{ "type": "Feature", "properties": { "decimalLatitude": 38.66282, "decimalLongitude": -121.188174, "eventDate": "2022-02-27T12:30:59Z", "countryCode": "US" }, "geometry": { "type": "Point", "coordinates": [ -121.188174, 38.66282 ] } },
{ "type": "Feature", "properties": { "decimalLatitude": 38.44232, "decimalLongitude": -122.534024, "eventDate": "2022-02-24T10:38:07Z", "countryCode": "US" }, "geometry": { "type": "Point", "coordinates": [ -122.534024, 38.44232 ] } },
{ "type": "Feature", "properties": { "decimalLatitude": 38.664705, "decimalLongitude": -121.191884, "eventDate": "2022-02-26T04:55:00Z", "countryCode": "US" }, "geometry": { "type": "Point", "coordinates": [ -121.191884, 38.664705 ] } },
{ "type": "Feature", "properties": { "decimalLatitude": 38.489861, "decimalLongitude": -122.021034, "eventDate": "2022-02-05T11:26:29Z", "countryCode": "US" }, "geometry": { "type": "Point", "coordinates": [ -122.021034, 38.489861 ] } },
{ "type": "Feature", "properties": { "decimalLatitude": 38.515233, "decimalLongitude": -122.080886, "eventDate": "2022-02-27T16:41:19Z", "countryCode": "US" }, "geometry": { "type": "Point", "coordinates": [ -122.080886, 38.515233 ] } },
{ "type": "Feature", "properties": { "decimalLatitude": 39.746579, "decimalLongitude": -121.978315, "eventDate": "2022-02-26T13:03:00Z", "countryCode": "US" }, "geometry": { "type": "Point", "coordinates": [ -121.978315, 39.746579 ] } },
{ "type": "Feature", "properties": { "decimalLatitude": 38.505368, "decimalLongitude": -122.097603, "eventDate": "2022-02-06T10:48:00Z", "countryCode": "US" }, "geometry": { "type": "Point", "coordinates": [ -122.097603, 38.505368 ] } },
{ "type": "Feature", "properties": { "decimalLatitude": 39.77203, "decimalLongitude": -121.772775, "eventDate": "2022-02-22T10:18:19Z", "countryCode": "US" }, "geometry": { "type": "Point", "coordinates": [ -121.772775, 39.77203 ] } },
{ "type": "Feature", "properties": { "decimalLatitude": 39.912047, "decimalLongitude": -122.090286, "eventDate": "2022-02-11T12:39:09Z", "countryCode": "US" }, "geometry": { "type": "Point", "coordinates": [ -122.090286, 39.912047 ] } },
{ "type": "Feature", "properties": { "decimalLatitude": 40.691362, "decimalLongitude": -122.451095, "eventDate": "2022-02-13T12:45:57Z", "countryCode": "US" }, "geometry": { "type": "Point", "coordinates": [ -122.451095, 40.691362 ] } },
{ "type": "Feature", "properties": { "decimalLatitude": 37.941417, "decimalLongitude": -122.125427, "eventDate": "2022-02-10T16:40:59Z", "countryCode": "US" }, "geometry": { "type": "Point", "coordinates": [ -122.125427, 37.941417 ] } },
{ "type": "Feature", "properties": { "decimalLatitude": 37.968566, "decimalLongitude": -122.267052, "eventDate": "2022-02-06T13:27:48Z", "countryCode": "US" }, "geometry": { "type": "Point", "coordinates": [ -122.267052, 37.968566 ] } },
{ "type": "Feature", "properties": { "decimalLatitude": 38.675386, "decimalLongitude": -121.192013, "eventDate": "2022-02-20T14:44:30Z", "countryCode": "US" }, "geometry": { "type": "Point", "coordinates": [ -121.192013, 38.675386 ] } },
{ "type": "Feature", "properties": { "decimalLatitude": 38.157845, "decimalLongitude": -122.131661, "eventDate": "2022-02-05T12:33:33Z", "countryCode": "US" }, "geometry": { "type": "Point", "coordinates": [ -122.131661, 38.157845 ] } },
{ "type": "Feature", "properties": { "decimalLatitude": 38.654955, "decimalLongitude": -121.194612, "eventDate": "2022-02-20T16:11:00Z", "countryCode": "US" }, "geometry": { "type": "Point", "coordinates": [ -121.194612, 38.654955 ] } },
{ "type": "Feature", "properties": { "decimalLatitude": 38.524556, "decimalLongitude": -122.892468, "eventDate": "2022-02-07T10:47:37Z", "countryCode": "US" }, "geometry": { "type": "Point", "coordinates": [ -122.892468, 38.524556 ] } },
{ "type": "Feature", "properties": { "decimalLatitude": 38.650364, "decimalLongitude": -121.189286, "eventDate": "2022-02-22T03:47:29.986Z", "countryCode": "US" }, "geometry": { "type": "Point", "coordinates": [ -121.189286, 38.650364 ] } },
{ "type": "Feature", "properties": { "decimalLatitude": 37.854508, "decimalLongitude": -122.247033, "eventDate": "2022-02-09T07:32:41.421Z", "countryCode": "US" }, "geometry": { "type": "Point", "coordinates": [ -122.247033, 37.854508 ] } },
{ "type": "Feature", "properties": { "decimalLatitude": 37.765561, "decimalLongitude": -122.472242, "eventDate": "2022-02-25T20:41:09.792Z", "countryCode": "US" }, "geometry": { "type": "Point", "coordinates": [ -122.472242, 37.765561 ] } },
{ "type": "Feature", "properties": { "decimalLatitude": 38.419463, "decimalLongitude": -122.354602, "eventDate": "2022-02-08T14:51:00Z", "countryCode": "US" }, "geometry": { "type": "Point", "coordinates": [ -122.354602, 38.419463 ] } },
{ "type": "Feature", "properties": { "decimalLatitude": 38.617466, "decimalLongitude": -121.311572, "eventDate": "2022-02-23T10:59:00Z", "countryCode": "US" }, "geometry": { "type": "Point", "coordinates": [ -121.311572, 38.617466 ] } },
{ "type": "Feature", "properties": { "decimalLatitude": 37.978381, "decimalLongitude": -122.615044, "eventDate": "2022-02-20T17:32:26Z", "countryCode": "US" }, "geometry": { "type": "Point", "coordinates": [ -122.615044, 37.978381 ] } },
{ "type": "Feature", "properties": { "decimalLatitude": 37.97823, "decimalLongitude": -122.614447, "eventDate": "2022-02-21T16:49:55Z", "countryCode": "US" }, "geometry": { "type": "Point", "coordinates": [ -122.614447, 37.97823 ] } },
{ "type": "Feature", "properties": { "decimalLatitude": 38.340858, "decimalLongitude": -122.538047, "eventDate": "2022-03-01T16:10:01Z", "countryCode": "US" }, "geometry": { "type": "Point", "coordinates": [ -122.538047, 38.340858 ] } },
{ "type": "Feature", "properties": { "decimalLatitude": 38.545911, "decimalLongitude": -122.538189, "eventDate": "2022-03-02T14:04:24Z", "countryCode": "US" }, "geometry": { "type": "Point", "coordinates": [ -122.538189, 38.545911 ] } },
{ "type": "Feature", "properties": { "decimalLatitude": 38.649434, "decimalLongitude": -121.188464, "eventDate": "2022-03-03T16:23:59Z", "countryCode": "US" }, "geometry": { "type": "Point", "coordinates": [ -121.188464, 38.649434 ] } },
{ "type": "Feature", "properties": { "decimalLatitude": 39.694467, "decimalLongitude": -121.779105, "eventDate": "2022-03-01T11:23:14Z", "countryCode": "US" }, "geometry": { "type": "Point", "coordinates": [ -121.779105, 39.694467 ] } },
{ "type": "Feature", "properties": { "decimalLatitude": 38.53855, "decimalLongitude": -121.764205, "eventDate": "2022-03-04T14:40:32Z", "countryCode": "US" }, "geometry": { "type": "Point", "coordinates": [ -121.764205, 38.53855 ] } },
{ "type": "Feature", "properties": { "decimalLatitude": 39.202907, "decimalLongitude": -121.804922, "eventDate": "2022-03-05T09:54:00Z", "countryCode": "US" }, "geometry": { "type": "Point", "coordinates": [ -121.804922, 39.202907 ] } },
{ "type": "Feature", "properties": { "decimalLatitude": 38.516849, "decimalLongitude": -122.855868, "eventDate": "2022-03-06T13:41:53Z", "countryCode": "US" }, "geometry": { "type": "Point", "coordinates": [ -122.855868, 38.516849 ] } },
{ "type": "Feature", "properties": { "decimalLatitude": 38.352487, "decimalLongitude": -122.521814, "eventDate": "2022-03-06T09:35:15Z", "countryCode": "US" }, "geometry": { "type": "Point", "coordinates": [ -122.521814, 38.352487 ] } },
{ "type": "Feature", "properties": { "decimalLatitude": 38.595304, "decimalLongitude": -121.330583, "eventDate": "2022-03-07T12:39:26Z", "countryCode": "US" }, "geometry": { "type": "Point", "coordinates": [ -121.330583, 38.595304 ] } },
{ "type": "Feature", "properties": { "decimalLatitude": 38.695648, "decimalLongitude": -121.185742, "eventDate": "2022-03-13T18:39:20Z", "countryCode": "US" }, "geometry": { "type": "Point", "coordinates": [ -121.185742, 38.695648 ] } },
{ "type": "Feature", "properties": { "decimalLatitude": 38.413681, "decimalLongitude": -122.957084, "eventDate": "2022-03-16T14:49:44Z", "countryCode": "US" }, "geometry": { "type": "Point", "coordinates": [ -122.957084, 38.413681 ] } },
{ "type": "Feature", "properties": { "decimalLatitude": 38.502742, "decimalLongitude": -122.099419, "eventDate": "2022-03-13T17:06:00Z", "countryCode": "US" }, "geometry": { "type": "Point", "coordinates": [ -122.099419, 38.502742 ] } },
{ "type": "Feature", "properties": { "decimalLatitude": 38.674445, "decimalLongitude": -121.191962, "eventDate": "2022-03-14T13:32:18Z", "countryCode": "US" }, "geometry": { "type": "Point", "coordinates": [ -121.191962, 38.674445 ] } },
{ "type": "Feature", "properties": { "decimalLatitude": 38.36958, "decimalLongitude": -122.49758, "eventDate": "2022-03-10T13:39:14Z", "countryCode": "US" }, "geometry": { "type": "Point", "coordinates": [ -122.49758, 38.36958 ] } },
{ "type": "Feature", "properties": { "decimalLatitude": 37.850197, "decimalLongitude": -122.554292, "eventDate": "2022-03-12T14:07:20Z", "countryCode": "US" }, "geometry": { "type": "Point", "coordinates": [ -122.554292, 37.850197 ] } },
{ "type": "Feature", "properties": { "decimalLatitude": 38.496071, "decimalLongitude": -122.100578, "eventDate": "2022-03-12T00:25:00Z", "countryCode": "US" }, "geometry": { "type": "Point", "coordinates": [ -122.100578, 38.496071 ] } },
{ "type": "Feature", "properties": { "decimalLatitude": 38.551747, "decimalLongitude": -122.51918, "eventDate": "2022-03-10T12:04:00Z", "countryCode": "US" }, "geometry": { "type": "Point", "coordinates": [ -122.51918, 38.551747 ] } },
{ "type": "Feature", "properties": { "decimalLatitude": 38.551747, "decimalLongitude": -122.51918, "eventDate": "2022-03-10T13:09:00Z", "countryCode": "US" }, "geometry": { "type": "Point", "coordinates": [ -122.51918, 38.551747 ] } },
{ "type": "Feature", "properties": { "decimalLatitude": 38.815983, "decimalLongitude": -120.99257, "eventDate": "2022-03-11T13:16:45Z", "countryCode": "US" }, "geometry": { "type": "Point", "coordinates": [ -120.99257, 38.815983 ] } },
{ "type": "Feature", "properties": { "decimalLatitude": 38.768345, "decimalLongitude": -121.132028, "eventDate": "2022-03-11T10:41:00Z", "countryCode": "US" }, "geometry": { "type": "Point", "coordinates": [ -121.132028, 38.768345 ] } },
{ "type": "Feature", "properties": { "decimalLatitude": 40.937501, "decimalLongitude": -122.253757, "eventDate": "2022-03-12T15:12:00Z", "countryCode": "US" }, "geometry": { "type": "Point", "coordinates": [ -122.253757, 40.937501 ] } },
{ "type": "Feature", "properties": { "decimalLatitude": 38.27336, "decimalLongitude": -120.909872, "eventDate": "2022-03-09T13:00:35Z", "countryCode": "US" }, "geometry": { "type": "Point", "coordinates": [ -120.909872, 38.27336 ] } },
{ "type": "Feature", "properties": { "decimalLatitude": 39.760987, "decimalLongitude": -121.798888, "eventDate": "2022-03-13T10:30:06Z", "countryCode": "US" }, "geometry": { "type": "Point", "coordinates": [ -121.798888, 39.760987 ] } },
{ "type": "Feature", "properties": { "decimalLatitude": 38.001714, "decimalLongitude": -122.7088, "eventDate": "2022-03-11T17:06:55Z", "countryCode": "US" }, "geometry": { "type": "Point", "coordinates": [ -122.7088, 38.001714 ] } },
{ "type": "Feature", "properties": { "decimalLatitude": 38.692582, "decimalLongitude": -121.182614, "eventDate": "2022-03-13T13:23:22Z", "countryCode": "US" }, "geometry": { "type": "Point", "coordinates": [ -121.182614, 38.692582 ] } },
{ "type": "Feature", "properties": { "decimalLatitude": 38.505038, "decimalLongitude": -122.097892, "eventDate": "2022-03-11T14:01:47Z", "countryCode": "US" }, "geometry": { "type": "Point", "coordinates": [ -122.097892, 38.505038 ] } },
{ "type": "Feature", "properties": { "decimalLatitude": 40.920995, "decimalLongitude": -122.245937, "eventDate": "2022-03-12T18:17:00Z", "countryCode": "US" }, "geometry": { "type": "Point", "coordinates": [ -122.245937, 40.920995 ] } },
{ "type": "Feature", "properties": { "decimalLatitude": 38.638308, "decimalLongitude": -121.252992, "eventDate": "2022-03-13T13:39:10Z", "countryCode": "US" }, "geometry": { "type": "Point", "coordinates": [ -121.252992, 38.638308 ] } },
{ "type": "Feature", "properties": { "decimalLatitude": 38.500606, "decimalLongitude": -122.099694, "eventDate": "2022-03-15T15:05:20Z", "countryCode": "US" }, "geometry": { "type": "Point", "coordinates": [ -122.099694, 38.500606 ] } },
{ "type": "Feature", "properties": { "decimalLatitude": 39.597003, "decimalLongitude": -121.550242, "eventDate": "2022-03-17T14:56:00Z", "countryCode": "US" }, "geometry": { "type": "Point", "coordinates": [ -121.550242, 39.597003 ] } },
{ "type": "Feature", "properties": { "decimalLatitude": 38.500587, "decimalLongitude": -122.099725, "eventDate": "2022-03-06T14:21:15Z", "countryCode": "US" }, "geometry": { "type": "Point", "coordinates": [ -122.099725, 38.500587 ] } },
{ "type": "Feature", "properties": { "decimalLatitude": 37.981542, "decimalLongitude": -122.619872, "eventDate": "2022-03-20T16:17:31Z", "countryCode": "US" }, "geometry": { "type": "Point", "coordinates": [ -122.619872, 37.981542 ] } },
{ "type": "Feature", "properties": { "decimalLatitude": 38.52023, "decimalLongitude": -121.966758, "eventDate": "2022-03-21T15:58:34Z", "countryCode": "US" }, "geometry": { "type": "Point", "coordinates": [ -121.966758, 38.52023 ] } },
{ "type": "Feature", "properties": { "decimalLatitude": 38.606114, "decimalLongitude": -121.310358, "eventDate": "2022-03-19T14:29:53Z", "countryCode": "US" }, "geometry": { "type": "Point", "coordinates": [ -121.310358, 38.606114 ] } },
{ "type": "Feature", "properties": { "decimalLatitude": 38.698879, "decimalLongitude": -121.221191, "eventDate": "2022-03-24T16:07:17Z", "countryCode": "US" }, "geometry": { "type": "Point", "coordinates": [ -121.221191, 38.698879 ] } },
{ "type": "Feature", "properties": { "decimalLatitude": 38.515317, "decimalLongitude": -122.082175, "eventDate": "2022-03-10T14:52:33Z", "countryCode": "US" }, "geometry": { "type": "Point", "coordinates": [ -122.082175, 38.515317 ] } },
{ "type": "Feature", "properties": { "decimalLatitude": 38.002232, "decimalLongitude": -122.708717, "eventDate": "2022-03-23T12:24:03Z", "countryCode": "US" }, "geometry": { "type": "Point", "coordinates": [ -122.708717, 38.002232 ] } },
{ "type": "Feature", "properties": { "decimalLatitude": 40.563181, "decimalLongitude": -122.057989, "eventDate": "2022-03-05T13:19:18Z", "countryCode": "US" }, "geometry": { "type": "Point", "coordinates": [ -122.057989, 40.563181 ] } },
{ "type": "Feature", "properties": { "decimalLatitude": 38.001728, "decimalLongitude": -122.708275, "eventDate": "2022-03-19T14:18:35Z", "countryCode": "US" }, "geometry": { "type": "Point", "coordinates": [ -122.708275, 38.001728 ] } },
{ "type": "Feature", "properties": { "decimalLatitude": 38.617466, "decimalLongitude": -121.311572, "eventDate": "2022-03-24T12:02:00Z", "countryCode": "US" }, "geometry": { "type": "Point", "coordinates": [ -121.311572, 38.617466 ] } },
{ "type": "Feature", "properties": { "decimalLatitude": 38.377394, "decimalLongitude": -121.9878, "eventDate": "2022-03-16T12:00:56Z", "countryCode": "US" }, "geometry": { "type": "Point", "coordinates": [ -121.9878, 38.377394 ] } },
{ "type": "Feature", "properties": { "decimalLatitude": 39.330577, "decimalLongitude": -121.031216, "eventDate": "2022-03-21T13:03:29Z", "countryCode": "US" }, "geometry": { "type": "Point", "coordinates": [ -121.031216, 39.330577 ] } },
{ "type": "Feature", "properties": { "decimalLatitude": 39.597766, "decimalLongitude": -121.555245, "eventDate": "2022-03-22T23:52:00Z", "countryCode": "US" }, "geometry": { "type": "Point", "coordinates": [ -121.555245, 39.597766 ] } },
{ "type": "Feature", "properties": { "decimalLatitude": 38.001761, "decimalLongitude": -122.708908, "eventDate": "2022-03-19T14:19:40Z", "countryCode": "US" }, "geometry": { "type": "Point", "coordinates": [ -122.708908, 38.001761 ] } },
{ "type": "Feature", "properties": { "decimalLatitude": 37.971103, "decimalLongitude": -122.590728, "eventDate": "2022-03-23T12:19:16Z", "countryCode": "US" }, "geometry": { "type": "Point", "coordinates": [ -122.590728, 37.971103 ] } },
{ "type": "Feature", "properties": { "decimalLatitude": 38.498905, "decimalLongitude": -122.900772, "eventDate": "2022-03-21T10:38:30Z", "countryCode": "US" }, "geometry": { "type": "Point", "coordinates": [ -122.900772, 38.498905 ] } },
{ "type": "Feature", "properties": { "decimalLatitude": 38.615906, "decimalLongitude": -121.307371, "eventDate": "2022-03-12T14:59:00Z", "countryCode": "US" }, "geometry": { "type": "Point", "coordinates": [ -121.307371, 38.615906 ] } },
{ "type": "Feature", "properties": { "decimalLatitude": 39.605528, "decimalLongitude": -121.548588, "eventDate": "2022-03-20T19:41:36Z", "countryCode": "US" }, "geometry": { "type": "Point", "coordinates": [ -121.548588, 39.605528 ] } },
{ "type": "Feature", "properties": { "decimalLatitude": 40.592971, "decimalLongitude": -122.38176, "eventDate": "2022-03-11T13:03:47Z", "countryCode": "US" }, "geometry": { "type": "Point", "coordinates": [ -122.38176, 40.592971 ] } },
{ "type": "Feature", "properties": { "decimalLatitude": 38.907764, "decimalLongitude": -121.050748, "eventDate": "2022-03-20T13:54:32Z", "countryCode": "US" }, "geometry": { "type": "Point", "coordinates": [ -121.050748, 38.907764 ] } },
{ "type": "Feature", "properties": { "decimalLatitude": 38.500633, "decimalLongitude": -122.09975, "eventDate": "2022-03-18T13:42:46Z", "countryCode": "US" }, "geometry": { "type": "Point", "coordinates": [ -122.09975, 38.500633 ] } },
{ "type": "Feature", "properties": { "decimalLatitude": 38.699854, "decimalLongitude": -121.220198, "eventDate": "2022-03-24T16:06:15Z", "countryCode": "US" }, "geometry": { "type": "Point", "coordinates": [ -121.220198, 38.699854 ] } },
{ "type": "Feature", "properties": { "decimalLatitude": 39.299163, "decimalLongitude": -121.082847, "eventDate": "2022-03-27T14:54:01Z", "countryCode": "US" }, "geometry": { "type": "Point", "coordinates": [ -121.082847, 39.299163 ] } },
{ "type": "Feature", "properties": { "decimalLatitude": 39.108234, "decimalLongitude": -121.338311, "eventDate": "2022-03-25T09:32:00Z", "countryCode": "US" }, "geometry": { "type": "Point", "coordinates": [ -121.338311, 39.108234 ] } },
{ "type": "Feature", "properties": { "decimalLatitude": 39.108195, "decimalLongitude": -121.338327, "eventDate": "2022-03-25T09:32:00Z", "countryCode": "US" }, "geometry": { "type": "Point", "coordinates": [ -121.338327, 39.108195 ] } },
{ "type": "Feature", "properties": { "decimalLatitude": 38.49057, "decimalLongitude": -122.023505, "eventDate": "2022-03-25T14:10:21Z", "countryCode": "US" }, "geometry": { "type": "Point", "coordinates": [ -122.023505, 38.49057 ] } },
{ "type": "Feature", "properties": { "decimalLatitude": 39.108252, "decimalLongitude": -121.338354, "eventDate": "2022-03-25T09:32:00Z", "countryCode": "US" }, "geometry": { "type": "Point", "coordinates": [ -121.338354, 39.108252 ] } },
{ "type": "Feature", "properties": { "decimalLatitude": 39.292695, "decimalLongitude": -121.094161, "eventDate": "2022-03-27T14:09:43Z", "countryCode": "US" }, "geometry": { "type": "Point", "coordinates": [ -121.094161, 39.292695 ] } },
{ "type": "Feature", "properties": { "decimalLatitude": 38.514492, "decimalLongitude": -122.054764, "eventDate": "2022-03-25T10:19:16Z", "countryCode": "US" }, "geometry": { "type": "Point", "coordinates": [ -122.054764, 38.514492 ] } },
{ "type": "Feature", "properties": { "decimalLatitude": 37.878088, "decimalLongitude": -122.446939, "eventDate": "2022-03-27T10:11:20Z", "countryCode": "US" }, "geometry": { "type": "Point", "coordinates": [ -122.446939, 37.878088 ] } },
{ "type": "Feature", "properties": { "decimalLatitude": 38.836053, "decimalLongitude": -121.083625, "eventDate": "2022-03-29T18:52:39Z", "countryCode": "US" }, "geometry": { "type": "Point", "coordinates": [ -121.083625, 38.836053 ] } },
{ "type": "Feature", "properties": { "decimalLatitude": 38.500633, "decimalLongitude": -122.099717, "eventDate": "2022-03-18T13:39:03Z", "countryCode": "US" }, "geometry": { "type": "Point", "coordinates": [ -122.099717, 38.500633 ] } },
{ "type": "Feature", "properties": { "decimalLatitude": 39.603852, "decimalLongitude": -121.55866, "eventDate": "2022-03-27T09:51:00Z", "countryCode": "US" }, "geometry": { "type": "Point", "coordinates": [ -121.55866, 39.603852 ] } },
{ "type": "Feature", "properties": { "decimalLatitude": 37.842799, "decimalLongitude": -122.552849, "eventDate": "2022-03-27T14:39:59Z", "countryCode": "US" }, "geometry": { "type": "Point", "coordinates": [ -122.552849, 37.842799 ] } },
{ "type": "Feature", "properties": { "decimalLatitude": 39.295625, "decimalLongitude": -121.091536, "eventDate": "2022-03-27T14:21:20Z", "countryCode": "US" }, "geometry": { "type": "Point", "coordinates": [ -121.091536, 39.295625 ] } },
{ "type": "Feature", "properties": { "decimalLatitude": 40.493281, "decimalLongitude": -122.468147, "eventDate": "2022-03-30T18:27:10Z", "countryCode": "US" }, "geometry": { "type": "Point", "coordinates": [ -122.468147, 40.493281 ] } },
{ "type": "Feature", "properties": { "decimalLatitude": 39.106503, "decimalLongitude": -121.346683, "eventDate": "2022-03-25T11:33:00Z", "countryCode": "US" }, "geometry": { "type": "Point", "coordinates": [ -121.346683, 39.106503 ] } },
{ "type": "Feature", "properties": { "decimalLatitude": 39.106514, "decimalLongitude": -121.346691, "eventDate": "2022-03-25T11:34:00Z", "countryCode": "US" }, "geometry": { "type": "Point", "coordinates": [ -121.346691, 39.106514 ] } },
{ "type": "Feature", "properties": { "decimalLatitude": 39.106514, "decimalLongitude": -121.346703, "eventDate": "2022-03-25T11:34:00Z", "countryCode": "US" }, "geometry": { "type": "Point", "coordinates": [ -121.346703, 39.106514 ] } },
{ "type": "Feature", "properties": { "decimalLatitude": 38.770219, "decimalLongitude": -121.138796, "eventDate": "2022-03-27T14:14:32Z", "countryCode": "US" }, "geometry": { "type": "Point", "coordinates": [ -121.138796, 38.770219 ] } },
{ "type": "Feature", "properties": { "decimalLatitude": 39.106561, "decimalLongitude": -121.346758, "eventDate": "2022-03-25T11:34:00Z", "countryCode": "US" }, "geometry": { "type": "Point", "coordinates": [ -121.346758, 39.106561 ] } },
{ "type": "Feature", "properties": { "decimalLatitude": 39.106518, "decimalLongitude": -121.346732, "eventDate": "2022-03-25T11:33:00Z", "countryCode": "US" }, "geometry": { "type": "Point", "coordinates": [ -121.346732, 39.106518 ] } },
{ "type": "Feature", "properties": { "decimalLatitude": 39.107261, "decimalLongitude": -121.345663, "eventDate": "2022-03-25T12:32:00Z", "countryCode": "US" }, "geometry": { "type": "Point", "coordinates": [ -121.345663, 39.107261 ] } },
{ "type": "Feature", "properties": { "decimalLatitude": 39.10651, "decimalLongitude": -121.346699, "eventDate": "2022-03-25T11:33:00Z", "countryCode": "US" }, "geometry": { "type": "Point", "coordinates": [ -121.346699, 39.10651 ] } },
{ "type": "Feature", "properties": { "decimalLatitude": 39.106512, "decimalLongitude": -121.346676, "eventDate": "2022-03-25T11:34:00Z", "countryCode": "US" }, "geometry": { "type": "Point", "coordinates": [ -121.346676, 39.106512 ] } },
{ "type": "Feature", "properties": { "decimalLatitude": 38.61516, "decimalLongitude": -121.308331, "eventDate": "2022-03-29T12:49:00Z", "countryCode": "US" }, "geometry": { "type": "Point", "coordinates": [ -121.308331, 38.61516 ] } },
{ "type": "Feature", "properties": { "decimalLatitude": 38.509934, "decimalLongitude": -122.097216, "eventDate": "2022-03-04T12:25:00Z", "countryCode": "US" }, "geometry": { "type": "Point", "coordinates": [ -122.097216, 38.509934 ] } },
{ "type": "Feature", "properties": { "decimalLatitude": 40.588292, "decimalLongitude": -122.376703, "eventDate": "2022-03-06T23:03:56.068Z", "countryCode": "US" }, "geometry": { "type": "Point", "coordinates": [ -122.376703, 40.588292 ] } },
{ "type": "Feature", "properties": { "decimalLatitude": 40.588292, "decimalLongitude": -122.376703, "eventDate": "2022-03-06T23:03:50.266Z", "countryCode": "US" }, "geometry": { "type": "Point", "coordinates": [ -122.376703, 40.588292 ] } },
{ "type": "Feature", "properties": { "decimalLatitude": 39.108232, "decimalLongitude": -121.338231, "eventDate": "2022-03-25T09:32:00Z", "countryCode": "US" }, "geometry": { "type": "Point", "coordinates": [ -121.338231, 39.108232 ] } },
{ "type": "Feature", "properties": { "decimalLatitude": 39.108237, "decimalLongitude": -121.338205, "eventDate": "2022-03-25T09:32:00Z", "countryCode": "US" }, "geometry": { "type": "Point", "coordinates": [ -121.338205, 39.108237 ] } },
{ "type": "Feature", "properties": { "decimalLatitude": 38.913828, "decimalLongitude": -121.015091, "eventDate": "2022-03-14T00:00:00Z", "countryCode": "US" }, "geometry": { "type": "Point", "coordinates": [ -121.015091, 38.913828 ] } },
{ "type": "Feature", "properties": { "decimalLatitude": 37.926195, "decimalLongitude": -122.67432, "eventDate": "2022-03-25T17:53:26Z", "countryCode": "US" }, "geometry": { "type": "Point", "coordinates": [ -122.67432, 37.926195 ] } },
{ "type": "Feature", "properties": { "decimalLatitude": 39.88907, "decimalLongitude": -121.63382, "eventDate": "2022-03-27T16:20:07Z", "countryCode": "US" }, "geometry": { "type": "Point", "coordinates": [ -121.63382, 39.88907 ] } },
{ "type": "Feature", "properties": { "decimalLatitude": 37.817158, "decimalLongitude": -122.044053, "eventDate": "2022-03-31T13:23:14Z", "countryCode": "US" }, "geometry": { "type": "Point", "coordinates": [ -122.044053, 37.817158 ] } },
{ "type": "Feature", "properties": { "decimalLatitude": 40.725675, "decimalLongitude": -122.453439, "eventDate": "2022-03-06T08:06:00Z", "countryCode": "US" }, "geometry": { "type": "Point", "coordinates": [ -122.453439, 40.725675 ] } },
{ "type": "Feature", "properties": { "decimalLatitude": 40.847691, "decimalLongitude": -122.403971, "eventDate": "2022-03-19T10:29:34Z", "countryCode": "US" }, "geometry": { "type": "Point", "coordinates": [ -122.403971, 40.847691 ] } },
{ "type": "Feature", "properties": { "decimalLatitude": 39.605236, "decimalLongitude": -121.562985, "eventDate": "2022-04-02T13:50:16Z", "countryCode": "US" }, "geometry": { "type": "Point", "coordinates": [ -121.562985, 39.605236 ] } },
{ "type": "Feature", "properties": { "decimalLatitude": 38.443179, "decimalLongitude": -122.531542, "eventDate": "2022-04-18T12:55:00Z", "countryCode": "US" }, "geometry": { "type": "Point", "coordinates": [ -122.531542, 38.443179 ] } },
{ "type": "Feature", "properties": { "decimalLatitude": 38.628609, "decimalLongitude": -121.281886, "eventDate": "2022-04-01T00:00:00Z", "countryCode": "US" }, "geometry": { "type": "Point", "coordinates": [ -121.281886, 38.628609 ] } },
{ "type": "Feature", "properties": { "decimalLatitude": 38.369597, "decimalLongitude": -122.497548, "eventDate": "2022-04-13T10:58:00Z", "countryCode": "US" }, "geometry": { "type": "Point", "coordinates": [ -122.497548, 38.369597 ] } },
{ "type": "Feature", "properties": { "decimalLatitude": 38.618373, "decimalLongitude": -121.307848, "eventDate": "2022-04-04T18:29:44Z", "countryCode": "US" }, "geometry": { "type": "Point", "coordinates": [ -121.307848, 38.618373 ] } },
{ "type": "Feature", "properties": { "decimalLatitude": 38.819233, "decimalLongitude": -120.951225, "eventDate": "2022-04-02T15:56:17Z", "countryCode": "US" }, "geometry": { "type": "Point", "coordinates": [ -120.951225, 38.819233 ] } },
{ "type": "Feature", "properties": { "decimalLatitude": 38.342967, "decimalLongitude": -122.48365, "eventDate": "2022-04-01T12:30:00Z", "countryCode": "US" }, "geometry": { "type": "Point", "coordinates": [ -122.48365, 38.342967 ] } },
{ "type": "Feature", "properties": { "decimalLatitude": 38.442483, "decimalLongitude": -122.523402, "eventDate": "2022-04-17T12:59:00Z", "countryCode": "US" }, "geometry": { "type": "Point", "coordinates": [ -122.523402, 38.442483 ] } },
{ "type": "Feature", "properties": { "decimalLatitude": 38.665881, "decimalLongitude": -121.187421, "eventDate": "2022-04-10T09:06:22Z", "countryCode": "US" }, "geometry": { "type": "Point", "coordinates": [ -121.187421, 38.665881 ] } },
{ "type": "Feature", "properties": { "decimalLatitude": 39.716625, "decimalLongitude": -121.718873, "eventDate": "2022-04-17T11:42:01Z", "countryCode": "US" }, "geometry": { "type": "Point", "coordinates": [ -121.718873, 39.716625 ] } },
{ "type": "Feature", "properties": { "decimalLatitude": 38.595252, "decimalLongitude": -121.330237, "eventDate": "2022-04-11T10:15:00Z", "countryCode": "US" }, "geometry": { "type": "Point", "coordinates": [ -121.330237, 38.595252 ] } },
{ "type": "Feature", "properties": { "decimalLatitude": 38.352394, "decimalLongitude": -122.521783, "eventDate": "2022-04-11T10:18:58Z", "countryCode": "US" }, "geometry": { "type": "Point", "coordinates": [ -122.521783, 38.352394 ] } },
{ "type": "Feature", "properties": { "decimalLatitude": 37.917086, "decimalLongitude": -122.373498, "eventDate": "2022-04-10T18:01:00Z", "countryCode": "US" }, "geometry": { "type": "Point", "coordinates": [ -122.373498, 37.917086 ] } },
{ "type": "Feature", "properties": { "decimalLatitude": 38.635185, "decimalLongitude": -121.245362, "eventDate": "2022-04-02T09:53:40Z", "countryCode": "US" }, "geometry": { "type": "Point", "coordinates": [ -121.245362, 38.635185 ] } },
{ "type": "Feature", "properties": { "decimalLatitude": 38.53643, "decimalLongitude": -121.74804, "eventDate": "2022-04-18T11:09:49Z", "countryCode": "US" }, "geometry": { "type": "Point", "coordinates": [ -121.74804, 38.53643 ] } },
{ "type": "Feature", "properties": { "decimalLatitude": 39.603711, "decimalLongitude": -121.559597, "eventDate": "2022-04-06T14:25:00Z", "countryCode": "US" }, "geometry": { "type": "Point", "coordinates": [ -121.559597, 39.603711 ] } },
{ "type": "Feature", "properties": { "decimalLatitude": 38.439894, "decimalLongitude": -122.523303, "eventDate": "2022-04-17T11:50:05Z", "countryCode": "US" }, "geometry": { "type": "Point", "coordinates": [ -122.523303, 38.439894 ] } },
{ "type": "Feature", "properties": { "decimalLatitude": 37.940522, "decimalLongitude": -122.410195, "eventDate": "2022-04-23T13:57:03Z", "countryCode": "US" }, "geometry": { "type": "Point", "coordinates": [ -122.410195, 37.940522 ] } },
{ "type": "Feature", "properties": { "decimalLatitude": 38.440507, "decimalLongitude": -122.523778, "eventDate": "2022-04-27T09:47:27Z", "countryCode": "US" }, "geometry": { "type": "Point", "coordinates": [ -122.523778, 38.440507 ] } },
{ "type": "Feature", "properties": { "decimalLatitude": 38.548072, "decimalLongitude": -122.527878, "eventDate": "2022-04-26T17:42:53Z", "countryCode": "US" }, "geometry": { "type": "Point", "coordinates": [ -122.527878, 38.548072 ] } },
{ "type": "Feature", "properties": { "decimalLatitude": 38.507228, "decimalLongitude": -122.0971, "eventDate": "2022-04-23T08:27:03Z", "countryCode": "US" }, "geometry": { "type": "Point", "coordinates": [ -122.0971, 38.507228 ] } },
{ "type": "Feature", "properties": { "decimalLatitude": 38.614047, "decimalLongitude": -121.307512, "eventDate": "2022-04-25T16:52:22Z", "countryCode": "US" }, "geometry": { "type": "Point", "coordinates": [ -121.307512, 38.614047 ] } },
{ "type": "Feature", "properties": { "decimalLatitude": 38.616969, "decimalLongitude": -121.311991, "eventDate": "2022-04-30T10:30:00Z", "countryCode": "US" }, "geometry": { "type": "Point", "coordinates": [ -121.311991, 38.616969 ] } },
{ "type": "Feature", "properties": { "decimalLatitude": 39.231428, "decimalLongitude": -121.785781, "eventDate": "2022-04-11T10:22:00Z", "countryCode": "US" }, "geometry": { "type": "Point", "coordinates": [ -121.785781, 39.231428 ] } },
{ "type": "Feature", "properties": { "decimalLatitude": 38.442703, "decimalLongitude": -122.5232, "eventDate": "2022-04-17T12:04:00Z", "countryCode": "US" }, "geometry": { "type": "Point", "coordinates": [ -122.5232, 38.442703 ] } },
{ "type": "Feature", "properties": { "decimalLatitude": 38.508621, "decimalLongitude": -122.097617, "eventDate": "2022-04-29T09:33:00Z", "countryCode": "US" }, "geometry": { "type": "Point", "coordinates": [ -122.097617, 38.508621 ] } },
{ "type": "Feature", "properties": { "decimalLatitude": 39.21684, "decimalLongitude": -120.820389, "eventDate": "2022-04-29T07:03:00Z", "countryCode": "US" }, "geometry": { "type": "Point", "coordinates": [ -120.820389, 39.21684 ] } },
{ "type": "Feature", "properties": { "decimalLatitude": 37.950997, "decimalLongitude": -122.14166, "eventDate": "2022-04-29T13:30:00Z", "countryCode": "US" }, "geometry": { "type": "Point", "coordinates": [ -122.14166, 37.950997 ] } },
{ "type": "Feature", "properties": { "decimalLatitude": 38.773072, "decimalLongitude": -121.134797, "eventDate": "2022-04-18T13:39:47Z", "countryCode": "US" }, "geometry": { "type": "Point", "coordinates": [ -121.134797, 38.773072 ] } },
{ "type": "Feature", "properties": { "decimalLatitude": 40.196853, "decimalLongitude": -122.224883, "eventDate": "2022-04-15T10:24:54Z", "countryCode": "US" }, "geometry": { "type": "Point", "coordinates": [ -122.224883, 40.196853 ] } },
{ "type": "Feature", "properties": { "decimalLatitude": 38.613841, "decimalLongitude": -121.309619, "eventDate": "2022-04-25T16:32:19Z", "countryCode": "US" }, "geometry": { "type": "Point", "coordinates": [ -121.309619, 38.613841 ] } },
{ "type": "Feature", "properties": { "decimalLatitude": 38.548888, "decimalLongitude": -122.526742, "eventDate": "2022-04-26T13:58:23Z", "countryCode": "US" }, "geometry": { "type": "Point", "coordinates": [ -122.526742, 38.548888 ] } },
{ "type": "Feature", "properties": { "decimalLatitude": 38.614518, "decimalLongitude": -121.309403, "eventDate": "2022-04-25T16:25:20Z", "countryCode": "US" }, "geometry": { "type": "Point", "coordinates": [ -121.309403, 38.614518 ] } },
{ "type": "Feature", "properties": { "decimalLatitude": 38.355281, "decimalLongitude": -122.539597, "eventDate": "2022-04-15T16:11:00Z", "countryCode": "US" }, "geometry": { "type": "Point", "coordinates": [ -122.539597, 38.355281 ] } },
{ "type": "Feature", "properties": { "decimalLatitude": 39.812267, "decimalLongitude": -121.800948, "eventDate": "2022-04-19T14:51:11Z", "countryCode": "US" }, "geometry": { "type": "Point", "coordinates": [ -121.800948, 39.812267 ] } },
{ "type": "Feature", "properties": { "decimalLatitude": 38.340905, "decimalLongitude": -122.004075, "eventDate": "2022-04-14T16:21:35Z", "countryCode": "US" }, "geometry": { "type": "Point", "coordinates": [ -122.004075, 38.340905 ] } },
{ "type": "Feature", "properties": { "decimalLatitude": 38.614131, "decimalLongitude": -121.309193, "eventDate": "2022-04-25T16:37:23Z", "countryCode": "US" }, "geometry": { "type": "Point", "coordinates": [ -121.309193, 38.614131 ] } },
{ "type": "Feature", "properties": { "decimalLatitude": 37.952553, "decimalLongitude": -122.257689, "eventDate": "2022-04-03T17:01:21Z", "countryCode": "US" }, "geometry": { "type": "Point", "coordinates": [ -122.257689, 37.952553 ] } },
{ "type": "Feature", "properties": { "decimalLatitude": 37.944397, "decimalLongitude": -122.128394, "eventDate": "2022-04-24T17:17:32Z", "countryCode": "US" }, "geometry": { "type": "Point", "coordinates": [ -122.128394, 37.944397 ] } },
{ "type": "Feature", "properties": { "decimalLatitude": 39.61428, "decimalLongitude": -121.26653, "eventDate": "2022-04-10T00:00:00Z", "countryCode": "US" }, "geometry": { "type": "Point", "coordinates": [ -121.26653, 39.61428 ] } },
{ "type": "Feature", "properties": { "decimalLatitude": 38.270134, "decimalLongitude": -122.165057, "eventDate": "2022-04-05T10:06:56Z", "countryCode": "US" }, "geometry": { "type": "Point", "coordinates": [ -122.165057, 38.270134 ] } },
{ "type": "Feature", "properties": { "decimalLatitude": 38.769787, "decimalLongitude": -121.130311, "eventDate": "2022-04-30T20:09:34Z", "countryCode": "US" }, "geometry": { "type": "Point", "coordinates": [ -121.130311, 38.769787 ] } },
{ "type": "Feature", "properties": { "decimalLatitude": 37.940595, "decimalLongitude": -122.410171, "eventDate": "2022-04-23T13:44:23Z", "countryCode": "US" }, "geometry": { "type": "Point", "coordinates": [ -122.410171, 37.940595 ] } },
{ "type": "Feature", "properties": { "decimalLatitude": 40.610672, "decimalLongitude": -122.576211, "eventDate": "2022-04-03T09:40:00Z", "countryCode": "US" }, "geometry": { "type": "Point", "coordinates": [ -122.576211, 40.610672 ] } },
{ "type": "Feature", "properties": { "decimalLatitude": 40.592797, "decimalLongitude": -122.422242, "eventDate": "2022-04-10T08:51:00Z", "countryCode": "US" }, "geometry": { "type": "Point", "coordinates": [ -122.422242, 40.592797 ] } },
{ "type": "Feature", "properties": { "decimalLatitude": 38.243817, "decimalLongitude": -122.133561, "eventDate": "2022-05-02T13:03:36Z", "countryCode": "US" }, "geometry": { "type": "Point", "coordinates": [ -122.133561, 38.243817 ] } },
{ "type": "Feature", "properties": { "decimalLatitude": 38.619337, "decimalLongitude": -121.307611, "eventDate": "2022-05-02T16:20:28Z", "countryCode": "US" }, "geometry": { "type": "Point", "coordinates": [ -121.307611, 38.619337 ] } },
{ "type": "Feature", "properties": { "decimalLatitude": 38.442585, "decimalLongitude": -122.533188, "eventDate": "2022-05-05T11:40:00Z", "countryCode": "US" }, "geometry": { "type": "Point", "coordinates": [ -122.533188, 38.442585 ] } },
{ "type": "Feature", "properties": { "decimalLatitude": 38.436905, "decimalLongitude": -122.518095, "eventDate": "2022-05-01T08:43:00Z", "countryCode": "US" }, "geometry": { "type": "Point", "coordinates": [ -122.518095, 38.436905 ] } },
{ "type": "Feature", "properties": { "decimalLatitude": 38.443856, "decimalLongitude": -122.531364, "eventDate": "2022-05-02T17:39:00Z", "countryCode": "US" }, "geometry": { "type": "Point", "coordinates": [ -122.531364, 38.443856 ] } },
{ "type": "Feature", "properties": { "decimalLatitude": 38.617907, "decimalLongitude": -121.307795, "eventDate": "2022-05-03T15:29:34Z", "countryCode": "US" }, "geometry": { "type": "Point", "coordinates": [ -121.307795, 38.617907 ] } },
{ "type": "Feature", "properties": { "decimalLatitude": 38.61761, "decimalLongitude": -121.31012, "eventDate": "2022-05-02T15:53:11Z", "countryCode": "US" }, "geometry": { "type": "Point", "coordinates": [ -121.31012, 38.61761 ] } },
{ "type": "Feature", "properties": { "decimalLatitude": 39.344212, "decimalLongitude": -121.330712, "eventDate": "2022-05-01T15:44:00Z", "countryCode": "US" }, "geometry": { "type": "Point", "coordinates": [ -121.330712, 39.344212 ] } },
{ "type": "Feature", "properties": { "decimalLatitude": 38.617655, "decimalLongitude": -121.307783, "eventDate": "2022-05-02T17:04:37Z", "countryCode": "US" }, "geometry": { "type": "Point", "coordinates": [ -121.307783, 38.617655 ] } },
{ "type": "Feature", "properties": { "decimalLatitude": 39.344462, "decimalLongitude": -121.330603, "eventDate": "2022-05-01T15:49:00Z", "countryCode": "US" }, "geometry": { "type": "Point", "coordinates": [ -121.330603, 39.344462 ] } },
{ "type": "Feature", "properties": { "decimalLatitude": 38.433492, "decimalLongitude": -122.506528, "eventDate": "2022-05-05T16:55:00Z", "countryCode": "US" }, "geometry": { "type": "Point", "coordinates": [ -122.506528, 38.433492 ] } },
{ "type": "Feature", "properties": { "decimalLatitude": 38.620956, "decimalLongitude": -121.306769, "eventDate": "2022-05-09T16:55:07Z", "countryCode": "US" }, "geometry": { "type": "Point", "coordinates": [ -121.306769, 38.620956 ] } },
{ "type": "Feature", "properties": { "decimalLatitude": 37.811084, "decimalLongitude": -122.371323, "eventDate": "2022-05-03T11:14:56Z", "countryCode": "US" }, "geometry": { "type": "Point", "coordinates": [ -122.371323, 37.811084 ] } },
{ "type": "Feature", "properties": { "decimalLatitude": 37.977473, "decimalLongitude": -122.614201, "eventDate": "2022-05-02T18:17:00Z", "countryCode": "US" }, "geometry": { "type": "Point", "coordinates": [ -122.614201, 37.977473 ] } },
{ "type": "Feature", "properties": { "decimalLatitude": 38.239413, "decimalLongitude": -122.13353, "eventDate": "2022-05-02T13:58:05Z", "countryCode": "US" }, "geometry": { "type": "Point", "coordinates": [ -122.13353, 38.239413 ] } },
{ "type": "Feature", "properties": { "decimalLatitude": 38.616385, "decimalLongitude": -121.308177, "eventDate": "2022-05-01T11:10:00Z", "countryCode": "US" }, "geometry": { "type": "Point", "coordinates": [ -121.308177, 38.616385 ] } },
{ "type": "Feature", "properties": { "decimalLatitude": 37.975971, "decimalLongitude": -122.270847, "eventDate": "2022-05-11T17:04:29Z", "countryCode": "US" }, "geometry": { "type": "Point", "coordinates": [ -122.270847, 37.975971 ] } },
{ "type": "Feature", "properties": { "decimalLatitude": 38.41198, "decimalLongitude": -122.700122, "eventDate": "2022-05-08T19:06:33Z", "countryCode": "US" }, "geometry": { "type": "Point", "coordinates": [ -122.700122, 38.41198 ] } },
{ "type": "Feature", "properties": { "decimalLatitude": 38.340637, "decimalLongitude": -122.531028, "eventDate": "2022-05-13T18:44:59Z", "countryCode": "US" }, "geometry": { "type": "Point", "coordinates": [ -122.531028, 38.340637 ] } },
{ "type": "Feature", "properties": { "decimalLatitude": 38.440973, "decimalLongitude": -122.525343, "eventDate": "2022-05-12T12:39:00Z", "countryCode": "US" }, "geometry": { "type": "Point", "coordinates": [ -122.525343, 38.440973 ] } },
{ "type": "Feature", "properties": { "decimalLatitude": 38.65248, "decimalLongitude": -121.191047, "eventDate": "2022-05-13T10:18:31Z", "countryCode": "US" }, "geometry": { "type": "Point", "coordinates": [ -121.191047, 38.65248 ] } },
{ "type": "Feature", "properties": { "decimalLatitude": 38.437418, "decimalLongitude": -122.502597, "eventDate": "2022-05-08T15:46:24Z", "countryCode": "US" }, "geometry": { "type": "Point", "coordinates": [ -122.502597, 38.437418 ] } },
{ "type": "Feature", "properties": { "decimalLatitude": 38.65915, "decimalLongitude": -121.189225, "eventDate": "2022-05-13T10:58:57Z", "countryCode": "US" }, "geometry": { "type": "Point", "coordinates": [ -121.189225, 38.65915 ] } },
{ "type": "Feature", "properties": { "decimalLatitude": 39.291771, "decimalLongitude": -121.09724, "eventDate": "2022-05-22T11:22:13Z", "countryCode": "US" }, "geometry": { "type": "Point", "coordinates": [ -121.09724, 39.291771 ] } },
{ "type": "Feature", "properties": { "decimalLatitude": 38.620286, "decimalLongitude": -121.307603, "eventDate": "2022-05-09T16:39:04Z", "countryCode": "US" }, "geometry": { "type": "Point", "coordinates": [ -121.307603, 38.620286 ] } },
{ "type": "Feature", "properties": { "decimalLatitude": 38.440187, "decimalLongitude": -122.523467, "eventDate": "2022-05-19T16:36:38Z", "countryCode": "US" }, "geometry": { "type": "Point", "coordinates": [ -122.523467, 38.440187 ] } },
{ "type": "Feature", "properties": { "decimalLatitude": 38.369587, "decimalLongitude": -122.497553, "eventDate": "2022-05-21T10:26:35Z", "countryCode": "US" }, "geometry": { "type": "Point", "coordinates": [ -122.497553, 38.369587 ] } },
{ "type": "Feature", "properties": { "decimalLatitude": 38.567974, "decimalLongitude": -121.367101, "eventDate": "2022-05-22T08:34:17Z", "countryCode": "US" }, "geometry": { "type": "Point", "coordinates": [ -121.367101, 38.567974 ] } },
{ "type": "Feature", "properties": { "decimalLatitude": 37.801193, "decimalLongitude": -122.00323, "eventDate": "2022-05-20T14:24:54Z", "countryCode": "US" }, "geometry": { "type": "Point", "coordinates": [ -122.00323, 37.801193 ] } },
{ "type": "Feature", "properties": { "decimalLatitude": 39.292263, "decimalLongitude": -121.096467, "eventDate": "2022-05-22T11:36:55Z", "countryCode": "US" }, "geometry": { "type": "Point", "coordinates": [ -121.096467, 39.292263 ] } },
{ "type": "Feature", "properties": { "decimalLatitude": 37.837475, "decimalLongitude": -122.039514, "eventDate": "2022-05-30T15:33:19Z", "countryCode": "US" }, "geometry": { "type": "Point", "coordinates": [ -122.039514, 37.837475 ] } },
{ "type": "Feature", "properties": { "decimalLatitude": 38.030065, "decimalLongitude": -122.7348, "eventDate": "2022-05-31T12:52:00Z", "countryCode": "US" }, "geometry": { "type": "Point", "coordinates": [ -122.7348, 38.030065 ] } },
{ "type": "Feature", "properties": { "decimalLatitude": 38.617832, "decimalLongitude": -121.311061, "eventDate": "2022-05-09T15:51:35Z", "countryCode": "US" }, "geometry": { "type": "Point", "coordinates": [ -121.311061, 38.617832 ] } },
{ "type": "Feature", "properties": { "decimalLatitude": 38.615834, "decimalLongitude": -121.309036, "eventDate": "2022-05-16T17:14:27Z", "countryCode": "US" }, "geometry": { "type": "Point", "coordinates": [ -121.309036, 38.615834 ] } },
{ "type": "Feature", "properties": { "decimalLatitude": 38.620091, "decimalLongitude": -121.307495, "eventDate": "2022-05-09T16:32:44Z", "countryCode": "US" }, "geometry": { "type": "Point", "coordinates": [ -121.307495, 38.620091 ] } },
{ "type": "Feature", "properties": { "decimalLatitude": 37.903562, "decimalLongitude": -122.544526, "eventDate": "2022-05-11T16:43:30Z", "countryCode": "US" }, "geometry": { "type": "Point", "coordinates": [ -122.544526, 37.903562 ] } },
{ "type": "Feature", "properties": { "decimalLatitude": 38.5517, "decimalLongitude": -122.519425, "eventDate": "2022-05-22T10:44:00Z", "countryCode": "US" }, "geometry": { "type": "Point", "coordinates": [ -122.519425, 38.5517 ] } },
{ "type": "Feature", "properties": { "decimalLatitude": 40.644233, "decimalLongitude": -122.317191, "eventDate": "2022-05-05T09:39:55Z", "countryCode": "US" }, "geometry": { "type": "Point", "coordinates": [ -122.317191, 40.644233 ] } },
{ "type": "Feature", "properties": { "decimalLatitude": 38.262652, "decimalLongitude": -122.669702, "eventDate": "2022-05-29T11:09:55Z", "countryCode": "US" }, "geometry": { "type": "Point", "coordinates": [ -122.669702, 38.262652 ] } },
{ "type": "Feature", "properties": { "decimalLatitude": 38.116114, "decimalLongitude": -122.600914, "eventDate": "2022-05-11T12:37:52Z", "countryCode": "US" }, "geometry": { "type": "Point", "coordinates": [ -122.600914, 38.116114 ] } },
{ "type": "Feature", "properties": { "decimalLatitude": 38.618442, "decimalLongitude": -121.309337, "eventDate": "2022-05-02T16:01:20Z", "countryCode": "US" }, "geometry": { "type": "Point", "coordinates": [ -121.309337, 38.618442 ] } },
{ "type": "Feature", "properties": { "decimalLatitude": 38.755889, "decimalLongitude": -121.261047, "eventDate": "2022-05-20T14:16:42Z", "countryCode": "US" }, "geometry": { "type": "Point", "coordinates": [ -121.261047, 38.755889 ] } },
{ "type": "Feature", "properties": { "decimalLatitude": 40.644231, "decimalLongitude": -122.317085, "eventDate": "2022-05-05T09:45:55Z", "countryCode": "US" }, "geometry": { "type": "Point", "coordinates": [ -122.317085, 40.644231 ] } },
{ "type": "Feature", "properties": { "decimalLatitude": 40.63964, "decimalLongitude": -122.310019, "eventDate": "2022-05-05T09:39:58Z", "countryCode": "US" }, "geometry": { "type": "Point", "coordinates": [ -122.310019, 40.63964 ] } },
{ "type": "Feature", "properties": { "decimalLatitude": 38.932077, "decimalLongitude": -121.035935, "eventDate": "2022-05-01T08:59:00Z", "countryCode": "US" }, "geometry": { "type": "Point", "coordinates": [ -121.035935, 38.932077 ] } },
{ "type": "Feature", "properties": { "decimalLatitude": 38.912292, "decimalLongitude": -121.032519, "eventDate": "2022-05-17T19:38:02Z", "countryCode": "US" }, "geometry": { "type": "Point", "coordinates": [ -121.032519, 38.912292 ] } },
{ "type": "Feature", "properties": { "decimalLatitude": 38.41903, "decimalLongitude": -122.353517, "eventDate": "2022-05-09T11:00:03Z", "countryCode": "US" }, "geometry": { "type": "Point", "coordinates": [ -122.353517, 38.41903 ] } },
{ "type": "Feature", "properties": { "decimalLatitude": 39.341325, "decimalLongitude": -121.258342, "eventDate": "2022-05-05T16:09:00Z", "countryCode": "US" }, "geometry": { "type": "Point", "coordinates": [ -121.258342, 39.341325 ] } },
{ "type": "Feature", "properties": { "decimalLatitude": 38.595252, "decimalLongitude": -121.330237, "eventDate": "2022-05-01T07:44:00Z", "countryCode": "US" }, "geometry": { "type": "Point", "coordinates": [ -121.330237, 38.595252 ] } },
{ "type": "Feature", "properties": { "decimalLatitude": 38.084336, "decimalLongitude": -122.591478, "eventDate": "2022-05-02T11:51:29Z", "countryCode": "US" }, "geometry": { "type": "Point", "coordinates": [ -122.591478, 38.084336 ] } },
{ "type": "Feature", "properties": { "decimalLatitude": 38.61929, "decimalLongitude": -121.30789, "eventDate": "2022-05-09T16:33:33Z", "countryCode": "US" }, "geometry": { "type": "Point", "coordinates": [ -121.30789, 38.61929 ] } },
{ "type": "Feature", "properties": { "decimalLatitude": 39.327061, "decimalLongitude": -121.038878, "eventDate": "2022-05-12T15:51:38.532Z", "countryCode": "US" }, "geometry": { "type": "Point", "coordinates": [ -121.038878, 39.327061 ] } },
{ "type": "Feature", "properties": { "decimalLatitude": 37.844227, "decimalLongitude": -122.550825, "eventDate": "2022-05-20T12:13:59Z", "countryCode": "US" }, "geometry": { "type": "Point", "coordinates": [ -122.550825, 37.844227 ] } },
{ "type": "Feature", "properties": { "decimalLatitude": 38.342099, "decimalLongitude": -122.674223, "eventDate": "2022-05-20T09:56:21Z", "countryCode": "US" }, "geometry": { "type": "Point", "coordinates": [ -122.674223, 38.342099 ] } },
{ "type": "Feature", "properties": { "decimalLatitude": 38.004485, "decimalLongitude": -122.708788, "eventDate": "2022-05-31T12:25:00Z", "countryCode": "US" }, "geometry": { "type": "Point", "coordinates": [ -122.708788, 38.004485 ] } },
{ "type": "Feature", "properties": { "decimalLatitude": 37.901337, "decimalLongitude": -122.633142, "eventDate": "2022-05-30T14:22:26Z", "countryCode": "US" }, "geometry": { "type": "Point", "coordinates": [ -122.633142, 37.901337 ] } },
{ "type": "Feature", "properties": { "decimalLatitude": 38.772452, "decimalLongitude": -121.132844, "eventDate": "2022-05-01T13:35:00Z", "countryCode": "US" }, "geometry": { "type": "Point", "coordinates": [ -121.132844, 38.772452 ] } },
{ "type": "Feature", "properties": { "decimalLatitude": 40.612515, "decimalLongitude": -122.575162, "eventDate": "2022-05-01T10:26:00Z", "countryCode": "US" }, "geometry": { "type": "Point", "coordinates": [ -122.575162, 40.612515 ] } },
{ "type": "Feature", "properties": { "decimalLatitude": 39.804445, "decimalLongitude": -121.728803, "eventDate": "2022-05-16T13:56:51Z", "countryCode": "US" }, "geometry": { "type": "Point", "coordinates": [ -121.728803, 39.804445 ] } },
{ "type": "Feature", "properties": { "decimalLatitude": 38.044803, "decimalLongitude": -122.750784, "eventDate": "2022-06-11T15:03:45Z", "countryCode": "US" }, "geometry": { "type": "Point", "coordinates": [ -122.750784, 38.044803 ] } },
{ "type": "Feature", "properties": { "decimalLatitude": 38.636772, "decimalLongitude": -121.213225, "eventDate": "2022-06-12T20:22:11Z", "countryCode": "US" }, "geometry": { "type": "Point", "coordinates": [ -121.213225, 38.636772 ] } },
{ "type": "Feature", "properties": { "decimalLatitude": 39.771962, "decimalLongitude": -121.772553, "eventDate": "2022-06-09T19:43:19Z", "countryCode": "US" }, "geometry": { "type": "Point", "coordinates": [ -121.772553, 39.771962 ] } },
{ "type": "Feature", "properties": { "decimalLatitude": 38.149936, "decimalLongitude": -122.127494, "eventDate": "2022-06-04T10:18:11Z", "countryCode": "US" }, "geometry": { "type": "Point", "coordinates": [ -122.127494, 38.149936 ] } },
{ "type": "Feature", "properties": { "decimalLatitude": 38.416677, "decimalLongitude": -121.279673, "eventDate": "2022-06-14T14:17:30Z", "countryCode": "US" }, "geometry": { "type": "Point", "coordinates": [ -121.279673, 38.416677 ] } },
{ "type": "Feature", "properties": { "decimalLatitude": 38.1008, "decimalLongitude": -122.863983, "eventDate": "2022-06-14T18:09:59Z", "countryCode": "US" }, "geometry": { "type": "Point", "coordinates": [ -122.863983, 38.1008 ] } },
{ "type": "Feature", "properties": { "decimalLatitude": 37.978771, "decimalLongitude": -122.616151, "eventDate": "2022-06-18T10:20:00Z", "countryCode": "US" }, "geometry": { "type": "Point", "coordinates": [ -122.616151, 37.978771 ] } },
{ "type": "Feature", "properties": { "decimalLatitude": 38.509546, "decimalLongitude": -122.097159, "eventDate": "2022-06-26T11:40:20Z", "countryCode": "US" }, "geometry": { "type": "Point", "coordinates": [ -122.097159, 38.509546 ] } },
{ "type": "Feature", "properties": { "decimalLatitude": 38.509439, "decimalLongitude": -122.097424, "eventDate": "2022-06-26T11:50:42Z", "countryCode": "US" }, "geometry": { "type": "Point", "coordinates": [ -122.097424, 38.509439 ] } },
{ "type": "Feature", "properties": { "decimalLatitude": 38.492088, "decimalLongitude": -122.026489, "eventDate": "2022-06-19T15:06:03Z", "countryCode": "US" }, "geometry": { "type": "Point", "coordinates": [ -122.026489, 38.492088 ] } },
{ "type": "Feature", "properties": { "decimalLatitude": 38.347694, "decimalLongitude": -122.529266, "eventDate": "2022-06-18T16:37:52Z", "countryCode": "US" }, "geometry": { "type": "Point", "coordinates": [ -122.529266, 38.347694 ] } },
{ "type": "Feature", "properties": { "decimalLatitude": 38.339496, "decimalLongitude": -122.006598, "eventDate": "2022-06-17T17:52:55Z", "countryCode": "US" }, "geometry": { "type": "Point", "coordinates": [ -122.006598, 38.339496 ] } },
{ "type": "Feature", "properties": { "decimalLatitude": 38.05161, "decimalLongitude": -122.759135, "eventDate": "2022-06-21T09:26:00Z", "countryCode": "US" }, "geometry": { "type": "Point", "coordinates": [ -122.759135, 38.05161 ] } },
{ "type": "Feature", "properties": { "decimalLatitude": 40.167351, "decimalLongitude": -122.13485, "eventDate": "2022-06-25T10:19:03Z", "countryCode": "US" }, "geometry": { "type": "Point", "coordinates": [ -122.13485, 40.167351 ] } },
{ "type": "Feature", "properties": { "decimalLatitude": 40.167351, "decimalLongitude": -122.13485, "eventDate": "2022-06-25T10:19:40Z", "countryCode": "US" }, "geometry": { "type": "Point", "coordinates": [ -122.13485, 40.167351 ] } },
{ "type": "Feature", "properties": { "decimalLatitude": 38.329853, "decimalLongitude": -122.486512, "eventDate": "2022-06-04T19:11:30Z", "countryCode": "US" }, "geometry": { "type": "Point", "coordinates": [ -122.486512, 38.329853 ] } },
{ "type": "Feature", "properties": { "decimalLatitude": 38.25357, "decimalLongitude": -122.138323, "eventDate": "2022-07-16T09:17:00Z", "countryCode": "US" }, "geometry": { "type": "Point", "coordinates": [ -122.138323, 38.25357 ] } },
{ "type": "Feature", "properties": { "decimalLatitude": 40.5897, "decimalLongitude": -122.377103, "eventDate": "2022-07-14T18:44:17Z", "countryCode": "US" }, "geometry": { "type": "Point", "coordinates": [ -122.377103, 40.5897 ] } },
{ "type": "Feature", "properties": { "decimalLatitude": 38.43894, "decimalLongitude": -122.645743, "eventDate": "2022-07-25T14:04:12Z", "countryCode": "US" }, "geometry": { "type": "Point", "coordinates": [ -122.645743, 38.43894 ] } },
{ "type": "Feature", "properties": { "decimalLatitude": 38.253465, "decimalLongitude": -122.138637, "eventDate": "2022-07-16T08:55:00Z", "countryCode": "US" }, "geometry": { "type": "Point", "coordinates": [ -122.138637, 38.253465 ] } },
{ "type": "Feature", "properties": { "decimalLatitude": 37.837581, "decimalLongitude": -122.03955, "eventDate": "2022-07-24T11:35:16Z", "countryCode": "US" }, "geometry": { "type": "Point", "coordinates": [ -122.03955, 37.837581 ] } },
{ "type": "Feature", "properties": { "decimalLatitude": 38.244135, "decimalLongitude": -122.141493, "eventDate": "2022-07-02T12:05:04Z", "countryCode": "US" }, "geometry": { "type": "Point", "coordinates": [ -122.141493, 38.244135 ] } },
{ "type": "Feature", "properties": { "decimalLatitude": 37.952711, "decimalLongitude": -122.140697, "eventDate": "2022-07-29T16:32:00Z", "countryCode": "US" }, "geometry": { "type": "Point", "coordinates": [ -122.140697, 37.952711 ] } },
{ "type": "Feature", "properties": { "decimalLatitude": 38.455999, "decimalLongitude": -122.663747, "eventDate": "2022-07-17T19:00:33Z", "countryCode": "US" }, "geometry": { "type": "Point", "coordinates": [ -122.663747, 38.455999 ] } },
{ "type": "Feature", "properties": { "decimalLatitude": 38.25252, "decimalLongitude": -122.135588, "eventDate": "2022-07-16T08:37:00Z", "countryCode": "US" }, "geometry": { "type": "Point", "coordinates": [ -122.135588, 38.25252 ] } },
{ "type": "Feature", "properties": { "decimalLatitude": 38.566667, "decimalLongitude": -122.564322, "eventDate": "2022-08-07T09:55:48Z", "countryCode": "US" }, "geometry": { "type": "Point", "coordinates": [ -122.564322, 38.566667 ] } },
{ "type": "Feature", "properties": { "decimalLatitude": 38.636762, "decimalLongitude": -121.213225, "eventDate": "2022-08-18T15:00:56Z", "countryCode": "US" }, "geometry": { "type": "Point", "coordinates": [ -121.213225, 38.636762 ] } },
{ "type": "Feature", "properties": { "decimalLatitude": 38.681399, "decimalLongitude": -121.183489, "eventDate": "2022-08-27T12:13:00Z", "countryCode": "US" }, "geometry": { "type": "Point", "coordinates": [ -121.183489, 38.681399 ] } },
{ "type": "Feature", "properties": { "decimalLatitude": 37.978116, "decimalLongitude": -122.614299, "eventDate": "2022-08-07T12:58:00Z", "countryCode": "US" }, "geometry": { "type": "Point", "coordinates": [ -122.614299, 37.978116 ] } },
{ "type": "Feature", "properties": { "decimalLatitude": 40.839253, "decimalLongitude": -122.028, "eventDate": "2022-08-13T17:14:56Z", "countryCode": "US" }, "geometry": { "type": "Point", "coordinates": [ -122.028, 40.839253 ] } },
{ "type": "Feature", "properties": { "decimalLatitude": 38.664725, "decimalLongitude": -121.190966, "eventDate": "2022-08-16T09:01:00Z", "countryCode": "US" }, "geometry": { "type": "Point", "coordinates": [ -121.190966, 38.664725 ] } },
{ "type": "Feature", "properties": { "decimalLatitude": 40.318224, "decimalLongitude": -122.178168, "eventDate": "2022-09-09T10:19:00Z", "countryCode": "US" }, "geometry": { "type": "Point", "coordinates": [ -122.178168, 40.318224 ] } },
{ "type": "Feature", "properties": { "decimalLatitude": 38.435097, "decimalLongitude": -122.5122, "eventDate": "2022-09-10T18:17:00Z", "countryCode": "US" }, "geometry": { "type": "Point", "coordinates": [ -122.5122, 38.435097 ] } },
{ "type": "Feature", "properties": { "decimalLatitude": 38.821397, "decimalLongitude": -121.086403, "eventDate": "2022-09-16T11:33:53Z", "countryCode": "US" }, "geometry": { "type": "Point", "coordinates": [ -121.086403, 38.821397 ] } },
{ "type": "Feature", "properties": { "decimalLatitude": 38.595252, "decimalLongitude": -121.330237, "eventDate": "2022-09-21T07:28:00Z", "countryCode": "US" }, "geometry": { "type": "Point", "coordinates": [ -121.330237, 38.595252 ] } },
{ "type": "Feature", "properties": { "decimalLatitude": 40.79702, "decimalLongitude": -122.276633, "eventDate": "2022-09-21T14:11:18Z", "countryCode": "US" }, "geometry": { "type": "Point", "coordinates": [ -122.276633, 40.79702 ] } },
{ "type": "Feature", "properties": { "decimalLatitude": 38.435403, "decimalLongitude": -122.512255, "eventDate": "2022-09-10T18:19:33Z", "countryCode": "US" }, "geometry": { "type": "Point", "coordinates": [ -122.512255, 38.435403 ] } },
{ "type": "Feature", "properties": { "decimalLatitude": 38.042339, "decimalLongitude": -122.219871, "eventDate": "2022-09-19T16:15:59Z", "countryCode": "US" }, "geometry": { "type": "Point", "coordinates": [ -122.219871, 38.042339 ] } },
{ "type": "Feature", "properties": { "decimalLatitude": 38.14817, "decimalLongitude": -122.125305, "eventDate": "2022-10-01T11:13:19Z", "countryCode": "US" }, "geometry": { "type": "Point", "coordinates": [ -122.125305, 38.14817 ] } },
{ "type": "Feature", "properties": { "decimalLatitude": 38.442703, "decimalLongitude": -122.531708, "eventDate": "2022-10-02T15:00:17Z", "countryCode": "US" }, "geometry": { "type": "Point", "coordinates": [ -122.531708, 38.442703 ] } },
{ "type": "Feature", "properties": { "decimalLatitude": 38.160939, "decimalLongitude": -122.137078, "eventDate": "2022-10-01T12:17:58Z", "countryCode": "US" }, "geometry": { "type": "Point", "coordinates": [ -122.137078, 38.160939 ] } },
{ "type": "Feature", "properties": { "decimalLatitude": 38.148178, "decimalLongitude": -122.125305, "eventDate": "2022-10-01T11:13:24Z", "countryCode": "US" }, "geometry": { "type": "Point", "coordinates": [ -122.125305, 38.148178 ] } },
{ "type": "Feature", "properties": { "decimalLatitude": 37.976415, "decimalLongitude": -122.26356, "eventDate": "2022-10-31T14:18:00Z", "countryCode": "US" }, "geometry": { "type": "Point", "coordinates": [ -122.26356, 37.976415 ] } },
{ "type": "Feature", "properties": { "decimalLatitude": 37.92126, "decimalLongitude": -122.184169, "eventDate": "2022-10-24T10:21:00Z", "countryCode": "US" }, "geometry": { "type": "Point", "coordinates": [ -122.184169, 37.92126 ] } },
{ "type": "Feature", "properties": { "decimalLatitude": 37.910056, "decimalLongitude": -122.14174, "eventDate": "2022-11-03T17:23:00Z", "countryCode": "US" }, "geometry": { "type": "Point", "coordinates": [ -122.14174, 37.910056 ] } },
{ "type": "Feature", "properties": { "decimalLatitude": 37.91047, "decimalLongitude": -122.142931, "eventDate": "2022-11-03T17:13:00Z", "countryCode": "US" }, "geometry": { "type": "Point", "coordinates": [ -122.142931, 37.91047 ] } },
{ "type": "Feature", "properties": { "decimalLatitude": 38.491555, "decimalLongitude": -122.024833, "eventDate": "2022-11-11T11:10:36Z", "countryCode": "US" }, "geometry": { "type": "Point", "coordinates": [ -122.024833, 38.491555 ] } },
{ "type": "Feature", "properties": { "decimalLatitude": 38.775449, "decimalLongitude": -121.235991, "eventDate": "2022-11-13T13:32:58Z", "countryCode": "US" }, "geometry": { "type": "Point", "coordinates": [ -121.235991, 38.775449 ] } },
{ "type": "Feature", "properties": { "decimalLatitude": 38.030282, "decimalLongitude": -122.733912, "eventDate": "2022-11-15T15:30:08Z", "countryCode": "US" }, "geometry": { "type": "Point", "coordinates": [ -122.733912, 38.030282 ] } },
{ "type": "Feature", "properties": { "decimalLatitude": 39.160559, "decimalLongitude": -121.628845, "eventDate": "2022-11-20T09:34:29Z", "countryCode": "US" }, "geometry": { "type": "Point", "coordinates": [ -121.628845, 39.160559 ] } },
{ "type": "Feature", "properties": { "decimalLatitude": 39.22485, "decimalLongitude": -121.779685, "eventDate": "2022-11-20T09:34:00Z", "countryCode": "US" }, "geometry": { "type": "Point", "coordinates": [ -121.779685, 39.22485 ] } },
{ "type": "Feature", "properties": { "decimalLatitude": 38.549028, "decimalLongitude": -122.530678, "eventDate": "2022-11-20T12:40:46Z", "countryCode": "US" }, "geometry": { "type": "Point", "coordinates": [ -122.530678, 38.549028 ] } },
{ "type": "Feature", "properties": { "decimalLatitude": 37.983039, "decimalLongitude": -122.585587, "eventDate": "2022-11-24T16:56:37Z", "countryCode": "US" }, "geometry": { "type": "Point", "coordinates": [ -122.585587, 37.983039 ] } },
{ "type": "Feature", "properties": { "decimalLatitude": 37.934562, "decimalLongitude": -122.115385, "eventDate": "2022-11-15T16:31:00Z", "countryCode": "US" }, "geometry": { "type": "Point", "coordinates": [ -122.115385, 37.934562 ] } },
{ "type": "Feature", "properties": { "decimalLatitude": 38.443488, "decimalLongitude": -122.61605, "eventDate": "2022-11-22T12:26:00Z", "countryCode": "US" }, "geometry": { "type": "Point", "coordinates": [ -122.61605, 38.443488 ] } },
{ "type": "Feature", "properties": { "decimalLatitude": 38.492, "decimalLongitude": -122.024139, "eventDate": "2022-11-11T11:10:28Z", "countryCode": "US" }, "geometry": { "type": "Point", "coordinates": [ -122.024139, 38.492 ] } },
{ "type": "Feature", "properties": { "decimalLatitude": 38.493878, "decimalLongitude": -122.030555, "eventDate": "2022-11-11T12:29:40Z", "countryCode": "US" }, "geometry": { "type": "Point", "coordinates": [ -122.030555, 38.493878 ] } },
{ "type": "Feature", "properties": { "decimalLatitude": 38.776171, "decimalLongitude": -121.235544, "eventDate": "2022-11-13T13:36:17Z", "countryCode": "US" }, "geometry": { "type": "Point", "coordinates": [ -121.235544, 38.776171 ] } },
{ "type": "Feature", "properties": { "decimalLatitude": 37.816181, "decimalLongitude": -122.044848, "eventDate": "2022-11-26T16:50:30Z", "countryCode": "US" }, "geometry": { "type": "Point", "coordinates": [ -122.044848, 37.816181 ] } },
{ "type": "Feature", "properties": { "decimalLatitude": 37.83695, "decimalLongitude": -122.035797, "eventDate": "2022-12-03T10:41:00Z", "countryCode": "US" }, "geometry": { "type": "Point", "coordinates": [ -122.035797, 37.83695 ] } },
{ "type": "Feature", "properties": { "decimalLatitude": 38.443736, "decimalLongitude": -122.616067, "eventDate": "2022-12-06T10:52:00Z", "countryCode": "US" }, "geometry": { "type": "Point", "coordinates": [ -122.616067, 38.443736 ] } },
{ "type": "Feature", "properties": { "decimalLatitude": 38.446186, "decimalLongitude": -122.622611, "eventDate": "2022-12-06T11:49:00Z", "countryCode": "US" }, "geometry": { "type": "Point", "coordinates": [ -122.622611, 38.446186 ] } },
{ "type": "Feature", "properties": { "decimalLatitude": 38.516695, "decimalLongitude": -122.857353, "eventDate": "2022-12-09T07:39:47Z", "countryCode": "US" }, "geometry": { "type": "Point", "coordinates": [ -122.857353, 38.516695 ] } },
{ "type": "Feature", "properties": { "decimalLatitude": 38.884987, "decimalLongitude": -120.989075, "eventDate": "2022-12-18T14:06:09Z", "countryCode": "US" }, "geometry": { "type": "Point", "coordinates": [ -120.989075, 38.884987 ] } },
{ "type": "Feature", "properties": { "decimalLatitude": 37.836947, "decimalLongitude": -122.033714, "eventDate": "2022-12-03T10:47:00Z", "countryCode": "US" }, "geometry": { "type": "Point", "coordinates": [ -122.033714, 37.836947 ] } },
{ "type": "Feature", "properties": { "decimalLatitude": 39.781983, "decimalLongitude": -121.747377, "eventDate": "2023-01-16T16:05:36Z", "countryCode": "US" }, "geometry": { "type": "Point", "coordinates": [ -121.747377, 39.781983 ] } },
{ "type": "Feature", "properties": { "decimalLatitude": 38.834903, "decimalLongitude": -121.089097, "eventDate": "2023-01-22T16:10:39Z", "countryCode": "US" }, "geometry": { "type": "Point", "coordinates": [ -121.089097, 38.834903 ] } },
{ "type": "Feature", "properties": { "decimalLatitude": 38.824837, "decimalLongitude": -121.089936, "eventDate": "2023-01-22T15:19:15Z", "countryCode": "US" }, "geometry": { "type": "Point", "coordinates": [ -121.089936, 38.824837 ] } },
{ "type": "Feature", "properties": { "decimalLatitude": 37.96163, "decimalLongitude": -122.420458, "eventDate": "2023-01-18T15:24:28Z", "countryCode": "US" }, "geometry": { "type": "Point", "coordinates": [ -122.420458, 37.96163 ] } },
{ "type": "Feature", "properties": { "decimalLatitude": 38.824653, "decimalLongitude": -121.089783, "eventDate": "2023-01-22T15:17:53Z", "countryCode": "US" }, "geometry": { "type": "Point", "coordinates": [ -121.089783, 38.824653 ] } },
{ "type": "Feature", "properties": { "decimalLatitude": 38.836087, "decimalLongitude": -121.083633, "eventDate": "2023-01-22T16:23:19Z", "countryCode": "US" }, "geometry": { "type": "Point", "coordinates": [ -121.083633, 38.836087 ] } },
{ "type": "Feature", "properties": { "decimalLatitude": 38.823617, "decimalLongitude": -121.087669, "eventDate": "2023-01-22T15:12:06Z", "countryCode": "US" }, "geometry": { "type": "Point", "coordinates": [ -121.087669, 38.823617 ] } },
{ "type": "Feature", "properties": { "decimalLatitude": 38.005161, "decimalLongitude": -122.709245, "eventDate": "2023-01-27T15:00:41Z", "countryCode": "US" }, "geometry": { "type": "Point", "coordinates": [ -122.709245, 38.005161 ] } },
{ "type": "Feature", "properties": { "decimalLatitude": 38.598758, "decimalLongitude": -121.329491, "eventDate": "2023-01-30T16:51:13Z", "countryCode": "US" }, "geometry": { "type": "Point", "coordinates": [ -121.329491, 38.598758 ] } },
{ "type": "Feature", "properties": { "decimalLatitude": 39.243308, "decimalLongitude": -121.808967, "eventDate": "2023-01-26T11:57:19Z", "countryCode": "US" }, "geometry": { "type": "Point", "coordinates": [ -121.808967, 39.243308 ] } },
{ "type": "Feature", "properties": { "decimalLatitude": 38.66479, "decimalLongitude": -121.190693, "eventDate": "2023-02-05T12:12:14Z", "countryCode": "US" }, "geometry": { "type": "Point", "coordinates": [ -121.190693, 38.66479 ] } },
{ "type": "Feature", "properties": { "decimalLatitude": 38.370134, "decimalLongitude": -122.515237, "eventDate": "2023-02-05T17:14:40Z", "countryCode": "US" }, "geometry": { "type": "Point", "coordinates": [ -122.515237, 38.370134 ] } },
{ "type": "Feature", "properties": { "decimalLatitude": 38.635383, "decimalLongitude": -121.265403, "eventDate": "2023-02-12T11:36:53Z", "countryCode": "US" }, "geometry": { "type": "Point", "coordinates": [ -121.265403, 38.635383 ] } },
{ "type": "Feature", "properties": { "decimalLatitude": 38.63448, "decimalLongitude": -121.266813, "eventDate": "2023-02-12T11:42:33Z", "countryCode": "US" }, "geometry": { "type": "Point", "coordinates": [ -121.266813, 38.63448 ] } },
{ "type": "Feature", "properties": { "decimalLatitude": 38.356892, "decimalLongitude": -121.954758, "eventDate": "2023-02-07T11:11:25Z", "countryCode": "US" }, "geometry": { "type": "Point", "coordinates": [ -121.954758, 38.356892 ] } },
{ "type": "Feature", "properties": { "decimalLatitude": 38.537553, "decimalLongitude": -122.68155, "eventDate": "2023-02-10T11:47:00Z", "countryCode": "US" }, "geometry": { "type": "Point", "coordinates": [ -122.68155, 38.537553 ] } },
{ "type": "Feature", "properties": { "decimalLatitude": 39.848168, "decimalLongitude": -121.726943, "eventDate": "2023-02-08T10:54:15Z", "countryCode": "US" }, "geometry": { "type": "Point", "coordinates": [ -121.726943, 39.848168 ] } },
{ "type": "Feature", "properties": { "decimalLatitude": 40.587192, "decimalLongitude": -122.3643, "eventDate": "2023-02-09T17:31:11Z", "countryCode": "US" }, "geometry": { "type": "Point", "coordinates": [ -122.3643, 40.587192 ] } },
{ "type": "Feature", "properties": { "decimalLatitude": 38.490917, "decimalLongitude": -122.024331, "eventDate": "2023-02-11T14:03:18Z", "countryCode": "US" }, "geometry": { "type": "Point", "coordinates": [ -122.024331, 38.490917 ] } },
{ "type": "Feature", "properties": { "decimalLatitude": 38.63678, "decimalLongitude": -121.261864, "eventDate": "2023-02-10T11:25:00Z", "countryCode": "US" }, "geometry": { "type": "Point", "coordinates": [ -121.261864, 38.63678 ] } },
{ "type": "Feature", "properties": { "decimalLatitude": 38.537553, "decimalLongitude": -122.68155, "eventDate": "2023-02-10T11:48:00Z", "countryCode": "US" }, "geometry": { "type": "Point", "coordinates": [ -122.68155, 38.537553 ] } },
{ "type": "Feature", "properties": { "decimalLatitude": 38.630172, "decimalLongitude": -121.273025, "eventDate": "2023-02-12T12:09:23Z", "countryCode": "US" }, "geometry": { "type": "Point", "coordinates": [ -121.273025, 38.630172 ] } },
{ "type": "Feature", "properties": { "decimalLatitude": 38.537542, "decimalLongitude": -122.681556, "eventDate": "2023-02-10T11:47:00Z", "countryCode": "US" }, "geometry": { "type": "Point", "coordinates": [ -122.681556, 38.537542 ] } },
{ "type": "Feature", "properties": { "decimalLatitude": 38.369533, "decimalLongitude": -122.497497, "eventDate": "2023-02-14T11:56:19Z", "countryCode": "US" }, "geometry": { "type": "Point", "coordinates": [ -122.497497, 38.369533 ] } },
{ "type": "Feature", "properties": { "decimalLatitude": 38.537528, "decimalLongitude": -122.681542, "eventDate": "2023-02-10T11:47:00Z", "countryCode": "US" }, "geometry": { "type": "Point", "coordinates": [ -122.681542, 38.537528 ] } },
{ "type": "Feature", "properties": { "decimalLatitude": 37.900935, "decimalLongitude": -122.108181, "eventDate": "2023-02-12T13:45:21Z", "countryCode": "US" }, "geometry": { "type": "Point", "coordinates": [ -122.108181, 37.900935 ] } },
{ "type": "Feature", "properties": { "decimalLatitude": 38.635372, "decimalLongitude": -121.265422, "eventDate": "2023-02-12T11:32:42Z", "countryCode": "US" }, "geometry": { "type": "Point", "coordinates": [ -121.265422, 38.635372 ] } },
{ "type": "Feature", "properties": { "decimalLatitude": 38.537536, "decimalLongitude": -122.68155, "eventDate": "2023-02-10T11:47:00Z", "countryCode": "US" }, "geometry": { "type": "Point", "coordinates": [ -122.68155, 38.537536 ] } },
{ "type": "Feature", "properties": { "decimalLatitude": 37.857315, "decimalLongitude": -122.435434, "eventDate": "2023-02-11T12:31:47Z", "countryCode": "US" }, "geometry": { "type": "Point", "coordinates": [ -122.435434, 37.857315 ] } },
{ "type": "Feature", "properties": { "decimalLatitude": 40.701245, "decimalLongitude": -122.467925, "eventDate": "2023-02-16T10:48:32Z", "countryCode": "US" }, "geometry": { "type": "Point", "coordinates": [ -122.467925, 40.701245 ] } },
{ "type": "Feature", "properties": { "decimalLatitude": 37.925955, "decimalLongitude": -122.674613, "eventDate": "2023-02-09T12:19:36Z", "countryCode": "US" }, "geometry": { "type": "Point", "coordinates": [ -122.674613, 37.925955 ] } },
{ "type": "Feature", "properties": { "decimalLatitude": 38.666603, "decimalLongitude": -121.190682, "eventDate": "2023-02-17T11:06:00Z", "countryCode": "US" }, "geometry": { "type": "Point", "coordinates": [ -121.190682, 38.666603 ] } },
{ "type": "Feature", "properties": { "decimalLatitude": 37.970619, "decimalLongitude": -122.276887, "eventDate": "2023-02-16T16:54:49Z", "countryCode": "US" }, "geometry": { "type": "Point", "coordinates": [ -122.276887, 37.970619 ] } },
{ "type": "Feature", "properties": { "decimalLatitude": 39.772217, "decimalLongitude": -121.761337, "eventDate": "2023-02-11T13:05:40Z", "countryCode": "US" }, "geometry": { "type": "Point", "coordinates": [ -121.761337, 39.772217 ] } },
{ "type": "Feature", "properties": { "decimalLatitude": 38.564362, "decimalLongitude": -121.395058, "eventDate": "2023-02-18T15:27:16Z", "countryCode": "US" }, "geometry": { "type": "Point", "coordinates": [ -121.395058, 38.564362 ] } },
{ "type": "Feature", "properties": { "decimalLatitude": 38.664989, "decimalLongitude": -121.191517, "eventDate": "2023-02-17T10:52:00Z", "countryCode": "US" }, "geometry": { "type": "Point", "coordinates": [ -121.191517, 38.664989 ] } },
{ "type": "Feature", "properties": { "decimalLatitude": 37.940681, "decimalLongitude": -122.410031, "eventDate": "2023-02-18T14:47:42Z", "countryCode": "US" }, "geometry": { "type": "Point", "coordinates": [ -122.410031, 37.940681 ] } },
{ "type": "Feature", "properties": { "decimalLatitude": 38.369542, "decimalLongitude": -122.497519, "eventDate": "2023-02-14T11:31:00Z", "countryCode": "US" }, "geometry": { "type": "Point", "coordinates": [ -122.497519, 38.369542 ] } },
{ "type": "Feature", "properties": { "decimalLatitude": 39.748142, "decimalLongitude": -121.802273, "eventDate": "2023-02-19T11:11:23Z", "countryCode": "US" }, "geometry": { "type": "Point", "coordinates": [ -121.802273, 39.748142 ] } },
{ "type": "Feature", "properties": { "decimalLatitude": 38.376044, "decimalLongitude": -122.203496, "eventDate": "2023-02-17T16:57:00Z", "countryCode": "US" }, "geometry": { "type": "Point", "coordinates": [ -122.203496, 38.376044 ] } },
{ "type": "Feature", "properties": { "decimalLatitude": 39.770613, "decimalLongitude": -121.766105, "eventDate": "2023-02-19T12:52:19Z", "countryCode": "US" }, "geometry": { "type": "Point", "coordinates": [ -121.766105, 39.770613 ] } },
{ "type": "Feature", "properties": { "decimalLatitude": 38.821575, "decimalLongitude": -120.96778, "eventDate": "2023-02-19T11:14:45Z", "countryCode": "US" }, "geometry": { "type": "Point", "coordinates": [ -120.96778, 38.821575 ] } },
{ "type": "Feature", "properties": { "decimalLatitude": 38.466986, "decimalLongitude": -122.71197, "eventDate": "2023-02-20T17:21:00Z", "countryCode": "US" }, "geometry": { "type": "Point", "coordinates": [ -122.71197, 38.466986 ] } },
{ "type": "Feature", "properties": { "decimalLatitude": 40.317805, "decimalLongitude": -122.18728, "eventDate": "2023-02-18T15:22:40Z", "countryCode": "US" }, "geometry": { "type": "Point", "coordinates": [ -122.18728, 40.317805 ] } },
{ "type": "Feature", "properties": { "decimalLatitude": 39.72414, "decimalLongitude": -121.663895, "eventDate": "2023-02-19T12:31:06Z", "countryCode": "US" }, "geometry": { "type": "Point", "coordinates": [ -121.663895, 39.72414 ] } },
{ "type": "Feature", "properties": { "decimalLatitude": 39.766903, "decimalLongitude": -121.778258, "eventDate": "2023-02-19T10:30:38Z", "countryCode": "US" }, "geometry": { "type": "Point", "coordinates": [ -121.778258, 39.766903 ] } },
{ "type": "Feature", "properties": { "decimalLatitude": 39.750447, "decimalLongitude": -121.84814, "eventDate": "2023-02-19T11:26:26Z", "countryCode": "US" }, "geometry": { "type": "Point", "coordinates": [ -121.84814, 39.750447 ] } },
{ "type": "Feature", "properties": { "decimalLatitude": 37.994545, "decimalLongitude": -122.19977, "eventDate": "2023-02-20T11:43:03Z", "countryCode": "US" }, "geometry": { "type": "Point", "coordinates": [ -122.19977, 37.994545 ] } },
{ "type": "Feature", "properties": { "decimalLatitude": 37.834372, "decimalLongitude": -122.519141, "eventDate": "2023-02-20T11:14:00Z", "countryCode": "US" }, "geometry": { "type": "Point", "coordinates": [ -122.519141, 37.834372 ] } },
{ "type": "Feature", "properties": { "decimalLatitude": 39.765831, "decimalLongitude": -121.782457, "eventDate": "2023-02-27T09:27:27Z", "countryCode": "US" }, "geometry": { "type": "Point", "coordinates": [ -121.782457, 39.765831 ] } },
{ "type": "Feature", "properties": { "decimalLatitude": 39.805979, "decimalLongitude": -121.714224, "eventDate": "2023-02-22T14:30:40Z", "countryCode": "US" }, "geometry": { "type": "Point", "coordinates": [ -121.714224, 39.805979 ] } },
{ "type": "Feature", "properties": { "decimalLatitude": 38.574394, "decimalLongitude": -121.349316, "eventDate": "2023-02-26T10:51:41Z", "countryCode": "US" }, "geometry": { "type": "Point", "coordinates": [ -121.349316, 38.574394 ] } },
{ "type": "Feature", "properties": { "decimalLatitude": 39.296333, "decimalLongitude": -121.206913, "eventDate": "2023-02-17T11:09:00Z", "countryCode": "US" }, "geometry": { "type": "Point", "coordinates": [ -121.206913, 39.296333 ] } },
{ "type": "Feature", "properties": { "decimalLatitude": 38.595252, "decimalLongitude": -121.330237, "eventDate": "2023-02-22T11:22:00Z", "countryCode": "US" }, "geometry": { "type": "Point", "coordinates": [ -121.330237, 38.595252 ] } },
{ "type": "Feature", "properties": { "decimalLatitude": 37.978347, "decimalLongitude": -122.614854, "eventDate": "2023-02-22T15:37:52Z", "countryCode": "US" }, "geometry": { "type": "Point", "coordinates": [ -122.614854, 37.978347 ] } },
{ "type": "Feature", "properties": { "decimalLatitude": 38.828718, "decimalLongitude": -121.092163, "eventDate": "2023-02-25T15:17:36Z", "countryCode": "US" }, "geometry": { "type": "Point", "coordinates": [ -121.092163, 38.828718 ] } },
{ "type": "Feature", "properties": { "decimalLatitude": 37.898728, "decimalLongitude": -122.304821, "eventDate": "2023-02-17T16:58:45Z", "countryCode": "US" }, "geometry": { "type": "Point", "coordinates": [ -122.304821, 37.898728 ] } },
{ "type": "Feature", "properties": { "decimalLatitude": 38.64525, "decimalLongitude": -121.199767, "eventDate": "2023-02-19T11:28:26Z", "countryCode": "US" }, "geometry": { "type": "Point", "coordinates": [ -121.199767, 38.64525 ] } },
{ "type": "Feature", "properties": { "decimalLatitude": 39.769501, "decimalLongitude": -121.768896, "eventDate": "2023-02-27T09:25:59Z", "countryCode": "US" }, "geometry": { "type": "Point", "coordinates": [ -121.768896, 39.769501 ] } },
{ "type": "Feature", "properties": { "decimalLatitude": 39.765847, "decimalLongitude": -121.781662, "eventDate": "2023-02-27T09:32:04Z", "countryCode": "US" }, "geometry": { "type": "Point", "coordinates": [ -121.781662, 39.765847 ] } },
{ "type": "Feature", "properties": { "decimalLatitude": 39.766858, "decimalLongitude": -121.778237, "eventDate": "2023-02-27T09:45:40Z", "countryCode": "US" }, "geometry": { "type": "Point", "coordinates": [ -121.778237, 39.766858 ] } },
{ "type": "Feature", "properties": { "decimalLatitude": 38.445587, "decimalLongitude": -122.620613, "eventDate": "2023-02-22T16:29:20Z", "countryCode": "US" }, "geometry": { "type": "Point", "coordinates": [ -122.620613, 38.445587 ] } },
{ "type": "Feature", "properties": { "decimalLatitude": 39.765862, "decimalLongitude": -121.782438, "eventDate": "2023-02-27T09:26:24Z", "countryCode": "US" }, "geometry": { "type": "Point", "coordinates": [ -121.782438, 39.765862 ] } },
{ "type": "Feature", "properties": { "decimalLatitude": 39.768224, "decimalLongitude": -121.77903, "eventDate": "2023-02-27T09:26:16Z", "countryCode": "US" }, "geometry": { "type": "Point", "coordinates": [ -121.77903, 39.768224 ] } },
{ "type": "Feature", "properties": { "decimalLatitude": 38.514501, "decimalLongitude": -122.088131, "eventDate": "2023-02-11T12:26:27Z", "countryCode": "US" }, "geometry": { "type": "Point", "coordinates": [ -122.088131, 38.514501 ] } },
{ "type": "Feature", "properties": { "decimalLatitude": 39.765862, "decimalLongitude": -121.782433, "eventDate": "2023-02-27T09:25:54Z", "countryCode": "US" }, "geometry": { "type": "Point", "coordinates": [ -121.782433, 39.765862 ] } },
{ "type": "Feature", "properties": { "decimalLatitude": 39.75467, "decimalLongitude": -121.820378, "eventDate": "2023-02-28T17:47:34Z", "countryCode": "US" }, "geometry": { "type": "Point", "coordinates": [ -121.820378, 39.75467 ] } },
{ "type": "Feature", "properties": { "decimalLatitude": 39.76686, "decimalLongitude": -121.778284, "eventDate": "2023-02-27T09:45:51Z", "countryCode": "US" }, "geometry": { "type": "Point", "coordinates": [ -121.778284, 39.76686 ] } },
{ "type": "Feature", "properties": { "decimalLatitude": 39.765862, "decimalLongitude": -121.782378, "eventDate": "2023-02-27T09:26:44Z", "countryCode": "US" }, "geometry": { "type": "Point", "coordinates": [ -121.782378, 39.765862 ] } },
{ "type": "Feature", "properties": { "decimalLatitude": 38.631865, "decimalLongitude": -121.236674, "eventDate": "2023-02-10T10:57:00Z", "countryCode": "US" }, "geometry": { "type": "Point", "coordinates": [ -121.236674, 38.631865 ] } },
{ "type": "Feature", "properties": { "decimalLatitude": 40.550503, "decimalLongitude": -122.263281, "eventDate": "2023-02-12T11:43:00Z", "countryCode": "US" }, "geometry": { "type": "Point", "coordinates": [ -122.263281, 40.550503 ] } },
{ "type": "Feature", "properties": { "decimalLatitude": 40.593622, "decimalLongitude": -122.370104, "eventDate": "2023-02-14T17:27:58Z", "countryCode": "US" }, "geometry": { "type": "Point", "coordinates": [ -122.370104, 40.593622 ] } },
{ "type": "Feature", "properties": { "decimalLatitude": 39.765867, "decimalLongitude": -121.782438, "eventDate": "2023-02-27T09:26:44Z", "countryCode": "US" }, "geometry": { "type": "Point", "coordinates": [ -121.782438, 39.765867 ] } },
{ "type": "Feature", "properties": { "decimalLatitude": 39.765837, "decimalLongitude": -121.782363, "eventDate": "2023-02-27T09:26:21Z", "countryCode": "US" }, "geometry": { "type": "Point", "coordinates": [ -121.782363, 39.765837 ] } },
{ "type": "Feature", "properties": { "decimalLatitude": 37.898367, "decimalLongitude": -122.305736, "eventDate": "2023-02-17T17:00:00Z", "countryCode": "US" }, "geometry": { "type": "Point", "coordinates": [ -122.305736, 37.898367 ] } },
{ "type": "Feature", "properties": { "decimalLatitude": 38.493612, "decimalLongitude": -122.029725, "eventDate": "2023-02-04T10:23:22Z", "countryCode": "US" }, "geometry": { "type": "Point", "coordinates": [ -122.029725, 38.493612 ] } },
{ "type": "Feature", "properties": { "decimalLatitude": 38.616152, "decimalLongitude": -121.308724, "eventDate": "2023-02-23T16:58:21Z", "countryCode": "US" }, "geometry": { "type": "Point", "coordinates": [ -121.308724, 38.616152 ] } },
{ "type": "Feature", "properties": { "decimalLatitude": 39.766317, "decimalLongitude": -121.781045, "eventDate": "2023-02-06T17:15:26Z", "countryCode": "US" }, "geometry": { "type": "Point", "coordinates": [ -121.781045, 39.766317 ] } },
{ "type": "Feature", "properties": { "decimalLatitude": 39.766888, "decimalLongitude": -121.778297, "eventDate": "2023-02-02T09:43:44Z", "countryCode": "US" }, "geometry": { "type": "Point", "coordinates": [ -121.778297, 39.766888 ] } },
{ "type": "Feature", "properties": { "decimalLatitude": 39.736833, "decimalLongitude": -121.825521, "eventDate": "2023-02-19T14:44:45Z", "countryCode": "US" }, "geometry": { "type": "Point", "coordinates": [ -121.825521, 39.736833 ] } },
{ "type": "Feature", "properties": { "decimalLatitude": 39.766762, "decimalLongitude": -121.778548, "eventDate": "2023-03-02T15:35:00Z", "countryCode": "US" }, "geometry": { "type": "Point", "coordinates": [ -121.778548, 39.766762 ] } },
{ "type": "Feature", "properties": { "decimalLatitude": 38.595252, "decimalLongitude": -121.330237, "eventDate": "2023-03-02T10:31:00Z", "countryCode": "US" }, "geometry": { "type": "Point", "coordinates": [ -121.330237, 38.595252 ] } },
{ "type": "Feature", "properties": { "decimalLatitude": 39.763342, "decimalLongitude": -121.790049, "eventDate": "2023-03-02T15:26:00Z", "countryCode": "US" }, "geometry": { "type": "Point", "coordinates": [ -121.790049, 39.763342 ] } },
{ "type": "Feature", "properties": { "decimalLatitude": 39.108322, "decimalLongitude": -121.338325, "eventDate": "2023-03-06T13:09:46Z", "countryCode": "US" }, "geometry": { "type": "Point", "coordinates": [ -121.338325, 39.108322 ] } },
{ "type": "Feature", "properties": { "decimalLatitude": 38.504995, "decimalLongitude": -122.870208, "eventDate": "2023-03-01T16:00:25Z", "countryCode": "US" }, "geometry": { "type": "Point", "coordinates": [ -122.870208, 38.504995 ] } },
{ "type": "Feature", "properties": { "decimalLatitude": 38.0045, "decimalLongitude": -122.708917, "eventDate": "2023-03-01T15:27:32Z", "countryCode": "US" }, "geometry": { "type": "Point", "coordinates": [ -122.708917, 38.0045 ] } },
{ "type": "Feature", "properties": { "decimalLatitude": 38.810694, "decimalLongitude": -122.22743, "eventDate": "2023-03-05T11:05:33Z", "countryCode": "US" }, "geometry": { "type": "Point", "coordinates": [ -122.22743, 38.810694 ] } },
{ "type": "Feature", "properties": { "decimalLatitude": 39.735058, "decimalLongitude": -121.81533, "eventDate": "2023-03-04T08:17:19Z", "countryCode": "US" }, "geometry": { "type": "Point", "coordinates": [ -121.81533, 39.735058 ] } },
{ "type": "Feature", "properties": { "decimalLatitude": 38.811371, "decimalLongitude": -122.225191, "eventDate": "2023-03-05T11:50:46Z", "countryCode": "US" }, "geometry": { "type": "Point", "coordinates": [ -122.225191, 38.811371 ] } },
{ "type": "Feature", "properties": { "decimalLatitude": 38.638003, "decimalLongitude": -121.205987, "eventDate": "2023-03-03T10:07:00Z", "countryCode": "US" }, "geometry": { "type": "Point", "coordinates": [ -121.205987, 38.638003 ] } },
{ "type": "Feature", "properties": { "decimalLatitude": 38.810365, "decimalLongitude": -122.229694, "eventDate": "2023-03-05T10:55:55Z", "countryCode": "US" }, "geometry": { "type": "Point", "coordinates": [ -122.229694, 38.810365 ] } },
{ "type": "Feature", "properties": { "decimalLatitude": 37.821079, "decimalLongitude": -122.036856, "eventDate": "2023-03-04T15:08:49Z", "countryCode": "US" }, "geometry": { "type": "Point", "coordinates": [ -122.036856, 37.821079 ] } },
{ "type": "Feature", "properties": { "decimalLatitude": 38.516087, "decimalLongitude": -122.090029, "eventDate": "2023-03-03T14:01:00Z", "countryCode": "US" }, "geometry": { "type": "Point", "coordinates": [ -122.090029, 38.516087 ] } },
{ "type": "Feature", "properties": { "decimalLatitude": 38.637716, "decimalLongitude": -121.206611, "eventDate": "2023-03-03T11:07:00Z", "countryCode": "US" }, "geometry": { "type": "Point", "coordinates": [ -121.206611, 38.637716 ] } },
{ "type": "Feature", "properties": { "decimalLatitude": 38.643355, "decimalLongitude": -121.210242, "eventDate": "2023-03-02T15:00:49Z", "countryCode": "US" }, "geometry": { "type": "Point", "coordinates": [ -121.210242, 38.643355 ] } },
{ "type": "Feature", "properties": { "decimalLatitude": 39.101372, "decimalLongitude": -121.349913, "eventDate": "2023-03-08T14:43:35Z", "countryCode": "US" }, "geometry": { "type": "Point", "coordinates": [ -121.349913, 39.101372 ] } },
{ "type": "Feature", "properties": { "decimalLatitude": 38.452712, "decimalLongitude": -122.641503, "eventDate": "2023-03-11T10:53:00Z", "countryCode": "US" }, "geometry": { "type": "Point", "coordinates": [ -122.641503, 38.452712 ] } },
{ "type": "Feature", "properties": { "decimalLatitude": 38.452804, "decimalLongitude": -122.641491, "eventDate": "2023-03-11T10:52:00Z", "countryCode": "US" }, "geometry": { "type": "Point", "coordinates": [ -122.641491, 38.452804 ] } },
{ "type": "Feature", "properties": { "decimalLatitude": 38.657637, "decimalLongitude": -121.189731, "eventDate": "2023-03-13T11:15:52Z", "countryCode": "US" }, "geometry": { "type": "Point", "coordinates": [ -121.189731, 38.657637 ] } },
{ "type": "Feature", "properties": { "decimalLatitude": 38.64798, "decimalLongitude": -121.1698, "eventDate": "2023-03-06T10:45:53Z", "countryCode": "US" }, "geometry": { "type": "Point", "coordinates": [ -121.1698, 38.64798 ] } },
{ "type": "Feature", "properties": { "decimalLatitude": 39.101106, "decimalLongitude": -121.350028, "eventDate": "2023-03-08T14:48:39Z", "countryCode": "US" }, "geometry": { "type": "Point", "coordinates": [ -121.350028, 39.101106 ] } },
{ "type": "Feature", "properties": { "decimalLatitude": 38.352438, "decimalLongitude": -122.521903, "eventDate": "2023-03-15T12:49:33Z", "countryCode": "US" }, "geometry": { "type": "Point", "coordinates": [ -122.521903, 38.352438 ] } },
{ "type": "Feature", "properties": { "decimalLatitude": 38.445697, "decimalLongitude": -122.620636, "eventDate": "2023-03-15T11:14:00Z", "countryCode": "US" }, "geometry": { "type": "Point", "coordinates": [ -122.620636, 38.445697 ] } },
{ "type": "Feature", "properties": { "decimalLatitude": 38.65467, "decimalLongitude": -121.195228, "eventDate": "2023-03-16T13:30:07Z", "countryCode": "US" }, "geometry": { "type": "Point", "coordinates": [ -121.195228, 38.65467 ] } },
{ "type": "Feature", "properties": { "decimalLatitude": 39.726822, "decimalLongitude": -121.9459, "eventDate": "2023-03-15T12:06:27Z", "countryCode": "US" }, "geometry": { "type": "Point", "coordinates": [ -121.9459, 39.726822 ] } },
{ "type": "Feature", "properties": { "decimalLatitude": 38.664828, "decimalLongitude": -121.190854, "eventDate": "2023-03-16T10:23:56Z", "countryCode": "US" }, "geometry": { "type": "Point", "coordinates": [ -121.190854, 38.664828 ] } },
{ "type": "Feature", "properties": { "decimalLatitude": 38.904862, "decimalLongitude": -121.051003, "eventDate": "2023-03-15T12:03:58Z", "countryCode": "US" }, "geometry": { "type": "Point", "coordinates": [ -121.051003, 38.904862 ] } },
{ "type": "Feature", "properties": { "decimalLatitude": 38.538753, "decimalLongitude": -121.763938, "eventDate": "2023-03-15T16:18:24Z", "countryCode": "US" }, "geometry": { "type": "Point", "coordinates": [ -121.763938, 38.538753 ] } },
{ "type": "Feature", "properties": { "decimalLatitude": 37.96261, "decimalLongitude": -122.421954, "eventDate": "2023-03-18T11:15:36Z", "countryCode": "US" }, "geometry": { "type": "Point", "coordinates": [ -122.421954, 37.96261 ] } },
{ "type": "Feature", "properties": { "decimalLatitude": 38.445725, "decimalLongitude": -122.620628, "eventDate": "2023-03-15T11:13:00Z", "countryCode": "US" }, "geometry": { "type": "Point", "coordinates": [ -122.620628, 38.445725 ] } },
{ "type": "Feature", "properties": { "decimalLatitude": 39.766779, "decimalLongitude": -121.778663, "eventDate": "2023-03-13T17:17:38Z", "countryCode": "US" }, "geometry": { "type": "Point", "coordinates": [ -121.778663, 39.766779 ] } },
{ "type": "Feature", "properties": { "decimalLatitude": 38.611687, "decimalLongitude": -121.306175, "eventDate": "2023-03-15T17:21:17Z", "countryCode": "US" }, "geometry": { "type": "Point", "coordinates": [ -121.306175, 38.611687 ] } },
{ "type": "Feature", "properties": { "decimalLatitude": 39.766958, "decimalLongitude": -121.778092, "eventDate": "2023-03-15T13:52:22Z", "countryCode": "US" }, "geometry": { "type": "Point", "coordinates": [ -121.778092, 39.766958 ] } },
{ "type": "Feature", "properties": { "decimalLatitude": 38.445689, "decimalLongitude": -122.620614, "eventDate": "2023-03-15T11:13:00Z", "countryCode": "US" }, "geometry": { "type": "Point", "coordinates": [ -122.620614, 38.445689 ] } },
{ "type": "Feature", "properties": { "decimalLatitude": 38.799522, "decimalLongitude": -120.984383, "eventDate": "2023-03-18T13:39:27Z", "countryCode": "US" }, "geometry": { "type": "Point", "coordinates": [ -120.984383, 38.799522 ] } },
{ "type": "Feature", "properties": { "decimalLatitude": 37.67359, "decimalLongitude": -122.402857, "eventDate": "2023-03-20T14:33:15Z", "countryCode": "US" }, "geometry": { "type": "Point", "coordinates": [ -122.402857, 37.67359 ] } },
{ "type": "Feature", "properties": { "decimalLatitude": 38.50942, "decimalLongitude": -122.097167, "eventDate": "2023-03-20T11:14:11Z", "countryCode": "US" }, "geometry": { "type": "Point", "coordinates": [ -122.097167, 38.50942 ] } },
{ "type": "Feature", "properties": { "decimalLatitude": 38.800825, "decimalLongitude": -121.107358, "eventDate": "2023-03-06T16:49:48Z", "countryCode": "US" }, "geometry": { "type": "Point", "coordinates": [ -121.107358, 38.800825 ] } },
{ "type": "Feature", "properties": { "decimalLatitude": 38.666819, "decimalLongitude": -121.187665, "eventDate": "2023-03-15T14:31:30Z", "countryCode": "US" }, "geometry": { "type": "Point", "coordinates": [ -121.187665, 38.666819 ] } },
{ "type": "Feature", "properties": { "decimalLatitude": 37.673572, "decimalLongitude": -122.402795, "eventDate": "2023-03-20T14:14:59Z", "countryCode": "US" }, "geometry": { "type": "Point", "coordinates": [ -122.402795, 37.673572 ] } },
{ "type": "Feature", "properties": { "decimalLatitude": 39.013015, "decimalLongitude": -122.35884, "eventDate": "2023-03-18T09:56:00Z", "countryCode": "US" }, "geometry": { "type": "Point", "coordinates": [ -122.35884, 39.013015 ] } },
{ "type": "Feature", "properties": { "decimalLatitude": 37.673578, "decimalLongitude": -122.402892, "eventDate": "2023-03-20T14:34:13Z", "countryCode": "US" }, "geometry": { "type": "Point", "coordinates": [ -122.402892, 37.673578 ] } },
{ "type": "Feature", "properties": { "decimalLatitude": 37.673689, "decimalLongitude": -122.402825, "eventDate": "2023-03-20T14:19:44Z", "countryCode": "US" }, "geometry": { "type": "Point", "coordinates": [ -122.402825, 37.673689 ] } },
{ "type": "Feature", "properties": { "decimalLatitude": 37.6736, "decimalLongitude": -122.402833, "eventDate": "2023-03-20T14:12:48Z", "countryCode": "US" }, "geometry": { "type": "Point", "coordinates": [ -122.402833, 37.6736 ] } },
{ "type": "Feature", "properties": { "decimalLatitude": 39.737678, "decimalLongitude": -121.823431, "eventDate": "2023-03-17T11:31:03Z", "countryCode": "US" }, "geometry": { "type": "Point", "coordinates": [ -121.823431, 39.737678 ] } },
{ "type": "Feature", "properties": { "decimalLatitude": 37.673675, "decimalLongitude": -122.4028, "eventDate": "2023-03-20T14:18:27Z", "countryCode": "US" }, "geometry": { "type": "Point", "coordinates": [ -122.4028, 37.673675 ] } },
{ "type": "Feature", "properties": { "decimalLatitude": 38.91535, "decimalLongitude": -121.014696, "eventDate": "2023-03-16T15:03:54Z", "countryCode": "US" }, "geometry": { "type": "Point", "coordinates": [ -121.014696, 38.91535 ] } },
{ "type": "Feature", "properties": { "decimalLatitude": 38.445784, "decimalLongitude": -122.506638, "eventDate": "2023-03-20T10:19:04Z", "countryCode": "US" }, "geometry": { "type": "Point", "coordinates": [ -122.506638, 38.445784 ] } },
{ "type": "Feature", "properties": { "decimalLatitude": 37.673683, "decimalLongitude": -122.402778, "eventDate": "2023-03-20T14:17:46Z", "countryCode": "US" }, "geometry": { "type": "Point", "coordinates": [ -122.402778, 37.673683 ] } },
{ "type": "Feature", "properties": { "decimalLatitude": 38.574354, "decimalLongitude": -121.349276, "eventDate": "2023-03-15T10:26:08Z", "countryCode": "US" }, "geometry": { "type": "Point", "coordinates": [ -121.349276, 38.574354 ] } },
{ "type": "Feature", "properties": { "decimalLatitude": 38.824891, "decimalLongitude": -121.089904, "eventDate": "2023-03-18T10:52:00Z", "countryCode": "US" }, "geometry": { "type": "Point", "coordinates": [ -121.089904, 38.824891 ] } },
{ "type": "Feature", "properties": { "decimalLatitude": 38.445733, "decimalLongitude": -122.620606, "eventDate": "2023-03-15T11:13:00Z", "countryCode": "US" }, "geometry": { "type": "Point", "coordinates": [ -122.620606, 38.445733 ] } },
{ "type": "Feature", "properties": { "decimalLatitude": 37.836872, "decimalLongitude": -122.036644, "eventDate": "2023-03-18T15:38:03Z", "countryCode": "US" }, "geometry": { "type": "Point", "coordinates": [ -122.036644, 37.836872 ] } },
{ "type": "Feature", "properties": { "decimalLatitude": 38.505083, "decimalLongitude": -122.09804, "eventDate": "2023-03-23T12:35:13Z", "countryCode": "US" }, "geometry": { "type": "Point", "coordinates": [ -122.09804, 38.505083 ] } },
{ "type": "Feature", "properties": { "decimalLatitude": 37.978333, "decimalLongitude": -122.614945, "eventDate": "2023-03-22T12:26:14Z", "countryCode": "US" }, "geometry": { "type": "Point", "coordinates": [ -122.614945, 37.978333 ] } },
{ "type": "Feature", "properties": { "decimalLatitude": 38.507323, "decimalLongitude": -122.096924, "eventDate": "2023-03-23T12:10:29Z", "countryCode": "US" }, "geometry": { "type": "Point", "coordinates": [ -122.096924, 38.507323 ] } },
{ "type": "Feature", "properties": { "decimalLatitude": 37.978337, "decimalLongitude": -122.614967, "eventDate": "2023-03-26T13:51:04Z", "countryCode": "US" }, "geometry": { "type": "Point", "coordinates": [ -122.614967, 37.978337 ] } },
{ "type": "Feature", "properties": { "decimalLatitude": 38.682962, "decimalLongitude": -121.175002, "eventDate": "2023-03-25T11:53:10Z", "countryCode": "US" }, "geometry": { "type": "Point", "coordinates": [ -121.175002, 38.682962 ] } },
{ "type": "Feature", "properties": { "decimalLatitude": 39.330927, "decimalLongitude": -121.187958, "eventDate": "2023-03-25T15:12:59Z", "countryCode": "US" }, "geometry": { "type": "Point", "coordinates": [ -121.187958, 39.330927 ] } },
{ "type": "Feature", "properties": { "decimalLatitude": 38.432778, "decimalLongitude": -122.643089, "eventDate": "2023-03-23T13:14:00Z", "countryCode": "US" }, "geometry": { "type": "Point", "coordinates": [ -122.643089, 38.432778 ] } },
{ "type": "Feature", "properties": { "decimalLatitude": 37.777447, "decimalLongitude": -122.575936, "eventDate": "2023-03-24T15:17:24Z", "countryCode": "US" }, "geometry": { "type": "Point", "coordinates": [ -122.575936, 37.777447 ] } },
{ "type": "Feature", "properties": { "decimalLatitude": 38.799472, "decimalLongitude": -120.98433, "eventDate": "2023-03-25T14:31:18Z", "countryCode": "US" }, "geometry": { "type": "Point", "coordinates": [ -120.98433, 38.799472 ] } },
{ "type": "Feature", "properties": { "decimalLatitude": 37.965675, "decimalLongitude": -122.583026, "eventDate": "2023-03-25T14:30:02Z", "countryCode": "US" }, "geometry": { "type": "Point", "coordinates": [ -122.583026, 37.965675 ] } },
{ "type": "Feature", "properties": { "decimalLatitude": 38.505558, "decimalLongitude": -122.09765, "eventDate": "2023-03-24T12:22:32Z", "countryCode": "US" }, "geometry": { "type": "Point", "coordinates": [ -122.09765, 38.505558 ] } },
{ "type": "Feature", "properties": { "decimalLatitude": 38.918688, "decimalLongitude": -121.037602, "eventDate": "2023-03-31T13:35:51Z", "countryCode": "US" }, "geometry": { "type": "Point", "coordinates": [ -121.037602, 38.918688 ] } },
{ "type": "Feature", "properties": { "decimalLatitude": 38.433319, "decimalLongitude": -122.643417, "eventDate": "2023-03-23T13:13:00Z", "countryCode": "US" }, "geometry": { "type": "Point", "coordinates": [ -122.643417, 38.433319 ] } },
{ "type": "Feature", "properties": { "decimalLatitude": 38.932926, "decimalLongitude": -121.032427, "eventDate": "2023-03-24T14:05:59Z", "countryCode": "US" }, "geometry": { "type": "Point", "coordinates": [ -121.032427, 38.932926 ] } },
{ "type": "Feature", "properties": { "decimalLatitude": 38.496005, "decimalLongitude": -122.107064, "eventDate": "2023-03-24T14:17:02Z", "countryCode": "US" }, "geometry": { "type": "Point", "coordinates": [ -122.107064, 38.496005 ] } },
{ "type": "Feature", "properties": { "decimalLatitude": 38.561212, "decimalLongitude": -121.407228, "eventDate": "2023-03-26T16:26:13Z", "countryCode": "US" }, "geometry": { "type": "Point", "coordinates": [ -121.407228, 38.561212 ] } },
{ "type": "Feature", "properties": { "decimalLatitude": 38.507283, "decimalLongitude": -122.096909, "eventDate": "2023-03-17T13:03:04Z", "countryCode": "US" }, "geometry": { "type": "Point", "coordinates": [ -122.096909, 38.507283 ] } },
{ "type": "Feature", "properties": { "decimalLatitude": 38.330188, "decimalLongitude": -122.148329, "eventDate": "2023-03-30T22:03:00Z", "countryCode": "US" }, "geometry": { "type": "Point", "coordinates": [ -122.148329, 38.330188 ] } },
{ "type": "Feature", "properties": { "decimalLatitude": 38.432725, "decimalLongitude": -122.643142, "eventDate": "2023-03-23T13:14:00Z", "countryCode": "US" }, "geometry": { "type": "Point", "coordinates": [ -122.643142, 38.432725 ] } },
{ "type": "Feature", "properties": { "decimalLatitude": 38.772715, "decimalLongitude": -121.133653, "eventDate": "2023-03-24T13:49:47Z", "countryCode": "US" }, "geometry": { "type": "Point", "coordinates": [ -121.133653, 38.772715 ] } },
{ "type": "Feature", "properties": { "decimalLatitude": 39.595263, "decimalLongitude": -121.551255, "eventDate": "2023-03-27T16:25:08Z", "countryCode": "US" }, "geometry": { "type": "Point", "coordinates": [ -121.551255, 39.595263 ] } },
{ "type": "Feature", "properties": { "decimalLatitude": 38.433392, "decimalLongitude": -122.552606, "eventDate": "2023-03-24T12:27:15Z", "countryCode": "US" }, "geometry": { "type": "Point", "coordinates": [ -122.552606, 38.433392 ] } },
{ "type": "Feature", "properties": { "decimalLatitude": 38.797652, "decimalLongitude": -120.982275, "eventDate": "2023-03-24T08:49:17Z", "countryCode": "US" }, "geometry": { "type": "Point", "coordinates": [ -120.982275, 38.797652 ] } },
{ "type": "Feature", "properties": { "decimalLatitude": 38.667082, "decimalLongitude": -121.184085, "eventDate": "2023-03-26T10:44:51Z", "countryCode": "US" }, "geometry": { "type": "Point", "coordinates": [ -121.184085, 38.667082 ] } },
{ "type": "Feature", "properties": { "decimalLatitude": 38.507294, "decimalLongitude": -122.096908, "eventDate": "2023-03-17T13:05:58Z", "countryCode": "US" }, "geometry": { "type": "Point", "coordinates": [ -122.096908, 38.507294 ] } },
{ "type": "Feature", "properties": { "decimalLatitude": 38.441508, "decimalLongitude": -122.525831, "eventDate": "2023-03-27T10:15:31Z", "countryCode": "US" }, "geometry": { "type": "Point", "coordinates": [ -122.525831, 38.441508 ] } },
{ "type": "Feature", "properties": { "decimalLatitude": 39.77238, "decimalLongitude": -121.761305, "eventDate": "2023-03-26T14:50:03Z", "countryCode": "US" }, "geometry": { "type": "Point", "coordinates": [ -121.761305, 39.77238 ] } },
{ "type": "Feature", "properties": { "decimalLatitude": 38.507308, "decimalLongitude": -122.096925, "eventDate": "2023-03-17T13:05:45Z", "countryCode": "US" }, "geometry": { "type": "Point", "coordinates": [ -122.096925, 38.507308 ] } },
{ "type": "Feature", "properties": { "decimalLatitude": 38.595252, "decimalLongitude": -121.330237, "eventDate": "2023-03-26T09:30:00Z", "countryCode": "US" }, "geometry": { "type": "Point", "coordinates": [ -121.330237, 38.595252 ] } },
{ "type": "Feature", "properties": { "decimalLatitude": 37.106335, "decimalLongitude": -119.559369, "eventDate": "2023-03-29T11:56:11Z", "countryCode": "US" }, "geometry": { "type": "Point", "coordinates": [ -119.559369, 37.106335 ] } },
{ "type": "Feature", "properties": { "decimalLatitude": 38.820861, "decimalLongitude": -120.947442, "eventDate": "2023-03-07T14:51:00Z", "countryCode": "US" }, "geometry": { "type": "Point", "coordinates": [ -120.947442, 38.820861 ] } },
{ "type": "Feature", "properties": { "decimalLatitude": 39.729831, "decimalLongitude": -121.847025, "eventDate": "2023-03-03T13:47:48Z", "countryCode": "US" }, "geometry": { "type": "Point", "coordinates": [ -121.847025, 39.729831 ] } },
{ "type": "Feature", "properties": { "decimalLatitude": 39.69885, "decimalLongitude": -121.991578, "eventDate": "2023-03-08T10:48:38Z", "countryCode": "US" }, "geometry": { "type": "Point", "coordinates": [ -121.991578, 39.69885 ] } },
{ "type": "Feature", "properties": { "decimalLatitude": 38.634372, "decimalLongitude": -121.266483, "eventDate": "2023-03-18T13:43:01Z", "countryCode": "US" }, "geometry": { "type": "Point", "coordinates": [ -121.266483, 38.634372 ] } },
{ "type": "Feature", "properties": { "decimalLatitude": 38.666826, "decimalLongitude": -121.187668, "eventDate": "2023-03-15T14:29:31Z", "countryCode": "US" }, "geometry": { "type": "Point", "coordinates": [ -121.187668, 38.666826 ] } },
{ "type": "Feature", "properties": { "decimalLatitude": 37.898253, "decimalLongitude": -122.304778, "eventDate": "2023-03-18T09:27:05Z", "countryCode": "US" }, "geometry": { "type": "Point", "coordinates": [ -122.304778, 37.898253 ] } },
{ "type": "Feature", "properties": { "decimalLatitude": 37.88912, "decimalLongitude": -122.056839, "eventDate": "2023-03-27T11:02:03Z", "countryCode": "US" }, "geometry": { "type": "Point", "coordinates": [ -122.056839, 37.88912 ] } },
{ "type": "Feature", "properties": { "decimalLatitude": 38.665292, "decimalLongitude": -121.187725, "eventDate": "2023-03-23T18:35:26Z", "countryCode": "US" }, "geometry": { "type": "Point", "coordinates": [ -121.187725, 38.665292 ] } },
{ "type": "Feature", "properties": { "decimalLatitude": 37.935114, "decimalLongitude": -122.300049, "eventDate": "2023-04-02T15:50:37Z", "countryCode": "US" }, "geometry": { "type": "Point", "coordinates": [ -122.300049, 37.935114 ] } },
{ "type": "Feature", "properties": { "decimalLatitude": 39.013015, "decimalLongitude": -122.35884, "eventDate": "2023-04-03T12:04:00Z", "countryCode": "US" }, "geometry": { "type": "Point", "coordinates": [ -122.35884, 39.013015 ] } },
{ "type": "Feature", "properties": { "decimalLatitude": 38.913897, "decimalLongitude": -121.038505, "eventDate": "2023-04-01T14:25:09Z", "countryCode": "US" }, "geometry": { "type": "Point", "coordinates": [ -121.038505, 38.913897 ] } },
{ "type": "Feature", "properties": { "decimalLatitude": 39.595263, "decimalLongitude": -121.55127, "eventDate": "2023-04-02T10:04:33Z", "countryCode": "US" }, "geometry": { "type": "Point", "coordinates": [ -121.55127, 39.595263 ] } },
{ "type": "Feature", "properties": { "decimalLatitude": 38.56327, "decimalLongitude": -121.39353, "eventDate": "2023-04-01T15:51:12Z", "countryCode": "US" }, "geometry": { "type": "Point", "coordinates": [ -121.39353, 38.56327 ] } },
{ "type": "Feature", "properties": { "decimalLatitude": 39.802478, "decimalLongitude": -122.348953, "eventDate": "2023-04-02T12:30:19Z", "countryCode": "US" }, "geometry": { "type": "Point", "coordinates": [ -122.348953, 39.802478 ] } },
{ "type": "Feature", "properties": { "decimalLatitude": 39.588762, "decimalLongitude": -121.565475, "eventDate": "2023-04-02T14:37:14Z", "countryCode": "US" }, "geometry": { "type": "Point", "coordinates": [ -121.565475, 39.588762 ] } },
{ "type": "Feature", "properties": { "decimalLatitude": 39.805808, "decimalLongitude": -121.714097, "eventDate": "2023-04-01T10:14:48Z", "countryCode": "US" }, "geometry": { "type": "Point", "coordinates": [ -121.714097, 39.805808 ] } },
{ "type": "Feature", "properties": { "decimalLatitude": 38.729092, "decimalLongitude": -121.397565, "eventDate": "2023-04-02T09:11:20Z", "countryCode": "US" }, "geometry": { "type": "Point", "coordinates": [ -121.397565, 38.729092 ] } },
{ "type": "Feature", "properties": { "decimalLatitude": 39.595369, "decimalLongitude": -121.551156, "eventDate": "2023-04-02T16:24:47Z", "countryCode": "US" }, "geometry": { "type": "Point", "coordinates": [ -121.551156, 39.595369 ] } },
{ "type": "Feature", "properties": { "decimalLatitude": 38.370597, "decimalLongitude": -122.512287, "eventDate": "2023-04-02T11:46:19Z", "countryCode": "US" }, "geometry": { "type": "Point", "coordinates": [ -122.512287, 38.370597 ] } },
{ "type": "Feature", "properties": { "decimalLatitude": 38.776341, "decimalLongitude": -121.249834, "eventDate": "2023-04-05T17:20:56Z", "countryCode": "US" }, "geometry": { "type": "Point", "coordinates": [ -121.249834, 38.776341 ] } },
{ "type": "Feature", "properties": { "decimalLatitude": 39.292463, "decimalLongitude": -121.179597, "eventDate": "2023-04-04T15:23:57Z", "countryCode": "US" }, "geometry": { "type": "Point", "coordinates": [ -121.179597, 39.292463 ] } },
{ "type": "Feature", "properties": { "decimalLatitude": 39.604233, "decimalLongitude": -121.55928, "eventDate": "2023-04-06T14:37:23Z", "countryCode": "US" }, "geometry": { "type": "Point", "coordinates": [ -121.55928, 39.604233 ] } },
{ "type": "Feature", "properties": { "decimalLatitude": 38.239287, "decimalLongitude": -122.133404, "eventDate": "2023-04-04T16:46:57Z", "countryCode": "US" }, "geometry": { "type": "Point", "coordinates": [ -122.133404, 38.239287 ] } },
{ "type": "Feature", "properties": { "decimalLatitude": 38.797938, "decimalLongitude": -121.107718, "eventDate": "2023-04-06T14:53:37Z", "countryCode": "US" }, "geometry": { "type": "Point", "coordinates": [ -121.107718, 38.797938 ] } },
{ "type": "Feature", "properties": { "decimalLatitude": 39.595253, "decimalLongitude": -121.551292, "eventDate": "2023-04-02T16:27:07Z", "countryCode": "US" }, "geometry": { "type": "Point", "coordinates": [ -121.551292, 39.595253 ] } },
{ "type": "Feature", "properties": { "decimalLatitude": 38.508255, "decimalLongitude": -122.866737, "eventDate": "2023-04-07T12:55:43Z", "countryCode": "US" }, "geometry": { "type": "Point", "coordinates": [ -122.866737, 38.508255 ] } },
{ "type": "Feature", "properties": { "decimalLatitude": 38.369326, "decimalLongitude": -122.514655, "eventDate": "2023-04-02T12:47:28Z", "countryCode": "US" }, "geometry": { "type": "Point", "coordinates": [ -122.514655, 38.369326 ] } },
{ "type": "Feature", "properties": { "decimalLatitude": 38.564053, "decimalLongitude": -121.388703, "eventDate": "2023-04-09T18:15:57Z", "countryCode": "US" }, "geometry": { "type": "Point", "coordinates": [ -121.388703, 38.564053 ] } },
{ "type": "Feature", "properties": { "decimalLatitude": 38.821521, "decimalLongitude": -120.961367, "eventDate": "2023-04-09T18:33:58Z", "countryCode": "US" }, "geometry": { "type": "Point", "coordinates": [ -120.961367, 38.821521 ] } },
{ "type": "Feature", "properties": { "decimalLatitude": 38.616969, "decimalLongitude": -121.311991, "eventDate": "2023-04-08T09:37:00Z", "countryCode": "US" }, "geometry": { "type": "Point", "coordinates": [ -121.311991, 38.616969 ] } },
{ "type": "Feature", "properties": { "decimalLatitude": 40.784083, "decimalLongitude": -122.34272, "eventDate": "2023-04-09T13:54:41Z", "countryCode": "US" }, "geometry": { "type": "Point", "coordinates": [ -122.34272, 40.784083 ] } },
{ "type": "Feature", "properties": { "decimalLatitude": 38.824817, "decimalLongitude": -121.089425, "eventDate": "2023-04-10T12:19:12Z", "countryCode": "US" }, "geometry": { "type": "Point", "coordinates": [ -121.089425, 38.824817 ] } },
{ "type": "Feature", "properties": { "decimalLatitude": 38.005039, "decimalLongitude": -122.150263, "eventDate": "2023-04-09T16:37:02Z", "countryCode": "US" }, "geometry": { "type": "Point", "coordinates": [ -122.150263, 38.005039 ] } },
{ "type": "Feature", "properties": { "decimalLatitude": 40.914947, "decimalLongitude": -122.245422, "eventDate": "2023-04-07T10:45:04Z", "countryCode": "US" }, "geometry": { "type": "Point", "coordinates": [ -122.245422, 40.914947 ] } },
{ "type": "Feature", "properties": { "decimalLatitude": 39.649938, "decimalLongitude": -121.643011, "eventDate": "2023-04-07T10:00:54Z", "countryCode": "US" }, "geometry": { "type": "Point", "coordinates": [ -121.643011, 39.649938 ] } },
{ "type": "Feature", "properties": { "decimalLatitude": 40.495755, "decimalLongitude": -122.49855, "eventDate": "2023-04-08T16:07:54Z", "countryCode": "US" }, "geometry": { "type": "Point", "coordinates": [ -122.49855, 40.495755 ] } },
{ "type": "Feature", "properties": { "decimalLatitude": 38.804009, "decimalLongitude": -122.231888, "eventDate": "2023-04-09T10:27:00Z", "countryCode": "US" }, "geometry": { "type": "Point", "coordinates": [ -122.231888, 38.804009 ] } },
{ "type": "Feature", "properties": { "decimalLatitude": 38.051781, "decimalLongitude": -122.75975, "eventDate": "2023-04-14T16:30:52Z", "countryCode": "US" }, "geometry": { "type": "Point", "coordinates": [ -122.75975, 38.051781 ] } },
{ "type": "Feature", "properties": { "decimalLatitude": 39.800913, "decimalLongitude": -121.730667, "eventDate": "2023-04-12T15:10:29Z", "countryCode": "US" }, "geometry": { "type": "Point", "coordinates": [ -121.730667, 39.800913 ] } },
{ "type": "Feature", "properties": { "decimalLatitude": 38.605225, "decimalLongitude": -121.315735, "eventDate": "2023-04-12T10:48:11Z", "countryCode": "US" }, "geometry": { "type": "Point", "coordinates": [ -121.315735, 38.605225 ] } },
{ "type": "Feature", "properties": { "decimalLatitude": 38.01617, "decimalLongitude": -122.585352, "eventDate": "2023-04-15T12:13:59Z", "countryCode": "US" }, "geometry": { "type": "Point", "coordinates": [ -122.585352, 38.01617 ] } },
{ "type": "Feature", "properties": { "decimalLatitude": 39.293259, "decimalLongitude": -121.194136, "eventDate": "2023-04-10T13:18:27Z", "countryCode": "US" }, "geometry": { "type": "Point", "coordinates": [ -121.194136, 39.293259 ] } },
{ "type": "Feature", "properties": { "decimalLatitude": 38.733822, "decimalLongitude": -121.24829, "eventDate": "2023-04-13T18:21:18Z", "countryCode": "US" }, "geometry": { "type": "Point", "coordinates": [ -121.24829, 38.733822 ] } },
{ "type": "Feature", "properties": { "decimalLatitude": 38.591765, "decimalLongitude": -121.334442, "eventDate": "2023-04-12T09:56:00Z", "countryCode": "US" }, "geometry": { "type": "Point", "coordinates": [ -121.334442, 38.591765 ] } },
{ "type": "Feature", "properties": { "decimalLatitude": 37.837128, "decimalLongitude": -122.033691, "eventDate": "2023-04-14T14:19:39Z", "countryCode": "US" }, "geometry": { "type": "Point", "coordinates": [ -122.033691, 37.837128 ] } },
{ "type": "Feature", "properties": { "decimalLatitude": 38.073208, "decimalLongitude": -122.589799, "eventDate": "2023-04-06T12:11:00Z", "countryCode": "US" }, "geometry": { "type": "Point", "coordinates": [ -122.589799, 38.073208 ] } },
{ "type": "Feature", "properties": { "decimalLatitude": 38.600187, "decimalLongitude": -121.328255, "eventDate": "2023-04-14T15:23:17Z", "countryCode": "US" }, "geometry": { "type": "Point", "coordinates": [ -121.328255, 38.600187 ] } },
{ "type": "Feature", "properties": { "decimalLatitude": 38.252242, "decimalLongitude": -122.135886, "eventDate": "2023-04-11T19:17:24Z", "countryCode": "US" }, "geometry": { "type": "Point", "coordinates": [ -122.135886, 38.252242 ] } },
{ "type": "Feature", "properties": { "decimalLatitude": 38.964467, "decimalLongitude": -121.170363, "eventDate": "2023-04-14T10:03:15Z", "countryCode": "US" }, "geometry": { "type": "Point", "coordinates": [ -121.170363, 38.964467 ] } },
{ "type": "Feature", "properties": { "decimalLatitude": 38.589663, "decimalLongitude": -121.327697, "eventDate": "2023-04-14T14:55:53Z", "countryCode": "US" }, "geometry": { "type": "Point", "coordinates": [ -121.327697, 38.589663 ] } },
{ "type": "Feature", "properties": { "decimalLatitude": 38.819145, "decimalLongitude": -120.947883, "eventDate": "2023-04-14T17:28:53Z", "countryCode": "US" }, "geometry": { "type": "Point", "coordinates": [ -120.947883, 38.819145 ] } },
{ "type": "Feature", "properties": { "decimalLatitude": 38.819212, "decimalLongitude": -120.951287, "eventDate": "2023-04-14T17:43:23Z", "countryCode": "US" }, "geometry": { "type": "Point", "coordinates": [ -120.951287, 38.819212 ] } },
{ "type": "Feature", "properties": { "decimalLatitude": 40.91984, "decimalLongitude": -122.239302, "eventDate": "2023-04-15T11:52:05Z", "countryCode": "US" }, "geometry": { "type": "Point", "coordinates": [ -122.239302, 40.91984 ] } },
{ "type": "Feature", "properties": { "decimalLatitude": 38.635326, "decimalLongitude": -121.231342, "eventDate": "2023-04-11T09:45:00Z", "countryCode": "US" }, "geometry": { "type": "Point", "coordinates": [ -121.231342, 38.635326 ] } },
{ "type": "Feature", "properties": { "decimalLatitude": 37.998875, "decimalLongitude": -122.707825, "eventDate": "2023-04-22T11:19:33Z", "countryCode": "US" }, "geometry": { "type": "Point", "coordinates": [ -122.707825, 37.998875 ] } },
{ "type": "Feature", "properties": { "decimalLatitude": 39.2986, "decimalLongitude": -121.088036, "eventDate": "2023-04-16T17:25:28Z", "countryCode": "US" }, "geometry": { "type": "Point", "coordinates": [ -121.088036, 39.2986 ] } },
{ "type": "Feature", "properties": { "decimalLatitude": 38.493453, "decimalLongitude": -122.838547, "eventDate": "2023-04-17T15:13:57Z", "countryCode": "US" }, "geometry": { "type": "Point", "coordinates": [ -122.838547, 38.493453 ] } },
{ "type": "Feature", "properties": { "decimalLatitude": 38.480922, "decimalLongitude": -122.338097, "eventDate": "2023-04-20T13:56:29Z", "countryCode": "US" }, "geometry": { "type": "Point", "coordinates": [ -122.338097, 38.480922 ] } },
{ "type": "Feature", "properties": { "decimalLatitude": 38.75125, "decimalLongitude": -121.258681, "eventDate": "2023-04-20T18:03:11Z", "countryCode": "US" }, "geometry": { "type": "Point", "coordinates": [ -121.258681, 38.75125 ] } },
{ "type": "Feature", "properties": { "decimalLatitude": 39.706842, "decimalLongitude": -121.940688, "eventDate": "2023-04-20T13:40:46Z", "countryCode": "US" }, "geometry": { "type": "Point", "coordinates": [ -121.940688, 39.706842 ] } },
{ "type": "Feature", "properties": { "decimalLatitude": 38.06245, "decimalLongitude": -122.589517, "eventDate": "2023-04-17T16:52:33Z", "countryCode": "US" }, "geometry": { "type": "Point", "coordinates": [ -122.589517, 38.06245 ] } },
{ "type": "Feature", "properties": { "decimalLatitude": 38.626726, "decimalLongitude": -121.299253, "eventDate": "2023-04-22T09:48:21Z", "countryCode": "US" }, "geometry": { "type": "Point", "coordinates": [ -121.299253, 38.626726 ] } },
{ "type": "Feature", "properties": { "decimalLatitude": 39.292438, "decimalLongitude": -121.09665, "eventDate": "2023-04-23T16:07:07Z", "countryCode": "US" }, "geometry": { "type": "Point", "coordinates": [ -121.09665, 39.292438 ] } },
{ "type": "Feature", "properties": { "decimalLatitude": 37.811095, "decimalLongitude": -122.371329, "eventDate": "2023-04-26T12:10:46Z", "countryCode": "US" }, "geometry": { "type": "Point", "coordinates": [ -122.371329, 37.811095 ] } },
{ "type": "Feature", "properties": { "decimalLatitude": 37.978287, "decimalLongitude": -122.614455, "eventDate": "2023-04-22T12:20:21Z", "countryCode": "US" }, "geometry": { "type": "Point", "coordinates": [ -122.614455, 37.978287 ] } },
{ "type": "Feature", "properties": { "decimalLatitude": 37.864053, "decimalLongitude": -122.435197, "eventDate": "2023-04-23T12:53:41Z", "countryCode": "US" }, "geometry": { "type": "Point", "coordinates": [ -122.435197, 37.864053 ] } },
{ "type": "Feature", "properties": { "decimalLatitude": 38.042628, "decimalLongitude": -122.604756, "eventDate": "2023-04-29T18:02:21Z", "countryCode": "US" }, "geometry": { "type": "Point", "coordinates": [ -122.604756, 38.042628 ] } },
{ "type": "Feature", "properties": { "decimalLatitude": 40.529992, "decimalLongitude": -122.108453, "eventDate": "2023-04-29T16:13:48Z", "countryCode": "US" }, "geometry": { "type": "Point", "coordinates": [ -122.108453, 40.529992 ] } },
{ "type": "Feature", "properties": { "decimalLatitude": 38.563958, "decimalLongitude": -121.388833, "eventDate": "2023-04-28T18:05:31Z", "countryCode": "US" }, "geometry": { "type": "Point", "coordinates": [ -121.388833, 38.563958 ] } },
{ "type": "Feature", "properties": { "decimalLatitude": 38.632955, "decimalLongitude": -121.275735, "eventDate": "2023-04-30T09:44:04Z", "countryCode": "US" }, "geometry": { "type": "Point", "coordinates": [ -121.275735, 38.632955 ] } },
{ "type": "Feature", "properties": { "decimalLatitude": 38.893781, "decimalLongitude": -121.068297, "eventDate": "2023-04-30T16:13:43Z", "countryCode": "US" }, "geometry": { "type": "Point", "coordinates": [ -121.068297, 38.893781 ] } },
{ "type": "Feature", "properties": { "decimalLatitude": 39.595313, "decimalLongitude": -121.551255, "eventDate": "2023-04-28T08:44:42Z", "countryCode": "US" }, "geometry": { "type": "Point", "coordinates": [ -121.551255, 39.595313 ] } },
{ "type": "Feature", "properties": { "decimalLatitude": 38.56157, "decimalLongitude": -121.418633, "eventDate": "2023-04-28T13:44:17Z", "countryCode": "US" }, "geometry": { "type": "Point", "coordinates": [ -121.418633, 38.56157 ] } },
{ "type": "Feature", "properties": { "decimalLatitude": 38.30165, "decimalLongitude": -122.482978, "eventDate": "2023-04-25T11:33:00Z", "countryCode": "US" }, "geometry": { "type": "Point", "coordinates": [ -122.482978, 38.30165 ] } },
{ "type": "Feature", "properties": { "decimalLatitude": 39.200523, "decimalLongitude": -121.468052, "eventDate": "2023-04-26T08:12:19Z", "countryCode": "US" }, "geometry": { "type": "Point", "coordinates": [ -121.468052, 39.200523 ] } },
{ "type": "Feature", "properties": { "decimalLatitude": 38.88042, "decimalLongitude": -121.068839, "eventDate": "2023-04-28T18:51:06Z", "countryCode": "US" }, "geometry": { "type": "Point", "coordinates": [ -121.068839, 38.88042 ] } },
{ "type": "Feature", "properties": { "decimalLatitude": 40.611583, "decimalLongitude": -122.555911, "eventDate": "2023-04-30T14:19:41Z", "countryCode": "US" }, "geometry": { "type": "Point", "coordinates": [ -122.555911, 40.611583 ] } },
{ "type": "Feature", "properties": { "decimalLatitude": 39.770826, "decimalLongitude": -121.76934, "eventDate": "2023-04-16T10:20:00Z", "countryCode": "US" }, "geometry": { "type": "Point", "coordinates": [ -121.76934, 39.770826 ] } },
{ "type": "Feature", "properties": { "decimalLatitude": 39.77006, "decimalLongitude": -121.767585, "eventDate": "2023-04-16T10:20:00Z", "countryCode": "US" }, "geometry": { "type": "Point", "coordinates": [ -121.767585, 39.77006 ] } },
{ "type": "Feature", "properties": { "decimalLatitude": 39.77221, "decimalLongitude": -121.774769, "eventDate": "2023-04-16T10:02:00Z", "countryCode": "US" }, "geometry": { "type": "Point", "coordinates": [ -121.774769, 39.77221 ] } },
{ "type": "Feature", "properties": { "decimalLatitude": 39.771763, "decimalLongitude": -121.764119, "eventDate": "2023-04-16T10:22:00Z", "countryCode": "US" }, "geometry": { "type": "Point", "coordinates": [ -121.764119, 39.771763 ] } },
{ "type": "Feature", "properties": { "decimalLatitude": 40.839181, "decimalLongitude": -122.028008, "eventDate": "2023-04-29T12:32:00Z", "countryCode": "US" }, "geometry": { "type": "Point", "coordinates": [ -122.028008, 40.839181 ] } },
{ "type": "Feature", "properties": { "decimalLatitude": 40.584225, "decimalLongitude": -122.551858, "eventDate": "2023-04-16T18:46:00Z", "countryCode": "US" }, "geometry": { "type": "Point", "coordinates": [ -122.551858, 40.584225 ] } },
{ "type": "Feature", "properties": { "decimalLatitude": 39.291958, "decimalLongitude": -121.191017, "eventDate": "2023-04-01T09:54:55Z", "countryCode": "US" }, "geometry": { "type": "Point", "coordinates": [ -121.191017, 39.291958 ] } },
{ "type": "Feature", "properties": { "decimalLatitude": 37.898264, "decimalLongitude": -122.304859, "eventDate": "2023-04-15T13:46:17Z", "countryCode": "US" }, "geometry": { "type": "Point", "coordinates": [ -122.304859, 37.898264 ] } },
{ "type": "Feature", "properties": { "decimalLatitude": 37.935114, "decimalLongitude": -122.300199, "eventDate": "2023-04-18T00:00:00Z", "countryCode": "US" }, "geometry": { "type": "Point", "coordinates": [ -122.300199, 37.935114 ] } },
{ "type": "Feature", "properties": { "decimalLatitude": 37.935114, "decimalLongitude": -122.300199, "eventDate": "2023-04-18T00:00:00Z", "countryCode": "US" }, "geometry": { "type": "Point", "coordinates": [ -122.300199, 37.935114 ] } },
{ "type": "Feature", "properties": { "decimalLatitude": 40.495422, "decimalLongitude": -122.498216, "eventDate": "2023-04-21T11:56:00Z", "countryCode": "US" }, "geometry": { "type": "Point", "coordinates": [ -122.498216, 40.495422 ] } },
{ "type": "Feature", "properties": { "decimalLatitude": 40.613664, "decimalLongitude": -122.573892, "eventDate": "2023-04-23T06:51:00Z", "countryCode": "US" }, "geometry": { "type": "Point", "coordinates": [ -122.573892, 40.613664 ] } },
{ "type": "Feature", "properties": { "decimalLatitude": 38.09974, "decimalLongitude": -122.410716, "eventDate": "2023-04-22T18:40:16Z", "countryCode": "US" }, "geometry": { "type": "Point", "coordinates": [ -122.410716, 38.09974 ] } },
{ "type": "Feature", "properties": { "decimalLatitude": 38.82225, "decimalLongitude": -121.094633, "eventDate": "2023-04-29T08:51:44Z", "countryCode": "US" }, "geometry": { "type": "Point", "coordinates": [ -121.094633, 38.82225 ] } },
{ "type": "Feature", "properties": { "decimalLatitude": 38.564782, "decimalLongitude": -121.39632, "eventDate": "2023-04-29T18:14:18Z", "countryCode": "US" }, "geometry": { "type": "Point", "coordinates": [ -121.39632, 38.564782 ] } },
{ "type": "Feature", "properties": { "decimalLatitude": 38.406816, "decimalLongitude": -122.051466, "eventDate": "2023-04-26T08:17:00Z", "countryCode": "US" }, "geometry": { "type": "Point", "coordinates": [ -122.051466, 38.406816 ] } },
{ "type": "Feature", "properties": { "decimalLatitude": 37.837616, "decimalLongitude": -122.039497, "eventDate": "2023-04-14T15:23:09Z", "countryCode": "US" }, "geometry": { "type": "Point", "coordinates": [ -122.039497, 37.837616 ] } },
{ "type": "Feature", "properties": { "decimalLatitude": 38.780776, "decimalLongitude": -121.123401, "eventDate": "2023-04-20T17:00:06Z", "countryCode": "US" }, "geometry": { "type": "Point", "coordinates": [ -121.123401, 38.780776 ] } },
{ "type": "Feature", "properties": { "decimalLatitude": 38.000166, "decimalLongitude": -122.707187, "eventDate": "2023-04-13T08:07:56Z", "countryCode": "US" }, "geometry": { "type": "Point", "coordinates": [ -122.707187, 38.000166 ] } },
{ "type": "Feature", "properties": { "decimalLatitude": 37.766693, "decimalLongitude": -122.472061, "eventDate": "2023-04-07T15:39:31Z", "countryCode": "US" }, "geometry": { "type": "Point", "coordinates": [ -122.472061, 37.766693 ] } },
{ "type": "Feature", "properties": { "decimalLatitude": 39.59528, "decimalLongitude": -121.551262, "eventDate": "2023-04-21T13:16:18Z", "countryCode": "US" }, "geometry": { "type": "Point", "coordinates": [ -121.551262, 39.59528 ] } },
{ "type": "Feature", "properties": { "decimalLatitude": 38.29895, "decimalLongitude": -122.483886, "eventDate": "2023-04-25T12:10:00Z", "countryCode": "US" }, "geometry": { "type": "Point", "coordinates": [ -122.483886, 38.29895 ] } },
{ "type": "Feature", "properties": { "decimalLatitude": 38.60164, "decimalLongitude": -121.31825, "eventDate": "2023-05-01T10:23:21Z", "countryCode": "US" }, "geometry": { "type": "Point", "coordinates": [ -121.31825, 38.60164 ] } },
{ "type": "Feature", "properties": { "decimalLatitude": 37.955108, "decimalLongitude": -122.421208, "eventDate": "2023-05-01T17:27:25Z", "countryCode": "US" }, "geometry": { "type": "Point", "coordinates": [ -122.421208, 37.955108 ] } },
{ "type": "Feature", "properties": { "decimalLatitude": 39.728433, "decimalLongitude": -121.837478, "eventDate": "2023-05-03T16:28:45Z", "countryCode": "US" }, "geometry": { "type": "Point", "coordinates": [ -121.837478, 39.728433 ] } },
{ "type": "Feature", "properties": { "decimalLatitude": 38.822712, "decimalLongitude": -120.948775, "eventDate": "2023-05-03T12:46:09Z", "countryCode": "US" }, "geometry": { "type": "Point", "coordinates": [ -120.948775, 38.822712 ] } },
{ "type": "Feature", "properties": { "decimalLatitude": 40.784063, "decimalLongitude": -122.342872, "eventDate": "2023-05-04T14:34:35Z", "countryCode": "US" }, "geometry": { "type": "Point", "coordinates": [ -122.342872, 40.784063 ] } },
{ "type": "Feature", "properties": { "decimalLatitude": 39.327577, "decimalLongitude": -121.01818, "eventDate": "2023-05-03T10:22:19Z", "countryCode": "US" }, "geometry": { "type": "Point", "coordinates": [ -121.01818, 39.327577 ] } },
{ "type": "Feature", "properties": { "decimalLatitude": 38.346181, "decimalLongitude": -122.476594, "eventDate": "2023-05-03T16:01:00Z", "countryCode": "US" }, "geometry": { "type": "Point", "coordinates": [ -122.476594, 38.346181 ] } },
{ "type": "Feature", "properties": { "decimalLatitude": 38.528051, "decimalLongitude": -122.368421, "eventDate": "2023-05-07T11:55:00Z", "countryCode": "US" }, "geometry": { "type": "Point", "coordinates": [ -122.368421, 38.528051 ] } },
{ "type": "Feature", "properties": { "decimalLatitude": 39.604187, "decimalLongitude": -121.559053, "eventDate": "2023-05-02T09:20:33Z", "countryCode": "US" }, "geometry": { "type": "Point", "coordinates": [ -121.559053, 39.604187 ] } },
{ "type": "Feature", "properties": { "decimalLatitude": 38.574342, "decimalLongitude": -121.349267, "eventDate": "2023-05-12T10:27:04Z", "countryCode": "US" }, "geometry": { "type": "Point", "coordinates": [ -121.349267, 38.574342 ] } },
{ "type": "Feature", "properties": { "decimalLatitude": 38.595252, "decimalLongitude": -121.330237, "eventDate": "2023-05-11T07:33:00Z", "countryCode": "US" }, "geometry": { "type": "Point", "coordinates": [ -121.330237, 38.595252 ] } },
{ "type": "Feature", "properties": { "decimalLatitude": 38.453501, "decimalLongitude": -122.493876, "eventDate": "2023-05-07T22:25:00Z", "countryCode": "US" }, "geometry": { "type": "Point", "coordinates": [ -122.493876, 38.453501 ] } },
{ "type": "Feature", "properties": { "decimalLatitude": 39.764741, "decimalLongitude": -121.799412, "eventDate": "2023-05-13T13:43:03Z", "countryCode": "US" }, "geometry": { "type": "Point", "coordinates": [ -121.799412, 39.764741 ] } },
{ "type": "Feature", "properties": { "decimalLatitude": 37.720211, "decimalLongitude": -122.384678, "eventDate": "2023-05-10T13:30:16Z", "countryCode": "US" }, "geometry": { "type": "Point", "coordinates": [ -122.384678, 37.720211 ] } },
{ "type": "Feature", "properties": { "decimalLatitude": 38.800512, "decimalLongitude": -121.108903, "eventDate": "2023-05-12T13:34:12Z", "countryCode": "US" }, "geometry": { "type": "Point", "coordinates": [ -121.108903, 38.800512 ] } },
{ "type": "Feature", "properties": { "decimalLatitude": 38.418913, "decimalLongitude": -122.353363, "eventDate": "2023-05-11T10:22:47Z", "countryCode": "US" }, "geometry": { "type": "Point", "coordinates": [ -122.353363, 38.418913 ] } },
{ "type": "Feature", "properties": { "decimalLatitude": 38.511685, "decimalLongitude": -122.100832, "eventDate": "2023-05-06T17:49:56Z", "countryCode": "US" }, "geometry": { "type": "Point", "coordinates": [ -122.100832, 38.511685 ] } },
{ "type": "Feature", "properties": { "decimalLatitude": 39.335128, "decimalLongitude": -121.424195, "eventDate": "2023-05-13T13:07:20Z", "countryCode": "US" }, "geometry": { "type": "Point", "coordinates": [ -121.424195, 39.335128 ] } },
{ "type": "Feature", "properties": { "decimalLatitude": 38.339967, "decimalLongitude": -122.003556, "eventDate": "2023-05-17T09:54:55Z", "countryCode": "US" }, "geometry": { "type": "Point", "coordinates": [ -122.003556, 38.339967 ] } },
{ "type": "Feature", "properties": { "decimalLatitude": 38.497207, "decimalLongitude": -121.549966, "eventDate": "2023-05-17T08:19:09Z", "countryCode": "US" }, "geometry": { "type": "Point", "coordinates": [ -121.549966, 38.497207 ] } },
{ "type": "Feature", "properties": { "decimalLatitude": 37.852547, "decimalLongitude": -122.560415, "eventDate": "2023-05-20T19:48:31Z", "countryCode": "US" }, "geometry": { "type": "Point", "coordinates": [ -122.560415, 37.852547 ] } },
{ "type": "Feature", "properties": { "decimalLatitude": 40.262588, "decimalLongitude": -122.169442, "eventDate": "2023-05-07T15:42:42Z", "countryCode": "US" }, "geometry": { "type": "Point", "coordinates": [ -122.169442, 40.262588 ] } },
{ "type": "Feature", "properties": { "decimalLatitude": 38.5265, "decimalLongitude": -122.761997, "eventDate": "2023-05-19T08:14:04Z", "countryCode": "US" }, "geometry": { "type": "Point", "coordinates": [ -122.761997, 38.5265 ] } },
{ "type": "Feature", "properties": { "decimalLatitude": 38.500953, "decimalLongitude": -122.099717, "eventDate": "2023-05-19T18:16:02Z", "countryCode": "US" }, "geometry": { "type": "Point", "coordinates": [ -122.099717, 38.500953 ] } },
{ "type": "Feature", "properties": { "decimalLatitude": 38.616969, "decimalLongitude": -121.311991, "eventDate": "2023-05-21T07:58:00Z", "countryCode": "US" }, "geometry": { "type": "Point", "coordinates": [ -121.311991, 38.616969 ] } },
{ "type": "Feature", "properties": { "decimalLatitude": 38.88093, "decimalLongitude": -121.068397, "eventDate": "2023-05-21T14:36:13Z", "countryCode": "US" }, "geometry": { "type": "Point", "coordinates": [ -121.068397, 38.88093 ] } },
{ "type": "Feature", "properties": { "decimalLatitude": 38.2882, "decimalLongitude": -122.456337, "eventDate": "2023-05-21T19:58:19Z", "countryCode": "US" }, "geometry": { "type": "Point", "coordinates": [ -122.456337, 38.2882 ] } },
{ "type": "Feature", "properties": { "decimalLatitude": 38.433383, "decimalLongitude": -122.642944, "eventDate": "2023-05-24T11:23:00Z", "countryCode": "US" }, "geometry": { "type": "Point", "coordinates": [ -122.642944, 38.433383 ] } },
{ "type": "Feature", "properties": { "decimalLatitude": 38.501, "decimalLongitude": -122.1, "eventDate": "2023-05-13T10:20:00Z", "countryCode": "US" }, "geometry": { "type": "Point", "coordinates": [ -122.1, 38.501 ] } },
{ "type": "Feature", "properties": { "decimalLatitude": 40.271738, "decimalLongitude": -121.836346, "eventDate": "2023-05-24T15:42:56Z", "countryCode": "US" }, "geometry": { "type": "Point", "coordinates": [ -121.836346, 40.271738 ] } },
{ "type": "Feature", "properties": { "decimalLatitude": 40.831353, "decimalLongitude": -122.13958, "eventDate": "2023-05-27T15:54:33Z", "countryCode": "US" }, "geometry": { "type": "Point", "coordinates": [ -122.13958, 40.831353 ] } },
{ "type": "Feature", "properties": { "decimalLatitude": 38.016232, "decimalLongitude": -122.682703, "eventDate": "2023-05-25T12:46:00Z", "countryCode": "US" }, "geometry": { "type": "Point", "coordinates": [ -122.682703, 38.016232 ] } },
{ "type": "Feature", "properties": { "decimalLatitude": 40.787803, "decimalLongitude": -122.327322, "eventDate": "2023-05-26T11:58:00Z", "countryCode": "US" }, "geometry": { "type": "Point", "coordinates": [ -122.327322, 40.787803 ] } },
{ "type": "Feature", "properties": { "decimalLatitude": 39.694605, "decimalLongitude": -121.486898, "eventDate": "2023-05-27T12:24:00Z", "countryCode": "US" }, "geometry": { "type": "Point", "coordinates": [ -121.486898, 39.694605 ] } },
{ "type": "Feature", "properties": { "decimalLatitude": 39.305972, "decimalLongitude": -121.331455, "eventDate": "2023-05-07T09:37:00Z", "countryCode": "US" }, "geometry": { "type": "Point", "coordinates": [ -121.331455, 39.305972 ] } },
{ "type": "Feature", "properties": { "decimalLatitude": 40.196736, "decimalLongitude": -122.224875, "eventDate": "2023-05-10T14:24:39Z", "countryCode": "US" }, "geometry": { "type": "Point", "coordinates": [ -122.224875, 40.196736 ] } },
{ "type": "Feature", "properties": { "decimalLatitude": 38.526889, "decimalLongitude": -122.749061, "eventDate": "2023-05-25T17:35:00Z", "countryCode": "US" }, "geometry": { "type": "Point", "coordinates": [ -122.749061, 38.526889 ] } },
{ "type": "Feature", "properties": { "decimalLatitude": 38.371794, "decimalLongitude": -122.516942, "eventDate": "2023-05-28T14:01:23Z", "countryCode": "US" }, "geometry": { "type": "Point", "coordinates": [ -122.516942, 38.371794 ] } },
{ "type": "Feature", "properties": { "decimalLatitude": 38.763908, "decimalLongitude": -121.130486, "eventDate": "2023-05-23T14:29:33Z", "countryCode": "US" }, "geometry": { "type": "Point", "coordinates": [ -121.130486, 38.763908 ] } },
{ "type": "Feature", "properties": { "decimalLatitude": 38.595252, "decimalLongitude": -121.330237, "eventDate": "2023-05-07T07:29:00Z", "countryCode": "US" }, "geometry": { "type": "Point", "coordinates": [ -121.330237, 38.595252 ] } },
{ "type": "Feature", "properties": { "decimalLatitude": 38.709794, "decimalLongitude": -121.100855, "eventDate": "2023-05-07T12:55:02Z", "countryCode": "US" }, "geometry": { "type": "Point", "coordinates": [ -121.100855, 38.709794 ] } },
{ "type": "Feature", "properties": { "decimalLatitude": 38.453842, "decimalLongitude": -122.665803, "eventDate": "2023-05-07T12:42:29Z", "countryCode": "US" }, "geometry": { "type": "Point", "coordinates": [ -122.665803, 38.453842 ] } },
{ "type": "Feature", "properties": { "decimalLatitude": 40.784153, "decimalLongitude": -122.343012, "eventDate": "2023-05-01T19:44:00Z", "countryCode": "US" }, "geometry": { "type": "Point", "coordinates": [ -122.343012, 40.784153 ] } },
{ "type": "Feature", "properties": { "decimalLatitude": 37.826483, "decimalLongitude": -122.036308, "eventDate": "2023-05-14T18:28:00Z", "countryCode": "US" }, "geometry": { "type": "Point", "coordinates": [ -122.036308, 37.826483 ] } },
{ "type": "Feature", "properties": { "decimalLatitude": 38.584133, "decimalLongitude": -121.33152, "eventDate": "2023-05-07T14:17:15Z", "countryCode": "US" }, "geometry": { "type": "Point", "coordinates": [ -121.33152, 38.584133 ] } },
{ "type": "Feature", "properties": { "decimalLatitude": 40.839572, "decimalLongitude": -122.027847, "eventDate": "2023-05-13T13:36:53Z", "countryCode": "US" }, "geometry": { "type": "Point", "coordinates": [ -122.027847, 40.839572 ] } },
{ "type": "Feature", "properties": { "decimalLatitude": 37.978172, "decimalLongitude": -122.614206, "eventDate": "2023-05-11T10:38:00Z", "countryCode": "US" }, "geometry": { "type": "Point", "coordinates": [ -122.614206, 37.978172 ] } },
{ "type": "Feature", "properties": { "decimalLatitude": 40.588688, "decimalLongitude": -122.58168, "eventDate": "2023-05-24T10:47:00Z", "countryCode": "US" }, "geometry": { "type": "Point", "coordinates": [ -122.58168, 40.588688 ] } },
{ "type": "Feature", "properties": { "decimalLatitude": 38.917163, "decimalLongitude": -121.022117, "eventDate": "2023-05-30T10:17:47Z", "countryCode": "US" }, "geometry": { "type": "Point", "coordinates": [ -121.022117, 38.917163 ] } },
{ "type": "Feature", "properties": { "decimalLatitude": 40.594319, "decimalLongitude": -122.410252, "eventDate": "2023-06-01T10:25:50Z", "countryCode": "US" }, "geometry": { "type": "Point", "coordinates": [ -122.410252, 40.594319 ] } },
{ "type": "Feature", "properties": { "decimalLatitude": 38.55822, "decimalLongitude": -122.436317, "eventDate": "2023-06-02T14:07:03Z", "countryCode": "US" }, "geometry": { "type": "Point", "coordinates": [ -122.436317, 38.55822 ] } },
{ "type": "Feature", "properties": { "decimalLatitude": 37.969881, "decimalLongitude": -122.592564, "eventDate": "2023-06-03T11:40:02Z", "countryCode": "US" }, "geometry": { "type": "Point", "coordinates": [ -122.592564, 37.969881 ] } },
{ "type": "Feature", "properties": { "decimalLatitude": 37.974085, "decimalLongitude": -122.585664, "eventDate": "2023-06-11T10:36:27Z", "countryCode": "US" }, "geometry": { "type": "Point", "coordinates": [ -122.585664, 37.974085 ] } },
{ "type": "Feature", "properties": { "decimalLatitude": 38.45185, "decimalLongitude": -122.574101, "eventDate": "2023-06-04T10:17:00Z", "countryCode": "US" }, "geometry": { "type": "Point", "coordinates": [ -122.574101, 38.45185 ] } },
{ "type": "Feature", "properties": { "decimalLatitude": 38.0904, "decimalLongitude": -122.154908, "eventDate": "2023-06-08T09:39:06Z", "countryCode": "US" }, "geometry": { "type": "Point", "coordinates": [ -122.154908, 38.0904 ] } },
{ "type": "Feature", "properties": { "decimalLatitude": 38.595252, "decimalLongitude": -121.330237, "eventDate": "2023-06-06T06:37:00Z", "countryCode": "US" }, "geometry": { "type": "Point", "coordinates": [ -121.330237, 38.595252 ] } },
{ "type": "Feature", "properties": { "decimalLatitude": 38.459503, "decimalLongitude": -122.562758, "eventDate": "2023-06-13T11:52:00Z", "countryCode": "US" }, "geometry": { "type": "Point", "coordinates": [ -122.562758, 38.459503 ] } },
{ "type": "Feature", "properties": { "decimalLatitude": 38.597102, "decimalLongitude": -121.329797, "eventDate": "2023-06-14T19:56:44Z", "countryCode": "US" }, "geometry": { "type": "Point", "coordinates": [ -121.329797, 38.597102 ] } },
{ "type": "Feature", "properties": { "decimalLatitude": 38.677277, "decimalLongitude": -121.189204, "eventDate": "2023-06-21T18:45:18Z", "countryCode": "US" }, "geometry": { "type": "Point", "coordinates": [ -121.189204, 38.677277 ] } },
{ "type": "Feature", "properties": { "decimalLatitude": 38.627145, "decimalLongitude": -121.276612, "eventDate": "2023-06-17T12:34:07Z", "countryCode": "US" }, "geometry": { "type": "Point", "coordinates": [ -121.276612, 38.627145 ] } },
{ "type": "Feature", "properties": { "decimalLatitude": 38.611728, "decimalLongitude": -121.306787, "eventDate": "2023-06-14T16:39:53Z", "countryCode": "US" }, "geometry": { "type": "Point", "coordinates": [ -121.306787, 38.611728 ] } },
{ "type": "Feature", "properties": { "decimalLatitude": 38.016357, "decimalLongitude": -122.673975, "eventDate": "2023-06-15T10:36:00Z", "countryCode": "US" }, "geometry": { "type": "Point", "coordinates": [ -122.673975, 38.016357 ] } },
{ "type": "Feature", "properties": { "decimalLatitude": 38.4206, "decimalLongitude": -122.5925, "eventDate": "2023-06-21T17:54:00Z", "countryCode": "US" }, "geometry": { "type": "Point", "coordinates": [ -122.5925, 38.4206 ] } },
{ "type": "Feature", "properties": { "decimalLatitude": 38.595252, "decimalLongitude": -121.330237, "eventDate": "2023-06-15T06:56:00Z", "countryCode": "US" }, "geometry": { "type": "Point", "coordinates": [ -121.330237, 38.595252 ] } },
{ "type": "Feature", "properties": { "decimalLatitude": 38.344997, "decimalLongitude": -121.953675, "eventDate": "2023-06-22T12:37:38Z", "countryCode": "US" }, "geometry": { "type": "Point", "coordinates": [ -121.953675, 38.344997 ] } },
{ "type": "Feature", "properties": { "decimalLatitude": 38.391809, "decimalLongitude": -122.339795, "eventDate": "2023-06-27T09:31:34Z", "countryCode": "US" }, "geometry": { "type": "Point", "coordinates": [ -122.339795, 38.391809 ] } },
{ "type": "Feature", "properties": { "decimalLatitude": 39.729294, "decimalLongitude": -121.945751, "eventDate": "2023-06-25T16:15:00Z", "countryCode": "US" }, "geometry": { "type": "Point", "coordinates": [ -121.945751, 39.729294 ] } },
{ "type": "Feature", "properties": { "decimalLatitude": 38.5076, "decimalLongitude": -122.757433, "eventDate": "2023-06-20T15:29:02Z", "countryCode": "US" }, "geometry": { "type": "Point", "coordinates": [ -122.757433, 38.5076 ] } },
{ "type": "Feature", "properties": { "decimalLatitude": 38.50943, "decimalLongitude": -122.097105, "eventDate": "2023-06-28T10:27:01Z", "countryCode": "US" }, "geometry": { "type": "Point", "coordinates": [ -122.097105, 38.50943 ] } },
{ "type": "Feature", "properties": { "decimalLatitude": 38.489617, "decimalLongitude": -122.819747, "eventDate": "2023-06-23T15:34:13Z", "countryCode": "US" }, "geometry": { "type": "Point", "coordinates": [ -122.819747, 38.489617 ] } },
{ "type": "Feature", "properties": { "decimalLatitude": 38.678426, "decimalLongitude": -121.191676, "eventDate": "2023-06-21T18:31:00Z", "countryCode": "US" }, "geometry": { "type": "Point", "coordinates": [ -121.191676, 38.678426 ] } },
{ "type": "Feature", "properties": { "decimalLatitude": 37.839763, "decimalLongitude": -122.484464, "eventDate": "2023-06-11T11:42:00Z", "countryCode": "US" }, "geometry": { "type": "Point", "coordinates": [ -122.484464, 37.839763 ] } },
{ "type": "Feature", "properties": { "decimalLatitude": 37.865356, "decimalLongitude": -122.42627, "eventDate": "2023-06-15T19:03:00Z", "countryCode": "US" }, "geometry": { "type": "Point", "coordinates": [ -122.42627, 37.865356 ] } },
{ "type": "Feature", "properties": { "decimalLatitude": 38.070981, "decimalLongitude": -122.816736, "eventDate": "2023-06-06T15:38:39Z", "countryCode": "US" }, "geometry": { "type": "Point", "coordinates": [ -122.816736, 38.070981 ] } },
{ "type": "Feature", "properties": { "decimalLatitude": 38.004527, "decimalLongitude": -122.709023, "eventDate": "2023-06-23T16:37:00Z", "countryCode": "US" }, "geometry": { "type": "Point", "coordinates": [ -122.709023, 38.004527 ] } },
{ "type": "Feature", "properties": { "decimalLatitude": 38.631947, "decimalLongitude": -121.240925, "eventDate": "2023-06-04T09:04:34Z", "countryCode": "US" }, "geometry": { "type": "Point", "coordinates": [ -121.240925, 38.631947 ] } },
{ "type": "Feature", "properties": { "decimalLatitude": 38.30663, "decimalLongitude": -122.28067, "eventDate": "2023-06-29T11:17:37Z", "countryCode": "US" }, "geometry": { "type": "Point", "coordinates": [ -122.28067, 38.30663 ] } },
{ "type": "Feature", "properties": { "decimalLatitude": 37.917389, "decimalLongitude": -122.380206, "eventDate": "2023-06-03T11:36:24Z", "countryCode": "US" }, "geometry": { "type": "Point", "coordinates": [ -122.380206, 37.917389 ] } },
{ "type": "Feature", "properties": { "decimalLatitude": 39.765382, "decimalLongitude": -121.783458, "eventDate": "2023-07-04T19:27:00Z", "countryCode": "US" }, "geometry": { "type": "Point", "coordinates": [ -121.783458, 39.765382 ] } },
{ "type": "Feature", "properties": { "decimalLatitude": 38.882003, "decimalLongitude": -121.166847, "eventDate": "2023-07-04T13:20:39Z", "countryCode": "US" }, "geometry": { "type": "Point", "coordinates": [ -121.166847, 38.882003 ] } },
{ "type": "Feature", "properties": { "decimalLatitude": 39.8467, "decimalLongitude": -121.701311, "eventDate": "2023-07-12T10:39:00Z", "countryCode": "US" }, "geometry": { "type": "Point", "coordinates": [ -121.701311, 39.8467 ] } },
{ "type": "Feature", "properties": { "decimalLatitude": 38.3542, "decimalLongitude": -122.538896, "eventDate": "2023-07-09T11:24:33Z", "countryCode": "US" }, "geometry": { "type": "Point", "coordinates": [ -122.538896, 38.3542 ] } },
{ "type": "Feature", "properties": { "decimalLatitude": 38.569003, "decimalLongitude": -121.3695, "eventDate": "2023-07-18T11:13:20Z", "countryCode": "US" }, "geometry": { "type": "Point", "coordinates": [ -121.3695, 38.569003 ] } },
{ "type": "Feature", "properties": { "decimalLatitude": 38.030739, "decimalLongitude": -122.733586, "eventDate": "2023-07-20T10:59:47Z", "countryCode": "US" }, "geometry": { "type": "Point", "coordinates": [ -122.733586, 38.030739 ] } },
{ "type": "Feature", "properties": { "decimalLatitude": 38.513725, "decimalLongitude": -122.752993, "eventDate": "2023-07-15T14:02:00Z", "countryCode": "US" }, "geometry": { "type": "Point", "coordinates": [ -122.752993, 38.513725 ] } },
{ "type": "Feature", "properties": { "decimalLatitude": 37.860909, "decimalLongitude": -122.432568, "eventDate": "2023-07-24T10:34:00Z", "countryCode": "US" }, "geometry": { "type": "Point", "coordinates": [ -122.432568, 37.860909 ] } },
{ "type": "Feature", "properties": { "decimalLatitude": 38.031253, "decimalLongitude": -122.732872, "eventDate": "2023-07-31T09:47:00Z", "countryCode": "US" }, "geometry": { "type": "Point", "coordinates": [ -122.732872, 38.031253 ] } },
{ "type": "Feature", "properties": { "decimalLatitude": 38.029207, "decimalLongitude": -122.742228, "eventDate": "2023-07-13T11:34:00Z", "countryCode": "US" }, "geometry": { "type": "Point", "coordinates": [ -122.742228, 38.029207 ] } },
{ "type": "Feature", "properties": { "decimalLatitude": 38.004242, "decimalLongitude": -122.70893, "eventDate": "2023-07-13T15:26:45Z", "countryCode": "US" }, "geometry": { "type": "Point", "coordinates": [ -122.70893, 38.004242 ] } },
{ "type": "Feature", "properties": { "decimalLatitude": 38.077117, "decimalLongitude": -122.589809, "eventDate": "2023-07-28T16:38:10Z", "countryCode": "US" }, "geometry": { "type": "Point", "coordinates": [ -122.589809, 38.077117 ] } },
{ "type": "Feature", "properties": { "decimalLatitude": 37.942572, "decimalLongitude": -122.103478, "eventDate": "2023-07-08T18:46:05Z", "countryCode": "US" }, "geometry": { "type": "Point", "coordinates": [ -122.103478, 37.942572 ] } },
{ "type": "Feature", "properties": { "decimalLatitude": 38.964743, "decimalLongitude": -120.937455, "eventDate": "2023-07-31T10:48:25Z", "countryCode": "US" }, "geometry": { "type": "Point", "coordinates": [ -120.937455, 38.964743 ] } },
{ "type": "Feature", "properties": { "decimalLatitude": 38.036499, "decimalLongitude": -122.724688, "eventDate": "2023-07-25T14:47:52Z", "countryCode": "US" }, "geometry": { "type": "Point", "coordinates": [ -122.724688, 38.036499 ] } },
{ "type": "Feature", "properties": { "decimalLatitude": 38.350353, "decimalLongitude": -122.551393, "eventDate": "2023-08-03T12:16:00Z", "countryCode": "US" }, "geometry": { "type": "Point", "coordinates": [ -122.551393, 38.350353 ] } },
{ "type": "Feature", "properties": { "decimalLatitude": 38.909805, "decimalLongitude": -121.025444, "eventDate": "2023-08-04T13:17:45Z", "countryCode": "US" }, "geometry": { "type": "Point", "coordinates": [ -121.025444, 38.909805 ] } },
{ "type": "Feature", "properties": { "decimalLatitude": 38.425673, "decimalLongitude": -122.636886, "eventDate": "2023-08-05T10:45:05Z", "countryCode": "US" }, "geometry": { "type": "Point", "coordinates": [ -122.636886, 38.425673 ] } },
{ "type": "Feature", "properties": { "decimalLatitude": 37.852724, "decimalLongitude": -122.560067, "eventDate": "2023-08-11T16:23:04Z", "countryCode": "US" }, "geometry": { "type": "Point", "coordinates": [ -122.560067, 37.852724 ] } },
{ "type": "Feature", "properties": { "decimalLatitude": 37.913397, "decimalLongitude": -122.384212, "eventDate": "2023-08-08T14:50:11Z", "countryCode": "US" }, "geometry": { "type": "Point", "coordinates": [ -122.384212, 37.913397 ] } },
{ "type": "Feature", "properties": { "decimalLatitude": 39.767088, "decimalLongitude": -121.77842, "eventDate": "2023-08-20T18:00:28Z", "countryCode": "US" }, "geometry": { "type": "Point", "coordinates": [ -121.77842, 39.767088 ] } },
{ "type": "Feature", "properties": { "decimalLatitude": 37.916985, "decimalLongitude": -122.373534, "eventDate": "2023-08-19T18:01:00Z", "countryCode": "US" }, "geometry": { "type": "Point", "coordinates": [ -122.373534, 37.916985 ] } },
{ "type": "Feature", "properties": { "decimalLatitude": 38.600808, "decimalLongitude": -121.327012, "eventDate": "2023-08-20T12:54:43Z", "countryCode": "US" }, "geometry": { "type": "Point", "coordinates": [ -121.327012, 38.600808 ] } },
{ "type": "Feature", "properties": { "decimalLatitude": 38.004302, "decimalLongitude": -122.708907, "eventDate": "2023-08-24T11:19:00Z", "countryCode": "US" }, "geometry": { "type": "Point", "coordinates": [ -122.708907, 38.004302 ] } },
{ "type": "Feature", "properties": { "decimalLatitude": 38.493738, "decimalLongitude": -122.903953, "eventDate": "2023-08-12T12:47:47Z", "countryCode": "US" }, "geometry": { "type": "Point", "coordinates": [ -122.903953, 38.493738 ] } },
{ "type": "Feature", "properties": { "decimalLatitude": 40.195913, "decimalLongitude": -122.225495, "eventDate": "2023-08-01T12:45:13Z", "countryCode": "US" }, "geometry": { "type": "Point", "coordinates": [ -122.225495, 40.195913 ] } },
{ "type": "Feature", "properties": { "decimalLatitude": 37.855793, "decimalLongitude": -122.567912, "eventDate": "2023-08-11T15:48:43Z", "countryCode": "US" }, "geometry": { "type": "Point", "coordinates": [ -122.567912, 37.855793 ] } },
{ "type": "Feature", "properties": { "decimalLatitude": 38.018814, "decimalLongitude": -122.728861, "eventDate": "2023-08-19T15:58:00Z", "countryCode": "US" }, "geometry": { "type": "Point", "coordinates": [ -122.728861, 38.018814 ] } },
{ "type": "Feature", "properties": { "decimalLatitude": 38.024295, "decimalLongitude": -122.721398, "eventDate": "2023-08-28T11:09:00Z", "countryCode": "US" }, "geometry": { "type": "Point", "coordinates": [ -122.721398, 38.024295 ] } },
{ "type": "Feature", "properties": { "decimalLatitude": 38.017395, "decimalLongitude": -122.7263, "eventDate": "2023-08-31T11:54:00Z", "countryCode": "US" }, "geometry": { "type": "Point", "coordinates": [ -122.7263, 38.017395 ] } },
{ "type": "Feature", "properties": { "decimalLatitude": 39.289847, "decimalLongitude": -121.175087, "eventDate": "2023-08-05T18:30:11Z", "countryCode": "US" }, "geometry": { "type": "Point", "coordinates": [ -121.175087, 39.289847 ] } },
{ "type": "Feature", "properties": { "decimalLatitude": 37.973406, "decimalLongitude": -122.264759, "eventDate": "2023-08-08T19:24:52Z", "countryCode": "US" }, "geometry": { "type": "Point", "coordinates": [ -122.264759, 37.973406 ] } },
{ "type": "Feature", "properties": { "decimalLatitude": 38.604958, "decimalLongitude": -121.027325, "eventDate": "2023-08-23T16:19:41Z", "countryCode": "US" }, "geometry": { "type": "Point", "coordinates": [ -121.027325, 38.604958 ] } },
{ "type": "Feature", "properties": { "decimalLatitude": 38.700109, "decimalLongitude": -121.169501, "eventDate": "2023-09-03T17:59:43Z", "countryCode": "US" }, "geometry": { "type": "Point", "coordinates": [ -121.169501, 38.700109 ] } },
{ "type": "Feature", "properties": { "decimalLatitude": 38.634099, "decimalLongitude": -121.337998, "eventDate": "2023-09-02T13:48:59Z", "countryCode": "US" }, "geometry": { "type": "Point", "coordinates": [ -121.337998, 38.634099 ] } },
{ "type": "Feature", "properties": { "decimalLatitude": 38.911207, "decimalLongitude": -121.034391, "eventDate": "2023-09-05T14:39:00Z", "countryCode": "US" }, "geometry": { "type": "Point", "coordinates": [ -121.034391, 38.911207 ] } },
{ "type": "Feature", "properties": { "decimalLatitude": 37.994373, "decimalLongitude": -122.45459, "eventDate": "2023-09-05T17:33:00Z", "countryCode": "US" }, "geometry": { "type": "Point", "coordinates": [ -122.45459, 37.994373 ] } },
{ "type": "Feature", "properties": { "decimalLatitude": 40.591698, "decimalLongitude": -122.40896, "eventDate": "2023-09-10T11:20:37Z", "countryCode": "US" }, "geometry": { "type": "Point", "coordinates": [ -122.40896, 40.591698 ] } },
{ "type": "Feature", "properties": { "decimalLatitude": 38.595252, "decimalLongitude": -121.330237, "eventDate": "2023-09-13T06:53:00Z", "countryCode": "US" }, "geometry": { "type": "Point", "coordinates": [ -121.330237, 38.595252 ] } },
{ "type": "Feature", "properties": { "decimalLatitude": 40.592046, "decimalLongitude": -122.406431, "eventDate": "2023-09-10T11:35:18Z", "countryCode": "US" }, "geometry": { "type": "Point", "coordinates": [ -122.406431, 40.592046 ] } },
{ "type": "Feature", "properties": { "decimalLatitude": 40.593923, "decimalLongitude": -122.406043, "eventDate": "2023-09-10T11:34:50Z", "countryCode": "US" }, "geometry": { "type": "Point", "coordinates": [ -122.406043, 40.593923 ] } },
{ "type": "Feature", "properties": { "decimalLatitude": 39.70621, "decimalLongitude": -121.937896, "eventDate": "2023-09-09T10:35:00Z", "countryCode": "US" }, "geometry": { "type": "Point", "coordinates": [ -121.937896, 39.70621 ] } },
{ "type": "Feature", "properties": { "decimalLatitude": 38.357007, "decimalLongitude": -122.548266, "eventDate": "2023-09-09T11:47:19Z", "countryCode": "US" }, "geometry": { "type": "Point", "coordinates": [ -122.548266, 38.357007 ] } },
{ "type": "Feature", "properties": { "decimalLatitude": 39.734783, "decimalLongitude": -121.957197, "eventDate": "2023-09-05T09:06:57Z", "countryCode": "US" }, "geometry": { "type": "Point", "coordinates": [ -121.957197, 39.734783 ] } },
{ "type": "Feature", "properties": { "decimalLatitude": 38.616969, "decimalLongitude": -121.311991, "eventDate": "2023-09-09T08:46:00Z", "countryCode": "US" }, "geometry": { "type": "Point", "coordinates": [ -121.311991, 38.616969 ] } },
{ "type": "Feature", "properties": { "decimalLatitude": 39.72925, "decimalLongitude": -121.945908, "eventDate": "2023-09-09T11:01:09Z", "countryCode": "US" }, "geometry": { "type": "Point", "coordinates": [ -121.945908, 39.72925 ] } },
{ "type": "Feature", "properties": { "decimalLatitude": 38.547554, "decimalLongitude": -122.528357, "eventDate": "2023-09-16T12:53:15Z", "countryCode": "US" }, "geometry": { "type": "Point", "coordinates": [ -122.528357, 38.547554 ] } },
{ "type": "Feature", "properties": { "decimalLatitude": 39.10726, "decimalLongitude": -121.345627, "eventDate": "2023-09-10T12:50:00Z", "countryCode": "US" }, "geometry": { "type": "Point", "coordinates": [ -121.345627, 39.10726 ] } },
{ "type": "Feature", "properties": { "decimalLatitude": 38.595252, "decimalLongitude": -121.330237, "eventDate": "2023-09-23T09:08:00Z", "countryCode": "US" }, "geometry": { "type": "Point", "coordinates": [ -121.330237, 38.595252 ] } },
{ "type": "Feature", "properties": { "decimalLatitude": 38.69188, "decimalLongitude": -121.905302, "eventDate": "2023-09-14T11:16:48Z", "countryCode": "US" }, "geometry": { "type": "Point", "coordinates": [ -121.905302, 38.69188 ] } },
{ "type": "Feature", "properties": { "decimalLatitude": 37.898175, "decimalLongitude": -122.30461, "eventDate": "2023-09-25T07:16:00Z", "countryCode": "US" }, "geometry": { "type": "Point", "coordinates": [ -122.30461, 37.898175 ] } },
{ "type": "Feature", "properties": { "decimalLatitude": 38.004276, "decimalLongitude": -122.708772, "eventDate": "2023-09-25T09:49:00Z", "countryCode": "US" }, "geometry": { "type": "Point", "coordinates": [ -122.708772, 38.004276 ] } },
{ "type": "Feature", "properties": { "decimalLatitude": 37.827823, "decimalLongitude": -122.059097, "eventDate": "2023-09-10T12:36:04Z", "countryCode": "US" }, "geometry": { "type": "Point", "coordinates": [ -122.059097, 37.827823 ] } },
{ "type": "Feature", "properties": { "decimalLatitude": 38.649067, "decimalLongitude": -121.187931, "eventDate": "2023-09-07T15:33:48Z", "countryCode": "US" }, "geometry": { "type": "Point", "coordinates": [ -121.187931, 38.649067 ] } },
{ "type": "Feature", "properties": { "decimalLatitude": 38.618511, "decimalLongitude": -121.307712, "eventDate": "2023-09-09T10:02:27Z", "countryCode": "US" }, "geometry": { "type": "Point", "coordinates": [ -121.307712, 38.618511 ] } },
{ "type": "Feature", "properties": { "decimalLatitude": 38.347705, "decimalLongitude": -122.529122, "eventDate": "2023-10-01T16:36:54Z", "countryCode": "US" }, "geometry": { "type": "Point", "coordinates": [ -122.529122, 38.347705 ] } },
{ "type": "Feature", "properties": { "decimalLatitude": 39.476667, "decimalLongitude": -121.5825, "eventDate": "2023-10-01T12:27:18Z", "countryCode": "US" }, "geometry": { "type": "Point", "coordinates": [ -121.5825, 39.476667 ] } },
{ "type": "Feature", "properties": { "decimalLatitude": 39.844748, "decimalLongitude": -121.699456, "eventDate": "2023-10-06T12:08:10Z", "countryCode": "US" }, "geometry": { "type": "Point", "coordinates": [ -121.699456, 39.844748 ] } },
{ "type": "Feature", "properties": { "decimalLatitude": 39.884902, "decimalLongitude": -122.174669, "eventDate": "2023-10-03T10:56:05Z", "countryCode": "US" }, "geometry": { "type": "Point", "coordinates": [ -122.174669, 39.884902 ] } },
{ "type": "Feature", "properties": { "decimalLatitude": 38.634096, "decimalLongitude": -121.33799, "eventDate": "2023-10-07T13:38:17Z", "countryCode": "US" }, "geometry": { "type": "Point", "coordinates": [ -121.33799, 38.634096 ] } },
{ "type": "Feature", "properties": { "decimalLatitude": 39.775988, "decimalLongitude": -121.82495, "eventDate": "2023-10-11T18:31:37Z", "countryCode": "US" }, "geometry": { "type": "Point", "coordinates": [ -121.82495, 39.775988 ] } },
{ "type": "Feature", "properties": { "decimalLatitude": 38.29898, "decimalLongitude": -122.483963, "eventDate": "2023-10-13T12:12:49Z", "countryCode": "US" }, "geometry": { "type": "Point", "coordinates": [ -122.483963, 38.29898 ] } },
{ "type": "Feature", "properties": { "decimalLatitude": 37.971234, "decimalLongitude": -122.590133, "eventDate": "2023-10-21T14:33:00Z", "countryCode": "US" }, "geometry": { "type": "Point", "coordinates": [ -122.590133, 37.971234 ] } },
{ "type": "Feature", "properties": { "decimalLatitude": 38.669319, "decimalLongitude": -121.184539, "eventDate": "2023-10-19T14:12:00Z", "countryCode": "US" }, "geometry": { "type": "Point", "coordinates": [ -121.184539, 38.669319 ] } },
{ "type": "Feature", "properties": { "decimalLatitude": 37.944503, "decimalLongitude": -122.203982, "eventDate": "2023-10-30T17:02:00Z", "countryCode": "US" }, "geometry": { "type": "Point", "coordinates": [ -122.203982, 37.944503 ] } },
{ "type": "Feature", "properties": { "decimalLatitude": 39.316129, "decimalLongitude": -121.328904, "eventDate": "2023-10-29T13:48:00Z", "countryCode": "US" }, "geometry": { "type": "Point", "coordinates": [ -121.328904, 39.316129 ] } },
{ "type": "Feature", "properties": { "decimalLatitude": 39.865817, "decimalLongitude": -121.706863, "eventDate": "2023-10-28T09:43:24Z", "countryCode": "US" }, "geometry": { "type": "Point", "coordinates": [ -121.706863, 39.865817 ] } },
{ "type": "Feature", "properties": { "decimalLatitude": 37.864338, "decimalLongitude": -122.433686, "eventDate": "2023-10-14T11:41:27Z", "countryCode": "US" }, "geometry": { "type": "Point", "coordinates": [ -122.433686, 37.864338 ] } },
{ "type": "Feature", "properties": { "decimalLatitude": 37.866539, "decimalLongitude": -122.438021, "eventDate": "2023-10-08T13:30:16Z", "countryCode": "US" }, "geometry": { "type": "Point", "coordinates": [ -122.438021, 37.866539 ] } },
{ "type": "Feature", "properties": { "decimalLatitude": 38.509019, "decimalLongitude": -122.776282, "eventDate": "2023-11-04T11:32:23Z", "countryCode": "US" }, "geometry": { "type": "Point", "coordinates": [ -122.776282, 38.509019 ] } },
{ "type": "Feature", "properties": { "decimalLatitude": 38.646958, "decimalLongitude": -121.21328, "eventDate": "2023-11-03T10:06:16Z", "countryCode": "US" }, "geometry": { "type": "Point", "coordinates": [ -121.21328, 38.646958 ] } },
{ "type": "Feature", "properties": { "decimalLatitude": 38.50618, "decimalLongitude": -122.097397, "eventDate": "2023-11-04T10:37:27Z", "countryCode": "US" }, "geometry": { "type": "Point", "coordinates": [ -122.097397, 38.50618 ] } },
{ "type": "Feature", "properties": { "decimalLatitude": 38.545015, "decimalLongitude": -122.691342, "eventDate": "2023-11-18T11:55:06Z", "countryCode": "US" }, "geometry": { "type": "Point", "coordinates": [ -122.691342, 38.545015 ] } },
{ "type": "Feature", "properties": { "decimalLatitude": 38.59015, "decimalLongitude": -121.3266, "eventDate": "2023-11-15T10:06:52Z", "countryCode": "US" }, "geometry": { "type": "Point", "coordinates": [ -121.3266, 38.59015 ] } },
{ "type": "Feature", "properties": { "decimalLatitude": 38.614162, "decimalLongitude": -121.312631, "eventDate": "2023-11-23T08:53:58Z", "countryCode": "US" }, "geometry": { "type": "Point", "coordinates": [ -121.312631, 38.614162 ] } },
{ "type": "Feature", "properties": { "decimalLatitude": 37.961978, "decimalLongitude": -122.260844, "eventDate": "2023-11-28T13:11:00Z", "countryCode": "US" }, "geometry": { "type": "Point", "coordinates": [ -122.260844, 37.961978 ] } },
{ "type": "Feature", "properties": { "decimalLatitude": 38.000167, "decimalLongitude": -122.71885, "eventDate": "2023-11-17T15:22:38Z", "countryCode": "US" }, "geometry": { "type": "Point", "coordinates": [ -122.71885, 38.000167 ] } },
{ "type": "Feature", "properties": { "decimalLatitude": 37.858661, "decimalLongitude": -122.440697, "eventDate": "2023-11-13T14:18:14Z", "countryCode": "US" }, "geometry": { "type": "Point", "coordinates": [ -122.440697, 37.858661 ] } },
{ "type": "Feature", "properties": { "decimalLatitude": 38.037436, "decimalLongitude": -122.722206, "eventDate": "2023-11-04T12:07:55Z", "countryCode": "US" }, "geometry": { "type": "Point", "coordinates": [ -122.722206, 38.037436 ] } },
{ "type": "Feature", "properties": { "decimalLatitude": 39.837938, "decimalLongitude": -121.716489, "eventDate": "2023-11-16T12:26:00Z", "countryCode": "US" }, "geometry": { "type": "Point", "coordinates": [ -121.716489, 39.837938 ] } },
{ "type": "Feature", "properties": { "decimalLatitude": 38.822742, "decimalLongitude": -120.948842, "eventDate": "2023-11-01T13:23:26Z", "countryCode": "US" }, "geometry": { "type": "Point", "coordinates": [ -120.948842, 38.822742 ] } },
{ "type": "Feature", "properties": { "decimalLatitude": 40.3997, "decimalLongitude": -122.144989, "eventDate": "2023-11-15T15:12:31Z", "countryCode": "US" }, "geometry": { "type": "Point", "coordinates": [ -122.144989, 40.3997 ] } },
{ "type": "Feature", "properties": { "decimalLatitude": 40.399953, "decimalLongitude": -122.14553, "eventDate": "2023-11-15T15:10:23Z", "countryCode": "US" }, "geometry": { "type": "Point", "coordinates": [ -122.14553, 40.399953 ] } },
{ "type": "Feature", "properties": { "decimalLatitude": 37.836996, "decimalLongitude": -122.03322, "eventDate": "2023-11-24T13:40:06Z", "countryCode": "US" }, "geometry": { "type": "Point", "coordinates": [ -122.03322, 37.836996 ] } },
{ "type": "Feature", "properties": { "decimalLatitude": 37.96545, "decimalLongitude": -122.26127, "eventDate": "2023-12-04T12:21:05Z", "countryCode": "US" }, "geometry": { "type": "Point", "coordinates": [ -122.26127, 37.96545 ] } },
{ "type": "Feature", "properties": { "decimalLatitude": 38.634558, "decimalLongitude": -121.234253, "eventDate": "2023-12-01T10:20:05Z", "countryCode": "US" }, "geometry": { "type": "Point", "coordinates": [ -121.234253, 38.634558 ] } },
{ "type": "Feature", "properties": { "decimalLatitude": 39.231931, "decimalLongitude": -121.785367, "eventDate": "2023-12-02T08:53:48Z", "countryCode": "US" }, "geometry": { "type": "Point", "coordinates": [ -121.785367, 39.231931 ] } },
{ "type": "Feature", "properties": { "decimalLatitude": 38.921032, "decimalLongitude": -120.870157, "eventDate": "2023-12-08T11:30:00Z", "countryCode": "US" }, "geometry": { "type": "Point", "coordinates": [ -120.870157, 38.921032 ] } },
{ "type": "Feature", "properties": { "decimalLatitude": 37.965286, "decimalLongitude": -122.261039, "eventDate": "2023-12-04T12:20:53Z", "countryCode": "US" }, "geometry": { "type": "Point", "coordinates": [ -122.261039, 37.965286 ] } },
{ "type": "Feature", "properties": { "decimalLatitude": 38.000258, "decimalLongitude": -122.607553, "eventDate": "2023-12-11T12:33:42Z", "countryCode": "US" }, "geometry": { "type": "Point", "coordinates": [ -122.607553, 38.000258 ] } },
{ "type": "Feature", "properties": { "decimalLatitude": 38.441886, "decimalLongitude": -122.621497, "eventDate": "2023-12-17T13:51:00Z", "countryCode": "US" }, "geometry": { "type": "Point", "coordinates": [ -122.621497, 38.441886 ] } },
{ "type": "Feature", "properties": { "decimalLatitude": 38.447536, "decimalLongitude": -122.623847, "eventDate": "2023-12-23T13:06:00Z", "countryCode": "US" }, "geometry": { "type": "Point", "coordinates": [ -122.623847, 38.447536 ] } },
{ "type": "Feature", "properties": { "decimalLatitude": 38.509934, "decimalLongitude": -122.097216, "eventDate": "2023-12-31T14:38:50Z", "countryCode": "US" }, "geometry": { "type": "Point", "coordinates": [ -122.097216, 38.509934 ] } },
{ "type": "Feature", "properties": { "decimalLatitude": 38.574382, "decimalLongitude": -121.349165, "eventDate": "2023-12-02T10:16:38Z", "countryCode": "US" }, "geometry": { "type": "Point", "coordinates": [ -121.349165, 38.574382 ] } },
{ "type": "Feature", "properties": { "decimalLatitude": 37.837116, "decimalLongitude": -122.035982, "eventDate": "2024-01-04T15:10:55Z", "countryCode": "US" }, "geometry": { "type": "Point", "coordinates": [ -122.035982, 37.837116 ] } },
{ "type": "Feature", "properties": { "decimalLatitude": 37.83709, "decimalLongitude": -122.036169, "eventDate": "2024-01-04T15:12:33Z", "countryCode": "US" }, "geometry": { "type": "Point", "coordinates": [ -122.036169, 37.83709 ] } },
{ "type": "Feature", "properties": { "decimalLatitude": 38.870881, "decimalLongitude": -121.061875, "eventDate": "2024-01-04T14:54:00Z", "countryCode": "US" }, "geometry": { "type": "Point", "coordinates": [ -121.061875, 38.870881 ] } },
{ "type": "Feature", "properties": { "decimalLatitude": 38.931573, "decimalLongitude": -121.03034, "eventDate": "2024-01-08T14:59:32Z", "countryCode": "US" }, "geometry": { "type": "Point", "coordinates": [ -121.03034, 38.931573 ] } },
{ "type": "Feature", "properties": { "decimalLatitude": 40.784153, "decimalLongitude": -122.344055, "eventDate": "2024-01-05T13:14:56Z", "countryCode": "US" }, "geometry": { "type": "Point", "coordinates": [ -122.344055, 40.784153 ] } },
{ "type": "Feature", "properties": { "decimalLatitude": 38.493595, "decimalLongitude": -122.029708, "eventDate": "2024-01-28T14:15:26Z", "countryCode": "US" }, "geometry": { "type": "Point", "coordinates": [ -122.029708, 38.493595 ] } },
{ "type": "Feature", "properties": { "decimalLatitude": 37.902833, "decimalLongitude": -122.237008, "eventDate": "2024-01-29T11:13:21Z", "countryCode": "US" }, "geometry": { "type": "Point", "coordinates": [ -122.237008, 37.902833 ] } },
{ "type": "Feature", "properties": { "decimalLatitude": 39.321298, "decimalLongitude": -121.199835, "eventDate": "2024-01-25T14:55:44Z", "countryCode": "US" }, "geometry": { "type": "Point", "coordinates": [ -121.199835, 39.321298 ] } },
{ "type": "Feature", "properties": { "decimalLatitude": 38.042558, "decimalLongitude": -122.219952, "eventDate": "2024-01-24T18:46:00Z", "countryCode": "US" }, "geometry": { "type": "Point", "coordinates": [ -122.219952, 38.042558 ] } },
{ "type": "Feature", "properties": { "decimalLatitude": 38.772094, "decimalLongitude": -121.140864, "eventDate": "2024-01-27T15:59:00Z", "countryCode": "US" }, "geometry": { "type": "Point", "coordinates": [ -121.140864, 38.772094 ] } },
{ "type": "Feature", "properties": { "decimalLatitude": 38.004558, "decimalLongitude": -122.708387, "eventDate": "2024-01-19T13:55:00Z", "countryCode": "US" }, "geometry": { "type": "Point", "coordinates": [ -122.708387, 38.004558 ] } },
{ "type": "Feature", "properties": { "decimalLatitude": 38.8236, "decimalLongitude": -121.08763, "eventDate": "2024-01-30T16:16:23Z", "countryCode": "US" }, "geometry": { "type": "Point", "coordinates": [ -121.08763, 38.8236 ] } },
{ "type": "Feature", "properties": { "decimalLatitude": 39.772197, "decimalLongitude": -121.763131, "eventDate": "2024-01-10T11:52:13Z", "countryCode": "US" }, "geometry": { "type": "Point", "coordinates": [ -121.763131, 39.772197 ] } },
{ "type": "Feature", "properties": { "decimalLatitude": 38.823081, "decimalLongitude": -120.833647, "eventDate": "2024-01-28T11:59:38Z", "countryCode": "US" }, "geometry": { "type": "Point", "coordinates": [ -120.833647, 38.823081 ] } },
{ "type": "Feature", "properties": { "decimalLatitude": 38.464797, "decimalLongitude": -122.707986, "eventDate": "2024-02-05T16:56:00Z", "countryCode": "US" }, "geometry": { "type": "Point", "coordinates": [ -122.707986, 38.464797 ] } },
{ "type": "Feature", "properties": { "decimalLatitude": 38.464825, "decimalLongitude": -122.707992, "eventDate": "2024-02-05T16:55:00Z", "countryCode": "US" }, "geometry": { "type": "Point", "coordinates": [ -122.707992, 38.464825 ] } },
{ "type": "Feature", "properties": { "decimalLatitude": 38.463997, "decimalLongitude": -122.707122, "eventDate": "2024-02-05T16:55:00Z", "countryCode": "US" }, "geometry": { "type": "Point", "coordinates": [ -122.707122, 38.463997 ] } },
{ "type": "Feature", "properties": { "decimalLatitude": 38.464806, "decimalLongitude": -122.708022, "eventDate": "2024-02-05T16:53:00Z", "countryCode": "US" }, "geometry": { "type": "Point", "coordinates": [ -122.708022, 38.464806 ] } },
{ "type": "Feature", "properties": { "decimalLatitude": 38.63588, "decimalLongitude": -121.25107, "eventDate": "2024-02-09T09:53:14Z", "countryCode": "US" }, "geometry": { "type": "Point", "coordinates": [ -121.25107, 38.63588 ] } },
{ "type": "Feature", "properties": { "decimalLatitude": 38.636722, "decimalLongitude": -121.256845, "eventDate": "2024-02-09T09:33:34Z", "countryCode": "US" }, "geometry": { "type": "Point", "coordinates": [ -121.256845, 38.636722 ] } },
{ "type": "Feature", "properties": { "decimalLatitude": 38.54678, "decimalLongitude": -122.700583, "eventDate": "2024-02-09T13:13:14Z", "countryCode": "US" }, "geometry": { "type": "Point", "coordinates": [ -122.700583, 38.54678 ] } },
{ "type": "Feature", "properties": { "decimalLatitude": 40.605572, "decimalLongitude": -122.555487, "eventDate": "2024-02-11T13:04:49Z", "countryCode": "US" }, "geometry": { "type": "Point", "coordinates": [ -122.555487, 40.605572 ] } },
{ "type": "Feature", "properties": { "decimalLatitude": 38.812524, "decimalLongitude": -122.218798, "eventDate": "2024-02-11T10:30:13Z", "countryCode": "US" }, "geometry": { "type": "Point", "coordinates": [ -122.218798, 38.812524 ] } },
{ "type": "Feature", "properties": { "decimalLatitude": 39.77157, "decimalLongitude": -121.772103, "eventDate": "2024-02-10T16:59:53Z", "countryCode": "US" }, "geometry": { "type": "Point", "coordinates": [ -121.772103, 39.77157 ] } },
{ "type": "Feature", "properties": { "decimalLatitude": 38.635478, "decimalLongitude": -121.249586, "eventDate": "2024-02-09T10:01:58Z", "countryCode": "US" }, "geometry": { "type": "Point", "coordinates": [ -121.249586, 38.635478 ] } },
{ "type": "Feature", "properties": { "decimalLatitude": 39.772913, "decimalLongitude": -121.762672, "eventDate": "2024-02-11T10:23:35Z", "countryCode": "US" }, "geometry": { "type": "Point", "coordinates": [ -121.762672, 39.772913 ] } },
{ "type": "Feature", "properties": { "decimalLatitude": 40.209472, "decimalLongitude": -122.123908, "eventDate": "2024-02-11T12:40:27Z", "countryCode": "US" }, "geometry": { "type": "Point", "coordinates": [ -122.123908, 40.209472 ] } },
{ "type": "Feature", "properties": { "decimalLatitude": 37.940503, "decimalLongitude": -122.410195, "eventDate": "2024-02-12T14:55:22Z", "countryCode": "US" }, "geometry": { "type": "Point", "coordinates": [ -122.410195, 37.940503 ] } },
{ "type": "Feature", "properties": { "decimalLatitude": 38.353933, "decimalLongitude": -122.551767, "eventDate": "2024-02-11T15:06:15Z", "countryCode": "US" }, "geometry": { "type": "Point", "coordinates": [ -122.551767, 38.353933 ] } },
{ "type": "Feature", "properties": { "decimalLatitude": 38.494194, "decimalLongitude": -122.031131, "eventDate": "2024-02-12T10:04:10Z", "countryCode": "US" }, "geometry": { "type": "Point", "coordinates": [ -122.031131, 38.494194 ] } },
{ "type": "Feature", "properties": { "decimalLatitude": 37.978337, "decimalLongitude": -122.614983, "eventDate": "2024-02-12T11:16:17Z", "countryCode": "US" }, "geometry": { "type": "Point", "coordinates": [ -122.614983, 37.978337 ] } },
{ "type": "Feature", "properties": { "decimalLatitude": 38.56558, "decimalLongitude": -122.564147, "eventDate": "2024-02-13T12:26:38Z", "countryCode": "US" }, "geometry": { "type": "Point", "coordinates": [ -122.564147, 38.56558 ] } },
{ "type": "Feature", "properties": { "decimalLatitude": 38.071022, "decimalLongitude": -122.818497, "eventDate": "2024-02-13T15:44:26Z", "countryCode": "US" }, "geometry": { "type": "Point", "coordinates": [ -122.818497, 38.071022 ] } },
{ "type": "Feature", "properties": { "decimalLatitude": 39.760772, "decimalLongitude": -121.777397, "eventDate": "2024-02-01T12:05:50Z", "countryCode": "US" }, "geometry": { "type": "Point", "coordinates": [ -121.777397, 39.760772 ] } },
{ "type": "Feature", "properties": { "decimalLatitude": 38.632962, "decimalLongitude": -121.225045, "eventDate": "2024-02-16T13:45:13Z", "countryCode": "US" }, "geometry": { "type": "Point", "coordinates": [ -121.225045, 38.632962 ] } },
{ "type": "Feature", "properties": { "decimalLatitude": 38.674385, "decimalLongitude": -121.191969, "eventDate": "2024-02-18T13:28:30Z", "countryCode": "US" }, "geometry": { "type": "Point", "coordinates": [ -121.191969, 38.674385 ] } },
{ "type": "Feature", "properties": { "decimalLatitude": 38.637156, "decimalLongitude": -121.20845, "eventDate": "2024-02-16T09:58:00Z", "countryCode": "US" }, "geometry": { "type": "Point", "coordinates": [ -121.20845, 38.637156 ] } },
{ "type": "Feature", "properties": { "decimalLatitude": 39.108253, "decimalLongitude": -121.337913, "eventDate": "2024-02-16T13:44:00Z", "countryCode": "US" }, "geometry": { "type": "Point", "coordinates": [ -121.337913, 39.108253 ] } },
{ "type": "Feature", "properties": { "decimalLatitude": 38.639649, "decimalLongitude": -121.203625, "eventDate": "2024-02-16T10:15:00Z", "countryCode": "US" }, "geometry": { "type": "Point", "coordinates": [ -121.203625, 38.639649 ] } },
{ "type": "Feature", "properties": { "decimalLatitude": 38.633097, "decimalLongitude": -121.223442, "eventDate": "2024-02-16T13:52:46Z", "countryCode": "US" }, "geometry": { "type": "Point", "coordinates": [ -121.223442, 38.633097 ] } },
{ "type": "Feature", "properties": { "decimalLatitude": 38.624344, "decimalLongitude": -121.287079, "eventDate": "2024-02-17T10:51:05Z", "countryCode": "US" }, "geometry": { "type": "Point", "coordinates": [ -121.287079, 38.624344 ] } },
{ "type": "Feature", "properties": { "decimalLatitude": 38.515492, "decimalLongitude": -122.091597, "eventDate": "2024-02-16T10:29:25Z", "countryCode": "US" }, "geometry": { "type": "Point", "coordinates": [ -122.091597, 38.515492 ] } },
{ "type": "Feature", "properties": { "decimalLatitude": 38.633097, "decimalLongitude": -121.223433, "eventDate": "2024-02-16T13:52:44Z", "countryCode": "US" }, "geometry": { "type": "Point", "coordinates": [ -121.223433, 38.633097 ] } },
{ "type": "Feature", "properties": { "decimalLatitude": 38.597727, "decimalLongitude": -121.329655, "eventDate": "2024-02-20T13:35:19Z", "countryCode": "US" }, "geometry": { "type": "Point", "coordinates": [ -121.329655, 38.597727 ] } },
{ "type": "Feature", "properties": { "decimalLatitude": 39.757367, "decimalLongitude": -121.796981, "eventDate": "2024-02-23T16:53:13Z", "countryCode": "US" }, "geometry": { "type": "Point", "coordinates": [ -121.796981, 39.757367 ] } },
{ "type": "Feature", "properties": { "decimalLatitude": 39.772911, "decimalLongitude": -121.761859, "eventDate": "2024-02-25T11:25:25Z", "countryCode": "US" }, "geometry": { "type": "Point", "coordinates": [ -121.761859, 39.772911 ] } },
{ "type": "Feature", "properties": { "decimalLatitude": 38.915438, "decimalLongitude": -121.027045, "eventDate": "2024-02-26T15:23:00Z", "countryCode": "US" }, "geometry": { "type": "Point", "coordinates": [ -121.027045, 38.915438 ] } },
{ "type": "Feature", "properties": { "decimalLatitude": 39.29203, "decimalLongitude": -121.200847, "eventDate": "2024-02-22T16:16:38Z", "countryCode": "US" }, "geometry": { "type": "Point", "coordinates": [ -121.200847, 39.29203 ] } },
{ "type": "Feature", "properties": { "decimalLatitude": 38.58, "decimalLongitude": -121.34, "eventDate": "2024-02-25T17:41:28Z", "countryCode": "US" }, "geometry": { "type": "Point", "coordinates": [ -121.34, 38.58 ] } },
{ "type": "Feature", "properties": { "decimalLatitude": 38.53752, "decimalLongitude": -122.74854, "eventDate": "2024-02-25T19:38:00Z", "countryCode": "US" }, "geometry": { "type": "Point", "coordinates": [ -122.74854, 38.53752 ] } },
{ "type": "Feature", "properties": { "decimalLatitude": 38.441075, "decimalLongitude": -122.526094, "eventDate": "2024-02-24T13:54:58Z", "countryCode": "US" }, "geometry": { "type": "Point", "coordinates": [ -122.526094, 38.441075 ] } },
{ "type": "Feature", "properties": { "decimalLatitude": 38.781719, "decimalLongitude": -121.025667, "eventDate": "2024-02-25T10:49:34Z", "countryCode": "US" }, "geometry": { "type": "Point", "coordinates": [ -121.025667, 38.781719 ] } },
{ "type": "Feature", "properties": { "decimalLatitude": 38.441342, "decimalLongitude": -122.525855, "eventDate": "2024-02-24T13:54:25Z", "countryCode": "US" }, "geometry": { "type": "Point", "coordinates": [ -122.525855, 38.441342 ] } },
{ "type": "Feature", "properties": { "decimalLatitude": 38.440748, "decimalLongitude": -122.525672, "eventDate": "2024-02-24T13:54:37Z", "countryCode": "US" }, "geometry": { "type": "Point", "coordinates": [ -122.525672, 38.440748 ] } },
{ "type": "Feature", "properties": { "decimalLatitude": 39.767145, "decimalLongitude": -121.777652, "eventDate": "2024-02-25T16:30:00Z", "countryCode": "US" }, "geometry": { "type": "Point", "coordinates": [ -121.777652, 39.767145 ] } },
{ "type": "Feature", "properties": { "decimalLatitude": 38.507653, "decimalLongitude": -122.996338, "eventDate": "2024-02-22T12:18:41Z", "countryCode": "US" }, "geometry": { "type": "Point", "coordinates": [ -122.996338, 38.507653 ] } },
{ "type": "Feature", "properties": { "decimalLatitude": 38.636789, "decimalLongitude": -121.255719, "eventDate": "2024-02-20T11:13:22Z", "countryCode": "US" }, "geometry": { "type": "Point", "coordinates": [ -121.255719, 38.636789 ] } },
{ "type": "Feature", "properties": { "decimalLatitude": 38.243994, "decimalLongitude": -122.139859, "eventDate": "2024-02-22T16:48:00Z", "countryCode": "US" }, "geometry": { "type": "Point", "coordinates": [ -122.139859, 38.243994 ] } },
{ "type": "Feature", "properties": { "decimalLatitude": 38.771809, "decimalLongitude": -121.134042, "eventDate": "2024-02-21T13:07:40Z", "countryCode": "US" }, "geometry": { "type": "Point", "coordinates": [ -121.134042, 38.771809 ] } },
{ "type": "Feature", "properties": { "decimalLatitude": 38.505172, "decimalLongitude": -122.097855, "eventDate": "2024-02-25T12:07:44Z", "countryCode": "US" }, "geometry": { "type": "Point", "coordinates": [ -122.097855, 38.505172 ] } },
{ "type": "Feature", "properties": { "decimalLatitude": 38.88881, "decimalLongitude": -121.116632, "eventDate": "2024-02-24T15:40:11Z", "countryCode": "US" }, "geometry": { "type": "Point", "coordinates": [ -121.116632, 38.88881 ] } },
{ "type": "Feature", "properties": { "decimalLatitude": 38.441325, "decimalLongitude": -122.525847, "eventDate": "2024-02-24T10:59:07Z", "countryCode": "US" }, "geometry": { "type": "Point", "coordinates": [ -122.525847, 38.441325 ] } },
{ "type": "Feature", "properties": { "decimalLatitude": 39.765948, "decimalLongitude": -121.782719, "eventDate": "2024-02-25T10:47:49Z", "countryCode": "US" }, "geometry": { "type": "Point", "coordinates": [ -121.782719, 39.765948 ] } },
{ "type": "Feature", "properties": { "decimalLatitude": 39.758345, "decimalLongitude": -121.804658, "eventDate": "2024-02-26T15:00:34Z", "countryCode": "US" }, "geometry": { "type": "Point", "coordinates": [ -121.804658, 39.758345 ] } },
{ "type": "Feature", "properties": { "decimalLatitude": 38.491974, "decimalLongitude": -122.02657, "eventDate": "2024-02-24T09:35:00Z", "countryCode": "US" }, "geometry": { "type": "Point", "coordinates": [ -122.02657, 38.491974 ] } },
{ "type": "Feature", "properties": { "decimalLatitude": 40.594012, "decimalLongitude": -122.40142, "eventDate": "2024-02-19T12:12:34Z", "countryCode": "US" }, "geometry": { "type": "Point", "coordinates": [ -122.40142, 40.594012 ] } },
{ "type": "Feature", "properties": { "decimalLatitude": 37.860909, "decimalLongitude": -122.432568, "eventDate": "2024-02-23T09:00:00Z", "countryCode": "US" }, "geometry": { "type": "Point", "coordinates": [ -122.432568, 37.860909 ] } },
{ "type": "Feature", "properties": { "decimalLatitude": 38.492564, "decimalLongitude": -122.990753, "eventDate": "2024-02-27T14:02:46Z", "countryCode": "US" }, "geometry": { "type": "Point", "coordinates": [ -122.990753, 38.492564 ] } },
{ "type": "Feature", "properties": { "decimalLatitude": 39.321283, "decimalLongitude": -121.200107, "eventDate": "2024-02-27T10:38:44Z", "countryCode": "US" }, "geometry": { "type": "Point", "coordinates": [ -121.200107, 39.321283 ] } },
{ "type": "Feature", "properties": { "decimalLatitude": 38.441322, "decimalLongitude": -122.525864, "eventDate": "2024-02-28T13:16:00Z", "countryCode": "US" }, "geometry": { "type": "Point", "coordinates": [ -122.525864, 38.441322 ] } },
{ "type": "Feature", "properties": { "decimalLatitude": 39.763108, "decimalLongitude": -121.8006, "eventDate": "2024-02-27T17:36:42Z", "countryCode": "US" }, "geometry": { "type": "Point", "coordinates": [ -121.8006, 39.763108 ] } },
{ "type": "Feature", "properties": { "decimalLatitude": 39.903153, "decimalLongitude": -122.076308, "eventDate": "2024-02-27T10:58:36Z", "countryCode": "US" }, "geometry": { "type": "Point", "coordinates": [ -122.076308, 39.903153 ] } },
{ "type": "Feature", "properties": { "decimalLatitude": 38.492122, "decimalLongitude": -122.026547, "eventDate": "2024-02-24T00:00:00Z", "countryCode": "US" }, "geometry": { "type": "Point", "coordinates": [ -122.026547, 38.492122 ] } },
{ "type": "Feature", "properties": { "decimalLatitude": 38.473112, "decimalLongitude": -123.029358, "eventDate": "2024-02-29T16:03:45Z", "countryCode": "US" }, "geometry": { "type": "Point", "coordinates": [ -123.029358, 38.473112 ] } },
{ "type": "Feature", "properties": { "decimalLatitude": 38.68142, "decimalLongitude": -121.184368, "eventDate": "2024-02-28T17:01:00Z", "countryCode": "US" }, "geometry": { "type": "Point", "coordinates": [ -121.184368, 38.68142 ] } },
{ "type": "Feature", "properties": { "decimalLatitude": 38.905058, "decimalLongitude": -121.051217, "eventDate": "2024-02-27T17:57:42Z", "countryCode": "US" }, "geometry": { "type": "Point", "coordinates": [ -121.051217, 38.905058 ] } },
{ "type": "Feature", "properties": { "decimalLatitude": 38.915397, "decimalLongitude": -121.014594, "eventDate": "2024-02-27T13:59:04Z", "countryCode": "US" }, "geometry": { "type": "Point", "coordinates": [ -121.014594, 38.915397 ] } },
{ "type": "Feature", "properties": { "decimalLatitude": 39.302703, "decimalLongitude": -121.082939, "eventDate": "2024-02-28T11:13:46Z", "countryCode": "US" }, "geometry": { "type": "Point", "coordinates": [ -121.082939, 39.302703 ] } },
{ "type": "Feature", "properties": { "decimalLatitude": 40.037031, "decimalLongitude": -122.111624, "eventDate": "2024-02-27T17:34:00Z", "countryCode": "US" }, "geometry": { "type": "Point", "coordinates": [ -122.111624, 40.037031 ] } },
{ "type": "Feature", "properties": { "decimalLatitude": 39.770042, "decimalLongitude": -121.45775, "eventDate": "2024-02-22T10:37:22Z", "countryCode": "US" }, "geometry": { "type": "Point", "coordinates": [ -121.45775, 39.770042 ] } },
{ "type": "Feature", "properties": { "decimalLatitude": 39.772436, "decimalLongitude": -121.760776, "eventDate": "2024-02-28T12:03:23Z", "countryCode": "US" }, "geometry": { "type": "Point", "coordinates": [ -121.760776, 39.772436 ] } },
{ "type": "Feature", "properties": { "decimalLatitude": 38.029552, "decimalLongitude": -122.738867, "eventDate": "2024-02-11T00:00:00Z", "countryCode": "US" }, "geometry": { "type": "Point", "coordinates": [ -122.738867, 38.029552 ] } },
{ "type": "Feature", "properties": { "decimalLatitude": 38.516535, "decimalLongitude": -122.060522, "eventDate": "2024-02-26T12:38:00Z", "countryCode": "US" }, "geometry": { "type": "Point", "coordinates": [ -122.060522, 38.516535 ] } },
{ "type": "Feature", "properties": { "decimalLatitude": 38.682685, "decimalLongitude": -121.182525, "eventDate": "2024-02-28T17:38:00Z", "countryCode": "US" }, "geometry": { "type": "Point", "coordinates": [ -121.182525, 38.682685 ] } },
{ "type": "Feature", "properties": { "decimalLatitude": 38.994665, "decimalLongitude": -120.947936, "eventDate": "2024-02-27T00:00:00Z", "countryCode": "US" }, "geometry": { "type": "Point", "coordinates": [ -120.947936, 38.994665 ] } },
{ "type": "Feature", "properties": { "decimalLatitude": 38.665033, "decimalLongitude": -121.190894, "eventDate": "2024-02-13T16:31:31Z", "countryCode": "US" }, "geometry": { "type": "Point", "coordinates": [ -121.190894, 38.665033 ] } },
{ "type": "Feature", "properties": { "decimalLatitude": 37.81581, "decimalLongitude": -122.040776, "eventDate": "2024-02-19T14:52:49Z", "countryCode": "US" }, "geometry": { "type": "Point", "coordinates": [ -122.040776, 37.81581 ] } },
{ "type": "Feature", "properties": { "decimalLatitude": 40.543962, "decimalLongitude": -122.466567, "eventDate": "2024-02-18T14:20:33Z", "countryCode": "US" }, "geometry": { "type": "Point", "coordinates": [ -122.466567, 40.543962 ] } },
{ "type": "Feature", "properties": { "decimalLatitude": 40.330167, "decimalLongitude": -122.1615, "eventDate": "2024-02-24T12:56:39Z", "countryCode": "US" }, "geometry": { "type": "Point", "coordinates": [ -122.1615, 40.330167 ] } },
{ "type": "Feature", "properties": { "decimalLatitude": 39.326712, "decimalLongitude": -121.044258, "eventDate": "2024-02-21T11:02:20Z", "countryCode": "US" }, "geometry": { "type": "Point", "coordinates": [ -121.044258, 39.326712 ] } },
{ "type": "Feature", "properties": { "decimalLatitude": 38.674988, "decimalLongitude": -121.187867, "eventDate": "2024-02-27T11:36:39Z", "countryCode": "US" }, "geometry": { "type": "Point", "coordinates": [ -121.187867, 38.674988 ] } },
{ "type": "Feature", "properties": { "decimalLatitude": 38.661797, "decimalLongitude": -121.193047, "eventDate": "2024-02-17T12:09:53Z", "countryCode": "US" }, "geometry": { "type": "Point", "coordinates": [ -121.193047, 38.661797 ] } },
{ "type": "Feature", "properties": { "decimalLatitude": 38.661797, "decimalLongitude": -121.193047, "eventDate": "2024-02-17T12:09:32Z", "countryCode": "US" }, "geometry": { "type": "Point", "coordinates": [ -121.193047, 38.661797 ] } },
{ "type": "Feature", "properties": { "decimalLatitude": 38.661797, "decimalLongitude": -121.193047, "eventDate": "2024-02-17T12:00:03Z", "countryCode": "US" }, "geometry": { "type": "Point", "coordinates": [ -121.193047, 38.661797 ] } },
{ "type": "Feature", "properties": { "decimalLatitude": 39.982242, "decimalLongitude": -122.126289, "eventDate": "2024-02-21T12:55:18Z", "countryCode": "US" }, "geometry": { "type": "Point", "coordinates": [ -122.126289, 39.982242 ] } },
{ "type": "Feature", "properties": { "decimalLatitude": 39.320896, "decimalLongitude": -121.200259, "eventDate": "2024-02-27T00:00:00Z", "countryCode": "US" }, "geometry": { "type": "Point", "coordinates": [ -121.200259, 39.320896 ] } },
{ "type": "Feature", "properties": { "decimalLatitude": 38.57432, "decimalLongitude": -121.349258, "eventDate": "2024-02-22T01:09:26Z", "countryCode": "US" }, "geometry": { "type": "Point", "coordinates": [ -121.349258, 38.57432 ] } },
{ "type": "Feature", "properties": { "decimalLatitude": 38.371967, "decimalLongitude": -122.500666, "eventDate": "2024-03-02T12:29:51Z", "countryCode": "US" }, "geometry": { "type": "Point", "coordinates": [ -122.500666, 38.371967 ] } },
{ "type": "Feature", "properties": { "decimalLatitude": 38.622863, "decimalLongitude": -121.281578, "eventDate": "2024-03-05T09:43:38Z", "countryCode": "US" }, "geometry": { "type": "Point", "coordinates": [ -121.281578, 38.622863 ] } },
{ "type": "Feature", "properties": { "decimalLatitude": 38.638142, "decimalLongitude": -121.220038, "eventDate": "2024-03-04T17:25:09Z", "countryCode": "US" }, "geometry": { "type": "Point", "coordinates": [ -121.220038, 38.638142 ] } },
{ "type": "Feature", "properties": { "decimalLatitude": 38.870869, "decimalLongitude": -121.061867, "eventDate": "2024-03-04T10:22:00Z", "countryCode": "US" }, "geometry": { "type": "Point", "coordinates": [ -121.061867, 38.870869 ] } },
{ "type": "Feature", "properties": { "decimalLatitude": 38.540588, "decimalLongitude": -122.876505, "eventDate": "2024-03-04T14:18:00Z", "countryCode": "US" }, "geometry": { "type": "Point", "coordinates": [ -122.876505, 38.540588 ] } },
{ "type": "Feature", "properties": { "decimalLatitude": 38.352353, "decimalLongitude": -122.522055, "eventDate": "2024-03-02T12:23:03Z", "countryCode": "US" }, "geometry": { "type": "Point", "coordinates": [ -122.522055, 38.352353 ] } },
{ "type": "Feature", "properties": { "decimalLatitude": 38.638142, "decimalLongitude": -121.220038, "eventDate": "2024-03-04T17:25:09Z", "countryCode": "US" }, "geometry": { "type": "Point", "coordinates": [ -121.220038, 38.638142 ] } },
{ "type": "Feature", "properties": { "decimalLatitude": 38.650732, "decimalLongitude": -121.199178, "eventDate": "2024-03-07T13:20:46Z", "countryCode": "US" }, "geometry": { "type": "Point", "coordinates": [ -121.199178, 38.650732 ] } },
{ "type": "Feature", "properties": { "decimalLatitude": 38.812204, "decimalLongitude": -122.223504, "eventDate": "2024-03-02T11:16:02Z", "countryCode": "US" }, "geometry": { "type": "Point", "coordinates": [ -122.223504, 38.812204 ] } },
{ "type": "Feature", "properties": { "decimalLatitude": 38.779456, "decimalLongitude": -121.012056, "eventDate": "2024-03-10T12:17:10Z", "countryCode": "US" }, "geometry": { "type": "Point", "coordinates": [ -121.012056, 38.779456 ] } },
{ "type": "Feature", "properties": { "decimalLatitude": 38.508444, "decimalLongitude": -122.044769, "eventDate": "2024-03-09T12:47:00Z", "countryCode": "US" }, "geometry": { "type": "Point", "coordinates": [ -122.044769, 38.508444 ] } },
{ "type": "Feature", "properties": { "decimalLatitude": 39.772428, "decimalLongitude": -121.76122, "eventDate": "2024-03-10T16:11:07Z", "countryCode": "US" }, "geometry": { "type": "Point", "coordinates": [ -121.76122, 39.772428 ] } },
{ "type": "Feature", "properties": { "decimalLatitude": 37.612066, "decimalLongitude": -122.450713, "eventDate": "2024-03-11T14:43:35Z", "countryCode": "US" }, "geometry": { "type": "Point", "coordinates": [ -122.450713, 37.612066 ] } },
{ "type": "Feature", "properties": { "decimalLatitude": 37.978303, "decimalLongitude": -122.614933, "eventDate": "2024-03-10T15:13:36Z", "countryCode": "US" }, "geometry": { "type": "Point", "coordinates": [ -122.614933, 37.978303 ] } },
{ "type": "Feature", "properties": { "decimalLatitude": 38.408356, "decimalLongitude": -122.082725, "eventDate": "2024-03-09T11:21:00Z", "countryCode": "US" }, "geometry": { "type": "Point", "coordinates": [ -122.082725, 38.408356 ] } },
{ "type": "Feature", "properties": { "decimalLatitude": 38.487972, "decimalLongitude": -122.479373, "eventDate": "2024-03-13T10:46:21Z", "countryCode": "US" }, "geometry": { "type": "Point", "coordinates": [ -122.479373, 38.487972 ] } },
{ "type": "Feature", "properties": { "decimalLatitude": 38.637426, "decimalLongitude": -121.209831, "eventDate": "2024-03-05T00:00:00Z", "countryCode": "US" }, "geometry": { "type": "Point", "coordinates": [ -121.209831, 38.637426 ] } },
{ "type": "Feature", "properties": { "decimalLatitude": 40.106408, "decimalLongitude": -122.036431, "eventDate": "2024-03-08T15:38:00Z", "countryCode": "US" }, "geometry": { "type": "Point", "coordinates": [ -122.036431, 40.106408 ] } },
{ "type": "Feature", "properties": { "decimalLatitude": 38.42107, "decimalLongitude": -122.878952, "eventDate": "2024-03-16T17:47:59Z", "countryCode": "US" }, "geometry": { "type": "Point", "coordinates": [ -122.878952, 38.42107 ] } },
{ "type": "Feature", "properties": { "decimalLatitude": 38.714328, "decimalLongitude": -123.454292, "eventDate": "2024-03-07T12:18:48Z", "countryCode": "US" }, "geometry": { "type": "Point", "coordinates": [ -123.454292, 38.714328 ] } },
{ "type": "Feature", "properties": { "decimalLatitude": 38.917458, "decimalLongitude": -121.022265, "eventDate": "2024-03-16T14:34:45Z", "countryCode": "US" }, "geometry": { "type": "Point", "coordinates": [ -121.022265, 38.917458 ] } },
{ "type": "Feature", "properties": { "decimalLatitude": 38.597962, "decimalLongitude": -121.329462, "eventDate": "2024-03-15T09:53:33Z", "countryCode": "US" }, "geometry": { "type": "Point", "coordinates": [ -121.329462, 38.597962 ] } },
{ "type": "Feature", "properties": { "decimalLatitude": 39.354322, "decimalLongitude": -122.012944, "eventDate": "2024-03-18T09:25:09Z", "countryCode": "US" }, "geometry": { "type": "Point", "coordinates": [ -122.012944, 39.354322 ] } },
{ "type": "Feature", "properties": { "decimalLatitude": 39.294813, "decimalLongitude": -121.205661, "eventDate": "2024-03-17T11:45:27Z", "countryCode": "US" }, "geometry": { "type": "Point", "coordinates": [ -121.205661, 39.294813 ] } },
{ "type": "Feature", "properties": { "decimalLatitude": 38.636288, "decimalLongitude": -121.213562, "eventDate": "2024-03-06T17:09:57Z", "countryCode": "US" }, "geometry": { "type": "Point", "coordinates": [ -121.213562, 38.636288 ] } },
{ "type": "Feature", "properties": { "decimalLatitude": 38.441401, "decimalLongitude": -122.52607, "eventDate": "2024-03-02T12:15:56Z", "countryCode": "US" }, "geometry": { "type": "Point", "coordinates": [ -122.52607, 38.441401 ] } },
{ "type": "Feature", "properties": { "decimalLatitude": 38.821792, "decimalLongitude": -120.967767, "eventDate": "2024-03-09T13:58:05Z", "countryCode": "US" }, "geometry": { "type": "Point", "coordinates": [ -120.967767, 38.821792 ] } },
{ "type": "Feature", "properties": { "decimalLatitude": 38.712306, "decimalLongitude": -121.107811, "eventDate": "2024-03-08T00:00:00Z", "countryCode": "US" }, "geometry": { "type": "Point", "coordinates": [ -121.107811, 38.712306 ] } },
{ "type": "Feature", "properties": { "decimalLatitude": 38.527083, "decimalLongitude": -122.754471, "eventDate": "2024-03-08T18:10:00Z", "countryCode": "US" }, "geometry": { "type": "Point", "coordinates": [ -122.754471, 38.527083 ] } },
{ "type": "Feature", "properties": { "decimalLatitude": 38.340855, "decimalLongitude": -122.538017, "eventDate": "2024-03-10T11:41:22Z", "countryCode": "US" }, "geometry": { "type": "Point", "coordinates": [ -122.538017, 38.340855 ] } },
{ "type": "Feature", "properties": { "decimalLatitude": 39.249937, "decimalLongitude": -121.193366, "eventDate": "2024-03-10T17:05:37Z", "countryCode": "US" }, "geometry": { "type": "Point", "coordinates": [ -121.193366, 39.249937 ] } },
{ "type": "Feature", "properties": { "decimalLatitude": 38.487953, "decimalLongitude": -122.478691, "eventDate": "2024-03-13T10:45:23Z", "countryCode": "US" }, "geometry": { "type": "Point", "coordinates": [ -122.478691, 38.487953 ] } },
{ "type": "Feature", "properties": { "decimalLatitude": 37.609636, "decimalLongitude": -122.509998, "eventDate": "2024-03-11T14:31:48Z", "countryCode": "US" }, "geometry": { "type": "Point", "coordinates": [ -122.509998, 37.609636 ] } },
{ "type": "Feature", "properties": { "decimalLatitude": 37.754068, "decimalLongitude": -122.49874, "eventDate": "2024-03-11T14:40:53Z", "countryCode": "US" }, "geometry": { "type": "Point", "coordinates": [ -122.49874, 37.754068 ] } },
{ "type": "Feature", "properties": { "decimalLatitude": 37.766695, "decimalLongitude": -122.4721, "eventDate": "2024-03-11T16:44:07Z", "countryCode": "US" }, "geometry": { "type": "Point", "coordinates": [ -122.4721, 37.766695 ] } },
{ "type": "Feature", "properties": { "decimalLatitude": 38.8008, "decimalLongitude": -121.107461, "eventDate": "2024-03-14T11:55:56Z", "countryCode": "US" }, "geometry": { "type": "Point", "coordinates": [ -121.107461, 38.8008 ] } },
{ "type": "Feature", "properties": { "decimalLatitude": 38.633231, "decimalLongitude": -121.268136, "eventDate": "2024-03-14T18:37:00Z", "countryCode": "US" }, "geometry": { "type": "Point", "coordinates": [ -121.268136, 38.633231 ] } },
{ "type": "Feature", "properties": { "decimalLatitude": 38.646528, "decimalLongitude": -121.213827, "eventDate": "2024-03-06T00:00:00Z", "countryCode": "US" }, "geometry": { "type": "Point", "coordinates": [ -121.213827, 38.646528 ] } },
{ "type": "Feature", "properties": { "decimalLatitude": 38.665388, "decimalLongitude": -121.19185, "eventDate": "2024-03-07T00:00:00Z", "countryCode": "US" }, "geometry": { "type": "Point", "coordinates": [ -121.19185, 38.665388 ] } },
{ "type": "Feature", "properties": { "decimalLatitude": 37.834372, "decimalLongitude": -122.519141, "eventDate": "2024-03-18T10:15:00Z", "countryCode": "US" }, "geometry": { "type": "Point", "coordinates": [ -122.519141, 37.834372 ] } },
{ "type": "Feature", "properties": { "decimalLatitude": 38.504938, "decimalLongitude": -122.098039, "eventDate": "2024-03-17T09:07:23Z", "countryCode": "US" }, "geometry": { "type": "Point", "coordinates": [ -122.098039, 38.504938 ] } },
{ "type": "Feature", "properties": { "decimalLatitude": 38.913722, "decimalLongitude": -121.033997, "eventDate": "2024-03-16T12:09:40Z", "countryCode": "US" }, "geometry": { "type": "Point", "coordinates": [ -121.033997, 38.913722 ] } },
{ "type": "Feature", "properties": { "decimalLatitude": 39.29478, "decimalLongitude": -121.20559, "eventDate": "2024-03-17T11:45:01Z", "countryCode": "US" }, "geometry": { "type": "Point", "coordinates": [ -121.20559, 39.29478 ] } },
{ "type": "Feature", "properties": { "decimalLatitude": 38.494945, "decimalLongitude": -122.103605, "eventDate": "2024-03-15T11:21:15Z", "countryCode": "US" }, "geometry": { "type": "Point", "coordinates": [ -122.103605, 38.494945 ] } },
{ "type": "Feature", "properties": { "decimalLatitude": 39.293975, "decimalLongitude": -121.203255, "eventDate": "2024-03-16T14:13:18Z", "countryCode": "US" }, "geometry": { "type": "Point", "coordinates": [ -121.203255, 39.293975 ] } },
{ "type": "Feature", "properties": { "decimalLatitude": 38.24, "decimalLongitude": -122.129722, "eventDate": "2024-03-13T12:31:53Z", "countryCode": "US" }, "geometry": { "type": "Point", "coordinates": [ -122.129722, 38.24 ] } },
{ "type": "Feature", "properties": { "decimalLatitude": 37.889328, "decimalLongitude": -122.114655, "eventDate": "2024-03-12T15:58:48Z", "countryCode": "US" }, "geometry": { "type": "Point", "coordinates": [ -122.114655, 37.889328 ] } },
{ "type": "Feature", "properties": { "decimalLatitude": 37.998905, "decimalLongitude": -122.707822, "eventDate": "2024-03-19T18:05:09Z", "countryCode": "US" }, "geometry": { "type": "Point", "coordinates": [ -122.707822, 37.998905 ] } },
{ "type": "Feature", "properties": { "decimalLatitude": 38.370499, "decimalLongitude": -122.512276, "eventDate": "2024-03-18T20:48:00Z", "countryCode": "US" }, "geometry": { "type": "Point", "coordinates": [ -122.512276, 38.370499 ] } },
{ "type": "Feature", "properties": { "decimalLatitude": 38.925708, "decimalLongitude": -120.933595, "eventDate": "2024-03-21T12:13:43Z", "countryCode": "US" }, "geometry": { "type": "Point", "coordinates": [ -120.933595, 38.925708 ] } },
{ "type": "Feature", "properties": { "decimalLatitude": 39.32683, "decimalLongitude": -121.016289, "eventDate": "2024-03-21T10:47:45Z", "countryCode": "US" }, "geometry": { "type": "Point", "coordinates": [ -121.016289, 39.32683 ] } },
{ "type": "Feature", "properties": { "decimalLatitude": 38.547072, "decimalLongitude": -121.781434, "eventDate": "2024-03-22T09:56:45Z", "countryCode": "US" }, "geometry": { "type": "Point", "coordinates": [ -121.781434, 38.547072 ] } },
{ "type": "Feature", "properties": { "decimalLatitude": 38.095386, "decimalLongitude": -122.160317, "eventDate": "2024-03-21T15:47:28Z", "countryCode": "US" }, "geometry": { "type": "Point", "coordinates": [ -122.160317, 38.095386 ] } },
{ "type": "Feature", "properties": { "decimalLatitude": 38.519955, "decimalLongitude": -121.9674, "eventDate": "2024-03-22T13:12:03Z", "countryCode": "US" }, "geometry": { "type": "Point", "coordinates": [ -121.9674, 38.519955 ] } },
{ "type": "Feature", "properties": { "decimalLatitude": 38.915662, "decimalLongitude": -121.027205, "eventDate": "2024-03-21T14:29:29Z", "countryCode": "US" }, "geometry": { "type": "Point", "coordinates": [ -121.027205, 38.915662 ] } },
{ "type": "Feature", "properties": { "decimalLatitude": 40.791805, "decimalLongitude": -122.308297, "eventDate": "2024-03-18T10:42:05Z", "countryCode": "US" }, "geometry": { "type": "Point", "coordinates": [ -122.308297, 40.791805 ] } },
{ "type": "Feature", "properties": { "decimalLatitude": 40.59288, "decimalLongitude": -122.379188, "eventDate": "2024-03-21T11:05:48Z", "countryCode": "US" }, "geometry": { "type": "Point", "coordinates": [ -122.379188, 40.59288 ] } },
{ "type": "Feature", "properties": { "decimalLatitude": 38.751656, "decimalLongitude": -121.066178, "eventDate": "2024-03-21T10:20:05Z", "countryCode": "US" }, "geometry": { "type": "Point", "coordinates": [ -121.066178, 38.751656 ] } },
{ "type": "Feature", "properties": { "decimalLatitude": 38.446875, "decimalLongitude": -122.535292, "eventDate": "2024-03-21T10:10:00Z", "countryCode": "US" }, "geometry": { "type": "Point", "coordinates": [ -122.535292, 38.446875 ] } },
{ "type": "Feature", "properties": { "decimalLatitude": 39.325358, "decimalLongitude": -121.014419, "eventDate": "2024-03-21T10:41:53Z", "countryCode": "US" }, "geometry": { "type": "Point", "coordinates": [ -121.014419, 39.325358 ] } },
{ "type": "Feature", "properties": { "decimalLatitude": 38.571076, "decimalLongitude": -121.354755, "eventDate": "2024-03-20T16:15:00Z", "countryCode": "US" }, "geometry": { "type": "Point", "coordinates": [ -121.354755, 38.571076 ] } },
{ "type": "Feature", "properties": { "decimalLatitude": 38.511075, "decimalLongitude": -122.867737, "eventDate": "2024-03-24T11:30:33Z", "countryCode": "US" }, "geometry": { "type": "Point", "coordinates": [ -122.867737, 38.511075 ] } },
{ "type": "Feature", "properties": { "decimalLatitude": 38.913672, "decimalLongitude": -121.0336, "eventDate": "2024-03-21T13:28:58Z", "countryCode": "US" }, "geometry": { "type": "Point", "coordinates": [ -121.0336, 38.913672 ] } },
{ "type": "Feature", "properties": { "decimalLatitude": 38.50718, "decimalLongitude": -122.096939, "eventDate": "2024-03-23T14:47:40Z", "countryCode": "US" }, "geometry": { "type": "Point", "coordinates": [ -122.096939, 38.50718 ] } },
{ "type": "Feature", "properties": { "decimalLatitude": 38.631777, "decimalLongitude": -121.274128, "eventDate": "2024-03-21T13:53:41Z", "countryCode": "US" }, "geometry": { "type": "Point", "coordinates": [ -121.274128, 38.631777 ] } },
{ "type": "Feature", "properties": { "decimalLatitude": 38.924414, "decimalLongitude": -121.038889, "eventDate": "2024-03-18T13:03:00Z", "countryCode": "US" }, "geometry": { "type": "Point", "coordinates": [ -121.038889, 38.924414 ] } },
{ "type": "Feature", "properties": { "decimalLatitude": 38.714375, "decimalLongitude": -123.454313, "eventDate": "2024-03-24T09:17:07Z", "countryCode": "US" }, "geometry": { "type": "Point", "coordinates": [ -123.454313, 38.714375 ] } },
{ "type": "Feature", "properties": { "decimalLatitude": 38.459805, "decimalLongitude": -122.562328, "eventDate": "2024-03-23T16:31:49Z", "countryCode": "US" }, "geometry": { "type": "Point", "coordinates": [ -122.562328, 38.459805 ] } },
{ "type": "Feature", "properties": { "decimalLatitude": 38.496666, "decimalLongitude": -122.103927, "eventDate": "2024-03-23T08:33:00Z", "countryCode": "US" }, "geometry": { "type": "Point", "coordinates": [ -122.103927, 38.496666 ] } },
{ "type": "Feature", "properties": { "decimalLatitude": 40.295162, "decimalLongitude": -122.1782, "eventDate": "2024-03-28T18:10:17Z", "countryCode": "US" }, "geometry": { "type": "Point", "coordinates": [ -122.1782, 40.295162 ] } },
{ "type": "Feature", "properties": { "decimalLatitude": 37.951345, "decimalLongitude": -122.321442, "eventDate": "2024-03-12T15:45:16Z", "countryCode": "US" }, "geometry": { "type": "Point", "coordinates": [ -122.321442, 37.951345 ] } },
{ "type": "Feature", "properties": { "decimalLatitude": 38.800828, "decimalLongitude": -121.1074, "eventDate": "2024-03-30T12:25:46Z", "countryCode": "US" }, "geometry": { "type": "Point", "coordinates": [ -121.1074, 38.800828 ] } },
{ "type": "Feature", "properties": { "decimalLatitude": 38.916487, "decimalLongitude": -121.023186, "eventDate": "2024-03-29T16:46:43Z", "countryCode": "US" }, "geometry": { "type": "Point", "coordinates": [ -121.023186, 38.916487 ] } },
{ "type": "Feature", "properties": { "decimalLatitude": 38.917147, "decimalLongitude": -121.022125, "eventDate": "2024-03-29T16:51:16Z", "countryCode": "US" }, "geometry": { "type": "Point", "coordinates": [ -121.022125, 38.917147 ] } },
{ "type": "Feature", "properties": { "decimalLatitude": 37.817147, "decimalLongitude": -122.044044, "eventDate": "2024-03-30T17:07:38Z", "countryCode": "US" }, "geometry": { "type": "Point", "coordinates": [ -122.044044, 37.817147 ] } },
{ "type": "Feature", "properties": { "decimalLatitude": 38.359953, "decimalLongitude": -122.516368, "eventDate": "2024-03-30T16:14:00Z", "countryCode": "US" }, "geometry": { "type": "Point", "coordinates": [ -122.516368, 38.359953 ] } },
{ "type": "Feature", "properties": { "decimalLatitude": 39.296575, "decimalLongitude": -121.206855, "eventDate": "2024-03-24T13:56:21Z", "countryCode": "US" }, "geometry": { "type": "Point", "coordinates": [ -121.206855, 39.296575 ] } },
{ "type": "Feature", "properties": { "decimalLatitude": 37.671869, "decimalLongitude": -122.56448, "eventDate": "2024-03-11T14:49:00Z", "countryCode": "US" }, "geometry": { "type": "Point", "coordinates": [ -122.56448, 37.671869 ] } },
{ "type": "Feature", "properties": { "decimalLatitude": 40.739925, "decimalLongitude": -122.468917, "eventDate": "2024-03-27T10:08:02Z", "countryCode": "US" }, "geometry": { "type": "Point", "coordinates": [ -122.468917, 40.739925 ] } },
{ "type": "Feature", "properties": { "decimalLatitude": 39.302585, "decimalLongitude": -121.083276, "eventDate": "2024-03-28T16:19:22Z", "countryCode": "US" }, "geometry": { "type": "Point", "coordinates": [ -121.083276, 39.302585 ] } },
{ "type": "Feature", "properties": { "decimalLatitude": 38.9976, "decimalLongitude": -120.945145, "eventDate": "2024-03-27T08:56:06Z", "countryCode": "US" }, "geometry": { "type": "Point", "coordinates": [ -120.945145, 38.9976 ] } },
{ "type": "Feature", "properties": { "decimalLatitude": 39.737802, "decimalLongitude": -121.823337, "eventDate": "2024-03-22T11:10:16Z", "countryCode": "US" }, "geometry": { "type": "Point", "coordinates": [ -121.823337, 39.737802 ] } },
{ "type": "Feature", "properties": { "decimalLatitude": 38.632985, "decimalLongitude": -121.245122, "eventDate": "2024-03-31T00:00:00Z", "countryCode": "US" }, "geometry": { "type": "Point", "coordinates": [ -121.245122, 38.632985 ] } },
{ "type": "Feature", "properties": { "decimalLatitude": 38.788992, "decimalLongitude": -121.109194, "eventDate": "2024-03-09T15:19:18Z", "countryCode": "US" }, "geometry": { "type": "Point", "coordinates": [ -121.109194, 38.788992 ] } },
{ "type": "Feature", "properties": { "decimalLatitude": 39.763889, "decimalLongitude": -121.801667, "eventDate": "2024-03-12T18:22:31Z", "countryCode": "US" }, "geometry": { "type": "Point", "coordinates": [ -121.801667, 39.763889 ] } },
{ "type": "Feature", "properties": { "decimalLatitude": 38.764522, "decimalLongitude": -122.27133, "eventDate": "2024-03-31T19:00:54Z", "countryCode": "US" }, "geometry": { "type": "Point", "coordinates": [ -122.27133, 38.764522 ] } },
{ "type": "Feature", "properties": { "decimalLatitude": 38.788992, "decimalLongitude": -121.109194, "eventDate": "2024-03-09T15:14:32Z", "countryCode": "US" }, "geometry": { "type": "Point", "coordinates": [ -121.109194, 38.788992 ] } },
{ "type": "Feature", "properties": { "decimalLatitude": 38.655473, "decimalLongitude": -121.198454, "eventDate": "2024-03-29T14:22:20Z", "countryCode": "US" }, "geometry": { "type": "Point", "coordinates": [ -121.198454, 38.655473 ] } },
{ "type": "Feature", "properties": { "decimalLatitude": 38.45011, "decimalLongitude": -123.053247, "eventDate": "2024-03-16T18:20:57Z", "countryCode": "US" }, "geometry": { "type": "Point", "coordinates": [ -123.053247, 38.45011 ] } },
{ "type": "Feature", "properties": { "decimalLatitude": 40.593925, "decimalLongitude": -122.407242, "eventDate": "2024-03-11T12:23:00Z", "countryCode": "US" }, "geometry": { "type": "Point", "coordinates": [ -122.407242, 40.593925 ] } },
{ "type": "Feature", "properties": { "decimalLatitude": 38.10742, "decimalLongitude": -122.569703, "eventDate": "2024-03-25T11:51:00Z", "countryCode": "US" }, "geometry": { "type": "Point", "coordinates": [ -122.569703, 38.10742 ] } },
{ "type": "Feature", "properties": { "decimalLatitude": 40.612853, "decimalLongitude": -122.575242, "eventDate": "2024-03-17T09:29:00Z", "countryCode": "US" }, "geometry": { "type": "Point", "coordinates": [ -122.575242, 40.612853 ] } },
{ "type": "Feature", "properties": { "decimalLatitude": 40.565186, "decimalLongitude": -122.410553, "eventDate": "2024-03-21T12:32:00Z", "countryCode": "US" }, "geometry": { "type": "Point", "coordinates": [ -122.410553, 40.565186 ] } },
{ "type": "Feature", "properties": { "decimalLatitude": 40.563072, "decimalLongitude": -122.406294, "eventDate": "2024-03-21T13:10:00Z", "countryCode": "US" }, "geometry": { "type": "Point", "coordinates": [ -122.406294, 40.563072 ] } },
{ "type": "Feature", "properties": { "decimalLatitude": 40.612781, "decimalLongitude": -122.574889, "eventDate": "2024-03-17T09:29:00Z", "countryCode": "US" }, "geometry": { "type": "Point", "coordinates": [ -122.574889, 40.612781 ] } },
{ "type": "Feature", "properties": { "decimalLatitude": 39.728722, "decimalLongitude": -121.946122, "eventDate": "2024-03-06T08:25:47Z", "countryCode": "US" }, "geometry": { "type": "Point", "coordinates": [ -121.946122, 39.728722 ] } },
{ "type": "Feature", "properties": { "decimalLatitude": 39.604186, "decimalLongitude": -121.559044, "eventDate": "2024-03-31T15:01:00Z", "countryCode": "US" }, "geometry": { "type": "Point", "coordinates": [ -121.559044, 39.604186 ] } },
{ "type": "Feature", "properties": { "decimalLatitude": 38.361473, "decimalLongitude": -122.59518, "eventDate": "2024-03-30T11:59:24Z", "countryCode": "US" }, "geometry": { "type": "Point", "coordinates": [ -122.59518, 38.361473 ] } },
{ "type": "Feature", "properties": { "decimalLatitude": 39.804722, "decimalLongitude": -121.715988, "eventDate": "2024-03-31T16:41:10Z", "countryCode": "US" }, "geometry": { "type": "Point", "coordinates": [ -121.715988, 39.804722 ] } },
{ "type": "Feature", "properties": { "decimalLatitude": 38.615487, "decimalLongitude": -121.310968, "eventDate": "2024-04-02T15:06:46Z", "countryCode": "US" }, "geometry": { "type": "Point", "coordinates": [ -121.310968, 38.615487 ] } },
{ "type": "Feature", "properties": { "decimalLatitude": 38.511994, "decimalLongitude": -122.871039, "eventDate": "2024-04-02T11:00:00Z", "countryCode": "US" }, "geometry": { "type": "Point", "coordinates": [ -122.871039, 38.511994 ] } },
{ "type": "Feature", "properties": { "decimalLatitude": 38.509003, "decimalLongitude": -122.046028, "eventDate": "2024-04-01T07:01:28Z", "countryCode": "US" }, "geometry": { "type": "Point", "coordinates": [ -122.046028, 38.509003 ] } },
{ "type": "Feature", "properties": { "decimalLatitude": 39.732376, "decimalLongitude": -121.682145, "eventDate": "2024-04-03T13:30:00Z", "countryCode": "US" }, "geometry": { "type": "Point", "coordinates": [ -121.682145, 39.732376 ] } },
{ "type": "Feature", "properties": { "decimalLatitude": 38.251554, "decimalLongitude": -122.248741, "eventDate": "2024-04-07T13:03:21Z", "countryCode": "US" }, "geometry": { "type": "Point", "coordinates": [ -122.248741, 38.251554 ] } },
{ "type": "Feature", "properties": { "decimalLatitude": 38.80278, "decimalLongitude": -121.122069, "eventDate": "2024-04-01T10:30:44Z", "countryCode": "US" }, "geometry": { "type": "Point", "coordinates": [ -121.122069, 38.80278 ] } },
{ "type": "Feature", "properties": { "decimalLatitude": 38.488903, "decimalLongitude": -122.319838, "eventDate": "2024-04-07T15:32:52Z", "countryCode": "US" }, "geometry": { "type": "Point", "coordinates": [ -122.319838, 38.488903 ] } },
{ "type": "Feature", "properties": { "decimalLatitude": 40.913261, "decimalLongitude": -122.197153, "eventDate": "2024-04-06T11:36:00Z", "countryCode": "US" }, "geometry": { "type": "Point", "coordinates": [ -122.197153, 40.913261 ] } },
{ "type": "Feature", "properties": { "decimalLatitude": 38.487983, "decimalLongitude": -122.309333, "eventDate": "2024-04-07T15:27:51Z", "countryCode": "US" }, "geometry": { "type": "Point", "coordinates": [ -122.309333, 38.487983 ] } },
{ "type": "Feature", "properties": { "decimalLatitude": 39.596783, "decimalLongitude": -121.547263, "eventDate": "2024-04-03T09:46:00Z", "countryCode": "US" }, "geometry": { "type": "Point", "coordinates": [ -121.547263, 39.596783 ] } },
{ "type": "Feature", "properties": { "decimalLatitude": 38.619519, "decimalLongitude": -122.836791, "eventDate": "2024-04-10T17:45:36Z", "countryCode": "US" }, "geometry": { "type": "Point", "coordinates": [ -122.836791, 38.619519 ] } },
{ "type": "Feature", "properties": { "decimalLatitude": 38.369572, "decimalLongitude": -122.497513, "eventDate": "2024-04-06T11:55:53Z", "countryCode": "US" }, "geometry": { "type": "Point", "coordinates": [ -122.497513, 38.369572 ] } },
{ "type": "Feature", "properties": { "decimalLatitude": 39.595303, "decimalLongitude": -121.551238, "eventDate": "2024-04-07T15:58:04Z", "countryCode": "US" }, "geometry": { "type": "Point", "coordinates": [ -121.551238, 39.595303 ] } },
{ "type": "Feature", "properties": { "decimalLatitude": 38.580354, "decimalLongitude": -121.339632, "eventDate": "2024-04-06T16:08:12Z", "countryCode": "US" }, "geometry": { "type": "Point", "coordinates": [ -121.339632, 38.580354 ] } },
{ "type": "Feature", "properties": { "decimalLatitude": 39.228819, "decimalLongitude": -121.401203, "eventDate": "2024-04-07T11:42:08Z", "countryCode": "US" }, "geometry": { "type": "Point", "coordinates": [ -121.401203, 39.228819 ] } },
{ "type": "Feature", "properties": { "decimalLatitude": 38.591031, "decimalLongitude": -121.318597, "eventDate": "2024-04-06T18:30:17Z", "countryCode": "US" }, "geometry": { "type": "Point", "coordinates": [ -121.318597, 38.591031 ] } },
{ "type": "Feature", "properties": { "decimalLatitude": 40.560728, "decimalLongitude": -122.427108, "eventDate": "2024-04-08T17:35:28Z", "countryCode": "US" }, "geometry": { "type": "Point", "coordinates": [ -122.427108, 40.560728 ] } },
{ "type": "Feature", "properties": { "decimalLatitude": 38.507397, "decimalLongitude": -122.882706, "eventDate": "2024-04-11T11:33:00Z", "countryCode": "US" }, "geometry": { "type": "Point", "coordinates": [ -122.882706, 38.507397 ] } },
{ "type": "Feature", "properties": { "decimalLatitude": 38.513603, "decimalLongitude": -122.355019, "eventDate": "2024-04-12T11:53:00Z", "countryCode": "US" }, "geometry": { "type": "Point", "coordinates": [ -122.355019, 38.513603 ] } },
{ "type": "Feature", "properties": { "decimalLatitude": 38.593544, "decimalLongitude": -121.323733, "eventDate": "2024-04-14T16:28:24Z", "countryCode": "US" }, "geometry": { "type": "Point", "coordinates": [ -121.323733, 38.593544 ] } },
{ "type": "Feature", "properties": { "decimalLatitude": 38.513517, "decimalLongitude": -122.355111, "eventDate": "2024-04-12T11:52:00Z", "countryCode": "US" }, "geometry": { "type": "Point", "coordinates": [ -122.355111, 38.513517 ] } },
{ "type": "Feature", "properties": { "decimalLatitude": 38.513528, "decimalLongitude": -122.355019, "eventDate": "2024-04-12T11:52:00Z", "countryCode": "US" }, "geometry": { "type": "Point", "coordinates": [ -122.355019, 38.513528 ] } },
{ "type": "Feature", "properties": { "decimalLatitude": 38.917162, "decimalLongitude": -121.022233, "eventDate": "2024-04-12T10:53:54Z", "countryCode": "US" }, "geometry": { "type": "Point", "coordinates": [ -121.022233, 38.917162 ] } },
{ "type": "Feature", "properties": { "decimalLatitude": 39.736697, "decimalLongitude": -121.81219, "eventDate": "2024-04-14T16:17:45Z", "countryCode": "US" }, "geometry": { "type": "Point", "coordinates": [ -121.81219, 39.736697 ] } },
{ "type": "Feature", "properties": { "decimalLatitude": 38.043347, "decimalLongitude": -122.667037, "eventDate": "2024-04-10T12:56:00Z", "countryCode": "US" }, "geometry": { "type": "Point", "coordinates": [ -122.667037, 38.043347 ] } },
{ "type": "Feature", "properties": { "decimalLatitude": 38.608498, "decimalLongitude": -121.334883, "eventDate": "2024-04-11T19:20:00Z", "countryCode": "US" }, "geometry": { "type": "Point", "coordinates": [ -121.334883, 38.608498 ] } },
{ "type": "Feature", "properties": { "decimalLatitude": 39.754551, "decimalLongitude": -121.820593, "eventDate": "2024-04-19T11:04:44Z", "countryCode": "US" }, "geometry": { "type": "Point", "coordinates": [ -121.820593, 39.754551 ] } },
{ "type": "Feature", "properties": { "decimalLatitude": 39.826606, "decimalLongitude": -121.727734, "eventDate": "2024-04-19T11:03:25Z", "countryCode": "US" }, "geometry": { "type": "Point", "coordinates": [ -121.727734, 39.826606 ] } },
{ "type": "Feature", "properties": { "decimalLatitude": 38.666344, "decimalLongitude": -121.192801, "eventDate": "2024-04-26T08:07:13Z", "countryCode": "US" }, "geometry": { "type": "Point", "coordinates": [ -121.192801, 38.666344 ] } },
{ "type": "Feature", "properties": { "decimalLatitude": 39.845862, "decimalLongitude": -121.702469, "eventDate": "2024-04-20T13:33:36Z", "countryCode": "US" }, "geometry": { "type": "Point", "coordinates": [ -121.702469, 39.845862 ] } },
{ "type": "Feature", "properties": { "decimalLatitude": 38.524478, "decimalLongitude": -122.760911, "eventDate": "2024-04-17T16:34:00Z", "countryCode": "US" }, "geometry": { "type": "Point", "coordinates": [ -122.760911, 38.524478 ] } },
{ "type": "Feature", "properties": { "decimalLatitude": 39.771595, "decimalLongitude": -121.771903, "eventDate": "2024-04-20T14:01:01Z", "countryCode": "US" }, "geometry": { "type": "Point", "coordinates": [ -121.771903, 39.771595 ] } },
{ "type": "Feature", "properties": { "decimalLatitude": 38.655803, "decimalLongitude": -121.201217, "eventDate": "2024-04-25T08:13:38Z", "countryCode": "US" }, "geometry": { "type": "Point", "coordinates": [ -121.201217, 38.655803 ] } },
{ "type": "Feature", "properties": { "decimalLatitude": 37.978339, "decimalLongitude": -122.615114, "eventDate": "2024-04-16T10:05:00Z", "countryCode": "US" }, "geometry": { "type": "Point", "coordinates": [ -122.615114, 37.978339 ] } },
{ "type": "Feature", "properties": { "decimalLatitude": 39.326328, "decimalLongitude": -121.036303, "eventDate": "2024-04-06T09:23:00Z", "countryCode": "US" }, "geometry": { "type": "Point", "coordinates": [ -121.036303, 39.326328 ] } },
{ "type": "Feature", "properties": { "decimalLatitude": 39.604133, "decimalLongitude": -121.559053, "eventDate": "2024-04-27T14:37:50Z", "countryCode": "US" }, "geometry": { "type": "Point", "coordinates": [ -121.559053, 39.604133 ] } },
{ "type": "Feature", "properties": { "decimalLatitude": 38.455922, "decimalLongitude": -122.309022, "eventDate": "2024-04-25T15:10:14Z", "countryCode": "US" }, "geometry": { "type": "Point", "coordinates": [ -122.309022, 38.455922 ] } },
{ "type": "Feature", "properties": { "decimalLatitude": 39.745383, "decimalLongitude": -121.80913, "eventDate": "2024-04-19T11:03:53Z", "countryCode": "US" }, "geometry": { "type": "Point", "coordinates": [ -121.80913, 39.745383 ] } },
{ "type": "Feature", "properties": { "decimalLatitude": 38.563775, "decimalLongitude": -121.390908, "eventDate": "2024-04-19T16:01:26Z", "countryCode": "US" }, "geometry": { "type": "Point", "coordinates": [ -121.390908, 38.563775 ] } },
{ "type": "Feature", "properties": { "decimalLatitude": 39.780291, "decimalLongitude": -121.748042, "eventDate": "2024-04-23T00:00:00Z", "countryCode": "US" }, "geometry": { "type": "Point", "coordinates": [ -121.748042, 39.780291 ] } },
{ "type": "Feature", "properties": { "decimalLatitude": 40.657552, "decimalLongitude": -122.330441, "eventDate": "2024-04-30T08:54:49Z", "countryCode": "US" }, "geometry": { "type": "Point", "coordinates": [ -122.330441, 40.657552 ] } },
{ "type": "Feature", "properties": { "decimalLatitude": 38.352395, "decimalLongitude": -122.521745, "eventDate": "2024-04-27T10:40:40Z", "countryCode": "US" }, "geometry": { "type": "Point", "coordinates": [ -122.521745, 38.352395 ] } },
{ "type": "Feature", "properties": { "decimalLatitude": 38.882053, "decimalLongitude": -121.166787, "eventDate": "2024-04-27T11:17:20Z", "countryCode": "US" }, "geometry": { "type": "Point", "coordinates": [ -121.166787, 38.882053 ] } },
{ "type": "Feature", "properties": { "decimalLatitude": 38.408486, "decimalLongitude": -122.604819, "eventDate": "2024-04-22T11:27:00Z", "countryCode": "US" }, "geometry": { "type": "Point", "coordinates": [ -122.604819, 38.408486 ] } },
{ "type": "Feature", "properties": { "decimalLatitude": 38.491063, "decimalLongitude": -122.023079, "eventDate": "2024-04-27T12:33:00Z", "countryCode": "US" }, "geometry": { "type": "Point", "coordinates": [ -122.023079, 38.491063 ] } },
{ "type": "Feature", "properties": { "decimalLatitude": 40.91933, "decimalLongitude": -122.238097, "eventDate": "2024-04-19T14:23:03Z", "countryCode": "US" }, "geometry": { "type": "Point", "coordinates": [ -122.238097, 40.91933 ] } },
{ "type": "Feature", "properties": { "decimalLatitude": 38.360324, "decimalLongitude": -122.518247, "eventDate": "2024-04-24T14:50:00Z", "countryCode": "US" }, "geometry": { "type": "Point", "coordinates": [ -122.518247, 38.360324 ] } },
{ "type": "Feature", "properties": { "decimalLatitude": 37.978295, "decimalLongitude": -122.614792, "eventDate": "2024-04-16T08:05:12Z", "countryCode": "US" }, "geometry": { "type": "Point", "coordinates": [ -122.614792, 37.978295 ] } },
{ "type": "Feature", "properties": { "decimalLatitude": 39.77227, "decimalLongitude": -121.76203, "eventDate": "2024-04-27T21:44:34Z", "countryCode": "US" }, "geometry": { "type": "Point", "coordinates": [ -121.76203, 39.77227 ] } },
{ "type": "Feature", "properties": { "decimalLatitude": 38.632003, "decimalLongitude": -121.233857, "eventDate": "2024-04-26T17:03:42Z", "countryCode": "US" }, "geometry": { "type": "Point", "coordinates": [ -121.233857, 38.632003 ] } },
{ "type": "Feature", "properties": { "decimalLatitude": 38.771342, "decimalLongitude": -121.138811, "eventDate": "2024-04-27T13:21:51Z", "countryCode": "US" }, "geometry": { "type": "Point", "coordinates": [ -121.138811, 38.771342 ] } },
{ "type": "Feature", "properties": { "decimalLatitude": 37.909393, "decimalLongitude": -122.264992, "eventDate": "2024-04-17T12:41:25Z", "countryCode": "US" }, "geometry": { "type": "Point", "coordinates": [ -122.264992, 37.909393 ] } },
{ "type": "Feature", "properties": { "decimalLatitude": 39.754772, "decimalLongitude": -121.820542, "eventDate": "2024-04-19T11:03:35Z", "countryCode": "US" }, "geometry": { "type": "Point", "coordinates": [ -121.820542, 39.754772 ] } },
{ "type": "Feature", "properties": { "decimalLatitude": 39.75459, "decimalLongitude": -121.820413, "eventDate": "2024-04-19T11:04:02Z", "countryCode": "US" }, "geometry": { "type": "Point", "coordinates": [ -121.820413, 39.75459 ] } },
{ "type": "Feature", "properties": { "decimalLatitude": 38.524508, "decimalLongitude": -122.760886, "eventDate": "2024-04-17T16:34:00Z", "countryCode": "US" }, "geometry": { "type": "Point", "coordinates": [ -122.760886, 38.524508 ] } },
{ "type": "Feature", "properties": { "decimalLatitude": 38.50615, "decimalLongitude": -122.041808, "eventDate": "2024-04-29T09:53:42Z", "countryCode": "US" }, "geometry": { "type": "Point", "coordinates": [ -122.041808, 38.50615 ] } },
{ "type": "Feature", "properties": { "decimalLatitude": 38.524492, "decimalLongitude": -122.760911, "eventDate": "2024-04-17T16:33:00Z", "countryCode": "US" }, "geometry": { "type": "Point", "coordinates": [ -122.760911, 38.524492 ] } },
{ "type": "Feature", "properties": { "decimalLatitude": 38.524478, "decimalLongitude": -122.760925, "eventDate": "2024-04-17T16:33:00Z", "countryCode": "US" }, "geometry": { "type": "Point", "coordinates": [ -122.760925, 38.524478 ] } },
{ "type": "Feature", "properties": { "decimalLatitude": 40.589817, "decimalLongitude": -122.376619, "eventDate": "2024-04-21T11:23:38Z", "countryCode": "US" }, "geometry": { "type": "Point", "coordinates": [ -122.376619, 40.589817 ] } },
{ "type": "Feature", "properties": { "decimalLatitude": 39.754867, "decimalLongitude": -121.821246, "eventDate": "2024-04-19T11:04:28Z", "countryCode": "US" }, "geometry": { "type": "Point", "coordinates": [ -121.821246, 39.754867 ] } },
{ "type": "Feature", "properties": { "decimalLatitude": 38.718727, "decimalLongitude": -121.172848, "eventDate": "2024-04-21T10:58:17Z", "countryCode": "US" }, "geometry": { "type": "Point", "coordinates": [ -121.172848, 38.718727 ] } },
{ "type": "Feature", "properties": { "decimalLatitude": 39.761853, "decimalLongitude": -121.77323, "eventDate": "2024-04-20T13:31:05Z", "countryCode": "US" }, "geometry": { "type": "Point", "coordinates": [ -121.77323, 39.761853 ] } },
{ "type": "Feature", "properties": { "decimalLatitude": 38.524506, "decimalLongitude": -122.760903, "eventDate": "2024-04-17T16:34:00Z", "countryCode": "US" }, "geometry": { "type": "Point", "coordinates": [ -122.760903, 38.524506 ] } },
{ "type": "Feature", "properties": { "decimalLatitude": 38.497728, "decimalLongitude": -122.964287, "eventDate": "2024-04-19T11:29:18Z", "countryCode": "US" }, "geometry": { "type": "Point", "coordinates": [ -122.964287, 38.497728 ] } },
{ "type": "Feature", "properties": { "decimalLatitude": 37.88623, "decimalLongitude": -122.093689, "eventDate": "2024-04-26T10:55:48Z", "countryCode": "US" }, "geometry": { "type": "Point", "coordinates": [ -122.093689, 37.88623 ] } },
{ "type": "Feature", "properties": { "decimalLatitude": 40.911864, "decimalLongitude": -122.217628, "eventDate": "2024-04-06T17:52:00Z", "countryCode": "US" }, "geometry": { "type": "Point", "coordinates": [ -122.217628, 40.911864 ] } },
{ "type": "Feature", "properties": { "decimalLatitude": 39.771406, "decimalLongitude": -121.767356, "eventDate": "2024-04-14T14:56:57Z", "countryCode": "US" }, "geometry": { "type": "Point", "coordinates": [ -121.767356, 39.771406 ] } },
{ "type": "Feature", "properties": { "decimalLatitude": 37.712637, "decimalLongitude": -122.466556, "eventDate": "2024-04-27T11:28:35Z", "countryCode": "US" }, "geometry": { "type": "Point", "coordinates": [ -122.466556, 37.712637 ] } },
{ "type": "Feature", "properties": { "decimalLatitude": 37.957142, "decimalLongitude": -122.141092, "eventDate": "2024-04-26T10:16:00Z", "countryCode": "US" }, "geometry": { "type": "Point", "coordinates": [ -122.141092, 37.957142 ] } },
{ "type": "Feature", "properties": { "decimalLatitude": 37.901373, "decimalLongitude": -122.633298, "eventDate": "2024-04-28T12:28:56Z", "countryCode": "US" }, "geometry": { "type": "Point", "coordinates": [ -122.633298, 37.901373 ] } },
{ "type": "Feature", "properties": { "decimalLatitude": 38.212897, "decimalLongitude": -122.124633, "eventDate": "2024-04-28T11:12:06Z", "countryCode": "US" }, "geometry": { "type": "Point", "coordinates": [ -122.124633, 38.212897 ] } },
{ "type": "Feature", "properties": { "decimalLatitude": 38.243935, "decimalLongitude": -122.147339, "eventDate": "2024-04-28T19:09:17Z", "countryCode": "US" }, "geometry": { "type": "Point", "coordinates": [ -122.147339, 38.243935 ] } },
{ "type": "Feature", "properties": { "decimalLatitude": 40.499042, "decimalLongitude": -122.424713, "eventDate": "2024-04-30T17:28:21Z", "countryCode": "US" }, "geometry": { "type": "Point", "coordinates": [ -122.424713, 40.499042 ] } },
{ "type": "Feature", "properties": { "decimalLatitude": 38.244123, "decimalLongitude": -122.133009, "eventDate": "2024-04-29T00:00:00Z", "countryCode": "US" }, "geometry": { "type": "Point", "coordinates": [ -122.133009, 38.244123 ] } },
{ "type": "Feature", "properties": { "decimalLatitude": 39.604167, "decimalLongitude": -121.559013, "eventDate": "2024-04-28T15:52:08Z", "countryCode": "US" }, "geometry": { "type": "Point", "coordinates": [ -121.559013, 39.604167 ] } },
{ "type": "Feature", "properties": { "decimalLatitude": 38.778093, "decimalLongitude": -121.621189, "eventDate": "2024-04-07T13:30:15Z", "countryCode": "US" }, "geometry": { "type": "Point", "coordinates": [ -121.621189, 38.778093 ] } },
{ "type": "Feature", "properties": { "decimalLatitude": 38.369537, "decimalLongitude": -122.49755, "eventDate": "2024-04-26T12:13:49Z", "countryCode": "US" }, "geometry": { "type": "Point", "coordinates": [ -122.49755, 38.369537 ] } },
{ "type": "Feature", "properties": { "decimalLatitude": 38.347035, "decimalLongitude": -122.036907, "eventDate": "2024-04-29T12:29:00Z", "countryCode": "US" }, "geometry": { "type": "Point", "coordinates": [ -122.036907, 38.347035 ] } },
{ "type": "Feature", "properties": { "decimalLatitude": 37.978336, "decimalLongitude": -122.614969, "eventDate": "2024-04-16T08:05:00Z", "countryCode": "US" }, "geometry": { "type": "Point", "coordinates": [ -122.614969, 37.978336 ] } },
{ "type": "Feature", "properties": { "decimalLatitude": 40.8392, "decimalLongitude": -122.027994, "eventDate": "2024-04-05T10:39:00Z", "countryCode": "US" }, "geometry": { "type": "Point", "coordinates": [ -122.027994, 40.8392 ] } },
{ "type": "Feature", "properties": { "decimalLatitude": 38.073364, "decimalLongitude": -122.591347, "eventDate": "2024-04-09T12:11:44Z", "countryCode": "US" }, "geometry": { "type": "Point", "coordinates": [ -122.591347, 38.073364 ] } },
{ "type": "Feature", "properties": { "decimalLatitude": 38.919033, "decimalLongitude": -120.931372, "eventDate": "2024-04-28T12:41:53Z", "countryCode": "US" }, "geometry": { "type": "Point", "coordinates": [ -120.931372, 38.919033 ] } },
{ "type": "Feature", "properties": { "decimalLatitude": 38.505315, "decimalLongitude": -122.097462, "eventDate": "2024-04-27T13:52:18Z", "countryCode": "US" }, "geometry": { "type": "Point", "coordinates": [ -122.097462, 38.505315 ] } },
{ "type": "Feature", "properties": { "decimalLatitude": 38.326185, "decimalLongitude": -122.692789, "eventDate": "2024-05-01T13:26:36Z", "countryCode": "US" }, "geometry": { "type": "Point", "coordinates": [ -122.692789, 38.326185 ] } },
{ "type": "Feature", "properties": { "decimalLatitude": 40.178047, "decimalLongitude": -122.325441, "eventDate": "2024-05-04T12:25:29Z", "countryCode": "US" }, "geometry": { "type": "Point", "coordinates": [ -122.325441, 40.178047 ] } },
{ "type": "Feature", "properties": { "decimalLatitude": 38.891097, "decimalLongitude": -121.04808, "eventDate": "2024-05-06T11:17:01Z", "countryCode": "US" }, "geometry": { "type": "Point", "coordinates": [ -121.04808, 38.891097 ] } },
{ "type": "Feature", "properties": { "decimalLatitude": 39.296463, "decimalLongitude": -121.089111, "eventDate": "2024-05-05T15:35:50Z", "countryCode": "US" }, "geometry": { "type": "Point", "coordinates": [ -121.089111, 39.296463 ] } },
{ "type": "Feature", "properties": { "decimalLatitude": 38.35492, "decimalLongitude": -121.963303, "eventDate": "2024-05-02T13:12:33Z", "countryCode": "US" }, "geometry": { "type": "Point", "coordinates": [ -121.963303, 38.35492 ] } },
{ "type": "Feature", "properties": { "decimalLatitude": 38.888938, "decimalLongitude": -121.067178, "eventDate": "2024-05-06T11:44:22Z", "countryCode": "US" }, "geometry": { "type": "Point", "coordinates": [ -121.067178, 38.888938 ] } },
{ "type": "Feature", "properties": { "decimalLatitude": 38.450836, "decimalLongitude": -122.631547, "eventDate": "2024-05-07T11:05:00Z", "countryCode": "US" }, "geometry": { "type": "Point", "coordinates": [ -122.631547, 38.450836 ] } },
{ "type": "Feature", "properties": { "decimalLatitude": 38.06229, "decimalLongitude": -122.587124, "eventDate": "2024-05-08T19:44:00Z", "countryCode": "US" }, "geometry": { "type": "Point", "coordinates": [ -122.587124, 38.06229 ] } },
{ "type": "Feature", "properties": { "decimalLatitude": 38.443792, "decimalLongitude": -122.616097, "eventDate": "2024-05-07T14:24:00Z", "countryCode": "US" }, "geometry": { "type": "Point", "coordinates": [ -122.616097, 38.443792 ] } },
{ "type": "Feature", "properties": { "decimalLatitude": 40.630887, "decimalLongitude": -122.507003, "eventDate": "2024-05-08T11:30:20Z", "countryCode": "US" }, "geometry": { "type": "Point", "coordinates": [ -122.507003, 40.630887 ] } },
{ "type": "Feature", "properties": { "decimalLatitude": 38.449894, "decimalLongitude": -122.629775, "eventDate": "2024-05-07T11:01:00Z", "countryCode": "US" }, "geometry": { "type": "Point", "coordinates": [ -122.629775, 38.449894 ] } },
{ "type": "Feature", "properties": { "decimalLatitude": 38.770438, "decimalLongitude": -121.140083, "eventDate": "2024-05-15T13:02:57Z", "countryCode": "US" }, "geometry": { "type": "Point", "coordinates": [ -121.140083, 38.770438 ] } },
{ "type": "Feature", "properties": { "decimalLatitude": 38.912187, "decimalLongitude": -121.032773, "eventDate": "2024-05-14T16:58:00Z", "countryCode": "US" }, "geometry": { "type": "Point", "coordinates": [ -121.032773, 38.912187 ] } },
{ "type": "Feature", "properties": { "decimalLatitude": 38.77192, "decimalLongitude": -121.139769, "eventDate": "2024-05-15T10:09:58Z", "countryCode": "US" }, "geometry": { "type": "Point", "coordinates": [ -121.139769, 38.77192 ] } },
{ "type": "Feature", "properties": { "decimalLatitude": 38.509114, "decimalLongitude": -122.776084, "eventDate": "2024-05-20T11:23:31Z", "countryCode": "US" }, "geometry": { "type": "Point", "coordinates": [ -122.776084, 38.509114 ] } },
{ "type": "Feature", "properties": { "decimalLatitude": 40.469814, "decimalLongitude": -122.265875, "eventDate": "2024-05-06T15:36:51Z", "countryCode": "US" }, "geometry": { "type": "Point", "coordinates": [ -122.265875, 40.469814 ] } },
{ "type": "Feature", "properties": { "decimalLatitude": 38.962691, "decimalLongitude": -121.216278, "eventDate": "2024-05-19T11:56:00Z", "countryCode": "US" }, "geometry": { "type": "Point", "coordinates": [ -121.216278, 38.962691 ] } },
{ "type": "Feature", "properties": { "decimalLatitude": 39.772913, "decimalLongitude": -121.762672, "eventDate": "2024-05-24T20:04:43Z", "countryCode": "US" }, "geometry": { "type": "Point", "coordinates": [ -121.762672, 39.772913 ] } },
{ "type": "Feature", "properties": { "decimalLatitude": 39.772992, "decimalLongitude": -121.762488, "eventDate": "2024-05-24T20:05:54Z", "countryCode": "US" }, "geometry": { "type": "Point", "coordinates": [ -121.762488, 39.772992 ] } },
{ "type": "Feature", "properties": { "decimalLatitude": 40.584564, "decimalLongitude": -122.572844, "eventDate": "2024-05-24T01:05:25Z", "countryCode": "US" }, "geometry": { "type": "Point", "coordinates": [ -122.572844, 40.584564 ] } },
{ "type": "Feature", "properties": { "decimalLatitude": 39.476105, "decimalLongitude": -121.577069, "eventDate": "2024-05-25T14:42:46Z", "countryCode": "US" }, "geometry": { "type": "Point", "coordinates": [ -121.577069, 39.476105 ] } },
{ "type": "Feature", "properties": { "decimalLatitude": 38.44168, "decimalLongitude": -122.62165, "eventDate": "2024-05-30T14:22:00Z", "countryCode": "US" }, "geometry": { "type": "Point", "coordinates": [ -122.62165, 38.44168 ] } },
{ "type": "Feature", "properties": { "decimalLatitude": 38.508225, "decimalLongitude": -122.097197, "eventDate": "2024-05-17T14:26:06Z", "countryCode": "US" }, "geometry": { "type": "Point", "coordinates": [ -122.097197, 38.508225 ] } },
{ "type": "Feature", "properties": { "decimalLatitude": 38.802186, "decimalLongitude": -121.122039, "eventDate": "2024-05-31T11:58:02Z", "countryCode": "US" }, "geometry": { "type": "Point", "coordinates": [ -121.122039, 38.802186 ] } },
{ "type": "Feature", "properties": { "decimalLatitude": 37.91739, "decimalLongitude": -122.380033, "eventDate": "2024-05-28T12:14:51Z", "countryCode": "US" }, "geometry": { "type": "Point", "coordinates": [ -122.380033, 37.91739 ] } },
{ "type": "Feature", "properties": { "decimalLatitude": 37.841872, "decimalLongitude": -122.550308, "eventDate": "2024-05-31T10:23:03Z", "countryCode": "US" }, "geometry": { "type": "Point", "coordinates": [ -122.550308, 37.841872 ] } },
{ "type": "Feature", "properties": { "decimalLatitude": 37.964253, "decimalLongitude": -122.567117, "eventDate": "2024-05-29T10:39:10Z", "countryCode": "US" }, "geometry": { "type": "Point", "coordinates": [ -122.567117, 37.964253 ] } },
{ "type": "Feature", "properties": { "decimalLatitude": 40.46735, "decimalLongitude": -122.273189, "eventDate": "2024-05-31T20:04:06Z", "countryCode": "US" }, "geometry": { "type": "Point", "coordinates": [ -122.273189, 40.46735 ] } },
{ "type": "Feature", "properties": { "decimalLatitude": 38.35503, "decimalLongitude": -122.427413, "eventDate": "2024-05-25T11:47:59Z", "countryCode": "US" }, "geometry": { "type": "Point", "coordinates": [ -122.427413, 38.35503 ] } },
{ "type": "Feature", "properties": { "decimalLatitude": 40.67963, "decimalLongitude": -122.558655, "eventDate": "2024-05-29T09:52:55Z", "countryCode": "US" }, "geometry": { "type": "Point", "coordinates": [ -122.558655, 40.67963 ] } },
{ "type": "Feature", "properties": { "decimalLatitude": 38.551625, "decimalLongitude": -122.519497, "eventDate": "2024-05-25T15:49:41Z", "countryCode": "US" }, "geometry": { "type": "Point", "coordinates": [ -122.519497, 38.551625 ] } },
{ "type": "Feature", "properties": { "decimalLatitude": 37.863937, "decimalLongitude": -122.43609, "eventDate": "2024-05-26T11:10:00Z", "countryCode": "US" }, "geometry": { "type": "Point", "coordinates": [ -122.43609, 37.863937 ] } },
{ "type": "Feature", "properties": { "decimalLatitude": 38.634575, "decimalLongitude": -121.22213, "eventDate": "2024-05-17T16:19:36Z", "countryCode": "US" }, "geometry": { "type": "Point", "coordinates": [ -121.22213, 38.634575 ] } },
{ "type": "Feature", "properties": { "decimalLatitude": 40.778147, "decimalLongitude": -122.005019, "eventDate": "2024-05-28T19:13:00Z", "countryCode": "US" }, "geometry": { "type": "Point", "coordinates": [ -122.005019, 40.778147 ] } },
{ "type": "Feature", "properties": { "decimalLatitude": 38.062345, "decimalLongitude": -122.586292, "eventDate": "2024-05-08T19:53:00Z", "countryCode": "US" }, "geometry": { "type": "Point", "coordinates": [ -122.586292, 38.062345 ] } },
{ "type": "Feature", "properties": { "decimalLatitude": 38.870858, "decimalLongitude": -121.061828, "eventDate": "2024-05-27T09:34:00Z", "countryCode": "US" }, "geometry": { "type": "Point", "coordinates": [ -121.061828, 38.870858 ] } },
{ "type": "Feature", "properties": { "decimalLatitude": 37.757355, "decimalLongitude": -122.440216, "eventDate": "2024-05-27T15:28:14Z", "countryCode": "US" }, "geometry": { "type": "Point", "coordinates": [ -122.440216, 37.757355 ] } },
{ "type": "Feature", "properties": { "decimalLatitude": 39.772028, "decimalLongitude": -121.772719, "eventDate": "2024-05-18T08:02:00Z", "countryCode": "US" }, "geometry": { "type": "Point", "coordinates": [ -121.772719, 39.772028 ] } },
{ "type": "Feature", "properties": { "decimalLatitude": 38.508731, "decimalLongitude": -122.097528, "eventDate": "2024-05-10T11:41:00Z", "countryCode": "US" }, "geometry": { "type": "Point", "coordinates": [ -122.097528, 38.508731 ] } },
{ "type": "Feature", "properties": { "decimalLatitude": 39.294619, "decimalLongitude": -121.133019, "eventDate": "2024-06-08T19:03:14Z", "countryCode": "US" }, "geometry": { "type": "Point", "coordinates": [ -121.133019, 39.294619 ] } },
{ "type": "Feature", "properties": { "decimalLatitude": 39.295169, "decimalLongitude": -121.132456, "eventDate": "2024-06-08T18:58:56Z", "countryCode": "US" }, "geometry": { "type": "Point", "coordinates": [ -121.132456, 39.295169 ] } },
{ "type": "Feature", "properties": { "decimalLatitude": 38.014786, "decimalLongitude": -122.673125, "eventDate": "2024-06-20T11:43:33Z", "countryCode": "US" }, "geometry": { "type": "Point", "coordinates": [ -122.673125, 38.014786 ] } },
{ "type": "Feature", "properties": { "decimalLatitude": 38.614228, "decimalLongitude": -121.30735, "eventDate": "2024-06-16T10:55:03Z", "countryCode": "US" }, "geometry": { "type": "Point", "coordinates": [ -121.30735, 38.614228 ] } },
{ "type": "Feature", "properties": { "decimalLatitude": 40.588958, "decimalLongitude": -122.376572, "eventDate": "2024-06-30T13:51:29Z", "countryCode": "US" }, "geometry": { "type": "Point", "coordinates": [ -122.376572, 40.588958 ] } },
{ "type": "Feature", "properties": { "decimalLatitude": 40.585272, "decimalLongitude": -122.552605, "eventDate": "2024-06-08T18:56:13Z", "countryCode": "US" }, "geometry": { "type": "Point", "coordinates": [ -122.552605, 40.585272 ] } },
{ "type": "Feature", "properties": { "decimalLatitude": 40.784109, "decimalLongitude": -122.342788, "eventDate": "2024-06-11T10:53:00Z", "countryCode": "US" }, "geometry": { "type": "Point", "coordinates": [ -122.342788, 40.784109 ] } },
{ "type": "Feature", "properties": { "decimalLatitude": 37.978504, "decimalLongitude": -122.614971, "eventDate": "2024-06-27T11:04:08Z", "countryCode": "US" }, "geometry": { "type": "Point", "coordinates": [ -122.614971, 37.978504 ] } },
{ "type": "Feature", "properties": { "decimalLatitude": 37.963531, "decimalLongitude": -122.141, "eventDate": "2024-06-20T09:24:00Z", "countryCode": "US" }, "geometry": { "type": "Point", "coordinates": [ -122.141, 37.963531 ] } },
{ "type": "Feature", "properties": { "decimalLatitude": 37.866523, "decimalLongitude": -122.438225, "eventDate": "2024-06-16T16:35:31Z", "countryCode": "US" }, "geometry": { "type": "Point", "coordinates": [ -122.438225, 37.866523 ] } },
{ "type": "Feature", "properties": { "decimalLatitude": 38.022991, "decimalLongitude": -122.710666, "eventDate": "2024-06-21T21:59:14Z", "countryCode": "US" }, "geometry": { "type": "Point", "coordinates": [ -122.710666, 38.022991 ] } },
{ "type": "Feature", "properties": { "decimalLatitude": 38.043588, "decimalLongitude": -122.666743, "eventDate": "2024-06-20T14:12:00Z", "countryCode": "US" }, "geometry": { "type": "Point", "coordinates": [ -122.666743, 38.043588 ] } },
{ "type": "Feature", "properties": { "decimalLatitude": 38.38748, "decimalLongitude": -122.067117, "eventDate": "2024-06-20T12:28:56Z", "countryCode": "US" }, "geometry": { "type": "Point", "coordinates": [ -122.067117, 38.38748 ] } },
{ "type": "Feature", "properties": { "decimalLatitude": 38.135167, "decimalLongitude": -122.161919, "eventDate": "2024-06-01T11:55:32Z", "countryCode": "US" }, "geometry": { "type": "Point", "coordinates": [ -122.161919, 38.135167 ] } },
{ "type": "Feature", "properties": { "decimalLatitude": 38.638314, "decimalLongitude": -121.248119, "eventDate": "2024-06-02T09:11:00Z", "countryCode": "US" }, "geometry": { "type": "Point", "coordinates": [ -121.248119, 38.638314 ] } },
{ "type": "Feature", "properties": { "decimalLatitude": 38.634468, "decimalLongitude": -121.234357, "eventDate": "2024-06-02T09:42:00Z", "countryCode": "US" }, "geometry": { "type": "Point", "coordinates": [ -121.234357, 38.634468 ] } },
{ "type": "Feature", "properties": { "decimalLatitude": 38.736131, "decimalLongitude": -121.380286, "eventDate": "2024-06-06T08:50:00Z", "countryCode": "US" }, "geometry": { "type": "Point", "coordinates": [ -121.380286, 38.736131 ] } },
{ "type": "Feature", "properties": { "decimalLatitude": 38.617646, "decimalLongitude": -121.30784, "eventDate": "2024-06-04T08:22:00Z", "countryCode": "US" }, "geometry": { "type": "Point", "coordinates": [ -121.30784, 38.617646 ] } },
{ "type": "Feature", "properties": { "decimalLatitude": 38.736116, "decimalLongitude": -121.382384, "eventDate": "2024-06-06T07:18:00Z", "countryCode": "US" }, "geometry": { "type": "Point", "coordinates": [ -121.382384, 38.736116 ] } },
{ "type": "Feature", "properties": { "decimalLatitude": 38.718099, "decimalLongitude": -121.401524, "eventDate": "2024-06-07T07:58:00Z", "countryCode": "US" }, "geometry": { "type": "Point", "coordinates": [ -121.401524, 38.718099 ] } },
{ "type": "Feature", "properties": { "decimalLatitude": 37.86648, "decimalLongitude": -122.438221, "eventDate": "2024-07-01T09:16:57Z", "countryCode": "US" }, "geometry": { "type": "Point", "coordinates": [ -122.438221, 37.86648 ] } },
{ "type": "Feature", "properties": { "decimalLatitude": 37.930807, "decimalLongitude": -122.55396, "eventDate": "2024-07-08T16:44:53Z", "countryCode": "US" }, "geometry": { "type": "Point", "coordinates": [ -122.55396, 37.930807 ] } },
{ "type": "Feature", "properties": { "decimalLatitude": 37.978328, "decimalLongitude": -122.614983, "eventDate": "2024-07-12T09:38:00Z", "countryCode": "US" }, "geometry": { "type": "Point", "coordinates": [ -122.614983, 37.978328 ] } },
{ "type": "Feature", "properties": { "decimalLatitude": 38.774208, "decimalLongitude": -121.033967, "eventDate": "2024-07-28T12:28:41Z", "countryCode": "US" }, "geometry": { "type": "Point", "coordinates": [ -121.033967, 38.774208 ] } },
{ "type": "Feature", "properties": { "decimalLatitude": 38.595067, "decimalLongitude": -121.327453, "eventDate": "2024-07-27T16:36:34Z", "countryCode": "US" }, "geometry": { "type": "Point", "coordinates": [ -121.327453, 38.595067 ] } },
{ "type": "Feature", "properties": { "decimalLatitude": 38.632278, "decimalLongitude": -121.265053, "eventDate": "2024-07-27T10:06:24Z", "countryCode": "US" }, "geometry": { "type": "Point", "coordinates": [ -121.265053, 38.632278 ] } },
{ "type": "Feature", "properties": { "decimalLatitude": 37.906363, "decimalLongitude": -122.611663, "eventDate": "2024-07-14T14:18:12Z", "countryCode": "US" }, "geometry": { "type": "Point", "coordinates": [ -122.611663, 37.906363 ] } },
{ "type": "Feature", "properties": { "decimalLatitude": 38.459312, "decimalLongitude": -122.570763, "eventDate": "2024-07-31T11:57:27Z", "countryCode": "US" }, "geometry": { "type": "Point", "coordinates": [ -122.570763, 38.459312 ] } },
{ "type": "Feature", "properties": { "decimalLatitude": 37.980545, "decimalLongitude": -122.618483, "eventDate": "2024-07-16T08:42:48Z", "countryCode": "US" }, "geometry": { "type": "Point", "coordinates": [ -122.618483, 37.980545 ] } },
{ "type": "Feature", "properties": { "decimalLatitude": 38.024295, "decimalLongitude": -122.721398, "eventDate": "2024-07-08T11:05:00Z", "countryCode": "US" }, "geometry": { "type": "Point", "coordinates": [ -122.721398, 38.024295 ] } },
{ "type": "Feature", "properties": { "decimalLatitude": 37.816128, "decimalLongitude": -122.044739, "eventDate": "2024-07-20T20:35:16Z", "countryCode": "US" }, "geometry": { "type": "Point", "coordinates": [ -122.044739, 37.816128 ] } },
{ "type": "Feature", "properties": { "decimalLatitude": 37.816158, "decimalLongitude": -122.044861, "eventDate": "2024-07-20T20:39:24Z", "countryCode": "US" }, "geometry": { "type": "Point", "coordinates": [ -122.044861, 37.816158 ] } },
{ "type": "Feature", "properties": { "decimalLatitude": 38.749962, "decimalLongitude": -121.058839, "eventDate": "2024-07-28T15:43:41Z", "countryCode": "US" }, "geometry": { "type": "Point", "coordinates": [ -121.058839, 38.749962 ] } },
{ "type": "Feature", "properties": { "decimalLatitude": 38.868496, "decimalLongitude": -121.288284, "eventDate": "2024-07-12T06:37:00Z", "countryCode": "US" }, "geometry": { "type": "Point", "coordinates": [ -121.288284, 38.868496 ] } },
{ "type": "Feature", "properties": { "decimalLatitude": 38.574412, "decimalLongitude": -121.349342, "eventDate": "2024-08-04T09:37:45Z", "countryCode": "US" }, "geometry": { "type": "Point", "coordinates": [ -121.349342, 38.574412 ] } },
{ "type": "Feature", "properties": { "decimalLatitude": 37.999325, "decimalLongitude": -122.707342, "eventDate": "2024-08-01T18:20:58Z", "countryCode": "US" }, "geometry": { "type": "Point", "coordinates": [ -122.707342, 37.999325 ] } },
{ "type": "Feature", "properties": { "decimalLatitude": 37.860909, "decimalLongitude": -122.432568, "eventDate": "2024-08-02T08:56:00Z", "countryCode": "US" }, "geometry": { "type": "Point", "coordinates": [ -122.432568, 37.860909 ] } },
{ "type": "Feature", "properties": { "decimalLatitude": 37.923544, "decimalLongitude": -122.59647, "eventDate": "2024-08-12T10:06:00Z", "countryCode": "US" }, "geometry": { "type": "Point", "coordinates": [ -122.59647, 37.923544 ] } },
{ "type": "Feature", "properties": { "decimalLatitude": 37.822613, "decimalLongitude": -122.04998, "eventDate": "2024-08-01T19:58:33Z", "countryCode": "US" }, "geometry": { "type": "Point", "coordinates": [ -122.04998, 37.822613 ] } },
{ "type": "Feature", "properties": { "decimalLatitude": 38.028249, "decimalLongitude": -122.73704, "eventDate": "2024-08-29T14:20:00Z", "countryCode": "US" }, "geometry": { "type": "Point", "coordinates": [ -122.73704, 38.028249 ] } },
{ "type": "Feature", "properties": { "decimalLatitude": 38.449983, "decimalLongitude": -122.654033, "eventDate": "2024-08-31T20:02:00Z", "countryCode": "US" }, "geometry": { "type": "Point", "coordinates": [ -122.654033, 38.449983 ] } },
{ "type": "Feature", "properties": { "decimalLatitude": 37.981865, "decimalLongitude": -122.575175, "eventDate": "2024-08-10T16:23:10Z", "countryCode": "US" }, "geometry": { "type": "Point", "coordinates": [ -122.575175, 37.981865 ] } },
{ "type": "Feature", "properties": { "decimalLatitude": 38.038134, "decimalLongitude": -122.559674, "eventDate": "2024-08-14T09:24:00Z", "countryCode": "US" }, "geometry": { "type": "Point", "coordinates": [ -122.559674, 38.038134 ] } },
{ "type": "Feature", "properties": { "decimalLatitude": 38.0398, "decimalLongitude": -122.560522, "eventDate": "2024-08-02T12:07:04Z", "countryCode": "US" }, "geometry": { "type": "Point", "coordinates": [ -122.560522, 38.0398 ] } },
{ "type": "Feature", "properties": { "decimalLatitude": 38.507411, "decimalLongitude": -122.096792, "eventDate": "2024-08-31T07:54:21Z", "countryCode": "US" }, "geometry": { "type": "Point", "coordinates": [ -122.096792, 38.507411 ] } },
{ "type": "Feature", "properties": { "decimalLatitude": 38.508739, "decimalLongitude": -122.097572, "eventDate": "2024-08-20T19:05:00Z", "countryCode": "US" }, "geometry": { "type": "Point", "coordinates": [ -122.097572, 38.508739 ] } },
{ "type": "Feature", "properties": { "decimalLatitude": 38.508718, "decimalLongitude": -122.097658, "eventDate": "2024-08-20T19:05:04Z", "countryCode": "US" }, "geometry": { "type": "Point", "coordinates": [ -122.097658, 38.508718 ] } },
{ "type": "Feature", "properties": { "decimalLatitude": 38.06497, "decimalLongitude": -122.772675, "eventDate": "2024-08-08T10:43:47Z", "countryCode": "US" }, "geometry": { "type": "Point", "coordinates": [ -122.772675, 38.06497 ] } },
{ "type": "Feature", "properties": { "decimalLatitude": 38.55843, "decimalLongitude": -121.415887, "eventDate": "2024-09-13T13:46:52Z", "countryCode": "US" }, "geometry": { "type": "Point", "coordinates": [ -121.415887, 38.55843 ] } },
{ "type": "Feature", "properties": { "decimalLatitude": 38.66142, "decimalLongitude": -121.183267, "eventDate": "2024-09-13T09:31:27Z", "countryCode": "US" }, "geometry": { "type": "Point", "coordinates": [ -121.183267, 38.66142 ] } },
{ "type": "Feature", "properties": { "decimalLatitude": 38.614581, "decimalLongitude": -121.309439, "eventDate": "2024-09-07T10:48:41Z", "countryCode": "US" }, "geometry": { "type": "Point", "coordinates": [ -121.309439, 38.614581 ] } },
{ "type": "Feature", "properties": { "decimalLatitude": 38.452244, "decimalLongitude": -122.634636, "eventDate": "2024-09-08T10:51:53Z", "countryCode": "US" }, "geometry": { "type": "Point", "coordinates": [ -122.634636, 38.452244 ] } },
{ "type": "Feature", "properties": { "decimalLatitude": 37.864778, "decimalLongitude": -122.097658, "eventDate": "2024-09-10T08:53:29Z", "countryCode": "US" }, "geometry": { "type": "Point", "coordinates": [ -122.097658, 37.864778 ] } },
{ "type": "Feature", "properties": { "decimalLatitude": 37.765896, "decimalLongitude": -122.474633, "eventDate": "2024-09-04T13:46:45Z", "countryCode": "US" }, "geometry": { "type": "Point", "coordinates": [ -122.474633, 37.765896 ] } },
{ "type": "Feature", "properties": { "decimalLatitude": 38.565062, "decimalLongitude": -121.420441, "eventDate": "2024-09-10T09:58:44Z", "countryCode": "US" }, "geometry": { "type": "Point", "coordinates": [ -121.420441, 38.565062 ] } },
{ "type": "Feature", "properties": { "decimalLatitude": 38.370042, "decimalLongitude": -122.509231, "eventDate": "2024-09-13T16:50:00Z", "countryCode": "US" }, "geometry": { "type": "Point", "coordinates": [ -122.509231, 38.370042 ] } },
{ "type": "Feature", "properties": { "decimalLatitude": 39.77164, "decimalLongitude": -121.771904, "eventDate": "2024-09-10T16:12:29Z", "countryCode": "US" }, "geometry": { "type": "Point", "coordinates": [ -121.771904, 39.77164 ] } },
{ "type": "Feature", "properties": { "decimalLatitude": 39.767947, "decimalLongitude": -121.777703, "eventDate": "2024-09-03T15:06:07Z", "countryCode": "US" }, "geometry": { "type": "Point", "coordinates": [ -121.777703, 39.767947 ] } },
{ "type": "Feature", "properties": { "decimalLatitude": 37.766649, "decimalLongitude": -122.471866, "eventDate": "2024-09-05T14:54:34Z", "countryCode": "US" }, "geometry": { "type": "Point", "coordinates": [ -122.471866, 37.766649 ] } },
{ "type": "Feature", "properties": { "decimalLatitude": 39.107358, "decimalLongitude": -121.345799, "eventDate": "2024-09-11T15:28:00Z", "countryCode": "US" }, "geometry": { "type": "Point", "coordinates": [ -121.345799, 39.107358 ] } },
{ "type": "Feature", "properties": { "decimalLatitude": 37.978361, "decimalLongitude": -122.614911, "eventDate": "2024-09-11T12:07:50Z", "countryCode": "US" }, "geometry": { "type": "Point", "coordinates": [ -122.614911, 37.978361 ] } },
{ "type": "Feature", "properties": { "decimalLatitude": 38.370053, "decimalLongitude": -122.509208, "eventDate": "2024-09-13T16:50:00Z", "countryCode": "US" }, "geometry": { "type": "Point", "coordinates": [ -122.509208, 38.370053 ] } },
{ "type": "Feature", "properties": { "decimalLatitude": 37.961237, "decimalLongitude": -122.570703, "eventDate": "2024-09-14T18:38:39Z", "countryCode": "US" }, "geometry": { "type": "Point", "coordinates": [ -122.570703, 37.961237 ] } },
{ "type": "Feature", "properties": { "decimalLatitude": 38.63273, "decimalLongitude": -121.27446, "eventDate": "2024-09-15T12:37:50Z", "countryCode": "US" }, "geometry": { "type": "Point", "coordinates": [ -121.27446, 38.63273 ] } },
{ "type": "Feature", "properties": { "decimalLatitude": 38.526445, "decimalLongitude": -122.761903, "eventDate": "2024-09-16T14:12:01Z", "countryCode": "US" }, "geometry": { "type": "Point", "coordinates": [ -122.761903, 38.526445 ] } },
{ "type": "Feature", "properties": { "decimalLatitude": 37.713012, "decimalLongitude": -122.476069, "eventDate": "2024-09-20T14:01:30Z", "countryCode": "US" }, "geometry": { "type": "Point", "coordinates": [ -122.476069, 37.713012 ] } },
{ "type": "Feature", "properties": { "decimalLatitude": 40.569425, "decimalLongitude": -122.375337, "eventDate": "2024-09-08T10:17:52Z", "countryCode": "US" }, "geometry": { "type": "Point", "coordinates": [ -122.375337, 40.569425 ] } },
{ "type": "Feature", "properties": { "decimalLatitude": 39.912697, "decimalLongitude": -122.088779, "eventDate": "2024-09-11T18:35:56Z", "countryCode": "US" }, "geometry": { "type": "Point", "coordinates": [ -122.088779, 39.912697 ] } },
{ "type": "Feature", "properties": { "decimalLatitude": 38.617402, "decimalLongitude": -121.311639, "eventDate": "2024-09-07T09:47:11Z", "countryCode": "US" }, "geometry": { "type": "Point", "coordinates": [ -121.311639, 38.617402 ] } },
{ "type": "Feature", "properties": { "decimalLatitude": 37.76569, "decimalLongitude": -122.469943, "eventDate": "2024-09-20T15:04:15Z", "countryCode": "US" }, "geometry": { "type": "Point", "coordinates": [ -122.469943, 37.76569 ] } },
{ "type": "Feature", "properties": { "decimalLatitude": 38.971353, "decimalLongitude": -121.205803, "eventDate": "2024-10-01T13:53:27Z", "countryCode": "US" }, "geometry": { "type": "Point", "coordinates": [ -121.205803, 38.971353 ] } },
{ "type": "Feature", "properties": { "decimalLatitude": 38.39452, "decimalLongitude": -121.991858, "eventDate": "2024-10-03T12:58:30Z", "countryCode": "US" }, "geometry": { "type": "Point", "coordinates": [ -121.991858, 38.39452 ] } },
{ "type": "Feature", "properties": { "decimalLatitude": 38.535771, "decimalLongitude": -121.723692, "eventDate": "2024-10-13T15:34:03Z", "countryCode": "US" }, "geometry": { "type": "Point", "coordinates": [ -121.723692, 38.535771 ] } },
{ "type": "Feature", "properties": { "decimalLatitude": 38.536058, "decimalLongitude": -121.724374, "eventDate": "2024-10-16T17:48:41Z", "countryCode": "US" }, "geometry": { "type": "Point", "coordinates": [ -121.724374, 38.536058 ] } },
{ "type": "Feature", "properties": { "decimalLatitude": 38.537086, "decimalLongitude": -121.715958, "eventDate": "2024-10-16T18:09:24Z", "countryCode": "US" }, "geometry": { "type": "Point", "coordinates": [ -121.715958, 38.537086 ] } },
{ "type": "Feature", "properties": { "decimalLatitude": 38.536361, "decimalLongitude": -121.726181, "eventDate": "2024-10-16T17:46:12Z", "countryCode": "US" }, "geometry": { "type": "Point", "coordinates": [ -121.726181, 38.536361 ] } },
{ "type": "Feature", "properties": { "decimalLatitude": 38.634442, "decimalLongitude": -121.266494, "eventDate": "2024-10-16T00:00:00Z", "countryCode": "US" }, "geometry": { "type": "Point", "coordinates": [ -121.266494, 38.634442 ] } },
{ "type": "Feature", "properties": { "decimalLatitude": 38.038555, "decimalLongitude": -122.215035, "eventDate": "2024-10-21T15:43:49Z", "countryCode": "US" }, "geometry": { "type": "Point", "coordinates": [ -122.215035, 38.038555 ] } },
{ "type": "Feature", "properties": { "decimalLatitude": 38.535254, "decimalLongitude": -121.723007, "eventDate": "2024-10-16T17:52:42Z", "countryCode": "US" }, "geometry": { "type": "Point", "coordinates": [ -121.723007, 38.535254 ] } },
{ "type": "Feature", "properties": { "decimalLatitude": 38.618291, "decimalLongitude": -121.307841, "eventDate": "2024-10-27T10:01:43Z", "countryCode": "US" }, "geometry": { "type": "Point", "coordinates": [ -121.307841, 38.618291 ] } },
{ "type": "Feature", "properties": { "decimalLatitude": 38.493864, "decimalLongitude": -122.030469, "eventDate": "2024-10-10T13:23:00Z", "countryCode": "US" }, "geometry": { "type": "Point", "coordinates": [ -122.030469, 38.493864 ] } },
{ "type": "Feature", "properties": { "decimalLatitude": 38.630405, "decimalLongitude": -121.27278, "eventDate": "2024-10-26T16:34:00Z", "countryCode": "US" }, "geometry": { "type": "Point", "coordinates": [ -121.27278, 38.630405 ] } },
{ "type": "Feature", "properties": { "decimalLatitude": 38.539138, "decimalLongitude": -122.53952, "eventDate": "2024-10-25T14:32:40Z", "countryCode": "US" }, "geometry": { "type": "Point", "coordinates": [ -122.53952, 38.539138 ] } },
{ "type": "Feature", "properties": { "decimalLatitude": 38.047355, "decimalLongitude": -122.753203, "eventDate": "2024-10-20T15:37:00Z", "countryCode": "US" }, "geometry": { "type": "Point", "coordinates": [ -122.753203, 38.047355 ] } },
{ "type": "Feature", "properties": { "decimalLatitude": 37.0983, "decimalLongitude": -119.463235, "eventDate": "2024-10-30T12:29:46Z", "countryCode": "US" }, "geometry": { "type": "Point", "coordinates": [ -119.463235, 37.0983 ] } },
{ "type": "Feature", "properties": { "decimalLatitude": 38.339517, "decimalLongitude": -122.003975, "eventDate": "2024-10-26T15:12:02Z", "countryCode": "US" }, "geometry": { "type": "Point", "coordinates": [ -122.003975, 38.339517 ] } },
{ "type": "Feature", "properties": { "decimalLatitude": 37.190182, "decimalLongitude": -119.513918, "eventDate": "2024-10-30T11:18:03Z", "countryCode": "US" }, "geometry": { "type": "Point", "coordinates": [ -119.513918, 37.190182 ] } },
{ "type": "Feature", "properties": { "decimalLatitude": 38.339492, "decimalLongitude": -122.003844, "eventDate": "2024-10-26T15:14:52Z", "countryCode": "US" }, "geometry": { "type": "Point", "coordinates": [ -122.003844, 38.339492 ] } },
{ "type": "Feature", "properties": { "decimalLatitude": 38.487931, "decimalLongitude": -122.358914, "eventDate": "2024-10-28T18:07:00Z", "countryCode": "US" }, "geometry": { "type": "Point", "coordinates": [ -122.358914, 38.487931 ] } },
{ "type": "Feature", "properties": { "decimalLatitude": 38.339467, "decimalLongitude": -122.006661, "eventDate": "2024-10-26T14:55:47Z", "countryCode": "US" }, "geometry": { "type": "Point", "coordinates": [ -122.006661, 38.339467 ] } },
{ "type": "Feature", "properties": { "decimalLatitude": 37.026064, "decimalLongitude": -119.41014, "eventDate": "2024-10-30T12:00:24Z", "countryCode": "US" }, "geometry": { "type": "Point", "coordinates": [ -119.41014, 37.026064 ] } },
{ "type": "Feature", "properties": { "decimalLatitude": 37.158794, "decimalLongitude": -119.421916, "eventDate": "2024-10-30T13:09:32Z", "countryCode": "US" }, "geometry": { "type": "Point", "coordinates": [ -119.421916, 37.158794 ] } },
{ "type": "Feature", "properties": { "decimalLatitude": 38.538537, "decimalLongitude": -121.73518, "eventDate": "2024-10-30T17:46:51Z", "countryCode": "US" }, "geometry": { "type": "Point", "coordinates": [ -121.73518, 38.538537 ] } },
{ "type": "Feature", "properties": { "decimalLatitude": 38.004405, "decimalLongitude": -122.708638, "eventDate": "2024-10-20T14:43:00Z", "countryCode": "US" }, "geometry": { "type": "Point", "coordinates": [ -122.708638, 38.004405 ] } },
{ "type": "Feature", "properties": { "decimalLatitude": 37.81615, "decimalLongitude": -122.04473, "eventDate": "2024-10-11T17:54:58Z", "countryCode": "US" }, "geometry": { "type": "Point", "coordinates": [ -122.04473, 37.81615 ] } },
{ "type": "Feature", "properties": { "decimalLatitude": 38.506966, "decimalLongitude": -122.04413, "eventDate": "2024-10-06T14:22:18Z", "countryCode": "US" }, "geometry": { "type": "Point", "coordinates": [ -122.04413, 38.506966 ] } },
{ "type": "Feature", "properties": { "decimalLatitude": 38.298192, "decimalLongitude": -122.126939, "eventDate": "2024-10-08T12:28:27Z", "countryCode": "US" }, "geometry": { "type": "Point", "coordinates": [ -122.126939, 38.298192 ] } },
{ "type": "Feature", "properties": { "decimalLatitude": 38.301842, "decimalLongitude": -122.482728, "eventDate": "2024-10-05T12:33:19Z", "countryCode": "US" }, "geometry": { "type": "Point", "coordinates": [ -122.482728, 38.301842 ] } },
{ "type": "Feature", "properties": { "decimalLatitude": 38.445045, "decimalLongitude": -122.616045, "eventDate": "2024-11-05T12:22:12Z", "countryCode": "US" }, "geometry": { "type": "Point", "coordinates": [ -122.616045, 38.445045 ] } },
{ "type": "Feature", "properties": { "decimalLatitude": 38.650732, "decimalLongitude": -121.199178, "eventDate": "2024-11-01T13:10:00Z", "countryCode": "US" }, "geometry": { "type": "Point", "coordinates": [ -121.199178, 38.650732 ] } },
{ "type": "Feature", "properties": { "decimalLatitude": 39.884264, "decimalLongitude": -122.044547, "eventDate": "2024-11-05T16:02:00Z", "countryCode": "US" }, "geometry": { "type": "Point", "coordinates": [ -122.044547, 39.884264 ] } },
{ "type": "Feature", "properties": { "decimalLatitude": 38.63438, "decimalLongitude": -121.266495, "eventDate": "2024-11-07T14:32:35Z", "countryCode": "US" }, "geometry": { "type": "Point", "coordinates": [ -121.266495, 38.63438 ] } },
{ "type": "Feature", "properties": { "decimalLatitude": 38.042503, "decimalLongitude": -122.219938, "eventDate": "2024-11-15T13:33:41Z", "countryCode": "US" }, "geometry": { "type": "Point", "coordinates": [ -122.219938, 38.042503 ] } },
{ "type": "Feature", "properties": { "decimalLatitude": 38.619913, "decimalLongitude": -121.308188, "eventDate": "2024-11-15T13:30:10Z", "countryCode": "US" }, "geometry": { "type": "Point", "coordinates": [ -121.308188, 38.619913 ] } },
{ "type": "Feature", "properties": { "decimalLatitude": 38.083306, "decimalLongitude": -122.593278, "eventDate": "2024-11-13T13:55:49Z", "countryCode": "US" }, "geometry": { "type": "Point", "coordinates": [ -122.593278, 38.083306 ] } },
{ "type": "Feature", "properties": { "decimalLatitude": 38.085311, "decimalLongitude": -122.590103, "eventDate": "2024-11-13T12:24:19Z", "countryCode": "US" }, "geometry": { "type": "Point", "coordinates": [ -122.590103, 38.085311 ] } },
{ "type": "Feature", "properties": { "decimalLatitude": 38.650804, "decimalLongitude": -121.212067, "eventDate": "2024-11-15T13:25:29Z", "countryCode": "US" }, "geometry": { "type": "Point", "coordinates": [ -121.212067, 38.650804 ] } },
{ "type": "Feature", "properties": { "decimalLatitude": 38.543669, "decimalLongitude": -122.692611, "eventDate": "2024-11-16T10:21:00Z", "countryCode": "US" }, "geometry": { "type": "Point", "coordinates": [ -122.692611, 38.543669 ] } },
{ "type": "Feature", "properties": { "decimalLatitude": 38.091918, "decimalLongitude": -122.613844, "eventDate": "2024-11-13T12:56:01Z", "countryCode": "US" }, "geometry": { "type": "Point", "coordinates": [ -122.613844, 38.091918 ] } },
{ "type": "Feature", "properties": { "decimalLatitude": 38.001629, "decimalLongitude": -122.712896, "eventDate": "2024-11-20T14:33:05Z", "countryCode": "US" }, "geometry": { "type": "Point", "coordinates": [ -122.712896, 38.001629 ] } },
{ "type": "Feature", "properties": { "decimalLatitude": 39.767108, "decimalLongitude": -121.77768, "eventDate": "2024-11-24T16:43:14Z", "countryCode": "US" }, "geometry": { "type": "Point", "coordinates": [ -121.77768, 39.767108 ] } },
{ "type": "Feature", "properties": { "decimalLatitude": 38.353356, "decimalLongitude": -122.537103, "eventDate": "2024-11-13T09:33:00Z", "countryCode": "US" }, "geometry": { "type": "Point", "coordinates": [ -122.537103, 38.353356 ] } },
{ "type": "Feature", "properties": { "decimalLatitude": 37.925178, "decimalLongitude": -122.153961, "eventDate": "2024-11-24T11:26:37Z", "countryCode": "US" }, "geometry": { "type": "Point", "coordinates": [ -122.153961, 37.925178 ] } },
{ "type": "Feature", "properties": { "decimalLatitude": 38.928175, "decimalLongitude": -121.585717, "eventDate": "2024-11-28T09:27:48Z", "countryCode": "US" }, "geometry": { "type": "Point", "coordinates": [ -121.585717, 38.928175 ] } },
{ "type": "Feature", "properties": { "decimalLatitude": 38.506839, "decimalLongitude": -122.097471, "eventDate": "2024-11-22T11:39:02Z", "countryCode": "US" }, "geometry": { "type": "Point", "coordinates": [ -122.097471, 38.506839 ] } },
{ "type": "Feature", "properties": { "decimalLatitude": 38.513888, "decimalLongitude": -122.358667, "eventDate": "2024-11-25T12:51:08Z", "countryCode": "US" }, "geometry": { "type": "Point", "coordinates": [ -122.358667, 38.513888 ] } },
{ "type": "Feature", "properties": { "decimalLatitude": 38.514678, "decimalLongitude": -122.067828, "eventDate": "2024-11-12T12:36:32Z", "countryCode": "US" }, "geometry": { "type": "Point", "coordinates": [ -122.067828, 38.514678 ] } },
{ "type": "Feature", "properties": { "decimalLatitude": 38.913116, "decimalLongitude": -121.030416, "eventDate": "2024-11-09T10:00:00Z", "countryCode": "US" }, "geometry": { "type": "Point", "coordinates": [ -121.030416, 38.913116 ] } },
{ "type": "Feature", "properties": { "decimalLatitude": 40.673539, "decimalLongitude": -122.347794, "eventDate": "2024-11-03T09:11:00Z", "countryCode": "US" }, "geometry": { "type": "Point", "coordinates": [ -122.347794, 40.673539 ] } },
{ "type": "Feature", "properties": { "decimalLatitude": 38.91613, "decimalLongitude": -121.019425, "eventDate": "2024-11-03T11:42:57Z", "countryCode": "US" }, "geometry": { "type": "Point", "coordinates": [ -121.019425, 38.91613 ] } },
{ "type": "Feature", "properties": { "decimalLatitude": 39.549955, "decimalLongitude": -121.357108, "eventDate": "2024-11-05T13:46:50Z", "countryCode": "US" }, "geometry": { "type": "Point", "coordinates": [ -121.357108, 39.549955 ] } },
{ "type": "Feature", "properties": { "decimalLatitude": 38.520028, "decimalLongitude": -121.96727, "eventDate": "2024-11-03T13:59:37Z", "countryCode": "US" }, "geometry": { "type": "Point", "coordinates": [ -121.96727, 38.520028 ] } },
{ "type": "Feature", "properties": { "decimalLatitude": 38.043583, "decimalLongitude": -122.219063, "eventDate": "2024-11-15T14:16:43Z", "countryCode": "US" }, "geometry": { "type": "Point", "coordinates": [ -122.219063, 38.043583 ] } },
{ "type": "Feature", "properties": { "decimalLatitude": 38.517372, "decimalLongitude": -122.058339, "eventDate": "2024-11-12T13:11:56Z", "countryCode": "US" }, "geometry": { "type": "Point", "coordinates": [ -122.058339, 38.517372 ] } },
{ "type": "Feature", "properties": { "decimalLatitude": 37.108529, "decimalLongitude": -119.58538, "eventDate": "2024-11-29T10:10:08Z", "countryCode": "US" }, "geometry": { "type": "Point", "coordinates": [ -119.58538, 37.108529 ] } },
{ "type": "Feature", "properties": { "decimalLatitude": 38.157822, "decimalLongitude": -122.130783, "eventDate": "2024-11-02T11:49:39Z", "countryCode": "US" }, "geometry": { "type": "Point", "coordinates": [ -122.130783, 38.157822 ] } },
{ "type": "Feature", "properties": { "decimalLatitude": 38.812997, "decimalLongitude": -121.108383, "eventDate": "2024-11-07T15:57:56Z", "countryCode": "US" }, "geometry": { "type": "Point", "coordinates": [ -121.108383, 38.812997 ] } },
{ "type": "Feature", "properties": { "decimalLatitude": 38.000667, "decimalLongitude": -122.70907, "eventDate": "2024-12-09T14:02:11Z", "countryCode": "US" }, "geometry": { "type": "Point", "coordinates": [ -122.70907, 38.000667 ] } },
{ "type": "Feature", "properties": { "decimalLatitude": 37.967485, "decimalLongitude": -122.268972, "eventDate": "2024-12-09T14:06:31Z", "countryCode": "US" }, "geometry": { "type": "Point", "coordinates": [ -122.268972, 37.967485 ] } },
{ "type": "Feature", "properties": { "decimalLatitude": 38.771123, "decimalLongitude": -121.139291, "eventDate": "2024-12-16T13:55:38Z", "countryCode": "US" }, "geometry": { "type": "Point", "coordinates": [ -121.139291, 38.771123 ] } },
{ "type": "Feature", "properties": { "decimalLatitude": 38.601662, "decimalLongitude": -121.321367, "eventDate": "2024-12-20T10:27:07Z", "countryCode": "US" }, "geometry": { "type": "Point", "coordinates": [ -121.321367, 38.601662 ] } },
{ "type": "Feature", "properties": { "decimalLatitude": 38.457214, "decimalLongitude": -123.009861, "eventDate": "2024-12-27T10:34:22Z", "countryCode": "US" }, "geometry": { "type": "Point", "coordinates": [ -123.009861, 38.457214 ] } },
{ "type": "Feature", "properties": { "decimalLatitude": 38.574257, "decimalLongitude": -121.349161, "eventDate": "2024-12-06T15:42:19Z", "countryCode": "US" }, "geometry": { "type": "Point", "coordinates": [ -121.349161, 38.574257 ] } },
{ "type": "Feature", "properties": { "decimalLatitude": 38.680433, "decimalLongitude": -121.175856, "eventDate": "2025-01-01T15:45:58Z", "countryCode": "US" }, "geometry": { "type": "Point", "coordinates": [ -121.175856, 38.680433 ] } },
{ "type": "Feature", "properties": { "decimalLatitude": 39.754536, "decimalLongitude": -121.798563, "eventDate": "2025-01-05T12:58:46Z", "countryCode": "US" }, "geometry": { "type": "Point", "coordinates": [ -121.798563, 39.754536 ] } },
{ "type": "Feature", "properties": { "decimalLatitude": 38.794547, "decimalLongitude": -121.109322, "eventDate": "2025-01-13T16:10:54Z", "countryCode": "US" }, "geometry": { "type": "Point", "coordinates": [ -121.109322, 38.794547 ] } },
{ "type": "Feature", "properties": { "decimalLatitude": 38.50515, "decimalLongitude": -122.09793, "eventDate": "2025-01-11T13:02:12Z", "countryCode": "US" }, "geometry": { "type": "Point", "coordinates": [ -122.09793, 38.50515 ] } },
{ "type": "Feature", "properties": { "decimalLatitude": 40.196773, "decimalLongitude": -122.225351, "eventDate": "2025-01-09T13:58:00Z", "countryCode": "US" }, "geometry": { "type": "Point", "coordinates": [ -122.225351, 40.196773 ] } },
{ "type": "Feature", "properties": { "decimalLatitude": 39.774102, "decimalLongitude": -121.762081, "eventDate": "2025-01-12T13:01:09Z", "countryCode": "US" }, "geometry": { "type": "Point", "coordinates": [ -121.762081, 39.774102 ] } },
{ "type": "Feature", "properties": { "decimalLatitude": 38.682456, "decimalLongitude": -121.172667, "eventDate": "2025-01-11T11:04:30Z", "countryCode": "US" }, "geometry": { "type": "Point", "coordinates": [ -121.172667, 38.682456 ] } },
{ "type": "Feature", "properties": { "decimalLatitude": 38.496725, "decimalLongitude": -122.097482, "eventDate": "2025-01-14T10:10:24Z", "countryCode": "US" }, "geometry": { "type": "Point", "coordinates": [ -122.097482, 38.496725 ] } },
{ "type": "Feature", "properties": { "decimalLatitude": 38.040079, "decimalLongitude": -122.216849, "eventDate": "2025-01-14T14:47:44Z", "countryCode": "US" }, "geometry": { "type": "Point", "coordinates": [ -122.216849, 38.040079 ] } },
{ "type": "Feature", "properties": { "decimalLatitude": 39.729653, "decimalLongitude": -121.847014, "eventDate": "2025-01-13T17:42:00Z", "countryCode": "US" }, "geometry": { "type": "Point", "coordinates": [ -121.847014, 39.729653 ] } },
{ "type": "Feature", "properties": { "decimalLatitude": 40.129364, "decimalLongitude": -122.135643, "eventDate": "2025-01-19T16:03:18Z", "countryCode": "US" }, "geometry": { "type": "Point", "coordinates": [ -122.135643, 40.129364 ] } },
{ "type": "Feature", "properties": { "decimalLatitude": 38.574803, "decimalLongitude": -121.350778, "eventDate": "2025-01-18T14:55:13Z", "countryCode": "US" }, "geometry": { "type": "Point", "coordinates": [ -121.350778, 38.574803 ] } },
{ "type": "Feature", "properties": { "decimalLatitude": 38.799839, "decimalLongitude": -121.120553, "eventDate": "2025-01-19T15:35:09Z", "countryCode": "US" }, "geometry": { "type": "Point", "coordinates": [ -121.120553, 38.799839 ] } },
{ "type": "Feature", "properties": { "decimalLatitude": 38.512922, "decimalLongitude": -122.100331, "eventDate": "2025-01-18T10:11:55Z", "countryCode": "US" }, "geometry": { "type": "Point", "coordinates": [ -122.100331, 38.512922 ] } },
{ "type": "Feature", "properties": { "decimalLatitude": 39.766362, "decimalLongitude": -121.780753, "eventDate": "2025-01-20T16:35:43Z", "countryCode": "US" }, "geometry": { "type": "Point", "coordinates": [ -121.780753, 39.766362 ] } },
{ "type": "Feature", "properties": { "decimalLatitude": 38.705989, "decimalLongitude": -121.83346, "eventDate": "2025-01-22T10:51:40Z", "countryCode": "US" }, "geometry": { "type": "Point", "coordinates": [ -121.83346, 38.705989 ] } },
{ "type": "Feature", "properties": { "decimalLatitude": 38.65555, "decimalLongitude": -121.198178, "eventDate": "2025-01-22T16:27:09Z", "countryCode": "US" }, "geometry": { "type": "Point", "coordinates": [ -121.198178, 38.65555 ] } },
{ "type": "Feature", "properties": { "decimalLatitude": 37.910488, "decimalLongitude": -122.142128, "eventDate": "2025-01-23T15:59:14Z", "countryCode": "US" }, "geometry": { "type": "Point", "coordinates": [ -122.142128, 37.910488 ] } },
{ "type": "Feature", "properties": { "decimalLatitude": 38.50515, "decimalLongitude": -122.097947, "eventDate": "2025-01-23T13:17:10Z", "countryCode": "US" }, "geometry": { "type": "Point", "coordinates": [ -122.097947, 38.50515 ] } },
{ "type": "Feature", "properties": { "decimalLatitude": 38.831111, "decimalLongitude": -121.090847, "eventDate": "2025-01-25T17:11:33Z", "countryCode": "US" }, "geometry": { "type": "Point", "coordinates": [ -121.090847, 38.831111 ] } },
{ "type": "Feature", "properties": { "decimalLatitude": 40.383822, "decimalLongitude": -122.183847, "eventDate": "2025-01-24T13:19:52Z", "countryCode": "US" }, "geometry": { "type": "Point", "coordinates": [ -122.183847, 40.383822 ] } },
{ "type": "Feature", "properties": { "decimalLatitude": 38.068145, "decimalLongitude": -122.807, "eventDate": "2025-01-25T14:41:55Z", "countryCode": "US" }, "geometry": { "type": "Point", "coordinates": [ -122.807, 38.068145 ] } },
{ "type": "Feature", "properties": { "decimalLatitude": 37.967487, "decimalLongitude": -122.268953, "eventDate": "2025-01-26T08:58:14Z", "countryCode": "US" }, "geometry": { "type": "Point", "coordinates": [ -122.268953, 37.967487 ] } },
{ "type": "Feature", "properties": { "decimalLatitude": 38.683431, "decimalLongitude": -121.171408, "eventDate": "2025-01-27T11:11:19Z", "countryCode": "US" }, "geometry": { "type": "Point", "coordinates": [ -121.171408, 38.683431 ] } },
{ "type": "Feature", "properties": { "decimalLatitude": 39.108186, "decimalLongitude": -121.337988, "eventDate": "2025-01-29T11:18:34Z", "countryCode": "US" }, "geometry": { "type": "Point", "coordinates": [ -121.337988, 39.108186 ] } },
{ "type": "Feature", "properties": { "decimalLatitude": 38.836088, "decimalLongitude": -121.086814, "eventDate": "2025-01-28T16:42:01Z", "countryCode": "US" }, "geometry": { "type": "Point", "coordinates": [ -121.086814, 38.836088 ] } },
{ "type": "Feature", "properties": { "decimalLatitude": 38.836033, "decimalLongitude": -121.083694, "eventDate": "2025-01-28T16:50:22Z", "countryCode": "US" }, "geometry": { "type": "Point", "coordinates": [ -121.083694, 38.836033 ] } },
{ "type": "Feature", "properties": { "decimalLatitude": 39.770143, "decimalLongitude": -121.76811, "eventDate": "2025-01-15T13:55:03Z", "countryCode": "US" }, "geometry": { "type": "Point", "coordinates": [ -121.76811, 39.770143 ] } },
{ "type": "Feature", "properties": { "decimalLatitude": 37.767211, "decimalLongitude": -122.470231, "eventDate": "2025-01-29T09:53:00Z", "countryCode": "US" }, "geometry": { "type": "Point", "coordinates": [ -122.470231, 37.767211 ] } },
{ "type": "Feature", "properties": { "decimalLatitude": 39.243325, "decimalLongitude": -121.808975, "eventDate": "2025-01-22T12:33:50Z", "countryCode": "US" }, "geometry": { "type": "Point", "coordinates": [ -121.808975, 39.243325 ] } },
{ "type": "Feature", "properties": { "decimalLatitude": 37.978345, "decimalLongitude": -122.614967, "eventDate": "2025-02-02T15:16:19Z", "countryCode": "US" }, "geometry": { "type": "Point", "coordinates": [ -122.614967, 37.978345 ] } },
{ "type": "Feature", "properties": { "decimalLatitude": 38.911952, "decimalLongitude": -121.040787, "eventDate": "2025-02-02T11:51:00Z", "countryCode": "US" }, "geometry": { "type": "Point", "coordinates": [ -121.040787, 38.911952 ] } },
{ "type": "Feature", "properties": { "decimalLatitude": 38.630091, "decimalLongitude": -121.276737, "eventDate": "2025-02-02T12:18:51Z", "countryCode": "US" }, "geometry": { "type": "Point", "coordinates": [ -121.276737, 38.630091 ] } },
{ "type": "Feature", "properties": { "decimalLatitude": 37.978362, "decimalLongitude": -122.61496, "eventDate": "2025-02-02T15:12:41Z", "countryCode": "US" }, "geometry": { "type": "Point", "coordinates": [ -122.61496, 37.978362 ] } },
{ "type": "Feature", "properties": { "decimalLatitude": 38.681683, "decimalLongitude": -121.174711, "eventDate": "2025-02-02T11:26:36Z", "countryCode": "US" }, "geometry": { "type": "Point", "coordinates": [ -121.174711, 38.681683 ] } },
{ "type": "Feature", "properties": { "decimalLatitude": 38.477315, "decimalLongitude": -122.141958, "eventDate": "2025-02-05T11:24:48Z", "countryCode": "US" }, "geometry": { "type": "Point", "coordinates": [ -122.141958, 38.477315 ] } },
{ "type": "Feature", "properties": { "decimalLatitude": 38.477431, "decimalLongitude": -122.142074, "eventDate": "2025-02-05T11:13:56Z", "countryCode": "US" }, "geometry": { "type": "Point", "coordinates": [ -122.142074, 38.477431 ] } },
{ "type": "Feature", "properties": { "decimalLatitude": 38.654953, "decimalLongitude": -121.205649, "eventDate": "2025-02-07T08:37:13Z", "countryCode": "US" }, "geometry": { "type": "Point", "coordinates": [ -121.205649, 38.654953 ] } },
{ "type": "Feature", "properties": { "decimalLatitude": 38.650732, "decimalLongitude": -121.199178, "eventDate": "2025-02-08T12:42:00Z", "countryCode": "US" }, "geometry": { "type": "Point", "coordinates": [ -121.199178, 38.650732 ] } },
{ "type": "Feature", "properties": { "decimalLatitude": 37.967205, "decimalLongitude": -122.309958, "eventDate": "2025-02-09T16:21:21Z", "countryCode": "US" }, "geometry": { "type": "Point", "coordinates": [ -122.309958, 37.967205 ] } },
{ "type": "Feature", "properties": { "decimalLatitude": 38.780892, "decimalLongitude": -121.035139, "eventDate": "2025-02-08T17:32:46Z", "countryCode": "US" }, "geometry": { "type": "Point", "coordinates": [ -121.035139, 38.780892 ] } },
{ "type": "Feature", "properties": { "decimalLatitude": 40.563023, "decimalLongitude": -122.406259, "eventDate": "2025-02-09T11:22:13Z", "countryCode": "US" }, "geometry": { "type": "Point", "coordinates": [ -122.406259, 40.563023 ] } },
{ "type": "Feature", "properties": { "decimalLatitude": 38.457393, "decimalLongitude": -122.751475, "eventDate": "2025-02-09T16:51:00Z", "countryCode": "US" }, "geometry": { "type": "Point", "coordinates": [ -122.751475, 38.457393 ] } },
{ "type": "Feature", "properties": { "decimalLatitude": 38.491192, "decimalLongitude": -122.024296, "eventDate": "2025-02-10T00:00:00Z", "countryCode": "US" }, "geometry": { "type": "Point", "coordinates": [ -122.024296, 38.491192 ] } },
{ "type": "Feature", "properties": { "decimalLatitude": 38.0518, "decimalLongitude": -122.759864, "eventDate": "2025-02-08T16:32:00Z", "countryCode": "US" }, "geometry": { "type": "Point", "coordinates": [ -122.759864, 38.0518 ] } },
{ "type": "Feature", "properties": { "decimalLatitude": 38.0517, "decimalLongitude": -122.759842, "eventDate": "2025-02-08T15:31:00Z", "countryCode": "US" }, "geometry": { "type": "Point", "coordinates": [ -122.759842, 38.0517 ] } },
{ "type": "Feature", "properties": { "decimalLatitude": 40.559494, "decimalLongitude": -122.34099, "eventDate": "2025-02-13T17:25:00Z", "countryCode": "US" }, "geometry": { "type": "Point", "coordinates": [ -122.34099, 40.559494 ] } },
{ "type": "Feature", "properties": { "decimalLatitude": 38.655556, "decimalLongitude": -121.198208, "eventDate": "2025-02-14T16:20:10Z", "countryCode": "US" }, "geometry": { "type": "Point", "coordinates": [ -121.198208, 38.655556 ] } },
{ "type": "Feature", "properties": { "decimalLatitude": 38.509987, "decimalLongitude": -122.096911, "eventDate": "2025-02-12T12:56:00Z", "countryCode": "US" }, "geometry": { "type": "Point", "coordinates": [ -122.096911, 38.509987 ] } },
{ "type": "Feature", "properties": { "decimalLatitude": 38.503005, "decimalLongitude": -122.099255, "eventDate": "2025-02-12T14:20:00Z", "countryCode": "US" }, "geometry": { "type": "Point", "coordinates": [ -122.099255, 38.503005 ] } },
{ "type": "Feature", "properties": { "decimalLatitude": 38.505937, "decimalLongitude": -122.09736, "eventDate": "2025-02-12T13:54:00Z", "countryCode": "US" }, "geometry": { "type": "Point", "coordinates": [ -122.09736, 38.505937 ] } },
{ "type": "Feature", "properties": { "decimalLatitude": 40.559463, "decimalLongitude": -122.341155, "eventDate": "2025-02-13T17:30:00Z", "countryCode": "US" }, "geometry": { "type": "Point", "coordinates": [ -122.341155, 40.559463 ] } },
{ "type": "Feature", "properties": { "decimalLatitude": 40.55942, "decimalLongitude": -122.341003, "eventDate": "2025-02-13T17:29:00Z", "countryCode": "US" }, "geometry": { "type": "Point", "coordinates": [ -122.341003, 40.55942 ] } },
{ "type": "Feature", "properties": { "decimalLatitude": 38.560875, "decimalLongitude": -121.408247, "eventDate": "2025-02-14T14:20:16Z", "countryCode": "US" }, "geometry": { "type": "Point", "coordinates": [ -121.408247, 38.560875 ] } },
{ "type": "Feature", "properties": { "decimalLatitude": 38.507297, "decimalLongitude": -122.096923, "eventDate": "2025-02-12T15:00:00Z", "countryCode": "US" }, "geometry": { "type": "Point", "coordinates": [ -122.096923, 38.507297 ] } },
{ "type": "Feature", "properties": { "decimalLatitude": 38.413145, "decimalLongitude": -122.956588, "eventDate": "2025-02-14T14:14:23Z", "countryCode": "US" }, "geometry": { "type": "Point", "coordinates": [ -122.956588, 38.413145 ] } },
{ "type": "Feature", "properties": { "decimalLatitude": 38.62815, "decimalLongitude": -121.272652, "eventDate": "2025-02-15T00:00:00Z", "countryCode": "US" }, "geometry": { "type": "Point", "coordinates": [ -121.272652, 38.62815 ] } },
{ "type": "Feature", "properties": { "decimalLatitude": 38.661735, "decimalLongitude": -121.188054, "eventDate": "2025-02-14T00:00:00Z", "countryCode": "US" }, "geometry": { "type": "Point", "coordinates": [ -121.188054, 38.661735 ] } },
{ "type": "Feature", "properties": { "decimalLatitude": 40.592878, "decimalLongitude": -122.380197, "eventDate": "2025-02-17T16:50:57Z", "countryCode": "US" }, "geometry": { "type": "Point", "coordinates": [ -122.380197, 40.592878 ] } },
{ "type": "Feature", "properties": { "decimalLatitude": 38.038618, "decimalLongitude": -122.21494, "eventDate": "2025-02-18T10:49:46Z", "countryCode": "US" }, "geometry": { "type": "Point", "coordinates": [ -122.21494, 38.038618 ] } },
{ "type": "Feature", "properties": { "decimalLatitude": 40.589949, "decimalLongitude": -122.378344, "eventDate": "2025-02-17T15:52:40Z", "countryCode": "US" }, "geometry": { "type": "Point", "coordinates": [ -122.378344, 40.589949 ] } },
{ "type": "Feature", "properties": { "decimalLatitude": 40.593556, "decimalLongitude": -122.378186, "eventDate": "2025-02-17T16:45:35Z", "countryCode": "US" }, "geometry": { "type": "Point", "coordinates": [ -122.378186, 40.593556 ] } },
{ "type": "Feature", "properties": { "decimalLatitude": 38.818056, "decimalLongitude": -121.110178, "eventDate": "2025-02-15T16:24:30Z", "countryCode": "US" }, "geometry": { "type": "Point", "coordinates": [ -121.110178, 38.818056 ] } },
{ "type": "Feature", "properties": { "decimalLatitude": 37.994536, "decimalLongitude": -122.199889, "eventDate": "2025-02-15T13:51:43Z", "countryCode": "US" }, "geometry": { "type": "Point", "coordinates": [ -122.199889, 37.994536 ] } },
{ "type": "Feature", "properties": { "decimalLatitude": 37.768205, "decimalLongitude": -122.470521, "eventDate": "2025-02-16T14:56:57Z", "countryCode": "US" }, "geometry": { "type": "Point", "coordinates": [ -122.470521, 37.768205 ] } },
{ "type": "Feature", "properties": { "decimalLatitude": 38.539883, "decimalLongitude": -121.745419, "eventDate": "2025-02-17T08:00:00Z", "countryCode": "US" }, "geometry": { "type": "Point", "coordinates": [ -121.745419, 38.539883 ] } },
{ "type": "Feature", "properties": { "decimalLatitude": 37.973417, "decimalLongitude": -122.264787, "eventDate": "2025-02-18T16:21:30Z", "countryCode": "US" }, "geometry": { "type": "Point", "coordinates": [ -122.264787, 37.973417 ] } },
{ "type": "Feature", "properties": { "decimalLatitude": 38.508153, "decimalLongitude": -122.09823, "eventDate": "2025-02-19T09:28:55Z", "countryCode": "US" }, "geometry": { "type": "Point", "coordinates": [ -122.09823, 38.508153 ] } },
{ "type": "Feature", "properties": { "decimalLatitude": 38.63295, "decimalLongitude": -121.225022, "eventDate": "2025-02-21T17:44:20Z", "countryCode": "US" }, "geometry": { "type": "Point", "coordinates": [ -121.225022, 38.63295 ] } },
{ "type": "Feature", "properties": { "decimalLatitude": 37.978363, "decimalLongitude": -122.614953, "eventDate": "2025-02-17T11:08:35Z", "countryCode": "US" }, "geometry": { "type": "Point", "coordinates": [ -122.614953, 37.978363 ] } },
{ "type": "Feature", "properties": { "decimalLatitude": 38.632667, "decimalLongitude": -121.269438, "eventDate": "2025-02-22T08:36:14Z", "countryCode": "US" }, "geometry": { "type": "Point", "coordinates": [ -121.269438, 38.632667 ] } },
{ "type": "Feature", "properties": { "decimalLatitude": 40.559272, "decimalLongitude": -122.341272, "eventDate": "2025-02-16T18:24:04Z", "countryCode": "US" }, "geometry": { "type": "Point", "coordinates": [ -122.341272, 40.559272 ] } },
{ "type": "Feature", "properties": { "decimalLatitude": 38.452228, "decimalLongitude": -122.574159, "eventDate": "2025-02-22T16:03:24Z", "countryCode": "US" }, "geometry": { "type": "Point", "coordinates": [ -122.574159, 38.452228 ] } },
{ "type": "Feature", "properties": { "decimalLatitude": 37.863997, "decimalLongitude": -122.435853, "eventDate": "2025-02-22T11:34:40Z", "countryCode": "US" }, "geometry": { "type": "Point", "coordinates": [ -122.435853, 37.863997 ] } },
{ "type": "Feature", "properties": { "decimalLatitude": 38.882008, "decimalLongitude": -121.166275, "eventDate": "2025-02-22T14:54:44Z", "countryCode": "US" }, "geometry": { "type": "Point", "coordinates": [ -121.166275, 38.882008 ] } },
{ "type": "Feature", "properties": { "decimalLatitude": 38.354271, "decimalLongitude": -122.524117, "eventDate": "2025-02-24T11:33:43Z", "countryCode": "US" }, "geometry": { "type": "Point", "coordinates": [ -122.524117, 38.354271 ] } },
{ "type": "Feature", "properties": { "decimalLatitude": 38.47913, "decimalLongitude": -122.991608, "eventDate": "2025-02-23T11:31:58Z", "countryCode": "US" }, "geometry": { "type": "Point", "coordinates": [ -122.991608, 38.47913 ] } },
{ "type": "Feature", "properties": { "decimalLatitude": 40.559457, "decimalLongitude": -122.341223, "eventDate": "2025-02-23T12:07:00Z", "countryCode": "US" }, "geometry": { "type": "Point", "coordinates": [ -122.341223, 40.559457 ] } },
{ "type": "Feature", "properties": { "decimalLatitude": 38.356178, "decimalLongitude": -122.522194, "eventDate": "2025-02-23T13:15:41Z", "countryCode": "US" }, "geometry": { "type": "Point", "coordinates": [ -122.522194, 38.356178 ] } },
{ "type": "Feature", "properties": { "decimalLatitude": 38.506494, "decimalLongitude": -122.097527, "eventDate": "2025-02-23T12:36:31Z", "countryCode": "US" }, "geometry": { "type": "Point", "coordinates": [ -122.097527, 38.506494 ] } },
{ "type": "Feature", "properties": { "decimalLatitude": 38.536433, "decimalLongitude": -121.74813, "eventDate": "2025-02-24T13:21:09Z", "countryCode": "US" }, "geometry": { "type": "Point", "coordinates": [ -121.74813, 38.536433 ] } },
{ "type": "Feature", "properties": { "decimalLatitude": 40.559547, "decimalLongitude": -122.341459, "eventDate": "2025-02-23T12:19:00Z", "countryCode": "US" }, "geometry": { "type": "Point", "coordinates": [ -122.341459, 40.559547 ] } },
{ "type": "Feature", "properties": { "decimalLatitude": 40.559392, "decimalLongitude": -122.341566, "eventDate": "2025-02-23T12:22:00Z", "countryCode": "US" }, "geometry": { "type": "Point", "coordinates": [ -122.341566, 40.559392 ] } },
{ "type": "Feature", "properties": { "decimalLatitude": 38.726042, "decimalLongitude": -121.398834, "eventDate": "2025-02-24T14:22:39Z", "countryCode": "US" }, "geometry": { "type": "Point", "coordinates": [ -121.398834, 38.726042 ] } },
{ "type": "Feature", "properties": { "decimalLatitude": 38.507669, "decimalLongitude": -122.09755, "eventDate": "2025-02-23T11:48:00Z", "countryCode": "US" }, "geometry": { "type": "Point", "coordinates": [ -122.09755, 38.507669 ] } },
{ "type": "Feature", "properties": { "decimalLatitude": 38.018844, "decimalLongitude": -122.730122, "eventDate": "2025-02-25T12:32:11Z", "countryCode": "US" }, "geometry": { "type": "Point", "coordinates": [ -122.730122, 38.018844 ] } },
{ "type": "Feature", "properties": { "decimalLatitude": 38.650055, "decimalLongitude": -121.189372, "eventDate": "2025-02-25T14:48:30Z", "countryCode": "US" }, "geometry": { "type": "Point", "coordinates": [ -121.189372, 38.650055 ] } },
{ "type": "Feature", "properties": { "decimalLatitude": 37.981471, "decimalLongitude": -122.571238, "eventDate": "2025-02-24T15:00:17Z", "countryCode": "US" }, "geometry": { "type": "Point", "coordinates": [ -122.571238, 37.981471 ] } },
{ "type": "Feature", "properties": { "decimalLatitude": 40.628304, "decimalLongitude": -122.307335, "eventDate": "2025-02-26T10:31:54Z", "countryCode": "US" }, "geometry": { "type": "Point", "coordinates": [ -122.307335, 40.628304 ] } },
{ "type": "Feature", "properties": { "decimalLatitude": 38.62213, "decimalLongitude": -121.299125, "eventDate": "2025-02-25T16:57:49Z", "countryCode": "US" }, "geometry": { "type": "Point", "coordinates": [ -121.299125, 38.62213 ] } },
{ "type": "Feature", "properties": { "decimalLatitude": 38.617737, "decimalLongitude": -121.298095, "eventDate": "2025-02-25T13:38:15Z", "countryCode": "US" }, "geometry": { "type": "Point", "coordinates": [ -121.298095, 38.617737 ] } },
{ "type": "Feature", "properties": { "decimalLatitude": 38.661295, "decimalLongitude": -121.191737, "eventDate": "2025-02-27T14:10:56Z", "countryCode": "US" }, "geometry": { "type": "Point", "coordinates": [ -121.191737, 38.661295 ] } },
{ "type": "Feature", "properties": { "decimalLatitude": 38.768944, "decimalLongitude": -121.053314, "eventDate": "2025-02-25T16:22:52Z", "countryCode": "US" }, "geometry": { "type": "Point", "coordinates": [ -121.053314, 38.768944 ] } },
{ "type": "Feature", "properties": { "decimalLatitude": 37.901244, "decimalLongitude": -122.633225, "eventDate": "2025-02-12T16:53:00Z", "countryCode": "US" }, "geometry": { "type": "Point", "coordinates": [ -122.633225, 37.901244 ] } },
{ "type": "Feature", "properties": { "decimalLatitude": 38.339413, "decimalLongitude": -122.003106, "eventDate": "2025-02-27T11:32:24Z", "countryCode": "US" }, "geometry": { "type": "Point", "coordinates": [ -122.003106, 38.339413 ] } },
{ "type": "Feature", "properties": { "decimalLatitude": 38.547997, "decimalLongitude": -122.528, "eventDate": "2025-02-28T16:06:03Z", "countryCode": "US" }, "geometry": { "type": "Point", "coordinates": [ -122.528, 38.547997 ] } },
{ "type": "Feature", "properties": { "decimalLatitude": 38.694192, "decimalLongitude": -121.185538, "eventDate": "2025-02-27T16:16:21Z", "countryCode": "US" }, "geometry": { "type": "Point", "coordinates": [ -121.185538, 38.694192 ] } },
{ "type": "Feature", "properties": { "decimalLatitude": 38.477397, "decimalLongitude": -122.141681, "eventDate": "2025-02-26T11:25:16Z", "countryCode": "US" }, "geometry": { "type": "Point", "coordinates": [ -122.141681, 38.477397 ] } },
{ "type": "Feature", "properties": { "decimalLatitude": 40.624989, "decimalLongitude": -122.305253, "eventDate": "2025-02-25T12:56:00Z", "countryCode": "US" }, "geometry": { "type": "Point", "coordinates": [ -122.305253, 40.624989 ] } },
{ "type": "Feature", "properties": { "decimalLatitude": 38.523788, "decimalLongitude": -122.579401, "eventDate": "2025-02-27T14:59:18Z", "countryCode": "US" }, "geometry": { "type": "Point", "coordinates": [ -122.579401, 38.523788 ] } },
{ "type": "Feature", "properties": { "decimalLatitude": 37.998842, "decimalLongitude": -122.707817, "eventDate": "2025-02-27T15:10:05Z", "countryCode": "US" }, "geometry": { "type": "Point", "coordinates": [ -122.707817, 37.998842 ] } },
{ "type": "Feature", "properties": { "decimalLatitude": 38.639059, "decimalLongitude": -121.220499, "eventDate": "2025-02-28T16:37:32Z", "countryCode": "US" }, "geometry": { "type": "Point", "coordinates": [ -121.220499, 38.639059 ] } },
{ "type": "Feature", "properties": { "decimalLatitude": 38.774158, "decimalLongitude": -121.034003, "eventDate": "2025-02-25T14:50:19Z", "countryCode": "US" }, "geometry": { "type": "Point", "coordinates": [ -121.034003, 38.774158 ] } },
{ "type": "Feature", "properties": { "decimalLatitude": 38.661295, "decimalLongitude": -121.191722, "eventDate": "2025-02-27T14:11:00Z", "countryCode": "US" }, "geometry": { "type": "Point", "coordinates": [ -121.191722, 38.661295 ] } },
{ "type": "Feature", "properties": { "decimalLatitude": 39.766107, "decimalLongitude": -121.78157, "eventDate": "2025-02-26T21:46:49Z", "countryCode": "US" }, "geometry": { "type": "Point", "coordinates": [ -121.78157, 39.766107 ] } },
{ "type": "Feature", "properties": { "decimalLatitude": 38.536089, "decimalLongitude": -121.730884, "eventDate": "2025-02-23T14:05:15Z", "countryCode": "US" }, "geometry": { "type": "Point", "coordinates": [ -121.730884, 38.536089 ] } },
{ "type": "Feature", "properties": { "decimalLatitude": 38.789842, "decimalLongitude": -121.123306, "eventDate": "2025-02-28T17:13:57Z", "countryCode": "US" }, "geometry": { "type": "Point", "coordinates": [ -121.123306, 38.789842 ] } },
{ "type": "Feature", "properties": { "decimalLatitude": 38.504912, "decimalLongitude": -122.094267, "eventDate": "2025-02-23T13:53:01Z", "countryCode": "US" }, "geometry": { "type": "Point", "coordinates": [ -122.094267, 38.504912 ] } },
{ "type": "Feature", "properties": { "decimalLatitude": 39.716769, "decimalLongitude": -121.720139, "eventDate": "2025-02-28T08:53:00Z", "countryCode": "US" }, "geometry": { "type": "Point", "coordinates": [ -121.720139, 39.716769 ] } },
{ "type": "Feature", "properties": { "decimalLatitude": 38.441325, "decimalLongitude": -122.525847, "eventDate": "2025-02-28T11:08:00Z", "countryCode": "US" }, "geometry": { "type": "Point", "coordinates": [ -122.525847, 38.441325 ] } },
{ "type": "Feature", "properties": { "decimalLatitude": 38.630543, "decimalLongitude": -121.272507, "eventDate": "2025-02-28T15:05:00Z", "countryCode": "US" }, "geometry": { "type": "Point", "coordinates": [ -121.272507, 38.630543 ] } },
{ "type": "Feature", "properties": { "decimalLatitude": 38.650447, "decimalLongitude": -121.189362, "eventDate": "2025-02-26T09:26:09Z", "countryCode": "US" }, "geometry": { "type": "Point", "coordinates": [ -121.189362, 38.650447 ] } },
{ "type": "Feature", "properties": { "decimalLatitude": 38.621366, "decimalLongitude": -121.288948, "eventDate": "2025-02-09T12:25:00Z", "countryCode": "US" }, "geometry": { "type": "Point", "coordinates": [ -121.288948, 38.621366 ] } },
{ "type": "Feature", "properties": { "decimalLatitude": 38.657625, "decimalLongitude": -121.189867, "eventDate": "2025-02-26T12:33:00Z", "countryCode": "US" }, "geometry": { "type": "Point", "coordinates": [ -121.189867, 38.657625 ] } },
{ "type": "Feature", "properties": { "decimalLatitude": 38.655406, "decimalLongitude": -121.20673, "eventDate": "2025-02-24T16:29:39Z", "countryCode": "US" }, "geometry": { "type": "Point", "coordinates": [ -121.20673, 38.655406 ] } },
{ "type": "Feature", "properties": { "decimalLatitude": 38.493032, "decimalLongitude": -122.029757, "eventDate": "2025-02-16T10:12:00Z", "countryCode": "US" }, "geometry": { "type": "Point", "coordinates": [ -122.029757, 38.493032 ] } },
{ "type": "Feature", "properties": { "decimalLatitude": 38.621486, "decimalLongitude": -121.289178, "eventDate": "2025-02-09T12:41:00Z", "countryCode": "US" }, "geometry": { "type": "Point", "coordinates": [ -121.289178, 38.621486 ] } },
{ "type": "Feature", "properties": { "decimalLatitude": 38.822503, "decimalLongitude": -120.95978, "eventDate": "2025-02-25T14:28:06Z", "countryCode": "US" }, "geometry": { "type": "Point", "coordinates": [ -120.95978, 38.822503 ] } },
{ "type": "Feature", "properties": { "decimalLatitude": 39.297613, "decimalLongitude": -121.207353, "eventDate": "2025-02-17T10:07:28Z", "countryCode": "US" }, "geometry": { "type": "Point", "coordinates": [ -121.207353, 39.297613 ] } },
{ "type": "Feature", "properties": { "decimalLatitude": 38.496484, "decimalLongitude": -122.102005, "eventDate": "2025-02-11T11:44:23Z", "countryCode": "US" }, "geometry": { "type": "Point", "coordinates": [ -122.102005, 38.496484 ] } },
{ "type": "Feature", "properties": { "decimalLatitude": 40.557463, "decimalLongitude": -122.415305, "eventDate": "2025-03-01T09:43:06Z", "countryCode": "US" }, "geometry": { "type": "Point", "coordinates": [ -122.415305, 40.557463 ] } },
{ "type": "Feature", "properties": { "decimalLatitude": 37.843804, "decimalLongitude": -122.05699, "eventDate": "2025-03-01T15:00:44Z", "countryCode": "US" }, "geometry": { "type": "Point", "coordinates": [ -122.05699, 37.843804 ] } },
{ "type": "Feature", "properties": { "decimalLatitude": 38.50247, "decimalLongitude": -122.099419, "eventDate": "2025-03-01T14:21:15Z", "countryCode": "US" }, "geometry": { "type": "Point", "coordinates": [ -122.099419, 38.50247 ] } },
{ "type": "Feature", "properties": { "decimalLatitude": 38.314638, "decimalLongitude": -122.480612, "eventDate": "2025-03-01T14:52:56Z", "countryCode": "US" }, "geometry": { "type": "Point", "coordinates": [ -122.480612, 38.314638 ] } },
{ "type": "Feature", "properties": { "decimalLatitude": 38.639117, "decimalLongitude": -121.220675, "eventDate": "2025-03-01T16:03:19Z", "countryCode": "US" }, "geometry": { "type": "Point", "coordinates": [ -121.220675, 38.639117 ] } },
{ "type": "Feature", "properties": { "decimalLatitude": 40.560733, "decimalLongitude": -122.427078, "eventDate": "2025-03-01T11:39:48Z", "countryCode": "US" }, "geometry": { "type": "Point", "coordinates": [ -122.427078, 40.560733 ] } },
{ "type": "Feature", "properties": { "decimalLatitude": 38.580338, "decimalLongitude": -121.339737, "eventDate": "2025-03-01T11:41:49Z", "countryCode": "US" }, "geometry": { "type": "Point", "coordinates": [ -121.339737, 38.580338 ] } },
{ "type": "Feature", "properties": { "decimalLatitude": 37.82775, "decimalLongitude": -122.058747, "eventDate": "2025-03-02T16:55:09Z", "countryCode": "US" }, "geometry": { "type": "Point", "coordinates": [ -122.058747, 37.82775 ] } },
{ "type": "Feature", "properties": { "decimalLatitude": 37.673534, "decimalLongitude": -122.402781, "eventDate": "2025-03-01T10:03:00Z", "countryCode": "US" }, "geometry": { "type": "Point", "coordinates": [ -122.402781, 37.673534 ] } },
{ "type": "Feature", "properties": { "decimalLatitude": 38.573277, "decimalLongitude": -121.35084, "eventDate": "2025-03-02T10:38:57Z", "countryCode": "US" }, "geometry": { "type": "Point", "coordinates": [ -121.35084, 38.573277 ] } },
{ "type": "Feature", "properties": { "decimalLatitude": 38.64818, "decimalLongitude": -121.1904, "eventDate": "2025-03-01T16:47:37Z", "countryCode": "US" }, "geometry": { "type": "Point", "coordinates": [ -121.1904, 38.64818 ] } },
{ "type": "Feature", "properties": { "decimalLatitude": 40.791336, "decimalLongitude": -122.310258, "eventDate": "2025-03-01T10:17:00Z", "countryCode": "US" }, "geometry": { "type": "Point", "coordinates": [ -122.310258, 40.791336 ] } },
{ "type": "Feature", "properties": { "decimalLatitude": 39.765842, "decimalLongitude": -121.782463, "eventDate": "2025-03-01T11:22:00Z", "countryCode": "US" }, "geometry": { "type": "Point", "coordinates": [ -121.782463, 39.765842 ] } },
{ "type": "Feature", "properties": { "decimalLatitude": 38.526408, "decimalLongitude": -122.762014, "eventDate": "2025-03-03T14:36:48Z", "countryCode": "US" }, "geometry": { "type": "Point", "coordinates": [ -122.762014, 38.526408 ] } },
{ "type": "Feature", "properties": { "decimalLatitude": 38.49629, "decimalLongitude": -122.901224, "eventDate": "2025-03-03T11:43:29Z", "countryCode": "US" }, "geometry": { "type": "Point", "coordinates": [ -122.901224, 38.49629 ] } },
{ "type": "Feature", "properties": { "decimalLatitude": 40.593872, "decimalLongitude": -122.401494, "eventDate": "2025-03-03T17:16:21Z", "countryCode": "US" }, "geometry": { "type": "Point", "coordinates": [ -122.401494, 40.593872 ] } },
{ "type": "Feature", "properties": { "decimalLatitude": 38.509934, "decimalLongitude": -122.097216, "eventDate": "2025-03-01T10:00:47Z", "countryCode": "US" }, "geometry": { "type": "Point", "coordinates": [ -122.097216, 38.509934 ] } },
{ "type": "Feature", "properties": { "decimalLatitude": 38.509934, "decimalLongitude": -122.097216, "eventDate": "2025-03-01T10:21:43Z", "countryCode": "US" }, "geometry": { "type": "Point", "coordinates": [ -122.097216, 38.509934 ] } },
{ "type": "Feature", "properties": { "decimalLatitude": 38.509934, "decimalLongitude": -122.097216, "eventDate": "2025-03-01T09:52:57Z", "countryCode": "US" }, "geometry": { "type": "Point", "coordinates": [ -122.097216, 38.509934 ] } },
{ "type": "Feature", "properties": { "decimalLatitude": 40.798408, "decimalLongitude": -122.308394, "eventDate": "2025-03-01T11:03:00Z", "countryCode": "US" }, "geometry": { "type": "Point", "coordinates": [ -122.308394, 40.798408 ] } },
{ "type": "Feature", "properties": { "decimalLatitude": 38.601168, "decimalLongitude": -121.326721, "eventDate": "2025-03-04T12:18:59Z", "countryCode": "US" }, "geometry": { "type": "Point", "coordinates": [ -121.326721, 38.601168 ] } },
{ "type": "Feature", "properties": { "decimalLatitude": 39.729467, "decimalLongitude": -121.847317, "eventDate": "2025-03-05T17:15:56Z", "countryCode": "US" }, "geometry": { "type": "Point", "coordinates": [ -121.847317, 39.729467 ] } },
{ "type": "Feature", "properties": { "decimalLatitude": 40.10635, "decimalLongitude": -122.036714, "eventDate": "2025-03-05T14:45:03Z", "countryCode": "US" }, "geometry": { "type": "Point", "coordinates": [ -122.036714, 40.10635 ] } },
{ "type": "Feature", "properties": { "decimalLatitude": 37.967196, "decimalLongitude": -122.269031, "eventDate": "2025-03-05T15:36:00Z", "countryCode": "US" }, "geometry": { "type": "Point", "coordinates": [ -122.269031, 37.967196 ] } },
{ "type": "Feature", "properties": { "decimalLatitude": 38.342566, "decimalLongitude": -122.670953, "eventDate": "2025-03-04T12:21:34Z", "countryCode": "US" }, "geometry": { "type": "Point", "coordinates": [ -122.670953, 38.342566 ] } },
{ "type": "Feature", "properties": { "decimalLatitude": 37.674495, "decimalLongitude": -122.40255, "eventDate": "2025-03-01T12:45:08Z", "countryCode": "US" }, "geometry": { "type": "Point", "coordinates": [ -122.40255, 37.674495 ] } },
{ "type": "Feature", "properties": { "decimalLatitude": 38.576683, "decimalLongitude": -121.349878, "eventDate": "2025-03-07T17:44:02Z", "countryCode": "US" }, "geometry": { "type": "Point", "coordinates": [ -121.349878, 38.576683 ] } },
{ "type": "Feature", "properties": { "decimalLatitude": 37.994561, "decimalLongitude": -122.19983, "eventDate": "2025-03-02T13:48:00Z", "countryCode": "US" }, "geometry": { "type": "Point", "coordinates": [ -122.19983, 37.994561 ] } },
{ "type": "Feature", "properties": { "decimalLatitude": 38.572097, "decimalLongitude": -122.689911, "eventDate": "2025-03-08T13:05:00Z", "countryCode": "US" }, "geometry": { "type": "Point", "coordinates": [ -122.689911, 38.572097 ] } },
{ "type": "Feature", "properties": { "decimalLatitude": 38.632562, "decimalLongitude": -121.228028, "eventDate": "2025-03-06T15:25:23Z", "countryCode": "US" }, "geometry": { "type": "Point", "coordinates": [ -121.228028, 38.632562 ] } },
{ "type": "Feature", "properties": { "decimalLatitude": 37.837117, "decimalLongitude": -122.036019, "eventDate": "2025-03-04T12:06:23Z", "countryCode": "US" }, "geometry": { "type": "Point", "coordinates": [ -122.036019, 37.837117 ] } },
{ "type": "Feature", "properties": { "decimalLatitude": 38.509934, "decimalLongitude": -122.097216, "eventDate": "2025-03-01T09:53:17Z", "countryCode": "US" }, "geometry": { "type": "Point", "coordinates": [ -122.097216, 38.509934 ] } },
{ "type": "Feature", "properties": { "decimalLatitude": 37.994575, "decimalLongitude": -122.199797, "eventDate": "2025-03-04T11:12:11Z", "countryCode": "US" }, "geometry": { "type": "Point", "coordinates": [ -122.199797, 37.994575 ] } },
{ "type": "Feature", "properties": { "decimalLatitude": 37.978312, "decimalLongitude": -122.615005, "eventDate": "2025-03-07T10:27:39Z", "countryCode": "US" }, "geometry": { "type": "Point", "coordinates": [ -122.615005, 37.978312 ] } },
{ "type": "Feature", "properties": { "decimalLatitude": 40.106297, "decimalLongitude": -122.0372, "eventDate": "2025-03-05T14:43:36Z", "countryCode": "US" }, "geometry": { "type": "Point", "coordinates": [ -122.0372, 40.106297 ] } },
{ "type": "Feature", "properties": { "decimalLatitude": 38.766909, "decimalLongitude": -121.143185, "eventDate": "2025-03-08T17:00:13Z", "countryCode": "US" }, "geometry": { "type": "Point", "coordinates": [ -121.143185, 38.766909 ] } },
{ "type": "Feature", "properties": { "decimalLatitude": 39.453427, "decimalLongitude": -121.632608, "eventDate": "2025-03-08T11:12:06Z", "countryCode": "US" }, "geometry": { "type": "Point", "coordinates": [ -121.632608, 39.453427 ] } },
{ "type": "Feature", "properties": { "decimalLatitude": 37.901297, "decimalLongitude": -122.633202, "eventDate": "2025-03-08T11:00:15Z", "countryCode": "US" }, "geometry": { "type": "Point", "coordinates": [ -122.633202, 37.901297 ] } },
{ "type": "Feature", "properties": { "decimalLatitude": 38.509934, "decimalLongitude": -122.097216, "eventDate": "2025-03-01T10:39:02Z", "countryCode": "US" }, "geometry": { "type": "Point", "coordinates": [ -122.097216, 38.509934 ] } },
{ "type": "Feature", "properties": { "decimalLatitude": 37.866612, "decimalLongitude": -122.438187, "eventDate": "2025-03-08T12:51:44Z", "countryCode": "US" }, "geometry": { "type": "Point", "coordinates": [ -122.438187, 37.866612 ] } },
{ "type": "Feature", "properties": { "decimalLatitude": 38.548208, "decimalLongitude": -122.527604, "eventDate": "2025-03-09T15:37:23Z", "countryCode": "US" }, "geometry": { "type": "Point", "coordinates": [ -122.527604, 38.548208 ] } },
{ "type": "Feature", "properties": { "decimalLatitude": 39.29312, "decimalLongitude": -121.188645, "eventDate": "2025-03-10T14:53:42Z", "countryCode": "US" }, "geometry": { "type": "Point", "coordinates": [ -121.188645, 39.29312 ] } },
{ "type": "Feature", "properties": { "decimalLatitude": 37.838642, "decimalLongitude": -122.074211, "eventDate": "2025-03-08T14:43:08Z", "countryCode": "US" }, "geometry": { "type": "Point", "coordinates": [ -122.074211, 37.838642 ] } },
{ "type": "Feature", "properties": { "decimalLatitude": 38.58118, "decimalLongitude": -121.431403, "eventDate": "2025-03-08T16:26:00Z", "countryCode": "US" }, "geometry": { "type": "Point", "coordinates": [ -121.431403, 38.58118 ] } },
{ "type": "Feature", "properties": { "decimalLatitude": 38.714375, "decimalLongitude": -123.454345, "eventDate": "2025-03-13T18:03:30Z", "countryCode": "US" }, "geometry": { "type": "Point", "coordinates": [ -123.454345, 38.714375 ] } },
{ "type": "Feature", "properties": { "decimalLatitude": 40.784217, "decimalLongitude": -122.342163, "eventDate": "2025-03-05T11:13:55Z", "countryCode": "US" }, "geometry": { "type": "Point", "coordinates": [ -122.342163, 40.784217 ] } },
{ "type": "Feature", "properties": { "decimalLatitude": 38.914508, "decimalLongitude": -121.030358, "eventDate": "2025-03-08T12:24:30Z", "countryCode": "US" }, "geometry": { "type": "Point", "coordinates": [ -121.030358, 38.914508 ] } },
{ "type": "Feature", "properties": { "decimalLatitude": 38.43989, "decimalLongitude": -122.732236, "eventDate": "2025-03-08T14:31:48Z", "countryCode": "US" }, "geometry": { "type": "Point", "coordinates": [ -122.732236, 38.43989 ] } },
{ "type": "Feature", "properties": { "decimalLatitude": 40.917456, "decimalLongitude": -122.238313, "eventDate": "2025-03-09T10:26:56Z", "countryCode": "US" }, "geometry": { "type": "Point", "coordinates": [ -122.238313, 40.917456 ] } },
{ "type": "Feature", "properties": { "decimalLatitude": 39.604186, "decimalLongitude": -121.559153, "eventDate": "2025-03-10T14:59:00Z", "countryCode": "US" }, "geometry": { "type": "Point", "coordinates": [ -121.559153, 39.604186 ] } },
{ "type": "Feature", "properties": { "decimalLatitude": 37.838228, "decimalLongitude": -122.073614, "eventDate": "2025-03-08T14:48:32Z", "countryCode": "US" }, "geometry": { "type": "Point", "coordinates": [ -122.073614, 37.838228 ] } },
{ "type": "Feature", "properties": { "decimalLatitude": 37.851316, "decimalLongitude": -122.069659, "eventDate": "2025-03-08T12:36:11Z", "countryCode": "US" }, "geometry": { "type": "Point", "coordinates": [ -122.069659, 37.851316 ] } },
{ "type": "Feature", "properties": { "decimalLatitude": 37.766364, "decimalLongitude": -122.47032, "eventDate": "2025-03-11T14:38:21Z", "countryCode": "US" }, "geometry": { "type": "Point", "coordinates": [ -122.47032, 37.766364 ] } },
{ "type": "Feature", "properties": { "decimalLatitude": 40.314025, "decimalLongitude": -122.148439, "eventDate": "2025-03-08T14:20:59Z", "countryCode": "US" }, "geometry": { "type": "Point", "coordinates": [ -122.148439, 40.314025 ] } },
{ "type": "Feature", "properties": { "decimalLatitude": 38.505014, "decimalLongitude": -122.098011, "eventDate": "2025-03-11T11:03:00Z", "countryCode": "US" }, "geometry": { "type": "Point", "coordinates": [ -122.098011, 38.505014 ] } },
{ "type": "Feature", "properties": { "decimalLatitude": 38.369596, "decimalLongitude": -122.497393, "eventDate": "2025-03-11T12:45:00Z", "countryCode": "US" }, "geometry": { "type": "Point", "coordinates": [ -122.497393, 38.369596 ] } },
{ "type": "Feature", "properties": { "decimalLatitude": 37.766713, "decimalLongitude": -122.46984, "eventDate": "2025-03-11T14:38:59Z", "countryCode": "US" }, "geometry": { "type": "Point", "coordinates": [ -122.46984, 37.766713 ] } },
{ "type": "Feature", "properties": { "decimalLatitude": 38.5078, "decimalLongitude": -122.098739, "eventDate": "2025-03-09T11:30:00Z", "countryCode": "US" }, "geometry": { "type": "Point", "coordinates": [ -122.098739, 38.5078 ] } },
{ "type": "Feature", "properties": { "decimalLatitude": 39.77222, "decimalLongitude": -121.774537, "eventDate": "2025-03-11T18:06:26Z", "countryCode": "US" }, "geometry": { "type": "Point", "coordinates": [ -121.774537, 39.77222 ] } },
{ "type": "Feature", "properties": { "decimalLatitude": 38.890336, "decimalLongitude": -121.061517, "eventDate": "2025-03-08T09:25:00Z", "countryCode": "US" }, "geometry": { "type": "Point", "coordinates": [ -121.061517, 38.890336 ] } },
{ "type": "Feature", "properties": { "decimalLatitude": 38.812819, "decimalLongitude": -122.218251, "eventDate": "2025-03-01T10:30:49Z", "countryCode": "US" }, "geometry": { "type": "Point", "coordinates": [ -122.218251, 38.812819 ] } },
{ "type": "Feature", "properties": { "decimalLatitude": 37.97813, "decimalLongitude": -122.614913, "eventDate": "2025-03-13T09:27:19Z", "countryCode": "US" }, "geometry": { "type": "Point", "coordinates": [ -122.614913, 37.97813 ] } },
{ "type": "Feature", "properties": { "decimalLatitude": 40.52485, "decimalLongitude": -122.23133, "eventDate": "2025-03-09T10:23:09Z", "countryCode": "US" }, "geometry": { "type": "Point", "coordinates": [ -122.23133, 40.52485 ] } },
{ "type": "Feature", "properties": { "decimalLatitude": 38.278884, "decimalLongitude": -122.054243, "eventDate": "2025-03-09T13:40:00Z", "countryCode": "US" }, "geometry": { "type": "Point", "coordinates": [ -122.054243, 38.278884 ] } },
{ "type": "Feature", "properties": { "decimalLatitude": 38.668683, "decimalLongitude": -121.146836, "eventDate": "2025-03-14T15:55:11Z", "countryCode": "US" }, "geometry": { "type": "Point", "coordinates": [ -121.146836, 38.668683 ] } },
{ "type": "Feature", "properties": { "decimalLatitude": 38.617579, "decimalLongitude": -121.307779, "eventDate": "2025-03-11T15:04:40Z", "countryCode": "US" }, "geometry": { "type": "Point", "coordinates": [ -121.307779, 38.617579 ] } },
{ "type": "Feature", "properties": { "decimalLatitude": 39.215653, "decimalLongitude": -121.838167, "eventDate": "2025-03-16T11:36:58Z", "countryCode": "US" }, "geometry": { "type": "Point", "coordinates": [ -121.838167, 39.215653 ] } },
{ "type": "Feature", "properties": { "decimalLatitude": 37.979822, "decimalLongitude": -122.55135, "eventDate": "2025-03-16T11:54:11Z", "countryCode": "US" }, "geometry": { "type": "Point", "coordinates": [ -122.55135, 37.979822 ] } },
{ "type": "Feature", "properties": { "decimalLatitude": 38.512532, "decimalLongitude": -122.101096, "eventDate": "2025-03-09T16:00:00Z", "countryCode": "US" }, "geometry": { "type": "Point", "coordinates": [ -122.101096, 38.512532 ] } },
{ "type": "Feature", "properties": { "decimalLatitude": 40.360808, "decimalLongitude": -122.205364, "eventDate": "2025-03-01T15:51:20Z", "countryCode": "US" }, "geometry": { "type": "Point", "coordinates": [ -122.205364, 40.360808 ] } },
{ "type": "Feature", "properties": { "decimalLatitude": 38.432803, "decimalLongitude": -122.643142, "eventDate": "2025-03-16T13:19:00Z", "countryCode": "US" }, "geometry": { "type": "Point", "coordinates": [ -122.643142, 38.432803 ] } },
{ "type": "Feature", "properties": { "decimalLatitude": 39.729989, "decimalLongitude": -121.846876, "eventDate": "2025-03-17T15:27:50Z", "countryCode": "US" }, "geometry": { "type": "Point", "coordinates": [ -121.846876, 39.729989 ] } },
{ "type": "Feature", "properties": { "decimalLatitude": 38.549223, "decimalLongitude": -122.526192, "eventDate": "2025-03-17T16:53:44Z", "countryCode": "US" }, "geometry": { "type": "Point", "coordinates": [ -122.526192, 38.549223 ] } },
{ "type": "Feature", "properties": { "decimalLatitude": 39.759228, "decimalLongitude": -121.794, "eventDate": "2025-03-18T18:34:05Z", "countryCode": "US" }, "geometry": { "type": "Point", "coordinates": [ -121.794, 39.759228 ] } },
{ "type": "Feature", "properties": { "decimalLatitude": 37.6737, "decimalLongitude": -122.402775, "eventDate": "2025-03-10T11:35:52Z", "countryCode": "US" }, "geometry": { "type": "Point", "coordinates": [ -122.402775, 37.6737 ] } },
{ "type": "Feature", "properties": { "decimalLatitude": 38.777706, "decimalLongitude": -121.046592, "eventDate": "2025-03-19T21:34:00Z", "countryCode": "US" }, "geometry": { "type": "Point", "coordinates": [ -121.046592, 38.777706 ] } },
{ "type": "Feature", "properties": { "decimalLatitude": 38.667314, "decimalLongitude": -121.19074, "eventDate": "2025-03-20T09:58:56Z", "countryCode": "US" }, "geometry": { "type": "Point", "coordinates": [ -121.19074, 38.667314 ] } },
{ "type": "Feature", "properties": { "decimalLatitude": 38.095378, "decimalLongitude": -122.160269, "eventDate": "2025-03-20T10:52:30Z", "countryCode": "US" }, "geometry": { "type": "Point", "coordinates": [ -122.160269, 38.095378 ] } },
{ "type": "Feature", "properties": { "decimalLatitude": 38.093442, "decimalLongitude": -122.159317, "eventDate": "2025-03-20T11:25:18Z", "countryCode": "US" }, "geometry": { "type": "Point", "coordinates": [ -122.159317, 38.093442 ] } },
{ "type": "Feature", "properties": { "decimalLatitude": 38.487653, "decimalLongitude": -122.571442, "eventDate": "2025-03-20T11:17:42Z", "countryCode": "US" }, "geometry": { "type": "Point", "coordinates": [ -122.571442, 38.487653 ] } },
{ "type": "Feature", "properties": { "decimalLatitude": 40.78025, "decimalLongitude": -122.312766, "eventDate": "2025-03-20T09:34:20Z", "countryCode": "US" }, "geometry": { "type": "Point", "coordinates": [ -122.312766, 40.78025 ] } },
{ "type": "Feature", "properties": { "decimalLatitude": 38.712094, "decimalLongitude": -121.097993, "eventDate": "2025-03-21T10:15:00Z", "countryCode": "US" }, "geometry": { "type": "Point", "coordinates": [ -121.097993, 38.712094 ] } },
{ "type": "Feature", "properties": { "decimalLatitude": 38.004734, "decimalLongitude": -122.61761, "eventDate": "2025-03-03T14:29:44Z", "countryCode": "US" }, "geometry": { "type": "Point", "coordinates": [ -122.61761, 38.004734 ] } },
{ "type": "Feature", "properties": { "decimalLatitude": 38.713937, "decimalLongitude": -121.103669, "eventDate": "2025-03-21T10:14:28Z", "countryCode": "US" }, "geometry": { "type": "Point", "coordinates": [ -121.103669, 38.713937 ] } },
{ "type": "Feature", "properties": { "decimalLatitude": 38.505017, "decimalLongitude": -122.097983, "eventDate": "2025-03-21T14:14:00Z", "countryCode": "US" }, "geometry": { "type": "Point", "coordinates": [ -122.097983, 38.505017 ] } },
{ "type": "Feature", "properties": { "decimalLatitude": 38.561203, "decimalLongitude": -121.407037, "eventDate": "2025-03-20T17:10:20Z", "countryCode": "US" }, "geometry": { "type": "Point", "coordinates": [ -121.407037, 38.561203 ] } },
{ "type": "Feature", "properties": { "decimalLatitude": 38.530289, "decimalLongitude": -122.759063, "eventDate": "2025-03-23T19:36:00Z", "countryCode": "US" }, "geometry": { "type": "Point", "coordinates": [ -122.759063, 38.530289 ] } },
{ "type": "Feature", "properties": { "decimalLatitude": 38.73377, "decimalLongitude": -121.093199, "eventDate": "2025-03-23T18:48:32Z", "countryCode": "US" }, "geometry": { "type": "Point", "coordinates": [ -121.093199, 38.73377 ] } },
{ "type": "Feature", "properties": { "decimalLatitude": 38.635077, "decimalLongitude": -121.222547, "eventDate": "2025-03-22T12:57:22Z", "countryCode": "US" }, "geometry": { "type": "Point", "coordinates": [ -121.222547, 38.635077 ] } },
{ "type": "Feature", "properties": { "decimalLatitude": 39.766277, "decimalLongitude": -121.781501, "eventDate": "2025-03-24T14:07:21Z", "countryCode": "US" }, "geometry": { "type": "Point", "coordinates": [ -121.781501, 39.766277 ] } },
{ "type": "Feature", "properties": { "decimalLatitude": 38.709633, "decimalLongitude": -121.170974, "eventDate": "2025-03-25T13:45:38Z", "countryCode": "US" }, "geometry": { "type": "Point", "coordinates": [ -121.170974, 38.709633 ] } },
{ "type": "Feature", "properties": { "decimalLatitude": 39.745755, "decimalLongitude": -121.809455, "eventDate": "2025-03-24T09:45:20Z", "countryCode": "US" }, "geometry": { "type": "Point", "coordinates": [ -121.809455, 39.745755 ] } },
{ "type": "Feature", "properties": { "decimalLatitude": 38.577556, "decimalLongitude": -121.231967, "eventDate": "2025-03-18T18:11:58Z", "countryCode": "US" }, "geometry": { "type": "Point", "coordinates": [ -121.231967, 38.577556 ] } },
{ "type": "Feature", "properties": { "decimalLatitude": 38.505128, "decimalLongitude": -122.097992, "eventDate": "2025-03-22T14:26:59Z", "countryCode": "US" }, "geometry": { "type": "Point", "coordinates": [ -122.097992, 38.505128 ] } },
{ "type": "Feature", "properties": { "decimalLatitude": 38.039842, "decimalLongitude": -122.560508, "eventDate": "2025-03-22T14:42:00Z", "countryCode": "US" }, "geometry": { "type": "Point", "coordinates": [ -122.560508, 38.039842 ] } },
{ "type": "Feature", "properties": { "decimalLatitude": 38.671376, "decimalLongitude": -121.187973, "eventDate": "2025-03-15T17:28:00Z", "countryCode": "US" }, "geometry": { "type": "Point", "coordinates": [ -121.187973, 38.671376 ] } },
{ "type": "Feature", "properties": { "decimalLatitude": 39.75733, "decimalLongitude": -121.680259, "eventDate": "2025-03-19T19:39:00Z", "countryCode": "US" }, "geometry": { "type": "Point", "coordinates": [ -121.680259, 39.75733 ] } },
{ "type": "Feature", "properties": { "decimalLatitude": 38.819172, "decimalLongitude": -120.951187, "eventDate": "2025-03-23T13:42:28Z", "countryCode": "US" }, "geometry": { "type": "Point", "coordinates": [ -120.951187, 38.819172 ] } },
{ "type": "Feature", "properties": { "decimalLatitude": 38.421025, "decimalLongitude": -122.879105, "eventDate": "2025-03-25T07:30:15Z", "countryCode": "US" }, "geometry": { "type": "Point", "coordinates": [ -122.879105, 38.421025 ] } },
{ "type": "Feature", "properties": { "decimalLatitude": 40.8128, "decimalLongitude": -122.29611, "eventDate": "2025-03-20T09:34:24Z", "countryCode": "US" }, "geometry": { "type": "Point", "coordinates": [ -122.29611, 40.8128 ] } },
{ "type": "Feature", "properties": { "decimalLatitude": 39.766531, "decimalLongitude": -121.779636, "eventDate": "2025-03-24T14:17:08Z", "countryCode": "US" }, "geometry": { "type": "Point", "coordinates": [ -121.779636, 39.766531 ] } },
{ "type": "Feature", "properties": { "decimalLatitude": 37.978328, "decimalLongitude": -122.61493, "eventDate": "2025-03-13T09:25:05Z", "countryCode": "US" }, "geometry": { "type": "Point", "coordinates": [ -122.61493, 37.978328 ] } },
{ "type": "Feature", "properties": { "decimalLatitude": 37.677433, "decimalLongitude": -122.4002, "eventDate": "2025-03-05T11:21:23Z", "countryCode": "US" }, "geometry": { "type": "Point", "coordinates": [ -122.4002, 37.677433 ] } },
{ "type": "Feature", "properties": { "decimalLatitude": 38.487599, "decimalLongitude": -122.571402, "eventDate": "2025-03-26T13:14:38Z", "countryCode": "US" }, "geometry": { "type": "Point", "coordinates": [ -122.571402, 38.487599 ] } },
{ "type": "Feature", "properties": { "decimalLatitude": 38.595594, "decimalLongitude": -122.600477, "eventDate": "2025-03-25T11:32:06Z", "countryCode": "US" }, "geometry": { "type": "Point", "coordinates": [ -122.600477, 38.595594 ] } },
{ "type": "Feature", "properties": { "decimalLatitude": 38.268538, "decimalLongitude": -122.241212, "eventDate": "2025-03-22T12:06:52Z", "countryCode": "US" }, "geometry": { "type": "Point", "coordinates": [ -122.241212, 38.268538 ] } },
{ "type": "Feature", "properties": { "decimalLatitude": 38.721566, "decimalLongitude": -121.400512, "eventDate": "2025-03-01T14:05:00Z", "countryCode": "US" }, "geometry": { "type": "Point", "coordinates": [ -121.400512, 38.721566 ] } },
{ "type": "Feature", "properties": { "decimalLatitude": 39.330009, "decimalLongitude": -121.035972, "eventDate": "2025-03-25T10:59:07Z", "countryCode": "US" }, "geometry": { "type": "Point", "coordinates": [ -121.035972, 39.330009 ] } },
{ "type": "Feature", "properties": { "decimalLatitude": 39.232175, "decimalLongitude": -121.788863, "eventDate": "2025-03-28T11:27:38Z", "countryCode": "US" }, "geometry": { "type": "Point", "coordinates": [ -121.788863, 39.232175 ] } },
{ "type": "Feature", "properties": { "decimalLatitude": 39.770736, "decimalLongitude": -121.766235, "eventDate": "2025-03-29T13:03:00Z", "countryCode": "US" }, "geometry": { "type": "Point", "coordinates": [ -121.766235, 39.770736 ] } },
{ "type": "Feature", "properties": { "decimalLatitude": 38.677231, "decimalLongitude": -121.189311, "eventDate": "2025-03-28T14:12:00Z", "countryCode": "US" }, "geometry": { "type": "Point", "coordinates": [ -121.189311, 38.677231 ] } },
{ "type": "Feature", "properties": { "decimalLatitude": 38.664762, "decimalLongitude": -121.190812, "eventDate": "2025-03-23T16:18:57Z", "countryCode": "US" }, "geometry": { "type": "Point", "coordinates": [ -121.190812, 38.664762 ] } },
{ "type": "Feature", "properties": { "decimalLatitude": 40.927097, "decimalLongitude": -122.248283, "eventDate": "2025-03-29T14:02:00Z", "countryCode": "US" }, "geometry": { "type": "Point", "coordinates": [ -122.248283, 40.927097 ] } },
{ "type": "Feature", "properties": { "decimalLatitude": 38.343063, "decimalLongitude": -122.543862, "eventDate": "2025-03-28T15:46:59Z", "countryCode": "US" }, "geometry": { "type": "Point", "coordinates": [ -122.543862, 38.343063 ] } },
{ "type": "Feature", "properties": { "decimalLatitude": 39.854671, "decimalLongitude": -121.795998, "eventDate": "2025-03-28T13:27:44Z", "countryCode": "US" }, "geometry": { "type": "Point", "coordinates": [ -121.795998, 39.854671 ] } },
{ "type": "Feature", "properties": { "decimalLatitude": 38.513538, "decimalLongitude": -122.355053, "eventDate": "2025-03-31T15:11:29Z", "countryCode": "US" }, "geometry": { "type": "Point", "coordinates": [ -122.355053, 38.513538 ] } },
{ "type": "Feature", "properties": { "decimalLatitude": 38.510178, "decimalLongitude": -122.097136, "eventDate": "2025-03-30T14:13:38Z", "countryCode": "US" }, "geometry": { "type": "Point", "coordinates": [ -122.097136, 38.510178 ] } },
{ "type": "Feature", "properties": { "decimalLatitude": 38.489756, "decimalLongitude": -122.024674, "eventDate": "2025-03-18T11:10:00Z", "countryCode": "US" }, "geometry": { "type": "Point", "coordinates": [ -122.024674, 38.489756 ] } },
{ "type": "Feature", "properties": { "decimalLatitude": 40.601851, "decimalLongitude": -122.179203, "eventDate": "2025-03-29T19:59:00Z", "countryCode": "US" }, "geometry": { "type": "Point", "coordinates": [ -122.179203, 40.601851 ] } },
{ "type": "Feature", "properties": { "decimalLatitude": 39.232222, "decimalLongitude": -121.788842, "eventDate": "2025-03-28T11:34:01Z", "countryCode": "US" }, "geometry": { "type": "Point", "coordinates": [ -121.788842, 39.232222 ] } },
{ "type": "Feature", "properties": { "decimalLatitude": 40.958696, "decimalLongitude": -122.275424, "eventDate": "2025-03-28T17:38:00Z", "countryCode": "US" }, "geometry": { "type": "Point", "coordinates": [ -122.275424, 40.958696 ] } },
{ "type": "Feature", "properties": { "decimalLatitude": 39.231195, "decimalLongitude": -121.786788, "eventDate": "2025-03-28T11:20:48Z", "countryCode": "US" }, "geometry": { "type": "Point", "coordinates": [ -121.786788, 39.231195 ] } },
{ "type": "Feature", "properties": { "decimalLatitude": 40.85505, "decimalLongitude": -122.320012, "eventDate": "2025-03-28T16:22:00Z", "countryCode": "US" }, "geometry": { "type": "Point", "coordinates": [ -122.320012, 40.85505 ] } },
{ "type": "Feature", "properties": { "decimalLatitude": 40.920539, "decimalLongitude": -122.246046, "eventDate": "2025-03-30T09:28:00Z", "countryCode": "US" }, "geometry": { "type": "Point", "coordinates": [ -122.246046, 40.920539 ] } },
{ "type": "Feature", "properties": { "decimalLatitude": 38.646592, "decimalLongitude": -121.199421, "eventDate": "2025-03-22T18:21:51Z", "countryCode": "US" }, "geometry": { "type": "Point", "coordinates": [ -121.199421, 38.646592 ] } },
{ "type": "Feature", "properties": { "decimalLatitude": 39.604183, "decimalLongitude": -121.559083, "eventDate": "2025-03-11T17:35:53Z", "countryCode": "US" }, "geometry": { "type": "Point", "coordinates": [ -121.559083, 39.604183 ] } },
{ "type": "Feature", "properties": { "decimalLatitude": 38.655635, "decimalLongitude": -121.198209, "eventDate": "2025-03-22T18:35:24Z", "countryCode": "US" }, "geometry": { "type": "Point", "coordinates": [ -121.198209, 38.655635 ] } },
{ "type": "Feature", "properties": { "decimalLatitude": 40.778831, "decimalLongitude": -122.00145, "eventDate": "2025-03-26T15:54:00Z", "countryCode": "US" }, "geometry": { "type": "Point", "coordinates": [ -122.00145, 40.778831 ] } },
{ "type": "Feature", "properties": { "decimalLatitude": 38.906791, "decimalLongitude": -121.040337, "eventDate": "2025-03-23T11:18:31Z", "countryCode": "US" }, "geometry": { "type": "Point", "coordinates": [ -121.040337, 38.906791 ] } },
{ "type": "Feature", "properties": { "decimalLatitude": 40.916006, "decimalLongitude": -122.246972, "eventDate": "2025-03-22T16:17:00Z", "countryCode": "US" }, "geometry": { "type": "Point", "coordinates": [ -122.246972, 40.916006 ] } },
{ "type": "Feature", "properties": { "decimalLatitude": 38.487647, "decimalLongitude": -122.571381, "eventDate": "2025-03-23T13:25:00Z", "countryCode": "US" }, "geometry": { "type": "Point", "coordinates": [ -122.571381, 38.487647 ] } },
{ "type": "Feature", "properties": { "decimalLatitude": 38.062711, "decimalLongitude": -122.193812, "eventDate": "2025-03-19T13:53:18Z", "countryCode": "US" }, "geometry": { "type": "Point", "coordinates": [ -122.193812, 38.062711 ] } },
{ "type": "Feature", "properties": { "decimalLatitude": 38.657463, "decimalLongitude": -121.20263, "eventDate": "2025-03-04T13:09:04Z", "countryCode": "US" }, "geometry": { "type": "Point", "coordinates": [ -121.20263, 38.657463 ] } },
{ "type": "Feature", "properties": { "decimalLatitude": 38.654833, "decimalLongitude": -121.198153, "eventDate": "2025-03-04T13:21:38Z", "countryCode": "US" }, "geometry": { "type": "Point", "coordinates": [ -121.198153, 38.654833 ] } },
{ "type": "Feature", "properties": { "decimalLatitude": 38.676977, "decimalLongitude": -121.19063, "eventDate": "2025-03-04T11:07:01Z", "countryCode": "US" }, "geometry": { "type": "Point", "coordinates": [ -121.19063, 38.676977 ] } },
{ "type": "Feature", "properties": { "decimalLatitude": 38.81967, "decimalLongitude": -120.948834, "eventDate": "2025-03-24T14:37:50Z", "countryCode": "US" }, "geometry": { "type": "Point", "coordinates": [ -120.948834, 38.81967 ] } },
{ "type": "Feature", "properties": { "decimalLatitude": 38.781631, "decimalLongitude": -121.037683, "eventDate": "2025-03-19T21:46:00Z", "countryCode": "US" }, "geometry": { "type": "Point", "coordinates": [ -121.037683, 38.781631 ] } },
{ "type": "Feature", "properties": { "decimalLatitude": 38.902431, "decimalLongitude": -121.051889, "eventDate": "2025-03-31T15:54:00Z", "countryCode": "US" }, "geometry": { "type": "Point", "coordinates": [ -121.051889, 38.902431 ] } },
{ "type": "Feature", "properties": { "decimalLatitude": 38.633694, "decimalLongitude": -121.25022, "eventDate": "2025-03-22T19:23:16Z", "countryCode": "US" }, "geometry": { "type": "Point", "coordinates": [ -121.25022, 38.633694 ] } },
{ "type": "Feature", "properties": { "decimalLatitude": 37.827366, "decimalLongitude": -122.058297, "eventDate": "2025-04-11T12:40:50Z", "countryCode": "US" }, "geometry": { "type": "Point", "coordinates": [ -122.058297, 37.827366 ] } },
{ "type": "Feature", "properties": { "decimalLatitude": 39.751994, "decimalLongitude": -121.802386, "eventDate": "2025-04-08T09:27:39Z", "countryCode": "US" }, "geometry": { "type": "Point", "coordinates": [ -121.802386, 39.751994 ] } },
{ "type": "Feature", "properties": { "decimalLatitude": 37.827797, "decimalLongitude": -122.058967, "eventDate": "2025-04-11T12:49:48Z", "countryCode": "US" }, "geometry": { "type": "Point", "coordinates": [ -122.058967, 37.827797 ] } },
{ "type": "Feature", "properties": { "decimalLatitude": 39.346445, "decimalLongitude": -121.710428, "eventDate": "2025-04-12T09:35:51Z", "countryCode": "US" }, "geometry": { "type": "Point", "coordinates": [ -121.710428, 39.346445 ] } },
{ "type": "Feature", "properties": { "decimalLatitude": 37.767709, "decimalLongitude": -122.469311, "eventDate": "2025-04-12T09:55:01Z", "countryCode": "US" }, "geometry": { "type": "Point", "coordinates": [ -122.469311, 37.767709 ] } },
{ "type": "Feature", "properties": { "decimalLatitude": 38.492195, "decimalLongitude": -122.026794, "eventDate": "2025-04-13T16:01:28Z", "countryCode": "US" }, "geometry": { "type": "Point", "coordinates": [ -122.026794, 38.492195 ] } },
{ "type": "Feature", "properties": { "decimalLatitude": 37.793364, "decimalLongitude": -122.008969, "eventDate": "2025-04-13T15:22:31Z", "countryCode": "US" }, "geometry": { "type": "Point", "coordinates": [ -122.008969, 37.793364 ] } },
{ "type": "Feature", "properties": { "decimalLatitude": 39.773328, "decimalLongitude": -121.756912, "eventDate": "2025-04-11T11:58:48Z", "countryCode": "US" }, "geometry": { "type": "Point", "coordinates": [ -121.756912, 39.773328 ] } },
{ "type": "Feature", "properties": { "decimalLatitude": 38.500667, "decimalLongitude": -122.099694, "eventDate": "2025-04-13T12:31:13Z", "countryCode": "US" }, "geometry": { "type": "Point", "coordinates": [ -122.099694, 38.500667 ] } },
{ "type": "Feature", "properties": { "decimalLatitude": 38.601522, "decimalLongitude": -122.991153, "eventDate": "2025-04-02T08:41:48Z", "countryCode": "US" }, "geometry": { "type": "Point", "coordinates": [ -122.991153, 38.601522 ] } },
{ "type": "Feature", "properties": { "decimalLatitude": 39.603585, "decimalLongitude": -121.559532, "eventDate": "2025-04-16T13:54:47Z", "countryCode": "US" }, "geometry": { "type": "Point", "coordinates": [ -121.559532, 39.603585 ] } },
{ "type": "Feature", "properties": { "decimalLatitude": 39.7731, "decimalLongitude": -121.761562, "eventDate": "2025-04-15T11:35:00Z", "countryCode": "US" }, "geometry": { "type": "Point", "coordinates": [ -121.761562, 39.7731 ] } },
{ "type": "Feature", "properties": { "decimalLatitude": 38.507347, "decimalLongitude": -122.096817, "eventDate": "2025-04-14T09:29:35Z", "countryCode": "US" }, "geometry": { "type": "Point", "coordinates": [ -122.096817, 38.507347 ] } },
{ "type": "Feature", "properties": { "decimalLatitude": 38.499472, "decimalLongitude": -122.100258, "eventDate": "2025-04-02T13:15:40Z", "countryCode": "US" }, "geometry": { "type": "Point", "coordinates": [ -122.100258, 38.499472 ] } },
{ "type": "Feature", "properties": { "decimalLatitude": 38.455861, "decimalLongitude": -122.640744, "eventDate": "2025-04-17T09:15:00Z", "countryCode": "US" }, "geometry": { "type": "Point", "coordinates": [ -122.640744, 38.455861 ] } },
{ "type": "Feature", "properties": { "decimalLatitude": 38.49895, "decimalLongitude": -122.900812, "eventDate": "2025-04-18T16:17:15Z", "countryCode": "US" }, "geometry": { "type": "Point", "coordinates": [ -122.900812, 38.49895 ] } },
{ "type": "Feature", "properties": { "decimalLatitude": 38.528963, "decimalLongitude": -122.365889, "eventDate": "2025-04-11T10:51:23Z", "countryCode": "US" }, "geometry": { "type": "Point", "coordinates": [ -122.365889, 38.528963 ] } },
{ "type": "Feature", "properties": { "decimalLatitude": 38.012172, "decimalLongitude": -122.714547, "eventDate": "2025-04-16T14:06:00Z", "countryCode": "US" }, "geometry": { "type": "Point", "coordinates": [ -122.714547, 38.012172 ] } },
{ "type": "Feature", "properties": { "decimalLatitude": 37.090574, "decimalLongitude": -119.556021, "eventDate": "2025-04-04T13:48:41Z", "countryCode": "US" }, "geometry": { "type": "Point", "coordinates": [ -119.556021, 37.090574 ] } },
{ "type": "Feature", "properties": { "decimalLatitude": 38.548617, "decimalLongitude": -122.525975, "eventDate": "2025-04-18T10:39:12Z", "countryCode": "US" }, "geometry": { "type": "Point", "coordinates": [ -122.525975, 38.548617 ] } },
{ "type": "Feature", "properties": { "decimalLatitude": 38.37088, "decimalLongitude": -122.496863, "eventDate": "2025-04-01T12:16:00Z", "countryCode": "US" }, "geometry": { "type": "Point", "coordinates": [ -122.496863, 38.37088 ] } },
{ "type": "Feature", "properties": { "decimalLatitude": 38.369149, "decimalLongitude": -122.501162, "eventDate": "2025-04-19T11:23:00Z", "countryCode": "US" }, "geometry": { "type": "Point", "coordinates": [ -122.501162, 38.369149 ] } },
{ "type": "Feature", "properties": { "decimalLatitude": 36.828048, "decimalLongitude": -119.816592, "eventDate": "2025-04-06T14:53:58Z", "countryCode": "US" }, "geometry": { "type": "Point", "coordinates": [ -119.816592, 36.828048 ] } },
{ "type": "Feature", "properties": { "decimalLatitude": 38.508388, "decimalLongitude": -122.097405, "eventDate": "2025-04-04T19:34:09Z", "countryCode": "US" }, "geometry": { "type": "Point", "coordinates": [ -122.097405, 38.508388 ] } },
{ "type": "Feature", "properties": { "decimalLatitude": 38.513544, "decimalLongitude": -122.354997, "eventDate": "2025-04-16T12:36:02Z", "countryCode": "US" }, "geometry": { "type": "Point", "coordinates": [ -122.354997, 38.513544 ] } },
{ "type": "Feature", "properties": { "decimalLatitude": 37.6736, "decimalLongitude": -122.4029, "eventDate": "2025-04-06T14:23:52Z", "countryCode": "US" }, "geometry": { "type": "Point", "coordinates": [ -122.4029, 37.6736 ] } },
{ "type": "Feature", "properties": { "decimalLatitude": 39.743704, "decimalLongitude": -121.810937, "eventDate": "2025-04-21T11:07:22Z", "countryCode": "US" }, "geometry": { "type": "Point", "coordinates": [ -121.810937, 39.743704 ] } },
{ "type": "Feature", "properties": { "decimalLatitude": 38.576725, "decimalLongitude": -121.349883, "eventDate": "2025-04-07T17:54:54Z", "countryCode": "US" }, "geometry": { "type": "Point", "coordinates": [ -121.349883, 38.576725 ] } },
{ "type": "Feature", "properties": { "decimalLatitude": 38.664863, "decimalLongitude": -121.19088, "eventDate": "2025-04-18T17:45:42Z", "countryCode": "US" }, "geometry": { "type": "Point", "coordinates": [ -121.19088, 38.664863 ] } },
{ "type": "Feature", "properties": { "decimalLatitude": 39.74367, "decimalLongitude": -121.811041, "eventDate": "2025-04-21T11:07:45Z", "countryCode": "US" }, "geometry": { "type": "Point", "coordinates": [ -121.811041, 39.74367 ] } },
{ "type": "Feature", "properties": { "decimalLatitude": 39.767029, "decimalLongitude": -121.777781, "eventDate": "2025-04-20T19:14:33Z", "countryCode": "US" }, "geometry": { "type": "Point", "coordinates": [ -121.777781, 39.767029 ] } },
{ "type": "Feature", "properties": { "decimalLatitude": 37.978396, "decimalLongitude": -122.614739, "eventDate": "2025-04-18T14:55:19Z", "countryCode": "US" }, "geometry": { "type": "Point", "coordinates": [ -122.614739, 37.978396 ] } },
{ "type": "Feature", "properties": { "decimalLatitude": 40.933154, "decimalLongitude": -122.298386, "eventDate": "2025-04-01T13:44:08Z", "countryCode": "US" }, "geometry": { "type": "Point", "coordinates": [ -122.298386, 40.933154 ] } },
{ "type": "Feature", "properties": { "decimalLatitude": 38.369498, "decimalLongitude": -122.497518, "eventDate": "2025-04-19T12:09:22Z", "countryCode": "US" }, "geometry": { "type": "Point", "coordinates": [ -122.497518, 38.369498 ] } },
{ "type": "Feature", "properties": { "decimalLatitude": 38.622007, "decimalLongitude": -121.27273, "eventDate": "2025-04-07T10:15:44Z", "countryCode": "US" }, "geometry": { "type": "Point", "coordinates": [ -121.27273, 38.622007 ] } },
{ "type": "Feature", "properties": { "decimalLatitude": 38.459062, "decimalLongitude": -122.57019, "eventDate": "2025-04-05T16:34:33Z", "countryCode": "US" }, "geometry": { "type": "Point", "coordinates": [ -122.57019, 38.459062 ] } },
{ "type": "Feature", "properties": { "decimalLatitude": 39.734767, "decimalLongitude": -121.957131, "eventDate": "2025-04-09T10:13:23Z", "countryCode": "US" }, "geometry": { "type": "Point", "coordinates": [ -121.957131, 39.734767 ] } },
{ "type": "Feature", "properties": { "decimalLatitude": 39.74375, "decimalLongitude": -121.810887, "eventDate": "2025-04-21T11:04:03Z", "countryCode": "US" }, "geometry": { "type": "Point", "coordinates": [ -121.810887, 39.74375 ] } },
{ "type": "Feature", "properties": { "decimalLatitude": 37.945944, "decimalLongitude": -122.512917, "eventDate": "2025-04-21T11:14:45Z", "countryCode": "US" }, "geometry": { "type": "Point", "coordinates": [ -122.512917, 37.945944 ] } },
{ "type": "Feature", "properties": { "decimalLatitude": 39.743767, "decimalLongitude": -121.810899, "eventDate": "2025-04-21T11:04:12Z", "countryCode": "US" }, "geometry": { "type": "Point", "coordinates": [ -121.810899, 39.743767 ] } },
{ "type": "Feature", "properties": { "decimalLatitude": 39.743651, "decimalLongitude": -121.810779, "eventDate": "2025-04-21T11:03:43Z", "countryCode": "US" }, "geometry": { "type": "Point", "coordinates": [ -121.810779, 39.743651 ] } },
{ "type": "Feature", "properties": { "decimalLatitude": 37.811671, "decimalLongitude": -122.366732, "eventDate": "2025-04-10T10:39:31Z", "countryCode": "US" }, "geometry": { "type": "Point", "coordinates": [ -122.366732, 37.811671 ] } },
{ "type": "Feature", "properties": { "decimalLatitude": 39.743623, "decimalLongitude": -121.81097, "eventDate": "2025-04-21T11:06:46Z", "countryCode": "US" }, "geometry": { "type": "Point", "coordinates": [ -121.81097, 39.743623 ] } },
{ "type": "Feature", "properties": { "decimalLatitude": 39.743759, "decimalLongitude": -121.810899, "eventDate": "2025-04-21T11:07:04Z", "countryCode": "US" }, "geometry": { "type": "Point", "coordinates": [ -121.810899, 39.743759 ] } },
{ "type": "Feature", "properties": { "decimalLatitude": 39.746026, "decimalLongitude": -121.809404, "eventDate": "2025-04-21T11:04:29Z", "countryCode": "US" }, "geometry": { "type": "Point", "coordinates": [ -121.809404, 39.746026 ] } },
{ "type": "Feature", "properties": { "decimalLatitude": 39.602483, "decimalLongitude": -121.571294, "eventDate": "2025-04-24T13:18:28Z", "countryCode": "US" }, "geometry": { "type": "Point", "coordinates": [ -121.571294, 39.602483 ] } },
{ "type": "Feature", "properties": { "decimalLatitude": 40.78433, "decimalLongitude": -122.343449, "eventDate": "2025-04-06T11:25:00Z", "countryCode": "US" }, "geometry": { "type": "Point", "coordinates": [ -122.343449, 40.78433 ] } },
{ "type": "Feature", "properties": { "decimalLatitude": 39.604195, "decimalLongitude": -121.559164, "eventDate": "2025-04-24T13:26:21Z", "countryCode": "US" }, "geometry": { "type": "Point", "coordinates": [ -121.559164, 39.604195 ] } },
{ "type": "Feature", "properties": { "decimalLatitude": 37.963577, "decimalLongitude": -122.141269, "eventDate": "2025-04-25T00:00:00Z", "countryCode": "US" }, "geometry": { "type": "Point", "coordinates": [ -122.141269, 37.963577 ] } },
{ "type": "Feature", "properties": { "decimalLatitude": 39.782159, "decimalLongitude": -121.732934, "eventDate": "2025-04-25T16:27:36Z", "countryCode": "US" }, "geometry": { "type": "Point", "coordinates": [ -121.732934, 39.782159 ] } },
{ "type": "Feature", "properties": { "decimalLatitude": 40.499073, "decimalLongitude": -122.425007, "eventDate": "2025-04-25T13:20:26Z", "countryCode": "US" }, "geometry": { "type": "Point", "coordinates": [ -122.425007, 40.499073 ] } },
{ "type": "Feature", "properties": { "decimalLatitude": 39.771296, "decimalLongitude": -121.771015, "eventDate": "2025-04-26T10:49:13Z", "countryCode": "US" }, "geometry": { "type": "Point", "coordinates": [ -121.771015, 39.771296 ] } },
{ "type": "Feature", "properties": { "decimalLatitude": 40.566167, "decimalLongitude": -122.53003, "eventDate": "2025-04-09T13:06:47Z", "countryCode": "US" }, "geometry": { "type": "Point", "coordinates": [ -122.53003, 40.566167 ] } },
{ "type": "Feature", "properties": { "decimalLatitude": 40.581349, "decimalLongitude": -122.365301, "eventDate": "2025-04-26T15:49:15Z", "countryCode": "US" }, "geometry": { "type": "Point", "coordinates": [ -122.365301, 40.581349 ] } },
{ "type": "Feature", "properties": { "decimalLatitude": 40.59431, "decimalLongitude": -122.395501, "eventDate": "2025-04-26T12:07:07Z", "countryCode": "US" }, "geometry": { "type": "Point", "coordinates": [ -122.395501, 40.59431 ] } },
{ "type": "Feature", "properties": { "decimalLatitude": 40.55961, "decimalLongitude": -122.34111, "eventDate": "2025-04-25T17:00:00Z", "countryCode": "US" }, "geometry": { "type": "Point", "coordinates": [ -122.34111, 40.55961 ] } },
{ "type": "Feature", "properties": { "decimalLatitude": 40.615189, "decimalLongitude": -122.56318, "eventDate": "2025-04-26T12:22:23Z", "countryCode": "US" }, "geometry": { "type": "Point", "coordinates": [ -122.56318, 40.615189 ] } },
{ "type": "Feature", "properties": { "decimalLatitude": 40.609928, "decimalLongitude": -122.553037, "eventDate": "2025-04-26T14:37:41Z", "countryCode": "US" }, "geometry": { "type": "Point", "coordinates": [ -122.553037, 40.609928 ] } },
{ "type": "Feature", "properties": { "decimalLatitude": 40.594688, "decimalLongitude": -122.395503, "eventDate": "2025-04-26T12:07:07Z", "countryCode": "US" }, "geometry": { "type": "Point", "coordinates": [ -122.395503, 40.594688 ] } },
{ "type": "Feature", "properties": { "decimalLatitude": 38.396728, "decimalLongitude": -122.514564, "eventDate": "2025-04-26T14:01:00Z", "countryCode": "US" }, "geometry": { "type": "Point", "coordinates": [ -122.514564, 38.396728 ] } },
{ "type": "Feature", "properties": { "decimalLatitude": 38.396725, "decimalLongitude": -122.514572, "eventDate": "2025-04-26T14:01:00Z", "countryCode": "US" }, "geometry": { "type": "Point", "coordinates": [ -122.514572, 38.396725 ] } },
{ "type": "Feature", "properties": { "decimalLatitude": 40.677553, "decimalLongitude": -122.361073, "eventDate": "2025-04-27T09:58:08Z", "countryCode": "US" }, "geometry": { "type": "Point", "coordinates": [ -122.361073, 40.677553 ] } },
{ "type": "Feature", "properties": { "decimalLatitude": 38.341239, "decimalLongitude": -122.530625, "eventDate": "2025-04-27T12:06:00Z", "countryCode": "US" }, "geometry": { "type": "Point", "coordinates": [ -122.530625, 38.341239 ] } },
{ "type": "Feature", "properties": { "decimalLatitude": 38.341244, "decimalLongitude": -122.530608, "eventDate": "2025-04-27T12:06:00Z", "countryCode": "US" }, "geometry": { "type": "Point", "coordinates": [ -122.530608, 38.341244 ] } },
{ "type": "Feature", "properties": { "decimalLatitude": 39.293878, "decimalLongitude": -121.189854, "eventDate": "2025-04-27T11:25:54Z", "countryCode": "US" }, "geometry": { "type": "Point", "coordinates": [ -121.189854, 39.293878 ] } },
{ "type": "Feature", "properties": { "decimalLatitude": 38.341244, "decimalLongitude": -122.530603, "eventDate": "2025-04-27T12:06:00Z", "countryCode": "US" }, "geometry": { "type": "Point", "coordinates": [ -122.530603, 38.341244 ] } },
{ "type": "Feature", "properties": { "decimalLatitude": 38.649037, "decimalLongitude": -121.18798, "eventDate": "2025-04-27T10:15:47Z", "countryCode": "US" }, "geometry": { "type": "Point", "coordinates": [ -121.18798, 38.649037 ] } },
{ "type": "Feature", "properties": { "decimalLatitude": 38.341228, "decimalLongitude": -122.530617, "eventDate": "2025-04-27T12:06:00Z", "countryCode": "US" }, "geometry": { "type": "Point", "coordinates": [ -122.530617, 38.341228 ] } },
{ "type": "Feature", "properties": { "decimalLatitude": 38.50518, "decimalLongitude": -122.097961, "eventDate": "2025-04-27T16:05:56Z", "countryCode": "US" }, "geometry": { "type": "Point", "coordinates": [ -122.097961, 38.50518 ] } },
{ "type": "Feature", "properties": { "decimalLatitude": 38.649405, "decimalLongitude": -121.1885, "eventDate": "2025-04-27T10:24:44Z", "countryCode": "US" }, "geometry": { "type": "Point", "coordinates": [ -121.1885, 38.649405 ] } },
{ "type": "Feature", "properties": { "decimalLatitude": 38.456464, "decimalLongitude": -122.575311, "eventDate": "2025-04-28T09:30:00Z", "countryCode": "US" }, "geometry": { "type": "Point", "coordinates": [ -122.575311, 38.456464 ] } },
{ "type": "Feature", "properties": { "decimalLatitude": 39.604212, "decimalLongitude": -121.559053, "eventDate": "2025-04-25T11:05:42Z", "countryCode": "US" }, "geometry": { "type": "Point", "coordinates": [ -121.559053, 39.604212 ] } },
{ "type": "Feature", "properties": { "decimalLatitude": 40.559412, "decimalLongitude": -122.34085, "eventDate": "2025-04-27T11:29:00Z", "countryCode": "US" }, "geometry": { "type": "Point", "coordinates": [ -122.34085, 40.559412 ] } },
{ "type": "Feature", "properties": { "decimalLatitude": 38.648975, "decimalLongitude": -121.187972, "eventDate": "2025-04-27T10:16:48Z", "countryCode": "US" }, "geometry": { "type": "Point", "coordinates": [ -121.187972, 38.648975 ] } },
{ "type": "Feature", "properties": { "decimalLatitude": 37.967544, "decimalLongitude": -122.268823, "eventDate": "2025-04-28T18:18:00Z", "countryCode": "US" }, "geometry": { "type": "Point", "coordinates": [ -122.268823, 37.967544 ] } },
{ "type": "Feature", "properties": { "decimalLatitude": 39.650454, "decimalLongitude": -121.639833, "eventDate": "2025-04-28T16:39:40Z", "countryCode": "US" }, "geometry": { "type": "Point", "coordinates": [ -121.639833, 39.650454 ] } },
{ "type": "Feature", "properties": { "decimalLatitude": 40.690167, "decimalLongitude": -122.401169, "eventDate": "2025-04-29T09:07:34Z", "countryCode": "US" }, "geometry": { "type": "Point", "coordinates": [ -122.401169, 40.690167 ] } },
{ "type": "Feature", "properties": { "decimalLatitude": 38.774212, "decimalLongitude": -121.03395, "eventDate": "2025-04-27T17:17:38Z", "countryCode": "US" }, "geometry": { "type": "Point", "coordinates": [ -121.03395, 38.774212 ] } },
{ "type": "Feature", "properties": { "decimalLatitude": 38.64942, "decimalLongitude": -121.188492, "eventDate": "2025-04-27T10:24:09Z", "countryCode": "US" }, "geometry": { "type": "Point", "coordinates": [ -121.188492, 38.64942 ] } },
{ "type": "Feature", "properties": { "decimalLatitude": 39.60352, "decimalLongitude": -121.559503, "eventDate": "2025-04-25T10:48:47Z", "countryCode": "US" }, "geometry": { "type": "Point", "coordinates": [ -121.559503, 39.60352 ] } },
{ "type": "Feature", "properties": { "decimalLatitude": 38.456631, "decimalLongitude": -122.575806, "eventDate": "2025-04-28T09:28:00Z", "countryCode": "US" }, "geometry": { "type": "Point", "coordinates": [ -122.575806, 38.456631 ] } },
{ "type": "Feature", "properties": { "decimalLatitude": 38.456519, "decimalLongitude": -122.575425, "eventDate": "2025-04-28T09:27:00Z", "countryCode": "US" }, "geometry": { "type": "Point", "coordinates": [ -122.575425, 38.456519 ] } },
{ "type": "Feature", "properties": { "decimalLatitude": 38.456192, "decimalLongitude": -122.575492, "eventDate": "2025-04-28T09:24:00Z", "countryCode": "US" }, "geometry": { "type": "Point", "coordinates": [ -122.575492, 38.456192 ] } },
{ "type": "Feature", "properties": { "decimalLatitude": 38.4565, "decimalLongitude": -122.575539, "eventDate": "2025-04-28T09:25:00Z", "countryCode": "US" }, "geometry": { "type": "Point", "coordinates": [ -122.575539, 38.4565 ] } },
{ "type": "Feature", "properties": { "decimalLatitude": 38.539785, "decimalLongitude": -121.740415, "eventDate": "2025-04-29T11:15:35Z", "countryCode": "US" }, "geometry": { "type": "Point", "coordinates": [ -121.740415, 38.539785 ] } },
{ "type": "Feature", "properties": { "decimalLatitude": 38.505703, "decimalLongitude": -122.097397, "eventDate": "2025-04-27T15:59:12Z", "countryCode": "US" }, "geometry": { "type": "Point", "coordinates": [ -122.097397, 38.505703 ] } },
{ "type": "Feature", "properties": { "decimalLatitude": 37.815804, "decimalLongitude": -122.048588, "eventDate": "2025-04-30T17:44:15Z", "countryCode": "US" }, "geometry": { "type": "Point", "coordinates": [ -122.048588, 37.815804 ] } },
{ "type": "Feature", "properties": { "decimalLatitude": 38.330363, "decimalLongitude": -122.486022, "eventDate": "2025-04-29T19:21:08Z", "countryCode": "US" }, "geometry": { "type": "Point", "coordinates": [ -122.486022, 38.330363 ] } },
{ "type": "Feature", "properties": { "decimalLatitude": 41.339523, "decimalLongitude": -122.071673, "eventDate": "2025-04-21T10:49:13Z", "countryCode": "US" }, "geometry": { "type": "Point", "coordinates": [ -122.071673, 41.339523 ] } },
{ "type": "Feature", "properties": { "decimalLatitude": 39.221631, "decimalLongitude": -121.767092, "eventDate": "2025-04-12T12:46:50Z", "countryCode": "US" }, "geometry": { "type": "Point", "coordinates": [ -121.767092, 39.221631 ] } },
{ "type": "Feature", "properties": { "decimalLatitude": 38.590175, "decimalLongitude": -121.326653, "eventDate": "2025-04-25T10:06:51Z", "countryCode": "US" }, "geometry": { "type": "Point", "coordinates": [ -121.326653, 38.590175 ] } },
{ "type": "Feature", "properties": { "decimalLatitude": 39.293703, "decimalLongitude": -121.189439, "eventDate": "2025-04-27T11:05:57Z", "countryCode": "US" }, "geometry": { "type": "Point", "coordinates": [ -121.189439, 39.293703 ] } },
{ "type": "Feature", "properties": { "decimalLatitude": 37.793369, "decimalLongitude": -122.394627, "eventDate": "2025-04-25T16:11:00Z", "countryCode": "US" }, "geometry": { "type": "Point", "coordinates": [ -122.394627, 37.793369 ] } },
{ "type": "Feature", "properties": { "decimalLatitude": 37.836918, "decimalLongitude": -122.033253, "eventDate": "2025-04-27T23:31:40Z", "countryCode": "US" }, "geometry": { "type": "Point", "coordinates": [ -122.033253, 37.836918 ] } },
{ "type": "Feature", "properties": { "decimalLatitude": 40.784222, "decimalLongitude": -122.342804, "eventDate": "2025-04-30T14:58:57Z", "countryCode": "US" }, "geometry": { "type": "Point", "coordinates": [ -122.342804, 40.784222 ] } },
{ "type": "Feature", "properties": { "decimalLatitude": 39.222142, "decimalLongitude": -121.778381, "eventDate": "2025-04-12T09:36:18Z", "countryCode": "US" }, "geometry": { "type": "Point", "coordinates": [ -121.778381, 39.222142 ] } },
{ "type": "Feature", "properties": { "decimalLatitude": 38.35493, "decimalLongitude": -121.967112, "eventDate": "2025-04-24T16:41:18Z", "countryCode": "US" }, "geometry": { "type": "Point", "coordinates": [ -121.967112, 38.35493 ] } },
{ "type": "Feature", "properties": { "decimalLatitude": 37.836239, "decimalLongitude": -122.057077, "eventDate": "2025-04-26T11:42:06Z", "countryCode": "US" }, "geometry": { "type": "Point", "coordinates": [ -122.057077, 37.836239 ] } },
{ "type": "Feature", "properties": { "decimalLatitude": 37.83685, "decimalLongitude": -122.033394, "eventDate": "2025-04-27T23:35:46Z", "countryCode": "US" }, "geometry": { "type": "Point", "coordinates": [ -122.033394, 37.83685 ] } },
{ "type": "Feature", "properties": { "decimalLatitude": 38.935693, "decimalLongitude": -121.024654, "eventDate": "2025-04-16T11:51:33Z", "countryCode": "US" }, "geometry": { "type": "Point", "coordinates": [ -121.024654, 38.935693 ] } },
{ "type": "Feature", "properties": { "decimalLatitude": 39.603542, "decimalLongitude": -121.559608, "eventDate": "2025-04-14T18:20:00Z", "countryCode": "US" }, "geometry": { "type": "Point", "coordinates": [ -121.559608, 39.603542 ] } },
{ "type": "Feature", "properties": { "decimalLatitude": 39.783886, "decimalLongitude": -121.461197, "eventDate": "2025-04-30T12:27:00Z", "countryCode": "US" }, "geometry": { "type": "Point", "coordinates": [ -121.461197, 39.783886 ] } },
{ "type": "Feature", "properties": { "decimalLatitude": 38.932083, "decimalLongitude": -121.035522, "eventDate": "2025-04-26T11:12:27Z", "countryCode": "US" }, "geometry": { "type": "Point", "coordinates": [ -121.035522, 38.932083 ] } },
{ "type": "Feature", "properties": { "decimalLatitude": 38.630985, "decimalLongitude": -121.274946, "eventDate": "2025-04-17T16:01:03Z", "countryCode": "US" }, "geometry": { "type": "Point", "coordinates": [ -121.274946, 38.630985 ] } },
{ "type": "Feature", "properties": { "decimalLatitude": 38.157664, "decimalLongitude": -122.127289, "eventDate": "2025-04-14T12:33:41Z", "countryCode": "US" }, "geometry": { "type": "Point", "coordinates": [ -122.127289, 38.157664 ] } },
{ "type": "Feature", "properties": { "decimalLatitude": 39.59525, "decimalLongitude": -121.551256, "eventDate": "2025-04-06T10:30:00Z", "countryCode": "US" }, "geometry": { "type": "Point", "coordinates": [ -121.551256, 39.59525 ] } },
{ "type": "Feature", "properties": { "decimalLatitude": 38.632992, "decimalLongitude": -121.244111, "eventDate": "2025-04-25T00:00:00Z", "countryCode": "US" }, "geometry": { "type": "Point", "coordinates": [ -121.244111, 38.632992 ] } },
{ "type": "Feature", "properties": { "decimalLatitude": 39.852033, "decimalLongitude": -121.392683, "eventDate": "2025-05-02T16:57:27Z", "countryCode": "US" }, "geometry": { "type": "Point", "coordinates": [ -121.392683, 39.852033 ] } },
{ "type": "Feature", "properties": { "decimalLatitude": 40.671272, "decimalLongitude": -122.6455, "eventDate": "2025-05-05T08:16:48Z", "countryCode": "US" }, "geometry": { "type": "Point", "coordinates": [ -122.6455, 40.671272 ] } },
{ "type": "Feature", "properties": { "decimalLatitude": 38.021859, "decimalLongitude": -122.2108, "eventDate": "2025-05-08T13:53:16Z", "countryCode": "US" }, "geometry": { "type": "Point", "coordinates": [ -122.2108, 38.021859 ] } },
{ "type": "Feature", "properties": { "decimalLatitude": 40.784012, "decimalLongitude": -122.344383, "eventDate": "2025-05-04T09:08:21Z", "countryCode": "US" }, "geometry": { "type": "Point", "coordinates": [ -122.344383, 40.784012 ] } },
{ "type": "Feature", "properties": { "decimalLatitude": 40.78423, "decimalLongitude": -122.34202, "eventDate": "2025-05-04T06:53:34Z", "countryCode": "US" }, "geometry": { "type": "Point", "coordinates": [ -122.34202, 40.78423 ] } },
{ "type": "Feature", "properties": { "decimalLatitude": 40.783505, "decimalLongitude": -122.339478, "eventDate": "2025-05-04T06:46:51Z", "countryCode": "US" }, "geometry": { "type": "Point", "coordinates": [ -122.339478, 40.783505 ] } },
{ "type": "Feature", "properties": { "decimalLatitude": 38.508334, "decimalLongitude": -122.044466, "eventDate": "2025-05-02T10:39:11Z", "countryCode": "US" }, "geometry": { "type": "Point", "coordinates": [ -122.044466, 38.508334 ] } },
{ "type": "Feature", "properties": { "decimalLatitude": 40.196728, "decimalLongitude": -122.224925, "eventDate": "2025-05-03T10:18:36Z", "countryCode": "US" }, "geometry": { "type": "Point", "coordinates": [ -122.224925, 40.196728 ] } },
{ "type": "Feature", "properties": { "decimalLatitude": 40.196773, "decimalLongitude": -122.225351, "eventDate": "2025-05-03T10:47:05Z", "countryCode": "US" }, "geometry": { "type": "Point", "coordinates": [ -122.225351, 40.196773 ] } },
{ "type": "Feature", "properties": { "decimalLatitude": 39.852131, "decimalLongitude": -121.392369, "eventDate": "2025-05-02T17:00:40Z", "countryCode": "US" }, "geometry": { "type": "Point", "coordinates": [ -121.392369, 39.852131 ] } },
{ "type": "Feature", "properties": { "decimalLatitude": 40.1973, "decimalLongitude": -122.224633, "eventDate": "2025-05-08T18:25:45Z", "countryCode": "US" }, "geometry": { "type": "Point", "coordinates": [ -122.224633, 40.1973 ] } },
{ "type": "Feature", "properties": { "decimalLatitude": 38.676967, "decimalLongitude": -121.183687, "eventDate": "2025-05-05T20:15:05Z", "countryCode": "US" }, "geometry": { "type": "Point", "coordinates": [ -121.183687, 38.676967 ] } },
{ "type": "Feature", "properties": { "decimalLatitude": 39.773765, "decimalLongitude": -121.755604, "eventDate": "2025-05-10T15:32:00Z", "countryCode": "US" }, "geometry": { "type": "Point", "coordinates": [ -121.755604, 39.773765 ] } },
{ "type": "Feature", "properties": { "decimalLatitude": 37.837822, "decimalLongitude": -122.038819, "eventDate": "2025-05-25T11:52:58Z", "countryCode": "US" }, "geometry": { "type": "Point", "coordinates": [ -122.038819, 37.837822 ] } },
{ "type": "Feature", "properties": { "decimalLatitude": 40.39272, "decimalLongitude": -122.1826, "eventDate": "2025-05-13T17:06:00Z", "countryCode": "US" }, "geometry": { "type": "Point", "coordinates": [ -122.1826, 40.39272 ] } },
{ "type": "Feature", "properties": { "decimalLatitude": 38.264743, "decimalLongitude": -122.415134, "eventDate": "2025-05-24T13:56:51Z", "countryCode": "US" }, "geometry": { "type": "Point", "coordinates": [ -122.415134, 38.264743 ] } },
{ "type": "Feature", "properties": { "decimalLatitude": 40.29523, "decimalLongitude": -122.178192, "eventDate": "2025-05-23T06:11:47Z", "countryCode": "US" }, "geometry": { "type": "Point", "coordinates": [ -122.178192, 40.29523 ] } },
{ "type": "Feature", "properties": { "decimalLatitude": 40.559319, "decimalLongitude": -122.341316, "eventDate": "2025-05-18T17:53:00Z", "countryCode": "US" }, "geometry": { "type": "Point", "coordinates": [ -122.341316, 40.559319 ] } },
{ "type": "Feature", "properties": { "decimalLatitude": 40.559295, "decimalLongitude": -122.342492, "eventDate": "2025-05-24T17:20:52Z", "countryCode": "US" }, "geometry": { "type": "Point", "coordinates": [ -122.342492, 40.559295 ] } },
{ "type": "Feature", "properties": { "decimalLatitude": 38.011863, "decimalLongitude": -122.28965, "eventDate": "2025-05-20T11:28:39Z", "countryCode": "US" }, "geometry": { "type": "Point", "coordinates": [ -122.28965, 38.011863 ] } },
{ "type": "Feature", "properties": { "decimalLatitude": 38.506887, "decimalLongitude": -122.954995, "eventDate": "2025-05-25T14:33:47Z", "countryCode": "US" }, "geometry": { "type": "Point", "coordinates": [ -122.954995, 38.506887 ] } },
{ "type": "Feature", "properties": { "decimalLatitude": 38.509422, "decimalLongitude": -122.097144, "eventDate": "2025-05-29T06:46:00Z", "countryCode": "US" }, "geometry": { "type": "Point", "coordinates": [ -122.097144, 38.509422 ] } },
{ "type": "Feature", "properties": { "decimalLatitude": 39.84008, "decimalLongitude": -121.419472, "eventDate": "2025-05-02T11:11:44Z", "countryCode": "US" }, "geometry": { "type": "Point", "coordinates": [ -121.419472, 39.84008 ] } },
{ "type": "Feature", "properties": { "decimalLatitude": 38.436081, "decimalLongitude": -122.507417, "eventDate": "2025-05-26T13:14:00Z", "countryCode": "US" }, "geometry": { "type": "Point", "coordinates": [ -122.507417, 38.436081 ] } },
{ "type": "Feature", "properties": { "decimalLatitude": 40.600205, "decimalLongitude": -122.493387, "eventDate": "2025-05-15T13:46:21Z", "countryCode": "US" }, "geometry": { "type": "Point", "coordinates": [ -122.493387, 40.600205 ] } },
{ "type": "Feature", "properties": { "decimalLatitude": 39.24357, "decimalLongitude": -121.815973, "eventDate": "2025-05-09T11:09:44Z", "countryCode": "US" }, "geometry": { "type": "Point", "coordinates": [ -121.815973, 39.24357 ] } },
{ "type": "Feature", "properties": { "decimalLatitude": 37.766264, "decimalLongitude": -122.470468, "eventDate": "2025-05-24T13:59:19Z", "countryCode": "US" }, "geometry": { "type": "Point", "coordinates": [ -122.470468, 37.766264 ] } },
{ "type": "Feature", "properties": { "decimalLatitude": 40.82817, "decimalLongitude": -122.016547, "eventDate": "2025-05-06T14:22:03Z", "countryCode": "US" }, "geometry": { "type": "Point", "coordinates": [ -122.016547, 40.82817 ] } },
{ "type": "Feature", "properties": { "decimalLatitude": 40.777997, "decimalLongitude": -122.005219, "eventDate": "2025-05-21T15:47:23Z", "countryCode": "US" }, "geometry": { "type": "Point", "coordinates": [ -122.005219, 40.777997 ] } },
{ "type": "Feature", "properties": { "decimalLatitude": 37.809372, "decimalLongitude": -122.086999, "eventDate": "2025-05-17T12:27:00Z", "countryCode": "US" }, "geometry": { "type": "Point", "coordinates": [ -122.086999, 37.809372 ] } },
{ "type": "Feature", "properties": { "decimalLatitude": 38.409788, "decimalLongitude": -122.076257, "eventDate": "2025-05-04T10:48:00Z", "countryCode": "US" }, "geometry": { "type": "Point", "coordinates": [ -122.076257, 38.409788 ] } },
{ "type": "Feature", "properties": { "decimalLatitude": 38.91761, "decimalLongitude": -121.019891, "eventDate": "2025-05-04T11:35:29Z", "countryCode": "US" }, "geometry": { "type": "Point", "coordinates": [ -121.019891, 38.91761 ] } },
{ "type": "Feature", "properties": { "decimalLatitude": 38.536453, "decimalLongitude": -121.748082, "eventDate": "2025-05-11T07:20:52Z", "countryCode": "US" }, "geometry": { "type": "Point", "coordinates": [ -121.748082, 38.536453 ] } },
{ "type": "Feature", "properties": { "decimalLatitude": 38.898447, "decimalLongitude": -121.264925, "eventDate": "2025-05-21T15:40:00Z", "countryCode": "US" }, "geometry": { "type": "Point", "coordinates": [ -121.264925, 38.898447 ] } },
{ "type": "Feature", "properties": { "decimalLatitude": 38.89469, "decimalLongitude": -121.078669, "eventDate": "2025-05-08T11:21:14Z", "countryCode": "US" }, "geometry": { "type": "Point", "coordinates": [ -121.078669, 38.89469 ] } },
{ "type": "Feature", "properties": { "decimalLatitude": 38.894783, "decimalLongitude": -121.078886, "eventDate": "2025-05-08T11:22:30Z", "countryCode": "US" }, "geometry": { "type": "Point", "coordinates": [ -121.078886, 38.894783 ] } },
{ "type": "Feature", "properties": { "decimalLatitude": 38.643867, "decimalLongitude": -121.213459, "eventDate": "2025-05-24T11:29:26Z", "countryCode": "US" }, "geometry": { "type": "Point", "coordinates": [ -121.213459, 38.643867 ] } },
{ "type": "Feature", "properties": { "decimalLatitude": 37.866345, "decimalLongitude": -122.097572, "eventDate": "2025-05-26T16:51:41Z", "countryCode": "US" }, "geometry": { "type": "Point", "coordinates": [ -122.097572, 37.866345 ] } },
{ "type": "Feature", "properties": { "decimalLatitude": 39.771197, "decimalLongitude": -121.771203, "eventDate": "2025-06-05T09:48:00Z", "countryCode": "US" }, "geometry": { "type": "Point", "coordinates": [ -121.771203, 39.771197 ] } },
{ "type": "Feature", "properties": { "decimalLatitude": 38.464783, "decimalLongitude": -122.707978, "eventDate": "2025-06-05T19:00:21Z", "countryCode": "US" }, "geometry": { "type": "Point", "coordinates": [ -122.707978, 38.464783 ] } },
{ "type": "Feature", "properties": { "decimalLatitude": 40.714408, "decimalLongitude": -122.411362, "eventDate": "2025-06-06T19:55:41Z", "countryCode": "US" }, "geometry": { "type": "Point", "coordinates": [ -122.411362, 40.714408 ] } },
{ "type": "Feature", "properties": { "decimalLatitude": 40.624187, "decimalLongitude": -122.525262, "eventDate": "2025-06-05T11:58:48Z", "countryCode": "US" }, "geometry": { "type": "Point", "coordinates": [ -122.525262, 40.624187 ] } },
{ "type": "Feature", "properties": { "decimalLatitude": 38.464725, "decimalLongitude": -122.707947, "eventDate": "2025-06-05T19:00:06Z", "countryCode": "US" }, "geometry": { "type": "Point", "coordinates": [ -122.707947, 38.464725 ] } },
{ "type": "Feature", "properties": { "decimalLatitude": 38.614512, "decimalLongitude": -121.309488, "eventDate": "2025-06-20T12:44:18Z", "countryCode": "US" }, "geometry": { "type": "Point", "coordinates": [ -121.309488, 38.614512 ] } },
{ "type": "Feature", "properties": { "decimalLatitude": 37.860909, "decimalLongitude": -122.432568, "eventDate": "2025-06-17T14:34:00Z", "countryCode": "US" }, "geometry": { "type": "Point", "coordinates": [ -122.432568, 37.860909 ] } },
{ "type": "Feature", "properties": { "decimalLatitude": 38.446175, "decimalLongitude": -122.616894, "eventDate": "2025-06-12T10:15:33Z", "countryCode": "US" }, "geometry": { "type": "Point", "coordinates": [ -122.616894, 38.446175 ] } },
{ "type": "Feature", "properties": { "decimalLatitude": 38.420506, "decimalLongitude": -122.592614, "eventDate": "2025-06-15T10:54:00Z", "countryCode": "US" }, "geometry": { "type": "Point", "coordinates": [ -122.592614, 38.420506 ] } },
{ "type": "Feature", "properties": { "decimalLatitude": 38.005112, "decimalLongitude": -122.70771, "eventDate": "2025-06-20T16:37:03Z", "countryCode": "US" }, "geometry": { "type": "Point", "coordinates": [ -122.70771, 38.005112 ] } },
{ "type": "Feature", "properties": { "decimalLatitude": 38.420517, "decimalLongitude": -122.592583, "eventDate": "2025-06-15T10:54:00Z", "countryCode": "US" }, "geometry": { "type": "Point", "coordinates": [ -122.592583, 38.420517 ] } },
{ "type": "Feature", "properties": { "decimalLatitude": 38.438422, "decimalLongitude": -122.614838, "eventDate": "2025-06-06T15:46:57Z", "countryCode": "US" }, "geometry": { "type": "Point", "coordinates": [ -122.614838, 38.438422 ] } },
{ "type": "Feature", "properties": { "decimalLatitude": 38.420628, "decimalLongitude": -122.592506, "eventDate": "2025-06-15T10:53:00Z", "countryCode": "US" }, "geometry": { "type": "Point", "coordinates": [ -122.592506, 38.420628 ] } },
{ "type": "Feature", "properties": { "decimalLatitude": 38.574405, "decimalLongitude": -121.349189, "eventDate": "2025-06-22T10:05:32Z", "countryCode": "US" }, "geometry": { "type": "Point", "coordinates": [ -121.349189, 38.574405 ] } },
{ "type": "Feature", "properties": { "decimalLatitude": 37.822667, "decimalLongitude": -122.050111, "eventDate": "2025-06-21T18:38:23Z", "countryCode": "US" }, "geometry": { "type": "Point", "coordinates": [ -122.050111, 37.822667 ] } },
{ "type": "Feature", "properties": { "decimalLatitude": 37.865822, "decimalLongitude": -122.437256, "eventDate": "2025-06-10T08:48:00Z", "countryCode": "US" }, "geometry": { "type": "Point", "coordinates": [ -122.437256, 37.865822 ] } },
{ "type": "Feature", "properties": { "decimalLatitude": 38.636293, "decimalLongitude": -121.245504, "eventDate": "2025-06-26T07:52:00Z", "countryCode": "US" }, "geometry": { "type": "Point", "coordinates": [ -121.245504, 38.636293 ] } },
{ "type": "Feature", "properties": { "decimalLatitude": 40.387945, "decimalLongitude": -122.189392, "eventDate": "2025-06-29T11:56:23Z", "countryCode": "US" }, "geometry": { "type": "Point", "coordinates": [ -122.189392, 40.387945 ] } },
{ "type": "Feature", "properties": { "decimalLatitude": 40.38295, "decimalLongitude": -122.185447, "eventDate": "2025-06-28T13:39:09Z", "countryCode": "US" }, "geometry": { "type": "Point", "coordinates": [ -122.185447, 40.38295 ] } },
{ "type": "Feature", "properties": { "decimalLatitude": 38.015378, "decimalLongitude": -122.718022, "eventDate": "2025-06-20T16:36:40Z", "countryCode": "US" }, "geometry": { "type": "Point", "coordinates": [ -122.718022, 38.015378 ] } },
{ "type": "Feature", "properties": { "decimalLatitude": 40.383287, "decimalLongitude": -122.185678, "eventDate": "2025-06-28T10:01:39Z", "countryCode": "US" }, "geometry": { "type": "Point", "coordinates": [ -122.185678, 40.383287 ] } },
{ "type": "Feature", "properties": { "decimalLatitude": 40.379825, "decimalLongitude": -122.17572, "eventDate": "2025-06-27T14:25:41Z", "countryCode": "US" }, "geometry": { "type": "Point", "coordinates": [ -122.17572, 40.379825 ] } },
{ "type": "Feature", "properties": { "decimalLatitude": 40.287978, "decimalLongitude": -122.186805, "eventDate": "2025-06-25T19:52:24Z", "countryCode": "US" }, "geometry": { "type": "Point", "coordinates": [ -122.186805, 40.287978 ] } },
{ "type": "Feature", "properties": { "decimalLatitude": 38.930164, "decimalLongitude": -121.04837, "eventDate": "2025-06-12T09:03:45Z", "countryCode": "US" }, "geometry": { "type": "Point", "coordinates": [ -121.04837, 38.930164 ] } },
{ "type": "Feature", "properties": { "decimalLatitude": 38.077275, "decimalLongitude": -122.589805, "eventDate": "2025-06-15T09:22:07Z", "countryCode": "US" }, "geometry": { "type": "Point", "coordinates": [ -122.589805, 38.077275 ] } },
{ "type": "Feature", "properties": { "decimalLatitude": 38.030527, "decimalLongitude": -122.733704, "eventDate": "2025-06-20T13:21:38Z", "countryCode": "US" }, "geometry": { "type": "Point", "coordinates": [ -122.733704, 38.030527 ] } },
{ "type": "Feature", "properties": { "decimalLatitude": 38.614841, "decimalLongitude": -121.309726, "eventDate": "2025-06-02T12:14:48Z", "countryCode": "US" }, "geometry": { "type": "Point", "coordinates": [ -121.309726, 38.614841 ] } },
{ "type": "Feature", "properties": { "decimalLatitude": 38.487287, "decimalLongitude": -121.16313, "eventDate": "2025-06-15T18:43:40Z", "countryCode": "US" }, "geometry": { "type": "Point", "coordinates": [ -121.16313, 38.487287 ] } },
{ "type": "Feature", "properties": { "decimalLatitude": 38.50502, "decimalLongitude": -122.870162, "eventDate": "2025-06-26T10:51:30Z", "countryCode": "US" }, "geometry": { "type": "Point", "coordinates": [ -122.870162, 38.50502 ] } },
{ "type": "Feature", "properties": { "decimalLatitude": 38.456694, "decimalLongitude": -122.575072, "eventDate": "2025-06-08T13:58:00Z", "countryCode": "US" }, "geometry": { "type": "Point", "coordinates": [ -122.575072, 38.456694 ] } },
{ "type": "Feature", "properties": { "decimalLatitude": 38.016136, "decimalLongitude": -122.683212, "eventDate": "2025-07-05T10:54:47Z", "countryCode": "US" }, "geometry": { "type": "Point", "coordinates": [ -122.683212, 38.016136 ] } },
{ "type": "Feature", "properties": { "decimalLatitude": 40.142052, "decimalLongitude": -122.152512, "eventDate": "2025-07-01T09:19:58Z", "countryCode": "US" }, "geometry": { "type": "Point", "coordinates": [ -122.152512, 40.142052 ] } },
{ "type": "Feature", "properties": { "decimalLatitude": 40.14241, "decimalLongitude": -122.15303, "eventDate": "2025-07-01T09:19:20Z", "countryCode": "US" }, "geometry": { "type": "Point", "coordinates": [ -122.15303, 40.14241 ] } },
{ "type": "Feature", "properties": { "decimalLatitude": 38.414736, "decimalLongitude": -122.579586, "eventDate": "2025-07-15T09:45:02Z", "countryCode": "US" }, "geometry": { "type": "Point", "coordinates": [ -122.579586, 38.414736 ] } },
{ "type": "Feature", "properties": { "decimalLatitude": 38.633359, "decimalLongitude": -121.223608, "eventDate": "2025-07-05T10:13:00Z", "countryCode": "US" }, "geometry": { "type": "Point", "coordinates": [ -121.223608, 38.633359 ] } },
{ "type": "Feature", "properties": { "decimalLatitude": 39.294546, "decimalLongitude": -121.204387, "eventDate": "2025-07-12T08:54:16Z", "countryCode": "US" }, "geometry": { "type": "Point", "coordinates": [ -121.204387, 39.294546 ] } },
{ "type": "Feature", "properties": { "decimalLatitude": 40.86023, "decimalLongitude": -122.112564, "eventDate": "2025-07-08T13:59:33Z", "countryCode": "US" }, "geometry": { "type": "Point", "coordinates": [ -122.112564, 40.86023 ] } },
{ "type": "Feature", "properties": { "decimalLatitude": 37.998781, "decimalLongitude": -122.707608, "eventDate": "2025-07-26T14:17:49Z", "countryCode": "US" }, "geometry": { "type": "Point", "coordinates": [ -122.707608, 37.998781 ] } },
{ "type": "Feature", "properties": { "decimalLatitude": 40.701083, "decimalLongitude": -122.32173, "eventDate": "2025-07-18T18:21:24Z", "countryCode": "US" }, "geometry": { "type": "Point", "coordinates": [ -122.32173, 40.701083 ] } },
{ "type": "Feature", "properties": { "decimalLatitude": 38.579625, "decimalLongitude": -121.344955, "eventDate": "2025-07-22T20:03:47Z", "countryCode": "US" }, "geometry": { "type": "Point", "coordinates": [ -121.344955, 38.579625 ] } },
{ "type": "Feature", "properties": { "decimalLatitude": 37.906333, "decimalLongitude": -122.611734, "eventDate": "2025-07-20T09:05:33Z", "countryCode": "US" }, "geometry": { "type": "Point", "coordinates": [ -122.611734, 37.906333 ] } },
{ "type": "Feature", "properties": { "decimalLatitude": 38.339437, "decimalLongitude": -122.004556, "eventDate": "2025-07-24T14:09:50Z", "countryCode": "US" }, "geometry": { "type": "Point", "coordinates": [ -122.004556, 38.339437 ] } },
{ "type": "Feature", "properties": { "decimalLatitude": 38.51677, "decimalLongitude": -122.858598, "eventDate": "2025-07-24T13:00:00Z", "countryCode": "US" }, "geometry": { "type": "Point", "coordinates": [ -122.858598, 38.51677 ] } },
{ "type": "Feature", "properties": { "decimalLatitude": 38.33942, "decimalLongitude": -122.004639, "eventDate": "2025-07-24T14:10:16Z", "countryCode": "US" }, "geometry": { "type": "Point", "coordinates": [ -122.004639, 38.33942 ] } },
{ "type": "Feature", "properties": { "decimalLatitude": 38.155075, "decimalLongitude": -122.126822, "eventDate": "2025-07-05T09:41:08Z", "countryCode": "US" }, "geometry": { "type": "Point", "coordinates": [ -122.126822, 38.155075 ] } },
{ "type": "Feature", "properties": { "decimalLatitude": 38.455169, "decimalLongitude": -122.669796, "eventDate": "2025-07-19T19:13:38Z", "countryCode": "US" }, "geometry": { "type": "Point", "coordinates": [ -122.669796, 38.455169 ] } },
{ "type": "Feature", "properties": { "decimalLatitude": 38.659434, "decimalLongitude": -121.186323, "eventDate": "2025-07-16T09:10:02Z", "countryCode": "US" }, "geometry": { "type": "Point", "coordinates": [ -121.186323, 38.659434 ] } },
{ "type": "Feature", "properties": { "decimalLatitude": 37.906217, "decimalLongitude": -122.611687, "eventDate": "2025-08-02T14:01:34Z", "countryCode": "US" }, "geometry": { "type": "Point", "coordinates": [ -122.611687, 37.906217 ] } },
{ "type": "Feature", "properties": { "decimalLatitude": 37.819881, "decimalLongitude": -122.044793, "eventDate": "2025-08-17T10:22:13Z", "countryCode": "US" }, "geometry": { "type": "Point", "coordinates": [ -122.044793, 37.819881 ] } },
{ "type": "Feature", "properties": { "decimalLatitude": 37.766802, "decimalLongitude": -122.47153, "eventDate": "2025-08-31T09:27:27Z", "countryCode": "US" }, "geometry": { "type": "Point", "coordinates": [ -122.47153, 37.766802 ] } },
{ "type": "Feature", "properties": { "decimalLatitude": 39.725938, "decimalLongitude": -121.94558, "eventDate": "2025-08-20T15:18:06Z", "countryCode": "US" }, "geometry": { "type": "Point", "coordinates": [ -121.94558, 39.725938 ] } },
{ "type": "Feature", "properties": { "decimalLatitude": 38.456554, "decimalLongitude": -122.575261, "eventDate": "2025-08-31T07:43:17Z", "countryCode": "US" }, "geometry": { "type": "Point", "coordinates": [ -122.575261, 38.456554 ] } },
{ "type": "Feature", "properties": { "decimalLatitude": 37.816155, "decimalLongitude": -122.044808, "eventDate": "2025-08-05T09:34:05Z", "countryCode": "US" }, "geometry": { "type": "Point", "coordinates": [ -122.044808, 37.816155 ] } },
{ "type": "Feature", "properties": { "decimalLatitude": 38.409621, "decimalLongitude": -122.828431, "eventDate": "2025-08-01T13:22:19Z", "countryCode": "US" }, "geometry": { "type": "Point", "coordinates": [ -122.828431, 38.409621 ] } },
{ "type": "Feature", "properties": { "decimalLatitude": 38.52373, "decimalLongitude": -122.4423, "eventDate": "2025-08-11T08:26:00Z", "countryCode": "US" }, "geometry": { "type": "Point", "coordinates": [ -122.4423, 38.52373 ] } },
{ "type": "Feature", "properties": { "decimalLatitude": 40.497155, "decimalLongitude": -122.500978, "eventDate": "2025-08-10T12:45:28Z", "countryCode": "US" }, "geometry": { "type": "Point", "coordinates": [ -122.500978, 40.497155 ] } },
{ "type": "Feature", "properties": { "decimalLatitude": 37.940595, "decimalLongitude": -122.410172, "eventDate": "2025-08-28T11:51:02Z", "countryCode": "US" }, "geometry": { "type": "Point", "coordinates": [ -122.410172, 37.940595 ] } },
{ "type": "Feature", "properties": { "decimalLatitude": 38.050287, "decimalLongitude": -122.759299, "eventDate": "2025-09-02T09:45:00Z", "countryCode": "US" }, "geometry": { "type": "Point", "coordinates": [ -122.759299, 38.050287 ] } },
{ "type": "Feature", "properties": { "decimalLatitude": 38.134324, "decimalLongitude": -122.5453, "eventDate": "2025-09-10T12:57:25Z", "countryCode": "US" }, "geometry": { "type": "Point", "coordinates": [ -122.5453, 38.134324 ] } },
{ "type": "Feature", "properties": { "decimalLatitude": 38.612461, "decimalLongitude": -121.306588, "eventDate": "2025-09-05T12:54:39Z", "countryCode": "US" }, "geometry": { "type": "Point", "coordinates": [ -121.306588, 38.612461 ] } },
{ "type": "Feature", "properties": { "decimalLatitude": 38.632959, "decimalLongitude": -121.225135, "eventDate": "2025-09-08T12:26:35Z", "countryCode": "US" }, "geometry": { "type": "Point", "coordinates": [ -121.225135, 38.632959 ] } },
{ "type": "Feature", "properties": { "decimalLatitude": 38.631006, "decimalLongitude": -121.238692, "eventDate": "2025-09-14T10:29:19Z", "countryCode": "US" }, "geometry": { "type": "Point", "coordinates": [ -121.238692, 38.631006 ] } },
{ "type": "Feature", "properties": { "decimalLatitude": 38.625038, "decimalLongitude": -121.301159, "eventDate": "2025-09-06T13:47:00Z", "countryCode": "US" }, "geometry": { "type": "Point", "coordinates": [ -121.301159, 38.625038 ] } },
{ "type": "Feature", "properties": { "decimalLatitude": 38.680241, "decimalLongitude": -121.177164, "eventDate": "2025-09-13T09:25:29Z", "countryCode": "US" }, "geometry": { "type": "Point", "coordinates": [ -121.177164, 38.680241 ] } },
{ "type": "Feature", "properties": { "decimalLatitude": 38.659375, "decimalLongitude": -121.189103, "eventDate": "2025-09-10T14:34:10Z", "countryCode": "US" }, "geometry": { "type": "Point", "coordinates": [ -121.189103, 38.659375 ] } },
{ "type": "Feature", "properties": { "decimalLatitude": 40.469983, "decimalLongitude": -122.26535, "eventDate": "2025-09-07T17:30:00Z", "countryCode": "US" }, "geometry": { "type": "Point", "coordinates": [ -122.26535, 40.469983 ] } },
{ "type": "Feature", "properties": { "decimalLatitude": 38.513205, "decimalLongitude": -122.798642, "eventDate": "2025-09-09T12:24:49Z", "countryCode": "US" }, "geometry": { "type": "Point", "coordinates": [ -122.798642, 38.513205 ] } },
{ "type": "Feature", "properties": { "decimalLatitude": 38.625738, "decimalLongitude": -121.30117, "eventDate": "2025-09-06T14:07:12Z", "countryCode": "US" }, "geometry": { "type": "Point", "coordinates": [ -121.30117, 38.625738 ] } },
{ "type": "Feature", "properties": { "decimalLatitude": 38.455145, "decimalLongitude": -122.669747, "eventDate": "2025-09-08T19:00:08Z", "countryCode": "US" }, "geometry": { "type": "Point", "coordinates": [ -122.669747, 38.455145 ] } },
{ "type": "Feature", "properties": { "decimalLatitude": 38.933928, "decimalLongitude": -121.001823, "eventDate": "2025-09-07T12:12:32Z", "countryCode": "US" }, "geometry": { "type": "Point", "coordinates": [ -121.001823, 38.933928 ] } },
{ "type": "Feature", "properties": { "decimalLatitude": 38.356849, "decimalLongitude": -122.523931, "eventDate": "2025-09-01T07:28:00Z", "countryCode": "US" }, "geometry": { "type": "Point", "coordinates": [ -122.523931, 38.356849 ] } },
{ "type": "Feature", "properties": { "decimalLatitude": 40.611635, "decimalLongitude": -122.575095, "eventDate": "2025-09-14T09:56:13Z", "countryCode": "US" }, "geometry": { "type": "Point", "coordinates": [ -122.575095, 40.611635 ] } },
{ "type": "Feature", "properties": { "decimalLatitude": 40.611348, "decimalLongitude": -122.575825, "eventDate": "2025-09-14T09:58:21Z", "countryCode": "US" }, "geometry": { "type": "Point", "coordinates": [ -122.575825, 40.611348 ] } },
{ "type": "Feature", "properties": { "decimalLatitude": 40.605135, "decimalLongitude": -122.579741, "eventDate": "2025-09-14T10:05:17Z", "countryCode": "US" }, "geometry": { "type": "Point", "coordinates": [ -122.579741, 40.605135 ] } },
{ "type": "Feature", "properties": { "decimalLatitude": 38.030576, "decimalLongitude": -122.733556, "eventDate": "2025-09-05T16:34:23Z", "countryCode": "US" }, "geometry": { "type": "Point", "coordinates": [ -122.733556, 38.030576 ] } },
{ "type": "Feature", "properties": { "decimalLatitude": 38.031075, "decimalLongitude": -122.732694, "eventDate": "2025-09-05T16:41:57Z", "countryCode": "US" }, "geometry": { "type": "Point", "coordinates": [ -122.732694, 38.031075 ] } },
{ "type": "Feature", "properties": { "decimalLatitude": 38.952236, "decimalLongitude": -120.861008, "eventDate": "2025-09-01T09:42:08Z", "countryCode": "US" }, "geometry": { "type": "Point", "coordinates": [ -120.861008, 38.952236 ] } },
{ "type": "Feature", "properties": { "decimalLatitude": 37.941282, "decimalLongitude": -122.203687, "eventDate": "2025-09-11T12:13:25Z", "countryCode": "US" }, "geometry": { "type": "Point", "coordinates": [ -122.203687, 37.941282 ] } },
{ "type": "Feature", "properties": { "decimalLatitude": 38.510528, "decimalLongitude": -122.868872, "eventDate": "2025-09-29T11:15:00Z", "countryCode": "US" }, "geometry": { "type": "Point", "coordinates": [ -122.868872, 38.510528 ] } },
{ "type": "Feature", "properties": { "decimalLatitude": 40.610676, "decimalLongitude": -122.57638, "eventDate": "2025-09-14T10:32:02Z", "countryCode": "US" }, "geometry": { "type": "Point", "coordinates": [ -122.57638, 40.610676 ] } },
{ "type": "Feature", "properties": { "decimalLatitude": 38.4108, "decimalLongitude": -122.465447, "eventDate": "2025-10-05T15:20:12Z", "countryCode": "US" }, "geometry": { "type": "Point", "coordinates": [ -122.465447, 38.4108 ] } },
{ "type": "Feature", "properties": { "decimalLatitude": 37.676356, "decimalLongitude": -122.401131, "eventDate": "2025-10-07T12:12:55Z", "countryCode": "US" }, "geometry": { "type": "Point", "coordinates": [ -122.401131, 37.676356 ] } },
{ "type": "Feature", "properties": { "decimalLatitude": 37.676108, "decimalLongitude": -122.401383, "eventDate": "2025-10-07T12:03:26Z", "countryCode": "US" }, "geometry": { "type": "Point", "coordinates": [ -122.401383, 37.676108 ] } },
{ "type": "Feature", "properties": { "decimalLatitude": 39.299836, "decimalLongitude": -121.081878, "eventDate": "2025-10-09T10:56:00Z", "countryCode": "US" }, "geometry": { "type": "Point", "coordinates": [ -121.081878, 39.299836 ] } },
{ "type": "Feature", "properties": { "decimalLatitude": 37.675956, "decimalLongitude": -122.401153, "eventDate": "2025-10-07T12:08:53Z", "countryCode": "US" }, "geometry": { "type": "Point", "coordinates": [ -122.401153, 37.675956 ] } },
{ "type": "Feature", "properties": { "decimalLatitude": 40.558329, "decimalLongitude": -122.414006, "eventDate": "2025-10-11T09:32:57Z", "countryCode": "US" }, "geometry": { "type": "Point", "coordinates": [ -122.414006, 40.558329 ] } },
{ "type": "Feature", "properties": { "decimalLatitude": 37.757389, "decimalLongitude": -122.440285, "eventDate": "2025-10-12T15:32:18Z", "countryCode": "US" }, "geometry": { "type": "Point", "coordinates": [ -122.440285, 37.757389 ] } },
{ "type": "Feature", "properties": { "decimalLatitude": 37.837052, "decimalLongitude": -122.035864, "eventDate": "2025-10-05T13:56:00Z", "countryCode": "US" }, "geometry": { "type": "Point", "coordinates": [ -122.035864, 37.837052 ] } },
{ "type": "Feature", "properties": { "decimalLatitude": 37.98202, "decimalLongitude": -122.575325, "eventDate": "2025-10-13T12:05:51Z", "countryCode": "US" }, "geometry": { "type": "Point", "coordinates": [ -122.575325, 37.98202 ] } },
{ "type": "Feature", "properties": { "decimalLatitude": 37.868723, "decimalLongitude": -122.426788, "eventDate": "2025-10-16T16:01:40Z", "countryCode": "US" }, "geometry": { "type": "Point", "coordinates": [ -122.426788, 37.868723 ] } },
{ "type": "Feature", "properties": { "decimalLatitude": 37.917351, "decimalLongitude": -122.123978, "eventDate": "2025-10-16T17:03:00Z", "countryCode": "US" }, "geometry": { "type": "Point", "coordinates": [ -122.123978, 37.917351 ] } },
{ "type": "Feature", "properties": { "decimalLatitude": 39.894702, "decimalLongitude": -121.919046, "eventDate": "2025-10-26T13:32:49Z", "countryCode": "US" }, "geometry": { "type": "Point", "coordinates": [ -121.919046, 39.894702 ] } },
{ "type": "Feature", "properties": { "decimalLatitude": 38.346261, "decimalLongitude": -122.544556, "eventDate": "2025-10-27T11:35:00Z", "countryCode": "US" }, "geometry": { "type": "Point", "coordinates": [ -122.544556, 38.346261 ] } },
{ "type": "Feature", "properties": { "decimalLatitude": 38.651312, "decimalLongitude": -121.196795, "eventDate": "2025-10-25T11:36:00Z", "countryCode": "US" }, "geometry": { "type": "Point", "coordinates": [ -121.196795, 38.651312 ] } },
{ "type": "Feature", "properties": { "decimalLatitude": 39.294853, "decimalLongitude": -121.205788, "eventDate": "2025-10-25T13:17:14Z", "countryCode": "US" }, "geometry": { "type": "Point", "coordinates": [ -121.205788, 39.294853 ] } },
{ "type": "Feature", "properties": { "decimalLatitude": 38.346706, "decimalLongitude": -122.545372, "eventDate": "2025-10-27T11:31:00Z", "countryCode": "US" }, "geometry": { "type": "Point", "coordinates": [ -122.545372, 38.346706 ] } },
{ "type": "Feature", "properties": { "decimalLatitude": 38.646317, "decimalLongitude": -121.189683, "eventDate": "2025-10-25T13:46:07Z", "countryCode": "US" }, "geometry": { "type": "Point", "coordinates": [ -121.189683, 38.646317 ] } },
{ "type": "Feature", "properties": { "decimalLatitude": 39.294717, "decimalLongitude": -121.205658, "eventDate": "2025-10-25T13:12:18Z", "countryCode": "US" }, "geometry": { "type": "Point", "coordinates": [ -121.205658, 39.294717 ] } },
{ "type": "Feature", "properties": { "decimalLatitude": 38.346103, "decimalLongitude": -122.544778, "eventDate": "2025-10-27T11:34:00Z", "countryCode": "US" }, "geometry": { "type": "Point", "coordinates": [ -122.544778, 38.346103 ] } },
{ "type": "Feature", "properties": { "decimalLatitude": 38.438287, "decimalLongitude": -122.61487, "eventDate": "2025-10-30T12:11:03Z", "countryCode": "US" }, "geometry": { "type": "Point", "coordinates": [ -122.61487, 38.438287 ] } },
{ "type": "Feature", "properties": { "decimalLatitude": 38.485361, "decimalLongitude": -122.842278, "eventDate": "2025-10-28T11:48:00Z", "countryCode": "US" }, "geometry": { "type": "Point", "coordinates": [ -122.842278, 38.485361 ] } },
{ "type": "Feature", "properties": { "decimalLatitude": 38.252513, "decimalLongitude": -122.135567, "eventDate": "2025-10-31T12:11:42Z", "countryCode": "US" }, "geometry": { "type": "Point", "coordinates": [ -122.135567, 38.252513 ] } },
{ "type": "Feature", "properties": { "decimalLatitude": 38.59695, "decimalLongitude": -121.33007, "eventDate": "2025-10-29T13:34:01Z", "countryCode": "US" }, "geometry": { "type": "Point", "coordinates": [ -121.33007, 38.59695 ] } },
{ "type": "Feature", "properties": { "decimalLatitude": 39.764314, "decimalLongitude": -121.796347, "eventDate": "2025-10-18T13:22:32Z", "countryCode": "US" }, "geometry": { "type": "Point", "coordinates": [ -121.796347, 39.764314 ] } },
{ "type": "Feature", "properties": { "decimalLatitude": 39.260563, "decimalLongitude": -121.032883, "eventDate": "2025-10-27T14:22:04Z", "countryCode": "US" }, "geometry": { "type": "Point", "coordinates": [ -121.032883, 39.260563 ] } },
{ "type": "Feature", "properties": { "decimalLatitude": 38.410183, "decimalLongitude": -122.060836, "eventDate": "2025-11-05T10:50:51Z", "countryCode": "US" }, "geometry": { "type": "Point", "coordinates": [ -122.060836, 38.410183 ] } },
{ "type": "Feature", "properties": { "decimalLatitude": 40.784158, "decimalLongitude": -122.342359, "eventDate": "2025-11-06T14:12:30Z", "countryCode": "US" }, "geometry": { "type": "Point", "coordinates": [ -122.342359, 40.784158 ] } },
{ "type": "Feature", "properties": { "decimalLatitude": 38.116422, "decimalLongitude": -122.613347, "eventDate": "2025-11-13T13:05:41Z", "countryCode": "US" }, "geometry": { "type": "Point", "coordinates": [ -122.613347, 38.116422 ] } },
{ "type": "Feature", "properties": { "decimalLatitude": 38.037239, "decimalLongitude": -122.746497, "eventDate": "2025-11-15T11:11:48Z", "countryCode": "US" }, "geometry": { "type": "Point", "coordinates": [ -122.746497, 38.037239 ] } },
{ "type": "Feature", "properties": { "decimalLatitude": 38.117256, "decimalLongitude": -122.615, "eventDate": "2025-11-13T13:38:20Z", "countryCode": "US" }, "geometry": { "type": "Point", "coordinates": [ -122.615, 38.117256 ] } },
{ "type": "Feature", "properties": { "decimalLatitude": 38.463429, "decimalLongitude": -122.967013, "eventDate": "2025-11-17T11:17:40Z", "countryCode": "US" }, "geometry": { "type": "Point", "coordinates": [ -122.967013, 38.463429 ] } },
{ "type": "Feature", "properties": { "decimalLatitude": 40.662005, "decimalLongitude": -122.1267, "eventDate": "2025-11-08T11:44:31Z", "countryCode": "US" }, "geometry": { "type": "Point", "coordinates": [ -122.1267, 40.662005 ] } },
{ "type": "Feature", "properties": { "decimalLatitude": 38.018111, "decimalLongitude": -122.67115, "eventDate": "2025-11-11T16:54:14Z", "countryCode": "US" }, "geometry": { "type": "Point", "coordinates": [ -122.67115, 38.018111 ] } },
{ "type": "Feature", "properties": { "decimalLatitude": 38.004486, "decimalLongitude": -122.708869, "eventDate": "2025-11-21T12:39:00Z", "countryCode": "US" }, "geometry": { "type": "Point", "coordinates": [ -122.708869, 38.004486 ] } },
{ "type": "Feature", "properties": { "decimalLatitude": 38.504525, "decimalLongitude": -122.098647, "eventDate": "2025-11-27T14:33:00Z", "countryCode": "US" }, "geometry": { "type": "Point", "coordinates": [ -122.098647, 38.504525 ] } },
{ "type": "Feature", "properties": { "decimalLatitude": 38.502721, "decimalLongitude": -122.099395, "eventDate": "2025-11-28T10:00:05Z", "countryCode": "US" }, "geometry": { "type": "Point", "coordinates": [ -122.099395, 38.502721 ] } },
{ "type": "Feature", "properties": { "decimalLatitude": 38.503097, "decimalLongitude": -122.354688, "eventDate": "2025-11-12T10:28:11Z", "countryCode": "US" }, "geometry": { "type": "Point", "coordinates": [ -122.354688, 38.503097 ] } },
{ "type": "Feature", "properties": { "decimalLatitude": 38.503189, "decimalLongitude": -122.099289, "eventDate": "2025-11-27T14:29:00Z", "countryCode": "US" }, "geometry": { "type": "Point", "coordinates": [ -122.099289, 38.503189 ] } },
{ "type": "Feature", "properties": { "decimalLatitude": 38.069448, "decimalLongitude": -122.763829, "eventDate": "2025-11-30T16:43:01Z", "countryCode": "US" }, "geometry": { "type": "Point", "coordinates": [ -122.763829, 38.069448 ] } },
{ "type": "Feature", "properties": { "decimalLatitude": 38.51592, "decimalLongitude": -122.35945, "eventDate": "2025-12-03T10:21:39Z", "countryCode": "US" }, "geometry": { "type": "Point", "coordinates": [ -122.35945, 38.51592 ] } },
{ "type": "Feature", "properties": { "decimalLatitude": 38.347194, "decimalLongitude": -122.535531, "eventDate": "2025-12-01T11:14:00Z", "countryCode": "US" }, "geometry": { "type": "Point", "coordinates": [ -122.535531, 38.347194 ] } },
{ "type": "Feature", "properties": { "decimalLatitude": 38.510208, "decimalLongitude": -122.097132, "eventDate": "2025-12-06T08:42:41Z", "countryCode": "US" }, "geometry": { "type": "Point", "coordinates": [ -122.097132, 38.510208 ] } },
{ "type": "Feature", "properties": { "decimalLatitude": 38.003011, "decimalLongitude": -122.16845, "eventDate": "2025-12-26T12:06:12Z", "countryCode": "US" }, "geometry": { "type": "Point", "coordinates": [ -122.16845, 38.003011 ] } },
{ "type": "Feature", "properties": { "decimalLatitude": 38.931544, "decimalLongitude": -121.03051, "eventDate": "2025-12-28T12:15:08Z", "countryCode": "US" }, "geometry": { "type": "Point", "coordinates": [ -121.03051, 38.931544 ] } },
{ "type": "Feature", "properties": { "decimalLatitude": 39.771583, "decimalLongitude": -121.771924, "eventDate": "2025-12-19T13:12:49Z", "countryCode": "US" }, "geometry": { "type": "Point", "coordinates": [ -121.771924, 39.771583 ] } },
{ "type": "Feature", "properties": { "decimalLatitude": 38.511088, "decimalLongitude": -122.100453, "eventDate": "2025-12-06T12:10:29Z", "countryCode": "US" }, "geometry": { "type": "Point", "coordinates": [ -122.100453, 38.511088 ] } },
{ "type": "Feature", "properties": { "decimalLatitude": 38.517363, "decimalLongitude": -122.058328, "eventDate": "2025-12-12T11:55:57Z", "countryCode": "US" }, "geometry": { "type": "Point", "coordinates": [ -122.058328, 38.517363 ] } },
{ "type": "Feature", "properties": { "decimalLatitude": 38.510718, "decimalLongitude": -122.102888, "eventDate": "2025-12-06T11:50:43Z", "countryCode": "US" }, "geometry": { "type": "Point", "coordinates": [ -122.102888, 38.510718 ] } },
{ "type": "Feature", "properties": { "decimalLatitude": 38.630967, "decimalLongitude": -121.271806, "eventDate": "2025-12-10T00:00:00Z", "countryCode": "US" }, "geometry": { "type": "Point", "coordinates": [ -121.271806, 38.630967 ] } },
{ "type": "Feature", "properties": { "decimalLatitude": 38.888914, "decimalLongitude": -121.066131, "eventDate": "2025-12-13T14:02:51Z", "countryCode": "US" }, "geometry": { "type": "Point", "coordinates": [ -121.066131, 38.888914 ] } }
]
}
