{
"type": "FeatureCollection",
"name": "aristolochia-serpentaria-gbif",
"crs": { "type": "name", "properties": { "name": "urn:ogc:def:crs:OGC:1.3:CRS84" } },
"features": [
{ "type": "Feature", "properties": { "decimalLatitude": 30.417984, "decimalLongitude": -97.758602, "eventDate": "2015-04-08T00:00:00Z", "countryCode": "US" }, "geometry": { "type": "Point", "coordinates": [ -97.758602, 30.417984 ] } },
{ "type": "Feature", "properties": { "decimalLatitude": 31.788845, "decimalLongitude": -95.04433, "eventDate": "2015-04-19T10:25:00Z", "countryCode": "US" }, "geometry": { "type": "Point", "coordinates": [ -95.04433, 31.788845 ] } },
{ "type": "Feature", "properties": { "decimalLatitude": 38.035052, "decimalLongitude": -78.569731, "eventDate": "2015-05-16T11:57:11Z", "countryCode": "US" }, "geometry": { "type": "Point", "coordinates": [ -78.569731, 38.035052 ] } },
{ "type": "Feature", "properties": { "decimalLatitude": 34.431438, "decimalLongitude": -92.916942, "eventDate": "2015-05-31T11:59:43Z", "countryCode": "US" }, "geometry": { "type": "Point", "coordinates": [ -92.916942, 34.431438 ] } },
{ "type": "Feature", "properties": { "decimalLatitude": 29.70989, "decimalLongitude": -81.9928, "eventDate": "2015-05-02T00:00:00Z", "countryCode": "US" }, "geometry": { "type": "Point", "coordinates": [ -81.9928, 29.70989 ] } },
{ "type": "Feature", "properties": { "decimalLatitude": 39.06787, "decimalLongitude": -77.232167, "eventDate": "2015-05-25T00:00:00Z", "countryCode": "US" }, "geometry": { "type": "Point", "coordinates": [ -77.232167, 39.06787 ] } },
{ "type": "Feature", "properties": { "decimalLatitude": 39.067803, "decimalLongitude": -77.231738, "eventDate": "2015-05-15T00:00:00Z", "countryCode": "US" }, "geometry": { "type": "Point", "coordinates": [ -77.231738, 39.067803 ] } },
{ "type": "Feature", "properties": { "decimalLatitude": 34.683333, "decimalLongitude": -83.318889, "eventDate": "2015-05-19T00:00:00Z", "countryCode": "US" }, "geometry": { "type": "Point", "coordinates": [ -83.318889, 34.683333 ] } },
{ "type": "Feature", "properties": { "decimalLatitude": 38.559722, "decimalLongitude": -81.933611, "eventDate": "2015-05-06T00:00:00Z", "countryCode": "US" }, "geometry": { "type": "Point", "coordinates": [ -81.933611, 38.559722 ] } },
{ "type": "Feature", "properties": { "decimalLatitude": 34.656333, "decimalLongitude": -86.516217, "eventDate": "2015-05-09T12:29:00Z", "countryCode": "US" }, "geometry": { "type": "Point", "coordinates": [ -86.516217, 34.656333 ] } },
{ "type": "Feature", "properties": { "decimalLatitude": 34.325432, "decimalLongitude": -85.670786, "eventDate": "2015-05-19T12:48:00Z", "countryCode": "US" }, "geometry": { "type": "Point", "coordinates": [ -85.670786, 34.325432 ] } },
{ "type": "Feature", "properties": { "decimalLatitude": 33.098645, "decimalLongitude": -83.713113, "eventDate": "2015-05-13T11:35:18Z", "countryCode": "US" }, "geometry": { "type": "Point", "coordinates": [ -83.713113, 33.098645 ] } },
{ "type": "Feature", "properties": { "decimalLatitude": 41.280825, "decimalLongitude": -81.567812, "eventDate": "2015-06-04T00:00:00Z", "countryCode": "US" }, "geometry": { "type": "Point", "coordinates": [ -81.567812, 41.280825 ] } },
{ "type": "Feature", "properties": { "decimalLatitude": 40.214444, "decimalLongitude": -87.745546, "eventDate": "2015-06-06T11:00:26Z", "countryCode": "US" }, "geometry": { "type": "Point", "coordinates": [ -87.745546, 40.214444 ] } },
{ "type": "Feature", "properties": { "decimalLatitude": 33.878575, "decimalLongitude": -84.409355, "eventDate": "2015-06-13T20:39:05Z", "countryCode": "US" }, "geometry": { "type": "Point", "coordinates": [ -84.409355, 33.878575 ] } },
{ "type": "Feature", "properties": { "decimalLatitude": 33.778058, "decimalLongitude": -84.320213, "eventDate": "2015-06-22T09:35:23Z", "countryCode": "US" }, "geometry": { "type": "Point", "coordinates": [ -84.320213, 33.778058 ] } },
{ "type": "Feature", "properties": { "decimalLatitude": 40.217667, "decimalLongitude": -87.746728, "eventDate": "2015-06-06T00:00:00Z", "countryCode": "US" }, "geometry": { "type": "Point", "coordinates": [ -87.746728, 40.217667 ] } },
{ "type": "Feature", "properties": { "decimalLatitude": 40.178672, "decimalLongitude": -75.952529, "eventDate": "2015-06-25T00:00:00Z", "countryCode": "US" }, "geometry": { "type": "Point", "coordinates": [ -75.952529, 40.178672 ] } },
{ "type": "Feature", "properties": { "decimalLatitude": 41.307756, "decimalLongitude": -81.479034, "eventDate": "2015-06-11T10:24:00Z", "countryCode": "US" }, "geometry": { "type": "Point", "coordinates": [ -81.479034, 41.307756 ] } },
{ "type": "Feature", "properties": { "decimalLatitude": 34.598264, "decimalLongitude": -86.519344, "eventDate": "2015-06-03T13:14:00Z", "countryCode": "US" }, "geometry": { "type": "Point", "coordinates": [ -86.519344, 34.598264 ] } },
{ "type": "Feature", "properties": { "decimalLatitude": 39.721644, "decimalLongitude": -78.641511, "eventDate": "2015-06-27T14:39:00Z", "countryCode": "US" }, "geometry": { "type": "Point", "coordinates": [ -78.641511, 39.721644 ] } },
{ "type": "Feature", "properties": { "decimalLatitude": 37.46456, "decimalLongitude": -79.5841, "eventDate": "2015-07-29T00:00:00Z", "countryCode": "US" }, "geometry": { "type": "Point", "coordinates": [ -79.5841, 37.46456 ] } },
{ "type": "Feature", "properties": { "decimalLatitude": 38.795194, "decimalLongitude": -76.698078, "eventDate": "2015-07-17T00:00:00Z", "countryCode": "US" }, "geometry": { "type": "Point", "coordinates": [ -76.698078, 38.795194 ] } },
{ "type": "Feature", "properties": { "decimalLatitude": 39.737538, "decimalLongitude": -78.51876, "eventDate": "2015-07-23T15:30:37Z", "countryCode": "US" }, "geometry": { "type": "Point", "coordinates": [ -78.51876, 39.737538 ] } },
{ "type": "Feature", "properties": { "decimalLatitude": 39.189724, "decimalLongitude": -76.895177, "eventDate": "2015-07-24T00:00:00Z", "countryCode": "US" }, "geometry": { "type": "Point", "coordinates": [ -76.895177, 39.189724 ] } },
{ "type": "Feature", "properties": { "decimalLatitude": 39.581756, "decimalLongitude": -78.897245, "eventDate": "2015-07-30T00:00:00Z", "countryCode": "US" }, "geometry": { "type": "Point", "coordinates": [ -78.897245, 39.581756 ] } },
{ "type": "Feature", "properties": { "decimalLatitude": 38.415494, "decimalLongitude": -90.70399, "eventDate": "2015-07-12T13:36:00Z", "countryCode": "US" }, "geometry": { "type": "Point", "coordinates": [ -90.70399, 38.415494 ] } },
{ "type": "Feature", "properties": { "decimalLatitude": 35.942508, "decimalLongitude": -92.124018, "eventDate": "2015-09-07T09:30:34Z", "countryCode": "US" }, "geometry": { "type": "Point", "coordinates": [ -92.124018, 35.942508 ] } },
{ "type": "Feature", "properties": { "decimalLatitude": 37.862778, "decimalLongitude": -80.3425, "eventDate": "2015-09-12T00:00:00Z", "countryCode": "US" }, "geometry": { "type": "Point", "coordinates": [ -80.3425, 37.862778 ] } },
{ "type": "Feature", "properties": { "decimalLatitude": 36.013428, "decimalLongitude": -78.685958, "eventDate": "2015-10-11T10:02:00Z", "countryCode": "US" }, "geometry": { "type": "Point", "coordinates": [ -78.685958, 36.013428 ] } },
{ "type": "Feature", "properties": { "decimalLatitude": 30.568317, "decimalLongitude": -91.161544, "eventDate": "2015-11-02T12:35:13Z", "countryCode": "US" }, "geometry": { "type": "Point", "coordinates": [ -91.161544, 30.568317 ] } },
{ "type": "Feature", "properties": { "decimalLatitude": 30.567299, "decimalLongitude": -84.942436, "eventDate": "2015-11-13T16:55:00Z", "countryCode": "US" }, "geometry": { "type": "Point", "coordinates": [ -84.942436, 30.567299 ] } },
{ "type": "Feature", "properties": { "decimalLatitude": 30.36341, "decimalLongitude": -84.67179, "eventDate": "2015-11-17T00:00:00Z", "countryCode": "US" }, "geometry": { "type": "Point", "coordinates": [ -84.67179, 30.36341 ] } },
{ "type": "Feature", "properties": { "decimalLatitude": 34.519829, "decimalLongitude": -93.381307, "eventDate": "2016-04-21T13:29:02Z", "countryCode": "US" }, "geometry": { "type": "Point", "coordinates": [ -93.381307, 34.519829 ] } },
{ "type": "Feature", "properties": { "decimalLatitude": 34.51627, "decimalLongitude": -93.380843, "eventDate": "2016-04-21T11:39:47Z", "countryCode": "US" }, "geometry": { "type": "Point", "coordinates": [ -93.380843, 34.51627 ] } },
{ "type": "Feature", "properties": { "decimalLatitude": 34.638603, "decimalLongitude": -92.840476, "eventDate": "2016-04-24T10:31:11Z", "countryCode": "US" }, "geometry": { "type": "Point", "coordinates": [ -92.840476, 34.638603 ] } },
{ "type": "Feature", "properties": { "decimalLatitude": 34.731331, "decimalLongitude": -92.358359, "eventDate": "2016-05-22T08:46:28Z", "countryCode": "US" }, "geometry": { "type": "Point", "coordinates": [ -92.358359, 34.731331 ] } },
{ "type": "Feature", "properties": { "decimalLatitude": 34.981067, "decimalLongitude": -92.365473, "eventDate": "2016-05-26T12:55:08Z", "countryCode": "US" }, "geometry": { "type": "Point", "coordinates": [ -92.365473, 34.981067 ] } },
{ "type": "Feature", "properties": { "decimalLatitude": 34.936043, "decimalLongitude": -85.246265, "eventDate": "2016-05-02T13:16:47Z", "countryCode": "US" }, "geometry": { "type": "Point", "coordinates": [ -85.246265, 34.936043 ] } },
{ "type": "Feature", "properties": { "decimalLatitude": 37.359886, "decimalLongitude": -88.917543, "eventDate": "2016-05-29T12:35:57Z", "countryCode": "US" }, "geometry": { "type": "Point", "coordinates": [ -88.917543, 37.359886 ] } },
{ "type": "Feature", "properties": { "decimalLatitude": 32.9621, "decimalLongitude": -87.4228, "eventDate": "2016-05-05T00:00:00Z", "countryCode": "US" }, "geometry": { "type": "Point", "coordinates": [ -87.4228, 32.9621 ] } },
{ "type": "Feature", "properties": { "decimalLatitude": 36.015188, "decimalLongitude": -78.978424, "eventDate": "2016-05-19T09:35:00Z", "countryCode": "US" }, "geometry": { "type": "Point", "coordinates": [ -78.978424, 36.015188 ] } },
{ "type": "Feature", "properties": { "decimalLatitude": 36.015591, "decimalLongitude": -78.976078, "eventDate": "2016-05-19T00:00:00Z", "countryCode": "US" }, "geometry": { "type": "Point", "coordinates": [ -78.976078, 36.015591 ] } },
{ "type": "Feature", "properties": { "decimalLatitude": 34.60824, "decimalLongitude": -93.60146, "eventDate": "2016-05-30T00:00:00Z", "countryCode": "US" }, "geometry": { "type": "Point", "coordinates": [ -93.60146, 34.60824 ] } },
{ "type": "Feature", "properties": { "decimalLatitude": 34.68058, "decimalLongitude": -89.46181, "eventDate": "2016-05-04T00:00:00Z", "countryCode": "US" }, "geometry": { "type": "Point", "coordinates": [ -89.46181, 34.68058 ] } },
{ "type": "Feature", "properties": { "decimalLatitude": 32.77216, "decimalLongitude": -88.56892, "eventDate": "2016-05-10T00:00:00Z", "countryCode": "US" }, "geometry": { "type": "Point", "coordinates": [ -88.56892, 32.77216 ] } },
{ "type": "Feature", "properties": { "decimalLatitude": 39.190158, "decimalLongitude": -76.89489, "eventDate": "2016-06-07T00:00:00Z", "countryCode": "US" }, "geometry": { "type": "Point", "coordinates": [ -76.89489, 39.190158 ] } },
{ "type": "Feature", "properties": { "decimalLatitude": 35.10475, "decimalLongitude": -81.26972, "eventDate": "2016-06-09T10:58:00Z", "countryCode": "US" }, "geometry": { "type": "Point", "coordinates": [ -81.26972, 35.10475 ] } },
{ "type": "Feature", "properties": { "decimalLatitude": 41.275277, "decimalLongitude": -81.463158, "eventDate": "2016-06-09T18:04:42Z", "countryCode": "US" }, "geometry": { "type": "Point", "coordinates": [ -81.463158, 41.275277 ] } },
{ "type": "Feature", "properties": { "decimalLatitude": 36.184783, "decimalLongitude": -78.557297, "eventDate": "2016-06-07T09:37:37Z", "countryCode": "US" }, "geometry": { "type": "Point", "coordinates": [ -78.557297, 36.184783 ] } },
{ "type": "Feature", "properties": { "decimalLatitude": 36.185172, "decimalLongitude": -78.557, "eventDate": "2016-06-07T10:16:13Z", "countryCode": "US" }, "geometry": { "type": "Point", "coordinates": [ -78.557, 36.185172 ] } },
{ "type": "Feature", "properties": { "decimalLatitude": 41.273687, "decimalLongitude": -74.249719, "eventDate": "2016-06-04T00:00:00Z", "countryCode": "US" }, "geometry": { "type": "Point", "coordinates": [ -74.249719, 41.273687 ] } },
{ "type": "Feature", "properties": { "decimalLatitude": 39.16827, "decimalLongitude": -77.320428, "eventDate": "2016-06-19T09:43:00Z", "countryCode": "US" }, "geometry": { "type": "Point", "coordinates": [ -77.320428, 39.16827 ] } },
{ "type": "Feature", "properties": { "decimalLatitude": 39.168297, "decimalLongitude": -77.32042, "eventDate": "2016-06-19T09:41:00Z", "countryCode": "US" }, "geometry": { "type": "Point", "coordinates": [ -77.32042, 39.168297 ] } },
{ "type": "Feature", "properties": { "decimalLatitude": 39.168297, "decimalLongitude": -77.32042, "eventDate": "2016-06-19T09:39:00Z", "countryCode": "US" }, "geometry": { "type": "Point", "coordinates": [ -77.32042, 39.168297 ] } },
{ "type": "Feature", "properties": { "decimalLatitude": 39.883, "decimalLongitude": -80.425, "eventDate": "2016-06-15T00:00:00Z", "countryCode": "US" }, "geometry": { "type": "Point", "coordinates": [ -80.425, 39.883 ] } },
{ "type": "Feature", "properties": { "decimalLatitude": 39.827053, "decimalLongitude": -77.330478, "eventDate": "2016-06-11T19:13:00Z", "countryCode": "US" }, "geometry": { "type": "Point", "coordinates": [ -77.330478, 39.827053 ] } },
{ "type": "Feature", "properties": { "decimalLatitude": 31.85784, "decimalLongitude": -90.7089, "eventDate": "2016-06-23T00:00:00Z", "countryCode": "US" }, "geometry": { "type": "Point", "coordinates": [ -90.7089, 31.85784 ] } },
{ "type": "Feature", "properties": { "decimalLatitude": 40.087462, "decimalLongitude": -87.824302, "eventDate": "2016-07-01T11:46:55Z", "countryCode": "US" }, "geometry": { "type": "Point", "coordinates": [ -87.824302, 40.087462 ] } },
{ "type": "Feature", "properties": { "decimalLatitude": 34.687295, "decimalLongitude": -94.376358, "eventDate": "2016-09-25T10:20:13Z", "countryCode": "US" }, "geometry": { "type": "Point", "coordinates": [ -94.376358, 34.687295 ] } },
{ "type": "Feature", "properties": { "decimalLatitude": 38.560833, "decimalLongitude": -90.703333, "eventDate": "2016-09-10T00:00:00Z", "countryCode": "US" }, "geometry": { "type": "Point", "coordinates": [ -90.703333, 38.560833 ] } },
{ "type": "Feature", "properties": { "decimalLatitude": 30.730658, "decimalLongitude": -94.146303, "eventDate": "2016-10-15T11:16:26Z", "countryCode": "US" }, "geometry": { "type": "Point", "coordinates": [ -94.146303, 30.730658 ] } },
{ "type": "Feature", "properties": { "decimalLatitude": 30.725052, "decimalLongitude": -94.133563, "eventDate": "2016-10-15T11:18:00Z", "countryCode": "US" }, "geometry": { "type": "Point", "coordinates": [ -94.133563, 30.725052 ] } },
{ "type": "Feature", "properties": { "decimalLatitude": 30.716895, "decimalLongitude": -94.136728, "eventDate": "2016-10-16T11:11:33Z", "countryCode": "US" }, "geometry": { "type": "Point", "coordinates": [ -94.136728, 30.716895 ] } },
{ "type": "Feature", "properties": { "decimalLatitude": 30.718042, "decimalLongitude": -94.136288, "eventDate": "2016-10-16T10:13:00Z", "countryCode": "US" }, "geometry": { "type": "Point", "coordinates": [ -94.136288, 30.718042 ] } },
{ "type": "Feature", "properties": { "decimalLatitude": 30.344444, "decimalLongitude": -90.911944, "eventDate": "2016-10-25T12:27:00Z", "countryCode": "US" }, "geometry": { "type": "Point", "coordinates": [ -90.911944, 30.344444 ] } },
{ "type": "Feature", "properties": { "decimalLatitude": 35.64524, "decimalLongitude": -93.957726, "eventDate": "2016-11-23T15:41:59Z", "countryCode": "US" }, "geometry": { "type": "Point", "coordinates": [ -93.957726, 35.64524 ] } },
{ "type": "Feature", "properties": { "decimalLatitude": 51.420904, "decimalLongitude": -0.301722, "eventDate": "2016-01-01T00:00:00Z", "countryCode": "GB" }, "geometry": { "type": "Point", "coordinates": [ -0.301722, 51.420904 ] } },
{ "type": "Feature", "properties": { "decimalLatitude": 29.697597, "decimalLongitude": -98.711469, "eventDate": "2017-03-27T10:21:27Z", "countryCode": "US" }, "geometry": { "type": "Point", "coordinates": [ -98.711469, 29.697597 ] } },
{ "type": "Feature", "properties": { "decimalLatitude": 30.857844, "decimalLongitude": -94.172364, "eventDate": "2017-03-30T10:14:00Z", "countryCode": "US" }, "geometry": { "type": "Point", "coordinates": [ -94.172364, 30.857844 ] } },
{ "type": "Feature", "properties": { "decimalLatitude": 30.382232, "decimalLongitude": -97.790163, "eventDate": "2017-03-14T15:31:00Z", "countryCode": "US" }, "geometry": { "type": "Point", "coordinates": [ -97.790163, 30.382232 ] } },
{ "type": "Feature", "properties": { "decimalLatitude": 32.5942, "decimalLongitude": -88.059503, "eventDate": "2017-04-01T13:23:07Z", "countryCode": "US" }, "geometry": { "type": "Point", "coordinates": [ -88.059503, 32.5942 ] } },
{ "type": "Feature", "properties": { "decimalLatitude": 34.638972, "decimalLongitude": -92.840641, "eventDate": "2017-04-20T10:04:43Z", "countryCode": "US" }, "geometry": { "type": "Point", "coordinates": [ -92.840641, 34.638972 ] } },
{ "type": "Feature", "properties": { "decimalLatitude": 30.445872, "decimalLongitude": -97.918419, "eventDate": "2017-04-06T10:22:00Z", "countryCode": "US" }, "geometry": { "type": "Point", "coordinates": [ -97.918419, 30.445872 ] } },
{ "type": "Feature", "properties": { "decimalLatitude": 30.5035, "decimalLongitude": -97.964836, "eventDate": "2017-04-14T09:09:00Z", "countryCode": "US" }, "geometry": { "type": "Point", "coordinates": [ -97.964836, 30.5035 ] } },
{ "type": "Feature", "properties": { "decimalLatitude": 30.382177, "decimalLongitude": -97.790399, "eventDate": "2017-04-15T14:13:00Z", "countryCode": "US" }, "geometry": { "type": "Point", "coordinates": [ -97.790399, 30.382177 ] } },
{ "type": "Feature", "properties": { "decimalLatitude": 29.967813, "decimalLongitude": -99.220949, "eventDate": "2017-04-15T15:26:00Z", "countryCode": "US" }, "geometry": { "type": "Point", "coordinates": [ -99.220949, 29.967813 ] } },
{ "type": "Feature", "properties": { "decimalLatitude": 30.417814, "decimalLongitude": -97.75903, "eventDate": "2017-04-15T17:09:00Z", "countryCode": "US" }, "geometry": { "type": "Point", "coordinates": [ -97.75903, 30.417814 ] } },
{ "type": "Feature", "properties": { "decimalLatitude": 35.023718, "decimalLongitude": -85.581733, "eventDate": "2017-04-25T15:06:09Z", "countryCode": "US" }, "geometry": { "type": "Point", "coordinates": [ -85.581733, 35.023718 ] } },
{ "type": "Feature", "properties": { "decimalLatitude": 35.333658, "decimalLongitude": -80.976849, "eventDate": "2017-04-19T15:36:16Z", "countryCode": "US" }, "geometry": { "type": "Point", "coordinates": [ -80.976849, 35.333658 ] } },
{ "type": "Feature", "properties": { "decimalLatitude": 32.676681, "decimalLongitude": -88.111351, "eventDate": "2017-04-01T10:37:58Z", "countryCode": "US" }, "geometry": { "type": "Point", "coordinates": [ -88.111351, 32.676681 ] } },
{ "type": "Feature", "properties": { "decimalLatitude": 31.51535, "decimalLongitude": -88.99839, "eventDate": "2017-04-28T00:00:00Z", "countryCode": "US" }, "geometry": { "type": "Point", "coordinates": [ -88.99839, 31.51535 ] } },
{ "type": "Feature", "properties": { "decimalLatitude": 35.291489, "decimalLongitude": -92.278217, "eventDate": "2017-05-06T11:16:29Z", "countryCode": "US" }, "geometry": { "type": "Point", "coordinates": [ -92.278217, 35.291489 ] } },
{ "type": "Feature", "properties": { "decimalLatitude": 37.03579, "decimalLongitude": -80.11076, "eventDate": "2017-05-17T14:02:00Z", "countryCode": "US" }, "geometry": { "type": "Point", "coordinates": [ -80.11076, 37.03579 ] } },
{ "type": "Feature", "properties": { "decimalLatitude": 36.176103, "decimalLongitude": -79.794236, "eventDate": "2017-05-19T10:47:00Z", "countryCode": "US" }, "geometry": { "type": "Point", "coordinates": [ -79.794236, 36.176103 ] } },
{ "type": "Feature", "properties": { "decimalLatitude": 35.817422, "decimalLongitude": -81.180358, "eventDate": "2017-05-27T14:10:00Z", "countryCode": "US" }, "geometry": { "type": "Point", "coordinates": [ -81.180358, 35.817422 ] } },
{ "type": "Feature", "properties": { "decimalLatitude": 35.929665, "decimalLongitude": -78.975479, "eventDate": "2017-05-29T12:16:42Z", "countryCode": "US" }, "geometry": { "type": "Point", "coordinates": [ -78.975479, 35.929665 ] } },
{ "type": "Feature", "properties": { "decimalLatitude": 30.196969, "decimalLongitude": -83.925108, "eventDate": "2017-05-06T14:10:39Z", "countryCode": "US" }, "geometry": { "type": "Point", "coordinates": [ -83.925108, 30.196969 ] } },
{ "type": "Feature", "properties": { "decimalLatitude": 35.016201, "decimalLongitude": -85.58507, "eventDate": "2017-05-08T18:56:21Z", "countryCode": "US" }, "geometry": { "type": "Point", "coordinates": [ -85.58507, 35.016201 ] } },
{ "type": "Feature", "properties": { "decimalLatitude": 35.956888, "decimalLongitude": -79.032355, "eventDate": "2017-05-15T10:29:25Z", "countryCode": "US" }, "geometry": { "type": "Point", "coordinates": [ -79.032355, 35.956888 ] } },
{ "type": "Feature", "properties": { "decimalLatitude": 36.307241, "decimalLongitude": -79.393432, "eventDate": "2017-05-29T13:34:24Z", "countryCode": "US" }, "geometry": { "type": "Point", "coordinates": [ -79.393432, 36.307241 ] } },
{ "type": "Feature", "properties": { "decimalLatitude": 30.572182, "decimalLongitude": -97.932388, "eventDate": "2017-05-31T11:25:13Z", "countryCode": "US" }, "geometry": { "type": "Point", "coordinates": [ -97.932388, 30.572182 ] } },
{ "type": "Feature", "properties": { "decimalLatitude": 35.96986, "decimalLongitude": -78.96566, "eventDate": "2017-05-16T13:12:04Z", "countryCode": "US" }, "geometry": { "type": "Point", "coordinates": [ -78.96566, 35.96986 ] } },
{ "type": "Feature", "properties": { "decimalLatitude": 33.168342, "decimalLongitude": -87.664812, "eventDate": "2017-05-20T10:28:00Z", "countryCode": "US" }, "geometry": { "type": "Point", "coordinates": [ -87.664812, 33.168342 ] } },
{ "type": "Feature", "properties": { "decimalLatitude": 30.201517, "decimalLongitude": -83.970512, "eventDate": "2017-05-06T08:18:52Z", "countryCode": "US" }, "geometry": { "type": "Point", "coordinates": [ -83.970512, 30.201517 ] } },
{ "type": "Feature", "properties": { "decimalLatitude": 40.487542, "decimalLongitude": -80.264998, "eventDate": "2017-05-26T18:58:45Z", "countryCode": "US" }, "geometry": { "type": "Point", "coordinates": [ -80.264998, 40.487542 ] } },
{ "type": "Feature", "properties": { "decimalLatitude": 40.696136, "decimalLongitude": -89.538692, "eventDate": "2017-06-03T13:20:00Z", "countryCode": "US" }, "geometry": { "type": "Point", "coordinates": [ -89.538692, 40.696136 ] } },
{ "type": "Feature", "properties": { "decimalLatitude": 35.29102, "decimalLongitude": -80.689012, "eventDate": "2017-06-11T15:52:40Z", "countryCode": "US" }, "geometry": { "type": "Point", "coordinates": [ -80.689012, 35.29102 ] } },
{ "type": "Feature", "properties": { "decimalLatitude": 37.644192, "decimalLongitude": -89.182975, "eventDate": "2017-06-10T15:23:12Z", "countryCode": "US" }, "geometry": { "type": "Point", "coordinates": [ -89.182975, 37.644192 ] } },
{ "type": "Feature", "properties": { "decimalLatitude": 34.603255, "decimalLongitude": -93.566117, "eventDate": "2017-06-16T09:52:11Z", "countryCode": "US" }, "geometry": { "type": "Point", "coordinates": [ -93.566117, 34.603255 ] } },
{ "type": "Feature", "properties": { "decimalLatitude": 39.931779, "decimalLongitude": -83.720406, "eventDate": "2017-06-17T15:22:58Z", "countryCode": "US" }, "geometry": { "type": "Point", "coordinates": [ -83.720406, 39.931779 ] } },
{ "type": "Feature", "properties": { "decimalLatitude": 30.295172, "decimalLongitude": -95.669489, "eventDate": "2017-06-21T08:44:00Z", "countryCode": "US" }, "geometry": { "type": "Point", "coordinates": [ -95.669489, 30.295172 ] } },
{ "type": "Feature", "properties": { "decimalLatitude": 40.331211, "decimalLongitude": -75.494914, "eventDate": "2017-06-24T11:47:31Z", "countryCode": "US" }, "geometry": { "type": "Point", "coordinates": [ -75.494914, 40.331211 ] } },
{ "type": "Feature", "properties": { "decimalLatitude": 32.273515, "decimalLongitude": -81.117514, "eventDate": "2017-06-16T00:00:00Z", "countryCode": "US" }, "geometry": { "type": "Point", "coordinates": [ -81.117514, 32.273515 ] } },
{ "type": "Feature", "properties": { "decimalLatitude": 34.284886, "decimalLongitude": -87.398347, "eventDate": "2017-06-07T11:17:00Z", "countryCode": "US" }, "geometry": { "type": "Point", "coordinates": [ -87.398347, 34.284886 ] } },
{ "type": "Feature", "properties": { "decimalLatitude": 29.8312, "decimalLongitude": -99.574905, "eventDate": "2017-06-28T15:46:57Z", "countryCode": "US" }, "geometry": { "type": "Point", "coordinates": [ -99.574905, 29.8312 ] } },
{ "type": "Feature", "properties": { "decimalLatitude": 35.637752, "decimalLongitude": -83.912215, "eventDate": "2017-07-27T11:24:49Z", "countryCode": "US" }, "geometry": { "type": "Point", "coordinates": [ -83.912215, 35.637752 ] } },
{ "type": "Feature", "properties": { "decimalLatitude": 37.825204, "decimalLongitude": -83.673738, "eventDate": "2017-07-28T00:00:00Z", "countryCode": "US" }, "geometry": { "type": "Point", "coordinates": [ -83.673738, 37.825204 ] } },
{ "type": "Feature", "properties": { "decimalLatitude": 40.158617, "decimalLongitude": -79.262583, "eventDate": "2017-07-10T00:00:00Z", "countryCode": "US" }, "geometry": { "type": "Point", "coordinates": [ -79.262583, 40.158617 ] } },
{ "type": "Feature", "properties": { "decimalLatitude": 41.67753, "decimalLongitude": -87.86833, "eventDate": "2017-08-04T13:27:36Z", "countryCode": "US" }, "geometry": { "type": "Point", "coordinates": [ -87.86833, 41.67753 ] } },
{ "type": "Feature", "properties": { "decimalLatitude": 30.23685, "decimalLongitude": -84.3063, "eventDate": "2017-08-29T00:00:00Z", "countryCode": "US" }, "geometry": { "type": "Point", "coordinates": [ -84.3063, 30.23685 ] } },
{ "type": "Feature", "properties": { "decimalLatitude": 35.966811, "decimalLongitude": -92.162957, "eventDate": "2017-09-03T11:10:02Z", "countryCode": "US" }, "geometry": { "type": "Point", "coordinates": [ -92.162957, 35.966811 ] } },
{ "type": "Feature", "properties": { "decimalLatitude": 37.362123, "decimalLongitude": -88.925645, "eventDate": "2017-09-20T10:43:00Z", "countryCode": "US" }, "geometry": { "type": "Point", "coordinates": [ -88.925645, 37.362123 ] } },
{ "type": "Feature", "properties": { "decimalLatitude": 35.504481, "decimalLongitude": -91.83891, "eventDate": "2017-09-02T10:28:41Z", "countryCode": "US" }, "geometry": { "type": "Point", "coordinates": [ -91.83891, 35.504481 ] } },
{ "type": "Feature", "properties": { "decimalLatitude": 38.796218, "decimalLongitude": -76.701806, "eventDate": "2017-09-30T00:00:00Z", "countryCode": "US" }, "geometry": { "type": "Point", "coordinates": [ -76.701806, 38.796218 ] } },
{ "type": "Feature", "properties": { "decimalLatitude": 30.58957, "decimalLongitude": -85.55584, "eventDate": "2017-09-19T00:00:00Z", "countryCode": "US" }, "geometry": { "type": "Point", "coordinates": [ -85.55584, 30.58957 ] } },
{ "type": "Feature", "properties": { "decimalLatitude": 34.711672, "decimalLongitude": -92.2908, "eventDate": "2017-10-28T11:47:49Z", "countryCode": "US" }, "geometry": { "type": "Point", "coordinates": [ -92.2908, 34.711672 ] } },
{ "type": "Feature", "properties": { "decimalLatitude": 30.443272, "decimalLongitude": -84.19828, "eventDate": "2017-10-19T13:46:14Z", "countryCode": "US" }, "geometry": { "type": "Point", "coordinates": [ -84.19828, 30.443272 ] } },
{ "type": "Feature", "properties": { "decimalLatitude": 32.681159, "decimalLongitude": -80.349605, "eventDate": "2017-11-18T12:51:00Z", "countryCode": "US" }, "geometry": { "type": "Point", "coordinates": [ -80.349605, 32.681159 ] } },
{ "type": "Feature", "properties": { "decimalLatitude": 32.250881, "decimalLongitude": -86.088743, "eventDate": "2018-03-27T00:00:00Z", "countryCode": "US" }, "geometry": { "type": "Point", "coordinates": [ -86.088743, 32.250881 ] } },
{ "type": "Feature", "properties": { "decimalLatitude": 29.629896, "decimalLongitude": -98.521056, "eventDate": "2018-04-04T12:34:02Z", "countryCode": "US" }, "geometry": { "type": "Point", "coordinates": [ -98.521056, 29.629896 ] } },
{ "type": "Feature", "properties": { "decimalLatitude": 29.818553, "decimalLongitude": -99.570922, "eventDate": "2018-04-08T11:54:04Z", "countryCode": "US" }, "geometry": { "type": "Point", "coordinates": [ -99.570922, 29.818553 ] } },
{ "type": "Feature", "properties": { "decimalLatitude": 30.569714, "decimalLongitude": -91.161283, "eventDate": "2018-04-21T14:06:31Z", "countryCode": "US" }, "geometry": { "type": "Point", "coordinates": [ -91.161283, 30.569714 ] } },
{ "type": "Feature", "properties": { "decimalLatitude": 35.987484, "decimalLongitude": -79.009114, "eventDate": "2018-04-27T14:46:20Z", "countryCode": "US" }, "geometry": { "type": "Point", "coordinates": [ -79.009114, 35.987484 ] } },
{ "type": "Feature", "properties": { "decimalLatitude": 30.395164, "decimalLongitude": -97.895123, "eventDate": "2018-04-27T12:29:38Z", "countryCode": "US" }, "geometry": { "type": "Point", "coordinates": [ -97.895123, 30.395164 ] } },
{ "type": "Feature", "properties": { "decimalLatitude": 35.989838, "decimalLongitude": -79.052774, "eventDate": "2018-04-28T14:06:11Z", "countryCode": "US" }, "geometry": { "type": "Point", "coordinates": [ -79.052774, 35.989838 ] } },
{ "type": "Feature", "properties": { "decimalLatitude": 29.818787, "decimalLongitude": -99.571068, "eventDate": "2018-04-08T11:54:04Z", "countryCode": "US" }, "geometry": { "type": "Point", "coordinates": [ -99.571068, 29.818787 ] } },
{ "type": "Feature", "properties": { "decimalLatitude": 29.81836, "decimalLongitude": -99.572096, "eventDate": "2018-04-08T12:34:00Z", "countryCode": "US" }, "geometry": { "type": "Point", "coordinates": [ -99.572096, 29.81836 ] } },
{ "type": "Feature", "properties": { "decimalLatitude": 32.548028, "decimalLongitude": -85.485405, "eventDate": "2018-04-20T14:09:53Z", "countryCode": "US" }, "geometry": { "type": "Point", "coordinates": [ -85.485405, 32.548028 ] } },
{ "type": "Feature", "properties": { "decimalLatitude": 30.336598, "decimalLongitude": -97.776435, "eventDate": "2018-04-25T13:06:46Z", "countryCode": "US" }, "geometry": { "type": "Point", "coordinates": [ -97.776435, 30.336598 ] } },
{ "type": "Feature", "properties": { "decimalLatitude": 29.570148, "decimalLongitude": -98.422914, "eventDate": "2018-04-29T18:57:10Z", "countryCode": "US" }, "geometry": { "type": "Point", "coordinates": [ -98.422914, 29.570148 ] } },
{ "type": "Feature", "properties": { "decimalLatitude": 30.619485, "decimalLongitude": -98.071496, "eventDate": "2018-04-28T15:21:00Z", "countryCode": "US" }, "geometry": { "type": "Point", "coordinates": [ -98.071496, 30.619485 ] } },
{ "type": "Feature", "properties": { "decimalLatitude": 32.681123, "decimalLongitude": -80.349857, "eventDate": "2018-04-21T08:39:00Z", "countryCode": "US" }, "geometry": { "type": "Point", "coordinates": [ -80.349857, 32.681123 ] } },
{ "type": "Feature", "properties": { "decimalLatitude": 30.677414, "decimalLongitude": -97.764672, "eventDate": "2018-04-26T17:24:00Z", "countryCode": "US" }, "geometry": { "type": "Point", "coordinates": [ -97.764672, 30.677414 ] } },
{ "type": "Feature", "properties": { "decimalLatitude": 29.82726, "decimalLongitude": -99.592435, "eventDate": "2018-04-08T09:40:56Z", "countryCode": "US" }, "geometry": { "type": "Point", "coordinates": [ -99.592435, 29.82726 ] } },
{ "type": "Feature", "properties": { "decimalLatitude": 31.666472, "decimalLongitude": -91.151444, "eventDate": "2018-04-17T00:00:00Z", "countryCode": "US" }, "geometry": { "type": "Point", "coordinates": [ -91.151444, 31.666472 ] } },
{ "type": "Feature", "properties": { "decimalLatitude": 30.161308, "decimalLongitude": -98.041032, "eventDate": "2018-04-27T11:42:39Z", "countryCode": "US" }, "geometry": { "type": "Point", "coordinates": [ -98.041032, 30.161308 ] } },
{ "type": "Feature", "properties": { "decimalLatitude": 35.982836, "decimalLongitude": -79.170451, "eventDate": "2018-05-05T15:55:43Z", "countryCode": "US" }, "geometry": { "type": "Point", "coordinates": [ -79.170451, 35.982836 ] } },
{ "type": "Feature", "properties": { "decimalLatitude": 29.624877, "decimalLongitude": -98.573972, "eventDate": "2018-05-09T17:45:46Z", "countryCode": "US" }, "geometry": { "type": "Point", "coordinates": [ -98.573972, 29.624877 ] } },
{ "type": "Feature", "properties": { "decimalLatitude": 35.843459, "decimalLongitude": -78.424834, "eventDate": "2018-05-11T10:41:14Z", "countryCode": "US" }, "geometry": { "type": "Point", "coordinates": [ -78.424834, 35.843459 ] } },
{ "type": "Feature", "properties": { "decimalLatitude": 35.840847, "decimalLongitude": -78.390188, "eventDate": "2018-05-11T10:37:30Z", "countryCode": "US" }, "geometry": { "type": "Point", "coordinates": [ -78.390188, 35.840847 ] } },
{ "type": "Feature", "properties": { "decimalLatitude": 35.654901, "decimalLongitude": -82.484383, "eventDate": "2018-05-15T14:29:00Z", "countryCode": "US" }, "geometry": { "type": "Point", "coordinates": [ -82.484383, 35.654901 ] } },
{ "type": "Feature", "properties": { "decimalLatitude": 31.127506, "decimalLongitude": -93.785161, "eventDate": "2018-05-11T12:30:00Z", "countryCode": "US" }, "geometry": { "type": "Point", "coordinates": [ -93.785161, 31.127506 ] } },
{ "type": "Feature", "properties": { "decimalLatitude": 37.026585, "decimalLongitude": -91.172696, "eventDate": "2018-05-19T16:39:00Z", "countryCode": "US" }, "geometry": { "type": "Point", "coordinates": [ -91.172696, 37.026585 ] } },
{ "type": "Feature", "properties": { "decimalLatitude": 35.955813, "decimalLongitude": -78.834804, "eventDate": "2018-05-20T12:08:51Z", "countryCode": "US" }, "geometry": { "type": "Point", "coordinates": [ -78.834804, 35.955813 ] } },
{ "type": "Feature", "properties": { "decimalLatitude": 35.90378, "decimalLongitude": -78.628202, "eventDate": "2018-05-30T18:43:23Z", "countryCode": "US" }, "geometry": { "type": "Point", "coordinates": [ -78.628202, 35.90378 ] } },
{ "type": "Feature", "properties": { "decimalLatitude": 34.818895, "decimalLongitude": -92.454831, "eventDate": "2018-05-08T16:59:57Z", "countryCode": "US" }, "geometry": { "type": "Point", "coordinates": [ -92.454831, 34.818895 ] } },
{ "type": "Feature", "properties": { "decimalLatitude": 36.7562, "decimalLongitude": -78.738147, "eventDate": "2018-05-10T11:07:53Z", "countryCode": "US" }, "geometry": { "type": "Point", "coordinates": [ -78.738147, 36.7562 ] } },
{ "type": "Feature", "properties": { "decimalLatitude": 35.993137, "decimalLongitude": -79.053974, "eventDate": "2018-05-12T13:15:00Z", "countryCode": "US" }, "geometry": { "type": "Point", "coordinates": [ -79.053974, 35.993137 ] } },
{ "type": "Feature", "properties": { "decimalLatitude": 36.091897, "decimalLongitude": -79.832114, "eventDate": "2018-05-18T14:29:00Z", "countryCode": "US" }, "geometry": { "type": "Point", "coordinates": [ -79.832114, 36.091897 ] } },
{ "type": "Feature", "properties": { "decimalLatitude": 35.884037, "decimalLongitude": -79.125655, "eventDate": "2018-05-24T18:30:22Z", "countryCode": "US" }, "geometry": { "type": "Point", "coordinates": [ -79.125655, 35.884037 ] } },
{ "type": "Feature", "properties": { "decimalLatitude": 40.227842, "decimalLongitude": -88.355995, "eventDate": "2018-05-26T11:29:15Z", "countryCode": "US" }, "geometry": { "type": "Point", "coordinates": [ -88.355995, 40.227842 ] } },
{ "type": "Feature", "properties": { "decimalLatitude": 30.514211, "decimalLongitude": -84.447716, "eventDate": "2018-05-09T09:22:00Z", "countryCode": "US" }, "geometry": { "type": "Point", "coordinates": [ -84.447716, 30.514211 ] } },
{ "type": "Feature", "properties": { "decimalLatitude": 36.975074, "decimalLongitude": -91.018917, "eventDate": "2018-05-20T22:21:00Z", "countryCode": "US" }, "geometry": { "type": "Point", "coordinates": [ -91.018917, 36.975074 ] } },
{ "type": "Feature", "properties": { "decimalLatitude": 31.438927, "decimalLongitude": -86.935308, "eventDate": "2018-05-02T02:51:00Z", "countryCode": "US" }, "geometry": { "type": "Point", "coordinates": [ -86.935308, 31.438927 ] } },
{ "type": "Feature", "properties": { "decimalLatitude": 38.630264, "decimalLongitude": -90.697151, "eventDate": "2018-05-16T00:00:00Z", "countryCode": "US" }, "geometry": { "type": "Point", "coordinates": [ -90.697151, 38.630264 ] } },
{ "type": "Feature", "properties": { "decimalLatitude": 38.630264, "decimalLongitude": -90.697151, "eventDate": "2018-05-16T00:00:00Z", "countryCode": "US" }, "geometry": { "type": "Point", "coordinates": [ -90.697151, 38.630264 ] } },
{ "type": "Feature", "properties": { "decimalLatitude": 31.01005, "decimalLongitude": -85.040371, "eventDate": "2018-05-26T11:36:00Z", "countryCode": "US" }, "geometry": { "type": "Point", "coordinates": [ -85.040371, 31.01005 ] } },
{ "type": "Feature", "properties": { "decimalLatitude": 30.003721, "decimalLongitude": -98.916718, "eventDate": "2018-05-15T13:50:00Z", "countryCode": "US" }, "geometry": { "type": "Point", "coordinates": [ -98.916718, 30.003721 ] } },
{ "type": "Feature", "properties": { "decimalLatitude": 35.982775, "decimalLongitude": -78.557418, "eventDate": "2018-05-21T09:35:00Z", "countryCode": "US" }, "geometry": { "type": "Point", "coordinates": [ -78.557418, 35.982775 ] } },
{ "type": "Feature", "properties": { "decimalLatitude": 32.108441, "decimalLongitude": -94.273015, "eventDate": "2018-05-04T00:00:00Z", "countryCode": "US" }, "geometry": { "type": "Point", "coordinates": [ -94.273015, 32.108441 ] } },
{ "type": "Feature", "properties": { "decimalLatitude": 32.2571, "decimalLongitude": -89.9387, "eventDate": "2018-05-22T00:00:00Z", "countryCode": "US" }, "geometry": { "type": "Point", "coordinates": [ -89.9387, 32.2571 ] } },
{ "type": "Feature", "properties": { "decimalLatitude": 34.656344, "decimalLongitude": -86.516209, "eventDate": "2018-05-24T12:05:00Z", "countryCode": "US" }, "geometry": { "type": "Point", "coordinates": [ -86.516209, 34.656344 ] } },
{ "type": "Feature", "properties": { "decimalLatitude": 39.743053, "decimalLongitude": -75.946032, "eventDate": "2018-06-03T17:05:59Z", "countryCode": "US" }, "geometry": { "type": "Point", "coordinates": [ -75.946032, 39.743053 ] } },
{ "type": "Feature", "properties": { "decimalLatitude": 39.217717, "decimalLongitude": -76.916358, "eventDate": "2018-06-14T13:26:11Z", "countryCode": "US" }, "geometry": { "type": "Point", "coordinates": [ -76.916358, 39.217717 ] } },
{ "type": "Feature", "properties": { "decimalLatitude": 39.548722, "decimalLongitude": -82.056464, "eventDate": "2018-06-13T20:04:09Z", "countryCode": "US" }, "geometry": { "type": "Point", "coordinates": [ -82.056464, 39.548722 ] } },
{ "type": "Feature", "properties": { "decimalLatitude": 41.328276, "decimalLongitude": -81.529122, "eventDate": "2018-06-18T17:17:19Z", "countryCode": "US" }, "geometry": { "type": "Point", "coordinates": [ -81.529122, 41.328276 ] } },
{ "type": "Feature", "properties": { "decimalLatitude": 41.222864, "decimalLongitude": -81.555906, "eventDate": "2018-06-18T17:17:28Z", "countryCode": "US" }, "geometry": { "type": "Point", "coordinates": [ -81.555906, 41.222864 ] } },
{ "type": "Feature", "properties": { "decimalLatitude": 33.130952, "decimalLongitude": -81.189257, "eventDate": "2018-06-14T00:00:00Z", "countryCode": "US" }, "geometry": { "type": "Point", "coordinates": [ -81.189257, 33.130952 ] } },
{ "type": "Feature", "properties": { "decimalLatitude": 30.705206, "decimalLongitude": -97.779872, "eventDate": "2018-06-12T17:49:00Z", "countryCode": "US" }, "geometry": { "type": "Point", "coordinates": [ -97.779872, 30.705206 ] } },
{ "type": "Feature", "properties": { "decimalLatitude": 29.624236, "decimalLongitude": -98.579117, "eventDate": "2018-06-04T12:17:40Z", "countryCode": "US" }, "geometry": { "type": "Point", "coordinates": [ -98.579117, 29.624236 ] } },
{ "type": "Feature", "properties": { "decimalLatitude": 41.644929, "decimalLongitude": -87.982645, "eventDate": "2018-06-13T11:53:56Z", "countryCode": "US" }, "geometry": { "type": "Point", "coordinates": [ -87.982645, 41.644929 ] } },
{ "type": "Feature", "properties": { "decimalLatitude": 34.423317, "decimalLongitude": -89.647491, "eventDate": "2018-06-29T10:15:14Z", "countryCode": "US" }, "geometry": { "type": "Point", "coordinates": [ -89.647491, 34.423317 ] } },
{ "type": "Feature", "properties": { "decimalLatitude": 39.0, "decimalLongitude": -81.0, "eventDate": "2018-06-14T00:00:00Z", "countryCode": "US" }, "geometry": { "type": "Point", "coordinates": [ -81.0, 39.0 ] } },
{ "type": "Feature", "properties": { "decimalLatitude": 34.581201, "decimalLongitude": -86.730553, "eventDate": "2018-06-16T16:43:00Z", "countryCode": "US" }, "geometry": { "type": "Point", "coordinates": [ -86.730553, 34.581201 ] } },
{ "type": "Feature", "properties": { "decimalLatitude": 34.545628, "decimalLongitude": -86.769929, "eventDate": "2018-06-11T14:22:00Z", "countryCode": "US" }, "geometry": { "type": "Point", "coordinates": [ -86.769929, 34.545628 ] } },
{ "type": "Feature", "properties": { "decimalLatitude": 35.887814, "decimalLongitude": -78.814392, "eventDate": "2018-07-08T11:11:42Z", "countryCode": "US" }, "geometry": { "type": "Point", "coordinates": [ -78.814392, 35.887814 ] } },
{ "type": "Feature", "properties": { "decimalLatitude": 32.991142, "decimalLongitude": -87.133889, "eventDate": "2018-07-13T14:41:18Z", "countryCode": "US" }, "geometry": { "type": "Point", "coordinates": [ -87.133889, 32.991142 ] } },
{ "type": "Feature", "properties": { "decimalLatitude": 36.04763, "decimalLongitude": -84.203424, "eventDate": "2018-07-14T13:34:37Z", "countryCode": "US" }, "geometry": { "type": "Point", "coordinates": [ -84.203424, 36.04763 ] } },
{ "type": "Feature", "properties": { "decimalLatitude": 30.934103, "decimalLongitude": -89.40267, "eventDate": "2018-07-07T07:41:16Z", "countryCode": "US" }, "geometry": { "type": "Point", "coordinates": [ -89.40267, 30.934103 ] } },
{ "type": "Feature", "properties": { "decimalLatitude": 38.796807, "decimalLongitude": -76.702843, "eventDate": "2018-07-27T11:40:00Z", "countryCode": "US" }, "geometry": { "type": "Point", "coordinates": [ -76.702843, 38.796807 ] } },
{ "type": "Feature", "properties": { "decimalLatitude": 36.048054, "decimalLongitude": -84.203613, "eventDate": "2018-07-14T13:41:22Z", "countryCode": "US" }, "geometry": { "type": "Point", "coordinates": [ -84.203613, 36.048054 ] } },
{ "type": "Feature", "properties": { "decimalLatitude": 41.840029, "decimalLongitude": -84.353889, "eventDate": "2018-08-11T09:42:00Z", "countryCode": "US" }, "geometry": { "type": "Point", "coordinates": [ -84.353889, 41.840029 ] } },
{ "type": "Feature", "properties": { "decimalLatitude": 37.351363, "decimalLongitude": -88.91873, "eventDate": "2018-08-18T09:57:57Z", "countryCode": "US" }, "geometry": { "type": "Point", "coordinates": [ -88.91873, 37.351363 ] } },
{ "type": "Feature", "properties": { "decimalLatitude": 31.194617, "decimalLongitude": -84.449811, "eventDate": "2018-08-06T15:50:00Z", "countryCode": "US" }, "geometry": { "type": "Point", "coordinates": [ -84.449811, 31.194617 ] } },
{ "type": "Feature", "properties": { "decimalLatitude": 41.965086, "decimalLongitude": -84.314346, "eventDate": "2018-08-11T08:53:00Z", "countryCode": "US" }, "geometry": { "type": "Point", "coordinates": [ -84.314346, 41.965086 ] } },
{ "type": "Feature", "properties": { "decimalLatitude": 34.92012, "decimalLongitude": -93.06098, "eventDate": "2018-08-02T00:00:00Z", "countryCode": "US" }, "geometry": { "type": "Point", "coordinates": [ -93.06098, 34.92012 ] } },
{ "type": "Feature", "properties": { "decimalLatitude": 30.358644, "decimalLongitude": -97.91395, "eventDate": "2018-08-02T09:33:00Z", "countryCode": "US" }, "geometry": { "type": "Point", "coordinates": [ -97.91395, 30.358644 ] } },
{ "type": "Feature", "properties": { "decimalLatitude": 40.315687, "decimalLongitude": -75.898591, "eventDate": "2018-08-22T14:50:00Z", "countryCode": "US" }, "geometry": { "type": "Point", "coordinates": [ -75.898591, 40.315687 ] } },
{ "type": "Feature", "properties": { "decimalLatitude": 37.575701, "decimalLongitude": -77.995834, "eventDate": "2018-09-12T13:23:19Z", "countryCode": "US" }, "geometry": { "type": "Point", "coordinates": [ -77.995834, 37.575701 ] } },
{ "type": "Feature", "properties": { "decimalLatitude": 35.48375, "decimalLongitude": -78.921689, "eventDate": "2018-09-19T13:48:00Z", "countryCode": "US" }, "geometry": { "type": "Point", "coordinates": [ -78.921689, 35.48375 ] } },
{ "type": "Feature", "properties": { "decimalLatitude": 32.036617, "decimalLongitude": -85.460578, "eventDate": "2018-09-21T09:58:35Z", "countryCode": "US" }, "geometry": { "type": "Point", "coordinates": [ -85.460578, 32.036617 ] } },
{ "type": "Feature", "properties": { "decimalLatitude": 30.925442, "decimalLongitude": -88.918887, "eventDate": "2018-09-03T10:52:18Z", "countryCode": "US" }, "geometry": { "type": "Point", "coordinates": [ -88.918887, 30.925442 ] } },
{ "type": "Feature", "properties": { "decimalLatitude": 35.943028, "decimalLongitude": -79.138625, "eventDate": "2018-10-06T13:04:17Z", "countryCode": "US" }, "geometry": { "type": "Point", "coordinates": [ -79.138625, 35.943028 ] } },
{ "type": "Feature", "properties": { "decimalLatitude": 35.697056, "decimalLongitude": -79.364244, "eventDate": "2018-10-19T12:32:42Z", "countryCode": "US" }, "geometry": { "type": "Point", "coordinates": [ -79.364244, 35.697056 ] } },
{ "type": "Feature", "properties": { "decimalLatitude": 31.210012, "decimalLongitude": -89.163705, "eventDate": "2018-10-23T09:31:29Z", "countryCode": "US" }, "geometry": { "type": "Point", "coordinates": [ -89.163705, 31.210012 ] } },
{ "type": "Feature", "properties": { "decimalLatitude": 30.305861, "decimalLongitude": -97.819984, "eventDate": "2018-10-27T17:00:57Z", "countryCode": "US" }, "geometry": { "type": "Point", "coordinates": [ -97.819984, 30.305861 ] } },
{ "type": "Feature", "properties": { "decimalLatitude": 32.154296, "decimalLongitude": -89.254169, "eventDate": "2018-10-06T12:00:36Z", "countryCode": "US" }, "geometry": { "type": "Point", "coordinates": [ -89.254169, 32.154296 ] } },
{ "type": "Feature", "properties": { "decimalLatitude": 29.807931, "decimalLongitude": -81.867958, "eventDate": "2018-10-13T11:08:00Z", "countryCode": "US" }, "geometry": { "type": "Point", "coordinates": [ -81.867958, 29.807931 ] } },
{ "type": "Feature", "properties": { "decimalLatitude": 29.80795, "decimalLongitude": -81.867958, "eventDate": "2018-10-13T11:09:26Z", "countryCode": "US" }, "geometry": { "type": "Point", "coordinates": [ -81.867958, 29.80795 ] } },
{ "type": "Feature", "properties": { "decimalLatitude": 31.581448, "decimalLongitude": -90.250683, "eventDate": "2018-11-20T14:17:20Z", "countryCode": "US" }, "geometry": { "type": "Point", "coordinates": [ -90.250683, 31.581448 ] } },
{ "type": "Feature", "properties": { "decimalLatitude": 28.998347, "decimalLongitude": -81.3377, "eventDate": "2018-11-03T18:36:15Z", "countryCode": "US" }, "geometry": { "type": "Point", "coordinates": [ -81.3377, 28.998347 ] } },
{ "type": "Feature", "properties": { "decimalLatitude": 29.778161, "decimalLongitude": -81.495711, "eventDate": "2019-03-11T14:10:00Z", "countryCode": "US" }, "geometry": { "type": "Point", "coordinates": [ -81.495711, 29.778161 ] } },
{ "type": "Feature", "properties": { "decimalLatitude": 29.657111, "decimalLongitude": -81.259217, "eventDate": "2019-03-13T10:07:00Z", "countryCode": "US" }, "geometry": { "type": "Point", "coordinates": [ -81.259217, 29.657111 ] } },
{ "type": "Feature", "properties": { "decimalLatitude": 29.819754, "decimalLongitude": -99.585804, "eventDate": "2019-03-24T13:36:51Z", "countryCode": "US" }, "geometry": { "type": "Point", "coordinates": [ -99.585804, 29.819754 ] } },
{ "type": "Feature", "properties": { "decimalLatitude": 29.823552, "decimalLongitude": -99.602603, "eventDate": "2019-03-24T15:15:46Z", "countryCode": "US" }, "geometry": { "type": "Point", "coordinates": [ -99.602603, 29.823552 ] } },
{ "type": "Feature", "properties": { "decimalLatitude": 31.464993, "decimalLongitude": -89.301826, "eventDate": "2019-04-09T16:05:47Z", "countryCode": "US" }, "geometry": { "type": "Point", "coordinates": [ -89.301826, 31.464993 ] } },
{ "type": "Feature", "properties": { "decimalLatitude": 29.699811, "decimalLongitude": -98.624033, "eventDate": "2019-04-17T12:49:07Z", "countryCode": "US" }, "geometry": { "type": "Point", "coordinates": [ -98.624033, 29.699811 ] } },
{ "type": "Feature", "properties": { "decimalLatitude": 31.497243, "decimalLongitude": -89.265444, "eventDate": "2019-04-22T18:35:48Z", "countryCode": "US" }, "geometry": { "type": "Point", "coordinates": [ -89.265444, 31.497243 ] } },
{ "type": "Feature", "properties": { "decimalLatitude": 29.719577, "decimalLongitude": -98.417443, "eventDate": "2019-04-23T11:21:35Z", "countryCode": "US" }, "geometry": { "type": "Point", "coordinates": [ -98.417443, 29.719577 ] } },
{ "type": "Feature", "properties": { "decimalLatitude": 30.941634, "decimalLongitude": -94.337726, "eventDate": "2019-04-24T16:05:32Z", "countryCode": "US" }, "geometry": { "type": "Point", "coordinates": [ -94.337726, 30.941634 ] } },
{ "type": "Feature", "properties": { "decimalLatitude": 33.778042, "decimalLongitude": -84.320275, "eventDate": "2019-04-26T08:30:31Z", "countryCode": "US" }, "geometry": { "type": "Point", "coordinates": [ -84.320275, 33.778042 ] } },
{ "type": "Feature", "properties": { "decimalLatitude": 29.669997, "decimalLongitude": -98.663893, "eventDate": "2019-04-26T09:36:10Z", "countryCode": "US" }, "geometry": { "type": "Point", "coordinates": [ -98.663893, 29.669997 ] } },
{ "type": "Feature", "properties": { "decimalLatitude": 35.779358, "decimalLongitude": -79.147811, "eventDate": "2019-04-27T17:11:05Z", "countryCode": "US" }, "geometry": { "type": "Point", "coordinates": [ -79.147811, 35.779358 ] } },
{ "type": "Feature", "properties": { "decimalLatitude": 36.069607, "decimalLongitude": -78.855759, "eventDate": "2019-04-29T10:15:55Z", "countryCode": "US" }, "geometry": { "type": "Point", "coordinates": [ -78.855759, 36.069607 ] } },
{ "type": "Feature", "properties": { "decimalLatitude": 35.983919, "decimalLongitude": -78.793918, "eventDate": "2019-04-28T15:18:00Z", "countryCode": "US" }, "geometry": { "type": "Point", "coordinates": [ -78.793918, 35.983919 ] } },
{ "type": "Feature", "properties": { "decimalLatitude": 29.791716, "decimalLongitude": -98.88981, "eventDate": "2019-04-22T12:26:48Z", "countryCode": "US" }, "geometry": { "type": "Point", "coordinates": [ -98.88981, 29.791716 ] } },
{ "type": "Feature", "properties": { "decimalLatitude": 30.498429, "decimalLongitude": -84.31998, "eventDate": "2019-04-26T16:03:25Z", "countryCode": "US" }, "geometry": { "type": "Point", "coordinates": [ -84.31998, 30.498429 ] } },
{ "type": "Feature", "properties": { "decimalLatitude": 30.120072, "decimalLongitude": -81.547011, "eventDate": "2019-04-20T13:13:00Z", "countryCode": "US" }, "geometry": { "type": "Point", "coordinates": [ -81.547011, 30.120072 ] } },
{ "type": "Feature", "properties": { "decimalLatitude": 30.445435, "decimalLongitude": -84.246388, "eventDate": "2019-04-13T19:09:52Z", "countryCode": "US" }, "geometry": { "type": "Point", "coordinates": [ -84.246388, 30.445435 ] } },
{ "type": "Feature", "properties": { "decimalLatitude": 30.710493, "decimalLongitude": -97.699354, "eventDate": "2019-04-02T17:31:00Z", "countryCode": "US" }, "geometry": { "type": "Point", "coordinates": [ -97.699354, 30.710493 ] } },
{ "type": "Feature", "properties": { "decimalLatitude": 29.997467, "decimalLongitude": -98.093374, "eventDate": "2019-04-03T09:29:01Z", "countryCode": "US" }, "geometry": { "type": "Point", "coordinates": [ -98.093374, 29.997467 ] } },
{ "type": "Feature", "properties": { "decimalLatitude": 30.762408, "decimalLongitude": -97.740852, "eventDate": "2019-04-02T17:30:00Z", "countryCode": "US" }, "geometry": { "type": "Point", "coordinates": [ -97.740852, 30.762408 ] } },
{ "type": "Feature", "properties": { "decimalLatitude": 30.742042, "decimalLongitude": -97.731125, "eventDate": "2019-04-15T15:22:00Z", "countryCode": "US" }, "geometry": { "type": "Point", "coordinates": [ -97.731125, 30.742042 ] } },
{ "type": "Feature", "properties": { "decimalLatitude": 33.310007, "decimalLongitude": -79.8171, "eventDate": "2019-04-26T13:25:21Z", "countryCode": "US" }, "geometry": { "type": "Point", "coordinates": [ -79.8171, 33.310007 ] } },
{ "type": "Feature", "properties": { "decimalLatitude": 30.430657, "decimalLongitude": -97.714387, "eventDate": "2019-04-26T22:05:00Z", "countryCode": "US" }, "geometry": { "type": "Point", "coordinates": [ -97.714387, 30.430657 ] } },
{ "type": "Feature", "properties": { "decimalLatitude": 30.305087, "decimalLongitude": -95.663319, "eventDate": "2019-04-26T14:38:00Z", "countryCode": "US" }, "geometry": { "type": "Point", "coordinates": [ -95.663319, 30.305087 ] } },
{ "type": "Feature", "properties": { "decimalLatitude": 35.817422, "decimalLongitude": -81.180358, "eventDate": "2019-04-27T15:22:00Z", "countryCode": "US" }, "geometry": { "type": "Point", "coordinates": [ -81.180358, 35.817422 ] } },
{ "type": "Feature", "properties": { "decimalLatitude": 37.487128, "decimalLongitude": -88.691086, "eventDate": "2019-05-08T17:48:00Z", "countryCode": "US" }, "geometry": { "type": "Point", "coordinates": [ -88.691086, 37.487128 ] } },
{ "type": "Feature", "properties": { "decimalLatitude": 35.947383, "decimalLongitude": -78.89464, "eventDate": "2019-05-11T11:52:39Z", "countryCode": "US" }, "geometry": { "type": "Point", "coordinates": [ -78.89464, 35.947383 ] } },
{ "type": "Feature", "properties": { "decimalLatitude": 36.091625, "decimalLongitude": -86.332162, "eventDate": "2019-05-11T12:39:31Z", "countryCode": "US" }, "geometry": { "type": "Point", "coordinates": [ -86.332162, 36.091625 ] } },
{ "type": "Feature", "properties": { "decimalLatitude": 33.125767, "decimalLongitude": -79.773565, "eventDate": "2019-05-14T12:37:54Z", "countryCode": "US" }, "geometry": { "type": "Point", "coordinates": [ -79.773565, 33.125767 ] } },
{ "type": "Feature", "properties": { "decimalLatitude": 37.37592, "decimalLongitude": -88.931058, "eventDate": "2019-05-13T17:32:00Z", "countryCode": "US" }, "geometry": { "type": "Point", "coordinates": [ -88.931058, 37.37592 ] } },
{ "type": "Feature", "properties": { "decimalLatitude": 33.016521, "decimalLongitude": -87.134792, "eventDate": "2019-05-17T13:37:15Z", "countryCode": "US" }, "geometry": { "type": "Point", "coordinates": [ -87.134792, 33.016521 ] } },
{ "type": "Feature", "properties": { "decimalLatitude": 35.919324, "decimalLongitude": -79.180994, "eventDate": "2019-05-23T15:42:42Z", "countryCode": "US" }, "geometry": { "type": "Point", "coordinates": [ -79.180994, 35.919324 ] } },
{ "type": "Feature", "properties": { "decimalLatitude": 36.091933, "decimalLongitude": -79.832053, "eventDate": "2019-05-22T10:28:00Z", "countryCode": "US" }, "geometry": { "type": "Point", "coordinates": [ -79.832053, 36.091933 ] } },
{ "type": "Feature", "properties": { "decimalLatitude": 31.645102, "decimalLongitude": -92.44792, "eventDate": "2019-05-25T10:41:00Z", "countryCode": "US" }, "geometry": { "type": "Point", "coordinates": [ -92.44792, 31.645102 ] } },
{ "type": "Feature", "properties": { "decimalLatitude": 35.39468, "decimalLongitude": -88.767865, "eventDate": "2019-05-27T13:10:07Z", "countryCode": "US" }, "geometry": { "type": "Point", "coordinates": [ -88.767865, 35.39468 ] } },
{ "type": "Feature", "properties": { "decimalLatitude": 31.343838, "decimalLongitude": -89.407433, "eventDate": "2019-05-28T14:02:14Z", "countryCode": "US" }, "geometry": { "type": "Point", "coordinates": [ -89.407433, 31.343838 ] } },
{ "type": "Feature", "properties": { "decimalLatitude": 38.761472, "decimalLongitude": -83.410355, "eventDate": "2019-05-25T00:00:00Z", "countryCode": "US" }, "geometry": { "type": "Point", "coordinates": [ -83.410355, 38.761472 ] } },
{ "type": "Feature", "properties": { "decimalLatitude": 40.007592, "decimalLongitude": -87.54435, "eventDate": "2019-05-12T11:36:38Z", "countryCode": "US" }, "geometry": { "type": "Point", "coordinates": [ -87.54435, 40.007592 ] } },
{ "type": "Feature", "properties": { "decimalLatitude": 37.465805, "decimalLongitude": -88.567933, "eventDate": "2019-05-26T15:11:59Z", "countryCode": "US" }, "geometry": { "type": "Point", "coordinates": [ -88.567933, 37.465805 ] } },
{ "type": "Feature", "properties": { "decimalLatitude": 37.786841, "decimalLongitude": -89.351252, "eventDate": "2019-05-12T10:31:00Z", "countryCode": "US" }, "geometry": { "type": "Point", "coordinates": [ -89.351252, 37.786841 ] } },
{ "type": "Feature", "properties": { "decimalLatitude": 35.690972, "decimalLongitude": -85.286667, "eventDate": "2019-05-17T11:45:53Z", "countryCode": "US" }, "geometry": { "type": "Point", "coordinates": [ -85.286667, 35.690972 ] } },
{ "type": "Feature", "properties": { "decimalLatitude": 37.355127, "decimalLongitude": -88.913543, "eventDate": "2019-05-09T08:58:00Z", "countryCode": "US" }, "geometry": { "type": "Point", "coordinates": [ -88.913543, 37.355127 ] } },
{ "type": "Feature", "properties": { "decimalLatitude": 29.880871, "decimalLongitude": -97.986142, "eventDate": "2019-05-12T12:55:00Z", "countryCode": "US" }, "geometry": { "type": "Point", "coordinates": [ -97.986142, 29.880871 ] } },
{ "type": "Feature", "properties": { "decimalLatitude": 37.5286, "decimalLongitude": -88.348532, "eventDate": "2019-05-13T08:02:00Z", "countryCode": "US" }, "geometry": { "type": "Point", "coordinates": [ -88.348532, 37.5286 ] } },
{ "type": "Feature", "properties": { "decimalLatitude": 28.721283, "decimalLongitude": -82.451411, "eventDate": "2019-05-18T18:37:53Z", "countryCode": "US" }, "geometry": { "type": "Point", "coordinates": [ -82.451411, 28.721283 ] } },
{ "type": "Feature", "properties": { "decimalLatitude": 40.747491, "decimalLongitude": -84.331528, "eventDate": "2019-05-28T11:11:25Z", "countryCode": "US" }, "geometry": { "type": "Point", "coordinates": [ -84.331528, 40.747491 ] } },
{ "type": "Feature", "properties": { "decimalLatitude": 30.185372, "decimalLongitude": -97.722564, "eventDate": "2019-05-15T21:35:00Z", "countryCode": "US" }, "geometry": { "type": "Point", "coordinates": [ -97.722564, 30.185372 ] } },
{ "type": "Feature", "properties": { "decimalLatitude": 32.585963, "decimalLongitude": -92.608218, "eventDate": "2019-05-01T11:18:46Z", "countryCode": "US" }, "geometry": { "type": "Point", "coordinates": [ -92.608218, 32.585963 ] } },
{ "type": "Feature", "properties": { "decimalLatitude": 29.932561, "decimalLongitude": -100.077281, "eventDate": "2019-05-09T12:06:00Z", "countryCode": "US" }, "geometry": { "type": "Point", "coordinates": [ -100.077281, 29.932561 ] } },
{ "type": "Feature", "properties": { "decimalLatitude": 38.211845, "decimalLongitude": -84.866456, "eventDate": "2019-05-01T14:26:26Z", "countryCode": "US" }, "geometry": { "type": "Point", "coordinates": [ -84.866456, 38.211845 ] } },
{ "type": "Feature", "properties": { "decimalLatitude": 37.758299, "decimalLongitude": -85.602846, "eventDate": "2019-05-10T11:10:15Z", "countryCode": "US" }, "geometry": { "type": "Point", "coordinates": [ -85.602846, 37.758299 ] } },
{ "type": "Feature", "properties": { "decimalLatitude": 38.004948, "decimalLongitude": -78.556686, "eventDate": "2019-05-21T00:00:00Z", "countryCode": "US" }, "geometry": { "type": "Point", "coordinates": [ -78.556686, 38.004948 ] } },
{ "type": "Feature", "properties": { "decimalLatitude": 40.906284, "decimalLongitude": -73.889888, "eventDate": "2019-05-18T16:05:00Z", "countryCode": "US" }, "geometry": { "type": "Point", "coordinates": [ -73.889888, 40.906284 ] } },
{ "type": "Feature", "properties": { "decimalLatitude": 29.818803, "decimalLongitude": -99.570931, "eventDate": "2019-05-24T12:05:00Z", "countryCode": "US" }, "geometry": { "type": "Point", "coordinates": [ -99.570931, 29.818803 ] } },
{ "type": "Feature", "properties": { "decimalLatitude": 38.867203, "decimalLongitude": -77.495537, "eventDate": "2019-05-08T11:27:23Z", "countryCode": "US" }, "geometry": { "type": "Point", "coordinates": [ -77.495537, 38.867203 ] } },
{ "type": "Feature", "properties": { "decimalLatitude": 40.315687, "decimalLongitude": -75.898591, "eventDate": "2019-05-17T13:19:00Z", "countryCode": "US" }, "geometry": { "type": "Point", "coordinates": [ -75.898591, 40.315687 ] } },
{ "type": "Feature", "properties": { "decimalLatitude": 36.014343, "decimalLongitude": -78.972638, "eventDate": "2019-05-31T12:59:03Z", "countryCode": "US" }, "geometry": { "type": "Point", "coordinates": [ -78.972638, 36.014343 ] } },
{ "type": "Feature", "properties": { "decimalLatitude": 36.091869, "decimalLongitude": -79.832169, "eventDate": "2019-05-31T09:05:00Z", "countryCode": "US" }, "geometry": { "type": "Point", "coordinates": [ -79.832169, 36.091869 ] } },
{ "type": "Feature", "properties": { "decimalLatitude": 34.05924, "decimalLongitude": -83.211234, "eventDate": "2019-05-03T18:50:10Z", "countryCode": "US" }, "geometry": { "type": "Point", "coordinates": [ -83.211234, 34.05924 ] } },
{ "type": "Feature", "properties": { "decimalLatitude": 35.928413, "decimalLongitude": -78.966385, "eventDate": "2019-06-01T14:33:21Z", "countryCode": "US" }, "geometry": { "type": "Point", "coordinates": [ -78.966385, 35.928413 ] } },
{ "type": "Feature", "properties": { "decimalLatitude": 40.205312, "decimalLongitude": -87.735613, "eventDate": "2019-06-02T17:51:00Z", "countryCode": "US" }, "geometry": { "type": "Point", "coordinates": [ -87.735613, 40.205312 ] } },
{ "type": "Feature", "properties": { "decimalLatitude": 41.678966, "decimalLongitude": -87.869215, "eventDate": "2019-06-08T00:00:00Z", "countryCode": "US" }, "geometry": { "type": "Point", "coordinates": [ -87.869215, 41.678966 ] } },
{ "type": "Feature", "properties": { "decimalLatitude": 32.040434, "decimalLongitude": -89.254847, "eventDate": "2019-06-09T14:35:43Z", "countryCode": "US" }, "geometry": { "type": "Point", "coordinates": [ -89.254847, 32.040434 ] } },
{ "type": "Feature", "properties": { "decimalLatitude": 36.317612, "decimalLongitude": -91.230484, "eventDate": "2019-06-18T13:40:20Z", "countryCode": "US" }, "geometry": { "type": "Point", "coordinates": [ -91.230484, 36.317612 ] } },
{ "type": "Feature", "properties": { "decimalLatitude": 31.84195, "decimalLongitude": -89.248421, "eventDate": "2019-06-24T10:25:51Z", "countryCode": "US" }, "geometry": { "type": "Point", "coordinates": [ -89.248421, 31.84195 ] } },
{ "type": "Feature", "properties": { "decimalLatitude": 36.505899, "decimalLongitude": -78.572929, "eventDate": "2019-06-26T10:00:16Z", "countryCode": "US" }, "geometry": { "type": "Point", "coordinates": [ -78.572929, 36.505899 ] } },
{ "type": "Feature", "properties": { "decimalLatitude": 31.86177, "decimalLongitude": -89.217562, "eventDate": "2019-06-28T08:17:11Z", "countryCode": "US" }, "geometry": { "type": "Point", "coordinates": [ -89.217562, 31.86177 ] } },
{ "type": "Feature", "properties": { "decimalLatitude": 32.098913, "decimalLongitude": -89.513269, "eventDate": "2019-06-26T09:05:15Z", "countryCode": "US" }, "geometry": { "type": "Point", "coordinates": [ -89.513269, 32.098913 ] } },
{ "type": "Feature", "properties": { "decimalLatitude": 30.997784, "decimalLongitude": -91.363656, "eventDate": "2019-06-30T11:15:00Z", "countryCode": "US" }, "geometry": { "type": "Point", "coordinates": [ -91.363656, 30.997784 ] } },
{ "type": "Feature", "properties": { "decimalLatitude": 36.685559, "decimalLongitude": -78.666047, "eventDate": "2019-06-20T11:29:43Z", "countryCode": "US" }, "geometry": { "type": "Point", "coordinates": [ -78.666047, 36.685559 ] } },
{ "type": "Feature", "properties": { "decimalLatitude": 37.430162, "decimalLongitude": -80.28163, "eventDate": "2019-06-23T16:25:47Z", "countryCode": "US" }, "geometry": { "type": "Point", "coordinates": [ -80.28163, 37.430162 ] } },
{ "type": "Feature", "properties": { "decimalLatitude": 36.667063, "decimalLongitude": -83.22757, "eventDate": "2019-06-22T14:15:01Z", "countryCode": "US" }, "geometry": { "type": "Point", "coordinates": [ -83.22757, 36.667063 ] } },
{ "type": "Feature", "properties": { "decimalLatitude": 39.106555, "decimalLongitude": -89.272872, "eventDate": "2019-06-13T12:19:00Z", "countryCode": "US" }, "geometry": { "type": "Point", "coordinates": [ -89.272872, 39.106555 ] } },
{ "type": "Feature", "properties": { "decimalLatitude": 31.578938, "decimalLongitude": -90.33873, "eventDate": "2019-06-16T12:36:09Z", "countryCode": "US" }, "geometry": { "type": "Point", "coordinates": [ -90.33873, 31.578938 ] } },
{ "type": "Feature", "properties": { "decimalLatitude": 30.667209, "decimalLongitude": -97.661571, "eventDate": "2019-06-30T19:50:00Z", "countryCode": "US" }, "geometry": { "type": "Point", "coordinates": [ -97.661571, 30.667209 ] } },
{ "type": "Feature", "properties": { "decimalLatitude": 40.512502, "decimalLongitude": -80.241949, "eventDate": "2019-06-25T17:35:26Z", "countryCode": "US" }, "geometry": { "type": "Point", "coordinates": [ -80.241949, 40.512502 ] } },
{ "type": "Feature", "properties": { "decimalLatitude": 38.989659, "decimalLongitude": -75.789158, "eventDate": "2019-06-08T17:26:00Z", "countryCode": "US" }, "geometry": { "type": "Point", "coordinates": [ -75.789158, 38.989659 ] } },
{ "type": "Feature", "properties": { "decimalLatitude": 41.67764, "decimalLongitude": -87.86846, "eventDate": "2019-06-07T09:47:57Z", "countryCode": "US" }, "geometry": { "type": "Point", "coordinates": [ -87.86846, 41.67764 ] } },
{ "type": "Feature", "properties": { "decimalLatitude": 36.048861, "decimalLongitude": -80.317268, "eventDate": "2019-06-14T18:51:07Z", "countryCode": "US" }, "geometry": { "type": "Point", "coordinates": [ -80.317268, 36.048861 ] } },
{ "type": "Feature", "properties": { "decimalLatitude": 35.338628, "decimalLongitude": -83.587853, "eventDate": "2019-06-01T11:47:27Z", "countryCode": "US" }, "geometry": { "type": "Point", "coordinates": [ -83.587853, 35.338628 ] } },
{ "type": "Feature", "properties": { "decimalLatitude": 36.136856, "decimalLongitude": -78.933395, "eventDate": "2019-07-07T11:09:32Z", "countryCode": "US" }, "geometry": { "type": "Point", "coordinates": [ -78.933395, 36.136856 ] } },
{ "type": "Feature", "properties": { "decimalLatitude": 36.846663, "decimalLongitude": -88.072569, "eventDate": "2019-07-09T12:53:53Z", "countryCode": "US" }, "geometry": { "type": "Point", "coordinates": [ -88.072569, 36.846663 ] } },
{ "type": "Feature", "properties": { "decimalLatitude": 36.847625, "decimalLongitude": -88.072228, "eventDate": "2019-07-09T13:33:11Z", "countryCode": "US" }, "geometry": { "type": "Point", "coordinates": [ -88.072228, 36.847625 ] } },
{ "type": "Feature", "properties": { "decimalLatitude": 38.939483, "decimalLongitude": -83.35665, "eventDate": "2019-07-12T15:36:21Z", "countryCode": "US" }, "geometry": { "type": "Point", "coordinates": [ -83.35665, 38.939483 ] } },
{ "type": "Feature", "properties": { "decimalLatitude": 38.939826, "decimalLongitude": -83.353786, "eventDate": "2019-07-12T15:43:00Z", "countryCode": "US" }, "geometry": { "type": "Point", "coordinates": [ -83.353786, 38.939826 ] } },
{ "type": "Feature", "properties": { "decimalLatitude": 36.136814, "decimalLongitude": -79.162689, "eventDate": "2019-07-29T09:39:53Z", "countryCode": "US" }, "geometry": { "type": "Point", "coordinates": [ -79.162689, 36.136814 ] } },
{ "type": "Feature", "properties": { "decimalLatitude": 30.258371, "decimalLongitude": -97.826584, "eventDate": "2019-07-12T09:16:00Z", "countryCode": "US" }, "geometry": { "type": "Point", "coordinates": [ -97.826584, 30.258371 ] } },
{ "type": "Feature", "properties": { "decimalLatitude": 30.201265, "decimalLongitude": -97.965375, "eventDate": "2019-07-12T09:19:00Z", "countryCode": "US" }, "geometry": { "type": "Point", "coordinates": [ -97.965375, 30.201265 ] } },
{ "type": "Feature", "properties": { "decimalLatitude": 30.359762, "decimalLongitude": -97.909059, "eventDate": "2019-07-12T09:19:00Z", "countryCode": "US" }, "geometry": { "type": "Point", "coordinates": [ -97.909059, 30.359762 ] } },
{ "type": "Feature", "properties": { "decimalLatitude": 41.734308, "decimalLongitude": -87.870861, "eventDate": "2019-07-31T19:09:00Z", "countryCode": "US" }, "geometry": { "type": "Point", "coordinates": [ -87.870861, 41.734308 ] } },
{ "type": "Feature", "properties": { "decimalLatitude": 30.582451, "decimalLongitude": -94.381386, "eventDate": "2019-07-19T08:56:50Z", "countryCode": "US" }, "geometry": { "type": "Point", "coordinates": [ -94.381386, 30.582451 ] } },
{ "type": "Feature", "properties": { "decimalLatitude": 37.080052, "decimalLongitude": -85.729734, "eventDate": "2019-07-03T12:10:00Z", "countryCode": "US" }, "geometry": { "type": "Point", "coordinates": [ -85.729734, 37.080052 ] } },
{ "type": "Feature", "properties": { "decimalLatitude": 36.975723, "decimalLongitude": -85.935793, "eventDate": "2019-07-03T14:47:00Z", "countryCode": "US" }, "geometry": { "type": "Point", "coordinates": [ -85.935793, 36.975723 ] } },
{ "type": "Feature", "properties": { "decimalLatitude": 31.558238, "decimalLongitude": -90.299798, "eventDate": "2019-07-06T00:00:00Z", "countryCode": "US" }, "geometry": { "type": "Point", "coordinates": [ -90.299798, 31.558238 ] } },
{ "type": "Feature", "properties": { "decimalLatitude": 36.75409, "decimalLongitude": -85.59878, "eventDate": "2019-07-30T16:34:17Z", "countryCode": "US" }, "geometry": { "type": "Point", "coordinates": [ -85.59878, 36.75409 ] } },
{ "type": "Feature", "properties": { "decimalLatitude": 36.061458, "decimalLongitude": -79.148566, "eventDate": "2019-07-28T13:40:42Z", "countryCode": "US" }, "geometry": { "type": "Point", "coordinates": [ -79.148566, 36.061458 ] } },
{ "type": "Feature", "properties": { "decimalLatitude": 33.812065, "decimalLongitude": -84.46321, "eventDate": "2019-07-20T09:27:58Z", "countryCode": "US" }, "geometry": { "type": "Point", "coordinates": [ -84.46321, 33.812065 ] } },
{ "type": "Feature", "properties": { "decimalLatitude": 30.354059, "decimalLongitude": -97.892443, "eventDate": "2019-07-12T09:19:00Z", "countryCode": "US" }, "geometry": { "type": "Point", "coordinates": [ -97.892443, 30.354059 ] } },
{ "type": "Feature", "properties": { "decimalLatitude": 30.292017, "decimalLongitude": -97.908883, "eventDate": "2019-07-12T09:19:00Z", "countryCode": "US" }, "geometry": { "type": "Point", "coordinates": [ -97.908883, 30.292017 ] } },
{ "type": "Feature", "properties": { "decimalLatitude": 35.058197, "decimalLongitude": -88.727352, "eventDate": "2019-08-03T12:38:06Z", "countryCode": "US" }, "geometry": { "type": "Point", "coordinates": [ -88.727352, 35.058197 ] } },
{ "type": "Feature", "properties": { "decimalLatitude": 40.011142, "decimalLongitude": -87.5519, "eventDate": "2019-08-10T09:31:00Z", "countryCode": "US" }, "geometry": { "type": "Point", "coordinates": [ -87.5519, 40.011142 ] } },
{ "type": "Feature", "properties": { "decimalLatitude": 33.268884, "decimalLongitude": -88.768726, "eventDate": "2019-08-15T10:35:12Z", "countryCode": "US" }, "geometry": { "type": "Point", "coordinates": [ -88.768726, 33.268884 ] } },
{ "type": "Feature", "properties": { "decimalLatitude": 40.83693, "decimalLongitude": -77.849705, "eventDate": "2019-08-26T10:52:12Z", "countryCode": "US" }, "geometry": { "type": "Point", "coordinates": [ -77.849705, 40.83693 ] } },
{ "type": "Feature", "properties": { "decimalLatitude": 37.157141, "decimalLongitude": -82.675556, "eventDate": "2019-08-21T09:16:13Z", "countryCode": "US" }, "geometry": { "type": "Point", "coordinates": [ -82.675556, 37.157141 ] } },
{ "type": "Feature", "properties": { "decimalLatitude": 37.183223, "decimalLongitude": -86.105262, "eventDate": "2019-08-10T14:38:01Z", "countryCode": "US" }, "geometry": { "type": "Point", "coordinates": [ -86.105262, 37.183223 ] } },
{ "type": "Feature", "properties": { "decimalLatitude": 34.501375, "decimalLongitude": -89.217033, "eventDate": "2019-08-14T22:24:19Z", "countryCode": "US" }, "geometry": { "type": "Point", "coordinates": [ -89.217033, 34.501375 ] } },
{ "type": "Feature", "properties": { "decimalLatitude": 33.786127, "decimalLongitude": -84.303689, "eventDate": "2019-08-28T09:41:16Z", "countryCode": "US" }, "geometry": { "type": "Point", "coordinates": [ -84.303689, 33.786127 ] } },
{ "type": "Feature", "properties": { "decimalLatitude": 35.894852, "decimalLongitude": -78.583449, "eventDate": "2019-08-14T16:38:31Z", "countryCode": "US" }, "geometry": { "type": "Point", "coordinates": [ -78.583449, 35.894852 ] } },
{ "type": "Feature", "properties": { "decimalLatitude": 33.809316, "decimalLongitude": -84.299882, "eventDate": "2019-08-29T11:12:58Z", "countryCode": "US" }, "geometry": { "type": "Point", "coordinates": [ -84.299882, 33.809316 ] } },
{ "type": "Feature", "properties": { "decimalLatitude": 30.123411, "decimalLongitude": -81.911653, "eventDate": "2019-09-10T12:32:00Z", "countryCode": "US" }, "geometry": { "type": "Point", "coordinates": [ -81.911653, 30.123411 ] } },
{ "type": "Feature", "properties": { "decimalLatitude": 35.889603, "decimalLongitude": -79.044708, "eventDate": "2019-09-28T10:02:29Z", "countryCode": "US" }, "geometry": { "type": "Point", "coordinates": [ -79.044708, 35.889603 ] } },
{ "type": "Feature", "properties": { "decimalLatitude": 40.126792, "decimalLongitude": -88.211067, "eventDate": "2019-09-28T08:54:45Z", "countryCode": "US" }, "geometry": { "type": "Point", "coordinates": [ -88.211067, 40.126792 ] } },
{ "type": "Feature", "properties": { "decimalLatitude": 40.12233, "decimalLongitude": -88.207314, "eventDate": "2019-09-28T08:55:37Z", "countryCode": "US" }, "geometry": { "type": "Point", "coordinates": [ -88.207314, 40.12233 ] } },
{ "type": "Feature", "properties": { "decimalLatitude": 38.937405, "decimalLongitude": -77.620209, "eventDate": "2019-09-05T08:29:29Z", "countryCode": "US" }, "geometry": { "type": "Point", "coordinates": [ -77.620209, 38.937405 ] } },
{ "type": "Feature", "properties": { "decimalLatitude": 40.126509, "decimalLongitude": -88.210825, "eventDate": "2019-09-28T08:55:51Z", "countryCode": "US" }, "geometry": { "type": "Point", "coordinates": [ -88.210825, 40.126509 ] } },
{ "type": "Feature", "properties": { "decimalLatitude": 39.991371, "decimalLongitude": -88.653081, "eventDate": "2019-09-13T16:45:00Z", "countryCode": "US" }, "geometry": { "type": "Point", "coordinates": [ -88.653081, 39.991371 ] } },
{ "type": "Feature", "properties": { "decimalLatitude": 40.553377, "decimalLongitude": -78.084604, "eventDate": "2019-09-12T12:36:00Z", "countryCode": "US" }, "geometry": { "type": "Point", "coordinates": [ -78.084604, 40.553377 ] } },
{ "type": "Feature", "properties": { "decimalLatitude": 36.135917, "decimalLongitude": -79.160842, "eventDate": "2019-10-05T15:00:04Z", "countryCode": "US" }, "geometry": { "type": "Point", "coordinates": [ -79.160842, 36.135917 ] } },
{ "type": "Feature", "properties": { "decimalLatitude": 29.566725, "decimalLongitude": -81.86857, "eventDate": "2019-10-20T10:03:59Z", "countryCode": "US" }, "geometry": { "type": "Point", "coordinates": [ -81.86857, 29.566725 ] } },
{ "type": "Feature", "properties": { "decimalLatitude": 34.89502, "decimalLongitude": -92.070166, "eventDate": "2019-10-19T09:55:51Z", "countryCode": "US" }, "geometry": { "type": "Point", "coordinates": [ -92.070166, 34.89502 ] } },
{ "type": "Feature", "properties": { "decimalLatitude": 38.405183, "decimalLongitude": -78.231728, "eventDate": "2019-10-07T11:13:08Z", "countryCode": "US" }, "geometry": { "type": "Point", "coordinates": [ -78.231728, 38.405183 ] } },
{ "type": "Feature", "properties": { "decimalLatitude": 30.773674, "decimalLongitude": -97.775953, "eventDate": "2019-10-27T18:32:00Z", "countryCode": "US" }, "geometry": { "type": "Point", "coordinates": [ -97.775953, 30.773674 ] } },
{ "type": "Feature", "properties": { "decimalLatitude": 30.733496, "decimalLongitude": -97.621025, "eventDate": "2019-10-27T18:24:00Z", "countryCode": "US" }, "geometry": { "type": "Point", "coordinates": [ -97.621025, 30.733496 ] } },
{ "type": "Feature", "properties": { "decimalLatitude": 29.566772, "decimalLongitude": -81.868508, "eventDate": "2019-10-20T10:03:00Z", "countryCode": "US" }, "geometry": { "type": "Point", "coordinates": [ -81.868508, 29.566772 ] } },
{ "type": "Feature", "properties": { "decimalLatitude": 32.94703, "decimalLongitude": -79.823988, "eventDate": "2019-12-05T10:38:54Z", "countryCode": "US" }, "geometry": { "type": "Point", "coordinates": [ -79.823988, 32.94703 ] } },
{ "type": "Feature", "properties": { "decimalLatitude": 30.41473, "decimalLongitude": -81.429275, "eventDate": "2020-03-14T09:27:27Z", "countryCode": "US" }, "geometry": { "type": "Point", "coordinates": [ -81.429275, 30.41473 ] } },
{ "type": "Feature", "properties": { "decimalLatitude": 30.409783, "decimalLongitude": -81.431603, "eventDate": "2020-03-08T10:17:00Z", "countryCode": "US" }, "geometry": { "type": "Point", "coordinates": [ -81.431603, 30.409783 ] } },
{ "type": "Feature", "properties": { "decimalLatitude": 30.191675, "decimalLongitude": -81.562697, "eventDate": "2020-03-29T10:05:09Z", "countryCode": "US" }, "geometry": { "type": "Point", "coordinates": [ -81.562697, 30.191675 ] } },
{ "type": "Feature", "properties": { "decimalLatitude": 29.833524, "decimalLongitude": -98.846294, "eventDate": "2020-03-31T14:49:23Z", "countryCode": "US" }, "geometry": { "type": "Point", "coordinates": [ -98.846294, 29.833524 ] } },
{ "type": "Feature", "properties": { "decimalLatitude": 30.346366, "decimalLongitude": -90.912065, "eventDate": "2020-04-05T16:45:11Z", "countryCode": "US" }, "geometry": { "type": "Point", "coordinates": [ -90.912065, 30.346366 ] } },
{ "type": "Feature", "properties": { "decimalLatitude": 29.756798, "decimalLongitude": -98.454376, "eventDate": "2020-04-16T11:10:23Z", "countryCode": "US" }, "geometry": { "type": "Point", "coordinates": [ -98.454376, 29.756798 ] } },
{ "type": "Feature", "properties": { "decimalLatitude": 29.715212, "decimalLongitude": -98.618076, "eventDate": "2020-04-17T09:56:05Z", "countryCode": "US" }, "geometry": { "type": "Point", "coordinates": [ -98.618076, 29.715212 ] } },
{ "type": "Feature", "properties": { "decimalLatitude": 29.727444, "decimalLongitude": -98.606514, "eventDate": "2020-04-17T10:49:55Z", "countryCode": "US" }, "geometry": { "type": "Point", "coordinates": [ -98.606514, 29.727444 ] } },
{ "type": "Feature", "properties": { "decimalLatitude": 33.837918, "decimalLongitude": -84.265401, "eventDate": "2020-04-28T18:35:32Z", "countryCode": "US" }, "geometry": { "type": "Point", "coordinates": [ -84.265401, 33.837918 ] } },
{ "type": "Feature", "properties": { "decimalLatitude": 34.867553, "decimalLongitude": -92.585148, "eventDate": "2020-04-21T13:43:52Z", "countryCode": "US" }, "geometry": { "type": "Point", "coordinates": [ -92.585148, 34.867553 ] } },
{ "type": "Feature", "properties": { "decimalLatitude": 35.928541, "decimalLongitude": -78.966047, "eventDate": "2020-04-24T07:25:37Z", "countryCode": "US" }, "geometry": { "type": "Point", "coordinates": [ -78.966047, 35.928541 ] } },
{ "type": "Feature", "properties": { "decimalLatitude": 30.863097, "decimalLongitude": -88.32318, "eventDate": "2020-04-24T10:21:40Z", "countryCode": "US" }, "geometry": { "type": "Point", "coordinates": [ -88.32318, 30.863097 ] } },
{ "type": "Feature", "properties": { "decimalLatitude": 33.777247, "decimalLongitude": -84.321153, "eventDate": "2020-04-27T09:52:56Z", "countryCode": "US" }, "geometry": { "type": "Point", "coordinates": [ -84.321153, 33.777247 ] } },
{ "type": "Feature", "properties": { "decimalLatitude": 35.618002, "decimalLongitude": -79.156886, "eventDate": "2020-04-26T15:44:51Z", "countryCode": "US" }, "geometry": { "type": "Point", "coordinates": [ -79.156886, 35.618002 ] } },
{ "type": "Feature", "properties": { "decimalLatitude": 36.13401, "decimalLongitude": -78.84042, "eventDate": "2020-04-22T13:51:54Z", "countryCode": "US" }, "geometry": { "type": "Point", "coordinates": [ -78.84042, 36.13401 ] } },
{ "type": "Feature", "properties": { "decimalLatitude": 35.870928, "decimalLongitude": -79.000444, "eventDate": "2020-04-27T15:36:31Z", "countryCode": "US" }, "geometry": { "type": "Point", "coordinates": [ -79.000444, 35.870928 ] } },
{ "type": "Feature", "properties": { "decimalLatitude": 35.429097, "decimalLongitude": -79.477142, "eventDate": "2020-04-24T13:38:00Z", "countryCode": "US" }, "geometry": { "type": "Point", "coordinates": [ -79.477142, 35.429097 ] } },
{ "type": "Feature", "properties": { "decimalLatitude": 33.74033, "decimalLongitude": -84.467737, "eventDate": "2020-04-29T10:24:34Z", "countryCode": "US" }, "geometry": { "type": "Point", "coordinates": [ -84.467737, 33.74033 ] } },
{ "type": "Feature", "properties": { "decimalLatitude": 30.275161, "decimalLongitude": -97.830089, "eventDate": "2020-04-08T18:46:50Z", "countryCode": "US" }, "geometry": { "type": "Point", "coordinates": [ -97.830089, 30.275161 ] } },
{ "type": "Feature", "properties": { "decimalLatitude": 29.880879, "decimalLongitude": -97.986118, "eventDate": "2020-04-25T10:05:00Z", "countryCode": "US" }, "geometry": { "type": "Point", "coordinates": [ -97.986118, 29.880879 ] } },
{ "type": "Feature", "properties": { "decimalLatitude": 33.776587, "decimalLongitude": -84.438228, "eventDate": "2020-04-26T14:10:55Z", "countryCode": "US" }, "geometry": { "type": "Point", "coordinates": [ -84.438228, 33.776587 ] } },
{ "type": "Feature", "properties": { "decimalLatitude": 30.773184, "decimalLongitude": -97.637718, "eventDate": "2020-04-25T18:14:00Z", "countryCode": "US" }, "geometry": { "type": "Point", "coordinates": [ -97.637718, 30.773184 ] } },
{ "type": "Feature", "properties": { "decimalLatitude": 30.680389, "decimalLongitude": -97.763783, "eventDate": "2020-04-25T18:25:00Z", "countryCode": "US" }, "geometry": { "type": "Point", "coordinates": [ -97.763783, 30.680389 ] } },
{ "type": "Feature", "properties": { "decimalLatitude": 30.614732, "decimalLongitude": -97.656467, "eventDate": "2020-04-15T19:14:00Z", "countryCode": "US" }, "geometry": { "type": "Point", "coordinates": [ -97.656467, 30.614732 ] } },
{ "type": "Feature", "properties": { "decimalLatitude": 31.196427, "decimalLongitude": -98.469089, "eventDate": "2020-04-29T15:58:00Z", "countryCode": "US" }, "geometry": { "type": "Point", "coordinates": [ -98.469089, 31.196427 ] } },
{ "type": "Feature", "properties": { "decimalLatitude": 33.923105, "decimalLongitude": -83.252585, "eventDate": "2020-04-15T13:37:00Z", "countryCode": "US" }, "geometry": { "type": "Point", "coordinates": [ -83.252585, 33.923105 ] } },
{ "type": "Feature", "properties": { "decimalLatitude": 33.906459, "decimalLongitude": -83.317489, "eventDate": "2020-04-17T09:31:00Z", "countryCode": "US" }, "geometry": { "type": "Point", "coordinates": [ -83.317489, 33.906459 ] } },
{ "type": "Feature", "properties": { "decimalLatitude": 33.806108, "decimalLongitude": -83.254761, "eventDate": "2020-04-15T13:39:00Z", "countryCode": "US" }, "geometry": { "type": "Point", "coordinates": [ -83.254761, 33.806108 ] } },
{ "type": "Feature", "properties": { "decimalLatitude": 33.932754, "decimalLongitude": -83.249045, "eventDate": "2020-04-17T09:22:00Z", "countryCode": "US" }, "geometry": { "type": "Point", "coordinates": [ -83.249045, 33.932754 ] } },
{ "type": "Feature", "properties": { "decimalLatitude": 33.817706, "decimalLongitude": -83.242524, "eventDate": "2020-04-25T11:55:00Z", "countryCode": "US" }, "geometry": { "type": "Point", "coordinates": [ -83.242524, 33.817706 ] } },
{ "type": "Feature", "properties": { "decimalLatitude": 35.922944, "decimalLongitude": -79.268481, "eventDate": "2020-04-25T15:04:38Z", "countryCode": "US" }, "geometry": { "type": "Point", "coordinates": [ -79.268481, 35.922944 ] } },
{ "type": "Feature", "properties": { "decimalLatitude": 29.658515, "decimalLongitude": -98.781844, "eventDate": "2020-04-26T09:45:19Z", "countryCode": "US" }, "geometry": { "type": "Point", "coordinates": [ -98.781844, 29.658515 ] } },
{ "type": "Feature", "properties": { "decimalLatitude": 30.417972, "decimalLongitude": -97.758536, "eventDate": "2020-04-24T12:11:00Z", "countryCode": "US" }, "geometry": { "type": "Point", "coordinates": [ -97.758536, 30.417972 ] } },
{ "type": "Feature", "properties": { "decimalLatitude": 30.508026, "decimalLongitude": -97.698083, "eventDate": "2020-04-12T10:09:00Z", "countryCode": "US" }, "geometry": { "type": "Point", "coordinates": [ -97.698083, 30.508026 ] } },
{ "type": "Feature", "properties": { "decimalLatitude": 33.372642, "decimalLongitude": -89.23292, "eventDate": "2020-04-27T20:59:03Z", "countryCode": "US" }, "geometry": { "type": "Point", "coordinates": [ -89.23292, 33.372642 ] } },
{ "type": "Feature", "properties": { "decimalLatitude": 34.841155, "decimalLongitude": -92.462303, "eventDate": "2020-04-29T16:31:05Z", "countryCode": "US" }, "geometry": { "type": "Point", "coordinates": [ -92.462303, 34.841155 ] } },
{ "type": "Feature", "properties": { "decimalLatitude": 35.429111, "decimalLongitude": -79.477199, "eventDate": "2020-04-24T13:37:16Z", "countryCode": "US" }, "geometry": { "type": "Point", "coordinates": [ -79.477199, 35.429111 ] } },
{ "type": "Feature", "properties": { "decimalLatitude": 35.928512, "decimalLongitude": -78.966177, "eventDate": "2020-05-07T13:57:27Z", "countryCode": "US" }, "geometry": { "type": "Point", "coordinates": [ -78.966177, 35.928512 ] } },
{ "type": "Feature", "properties": { "decimalLatitude": 34.706534, "decimalLongitude": -92.280343, "eventDate": "2020-05-04T13:48:26Z", "countryCode": "US" }, "geometry": { "type": "Point", "coordinates": [ -92.280343, 34.706534 ] } },
{ "type": "Feature", "properties": { "decimalLatitude": 36.063064, "decimalLongitude": -79.145858, "eventDate": "2020-05-08T14:36:53Z", "countryCode": "US" }, "geometry": { "type": "Point", "coordinates": [ -79.145858, 36.063064 ] } },
{ "type": "Feature", "properties": { "decimalLatitude": 33.294625, "decimalLongitude": -87.095132, "eventDate": "2020-05-06T11:35:42Z", "countryCode": "US" }, "geometry": { "type": "Point", "coordinates": [ -87.095132, 33.294625 ] } },
{ "type": "Feature", "properties": { "decimalLatitude": 36.172542, "decimalLongitude": -78.961435, "eventDate": "2020-05-08T10:47:34Z", "countryCode": "US" }, "geometry": { "type": "Point", "coordinates": [ -78.961435, 36.172542 ] } },
{ "type": "Feature", "properties": { "decimalLatitude": 36.035169, "decimalLongitude": -78.652392, "eventDate": "2020-05-06T17:54:13Z", "countryCode": "US" }, "geometry": { "type": "Point", "coordinates": [ -78.652392, 36.035169 ] } },
{ "type": "Feature", "properties": { "decimalLatitude": 34.778028, "decimalLongitude": -92.3712, "eventDate": "2020-05-13T11:59:04Z", "countryCode": "US" }, "geometry": { "type": "Point", "coordinates": [ -92.3712, 34.778028 ] } },
{ "type": "Feature", "properties": { "decimalLatitude": 35.803967, "decimalLongitude": -80.073329, "eventDate": "2020-05-12T18:03:45Z", "countryCode": "US" }, "geometry": { "type": "Point", "coordinates": [ -80.073329, 35.803967 ] } },
{ "type": "Feature", "properties": { "decimalLatitude": 34.689653, "decimalLongitude": -84.363422, "eventDate": "2020-05-13T09:56:56Z", "countryCode": "US" }, "geometry": { "type": "Point", "coordinates": [ -84.363422, 34.689653 ] } },
{ "type": "Feature", "properties": { "decimalLatitude": 37.493075, "decimalLongitude": -88.294133, "eventDate": "2020-05-07T18:08:34Z", "countryCode": "US" }, "geometry": { "type": "Point", "coordinates": [ -88.294133, 37.493075 ] } },
{ "type": "Feature", "properties": { "decimalLatitude": 37.680437, "decimalLongitude": -89.406088, "eventDate": "2020-05-14T19:06:29Z", "countryCode": "US" }, "geometry": { "type": "Point", "coordinates": [ -89.406088, 37.680437 ] } },
{ "type": "Feature", "properties": { "decimalLatitude": 36.04035, "decimalLongitude": -78.78784, "eventDate": "2020-05-16T12:08:24Z", "countryCode": "US" }, "geometry": { "type": "Point", "coordinates": [ -78.78784, 36.04035 ] } },
{ "type": "Feature", "properties": { "decimalLatitude": 34.664561, "decimalLongitude": -83.611578, "eventDate": "2020-05-15T11:41:18Z", "countryCode": "US" }, "geometry": { "type": "Point", "coordinates": [ -83.611578, 34.664561 ] } },
{ "type": "Feature", "properties": { "decimalLatitude": 36.342712, "decimalLongitude": -79.785408, "eventDate": "2020-05-16T16:50:10Z", "countryCode": "US" }, "geometry": { "type": "Point", "coordinates": [ -79.785408, 36.342712 ] } },
{ "type": "Feature", "properties": { "decimalLatitude": 34.671413, "decimalLongitude": -83.6074, "eventDate": "2020-05-15T16:11:23Z", "countryCode": "US" }, "geometry": { "type": "Point", "coordinates": [ -83.6074, 34.671413 ] } },
{ "type": "Feature", "properties": { "decimalLatitude": 33.390318, "decimalLongitude": -79.786886, "eventDate": "2020-05-12T08:46:18Z", "countryCode": "US" }, "geometry": { "type": "Point", "coordinates": [ -79.786886, 33.390318 ] } },
{ "type": "Feature", "properties": { "decimalLatitude": 36.014841, "decimalLongitude": -81.150814, "eventDate": "2020-05-17T13:32:30Z", "countryCode": "US" }, "geometry": { "type": "Point", "coordinates": [ -81.150814, 36.014841 ] } },
{ "type": "Feature", "properties": { "decimalLatitude": 36.093392, "decimalLongitude": -78.995705, "eventDate": "2020-05-22T14:03:52Z", "countryCode": "US" }, "geometry": { "type": "Point", "coordinates": [ -78.995705, 36.093392 ] } },
{ "type": "Feature", "properties": { "decimalLatitude": 33.295123, "decimalLongitude": -87.093516, "eventDate": "2020-05-26T08:02:54Z", "countryCode": "US" }, "geometry": { "type": "Point", "coordinates": [ -87.093516, 33.295123 ] } },
{ "type": "Feature", "properties": { "decimalLatitude": 30.32977, "decimalLongitude": -84.122445, "eventDate": "2020-05-02T13:31:54Z", "countryCode": "US" }, "geometry": { "type": "Point", "coordinates": [ -84.122445, 30.32977 ] } },
{ "type": "Feature", "properties": { "decimalLatitude": 33.807203, "decimalLongitude": -84.317498, "eventDate": "2020-05-07T17:30:17Z", "countryCode": "US" }, "geometry": { "type": "Point", "coordinates": [ -84.317498, 33.807203 ] } },
{ "type": "Feature", "properties": { "decimalLatitude": 30.382955, "decimalLongitude": -90.645784, "eventDate": "2020-05-09T14:39:06Z", "countryCode": "US" }, "geometry": { "type": "Point", "coordinates": [ -90.645784, 30.382955 ] } },
{ "type": "Feature", "properties": { "decimalLatitude": 30.345294, "decimalLongitude": -90.990078, "eventDate": "2020-05-23T12:11:06Z", "countryCode": "US" }, "geometry": { "type": "Point", "coordinates": [ -90.990078, 30.345294 ] } },
{ "type": "Feature", "properties": { "decimalLatitude": 33.986811, "decimalLongitude": -83.328297, "eventDate": "2020-05-03T12:56:00Z", "countryCode": "US" }, "geometry": { "type": "Point", "coordinates": [ -83.328297, 33.986811 ] } },
{ "type": "Feature", "properties": { "decimalLatitude": 33.897254, "decimalLongitude": -83.371006, "eventDate": "2020-05-03T12:11:00Z", "countryCode": "US" }, "geometry": { "type": "Point", "coordinates": [ -83.371006, 33.897254 ] } },
{ "type": "Feature", "properties": { "decimalLatitude": 33.8761, "decimalLongitude": -83.388566, "eventDate": "2020-05-09T15:34:00Z", "countryCode": "US" }, "geometry": { "type": "Point", "coordinates": [ -83.388566, 33.8761 ] } },
{ "type": "Feature", "properties": { "decimalLatitude": 37.352178, "decimalLongitude": -88.920192, "eventDate": "2020-05-21T11:32:00Z", "countryCode": "US" }, "geometry": { "type": "Point", "coordinates": [ -88.920192, 37.352178 ] } },
{ "type": "Feature", "properties": { "decimalLatitude": 29.796337, "decimalLongitude": -82.016136, "eventDate": "2020-05-24T11:18:49Z", "countryCode": "US" }, "geometry": { "type": "Point", "coordinates": [ -82.016136, 29.796337 ] } },
{ "type": "Feature", "properties": { "decimalLatitude": 36.067444, "decimalLongitude": -78.744554, "eventDate": "2020-05-16T11:44:54Z", "countryCode": "US" }, "geometry": { "type": "Point", "coordinates": [ -78.744554, 36.067444 ] } },
{ "type": "Feature", "properties": { "decimalLatitude": 29.982081, "decimalLongitude": -99.443908, "eventDate": "2020-05-08T12:25:00Z", "countryCode": "US" }, "geometry": { "type": "Point", "coordinates": [ -99.443908, 29.982081 ] } },
{ "type": "Feature", "properties": { "decimalLatitude": 29.88095, "decimalLongitude": -99.578372, "eventDate": "2020-05-08T14:38:00Z", "countryCode": "US" }, "geometry": { "type": "Point", "coordinates": [ -99.578372, 29.88095 ] } },
{ "type": "Feature", "properties": { "decimalLatitude": 40.514351, "decimalLongitude": -74.710324, "eventDate": "2020-05-27T18:10:38Z", "countryCode": "US" }, "geometry": { "type": "Point", "coordinates": [ -74.710324, 40.514351 ] } },
{ "type": "Feature", "properties": { "decimalLatitude": 29.629582, "decimalLongitude": -82.278925, "eventDate": "2020-05-09T17:20:56Z", "countryCode": "US" }, "geometry": { "type": "Point", "coordinates": [ -82.278925, 29.629582 ] } },
{ "type": "Feature", "properties": { "decimalLatitude": 35.92657, "decimalLongitude": -79.269297, "eventDate": "2020-05-10T20:00:09Z", "countryCode": "US" }, "geometry": { "type": "Point", "coordinates": [ -79.269297, 35.92657 ] } },
{ "type": "Feature", "properties": { "decimalLatitude": 36.734457, "decimalLongitude": -80.872909, "eventDate": "2020-05-27T10:38:34Z", "countryCode": "US" }, "geometry": { "type": "Point", "coordinates": [ -80.872909, 36.734457 ] } },
{ "type": "Feature", "properties": { "decimalLatitude": 31.435147, "decimalLongitude": -90.987695, "eventDate": "2020-05-18T11:00:51Z", "countryCode": "US" }, "geometry": { "type": "Point", "coordinates": [ -90.987695, 31.435147 ] } },
{ "type": "Feature", "properties": { "decimalLatitude": 32.188301, "decimalLongitude": -90.323635, "eventDate": "2020-05-06T14:39:42Z", "countryCode": "US" }, "geometry": { "type": "Point", "coordinates": [ -90.323635, 32.188301 ] } },
{ "type": "Feature", "properties": { "decimalLatitude": 34.457423, "decimalLongitude": -86.375696, "eventDate": "2020-05-22T13:21:00Z", "countryCode": "US" }, "geometry": { "type": "Point", "coordinates": [ -86.375696, 34.457423 ] } },
{ "type": "Feature", "properties": { "decimalLatitude": 34.467325, "decimalLongitude": -86.25142, "eventDate": "2020-05-16T11:42:00Z", "countryCode": "US" }, "geometry": { "type": "Point", "coordinates": [ -86.25142, 34.467325 ] } },
{ "type": "Feature", "properties": { "decimalLatitude": 32.188458, "decimalLongitude": -90.323725, "eventDate": "2020-05-06T14:41:55Z", "countryCode": "US" }, "geometry": { "type": "Point", "coordinates": [ -90.323725, 32.188458 ] } },
{ "type": "Feature", "properties": { "decimalLatitude": 35.513826, "decimalLongitude": -82.029465, "eventDate": "2020-05-12T10:04:00Z", "countryCode": "US" }, "geometry": { "type": "Point", "coordinates": [ -82.029465, 35.513826 ] } },
{ "type": "Feature", "properties": { "decimalLatitude": 34.458346, "decimalLongitude": -86.380463, "eventDate": "2020-05-16T12:05:00Z", "countryCode": "US" }, "geometry": { "type": "Point", "coordinates": [ -86.380463, 34.458346 ] } },
{ "type": "Feature", "properties": { "decimalLatitude": 29.830491, "decimalLongitude": -99.574665, "eventDate": "2020-05-09T14:36:16Z", "countryCode": "US" }, "geometry": { "type": "Point", "coordinates": [ -99.574665, 29.830491 ] } },
{ "type": "Feature", "properties": { "decimalLatitude": 33.411528, "decimalLongitude": -91.564008, "eventDate": "2020-06-03T00:00:00Z", "countryCode": "US" }, "geometry": { "type": "Point", "coordinates": [ -91.564008, 33.411528 ] } },
{ "type": "Feature", "properties": { "decimalLatitude": 33.777042, "decimalLongitude": -84.322196, "eventDate": "2020-06-04T10:14:28Z", "countryCode": "US" }, "geometry": { "type": "Point", "coordinates": [ -84.322196, 33.777042 ] } },
{ "type": "Feature", "properties": { "decimalLatitude": 38.937517, "decimalLongitude": -77.620253, "eventDate": "2020-06-09T18:13:13Z", "countryCode": "US" }, "geometry": { "type": "Point", "coordinates": [ -77.620253, 38.937517 ] } },
{ "type": "Feature", "properties": { "decimalLatitude": 33.809221, "decimalLongitude": -84.352443, "eventDate": "2020-06-10T15:56:50Z", "countryCode": "US" }, "geometry": { "type": "Point", "coordinates": [ -84.352443, 33.809221 ] } },
{ "type": "Feature", "properties": { "decimalLatitude": 33.671355, "decimalLongitude": -84.118415, "eventDate": "2020-06-11T12:48:00Z", "countryCode": "US" }, "geometry": { "type": "Point", "coordinates": [ -84.118415, 33.671355 ] } },
{ "type": "Feature", "properties": { "decimalLatitude": 35.212848, "decimalLongitude": -90.706556, "eventDate": "2020-06-14T00:00:00Z", "countryCode": "US" }, "geometry": { "type": "Point", "coordinates": [ -90.706556, 35.212848 ] } },
{ "type": "Feature", "properties": { "decimalLatitude": 33.811984, "decimalLongitude": -84.315938, "eventDate": "2020-06-11T15:58:16Z", "countryCode": "US" }, "geometry": { "type": "Point", "coordinates": [ -84.315938, 33.811984 ] } },
{ "type": "Feature", "properties": { "decimalLatitude": 29.041148, "decimalLongitude": -82.326709, "eventDate": "2020-06-20T12:50:00Z", "countryCode": "US" }, "geometry": { "type": "Point", "coordinates": [ -82.326709, 29.041148 ] } },
{ "type": "Feature", "properties": { "decimalLatitude": 38.986343, "decimalLongitude": -75.789329, "eventDate": "2020-06-30T18:19:11Z", "countryCode": "US" }, "geometry": { "type": "Point", "coordinates": [ -75.789329, 38.986343 ] } },
{ "type": "Feature", "properties": { "decimalLatitude": 33.841624, "decimalLongitude": -84.297001, "eventDate": "2020-06-29T15:31:07Z", "countryCode": "US" }, "geometry": { "type": "Point", "coordinates": [ -84.297001, 33.841624 ] } },
{ "type": "Feature", "properties": { "decimalLatitude": 34.179296, "decimalLongitude": -91.998549, "eventDate": "2020-06-19T00:00:00Z", "countryCode": "US" }, "geometry": { "type": "Point", "coordinates": [ -91.998549, 34.179296 ] } },
{ "type": "Feature", "properties": { "decimalLatitude": 33.589163, "decimalLongitude": -91.60547, "eventDate": "2020-06-18T13:14:00Z", "countryCode": "US" }, "geometry": { "type": "Point", "coordinates": [ -91.60547, 33.589163 ] } },
{ "type": "Feature", "properties": { "decimalLatitude": 40.909444, "decimalLongitude": -73.897222, "eventDate": "2020-06-28T10:03:45Z", "countryCode": "US" }, "geometry": { "type": "Point", "coordinates": [ -73.897222, 40.909444 ] } },
{ "type": "Feature", "properties": { "decimalLatitude": 38.568986, "decimalLongitude": -77.351602, "eventDate": "2020-06-16T13:42:00Z", "countryCode": "US" }, "geometry": { "type": "Point", "coordinates": [ -77.351602, 38.568986 ] } },
{ "type": "Feature", "properties": { "decimalLatitude": 40.905833, "decimalLongitude": -73.887222, "eventDate": "2020-06-28T11:20:02Z", "countryCode": "US" }, "geometry": { "type": "Point", "coordinates": [ -73.887222, 40.905833 ] } },
{ "type": "Feature", "properties": { "decimalLatitude": 35.964128, "decimalLongitude": -84.282588, "eventDate": "2020-06-15T00:00:00Z", "countryCode": "US" }, "geometry": { "type": "Point", "coordinates": [ -84.282588, 35.964128 ] } },
{ "type": "Feature", "properties": { "decimalLatitude": 32.617992, "decimalLongitude": -85.528428, "eventDate": "2020-06-05T10:44:01Z", "countryCode": "US" }, "geometry": { "type": "Point", "coordinates": [ -85.528428, 32.617992 ] } },
{ "type": "Feature", "properties": { "decimalLatitude": 30.185395, "decimalLongitude": -97.722558, "eventDate": "2020-06-17T15:12:41Z", "countryCode": "US" }, "geometry": { "type": "Point", "coordinates": [ -97.722558, 30.185395 ] } },
{ "type": "Feature", "properties": { "decimalLatitude": 30.497433, "decimalLongitude": -97.800106, "eventDate": "2020-06-17T23:16:00Z", "countryCode": "US" }, "geometry": { "type": "Point", "coordinates": [ -97.800106, 30.497433 ] } },
{ "type": "Feature", "properties": { "decimalLatitude": 27.832775, "decimalLongitude": -81.464163, "eventDate": "2020-06-03T09:48:58Z", "countryCode": "US" }, "geometry": { "type": "Point", "coordinates": [ -81.464163, 27.832775 ] } },
{ "type": "Feature", "properties": { "decimalLatitude": 38.716512, "decimalLongitude": -77.935133, "eventDate": "2020-06-14T08:41:00Z", "countryCode": "US" }, "geometry": { "type": "Point", "coordinates": [ -77.935133, 38.716512 ] } },
{ "type": "Feature", "properties": { "decimalLatitude": 35.866296, "decimalLongitude": -84.240083, "eventDate": "2020-06-11T15:16:22.961Z", "countryCode": "US" }, "geometry": { "type": "Point", "coordinates": [ -84.240083, 35.866296 ] } },
{ "type": "Feature", "properties": { "decimalLatitude": 35.948902, "decimalLongitude": -79.426316, "eventDate": "2020-06-28T10:43:05Z", "countryCode": "US" }, "geometry": { "type": "Point", "coordinates": [ -79.426316, 35.948902 ] } },
{ "type": "Feature", "properties": { "decimalLatitude": 30.413247, "decimalLongitude": -97.717842, "eventDate": "2020-06-13T10:20:42Z", "countryCode": "US" }, "geometry": { "type": "Point", "coordinates": [ -97.717842, 30.413247 ] } },
{ "type": "Feature", "properties": { "decimalLatitude": 41.77832, "decimalLongitude": -87.929015, "eventDate": "2020-06-07T10:08:00Z", "countryCode": "US" }, "geometry": { "type": "Point", "coordinates": [ -87.929015, 41.77832 ] } },
{ "type": "Feature", "properties": { "decimalLatitude": 31.183179, "decimalLongitude": -90.518156, "eventDate": "2020-06-18T09:33:13Z", "countryCode": "US" }, "geometry": { "type": "Point", "coordinates": [ -90.518156, 31.183179 ] } },
{ "type": "Feature", "properties": { "decimalLatitude": 35.821822, "decimalLongitude": -79.093178, "eventDate": "2020-06-28T15:04:00Z", "countryCode": "US" }, "geometry": { "type": "Point", "coordinates": [ -79.093178, 35.821822 ] } },
{ "type": "Feature", "properties": { "decimalLatitude": 36.010653, "decimalLongitude": -78.889053, "eventDate": "2020-06-14T13:10:25Z", "countryCode": "US" }, "geometry": { "type": "Point", "coordinates": [ -78.889053, 36.010653 ] } },
{ "type": "Feature", "properties": { "decimalLatitude": 33.126265, "decimalLongitude": -79.776082, "eventDate": "2020-06-01T12:43:35Z", "countryCode": "US" }, "geometry": { "type": "Point", "coordinates": [ -79.776082, 33.126265 ] } },
{ "type": "Feature", "properties": { "decimalLatitude": 34.628631, "decimalLongitude": -86.62984, "eventDate": "2020-06-19T10:18:00Z", "countryCode": "US" }, "geometry": { "type": "Point", "coordinates": [ -86.62984, 34.628631 ] } },
{ "type": "Feature", "properties": { "decimalLatitude": 39.685895, "decimalLongitude": -82.550417, "eventDate": "2020-06-08T10:01:00Z", "countryCode": "US" }, "geometry": { "type": "Point", "coordinates": [ -82.550417, 39.685895 ] } },
{ "type": "Feature", "properties": { "decimalLatitude": 39.847084, "decimalLongitude": -75.746001, "eventDate": "2020-07-04T10:11:09Z", "countryCode": "US" }, "geometry": { "type": "Point", "coordinates": [ -75.746001, 39.847084 ] } },
{ "type": "Feature", "properties": { "decimalLatitude": 35.002256, "decimalLongitude": -85.36747, "eventDate": "2020-07-07T14:58:57Z", "countryCode": "US" }, "geometry": { "type": "Point", "coordinates": [ -85.36747, 35.002256 ] } },
{ "type": "Feature", "properties": { "decimalLatitude": 34.841996, "decimalLongitude": -92.523726, "eventDate": "2020-07-04T00:00:00Z", "countryCode": "US" }, "geometry": { "type": "Point", "coordinates": [ -92.523726, 34.841996 ] } },
{ "type": "Feature", "properties": { "decimalLatitude": 38.755113, "decimalLongitude": -85.421217, "eventDate": "2020-07-13T16:49:00Z", "countryCode": "US" }, "geometry": { "type": "Point", "coordinates": [ -85.421217, 38.755113 ] } },
{ "type": "Feature", "properties": { "decimalLatitude": 39.652425, "decimalLongitude": -84.449547, "eventDate": "2020-07-01T18:29:22Z", "countryCode": "US" }, "geometry": { "type": "Point", "coordinates": [ -84.449547, 39.652425 ] } },
{ "type": "Feature", "properties": { "decimalLatitude": 35.726227, "decimalLongitude": -79.146649, "eventDate": "2020-07-19T16:54:57Z", "countryCode": "US" }, "geometry": { "type": "Point", "coordinates": [ -79.146649, 35.726227 ] } },
{ "type": "Feature", "properties": { "decimalLatitude": 27.578572, "decimalLongitude": -81.52517, "eventDate": "2020-07-26T10:41:35Z", "countryCode": "US" }, "geometry": { "type": "Point", "coordinates": [ -81.52517, 27.578572 ] } },
{ "type": "Feature", "properties": { "decimalLatitude": 35.875611, "decimalLongitude": -79.014991, "eventDate": "2020-07-25T10:17:30Z", "countryCode": "US" }, "geometry": { "type": "Point", "coordinates": [ -79.014991, 35.875611 ] } },
{ "type": "Feature", "properties": { "decimalLatitude": 38.38, "decimalLongitude": -77.78, "eventDate": "2020-07-05T10:14:00Z", "countryCode": "US" }, "geometry": { "type": "Point", "coordinates": [ -77.78, 38.38 ] } },
{ "type": "Feature", "properties": { "decimalLatitude": 34.770766, "decimalLongitude": -86.306136, "eventDate": "2020-07-24T10:34:03Z", "countryCode": "US" }, "geometry": { "type": "Point", "coordinates": [ -86.306136, 34.770766 ] } },
{ "type": "Feature", "properties": { "decimalLatitude": 32.221353, "decimalLongitude": -80.759575, "eventDate": "2020-07-21T14:26:58Z", "countryCode": "US" }, "geometry": { "type": "Point", "coordinates": [ -80.759575, 32.221353 ] } },
{ "type": "Feature", "properties": { "decimalLatitude": 41.124579, "decimalLongitude": -86.587309, "eventDate": "2020-07-28T17:12:00Z", "countryCode": "US" }, "geometry": { "type": "Point", "coordinates": [ -86.587309, 41.124579 ] } },
{ "type": "Feature", "properties": { "decimalLatitude": 38.867986, "decimalLongitude": -77.496903, "eventDate": "2020-07-24T13:01:00Z", "countryCode": "US" }, "geometry": { "type": "Point", "coordinates": [ -77.496903, 38.867986 ] } },
{ "type": "Feature", "properties": { "decimalLatitude": 34.31006, "decimalLongitude": -89.468757, "eventDate": "2020-07-12T19:43:05Z", "countryCode": "US" }, "geometry": { "type": "Point", "coordinates": [ -89.468757, 34.31006 ] } },
{ "type": "Feature", "properties": { "decimalLatitude": 40.315687, "decimalLongitude": -75.898591, "eventDate": "2020-07-09T10:55:00Z", "countryCode": "US" }, "geometry": { "type": "Point", "coordinates": [ -75.898591, 40.315687 ] } },
{ "type": "Feature", "properties": { "decimalLatitude": 35.817116, "decimalLongitude": -78.726364, "eventDate": "2020-07-26T12:14:00Z", "countryCode": "US" }, "geometry": { "type": "Point", "coordinates": [ -78.726364, 35.817116 ] } },
{ "type": "Feature", "properties": { "decimalLatitude": 30.897996, "decimalLongitude": -91.342287, "eventDate": "2020-07-09T10:08:37Z", "countryCode": "US" }, "geometry": { "type": "Point", "coordinates": [ -91.342287, 30.897996 ] } },
{ "type": "Feature", "properties": { "decimalLatitude": 33.526638, "decimalLongitude": -84.69996, "eventDate": "2020-07-26T11:04:54Z", "countryCode": "US" }, "geometry": { "type": "Point", "coordinates": [ -84.69996, 33.526638 ] } },
{ "type": "Feature", "properties": { "decimalLatitude": 35.772888, "decimalLongitude": -79.165819, "eventDate": "2020-07-11T18:21:55Z", "countryCode": "US" }, "geometry": { "type": "Point", "coordinates": [ -79.165819, 35.772888 ] } },
{ "type": "Feature", "properties": { "decimalLatitude": 36.041308, "decimalLongitude": -78.926362, "eventDate": "2020-07-29T11:28:29Z", "countryCode": "US" }, "geometry": { "type": "Point", "coordinates": [ -78.926362, 36.041308 ] } },
{ "type": "Feature", "properties": { "decimalLatitude": 39.734167, "decimalLongitude": -78.345556, "eventDate": "2020-07-25T13:12:00Z", "countryCode": "US" }, "geometry": { "type": "Point", "coordinates": [ -78.345556, 39.734167 ] } },
{ "type": "Feature", "properties": { "decimalLatitude": 38.78745, "decimalLongitude": -77.797728, "eventDate": "2020-08-18T16:24:00Z", "countryCode": "US" }, "geometry": { "type": "Point", "coordinates": [ -77.797728, 38.78745 ] } },
{ "type": "Feature", "properties": { "decimalLatitude": 36.135641, "decimalLongitude": -79.172187, "eventDate": "2020-08-07T18:37:40Z", "countryCode": "US" }, "geometry": { "type": "Point", "coordinates": [ -79.172187, 36.135641 ] } },
{ "type": "Feature", "properties": { "decimalLatitude": 35.928637, "decimalLongitude": -78.966134, "eventDate": "2020-08-03T12:31:03Z", "countryCode": "US" }, "geometry": { "type": "Point", "coordinates": [ -78.966134, 35.928637 ] } },
{ "type": "Feature", "properties": { "decimalLatitude": 38.716752, "decimalLongitude": -77.930642, "eventDate": "2020-08-07T18:55:51Z", "countryCode": "US" }, "geometry": { "type": "Point", "coordinates": [ -77.930642, 38.716752 ] } },
{ "type": "Feature", "properties": { "decimalLatitude": 40.696871, "decimalLongitude": -74.535046, "eventDate": "2020-08-24T16:52:05Z", "countryCode": "US" }, "geometry": { "type": "Point", "coordinates": [ -74.535046, 40.696871 ] } },
{ "type": "Feature", "properties": { "decimalLatitude": 40.743126, "decimalLongitude": -84.20301, "eventDate": "2020-08-28T09:40:33Z", "countryCode": "US" }, "geometry": { "type": "Point", "coordinates": [ -84.20301, 40.743126 ] } },
{ "type": "Feature", "properties": { "decimalLatitude": 27.470771, "decimalLongitude": -81.559342, "eventDate": "2020-08-12T11:34:56Z", "countryCode": "US" }, "geometry": { "type": "Point", "coordinates": [ -81.559342, 27.470771 ] } },
{ "type": "Feature", "properties": { "decimalLatitude": 28.927302, "decimalLongitude": -82.570322, "eventDate": "2020-08-22T10:38:44Z", "countryCode": "US" }, "geometry": { "type": "Point", "coordinates": [ -82.570322, 28.927302 ] } },
{ "type": "Feature", "properties": { "decimalLatitude": 37.776378, "decimalLongitude": -83.678383, "eventDate": "2020-08-04T15:49:12Z", "countryCode": "US" }, "geometry": { "type": "Point", "coordinates": [ -83.678383, 37.776378 ] } },
{ "type": "Feature", "properties": { "decimalLatitude": 33.425049, "decimalLongitude": -88.761372, "eventDate": "2020-08-22T10:21:09Z", "countryCode": "US" }, "geometry": { "type": "Point", "coordinates": [ -88.761372, 33.425049 ] } },
{ "type": "Feature", "properties": { "decimalLatitude": 36.398715, "decimalLongitude": -79.298852, "eventDate": "2020-08-30T11:21:16Z", "countryCode": "US" }, "geometry": { "type": "Point", "coordinates": [ -79.298852, 36.398715 ] } },
{ "type": "Feature", "properties": { "decimalLatitude": 41.715416, "decimalLongitude": -87.902969, "eventDate": "2020-08-04T13:10:57Z", "countryCode": "US" }, "geometry": { "type": "Point", "coordinates": [ -87.902969, 41.715416 ] } },
{ "type": "Feature", "properties": { "decimalLatitude": 35.828333, "decimalLongitude": -93.390359, "eventDate": "2020-08-22T15:18:38Z", "countryCode": "US" }, "geometry": { "type": "Point", "coordinates": [ -93.390359, 35.828333 ] } },
{ "type": "Feature", "properties": { "decimalLatitude": 41.574394, "decimalLongitude": -81.158585, "eventDate": "2020-08-11T00:21:07Z", "countryCode": "US" }, "geometry": { "type": "Point", "coordinates": [ -81.158585, 41.574394 ] } },
{ "type": "Feature", "properties": { "decimalLatitude": 36.138858, "decimalLongitude": -78.839573, "eventDate": "2020-08-08T11:14:04Z", "countryCode": "US" }, "geometry": { "type": "Point", "coordinates": [ -78.839573, 36.138858 ] } },
{ "type": "Feature", "properties": { "decimalLatitude": 39.477641, "decimalLongitude": -76.420317, "eventDate": "2020-08-28T12:59:34Z", "countryCode": "US" }, "geometry": { "type": "Point", "coordinates": [ -76.420317, 39.477641 ] } },
{ "type": "Feature", "properties": { "decimalLatitude": 35.939808, "decimalLongitude": -80.102467, "eventDate": "2020-08-14T15:51:00Z", "countryCode": "US" }, "geometry": { "type": "Point", "coordinates": [ -80.102467, 35.939808 ] } },
{ "type": "Feature", "properties": { "decimalLatitude": 33.804668, "decimalLongitude": -84.30257, "eventDate": "2020-08-26T14:18:33Z", "countryCode": "US" }, "geometry": { "type": "Point", "coordinates": [ -84.30257, 33.804668 ] } },
{ "type": "Feature", "properties": { "decimalLatitude": 36.008739, "decimalLongitude": -78.994255, "eventDate": "2020-09-04T14:00:49Z", "countryCode": "US" }, "geometry": { "type": "Point", "coordinates": [ -78.994255, 36.008739 ] } },
{ "type": "Feature", "properties": { "decimalLatitude": 38.755713, "decimalLongitude": -77.112397, "eventDate": "2020-09-04T16:09:51Z", "countryCode": "US" }, "geometry": { "type": "Point", "coordinates": [ -77.112397, 38.755713 ] } },
{ "type": "Feature", "properties": { "decimalLatitude": 35.903543, "decimalLongitude": -80.062006, "eventDate": "2020-09-05T16:56:00Z", "countryCode": "US" }, "geometry": { "type": "Point", "coordinates": [ -80.062006, 35.903543 ] } },
{ "type": "Feature", "properties": { "decimalLatitude": 38.755725, "decimalLongitude": -77.11235, "eventDate": "2020-09-04T16:09:45Z", "countryCode": "US" }, "geometry": { "type": "Point", "coordinates": [ -77.11235, 38.755725 ] } },
{ "type": "Feature", "properties": { "decimalLatitude": 36.140746, "decimalLongitude": -78.910623, "eventDate": "2020-09-11T09:01:59Z", "countryCode": "US" }, "geometry": { "type": "Point", "coordinates": [ -78.910623, 36.140746 ] } },
{ "type": "Feature", "properties": { "decimalLatitude": 38.986282, "decimalLongitude": -75.789305, "eventDate": "2020-09-12T14:15:07Z", "countryCode": "US" }, "geometry": { "type": "Point", "coordinates": [ -75.789305, 38.986282 ] } },
{ "type": "Feature", "properties": { "decimalLatitude": 32.024599, "decimalLongitude": -89.398824, "eventDate": "2020-09-13T18:00:55Z", "countryCode": "US" }, "geometry": { "type": "Point", "coordinates": [ -89.398824, 32.024599 ] } },
{ "type": "Feature", "properties": { "decimalLatitude": 38.974189, "decimalLongitude": -77.172424, "eventDate": "2020-09-22T15:28:11Z", "countryCode": "US" }, "geometry": { "type": "Point", "coordinates": [ -77.172424, 38.974189 ] } },
{ "type": "Feature", "properties": { "decimalLatitude": 39.731688, "decimalLongitude": -78.339783, "eventDate": "2020-09-12T15:10:30Z", "countryCode": "US" }, "geometry": { "type": "Point", "coordinates": [ -78.339783, 39.731688 ] } },
{ "type": "Feature", "properties": { "decimalLatitude": 38.986339, "decimalLongitude": -75.789397, "eventDate": "2020-09-12T14:15:33Z", "countryCode": "US" }, "geometry": { "type": "Point", "coordinates": [ -75.789397, 38.986339 ] } },
{ "type": "Feature", "properties": { "decimalLatitude": 39.603309, "decimalLongitude": -78.561536, "eventDate": "2020-09-16T16:04:00Z", "countryCode": "US" }, "geometry": { "type": "Point", "coordinates": [ -78.561536, 39.603309 ] } },
{ "type": "Feature", "properties": { "decimalLatitude": 38.875202, "decimalLongitude": -78.212017, "eventDate": "2020-09-15T09:50:00Z", "countryCode": "US" }, "geometry": { "type": "Point", "coordinates": [ -78.212017, 38.875202 ] } },
{ "type": "Feature", "properties": { "decimalLatitude": 35.924787, "decimalLongitude": -79.266024, "eventDate": "2020-09-19T13:30:26Z", "countryCode": "US" }, "geometry": { "type": "Point", "coordinates": [ -79.266024, 35.924787 ] } },
{ "type": "Feature", "properties": { "decimalLatitude": 38.810113, "decimalLongitude": -77.585642, "eventDate": "2020-09-21T11:29:00Z", "countryCode": "US" }, "geometry": { "type": "Point", "coordinates": [ -77.585642, 38.810113 ] } },
{ "type": "Feature", "properties": { "decimalLatitude": 35.666313, "decimalLongitude": -82.480347, "eventDate": "2020-09-23T14:55:58Z", "countryCode": "US" }, "geometry": { "type": "Point", "coordinates": [ -82.480347, 35.666313 ] } },
{ "type": "Feature", "properties": { "decimalLatitude": 36.136949, "decimalLongitude": -78.945128, "eventDate": "2020-09-18T10:32:29Z", "countryCode": "US" }, "geometry": { "type": "Point", "coordinates": [ -78.945128, 36.136949 ] } },
{ "type": "Feature", "properties": { "decimalLatitude": 31.177166, "decimalLongitude": -94.878818, "eventDate": "2020-09-13T17:07:29Z", "countryCode": "US" }, "geometry": { "type": "Point", "coordinates": [ -94.878818, 31.177166 ] } },
{ "type": "Feature", "properties": { "decimalLatitude": 37.118847, "decimalLongitude": -76.439429, "eventDate": "2020-10-08T11:19:45Z", "countryCode": "US" }, "geometry": { "type": "Point", "coordinates": [ -76.439429, 37.118847 ] } },
{ "type": "Feature", "properties": { "decimalLatitude": 39.711133, "decimalLongitude": -78.156922, "eventDate": "2020-10-02T16:17:00Z", "countryCode": "US" }, "geometry": { "type": "Point", "coordinates": [ -78.156922, 39.711133 ] } },
{ "type": "Feature", "properties": { "decimalLatitude": 39.404159, "decimalLongitude": -82.045427, "eventDate": "2020-10-12T16:15:02Z", "countryCode": "US" }, "geometry": { "type": "Point", "coordinates": [ -82.045427, 39.404159 ] } },
{ "type": "Feature", "properties": { "decimalLatitude": 37.210949, "decimalLongitude": -88.847815, "eventDate": "2020-10-04T13:36:00Z", "countryCode": "US" }, "geometry": { "type": "Point", "coordinates": [ -88.847815, 37.210949 ] } },
{ "type": "Feature", "properties": { "decimalLatitude": 33.620583, "decimalLongitude": -83.874145, "eventDate": "2020-10-11T16:46:31Z", "countryCode": "US" }, "geometry": { "type": "Point", "coordinates": [ -83.874145, 33.620583 ] } },
{ "type": "Feature", "properties": { "decimalLatitude": 38.934738, "decimalLongitude": -75.948928, "eventDate": "2020-10-24T11:51:52Z", "countryCode": "US" }, "geometry": { "type": "Point", "coordinates": [ -75.948928, 38.934738 ] } },
{ "type": "Feature", "properties": { "decimalLatitude": 36.175381, "decimalLongitude": -94.316597, "eventDate": "2020-10-11T11:57:00Z", "countryCode": "US" }, "geometry": { "type": "Point", "coordinates": [ -94.316597, 36.175381 ] } },
{ "type": "Feature", "properties": { "decimalLatitude": 40.961347, "decimalLongitude": -75.24377, "eventDate": "2020-10-07T14:54:51Z", "countryCode": "US" }, "geometry": { "type": "Point", "coordinates": [ -75.24377, 40.961347 ] } },
{ "type": "Feature", "properties": { "decimalLatitude": 30.49751, "decimalLongitude": -97.800073, "eventDate": "2020-10-02T00:34:00Z", "countryCode": "US" }, "geometry": { "type": "Point", "coordinates": [ -97.800073, 30.49751 ] } },
{ "type": "Feature", "properties": { "decimalLatitude": 30.497475, "decimalLongitude": -97.800053, "eventDate": "2020-10-01T23:46:00Z", "countryCode": "US" }, "geometry": { "type": "Point", "coordinates": [ -97.800053, 30.497475 ] } },
{ "type": "Feature", "properties": { "decimalLatitude": 30.49751, "decimalLongitude": -97.800073, "eventDate": "2020-10-02T00:34:00Z", "countryCode": "US" }, "geometry": { "type": "Point", "coordinates": [ -97.800073, 30.49751 ] } },
{ "type": "Feature", "properties": { "decimalLatitude": 38.475743, "decimalLongitude": -85.636885, "eventDate": "2020-10-13T08:26:49Z", "countryCode": "US" }, "geometry": { "type": "Point", "coordinates": [ -85.636885, 38.475743 ] } },
{ "type": "Feature", "properties": { "decimalLatitude": 35.130331, "decimalLongitude": -85.270115, "eventDate": "2020-10-12T15:33:57Z", "countryCode": "US" }, "geometry": { "type": "Point", "coordinates": [ -85.270115, 35.130331 ] } },
{ "type": "Feature", "properties": { "decimalLatitude": 38.0, "decimalLongitude": -81.0, "eventDate": "2020-10-21T00:00:00Z", "countryCode": "US" }, "geometry": { "type": "Point", "coordinates": [ -81.0, 38.0 ] } },
{ "type": "Feature", "properties": { "decimalLatitude": 40.961237, "decimalLongitude": -75.243715, "eventDate": "2020-10-07T15:09:02Z", "countryCode": "US" }, "geometry": { "type": "Point", "coordinates": [ -75.243715, 40.961237 ] } },
{ "type": "Feature", "properties": { "decimalLatitude": 34.696423, "decimalLongitude": -92.366797, "eventDate": "2020-11-01T10:15:20Z", "countryCode": "US" }, "geometry": { "type": "Point", "coordinates": [ -92.366797, 34.696423 ] } },
{ "type": "Feature", "properties": { "decimalLatitude": 27.764305, "decimalLongitude": -81.449441, "eventDate": "2020-12-15T11:44:19Z", "countryCode": "US" }, "geometry": { "type": "Point", "coordinates": [ -81.449441, 27.764305 ] } },
{ "type": "Feature", "properties": { "decimalLatitude": 27.519474, "decimalLongitude": -81.406882, "eventDate": "2021-01-20T12:13:27Z", "countryCode": "US" }, "geometry": { "type": "Point", "coordinates": [ -81.406882, 27.519474 ] } },
{ "type": "Feature", "properties": { "decimalLatitude": 27.76606, "decimalLongitude": -81.446613, "eventDate": "2021-01-11T13:48:03Z", "countryCode": "US" }, "geometry": { "type": "Point", "coordinates": [ -81.446613, 27.76606 ] } },
{ "type": "Feature", "properties": { "decimalLatitude": 27.530568, "decimalLongitude": -81.473451, "eventDate": "2021-01-18T13:34:56Z", "countryCode": "US" }, "geometry": { "type": "Point", "coordinates": [ -81.473451, 27.530568 ] } },
{ "type": "Feature", "properties": { "decimalLatitude": 30.595245, "decimalLongitude": -97.682231, "eventDate": "2021-01-03T04:05:00Z", "countryCode": "US" }, "geometry": { "type": "Point", "coordinates": [ -97.682231, 30.595245 ] } },
{ "type": "Feature", "properties": { "decimalLatitude": 27.618438, "decimalLongitude": -81.812453, "eventDate": "2021-02-14T16:55:00Z", "countryCode": "US" }, "geometry": { "type": "Point", "coordinates": [ -81.812453, 27.618438 ] } },
{ "type": "Feature", "properties": { "decimalLatitude": 27.860624, "decimalLongitude": -81.445706, "eventDate": "2021-02-23T15:12:51Z", "countryCode": "US" }, "geometry": { "type": "Point", "coordinates": [ -81.445706, 27.860624 ] } },
{ "type": "Feature", "properties": { "decimalLatitude": 29.544691, "decimalLongitude": -98.585931, "eventDate": "2021-03-21T11:57:44Z", "countryCode": "US" }, "geometry": { "type": "Point", "coordinates": [ -98.585931, 29.544691 ] } },
{ "type": "Feature", "properties": { "decimalLatitude": 29.851111, "decimalLongitude": -98.174167, "eventDate": "2021-03-20T15:08:37Z", "countryCode": "US" }, "geometry": { "type": "Point", "coordinates": [ -98.174167, 29.851111 ] } },
{ "type": "Feature", "properties": { "decimalLatitude": 30.457037, "decimalLongitude": -97.784455, "eventDate": "2021-03-20T23:36:00Z", "countryCode": "US" }, "geometry": { "type": "Point", "coordinates": [ -97.784455, 30.457037 ] } },
{ "type": "Feature", "properties": { "decimalLatitude": 30.783917, "decimalLongitude": -97.6764, "eventDate": "2021-03-23T14:30:00Z", "countryCode": "US" }, "geometry": { "type": "Point", "coordinates": [ -97.6764, 30.783917 ] } },
{ "type": "Feature", "properties": { "decimalLatitude": 30.627953, "decimalLongitude": -97.779863, "eventDate": "2021-03-23T14:09:00Z", "countryCode": "US" }, "geometry": { "type": "Point", "coordinates": [ -97.779863, 30.627953 ] } },
{ "type": "Feature", "properties": { "decimalLatitude": 30.342163, "decimalLongitude": -97.841238, "eventDate": "2021-04-02T16:09:47Z", "countryCode": "US" }, "geometry": { "type": "Point", "coordinates": [ -97.841238, 30.342163 ] } },
{ "type": "Feature", "properties": { "decimalLatitude": 34.476191, "decimalLongitude": -93.364629, "eventDate": "2021-04-10T11:56:08Z", "countryCode": "US" }, "geometry": { "type": "Point", "coordinates": [ -93.364629, 34.476191 ] } },
{ "type": "Feature", "properties": { "decimalLatitude": 30.26432, "decimalLongitude": -97.635942, "eventDate": "2021-04-09T09:31:49Z", "countryCode": "US" }, "geometry": { "type": "Point", "coordinates": [ -97.635942, 30.26432 ] } },
{ "type": "Feature", "properties": { "decimalLatitude": 30.310542, "decimalLongitude": -98.061069, "eventDate": "2021-04-09T10:24:25Z", "countryCode": "US" }, "geometry": { "type": "Point", "coordinates": [ -98.061069, 30.310542 ] } },
{ "type": "Feature", "properties": { "decimalLatitude": 30.053869, "decimalLongitude": -99.376081, "eventDate": "2021-04-10T15:36:00Z", "countryCode": "US" }, "geometry": { "type": "Point", "coordinates": [ -99.376081, 30.053869 ] } },
{ "type": "Feature", "properties": { "decimalLatitude": 30.283745, "decimalLongitude": -97.798629, "eventDate": "2021-04-18T14:50:54Z", "countryCode": "US" }, "geometry": { "type": "Point", "coordinates": [ -97.798629, 30.283745 ] } },
{ "type": "Feature", "properties": { "decimalLatitude": 30.366256, "decimalLongitude": -97.830347, "eventDate": "2021-04-17T10:58:01Z", "countryCode": "US" }, "geometry": { "type": "Point", "coordinates": [ -97.830347, 30.366256 ] } },
{ "type": "Feature", "properties": { "decimalLatitude": 30.739234, "decimalLongitude": -98.203298, "eventDate": "2021-04-22T17:00:00Z", "countryCode": "US" }, "geometry": { "type": "Point", "coordinates": [ -98.203298, 30.739234 ] } },
{ "type": "Feature", "properties": { "decimalLatitude": 30.382507, "decimalLongitude": -97.79021, "eventDate": "2021-04-26T12:03:00Z", "countryCode": "US" }, "geometry": { "type": "Point", "coordinates": [ -97.79021, 30.382507 ] } },
{ "type": "Feature", "properties": { "decimalLatitude": 34.761186, "decimalLongitude": -86.295407, "eventDate": "2021-04-26T12:36:24Z", "countryCode": "US" }, "geometry": { "type": "Point", "coordinates": [ -86.295407, 34.761186 ] } },
{ "type": "Feature", "properties": { "decimalLatitude": 33.7776, "decimalLongitude": -84.322258, "eventDate": "2021-04-30T11:43:06Z", "countryCode": "US" }, "geometry": { "type": "Point", "coordinates": [ -84.322258, 33.7776 ] } },
{ "type": "Feature", "properties": { "decimalLatitude": 36.108903, "decimalLongitude": -78.807932, "eventDate": "2021-04-30T07:25:52Z", "countryCode": "US" }, "geometry": { "type": "Point", "coordinates": [ -78.807932, 36.108903 ] } },
{ "type": "Feature", "properties": { "decimalLatitude": 34.33903, "decimalLongitude": -83.919197, "eventDate": "2021-04-27T12:49:03Z", "countryCode": "US" }, "geometry": { "type": "Point", "coordinates": [ -83.919197, 34.33903 ] } },
{ "type": "Feature", "properties": { "decimalLatitude": 30.513686, "decimalLongitude": -90.166642, "eventDate": "2021-04-21T14:38:40Z", "countryCode": "US" }, "geometry": { "type": "Point", "coordinates": [ -90.166642, 30.513686 ] } },
{ "type": "Feature", "properties": { "decimalLatitude": 30.246343, "decimalLongitude": -97.983473, "eventDate": "2021-04-18T12:40:00Z", "countryCode": "US" }, "geometry": { "type": "Point", "coordinates": [ -97.983473, 30.246343 ] } },
{ "type": "Feature", "properties": { "decimalLatitude": 33.724381, "decimalLongitude": -83.796753, "eventDate": "2021-04-27T18:48:37.831Z", "countryCode": "US" }, "geometry": { "type": "Point", "coordinates": [ -83.796753, 33.724381 ] } },
{ "type": "Feature", "properties": { "decimalLatitude": 34.515401, "decimalLongitude": -86.915216, "eventDate": "2021-04-22T19:14:27.813Z", "countryCode": "US" }, "geometry": { "type": "Point", "coordinates": [ -86.915216, 34.515401 ] } },
{ "type": "Feature", "properties": { "decimalLatitude": 33.730562, "decimalLongitude": -83.799119, "eventDate": "2021-04-27T14:15:14.613Z", "countryCode": "US" }, "geometry": { "type": "Point", "coordinates": [ -83.799119, 33.730562 ] } },
{ "type": "Feature", "properties": { "decimalLatitude": 36.734048, "decimalLongitude": -88.11532, "eventDate": "2021-04-26T15:25:57Z", "countryCode": "US" }, "geometry": { "type": "Point", "coordinates": [ -88.11532, 36.734048 ] } },
{ "type": "Feature", "properties": { "decimalLatitude": 38.523308, "decimalLongitude": -90.544248, "eventDate": "2021-04-30T11:18:30Z", "countryCode": "US" }, "geometry": { "type": "Point", "coordinates": [ -90.544248, 38.523308 ] } },
{ "type": "Feature", "properties": { "decimalLatitude": 30.813458, "decimalLongitude": -94.022255, "eventDate": "2021-04-27T14:43:58Z", "countryCode": "US" }, "geometry": { "type": "Point", "coordinates": [ -94.022255, 30.813458 ] } },
{ "type": "Feature", "properties": { "decimalLatitude": 29.742753, "decimalLongitude": -98.387055, "eventDate": "2021-04-18T18:38:51Z", "countryCode": "US" }, "geometry": { "type": "Point", "coordinates": [ -98.387055, 29.742753 ] } },
{ "type": "Feature", "properties": { "decimalLatitude": 35.981526, "decimalLongitude": -78.947352, "eventDate": "2021-04-21T12:43:25Z", "countryCode": "US" }, "geometry": { "type": "Point", "coordinates": [ -78.947352, 35.981526 ] } },
{ "type": "Feature", "properties": { "decimalLatitude": 32.943665, "decimalLongitude": -79.828388, "eventDate": "2021-04-14T10:44:01Z", "countryCode": "US" }, "geometry": { "type": "Point", "coordinates": [ -79.828388, 32.943665 ] } },
{ "type": "Feature", "properties": { "decimalLatitude": 36.07277, "decimalLongitude": -79.006532, "eventDate": "2021-04-29T15:21:25Z", "countryCode": "US" }, "geometry": { "type": "Point", "coordinates": [ -79.006532, 36.07277 ] } },
{ "type": "Feature", "properties": { "decimalLatitude": 30.373614, "decimalLongitude": -97.864092, "eventDate": "2021-04-18T12:40:00Z", "countryCode": "US" }, "geometry": { "type": "Point", "coordinates": [ -97.864092, 30.373614 ] } },
{ "type": "Feature", "properties": { "decimalLatitude": 39.61176, "decimalLongitude": -88.05824, "eventDate": "2021-05-02T09:50:00Z", "countryCode": "US" }, "geometry": { "type": "Point", "coordinates": [ -88.05824, 39.61176 ] } },
{ "type": "Feature", "properties": { "decimalLatitude": 35.635122, "decimalLongitude": -79.115135, "eventDate": "2021-05-06T07:16:00Z", "countryCode": "US" }, "geometry": { "type": "Point", "coordinates": [ -79.115135, 35.635122 ] } },
{ "type": "Feature", "properties": { "decimalLatitude": 35.86934, "decimalLongitude": -79.049607, "eventDate": "2021-05-01T19:17:38Z", "countryCode": "US" }, "geometry": { "type": "Point", "coordinates": [ -79.049607, 35.86934 ] } },
{ "type": "Feature", "properties": { "decimalLatitude": 35.829235, "decimalLongitude": -79.057894, "eventDate": "2021-05-03T14:03:25Z", "countryCode": "US" }, "geometry": { "type": "Point", "coordinates": [ -79.057894, 35.829235 ] } },
{ "type": "Feature", "properties": { "decimalLatitude": 34.878675, "decimalLongitude": -86.011494, "eventDate": "2021-05-06T09:36:00Z", "countryCode": "US" }, "geometry": { "type": "Point", "coordinates": [ -86.011494, 34.878675 ] } },
{ "type": "Feature", "properties": { "decimalLatitude": 33.778197, "decimalLongitude": -84.321695, "eventDate": "2021-05-01T11:32:43Z", "countryCode": "US" }, "geometry": { "type": "Point", "coordinates": [ -84.321695, 33.778197 ] } },
{ "type": "Feature", "properties": { "decimalLatitude": 37.584491, "decimalLongitude": -89.146039, "eventDate": "2021-05-06T18:08:07Z", "countryCode": "US" }, "geometry": { "type": "Point", "coordinates": [ -89.146039, 37.584491 ] } },
{ "type": "Feature", "properties": { "decimalLatitude": 34.730799, "decimalLongitude": -86.243972, "eventDate": "2021-05-12T16:13:06Z", "countryCode": "US" }, "geometry": { "type": "Point", "coordinates": [ -86.243972, 34.730799 ] } },
{ "type": "Feature", "properties": { "decimalLatitude": 33.190175, "decimalLongitude": -87.0087, "eventDate": "2021-05-11T10:27:54Z", "countryCode": "US" }, "geometry": { "type": "Point", "coordinates": [ -87.0087, 33.190175 ] } },
{ "type": "Feature", "properties": { "decimalLatitude": 35.634947, "decimalLongitude": -79.11702, "eventDate": "2021-05-09T07:56:00Z", "countryCode": "US" }, "geometry": { "type": "Point", "coordinates": [ -79.11702, 35.634947 ] } },
{ "type": "Feature", "properties": { "decimalLatitude": 34.793753, "decimalLongitude": -86.299044, "eventDate": "2021-05-12T16:13:55Z", "countryCode": "US" }, "geometry": { "type": "Point", "coordinates": [ -86.299044, 34.793753 ] } },
{ "type": "Feature", "properties": { "decimalLatitude": 36.004045, "decimalLongitude": -78.759184, "eventDate": "2021-05-14T14:24:49Z", "countryCode": "US" }, "geometry": { "type": "Point", "coordinates": [ -78.759184, 36.004045 ] } },
{ "type": "Feature", "properties": { "decimalLatitude": 33.839828, "decimalLongitude": -83.293793, "eventDate": "2021-05-15T13:13:00Z", "countryCode": "US" }, "geometry": { "type": "Point", "coordinates": [ -83.293793, 33.839828 ] } },
{ "type": "Feature", "properties": { "decimalLatitude": 30.304126, "decimalLongitude": -97.746346, "eventDate": "2021-05-16T08:13:00Z", "countryCode": "US" }, "geometry": { "type": "Point", "coordinates": [ -97.746346, 30.304126 ] } },
{ "type": "Feature", "properties": { "decimalLatitude": 31.72275, "decimalLongitude": -87.466686, "eventDate": "2021-05-15T13:00:41Z", "countryCode": "US" }, "geometry": { "type": "Point", "coordinates": [ -87.466686, 31.72275 ] } },
{ "type": "Feature", "properties": { "decimalLatitude": 39.362457, "decimalLongitude": -88.943062, "eventDate": "2021-05-08T11:25:00Z", "countryCode": "US" }, "geometry": { "type": "Point", "coordinates": [ -88.943062, 39.362457 ] } },
{ "type": "Feature", "properties": { "decimalLatitude": 31.883287, "decimalLongitude": -86.607362, "eventDate": "2021-05-09T16:53:01Z", "countryCode": "US" }, "geometry": { "type": "Point", "coordinates": [ -86.607362, 31.883287 ] } },
{ "type": "Feature", "properties": { "decimalLatitude": 33.815037, "decimalLongitude": -80.8135, "eventDate": "2021-05-16T15:19:00Z", "countryCode": "US" }, "geometry": { "type": "Point", "coordinates": [ -80.8135, 33.815037 ] } },
{ "type": "Feature", "properties": { "decimalLatitude": 33.34737, "decimalLongitude": -93.180664, "eventDate": "2021-05-13T00:00:00Z", "countryCode": "US" }, "geometry": { "type": "Point", "coordinates": [ -93.180664, 33.34737 ] } },
{ "type": "Feature", "properties": { "decimalLatitude": 34.756517, "decimalLongitude": -86.507822, "eventDate": "2021-05-20T10:30:13Z", "countryCode": "US" }, "geometry": { "type": "Point", "coordinates": [ -86.507822, 34.756517 ] } },
{ "type": "Feature", "properties": { "decimalLatitude": 39.366122, "decimalLongitude": -82.062425, "eventDate": "2021-05-13T16:20:51Z", "countryCode": "US" }, "geometry": { "type": "Point", "coordinates": [ -82.062425, 39.366122 ] } },
{ "type": "Feature", "properties": { "decimalLatitude": 29.743258, "decimalLongitude": -98.386933, "eventDate": "2021-05-20T12:20:55Z", "countryCode": "US" }, "geometry": { "type": "Point", "coordinates": [ -98.386933, 29.743258 ] } },
{ "type": "Feature", "properties": { "decimalLatitude": 31.299793, "decimalLongitude": -89.9925, "eventDate": "2021-05-01T09:26:00Z", "countryCode": "US" }, "geometry": { "type": "Point", "coordinates": [ -89.9925, 31.299793 ] } },
{ "type": "Feature", "properties": { "decimalLatitude": 37.546517, "decimalLongitude": -90.679488, "eventDate": "2021-05-22T15:33:32Z", "countryCode": "US" }, "geometry": { "type": "Point", "coordinates": [ -90.679488, 37.546517 ] } },
{ "type": "Feature", "properties": { "decimalLatitude": 30.016882, "decimalLongitude": -98.121631, "eventDate": "2021-05-17T18:54:59Z", "countryCode": "US" }, "geometry": { "type": "Point", "coordinates": [ -98.121631, 30.016882 ] } },
{ "type": "Feature", "properties": { "decimalLatitude": 30.055528, "decimalLongitude": -98.009178, "eventDate": "2021-05-16T18:12:05Z", "countryCode": "US" }, "geometry": { "type": "Point", "coordinates": [ -98.009178, 30.055528 ] } },
{ "type": "Feature", "properties": { "decimalLatitude": 29.830275, "decimalLongitude": -99.572008, "eventDate": "2021-05-22T10:06:10Z", "countryCode": "US" }, "geometry": { "type": "Point", "coordinates": [ -99.572008, 29.830275 ] } },
{ "type": "Feature", "properties": { "decimalLatitude": 30.07623, "decimalLongitude": -99.351674, "eventDate": "2021-05-25T17:34:33Z", "countryCode": "US" }, "geometry": { "type": "Point", "coordinates": [ -99.351674, 30.07623 ] } },
{ "type": "Feature", "properties": { "decimalLatitude": 30.448438, "decimalLongitude": -97.9334, "eventDate": "2021-05-25T23:21:00Z", "countryCode": "US" }, "geometry": { "type": "Point", "coordinates": [ -97.9334, 30.448438 ] } },
{ "type": "Feature", "properties": { "decimalLatitude": 37.099036, "decimalLongitude": -91.469667, "eventDate": "2021-05-29T12:32:00Z", "countryCode": "US" }, "geometry": { "type": "Point", "coordinates": [ -91.469667, 37.099036 ] } },
{ "type": "Feature", "properties": { "decimalLatitude": 30.938692, "decimalLongitude": -94.089486, "eventDate": "2021-05-29T10:13:31Z", "countryCode": "US" }, "geometry": { "type": "Point", "coordinates": [ -94.089486, 30.938692 ] } },
{ "type": "Feature", "properties": { "decimalLatitude": 37.871012, "decimalLongitude": -90.307228, "eventDate": "2021-05-30T12:04:49Z", "countryCode": "US" }, "geometry": { "type": "Point", "coordinates": [ -90.307228, 37.871012 ] } },
{ "type": "Feature", "properties": { "decimalLatitude": 30.1038, "decimalLongitude": -98.425925, "eventDate": "2021-05-17T18:27:51Z", "countryCode": "US" }, "geometry": { "type": "Point", "coordinates": [ -98.425925, 30.1038 ] } },
{ "type": "Feature", "properties": { "decimalLatitude": 33.916028, "decimalLongitude": -83.308029, "eventDate": "2021-05-29T14:03:00Z", "countryCode": "US" }, "geometry": { "type": "Point", "coordinates": [ -83.308029, 33.916028 ] } },
{ "type": "Feature", "properties": { "decimalLatitude": 30.055117, "decimalLongitude": -98.010583, "eventDate": "2021-05-15T18:29:24Z", "countryCode": "US" }, "geometry": { "type": "Point", "coordinates": [ -98.010583, 30.055117 ] } },
{ "type": "Feature", "properties": { "decimalLatitude": 31.349903, "decimalLongitude": -89.418679, "eventDate": "2021-05-10T12:58:13Z", "countryCode": "US" }, "geometry": { "type": "Point", "coordinates": [ -89.418679, 31.349903 ] } },
{ "type": "Feature", "properties": { "decimalLatitude": 37.835557, "decimalLongitude": -93.307132, "eventDate": "2021-05-31T15:39:00Z", "countryCode": "US" }, "geometry": { "type": "Point", "coordinates": [ -93.307132, 37.835557 ] } },
{ "type": "Feature", "properties": { "decimalLatitude": 36.940422, "decimalLongitude": -91.002883, "eventDate": "2021-05-26T13:36:00Z", "countryCode": "US" }, "geometry": { "type": "Point", "coordinates": [ -91.002883, 36.940422 ] } },
{ "type": "Feature", "properties": { "decimalLatitude": 39.701049, "decimalLongitude": -78.543225, "eventDate": "2021-05-27T14:10:23Z", "countryCode": "US" }, "geometry": { "type": "Point", "coordinates": [ -78.543225, 39.701049 ] } },
{ "type": "Feature", "properties": { "decimalLatitude": 34.540565, "decimalLongitude": -92.694672, "eventDate": "2021-05-31T12:51:17Z", "countryCode": "US" }, "geometry": { "type": "Point", "coordinates": [ -92.694672, 34.540565 ] } },
{ "type": "Feature", "properties": { "decimalLatitude": 34.216767, "decimalLongitude": -81.090064, "eventDate": "2021-05-31T15:53:57Z", "countryCode": "US" }, "geometry": { "type": "Point", "coordinates": [ -81.090064, 34.216767 ] } },
{ "type": "Feature", "properties": { "decimalLatitude": 39.11506, "decimalLongitude": -88.605566, "eventDate": "2021-05-31T17:18:55.233Z", "countryCode": "US" }, "geometry": { "type": "Point", "coordinates": [ -88.605566, 39.11506 ] } },
{ "type": "Feature", "properties": { "decimalLatitude": 38.385343, "decimalLongitude": -90.603439, "eventDate": "2021-05-14T08:22:57Z", "countryCode": "US" }, "geometry": { "type": "Point", "coordinates": [ -90.603439, 38.385343 ] } },
{ "type": "Feature", "properties": { "decimalLatitude": 38.438563, "decimalLongitude": -91.053489, "eventDate": "2021-05-22T07:56:00Z", "countryCode": "US" }, "geometry": { "type": "Point", "coordinates": [ -91.053489, 38.438563 ] } },
{ "type": "Feature", "properties": { "decimalLatitude": 30.71432, "decimalLongitude": -94.90713, "eventDate": "2021-05-22T11:14:00Z", "countryCode": "US" }, "geometry": { "type": "Point", "coordinates": [ -94.90713, 30.71432 ] } },
{ "type": "Feature", "properties": { "decimalLatitude": 35.950465, "decimalLongitude": -79.441719, "eventDate": "2021-05-31T12:39:07Z", "countryCode": "US" }, "geometry": { "type": "Point", "coordinates": [ -79.441719, 35.950465 ] } },
{ "type": "Feature", "properties": { "decimalLatitude": 35.923433, "decimalLongitude": -79.268577, "eventDate": "2021-05-29T13:05:34Z", "countryCode": "US" }, "geometry": { "type": "Point", "coordinates": [ -79.268577, 35.923433 ] } },
{ "type": "Feature", "properties": { "decimalLatitude": 35.923225, "decimalLongitude": -79.269336, "eventDate": "2021-05-02T09:56:40Z", "countryCode": "US" }, "geometry": { "type": "Point", "coordinates": [ -79.269336, 35.923225 ] } },
{ "type": "Feature", "properties": { "decimalLatitude": 30.303303, "decimalLongitude": -95.679148, "eventDate": "2021-05-03T14:50:00Z", "countryCode": "US" }, "geometry": { "type": "Point", "coordinates": [ -95.679148, 30.303303 ] } },
{ "type": "Feature", "properties": { "decimalLatitude": 41.618252, "decimalLongitude": -87.905786, "eventDate": "2021-05-31T12:06:20Z", "countryCode": "US" }, "geometry": { "type": "Point", "coordinates": [ -87.905786, 41.618252 ] } },
{ "type": "Feature", "properties": { "decimalLatitude": 33.887198, "decimalLongitude": -83.334224, "eventDate": "2021-05-19T00:00:00Z", "countryCode": "US" }, "geometry": { "type": "Point", "coordinates": [ -83.334224, 33.887198 ] } },
{ "type": "Feature", "properties": { "decimalLatitude": 33.79758, "decimalLongitude": -89.773107, "eventDate": "2021-05-02T17:35:42Z", "countryCode": "US" }, "geometry": { "type": "Point", "coordinates": [ -89.773107, 33.79758 ] } },
{ "type": "Feature", "properties": { "decimalLatitude": 32.365728, "decimalLongitude": -90.302472, "eventDate": "2021-05-19T17:07:41Z", "countryCode": "US" }, "geometry": { "type": "Point", "coordinates": [ -90.302472, 32.365728 ] } },
{ "type": "Feature", "properties": { "decimalLatitude": 38.49513, "decimalLongitude": -85.249389, "eventDate": "2021-05-24T16:02:07Z", "countryCode": "US" }, "geometry": { "type": "Point", "coordinates": [ -85.249389, 38.49513 ] } },
{ "type": "Feature", "properties": { "decimalLatitude": 34.60448, "decimalLongitude": -89.04684, "eventDate": "2021-05-26T00:00:00Z", "countryCode": "US" }, "geometry": { "type": "Point", "coordinates": [ -89.04684, 34.60448 ] } },
{ "type": "Feature", "properties": { "decimalLatitude": 38.346424, "decimalLongitude": -86.251289, "eventDate": "2021-05-02T09:41:56Z", "countryCode": "US" }, "geometry": { "type": "Point", "coordinates": [ -86.251289, 38.346424 ] } },
{ "type": "Feature", "properties": { "decimalLatitude": 32.693437, "decimalLongitude": -94.17466, "eventDate": "2021-05-13T16:40:00Z", "countryCode": "US" }, "geometry": { "type": "Point", "coordinates": [ -94.17466, 32.693437 ] } },
{ "type": "Feature", "properties": { "decimalLatitude": 33.05769, "decimalLongitude": -87.033852, "eventDate": "2021-05-29T14:07:00Z", "countryCode": "US" }, "geometry": { "type": "Point", "coordinates": [ -87.033852, 33.05769 ] } },
{ "type": "Feature", "properties": { "decimalLatitude": 35.928509, "decimalLongitude": -78.966305, "eventDate": "2021-05-16T13:34:02Z", "countryCode": "US" }, "geometry": { "type": "Point", "coordinates": [ -78.966305, 35.928509 ] } },
{ "type": "Feature", "properties": { "decimalLatitude": 35.493038, "decimalLongitude": -88.673728, "eventDate": "2021-05-14T11:18:40Z", "countryCode": "US" }, "geometry": { "type": "Point", "coordinates": [ -88.673728, 35.493038 ] } },
{ "type": "Feature", "properties": { "decimalLatitude": 35.303115, "decimalLongitude": -81.121302, "eventDate": "2021-05-02T14:42:13Z", "countryCode": "US" }, "geometry": { "type": "Point", "coordinates": [ -81.121302, 35.303115 ] } },
{ "type": "Feature", "properties": { "decimalLatitude": 35.662983, "decimalLongitude": -78.456925, "eventDate": "2021-05-09T15:58:11Z", "countryCode": "US" }, "geometry": { "type": "Point", "coordinates": [ -78.456925, 35.662983 ] } },
{ "type": "Feature", "properties": { "decimalLatitude": 33.043248, "decimalLongitude": -79.749609, "eventDate": "2021-05-12T13:43:31Z", "countryCode": "US" }, "geometry": { "type": "Point", "coordinates": [ -79.749609, 33.043248 ] } },
{ "type": "Feature", "properties": { "decimalLatitude": 40.311632, "decimalLongitude": -75.883884, "eventDate": "2021-05-19T12:19:00Z", "countryCode": "US" }, "geometry": { "type": "Point", "coordinates": [ -75.883884, 40.311632 ] } },
{ "type": "Feature", "properties": { "decimalLatitude": 29.679175, "decimalLongitude": -82.311013, "eventDate": "2021-05-16T12:10:36Z", "countryCode": "US" }, "geometry": { "type": "Point", "coordinates": [ -82.311013, 29.679175 ] } },
{ "type": "Feature", "properties": { "decimalLatitude": 35.967888, "decimalLongitude": -78.644081, "eventDate": "2021-05-22T15:21:00Z", "countryCode": "US" }, "geometry": { "type": "Point", "coordinates": [ -78.644081, 35.967888 ] } },
{ "type": "Feature", "properties": { "decimalLatitude": 34.400514, "decimalLongitude": -92.145629, "eventDate": "2021-05-07T18:30:40Z", "countryCode": "US" }, "geometry": { "type": "Point", "coordinates": [ -92.145629, 34.400514 ] } },
{ "type": "Feature", "properties": { "decimalLatitude": 36.439547, "decimalLongitude": -88.036888, "eventDate": "2021-05-15T13:47:00Z", "countryCode": "US" }, "geometry": { "type": "Point", "coordinates": [ -88.036888, 36.439547 ] } },
{ "type": "Feature", "properties": { "decimalLatitude": 40.00899, "decimalLongitude": -87.553186, "eventDate": "2021-05-27T16:56:00Z", "countryCode": "US" }, "geometry": { "type": "Point", "coordinates": [ -87.553186, 40.00899 ] } },
{ "type": "Feature", "properties": { "decimalLatitude": 40.311632, "decimalLongitude": -75.883884, "eventDate": "2021-05-19T12:16:00Z", "countryCode": "US" }, "geometry": { "type": "Point", "coordinates": [ -75.883884, 40.311632 ] } },
{ "type": "Feature", "properties": { "decimalLatitude": 34.73953, "decimalLongitude": -82.841004, "eventDate": "2021-06-03T14:34:05Z", "countryCode": "US" }, "geometry": { "type": "Point", "coordinates": [ -82.841004, 34.73953 ] } },
{ "type": "Feature", "properties": { "decimalLatitude": 35.685423, "decimalLongitude": -79.052995, "eventDate": "2021-06-04T09:45:00Z", "countryCode": "US" }, "geometry": { "type": "Point", "coordinates": [ -79.052995, 35.685423 ] } },
{ "type": "Feature", "properties": { "decimalLatitude": 28.850206, "decimalLongitude": -82.472164, "eventDate": "2021-06-08T08:35:15Z", "countryCode": "US" }, "geometry": { "type": "Point", "coordinates": [ -82.472164, 28.850206 ] } },
{ "type": "Feature", "properties": { "decimalLatitude": 40.350783, "decimalLongitude": -75.432713, "eventDate": "2021-06-09T14:19:18Z", "countryCode": "US" }, "geometry": { "type": "Point", "coordinates": [ -75.432713, 40.350783 ] } },
{ "type": "Feature", "properties": { "decimalLatitude": 34.73895, "decimalLongitude": -82.842021, "eventDate": "2021-06-03T13:13:00Z", "countryCode": "US" }, "geometry": { "type": "Point", "coordinates": [ -82.842021, 34.73895 ] } },
{ "type": "Feature", "properties": { "decimalLatitude": 30.250405, "decimalLongitude": -84.05374, "eventDate": "2021-06-05T16:59:54Z", "countryCode": "US" }, "geometry": { "type": "Point", "coordinates": [ -84.05374, 30.250405 ] } },
{ "type": "Feature", "properties": { "decimalLatitude": 36.134778, "decimalLongitude": -79.159094, "eventDate": "2021-06-09T13:13:27Z", "countryCode": "US" }, "geometry": { "type": "Point", "coordinates": [ -79.159094, 36.134778 ] } },
{ "type": "Feature", "properties": { "decimalLatitude": 35.887545, "decimalLongitude": -78.87231, "eventDate": "2021-06-15T16:04:04Z", "countryCode": "US" }, "geometry": { "type": "Point", "coordinates": [ -78.87231, 35.887545 ] } },
{ "type": "Feature", "properties": { "decimalLatitude": 29.759421, "decimalLongitude": -98.740415, "eventDate": "2021-06-15T12:10:59Z", "countryCode": "US" }, "geometry": { "type": "Point", "coordinates": [ -98.740415, 29.759421 ] } },
{ "type": "Feature", "properties": { "decimalLatitude": 35.470047, "decimalLongitude": -88.053178, "eventDate": "2021-06-15T12:58:50Z", "countryCode": "US" }, "geometry": { "type": "Point", "coordinates": [ -88.053178, 35.470047 ] } },
{ "type": "Feature", "properties": { "decimalLatitude": 39.647176, "decimalLongitude": -76.154048, "eventDate": "2021-06-13T14:07:50Z", "countryCode": "US" }, "geometry": { "type": "Point", "coordinates": [ -76.154048, 39.647176 ] } },
{ "type": "Feature", "properties": { "decimalLatitude": 35.642371, "decimalLongitude": -79.117449, "eventDate": "2021-06-12T08:25:00Z", "countryCode": "US" }, "geometry": { "type": "Point", "coordinates": [ -79.117449, 35.642371 ] } },
{ "type": "Feature", "properties": { "decimalLatitude": 31.303325, "decimalLongitude": -89.441252, "eventDate": "2021-06-19T19:22:00Z", "countryCode": "US" }, "geometry": { "type": "Point", "coordinates": [ -89.441252, 31.303325 ] } },
{ "type": "Feature", "properties": { "decimalLatitude": 31.242208, "decimalLongitude": -97.575492, "eventDate": "2021-06-18T08:13:38Z", "countryCode": "US" }, "geometry": { "type": "Point", "coordinates": [ -97.575492, 31.242208 ] } },
{ "type": "Feature", "properties": { "decimalLatitude": 33.765154, "decimalLongitude": -94.055237, "eventDate": "2021-06-15T00:00:00Z", "countryCode": "US" }, "geometry": { "type": "Point", "coordinates": [ -94.055237, 33.765154 ] } },
{ "type": "Feature", "properties": { "decimalLatitude": 33.315265, "decimalLongitude": -91.961142, "eventDate": "2021-06-23T00:00:00Z", "countryCode": "US" }, "geometry": { "type": "Point", "coordinates": [ -91.961142, 33.315265 ] } },
{ "type": "Feature", "properties": { "decimalLatitude": 35.341769, "decimalLongitude": -83.173819, "eventDate": "2021-06-18T20:11:00Z", "countryCode": "US" }, "geometry": { "type": "Point", "coordinates": [ -83.173819, 35.341769 ] } },
{ "type": "Feature", "properties": { "decimalLatitude": 35.887487, "decimalLongitude": -78.872238, "eventDate": "2021-06-15T16:02:58Z", "countryCode": "US" }, "geometry": { "type": "Point", "coordinates": [ -78.872238, 35.887487 ] } },
{ "type": "Feature", "properties": { "decimalLatitude": 39.254415, "decimalLongitude": -82.52111, "eventDate": "2021-06-23T09:19:01Z", "countryCode": "US" }, "geometry": { "type": "Point", "coordinates": [ -82.52111, 39.254415 ] } },
{ "type": "Feature", "properties": { "decimalLatitude": 34.53109, "decimalLongitude": -94.336512, "eventDate": "2021-06-08T00:00:00Z", "countryCode": "US" }, "geometry": { "type": "Point", "coordinates": [ -94.336512, 34.53109 ] } },
{ "type": "Feature", "properties": { "decimalLatitude": 39.730416, "decimalLongitude": -76.090147, "eventDate": "2021-06-12T16:23:46Z", "countryCode": "US" }, "geometry": { "type": "Point", "coordinates": [ -76.090147, 39.730416 ] } },
{ "type": "Feature", "properties": { "decimalLatitude": 36.544459, "decimalLongitude": -80.905537, "eventDate": "2021-06-23T11:49:00Z", "countryCode": "US" }, "geometry": { "type": "Point", "coordinates": [ -80.905537, 36.544459 ] } },
{ "type": "Feature", "properties": { "decimalLatitude": 34.371075, "decimalLongitude": -91.122331, "eventDate": "2021-06-24T00:00:00Z", "countryCode": "US" }, "geometry": { "type": "Point", "coordinates": [ -91.122331, 34.371075 ] } },
{ "type": "Feature", "properties": { "decimalLatitude": 33.714839, "decimalLongitude": -93.853245, "eventDate": "2021-06-28T00:00:00Z", "countryCode": "US" }, "geometry": { "type": "Point", "coordinates": [ -93.853245, 33.714839 ] } },
{ "type": "Feature", "properties": { "decimalLatitude": 39.746478, "decimalLongitude": -78.109775, "eventDate": "2021-06-09T08:45:00Z", "countryCode": "US" }, "geometry": { "type": "Point", "coordinates": [ -78.109775, 39.746478 ] } },
{ "type": "Feature", "properties": { "decimalLatitude": 33.575594, "decimalLongitude": -91.579221, "eventDate": "2021-06-24T00:00:00Z", "countryCode": "US" }, "geometry": { "type": "Point", "coordinates": [ -91.579221, 33.575594 ] } },
{ "type": "Feature", "properties": { "decimalLatitude": 41.701065, "decimalLongitude": -87.912311, "eventDate": "2021-06-20T13:24:20Z", "countryCode": "US" }, "geometry": { "type": "Point", "coordinates": [ -87.912311, 41.701065 ] } },
{ "type": "Feature", "properties": { "decimalLatitude": 32.692372, "decimalLongitude": -90.818192, "eventDate": "2021-06-20T17:59:01Z", "countryCode": "US" }, "geometry": { "type": "Point", "coordinates": [ -90.818192, 32.692372 ] } },
{ "type": "Feature", "properties": { "decimalLatitude": 32.269647, "decimalLongitude": -91.285559, "eventDate": "2021-06-16T12:30:38Z", "countryCode": "US" }, "geometry": { "type": "Point", "coordinates": [ -91.285559, 32.269647 ] } },
{ "type": "Feature", "properties": { "decimalLatitude": 34.289721, "decimalLongitude": -94.182888, "eventDate": "2021-06-09T00:00:00Z", "countryCode": "US" }, "geometry": { "type": "Point", "coordinates": [ -94.182888, 34.289721 ] } },
{ "type": "Feature", "properties": { "decimalLatitude": 32.810666, "decimalLongitude": -85.549028, "eventDate": "2021-06-28T11:36:34Z", "countryCode": "US" }, "geometry": { "type": "Point", "coordinates": [ -85.549028, 32.810666 ] } },
{ "type": "Feature", "properties": { "decimalLatitude": 34.458838, "decimalLongitude": -94.001445, "eventDate": "2021-06-07T00:00:00Z", "countryCode": "US" }, "geometry": { "type": "Point", "coordinates": [ -94.001445, 34.458838 ] } },
{ "type": "Feature", "properties": { "decimalLatitude": 39.710814, "decimalLongitude": -76.834362, "eventDate": "2021-06-29T14:51:38Z", "countryCode": "US" }, "geometry": { "type": "Point", "coordinates": [ -76.834362, 39.710814 ] } },
{ "type": "Feature", "properties": { "decimalLatitude": 39.733806, "decimalLongitude": -78.346511, "eventDate": "2021-06-05T14:41:00Z", "countryCode": "US" }, "geometry": { "type": "Point", "coordinates": [ -78.346511, 39.733806 ] } },
{ "type": "Feature", "properties": { "decimalLatitude": 39.73365, "decimalLongitude": -78.343781, "eventDate": "2021-06-05T18:32:00Z", "countryCode": "US" }, "geometry": { "type": "Point", "coordinates": [ -78.343781, 39.73365 ] } },
{ "type": "Feature", "properties": { "decimalLatitude": 40.688825, "decimalLongitude": -89.151696, "eventDate": "2021-06-14T11:26:08Z", "countryCode": "US" }, "geometry": { "type": "Point", "coordinates": [ -89.151696, 40.688825 ] } },
{ "type": "Feature", "properties": { "decimalLatitude": 40.657515, "decimalLongitude": -89.115224, "eventDate": "2021-06-16T13:43:23Z", "countryCode": "US" }, "geometry": { "type": "Point", "coordinates": [ -89.115224, 40.657515 ] } },
{ "type": "Feature", "properties": { "decimalLatitude": 41.677441, "decimalLongitude": -87.86863, "eventDate": "2021-06-20T13:23:37Z", "countryCode": "US" }, "geometry": { "type": "Point", "coordinates": [ -87.86863, 41.677441 ] } },
{ "type": "Feature", "properties": { "decimalLatitude": 40.331367, "decimalLongitude": -74.894023, "eventDate": "2021-06-16T12:02:52Z", "countryCode": "US" }, "geometry": { "type": "Point", "coordinates": [ -74.894023, 40.331367 ] } },
{ "type": "Feature", "properties": { "decimalLatitude": 41.239266, "decimalLongitude": -74.486972, "eventDate": "2021-06-24T12:13:30Z", "countryCode": "US" }, "geometry": { "type": "Point", "coordinates": [ -74.486972, 41.239266 ] } },
{ "type": "Feature", "properties": { "decimalLatitude": 37.002921, "decimalLongitude": -83.421374, "eventDate": "2021-06-24T15:47:00Z", "countryCode": "US" }, "geometry": { "type": "Point", "coordinates": [ -83.421374, 37.002921 ] } },
{ "type": "Feature", "properties": { "decimalLatitude": 39.725584, "decimalLongitude": -76.080606, "eventDate": "2021-06-12T15:26:39Z", "countryCode": "US" }, "geometry": { "type": "Point", "coordinates": [ -76.080606, 39.725584 ] } },
{ "type": "Feature", "properties": { "decimalLatitude": 29.829413, "decimalLongitude": -82.683635, "eventDate": "2021-06-13T13:21:41Z", "countryCode": "US" }, "geometry": { "type": "Point", "coordinates": [ -82.683635, 29.829413 ] } },
{ "type": "Feature", "properties": { "decimalLatitude": 36.020589, "decimalLongitude": -79.928759, "eventDate": "2021-06-16T16:47:40Z", "countryCode": "US" }, "geometry": { "type": "Point", "coordinates": [ -79.928759, 36.020589 ] } },
{ "type": "Feature", "properties": { "decimalLatitude": 32.186735, "decimalLongitude": -93.06292, "eventDate": "2021-06-22T09:23:27Z", "countryCode": "US" }, "geometry": { "type": "Point", "coordinates": [ -93.06292, 32.186735 ] } },
{ "type": "Feature", "properties": { "decimalLatitude": 37.902053, "decimalLongitude": -84.362113, "eventDate": "2021-06-28T17:19:01Z", "countryCode": "US" }, "geometry": { "type": "Point", "coordinates": [ -84.362113, 37.902053 ] } },
{ "type": "Feature", "properties": { "decimalLatitude": 38.79467, "decimalLongitude": -77.429413, "eventDate": "2021-06-29T19:50:23Z", "countryCode": "US" }, "geometry": { "type": "Point", "coordinates": [ -77.429413, 38.79467 ] } },
{ "type": "Feature", "properties": { "decimalLatitude": 41.753467, "decimalLongitude": -87.923028, "eventDate": "2021-06-20T13:36:49Z", "countryCode": "US" }, "geometry": { "type": "Point", "coordinates": [ -87.923028, 41.753467 ] } },
{ "type": "Feature", "properties": { "decimalLatitude": 41.678521, "decimalLongitude": -87.867393, "eventDate": "2021-06-20T13:47:02Z", "countryCode": "US" }, "geometry": { "type": "Point", "coordinates": [ -87.867393, 41.678521 ] } },
{ "type": "Feature", "properties": { "decimalLatitude": 38.958576, "decimalLongitude": -77.321097, "eventDate": "2021-06-09T12:04:18Z", "countryCode": "US" }, "geometry": { "type": "Point", "coordinates": [ -77.321097, 38.958576 ] } },
{ "type": "Feature", "properties": { "decimalLatitude": 32.762834, "decimalLongitude": -89.810828, "eventDate": "2021-06-03T16:23:29Z", "countryCode": "US" }, "geometry": { "type": "Point", "coordinates": [ -89.810828, 32.762834 ] } },
{ "type": "Feature", "properties": { "decimalLatitude": 33.212066, "decimalLongitude": -89.070793, "eventDate": "2021-06-27T12:38:46Z", "countryCode": "US" }, "geometry": { "type": "Point", "coordinates": [ -89.070793, 33.212066 ] } },
{ "type": "Feature", "properties": { "decimalLatitude": 38.725784, "decimalLongitude": -86.407661, "eventDate": "2021-06-28T15:33:00Z", "countryCode": "US" }, "geometry": { "type": "Point", "coordinates": [ -86.407661, 38.725784 ] } },
{ "type": "Feature", "properties": { "decimalLatitude": 32.639588, "decimalLongitude": -87.026704, "eventDate": "2021-06-29T12:10:39Z", "countryCode": "US" }, "geometry": { "type": "Point", "coordinates": [ -87.026704, 32.639588 ] } },
{ "type": "Feature", "properties": { "decimalLatitude": 34.885973, "decimalLongitude": -86.015571, "eventDate": "2021-06-13T15:22:00Z", "countryCode": "US" }, "geometry": { "type": "Point", "coordinates": [ -86.015571, 34.885973 ] } },
{ "type": "Feature", "properties": { "decimalLatitude": 39.328251, "decimalLongitude": -82.464554, "eventDate": "2021-06-23T09:17:00Z", "countryCode": "US" }, "geometry": { "type": "Point", "coordinates": [ -82.464554, 39.328251 ] } },
{ "type": "Feature", "properties": { "decimalLatitude": 34.739572, "decimalLongitude": -82.841126, "eventDate": "2021-06-03T14:54:40Z", "countryCode": "US" }, "geometry": { "type": "Point", "coordinates": [ -82.841126, 34.739572 ] } },
{ "type": "Feature", "properties": { "decimalLatitude": 34.738529, "decimalLongitude": -82.841551, "eventDate": "2021-06-03T15:28:08Z", "countryCode": "US" }, "geometry": { "type": "Point", "coordinates": [ -82.841551, 34.738529 ] } },
{ "type": "Feature", "properties": { "decimalLatitude": 33.310348, "decimalLongitude": -81.572978, "eventDate": "2021-06-14T14:04:00Z", "countryCode": "US" }, "geometry": { "type": "Point", "coordinates": [ -81.572978, 33.310348 ] } },
{ "type": "Feature", "properties": { "decimalLatitude": 34.739578, "decimalLongitude": -82.840983, "eventDate": "2021-06-03T15:43:24Z", "countryCode": "US" }, "geometry": { "type": "Point", "coordinates": [ -82.840983, 34.739578 ] } },
{ "type": "Feature", "properties": { "decimalLatitude": 36.353207, "decimalLongitude": -79.20533, "eventDate": "2021-06-06T11:19:02Z", "countryCode": "US" }, "geometry": { "type": "Point", "coordinates": [ -79.20533, 36.353207 ] } },
{ "type": "Feature", "properties": { "decimalLatitude": 35.364358, "decimalLongitude": -87.837638, "eventDate": "2021-06-03T14:59:37Z", "countryCode": "US" }, "geometry": { "type": "Point", "coordinates": [ -87.837638, 35.364358 ] } },
{ "type": "Feature", "properties": { "decimalLatitude": 34.739467, "decimalLongitude": -82.841025, "eventDate": "2021-06-03T12:50:51Z", "countryCode": "US" }, "geometry": { "type": "Point", "coordinates": [ -82.841025, 34.739467 ] } },
{ "type": "Feature", "properties": { "decimalLatitude": 35.993492, "decimalLongitude": -79.054253, "eventDate": "2021-06-12T10:41:20Z", "countryCode": "US" }, "geometry": { "type": "Point", "coordinates": [ -79.054253, 35.993492 ] } },
{ "type": "Feature", "properties": { "decimalLatitude": 39.549595, "decimalLongitude": -82.062897, "eventDate": "2021-06-13T11:08:36Z", "countryCode": "US" }, "geometry": { "type": "Point", "coordinates": [ -82.062897, 39.549595 ] } },
{ "type": "Feature", "properties": { "decimalLatitude": 34.739639, "decimalLongitude": -82.84098, "eventDate": "2021-06-03T15:43:43Z", "countryCode": "US" }, "geometry": { "type": "Point", "coordinates": [ -82.84098, 34.739639 ] } },
{ "type": "Feature", "properties": { "decimalLatitude": 34.739613, "decimalLongitude": -82.841059, "eventDate": "2021-06-03T13:13:47Z", "countryCode": "US" }, "geometry": { "type": "Point", "coordinates": [ -82.841059, 34.739613 ] } },
{ "type": "Feature", "properties": { "decimalLatitude": 34.739522, "decimalLongitude": -82.841071, "eventDate": "2021-06-03T11:26:32Z", "countryCode": "US" }, "geometry": { "type": "Point", "coordinates": [ -82.841071, 34.739522 ] } },
{ "type": "Feature", "properties": { "decimalLatitude": 38.811075, "decimalLongitude": -83.528305, "eventDate": "2021-06-05T19:11:49Z", "countryCode": "US" }, "geometry": { "type": "Point", "coordinates": [ -83.528305, 38.811075 ] } },
{ "type": "Feature", "properties": { "decimalLatitude": 34.743367, "decimalLongitude": -82.842287, "eventDate": "2021-06-08T13:06:44Z", "countryCode": "US" }, "geometry": { "type": "Point", "coordinates": [ -82.842287, 34.743367 ] } },
{ "type": "Feature", "properties": { "decimalLatitude": 29.580384, "decimalLongitude": -99.734532, "eventDate": "2021-06-07T11:03:28Z", "countryCode": "US" }, "geometry": { "type": "Point", "coordinates": [ -99.734532, 29.580384 ] } },
{ "type": "Feature", "properties": { "decimalLatitude": 29.707802, "decimalLongitude": -82.455472, "eventDate": "2021-06-18T10:21:00Z", "countryCode": "US" }, "geometry": { "type": "Point", "coordinates": [ -82.455472, 29.707802 ] } },
{ "type": "Feature", "properties": { "decimalLatitude": 38.860488, "decimalLongitude": -77.497772, "eventDate": "2021-07-03T15:45:33Z", "countryCode": "US" }, "geometry": { "type": "Point", "coordinates": [ -77.497772, 38.860488 ] } },
{ "type": "Feature", "properties": { "decimalLatitude": 32.925803, "decimalLongitude": -88.317147, "eventDate": "2021-07-03T14:03:50Z", "countryCode": "US" }, "geometry": { "type": "Point", "coordinates": [ -88.317147, 32.925803 ] } },
{ "type": "Feature", "properties": { "decimalLatitude": 37.76447, "decimalLongitude": -77.776147, "eventDate": "2021-07-10T20:14:25Z", "countryCode": "US" }, "geometry": { "type": "Point", "coordinates": [ -77.776147, 37.76447 ] } },
{ "type": "Feature", "properties": { "decimalLatitude": 29.861634, "decimalLongitude": -98.189278, "eventDate": "2021-07-16T10:10:07Z", "countryCode": "US" }, "geometry": { "type": "Point", "coordinates": [ -98.189278, 29.861634 ] } },
{ "type": "Feature", "properties": { "decimalLatitude": 30.97314, "decimalLongitude": -91.246618, "eventDate": "2021-07-21T13:42:29Z", "countryCode": "US" }, "geometry": { "type": "Point", "coordinates": [ -91.246618, 30.97314 ] } },
{ "type": "Feature", "properties": { "decimalLatitude": 34.311354, "decimalLongitude": -89.471772, "eventDate": "2021-07-10T17:47:19Z", "countryCode": "US" }, "geometry": { "type": "Point", "coordinates": [ -89.471772, 34.311354 ] } },
{ "type": "Feature", "properties": { "decimalLatitude": 40.337713, "decimalLongitude": -82.818637, "eventDate": "2021-07-03T14:17:00Z", "countryCode": "US" }, "geometry": { "type": "Point", "coordinates": [ -82.818637, 40.337713 ] } },
{ "type": "Feature", "properties": { "decimalLatitude": 34.3893, "decimalLongitude": -86.203125, "eventDate": "2021-07-28T14:57:29Z", "countryCode": "US" }, "geometry": { "type": "Point", "coordinates": [ -86.203125, 34.3893 ] } },
{ "type": "Feature", "properties": { "decimalLatitude": 39.382765, "decimalLongitude": -75.668721, "eventDate": "2021-07-24T12:58:14Z", "countryCode": "US" }, "geometry": { "type": "Point", "coordinates": [ -75.668721, 39.382765 ] } },
{ "type": "Feature", "properties": { "decimalLatitude": 35.994886, "decimalLongitude": -94.132436, "eventDate": "2021-07-10T14:56:32Z", "countryCode": "US" }, "geometry": { "type": "Point", "coordinates": [ -94.132436, 35.994886 ] } },
{ "type": "Feature", "properties": { "decimalLatitude": 30.981406, "decimalLongitude": -91.272721, "eventDate": "2021-07-21T15:16:00Z", "countryCode": "US" }, "geometry": { "type": "Point", "coordinates": [ -91.272721, 30.981406 ] } },
{ "type": "Feature", "properties": { "decimalLatitude": 38.209792, "decimalLongitude": -90.22813, "eventDate": "2021-07-22T13:07:08Z", "countryCode": "US" }, "geometry": { "type": "Point", "coordinates": [ -90.22813, 38.209792 ] } },
{ "type": "Feature", "properties": { "decimalLatitude": 32.890225, "decimalLongitude": -88.24965, "eventDate": "2021-07-04T16:52:45Z", "countryCode": "US" }, "geometry": { "type": "Point", "coordinates": [ -88.24965, 32.890225 ] } },
{ "type": "Feature", "properties": { "decimalLatitude": 37.296414, "decimalLongitude": -88.991689, "eventDate": "2021-07-20T11:49:38Z", "countryCode": "US" }, "geometry": { "type": "Point", "coordinates": [ -88.991689, 37.296414 ] } },
{ "type": "Feature", "properties": { "decimalLatitude": 31.588972, "decimalLongitude": -95.362366, "eventDate": "2021-07-10T15:19:00Z", "countryCode": "US" }, "geometry": { "type": "Point", "coordinates": [ -95.362366, 31.588972 ] } },
{ "type": "Feature", "properties": { "decimalLatitude": 39.723852, "decimalLongitude": -78.337005, "eventDate": "2021-07-04T11:34:00Z", "countryCode": "US" }, "geometry": { "type": "Point", "coordinates": [ -78.337005, 39.723852 ] } },
{ "type": "Feature", "properties": { "decimalLatitude": 41.710133, "decimalLongitude": -87.936142, "eventDate": "2021-07-11T18:56:05Z", "countryCode": "US" }, "geometry": { "type": "Point", "coordinates": [ -87.936142, 41.710133 ] } },
{ "type": "Feature", "properties": { "decimalLatitude": 41.767704, "decimalLongitude": -87.877678, "eventDate": "2021-07-11T17:34:23Z", "countryCode": "US" }, "geometry": { "type": "Point", "coordinates": [ -87.877678, 41.767704 ] } },
{ "type": "Feature", "properties": { "decimalLatitude": 39.264271, "decimalLongitude": -86.610001, "eventDate": "2021-07-13T18:07:25Z", "countryCode": "US" }, "geometry": { "type": "Point", "coordinates": [ -86.610001, 39.264271 ] } },
{ "type": "Feature", "properties": { "decimalLatitude": 39.143945, "decimalLongitude": -86.388528, "eventDate": "2021-07-27T10:32:25Z", "countryCode": "US" }, "geometry": { "type": "Point", "coordinates": [ -86.388528, 39.143945 ] } },
{ "type": "Feature", "properties": { "decimalLatitude": 32.923788, "decimalLongitude": -88.319643, "eventDate": "2021-07-03T14:02:00Z", "countryCode": "US" }, "geometry": { "type": "Point", "coordinates": [ -88.319643, 32.923788 ] } },
{ "type": "Feature", "properties": { "decimalLatitude": 32.890217, "decimalLongitude": -88.249408, "eventDate": "2021-07-04T16:59:00Z", "countryCode": "US" }, "geometry": { "type": "Point", "coordinates": [ -88.249408, 32.890217 ] } },
{ "type": "Feature", "properties": { "decimalLatitude": 39.863213, "decimalLongitude": -86.290146, "eventDate": "2021-07-24T12:10:00Z", "countryCode": "US" }, "geometry": { "type": "Point", "coordinates": [ -86.290146, 39.863213 ] } },
{ "type": "Feature", "properties": { "decimalLatitude": 35.392812, "decimalLongitude": -88.762166, "eventDate": "2021-07-17T11:20:11Z", "countryCode": "US" }, "geometry": { "type": "Point", "coordinates": [ -88.762166, 35.392812 ] } },
{ "type": "Feature", "properties": { "decimalLatitude": 39.863742, "decimalLongitude": -86.290236, "eventDate": "2021-07-24T11:37:00Z", "countryCode": "US" }, "geometry": { "type": "Point", "coordinates": [ -86.290236, 39.863742 ] } },
{ "type": "Feature", "properties": { "decimalLatitude": 39.863198, "decimalLongitude": -86.290149, "eventDate": "2021-07-24T12:09:00Z", "countryCode": "US" }, "geometry": { "type": "Point", "coordinates": [ -86.290149, 39.863198 ] } },
{ "type": "Feature", "properties": { "decimalLatitude": 33.692467, "decimalLongitude": -86.962033, "eventDate": "2021-07-08T15:37:00Z", "countryCode": "US" }, "geometry": { "type": "Point", "coordinates": [ -86.962033, 33.692467 ] } },
{ "type": "Feature", "properties": { "decimalLatitude": 33.91161, "decimalLongitude": -83.359444, "eventDate": "2021-08-01T16:47:46Z", "countryCode": "US" }, "geometry": { "type": "Point", "coordinates": [ -83.359444, 33.91161 ] } },
{ "type": "Feature", "properties": { "decimalLatitude": 36.733749, "decimalLongitude": -88.115979, "eventDate": "2021-08-01T14:26:19Z", "countryCode": "US" }, "geometry": { "type": "Point", "coordinates": [ -88.115979, 36.733749 ] } },
{ "type": "Feature", "properties": { "decimalLatitude": 33.855414, "decimalLongitude": -83.285379, "eventDate": "2021-08-02T13:08:00Z", "countryCode": "US" }, "geometry": { "type": "Point", "coordinates": [ -83.285379, 33.855414 ] } },
{ "type": "Feature", "properties": { "decimalLatitude": 38.366805, "decimalLongitude": -83.131211, "eventDate": "2021-08-03T10:34:01Z", "countryCode": "US" }, "geometry": { "type": "Point", "coordinates": [ -83.131211, 38.366805 ] } },
{ "type": "Feature", "properties": { "decimalLatitude": 30.797618, "decimalLongitude": -97.738835, "eventDate": "2021-08-17T09:36:00Z", "countryCode": "US" }, "geometry": { "type": "Point", "coordinates": [ -97.738835, 30.797618 ] } },
{ "type": "Feature", "properties": { "decimalLatitude": 35.023293, "decimalLongitude": -83.332944, "eventDate": "2021-08-26T12:37:00Z", "countryCode": "US" }, "geometry": { "type": "Point", "coordinates": [ -83.332944, 35.023293 ] } },
{ "type": "Feature", "properties": { "decimalLatitude": 40.42465, "decimalLongitude": -80.471828, "eventDate": "2021-08-26T11:02:18Z", "countryCode": "US" }, "geometry": { "type": "Point", "coordinates": [ -80.471828, 40.42465 ] } },
{ "type": "Feature", "properties": { "decimalLatitude": 37.35356, "decimalLongitude": -89.070481, "eventDate": "2021-08-08T14:19:50Z", "countryCode": "US" }, "geometry": { "type": "Point", "coordinates": [ -89.070481, 37.35356 ] } },
{ "type": "Feature", "properties": { "decimalLatitude": 27.531868, "decimalLongitude": -81.414652, "eventDate": "2021-08-24T09:29:00Z", "countryCode": "US" }, "geometry": { "type": "Point", "coordinates": [ -81.414652, 27.531868 ] } },
{ "type": "Feature", "properties": { "decimalLatitude": 29.79616, "decimalLongitude": -82.014541, "eventDate": "2021-08-14T09:28:41Z", "countryCode": "US" }, "geometry": { "type": "Point", "coordinates": [ -82.014541, 29.79616 ] } },
{ "type": "Feature", "properties": { "decimalLatitude": 35.017395, "decimalLongitude": -85.347488, "eventDate": "2021-08-08T15:24:42Z", "countryCode": "US" }, "geometry": { "type": "Point", "coordinates": [ -85.347488, 35.017395 ] } },
{ "type": "Feature", "properties": { "decimalLatitude": 41.606918, "decimalLongitude": -87.992807, "eventDate": "2021-08-11T09:40:00Z", "countryCode": "US" }, "geometry": { "type": "Point", "coordinates": [ -87.992807, 41.606918 ] } },
{ "type": "Feature", "properties": { "decimalLatitude": 41.624017, "decimalLongitude": -87.82215, "eventDate": "2021-08-11T08:43:00Z", "countryCode": "US" }, "geometry": { "type": "Point", "coordinates": [ -87.82215, 41.624017 ] } },
{ "type": "Feature", "properties": { "decimalLatitude": 32.870725, "decimalLongitude": -88.300335, "eventDate": "2021-08-05T15:58:00Z", "countryCode": "US" }, "geometry": { "type": "Point", "coordinates": [ -88.300335, 32.870725 ] } },
{ "type": "Feature", "properties": { "decimalLatitude": 38.438974, "decimalLongitude": -78.27755, "eventDate": "2021-08-05T10:51:28Z", "countryCode": "US" }, "geometry": { "type": "Point", "coordinates": [ -78.27755, 38.438974 ] } },
{ "type": "Feature", "properties": { "decimalLatitude": 36.959679, "decimalLongitude": -80.272545, "eventDate": "2021-08-23T10:50:13Z", "countryCode": "US" }, "geometry": { "type": "Point", "coordinates": [ -80.272545, 36.959679 ] } },
{ "type": "Feature", "properties": { "decimalLatitude": 37.888425, "decimalLongitude": -89.644072, "eventDate": "2021-08-20T14:36:49Z", "countryCode": "US" }, "geometry": { "type": "Point", "coordinates": [ -89.644072, 37.888425 ] } },
{ "type": "Feature", "properties": { "decimalLatitude": 41.326545, "decimalLongitude": -81.423005, "eventDate": "2021-08-23T18:32:00Z", "countryCode": "US" }, "geometry": { "type": "Point", "coordinates": [ -81.423005, 41.326545 ] } },
{ "type": "Feature", "properties": { "decimalLatitude": 39.859515, "decimalLongitude": -86.295821, "eventDate": "2021-08-02T17:01:00Z", "countryCode": "US" }, "geometry": { "type": "Point", "coordinates": [ -86.295821, 39.859515 ] } },
{ "type": "Feature", "properties": { "decimalLatitude": 41.652866, "decimalLongitude": -85.760902, "eventDate": "2021-08-03T08:31:10Z", "countryCode": "US" }, "geometry": { "type": "Point", "coordinates": [ -85.760902, 41.652866 ] } },
{ "type": "Feature", "properties": { "decimalLatitude": 28.884591, "decimalLongitude": -82.518584, "eventDate": "2021-09-06T14:13:08Z", "countryCode": "US" }, "geometry": { "type": "Point", "coordinates": [ -82.518584, 28.884591 ] } },
{ "type": "Feature", "properties": { "decimalLatitude": 40.18816, "decimalLongitude": -78.54245, "eventDate": "2021-09-29T09:46:28Z", "countryCode": "US" }, "geometry": { "type": "Point", "coordinates": [ -78.54245, 40.18816 ] } },
{ "type": "Feature", "properties": { "decimalLatitude": 37.809247, "decimalLongitude": -89.67867, "eventDate": "2021-09-23T14:50:56Z", "countryCode": "US" }, "geometry": { "type": "Point", "coordinates": [ -89.67867, 37.809247 ] } },
{ "type": "Feature", "properties": { "decimalLatitude": 34.435091, "decimalLongitude": -93.881938, "eventDate": "2021-09-19T11:44:28Z", "countryCode": "US" }, "geometry": { "type": "Point", "coordinates": [ -93.881938, 34.435091 ] } },
{ "type": "Feature", "properties": { "decimalLatitude": 39.733467, "decimalLongitude": -78.341239, "eventDate": "2021-09-17T17:14:15Z", "countryCode": "US" }, "geometry": { "type": "Point", "coordinates": [ -78.341239, 39.733467 ] } },
{ "type": "Feature", "properties": { "decimalLatitude": 30.770516, "decimalLongitude": -97.730188, "eventDate": "2021-09-10T09:18:00Z", "countryCode": "US" }, "geometry": { "type": "Point", "coordinates": [ -97.730188, 30.770516 ] } },
{ "type": "Feature", "properties": { "decimalLatitude": 33.78772, "decimalLongitude": -84.304375, "eventDate": "2021-09-22T10:14:03Z", "countryCode": "US" }, "geometry": { "type": "Point", "coordinates": [ -84.304375, 33.78772 ] } },
{ "type": "Feature", "properties": { "decimalLatitude": 37.374354, "decimalLongitude": -88.926028, "eventDate": "2021-09-24T16:02:00Z", "countryCode": "US" }, "geometry": { "type": "Point", "coordinates": [ -88.926028, 37.374354 ] } },
{ "type": "Feature", "properties": { "decimalLatitude": 37.42801, "decimalLongitude": -88.760937, "eventDate": "2021-09-16T16:52:27Z", "countryCode": "US" }, "geometry": { "type": "Point", "coordinates": [ -88.760937, 37.42801 ] } },
{ "type": "Feature", "properties": { "decimalLatitude": 29.932527, "decimalLongitude": -100.077112, "eventDate": "2021-09-28T12:41:00Z", "countryCode": "US" }, "geometry": { "type": "Point", "coordinates": [ -100.077112, 29.932527 ] } },
{ "type": "Feature", "properties": { "decimalLatitude": 36.900524, "decimalLongitude": -88.035906, "eventDate": "2021-09-18T11:27:00Z", "countryCode": "US" }, "geometry": { "type": "Point", "coordinates": [ -88.035906, 36.900524 ] } },
{ "type": "Feature", "properties": { "decimalLatitude": 36.499127, "decimalLongitude": -87.264559, "eventDate": "2021-09-01T17:38:00Z", "countryCode": "US" }, "geometry": { "type": "Point", "coordinates": [ -87.264559, 36.499127 ] } },
{ "type": "Feature", "properties": { "decimalLatitude": 36.605065, "decimalLongitude": -79.226325, "eventDate": "2021-09-08T17:27:52.331Z", "countryCode": "US" }, "geometry": { "type": "Point", "coordinates": [ -79.226325, 36.605065 ] } },
{ "type": "Feature", "properties": { "decimalLatitude": 39.875265, "decimalLongitude": -86.296561, "eventDate": "2021-09-07T17:50:00Z", "countryCode": "US" }, "geometry": { "type": "Point", "coordinates": [ -86.296561, 39.875265 ] } },
{ "type": "Feature", "properties": { "decimalLatitude": 37.402686, "decimalLongitude": -88.794339, "eventDate": "2021-09-22T15:41:00Z", "countryCode": "US" }, "geometry": { "type": "Point", "coordinates": [ -88.794339, 37.402686 ] } },
{ "type": "Feature", "properties": { "decimalLatitude": 39.875549, "decimalLongitude": -86.296675, "eventDate": "2021-09-07T17:49:00Z", "countryCode": "US" }, "geometry": { "type": "Point", "coordinates": [ -86.296675, 39.875549 ] } },
{ "type": "Feature", "properties": { "decimalLatitude": 33.5847, "decimalLongitude": -84.084267, "eventDate": "2021-09-25T11:14:00Z", "countryCode": "US" }, "geometry": { "type": "Point", "coordinates": [ -84.084267, 33.5847 ] } },
{ "type": "Feature", "properties": { "decimalLatitude": 41.024288, "decimalLongitude": -81.420376, "eventDate": "2021-09-28T10:15:50Z", "countryCode": "US" }, "geometry": { "type": "Point", "coordinates": [ -81.420376, 41.024288 ] } },
{ "type": "Feature", "properties": { "decimalLatitude": 28.072578, "decimalLongitude": -82.569558, "eventDate": "2021-09-09T13:46:32Z", "countryCode": "US" }, "geometry": { "type": "Point", "coordinates": [ -82.569558, 28.072578 ] } },
{ "type": "Feature", "properties": { "decimalLatitude": 39.874956, "decimalLongitude": -86.296363, "eventDate": "2021-09-07T17:49:00Z", "countryCode": "US" }, "geometry": { "type": "Point", "coordinates": [ -86.296363, 39.874956 ] } },
{ "type": "Feature", "properties": { "decimalLatitude": 39.875069, "decimalLongitude": -86.29652, "eventDate": "2021-09-07T17:49:00Z", "countryCode": "US" }, "geometry": { "type": "Point", "coordinates": [ -86.29652, 39.875069 ] } },
{ "type": "Feature", "properties": { "decimalLatitude": 39.876547, "decimalLongitude": -86.297318, "eventDate": "2021-09-29T19:01:00Z", "countryCode": "US" }, "geometry": { "type": "Point", "coordinates": [ -86.297318, 39.876547 ] } },
{ "type": "Feature", "properties": { "decimalLatitude": 39.727914, "decimalLongitude": -76.089901, "eventDate": "2021-10-02T10:53:40Z", "countryCode": "US" }, "geometry": { "type": "Point", "coordinates": [ -76.089901, 39.727914 ] } },
{ "type": "Feature", "properties": { "decimalLatitude": 37.741324, "decimalLongitude": -89.577987, "eventDate": "2021-10-03T12:07:22Z", "countryCode": "US" }, "geometry": { "type": "Point", "coordinates": [ -89.577987, 37.741324 ] } },
{ "type": "Feature", "properties": { "decimalLatitude": 40.666107, "decimalLongitude": -89.123698, "eventDate": "2021-10-08T10:47:28Z", "countryCode": "US" }, "geometry": { "type": "Point", "coordinates": [ -89.123698, 40.666107 ] } },
{ "type": "Feature", "properties": { "decimalLatitude": 37.527509, "decimalLongitude": -89.121381, "eventDate": "2021-10-10T09:29:17Z", "countryCode": "US" }, "geometry": { "type": "Point", "coordinates": [ -89.121381, 37.527509 ] } },
{ "type": "Feature", "properties": { "decimalLatitude": 29.379397, "decimalLongitude": -83.0439, "eventDate": "2021-10-16T12:32:44Z", "countryCode": "US" }, "geometry": { "type": "Point", "coordinates": [ -83.0439, 29.379397 ] } },
{ "type": "Feature", "properties": { "decimalLatitude": 38.061207, "decimalLongitude": -83.53822, "eventDate": "2021-10-18T14:32:00Z", "countryCode": "US" }, "geometry": { "type": "Point", "coordinates": [ -83.53822, 38.061207 ] } },
{ "type": "Feature", "properties": { "decimalLatitude": 36.521503, "decimalLongitude": -87.920336, "eventDate": "2021-10-11T09:48:00Z", "countryCode": "US" }, "geometry": { "type": "Point", "coordinates": [ -87.920336, 36.521503 ] } },
{ "type": "Feature", "properties": { "decimalLatitude": 37.441251, "decimalLongitude": -88.695728, "eventDate": "2021-10-17T10:53:43Z", "countryCode": "US" }, "geometry": { "type": "Point", "coordinates": [ -88.695728, 37.441251 ] } },
{ "type": "Feature", "properties": { "decimalLatitude": 34.392877, "decimalLongitude": -93.586577, "eventDate": "2021-10-31T00:00:00Z", "countryCode": "US" }, "geometry": { "type": "Point", "coordinates": [ -93.586577, 34.392877 ] } },
{ "type": "Feature", "properties": { "decimalLatitude": 34.351087, "decimalLongitude": -94.388846, "eventDate": "2021-10-30T00:00:00Z", "countryCode": "US" }, "geometry": { "type": "Point", "coordinates": [ -94.388846, 34.351087 ] } },
{ "type": "Feature", "properties": { "decimalLatitude": 30.433669, "decimalLongitude": -83.721127, "eventDate": "2021-10-27T12:03:19Z", "countryCode": "US" }, "geometry": { "type": "Point", "coordinates": [ -83.721127, 30.433669 ] } },
{ "type": "Feature", "properties": { "decimalLatitude": 30.18522, "decimalLongitude": -97.722512, "eventDate": "2021-10-30T09:20:54Z", "countryCode": "US" }, "geometry": { "type": "Point", "coordinates": [ -97.722512, 30.18522 ] } },
{ "type": "Feature", "properties": { "decimalLatitude": 39.855183, "decimalLongitude": -86.29932, "eventDate": "2021-10-25T15:30:00Z", "countryCode": "US" }, "geometry": { "type": "Point", "coordinates": [ -86.29932, 39.855183 ] } },
{ "type": "Feature", "properties": { "decimalLatitude": 39.855133, "decimalLongitude": -86.299316, "eventDate": "2021-10-25T15:27:00Z", "countryCode": "US" }, "geometry": { "type": "Point", "coordinates": [ -86.299316, 39.855133 ] } },
{ "type": "Feature", "properties": { "decimalLatitude": 39.85513, "decimalLongitude": -86.299316, "eventDate": "2021-10-25T15:27:00Z", "countryCode": "US" }, "geometry": { "type": "Point", "coordinates": [ -86.299316, 39.85513 ] } },
{ "type": "Feature", "properties": { "decimalLatitude": 39.881671, "decimalLongitude": -86.304066, "eventDate": "2021-10-10T11:03:00Z", "countryCode": "US" }, "geometry": { "type": "Point", "coordinates": [ -86.304066, 39.881671 ] } },
{ "type": "Feature", "properties": { "decimalLatitude": 36.921189, "decimalLongitude": -87.286113, "eventDate": "2021-10-31T11:05:56Z", "countryCode": "US" }, "geometry": { "type": "Point", "coordinates": [ -87.286113, 36.921189 ] } },
{ "type": "Feature", "properties": { "decimalLatitude": 38.439198, "decimalLongitude": -78.277509, "eventDate": "2021-10-29T17:41:14Z", "countryCode": "US" }, "geometry": { "type": "Point", "coordinates": [ -78.277509, 38.439198 ] } },
{ "type": "Feature", "properties": { "decimalLatitude": 39.310892, "decimalLongitude": -86.424631, "eventDate": "2021-10-14T14:18:00Z", "countryCode": "US" }, "geometry": { "type": "Point", "coordinates": [ -86.424631, 39.310892 ] } },
{ "type": "Feature", "properties": { "decimalLatitude": 39.933248, "decimalLongitude": -87.060875, "eventDate": "2021-10-14T12:55:00Z", "countryCode": "US" }, "geometry": { "type": "Point", "coordinates": [ -87.060875, 39.933248 ] } },
{ "type": "Feature", "properties": { "decimalLatitude": 39.941727, "decimalLongitude": -87.051237, "eventDate": "2021-10-14T14:42:00Z", "countryCode": "US" }, "geometry": { "type": "Point", "coordinates": [ -87.051237, 39.941727 ] } },
{ "type": "Feature", "properties": { "decimalLatitude": 40.445541, "decimalLongitude": -86.905212, "eventDate": "2021-10-03T17:19:06Z", "countryCode": "US" }, "geometry": { "type": "Point", "coordinates": [ -86.905212, 40.445541 ] } },
{ "type": "Feature", "properties": { "decimalLatitude": 38.747303, "decimalLongitude": -76.035497, "eventDate": "2021-10-24T09:22:38Z", "countryCode": "US" }, "geometry": { "type": "Point", "coordinates": [ -76.035497, 38.747303 ] } },
{ "type": "Feature", "properties": { "decimalLatitude": 40.120238, "decimalLongitude": -75.012679, "eventDate": "2021-10-09T12:54:20Z", "countryCode": "US" }, "geometry": { "type": "Point", "coordinates": [ -75.012679, 40.120238 ] } },
{ "type": "Feature", "properties": { "decimalLatitude": 38.77058, "decimalLongitude": -76.029259, "eventDate": "2021-10-24T09:21:00Z", "countryCode": "US" }, "geometry": { "type": "Point", "coordinates": [ -76.029259, 38.77058 ] } },
{ "type": "Feature", "properties": { "decimalLatitude": 39.855133, "decimalLongitude": -86.29927, "eventDate": "2021-10-25T15:27:00Z", "countryCode": "US" }, "geometry": { "type": "Point", "coordinates": [ -86.29927, 39.855133 ] } },
{ "type": "Feature", "properties": { "decimalLatitude": 39.933183, "decimalLongitude": -87.060936, "eventDate": "2021-10-14T12:56:00Z", "countryCode": "US" }, "geometry": { "type": "Point", "coordinates": [ -87.060936, 39.933183 ] } },
{ "type": "Feature", "properties": { "decimalLatitude": 39.936085, "decimalLongitude": -87.072308, "eventDate": "2021-10-14T17:03:00Z", "countryCode": "US" }, "geometry": { "type": "Point", "coordinates": [ -87.072308, 39.936085 ] } },
{ "type": "Feature", "properties": { "decimalLatitude": 39.85513, "decimalLongitude": -86.299298, "eventDate": "2021-10-25T15:27:00Z", "countryCode": "US" }, "geometry": { "type": "Point", "coordinates": [ -86.299298, 39.85513 ] } },
{ "type": "Feature", "properties": { "decimalLatitude": 39.855185, "decimalLongitude": -86.299321, "eventDate": "2021-10-25T15:27:00Z", "countryCode": "US" }, "geometry": { "type": "Point", "coordinates": [ -86.299321, 39.855185 ] } },
{ "type": "Feature", "properties": { "decimalLatitude": 30.580034, "decimalLongitude": -94.378313, "eventDate": "2021-10-22T02:37:00Z", "countryCode": "US" }, "geometry": { "type": "Point", "coordinates": [ -94.378313, 30.580034 ] } },
{ "type": "Feature", "properties": { "decimalLatitude": 30.352428, "decimalLongitude": -94.238577, "eventDate": "2021-10-10T16:26:11Z", "countryCode": "US" }, "geometry": { "type": "Point", "coordinates": [ -94.238577, 30.352428 ] } },
{ "type": "Feature", "properties": { "decimalLatitude": 30.527898, "decimalLongitude": -84.950912, "eventDate": "2021-11-04T12:21:18Z", "countryCode": "US" }, "geometry": { "type": "Point", "coordinates": [ -84.950912, 30.527898 ] } },
{ "type": "Feature", "properties": { "decimalLatitude": 29.871618, "decimalLongitude": -98.492417, "eventDate": "2021-11-13T13:56:40Z", "countryCode": "US" }, "geometry": { "type": "Point", "coordinates": [ -98.492417, 29.871618 ] } },
{ "type": "Feature", "properties": { "decimalLatitude": 30.826555, "decimalLongitude": -91.263022, "eventDate": "2021-11-24T12:57:07Z", "countryCode": "US" }, "geometry": { "type": "Point", "coordinates": [ -91.263022, 30.826555 ] } },
{ "type": "Feature", "properties": { "decimalLatitude": 30.580329, "decimalLongitude": -94.378152, "eventDate": "2021-11-15T14:24:00Z", "countryCode": "US" }, "geometry": { "type": "Point", "coordinates": [ -94.378152, 30.580329 ] } },
{ "type": "Feature", "properties": { "decimalLatitude": 31.149272, "decimalLongitude": -91.270541, "eventDate": "2021-11-20T12:50:19Z", "countryCode": "US" }, "geometry": { "type": "Point", "coordinates": [ -91.270541, 31.149272 ] } },
{ "type": "Feature", "properties": { "decimalLatitude": 36.735367, "decimalLongitude": -77.959137, "eventDate": "2021-11-12T15:47:35Z", "countryCode": "US" }, "geometry": { "type": "Point", "coordinates": [ -77.959137, 36.735367 ] } },
{ "type": "Feature", "properties": { "decimalLatitude": 36.082761, "decimalLongitude": -79.021058, "eventDate": "2021-11-06T15:29:55Z", "countryCode": "US" }, "geometry": { "type": "Point", "coordinates": [ -79.021058, 36.082761 ] } },
{ "type": "Feature", "properties": { "decimalLatitude": 28.06885, "decimalLongitude": -82.386242, "eventDate": "2022-01-17T14:21:12Z", "countryCode": "US" }, "geometry": { "type": "Point", "coordinates": [ -82.386242, 28.06885 ] } },
{ "type": "Feature", "properties": { "decimalLatitude": 31.140448, "decimalLongitude": -98.461409, "eventDate": "2022-01-06T11:49:00Z", "countryCode": "US" }, "geometry": { "type": "Point", "coordinates": [ -98.461409, 31.140448 ] } },
{ "type": "Feature", "properties": { "decimalLatitude": 26.49045, "decimalLongitude": -81.532789, "eventDate": "2022-01-02T11:36:44Z", "countryCode": "US" }, "geometry": { "type": "Point", "coordinates": [ -81.532789, 26.49045 ] } },
{ "type": "Feature", "properties": { "decimalLatitude": 30.597047, "decimalLongitude": -91.0073, "eventDate": "2022-03-02T08:47:25Z", "countryCode": "US" }, "geometry": { "type": "Point", "coordinates": [ -91.0073, 30.597047 ] } },
{ "type": "Feature", "properties": { "decimalLatitude": 34.9664, "decimalLongitude": -80.149689, "eventDate": "2022-04-19T11:19:52Z", "countryCode": "US" }, "geometry": { "type": "Point", "coordinates": [ -80.149689, 34.9664 ] } },
{ "type": "Feature", "properties": { "decimalLatitude": 33.688258, "decimalLongitude": -82.16078, "eventDate": "2022-04-17T15:39:03Z", "countryCode": "US" }, "geometry": { "type": "Point", "coordinates": [ -82.16078, 33.688258 ] } },
{ "type": "Feature", "properties": { "decimalLatitude": 33.126004, "decimalLongitude": -79.774429, "eventDate": "2022-04-04T13:35:41Z", "countryCode": "US" }, "geometry": { "type": "Point", "coordinates": [ -79.774429, 33.126004 ] } },
{ "type": "Feature", "properties": { "decimalLatitude": 33.620774, "decimalLongitude": -83.87421, "eventDate": "2022-04-14T15:34:13Z", "countryCode": "US" }, "geometry": { "type": "Point", "coordinates": [ -83.87421, 33.620774 ] } },
{ "type": "Feature", "properties": { "decimalLatitude": 28.852729, "decimalLongitude": -82.451281, "eventDate": "2022-04-12T08:40:55Z", "countryCode": "US" }, "geometry": { "type": "Point", "coordinates": [ -82.451281, 28.852729 ] } },
{ "type": "Feature", "properties": { "decimalLatitude": 35.87463, "decimalLongitude": -79.1819, "eventDate": "2022-04-21T12:55:47Z", "countryCode": "US" }, "geometry": { "type": "Point", "coordinates": [ -79.1819, 35.87463 ] } },
{ "type": "Feature", "properties": { "decimalLatitude": 30.424907, "decimalLongitude": -97.615342, "eventDate": "2022-04-27T14:27:00Z", "countryCode": "US" }, "geometry": { "type": "Point", "coordinates": [ -97.615342, 30.424907 ] } },
{ "type": "Feature", "properties": { "decimalLatitude": 30.453383, "decimalLongitude": -97.775401, "eventDate": "2022-04-27T14:35:00Z", "countryCode": "US" }, "geometry": { "type": "Point", "coordinates": [ -97.775401, 30.453383 ] } },
{ "type": "Feature", "properties": { "decimalLatitude": 36.092636, "decimalLongitude": -78.99333, "eventDate": "2022-04-24T09:50:22Z", "countryCode": "US" }, "geometry": { "type": "Point", "coordinates": [ -78.99333, 36.092636 ] } },
{ "type": "Feature", "properties": { "decimalLatitude": 34.697883, "decimalLongitude": -93.021556, "eventDate": "2022-04-22T15:35:14Z", "countryCode": "US" }, "geometry": { "type": "Point", "coordinates": [ -93.021556, 34.697883 ] } },
{ "type": "Feature", "properties": { "decimalLatitude": 30.062784, "decimalLongitude": -98.858528, "eventDate": "2022-04-30T10:24:49Z", "countryCode": "US" }, "geometry": { "type": "Point", "coordinates": [ -98.858528, 30.062784 ] } },
{ "type": "Feature", "properties": { "decimalLatitude": 35.884582, "decimalLongitude": -78.970519, "eventDate": "2022-04-29T10:06:13Z", "countryCode": "US" }, "geometry": { "type": "Point", "coordinates": [ -78.970519, 35.884582 ] } },
{ "type": "Feature", "properties": { "decimalLatitude": 30.41788, "decimalLongitude": -97.758719, "eventDate": "2022-04-29T11:35:00Z", "countryCode": "US" }, "geometry": { "type": "Point", "coordinates": [ -97.758719, 30.41788 ] } },
{ "type": "Feature", "properties": { "decimalLatitude": 33.77802, "decimalLongitude": -84.320962, "eventDate": "2022-04-30T16:20:04Z", "countryCode": "US" }, "geometry": { "type": "Point", "coordinates": [ -84.320962, 33.77802 ] } },
{ "type": "Feature", "properties": { "decimalLatitude": 30.692869, "decimalLongitude": -91.283412, "eventDate": "2022-04-30T11:39:00Z", "countryCode": "US" }, "geometry": { "type": "Point", "coordinates": [ -91.283412, 30.692869 ] } },
{ "type": "Feature", "properties": { "decimalLatitude": 33.873657, "decimalLongitude": -83.370775, "eventDate": "2022-04-29T11:02:00Z", "countryCode": "US" }, "geometry": { "type": "Point", "coordinates": [ -83.370775, 33.873657 ] } },
{ "type": "Feature", "properties": { "decimalLatitude": 28.07265, "decimalLongitude": -82.569655, "eventDate": "2022-04-11T14:47:35Z", "countryCode": "US" }, "geometry": { "type": "Point", "coordinates": [ -82.569655, 28.07265 ] } },
{ "type": "Feature", "properties": { "decimalLatitude": 32.190781, "decimalLongitude": -81.088741, "eventDate": "2022-04-08T15:36:16Z", "countryCode": "US" }, "geometry": { "type": "Point", "coordinates": [ -81.088741, 32.190781 ] } },
{ "type": "Feature", "properties": { "decimalLatitude": 34.517379, "decimalLongitude": -80.219806, "eventDate": "2022-04-27T16:38:00Z", "countryCode": "US" }, "geometry": { "type": "Point", "coordinates": [ -80.219806, 34.517379 ] } },
{ "type": "Feature", "properties": { "decimalLatitude": 35.780714, "decimalLongitude": -94.246325, "eventDate": "2022-04-26T10:45:00Z", "countryCode": "US" }, "geometry": { "type": "Point", "coordinates": [ -94.246325, 35.780714 ] } },
{ "type": "Feature", "properties": { "decimalLatitude": 35.509281, "decimalLongitude": -80.173204, "eventDate": "2022-04-23T15:05:52Z", "countryCode": "US" }, "geometry": { "type": "Point", "coordinates": [ -80.173204, 35.509281 ] } },
{ "type": "Feature", "properties": { "decimalLatitude": 36.008233, "decimalLongitude": -78.99443, "eventDate": "2022-04-26T10:49:11Z", "countryCode": "US" }, "geometry": { "type": "Point", "coordinates": [ -78.99443, 36.008233 ] } },
{ "type": "Feature", "properties": { "decimalLatitude": 35.736255, "decimalLongitude": -94.068483, "eventDate": "2022-04-25T15:32:00Z", "countryCode": "US" }, "geometry": { "type": "Point", "coordinates": [ -94.068483, 35.736255 ] } },
{ "type": "Feature", "properties": { "decimalLatitude": 32.923619, "decimalLongitude": -88.982966, "eventDate": "2022-04-22T13:31:01Z", "countryCode": "US" }, "geometry": { "type": "Point", "coordinates": [ -88.982966, 32.923619 ] } },
{ "type": "Feature", "properties": { "decimalLatitude": 37.805247, "decimalLongitude": -91.840775, "eventDate": "2022-04-30T14:55:01Z", "countryCode": "US" }, "geometry": { "type": "Point", "coordinates": [ -91.840775, 37.805247 ] } },
{ "type": "Feature", "properties": { "decimalLatitude": 36.232392, "decimalLongitude": -80.302178, "eventDate": "2022-04-25T16:24:34Z", "countryCode": "US" }, "geometry": { "type": "Point", "coordinates": [ -80.302178, 36.232392 ] } },
{ "type": "Feature", "properties": { "decimalLatitude": 31.287363, "decimalLongitude": -93.79702, "eventDate": "2022-04-30T14:07:00Z", "countryCode": "US" }, "geometry": { "type": "Point", "coordinates": [ -93.79702, 31.287363 ] } },
{ "type": "Feature", "properties": { "decimalLatitude": 30.793778, "decimalLongitude": -92.279388, "eventDate": "2022-04-18T14:08:00Z", "countryCode": "US" }, "geometry": { "type": "Point", "coordinates": [ -92.279388, 30.793778 ] } },
{ "type": "Feature", "properties": { "decimalLatitude": 33.70213, "decimalLongitude": -86.689597, "eventDate": "2022-04-22T17:50:04Z", "countryCode": "US" }, "geometry": { "type": "Point", "coordinates": [ -86.689597, 33.70213 ] } },
{ "type": "Feature", "properties": { "decimalLatitude": 33.702206, "decimalLongitude": -86.689536, "eventDate": "2022-04-22T17:50:13Z", "countryCode": "US" }, "geometry": { "type": "Point", "coordinates": [ -86.689536, 33.702206 ] } },
{ "type": "Feature", "properties": { "decimalLatitude": 30.898513, "decimalLongitude": -91.342209, "eventDate": "2022-04-29T13:05:06Z", "countryCode": "US" }, "geometry": { "type": "Point", "coordinates": [ -91.342209, 30.898513 ] } },
{ "type": "Feature", "properties": { "decimalLatitude": 30.997279, "decimalLongitude": -91.364077, "eventDate": "2022-04-15T12:11:00Z", "countryCode": "US" }, "geometry": { "type": "Point", "coordinates": [ -91.364077, 30.997279 ] } },
{ "type": "Feature", "properties": { "decimalLatitude": 32.028542, "decimalLongitude": -80.999803, "eventDate": "2022-05-09T13:24:07Z", "countryCode": "US" }, "geometry": { "type": "Point", "coordinates": [ -80.999803, 32.028542 ] } },
{ "type": "Feature", "properties": { "decimalLatitude": 34.798822, "decimalLongitude": -93.105, "eventDate": "2022-05-12T08:42:56Z", "countryCode": "US" }, "geometry": { "type": "Point", "coordinates": [ -93.105, 34.798822 ] } },
{ "type": "Feature", "properties": { "decimalLatitude": 30.821233, "decimalLongitude": -91.264524, "eventDate": "2022-05-02T09:39:21Z", "countryCode": "US" }, "geometry": { "type": "Point", "coordinates": [ -91.264524, 30.821233 ] } },
{ "type": "Feature", "properties": { "decimalLatitude": 30.503758, "decimalLongitude": -97.770151, "eventDate": "2022-05-03T14:34:00Z", "countryCode": "US" }, "geometry": { "type": "Point", "coordinates": [ -97.770151, 30.503758 ] } },
{ "type": "Feature", "properties": { "decimalLatitude": 34.66107, "decimalLongitude": -92.852883, "eventDate": "2022-05-10T13:48:38Z", "countryCode": "US" }, "geometry": { "type": "Point", "coordinates": [ -92.852883, 34.66107 ] } },
{ "type": "Feature", "properties": { "decimalLatitude": 35.829391, "decimalLongitude": -79.058039, "eventDate": "2022-05-01T09:19:41Z", "countryCode": "US" }, "geometry": { "type": "Point", "coordinates": [ -79.058039, 35.829391 ] } },
{ "type": "Feature", "properties": { "decimalLatitude": 34.809262, "decimalLongitude": -93.113555, "eventDate": "2022-05-12T12:53:49Z", "countryCode": "US" }, "geometry": { "type": "Point", "coordinates": [ -93.113555, 34.809262 ] } },
{ "type": "Feature", "properties": { "decimalLatitude": 34.638228, "decimalLongitude": -92.839887, "eventDate": "2022-05-10T12:47:02Z", "countryCode": "US" }, "geometry": { "type": "Point", "coordinates": [ -92.839887, 34.638228 ] } },
{ "type": "Feature", "properties": { "decimalLatitude": 29.831199, "decimalLongitude": -99.574673, "eventDate": "2022-05-08T15:38:00Z", "countryCode": "US" }, "geometry": { "type": "Point", "coordinates": [ -99.574673, 29.831199 ] } },
{ "type": "Feature", "properties": { "decimalLatitude": 40.181417, "decimalLongitude": -87.728158, "eventDate": "2022-05-08T16:13:13Z", "countryCode": "US" }, "geometry": { "type": "Point", "coordinates": [ -87.728158, 40.181417 ] } },
{ "type": "Feature", "properties": { "decimalLatitude": 30.925904, "decimalLongitude": -89.399983, "eventDate": "2022-05-03T17:08:48Z", "countryCode": "US" }, "geometry": { "type": "Point", "coordinates": [ -89.399983, 30.925904 ] } },
{ "type": "Feature", "properties": { "decimalLatitude": 35.760477, "decimalLongitude": -78.721104, "eventDate": "2022-05-16T10:03:02Z", "countryCode": "US" }, "geometry": { "type": "Point", "coordinates": [ -78.721104, 35.760477 ] } },
{ "type": "Feature", "properties": { "decimalLatitude": 34.661078, "decimalLongitude": -92.853037, "eventDate": "2022-05-17T15:50:43Z", "countryCode": "US" }, "geometry": { "type": "Point", "coordinates": [ -92.853037, 34.661078 ] } },
{ "type": "Feature", "properties": { "decimalLatitude": 36.062083, "decimalLongitude": -79.14753, "eventDate": "2022-05-13T14:03:15Z", "countryCode": "US" }, "geometry": { "type": "Point", "coordinates": [ -79.14753, 36.062083 ] } },
{ "type": "Feature", "properties": { "decimalLatitude": 29.758308, "decimalLongitude": -98.527833, "eventDate": "2022-05-18T09:49:22Z", "countryCode": "US" }, "geometry": { "type": "Point", "coordinates": [ -98.527833, 29.758308 ] } },
{ "type": "Feature", "properties": { "decimalLatitude": 31.725585, "decimalLongitude": -88.58951, "eventDate": "2022-05-16T18:32:41Z", "countryCode": "US" }, "geometry": { "type": "Point", "coordinates": [ -88.58951, 31.725585 ] } },
{ "type": "Feature", "properties": { "decimalLatitude": 34.79974, "decimalLongitude": -93.10619, "eventDate": "2022-05-12T08:07:00Z", "countryCode": "US" }, "geometry": { "type": "Point", "coordinates": [ -93.10619, 34.79974 ] } },
{ "type": "Feature", "properties": { "decimalLatitude": 30.413057, "decimalLongitude": -97.717765, "eventDate": "2022-05-13T23:29:00Z", "countryCode": "US" }, "geometry": { "type": "Point", "coordinates": [ -97.717765, 30.413057 ] } },
{ "type": "Feature", "properties": { "decimalLatitude": 34.620849, "decimalLongitude": -85.145341, "eventDate": "2022-05-23T15:06:03Z", "countryCode": "US" }, "geometry": { "type": "Point", "coordinates": [ -85.145341, 34.620849 ] } },
{ "type": "Feature", "properties": { "decimalLatitude": 37.374645, "decimalLongitude": -88.927912, "eventDate": "2022-05-22T13:47:56Z", "countryCode": "US" }, "geometry": { "type": "Point", "coordinates": [ -88.927912, 37.374645 ] } },
{ "type": "Feature", "properties": { "decimalLatitude": 34.6577, "decimalLongitude": -92.85157, "eventDate": "2022-05-21T09:04:00Z", "countryCode": "US" }, "geometry": { "type": "Point", "coordinates": [ -92.85157, 34.6577 ] } },
{ "type": "Feature", "properties": { "decimalLatitude": 32.915535, "decimalLongitude": -88.304429, "eventDate": "2022-05-18T15:23:08Z", "countryCode": "US" }, "geometry": { "type": "Point", "coordinates": [ -88.304429, 32.915535 ] } },
{ "type": "Feature", "properties": { "decimalLatitude": 38.747705, "decimalLongitude": -92.191737, "eventDate": "2022-05-24T16:57:21Z", "countryCode": "US" }, "geometry": { "type": "Point", "coordinates": [ -92.191737, 38.747705 ] } },
{ "type": "Feature", "properties": { "decimalLatitude": 39.453536, "decimalLongitude": -82.157537, "eventDate": "2022-05-23T15:15:02Z", "countryCode": "US" }, "geometry": { "type": "Point", "coordinates": [ -82.157537, 39.453536 ] } },
{ "type": "Feature", "properties": { "decimalLatitude": 39.827181, "decimalLongitude": -77.330047, "eventDate": "2022-05-23T06:51:37Z", "countryCode": "US" }, "geometry": { "type": "Point", "coordinates": [ -77.330047, 39.827181 ] } },
{ "type": "Feature", "properties": { "decimalLatitude": 34.96942, "decimalLongitude": -85.819955, "eventDate": "2022-05-24T11:49:33Z", "countryCode": "US" }, "geometry": { "type": "Point", "coordinates": [ -85.819955, 34.96942 ] } },
{ "type": "Feature", "properties": { "decimalLatitude": 35.000408, "decimalLongitude": -85.39557, "eventDate": "2022-05-25T12:24:19Z", "countryCode": "US" }, "geometry": { "type": "Point", "coordinates": [ -85.39557, 35.000408 ] } },
{ "type": "Feature", "properties": { "decimalLatitude": 33.273758, "decimalLongitude": -88.767078, "eventDate": "2022-05-21T16:37:00Z", "countryCode": "US" }, "geometry": { "type": "Point", "coordinates": [ -88.767078, 33.273758 ] } },
{ "type": "Feature", "properties": { "decimalLatitude": 39.330734, "decimalLongitude": -82.345019, "eventDate": "2022-05-24T11:12:40Z", "countryCode": "US" }, "geometry": { "type": "Point", "coordinates": [ -82.345019, 39.330734 ] } },
{ "type": "Feature", "properties": { "decimalLatitude": 37.459487, "decimalLongitude": -79.500075, "eventDate": "2022-05-17T12:23:00Z", "countryCode": "US" }, "geometry": { "type": "Point", "coordinates": [ -79.500075, 37.459487 ] } },
{ "type": "Feature", "properties": { "decimalLatitude": 36.325382, "decimalLongitude": -93.970291, "eventDate": "2022-05-17T16:02:00Z", "countryCode": "US" }, "geometry": { "type": "Point", "coordinates": [ -93.970291, 36.325382 ] } },
{ "type": "Feature", "properties": { "decimalLatitude": 39.2468, "decimalLongitude": -86.18757, "eventDate": "2022-05-27T09:59:30Z", "countryCode": "US" }, "geometry": { "type": "Point", "coordinates": [ -86.18757, 39.2468 ] } },
{ "type": "Feature", "properties": { "decimalLatitude": 35.981096, "decimalLongitude": -78.947505, "eventDate": "2022-05-08T15:34:12Z", "countryCode": "US" }, "geometry": { "type": "Point", "coordinates": [ -78.947505, 35.981096 ] } },
{ "type": "Feature", "properties": { "decimalLatitude": 35.727662, "decimalLongitude": -85.384183, "eventDate": "2022-05-21T14:16:00Z", "countryCode": "US" }, "geometry": { "type": "Point", "coordinates": [ -85.384183, 35.727662 ] } },
{ "type": "Feature", "properties": { "decimalLatitude": 36.062111, "decimalLongitude": -79.147606, "eventDate": "2022-05-13T14:02:07Z", "countryCode": "US" }, "geometry": { "type": "Point", "coordinates": [ -79.147606, 36.062111 ] } },
{ "type": "Feature", "properties": { "decimalLatitude": 36.734907, "decimalLongitude": -88.116744, "eventDate": "2022-05-08T09:13:07Z", "countryCode": "US" }, "geometry": { "type": "Point", "coordinates": [ -88.116744, 36.734907 ] } },
{ "type": "Feature", "properties": { "decimalLatitude": 37.779606, "decimalLongitude": -76.448022, "eventDate": "2022-05-10T10:39:00Z", "countryCode": "US" }, "geometry": { "type": "Point", "coordinates": [ -76.448022, 37.779606 ] } },
{ "type": "Feature", "properties": { "decimalLatitude": 38.683131, "decimalLongitude": -77.211554, "eventDate": "2022-05-26T11:13:04Z", "countryCode": "US" }, "geometry": { "type": "Point", "coordinates": [ -77.211554, 38.683131 ] } },
{ "type": "Feature", "properties": { "decimalLatitude": 40.177555, "decimalLongitude": -83.947689, "eventDate": "2022-05-29T16:27:03Z", "countryCode": "US" }, "geometry": { "type": "Point", "coordinates": [ -83.947689, 40.177555 ] } },
{ "type": "Feature", "properties": { "decimalLatitude": 35.907829, "decimalLongitude": -78.5789, "eventDate": "2022-05-31T08:12:00Z", "countryCode": "US" }, "geometry": { "type": "Point", "coordinates": [ -78.5789, 35.907829 ] } },
{ "type": "Feature", "properties": { "decimalLatitude": 34.169884, "decimalLongitude": -81.184166, "eventDate": "2022-05-29T09:14:57Z", "countryCode": "US" }, "geometry": { "type": "Point", "coordinates": [ -81.184166, 34.169884 ] } },
{ "type": "Feature", "properties": { "decimalLatitude": 37.739514, "decimalLongitude": -76.512962, "eventDate": "2022-05-28T11:00:00Z", "countryCode": "US" }, "geometry": { "type": "Point", "coordinates": [ -76.512962, 37.739514 ] } },
{ "type": "Feature", "properties": { "decimalLatitude": 35.958367, "decimalLongitude": -93.505737, "eventDate": "2022-05-28T17:45:19Z", "countryCode": "US" }, "geometry": { "type": "Point", "coordinates": [ -93.505737, 35.958367 ] } },
{ "type": "Feature", "properties": { "decimalLatitude": 35.439241, "decimalLongitude": -80.070071, "eventDate": "2022-05-12T15:06:29Z", "countryCode": "US" }, "geometry": { "type": "Point", "coordinates": [ -80.070071, 35.439241 ] } },
{ "type": "Feature", "properties": { "decimalLatitude": 35.009442, "decimalLongitude": -85.363663, "eventDate": "2022-05-27T17:08:51Z", "countryCode": "US" }, "geometry": { "type": "Point", "coordinates": [ -85.363663, 35.009442 ] } },
{ "type": "Feature", "properties": { "decimalLatitude": 39.191564, "decimalLongitude": -83.199854, "eventDate": "2022-05-22T16:43:41Z", "countryCode": "US" }, "geometry": { "type": "Point", "coordinates": [ -83.199854, 39.191564 ] } },
{ "type": "Feature", "properties": { "decimalLatitude": 38.438198, "decimalLongitude": -78.278913, "eventDate": "2022-05-10T15:41:00Z", "countryCode": "US" }, "geometry": { "type": "Point", "coordinates": [ -78.278913, 38.438198 ] } },
{ "type": "Feature", "properties": { "decimalLatitude": 40.178672, "decimalLongitude": -75.952529, "eventDate": "2022-05-22T09:24:00Z", "countryCode": "US" }, "geometry": { "type": "Point", "coordinates": [ -75.952529, 40.178672 ] } },
{ "type": "Feature", "properties": { "decimalLatitude": 37.243713, "decimalLongitude": -88.83608, "eventDate": "2022-05-30T12:23:00Z", "countryCode": "US" }, "geometry": { "type": "Point", "coordinates": [ -88.83608, 37.243713 ] } },
{ "type": "Feature", "properties": { "decimalLatitude": 32.910726, "decimalLongitude": -88.302491, "eventDate": "2022-05-30T11:01:00Z", "countryCode": "US" }, "geometry": { "type": "Point", "coordinates": [ -88.302491, 32.910726 ] } },
{ "type": "Feature", "properties": { "decimalLatitude": 36.301276, "decimalLongitude": -80.334652, "eventDate": "2022-05-06T11:05:00Z", "countryCode": "US" }, "geometry": { "type": "Point", "coordinates": [ -80.334652, 36.301276 ] } },
{ "type": "Feature", "properties": { "decimalLatitude": 40.11769, "decimalLongitude": -77.298226, "eventDate": "2022-05-29T12:53:33Z", "countryCode": "US" }, "geometry": { "type": "Point", "coordinates": [ -77.298226, 40.11769 ] } },
{ "type": "Feature", "properties": { "decimalLatitude": 40.456876, "decimalLongitude": -76.458167, "eventDate": "2022-05-17T12:41:56Z", "countryCode": "US" }, "geometry": { "type": "Point", "coordinates": [ -76.458167, 40.456876 ] } },
{ "type": "Feature", "properties": { "decimalLatitude": 38.610843, "decimalLongitude": -75.800127, "eventDate": "2022-05-22T13:13:00Z", "countryCode": "US" }, "geometry": { "type": "Point", "coordinates": [ -75.800127, 38.610843 ] } },
{ "type": "Feature", "properties": { "decimalLatitude": 34.252725, "decimalLongitude": -81.386612, "eventDate": "2022-05-13T12:21:20Z", "countryCode": "US" }, "geometry": { "type": "Point", "coordinates": [ -81.386612, 34.252725 ] } },
{ "type": "Feature", "properties": { "decimalLatitude": 36.957745, "decimalLongitude": -84.214792, "eventDate": "2022-05-25T13:40:48Z", "countryCode": "US" }, "geometry": { "type": "Point", "coordinates": [ -84.214792, 36.957745 ] } },
{ "type": "Feature", "properties": { "decimalLatitude": 32.915659, "decimalLongitude": -88.309266, "eventDate": "2022-05-30T11:59:58Z", "countryCode": "US" }, "geometry": { "type": "Point", "coordinates": [ -88.309266, 32.915659 ] } },
{ "type": "Feature", "properties": { "decimalLatitude": 39.432193, "decimalLongitude": -82.173299, "eventDate": "2022-05-30T18:17:07Z", "countryCode": "US" }, "geometry": { "type": "Point", "coordinates": [ -82.173299, 39.432193 ] } },
{ "type": "Feature", "properties": { "decimalLatitude": 35.000419, "decimalLongitude": -85.395562, "eventDate": "2022-05-25T12:24:25Z", "countryCode": "US" }, "geometry": { "type": "Point", "coordinates": [ -85.395562, 35.000419 ] } },
{ "type": "Feature", "properties": { "decimalLatitude": 37.321578, "decimalLongitude": -90.031797, "eventDate": "2022-05-17T00:00:00Z", "countryCode": "US" }, "geometry": { "type": "Point", "coordinates": [ -90.031797, 37.321578 ] } },
{ "type": "Feature", "properties": { "decimalLatitude": 38.388556, "decimalLongitude": -78.217598, "eventDate": "2022-05-18T17:07:45.689Z", "countryCode": "US" }, "geometry": { "type": "Point", "coordinates": [ -78.217598, 38.388556 ] } },
{ "type": "Feature", "properties": { "decimalLatitude": 34.661014, "decimalLongitude": -86.373539, "eventDate": "2022-05-25T17:23:57Z", "countryCode": "US" }, "geometry": { "type": "Point", "coordinates": [ -86.373539, 34.661014 ] } },
{ "type": "Feature", "properties": { "decimalLatitude": 35.866047, "decimalLongitude": -84.240173, "eventDate": "2022-05-22T15:15:19.221Z", "countryCode": "US" }, "geometry": { "type": "Point", "coordinates": [ -84.240173, 35.866047 ] } },
{ "type": "Feature", "properties": { "decimalLatitude": 36.033919, "decimalLongitude": -79.87215, "eventDate": "2022-05-15T22:09:25.752Z", "countryCode": "US" }, "geometry": { "type": "Point", "coordinates": [ -79.87215, 36.033919 ] } },
{ "type": "Feature", "properties": { "decimalLatitude": 35.765512, "decimalLongitude": -78.542328, "eventDate": "2022-05-26T20:16:21.471Z", "countryCode": "US" }, "geometry": { "type": "Point", "coordinates": [ -78.542328, 35.765512 ] } },
{ "type": "Feature", "properties": { "decimalLatitude": 37.149825, "decimalLongitude": -88.770859, "eventDate": "2022-05-23T10:19:20Z", "countryCode": "US" }, "geometry": { "type": "Point", "coordinates": [ -88.770859, 37.149825 ] } },
{ "type": "Feature", "properties": { "decimalLatitude": 37.102733, "decimalLongitude": -91.535447, "eventDate": "2022-05-10T15:23:16Z", "countryCode": "US" }, "geometry": { "type": "Point", "coordinates": [ -91.535447, 37.102733 ] } },
{ "type": "Feature", "properties": { "decimalLatitude": 36.587517, "decimalLongitude": -93.835778, "eventDate": "2022-05-23T11:05:00Z", "countryCode": "US" }, "geometry": { "type": "Point", "coordinates": [ -93.835778, 36.587517 ] } },
{ "type": "Feature", "properties": { "decimalLatitude": 35.156842, "decimalLongitude": -90.716944, "eventDate": "2022-05-31T10:30:00Z", "countryCode": "US" }, "geometry": { "type": "Point", "coordinates": [ -90.716944, 35.156842 ] } },
{ "type": "Feature", "properties": { "decimalLatitude": 30.593324, "decimalLongitude": -94.356513, "eventDate": "2022-05-07T15:06:57Z", "countryCode": "US" }, "geometry": { "type": "Point", "coordinates": [ -94.356513, 30.593324 ] } },
{ "type": "Feature", "properties": { "decimalLatitude": 39.258445, "decimalLongitude": -86.331138, "eventDate": "2022-05-17T14:15:51Z", "countryCode": "US" }, "geometry": { "type": "Point", "coordinates": [ -86.331138, 39.258445 ] } },
{ "type": "Feature", "properties": { "decimalLatitude": 33.273886, "decimalLongitude": -88.767017, "eventDate": "2022-05-21T16:17:00Z", "countryCode": "US" }, "geometry": { "type": "Point", "coordinates": [ -88.767017, 33.273886 ] } },
{ "type": "Feature", "properties": { "decimalLatitude": 39.313387, "decimalLongitude": -86.311894, "eventDate": "2022-05-23T14:36:00Z", "countryCode": "US" }, "geometry": { "type": "Point", "coordinates": [ -86.311894, 39.313387 ] } },
{ "type": "Feature", "properties": { "decimalLatitude": 39.277788, "decimalLongitude": -86.337131, "eventDate": "2022-05-23T14:37:00Z", "countryCode": "US" }, "geometry": { "type": "Point", "coordinates": [ -86.337131, 39.277788 ] } },
{ "type": "Feature", "properties": { "decimalLatitude": 33.584148, "decimalLongitude": -84.080196, "eventDate": "2022-05-21T14:23:40Z", "countryCode": "US" }, "geometry": { "type": "Point", "coordinates": [ -84.080196, 33.584148 ] } },
{ "type": "Feature", "properties": { "decimalLatitude": 38.689158, "decimalLongitude": -83.3694, "eventDate": "2022-05-15T15:10:40Z", "countryCode": "US" }, "geometry": { "type": "Point", "coordinates": [ -83.3694, 38.689158 ] } },
{ "type": "Feature", "properties": { "decimalLatitude": 39.55273, "decimalLongitude": -82.339677, "eventDate": "2022-05-25T18:25:45Z", "countryCode": "US" }, "geometry": { "type": "Point", "coordinates": [ -82.339677, 39.55273 ] } },
{ "type": "Feature", "properties": { "decimalLatitude": 31.809788, "decimalLongitude": -88.187942, "eventDate": "2022-05-31T16:09:48Z", "countryCode": "US" }, "geometry": { "type": "Point", "coordinates": [ -88.187942, 31.809788 ] } },
{ "type": "Feature", "properties": { "decimalLatitude": 35.950764, "decimalLongitude": -78.976654, "eventDate": "2022-05-22T00:00:00Z", "countryCode": "US" }, "geometry": { "type": "Point", "coordinates": [ -78.976654, 35.950764 ] } },
{ "type": "Feature", "properties": { "decimalLatitude": 36.499127, "decimalLongitude": -87.264967, "eventDate": "2022-05-17T14:01:00Z", "countryCode": "US" }, "geometry": { "type": "Point", "coordinates": [ -87.264967, 36.499127 ] } },
{ "type": "Feature", "properties": { "decimalLatitude": 39.191747, "decimalLongitude": -83.199669, "eventDate": "2022-05-24T17:41:26Z", "countryCode": "US" }, "geometry": { "type": "Point", "coordinates": [ -83.199669, 39.191747 ] } },
{ "type": "Feature", "properties": { "decimalLatitude": 34.504153, "decimalLongitude": -86.923952, "eventDate": "2022-05-07T15:27:00Z", "countryCode": "US" }, "geometry": { "type": "Point", "coordinates": [ -86.923952, 34.504153 ] } },
{ "type": "Feature", "properties": { "decimalLatitude": 39.89002, "decimalLongitude": -87.2035, "eventDate": "2022-05-28T00:00:00Z", "countryCode": "US" }, "geometry": { "type": "Point", "coordinates": [ -87.2035, 39.89002 ] } },
{ "type": "Feature", "properties": { "decimalLatitude": 37.573055, "decimalLongitude": -77.798746, "eventDate": "2022-05-16T19:04:00Z", "countryCode": "US" }, "geometry": { "type": "Point", "coordinates": [ -77.798746, 37.573055 ] } },
{ "type": "Feature", "properties": { "decimalLatitude": 29.625048, "decimalLongitude": -98.586942, "eventDate": "2022-05-06T17:07:54Z", "countryCode": "US" }, "geometry": { "type": "Point", "coordinates": [ -98.586942, 29.625048 ] } },
{ "type": "Feature", "properties": { "decimalLatitude": 29.754454, "decimalLongitude": -98.527025, "eventDate": "2022-05-06T16:01:33Z", "countryCode": "US" }, "geometry": { "type": "Point", "coordinates": [ -98.527025, 29.754454 ] } },
{ "type": "Feature", "properties": { "decimalLatitude": 37.779545, "decimalLongitude": -76.447997, "eventDate": "2022-05-13T13:01:50Z", "countryCode": "US" }, "geometry": { "type": "Point", "coordinates": [ -76.447997, 37.779545 ] } },
{ "type": "Feature", "properties": { "decimalLatitude": 39.628456, "decimalLongitude": -78.385917, "eventDate": "2022-06-03T17:51:34Z", "countryCode": "US" }, "geometry": { "type": "Point", "coordinates": [ -78.385917, 39.628456 ] } },
{ "type": "Feature", "properties": { "decimalLatitude": 38.565462, "decimalLongitude": -77.352969, "eventDate": "2022-06-18T10:05:37Z", "countryCode": "US" }, "geometry": { "type": "Point", "coordinates": [ -77.352969, 38.565462 ] } },
{ "type": "Feature", "properties": { "decimalLatitude": 37.699004, "decimalLongitude": -91.456126, "eventDate": "2022-06-15T13:37:00Z", "countryCode": "US" }, "geometry": { "type": "Point", "coordinates": [ -91.456126, 37.699004 ] } },
{ "type": "Feature", "properties": { "decimalLatitude": 41.679141, "decimalLongitude": -87.961469, "eventDate": "2022-06-16T08:54:00Z", "countryCode": "US" }, "geometry": { "type": "Point", "coordinates": [ -87.961469, 41.679141 ] } },
{ "type": "Feature", "properties": { "decimalLatitude": 40.056037, "decimalLongitude": -79.760071, "eventDate": "2022-06-15T14:36:41Z", "countryCode": "US" }, "geometry": { "type": "Point", "coordinates": [ -79.760071, 40.056037 ] } },
{ "type": "Feature", "properties": { "decimalLatitude": 38.996293, "decimalLongitude": -77.248935, "eventDate": "2022-06-23T17:46:52Z", "countryCode": "US" }, "geometry": { "type": "Point", "coordinates": [ -77.248935, 38.996293 ] } },
{ "type": "Feature", "properties": { "decimalLatitude": 38.859117, "decimalLongitude": -77.20414, "eventDate": "2022-06-08T10:57:34Z", "countryCode": "US" }, "geometry": { "type": "Point", "coordinates": [ -77.20414, 38.859117 ] } },
{ "type": "Feature", "properties": { "decimalLatitude": 39.97465, "decimalLongitude": -77.958325, "eventDate": "2022-06-22T09:23:43Z", "countryCode": "US" }, "geometry": { "type": "Point", "coordinates": [ -77.958325, 39.97465 ] } },
{ "type": "Feature", "properties": { "decimalLatitude": 40.693938, "decimalLongitude": -89.652044, "eventDate": "2022-06-26T09:52:02Z", "countryCode": "US" }, "geometry": { "type": "Point", "coordinates": [ -89.652044, 40.693938 ] } },
{ "type": "Feature", "properties": { "decimalLatitude": 35.49195, "decimalLongitude": -91.988573, "eventDate": "2022-06-25T09:49:00Z", "countryCode": "US" }, "geometry": { "type": "Point", "coordinates": [ -91.988573, 35.49195 ] } },
{ "type": "Feature", "properties": { "decimalLatitude": 37.208439, "decimalLongitude": -89.092509, "eventDate": "2022-06-27T11:53:50Z", "countryCode": "US" }, "geometry": { "type": "Point", "coordinates": [ -89.092509, 37.208439 ] } },
{ "type": "Feature", "properties": { "decimalLatitude": 42.899247, "decimalLongitude": -84.869547, "eventDate": "2022-06-11T16:18:50Z", "countryCode": "US" }, "geometry": { "type": "Point", "coordinates": [ -84.869547, 42.899247 ] } },
{ "type": "Feature", "properties": { "decimalLatitude": 39.326555, "decimalLongitude": -82.347717, "eventDate": "2022-06-30T15:22:38Z", "countryCode": "US" }, "geometry": { "type": "Point", "coordinates": [ -82.347717, 39.326555 ] } },
{ "type": "Feature", "properties": { "decimalLatitude": 39.888486, "decimalLongitude": -87.203544, "eventDate": "2022-06-04T13:53:36Z", "countryCode": "US" }, "geometry": { "type": "Point", "coordinates": [ -87.203544, 39.888486 ] } },
{ "type": "Feature", "properties": { "decimalLatitude": 38.227341, "decimalLongitude": -91.084282, "eventDate": "2022-06-03T16:06:00Z", "countryCode": "US" }, "geometry": { "type": "Point", "coordinates": [ -91.084282, 38.227341 ] } },
{ "type": "Feature", "properties": { "decimalLatitude": 33.876644, "decimalLongitude": -83.256409, "eventDate": "2022-06-04T18:35:00Z", "countryCode": "US" }, "geometry": { "type": "Point", "coordinates": [ -83.256409, 33.876644 ] } },
{ "type": "Feature", "properties": { "decimalLatitude": 38.860529, "decimalLongitude": -77.496539, "eventDate": "2022-06-20T13:16:00Z", "countryCode": "US" }, "geometry": { "type": "Point", "coordinates": [ -77.496539, 38.860529 ] } },
{ "type": "Feature", "properties": { "decimalLatitude": 35.725473, "decimalLongitude": -90.429023, "eventDate": "2022-06-28T11:58:00Z", "countryCode": "US" }, "geometry": { "type": "Point", "coordinates": [ -90.429023, 35.725473 ] } },
{ "type": "Feature", "properties": { "decimalLatitude": 41.605503, "decimalLongitude": -87.860676, "eventDate": "2022-06-17T14:44:45Z", "countryCode": "US" }, "geometry": { "type": "Point", "coordinates": [ -87.860676, 41.605503 ] } },
{ "type": "Feature", "properties": { "decimalLatitude": 29.829951, "decimalLongitude": -98.434828, "eventDate": "2022-06-25T17:47:02Z", "countryCode": "US" }, "geometry": { "type": "Point", "coordinates": [ -98.434828, 29.829951 ] } },
{ "type": "Feature", "properties": { "decimalLatitude": 38.227341, "decimalLongitude": -91.084282, "eventDate": "2022-06-03T16:07:00Z", "countryCode": "US" }, "geometry": { "type": "Point", "coordinates": [ -91.084282, 38.227341 ] } },
{ "type": "Feature", "properties": { "decimalLatitude": 30.343855, "decimalLongitude": -98.129914, "eventDate": "2022-06-15T14:47:36Z", "countryCode": "US" }, "geometry": { "type": "Point", "coordinates": [ -98.129914, 30.343855 ] } },
{ "type": "Feature", "properties": { "decimalLatitude": 30.365956, "decimalLongitude": -97.786247, "eventDate": "2022-06-24T17:02:25Z", "countryCode": "US" }, "geometry": { "type": "Point", "coordinates": [ -97.786247, 30.365956 ] } },
{ "type": "Feature", "properties": { "decimalLatitude": 39.86339, "decimalLongitude": -86.290188, "eventDate": "2022-06-12T12:58:00Z", "countryCode": "US" }, "geometry": { "type": "Point", "coordinates": [ -86.290188, 39.86339 ] } },
{ "type": "Feature", "properties": { "decimalLatitude": 35.155003, "decimalLongitude": -83.444513, "eventDate": "2022-06-22T08:30:00Z", "countryCode": "US" }, "geometry": { "type": "Point", "coordinates": [ -83.444513, 35.155003 ] } },
{ "type": "Feature", "properties": { "decimalLatitude": 35.153556, "decimalLongitude": -85.681563, "eventDate": "2022-06-12T13:57:08Z", "countryCode": "US" }, "geometry": { "type": "Point", "coordinates": [ -85.681563, 35.153556 ] } },
{ "type": "Feature", "properties": { "decimalLatitude": 39.863323, "decimalLongitude": -86.290321, "eventDate": "2022-06-12T12:58:00Z", "countryCode": "US" }, "geometry": { "type": "Point", "coordinates": [ -86.290321, 39.863323 ] } },
{ "type": "Feature", "properties": { "decimalLatitude": 37.573055, "decimalLongitude": -77.799093, "eventDate": "2022-06-01T10:36:38Z", "countryCode": "US" }, "geometry": { "type": "Point", "coordinates": [ -77.799093, 37.573055 ] } },
{ "type": "Feature", "properties": { "decimalLatitude": 39.863412, "decimalLongitude": -86.290189, "eventDate": "2022-06-12T12:58:00Z", "countryCode": "US" }, "geometry": { "type": "Point", "coordinates": [ -86.290189, 39.863412 ] } },
{ "type": "Feature", "properties": { "decimalLatitude": 40.694253, "decimalLongitude": -89.652292, "eventDate": "2022-06-26T09:52:35Z", "countryCode": "US" }, "geometry": { "type": "Point", "coordinates": [ -89.652292, 40.694253 ] } },
{ "type": "Feature", "properties": { "decimalLatitude": 30.190137, "decimalLongitude": -81.561683, "eventDate": "2022-06-18T08:19:47Z", "countryCode": "US" }, "geometry": { "type": "Point", "coordinates": [ -81.561683, 30.190137 ] } },
{ "type": "Feature", "properties": { "decimalLatitude": 35.984694, "decimalLongitude": -91.997918, "eventDate": "2022-06-07T12:28:36Z", "countryCode": "US" }, "geometry": { "type": "Point", "coordinates": [ -91.997918, 35.984694 ] } },
{ "type": "Feature", "properties": { "decimalLatitude": 36.232, "decimalLongitude": -80.30195, "eventDate": "2022-06-01T22:34:00Z", "countryCode": "US" }, "geometry": { "type": "Point", "coordinates": [ -80.30195, 36.232 ] } },
{ "type": "Feature", "properties": { "decimalLatitude": 30.368017, "decimalLongitude": -97.783989, "eventDate": "2022-06-24T17:01:00Z", "countryCode": "US" }, "geometry": { "type": "Point", "coordinates": [ -97.783989, 30.368017 ] } },
{ "type": "Feature", "properties": { "decimalLatitude": 35.774903, "decimalLongitude": -90.705933, "eventDate": "2022-06-14T20:11:46Z", "countryCode": "US" }, "geometry": { "type": "Point", "coordinates": [ -90.705933, 35.774903 ] } },
{ "type": "Feature", "properties": { "decimalLatitude": 37.552013, "decimalLongitude": -80.673739, "eventDate": "2022-06-15T13:10:00Z", "countryCode": "US" }, "geometry": { "type": "Point", "coordinates": [ -80.673739, 37.552013 ] } },
{ "type": "Feature", "properties": { "decimalLatitude": 32.66208, "decimalLongitude": -84.848256, "eventDate": "2022-06-16T16:22:50Z", "countryCode": "US" }, "geometry": { "type": "Point", "coordinates": [ -84.848256, 32.66208 ] } },
{ "type": "Feature", "properties": { "decimalLatitude": 41.603055, "decimalLongitude": -87.973157, "eventDate": "2022-06-16T12:04:00Z", "countryCode": "US" }, "geometry": { "type": "Point", "coordinates": [ -87.973157, 41.603055 ] } },
{ "type": "Feature", "properties": { "decimalLatitude": 36.734238, "decimalLongitude": -88.121323, "eventDate": "2022-06-09T09:54:43Z", "countryCode": "US" }, "geometry": { "type": "Point", "coordinates": [ -88.121323, 36.734238 ] } },
{ "type": "Feature", "properties": { "decimalLatitude": 39.731717, "decimalLongitude": -78.339867, "eventDate": "2022-06-15T13:44:14Z", "countryCode": "US" }, "geometry": { "type": "Point", "coordinates": [ -78.339867, 39.731717 ] } },
{ "type": "Feature", "properties": { "decimalLatitude": 40.692277, "decimalLongitude": -89.65426, "eventDate": "2022-06-26T11:42:35Z", "countryCode": "US" }, "geometry": { "type": "Point", "coordinates": [ -89.65426, 40.692277 ] } },
{ "type": "Feature", "properties": { "decimalLatitude": 34.75646, "decimalLongitude": -85.386055, "eventDate": "2022-06-26T16:41:00Z", "countryCode": "US" }, "geometry": { "type": "Point", "coordinates": [ -85.386055, 34.75646 ] } },
{ "type": "Feature", "properties": { "decimalLatitude": 35.754561, "decimalLongitude": -93.978437, "eventDate": "2022-06-18T14:36:00Z", "countryCode": "US" }, "geometry": { "type": "Point", "coordinates": [ -93.978437, 35.754561 ] } },
{ "type": "Feature", "properties": { "decimalLatitude": 41.217439, "decimalLongitude": -81.537863, "eventDate": "2022-06-21T09:40:00Z", "countryCode": "US" }, "geometry": { "type": "Point", "coordinates": [ -81.537863, 41.217439 ] } },
{ "type": "Feature", "properties": { "decimalLatitude": 39.597298, "decimalLongitude": -82.588572, "eventDate": "2022-06-20T18:15:00Z", "countryCode": "US" }, "geometry": { "type": "Point", "coordinates": [ -82.588572, 39.597298 ] } },
{ "type": "Feature", "properties": { "decimalLatitude": 34.963536, "decimalLongitude": -84.087174, "eventDate": "2022-06-24T17:37:00Z", "countryCode": "US" }, "geometry": { "type": "Point", "coordinates": [ -84.087174, 34.963536 ] } },
{ "type": "Feature", "properties": { "decimalLatitude": 37.996374, "decimalLongitude": -86.584457, "eventDate": "2022-06-28T16:54:03.014Z", "countryCode": "US" }, "geometry": { "type": "Point", "coordinates": [ -86.584457, 37.996374 ] } },
{ "type": "Feature", "properties": { "decimalLatitude": 38.650668, "decimalLongitude": -86.203766, "eventDate": "2022-06-25T14:18:48.421Z", "countryCode": "US" }, "geometry": { "type": "Point", "coordinates": [ -86.203766, 38.650668 ] } },
{ "type": "Feature", "properties": { "decimalLatitude": 38.227341, "decimalLongitude": -91.084282, "eventDate": "2022-06-03T16:13:00Z", "countryCode": "US" }, "geometry": { "type": "Point", "coordinates": [ -91.084282, 38.227341 ] } },
{ "type": "Feature", "properties": { "decimalLatitude": 40.692188, "decimalLongitude": -89.65438, "eventDate": "2022-06-26T11:38:56Z", "countryCode": "US" }, "geometry": { "type": "Point", "coordinates": [ -89.65438, 40.692188 ] } },
{ "type": "Feature", "properties": { "decimalLatitude": 36.019041, "decimalLongitude": -81.150723, "eventDate": "2022-06-05T13:43:53Z", "countryCode": "US" }, "geometry": { "type": "Point", "coordinates": [ -81.150723, 36.019041 ] } },
{ "type": "Feature", "properties": { "decimalLatitude": 35.923496, "decimalLongitude": -79.267175, "eventDate": "2022-06-04T14:20:22Z", "countryCode": "US" }, "geometry": { "type": "Point", "coordinates": [ -79.267175, 35.923496 ] } },
{ "type": "Feature", "properties": { "decimalLatitude": 39.36638, "decimalLongitude": -84.152156, "eventDate": "2022-06-17T09:22:00Z", "countryCode": "US" }, "geometry": { "type": "Point", "coordinates": [ -84.152156, 39.36638 ] } },
{ "type": "Feature", "properties": { "decimalLatitude": 39.278876, "decimalLongitude": -86.280708, "eventDate": "2022-06-09T13:31:00Z", "countryCode": "US" }, "geometry": { "type": "Point", "coordinates": [ -86.280708, 39.278876 ] } },
{ "type": "Feature", "properties": { "decimalLatitude": 39.295257, "decimalLongitude": -86.241408, "eventDate": "2022-06-22T10:27:00Z", "countryCode": "US" }, "geometry": { "type": "Point", "coordinates": [ -86.241408, 39.295257 ] } },
{ "type": "Feature", "properties": { "decimalLatitude": 41.334348, "decimalLongitude": -81.47266, "eventDate": "2022-06-21T12:05:00Z", "countryCode": "US" }, "geometry": { "type": "Point", "coordinates": [ -81.47266, 41.334348 ] } },
{ "type": "Feature", "properties": { "decimalLatitude": 39.439754, "decimalLongitude": -77.796664, "eventDate": "2022-06-10T15:48:20Z", "countryCode": "US" }, "geometry": { "type": "Point", "coordinates": [ -77.796664, 39.439754 ] } },
{ "type": "Feature", "properties": { "decimalLatitude": 38.412766, "decimalLongitude": -82.675185, "eventDate": "2022-06-07T14:39:11Z", "countryCode": "US" }, "geometry": { "type": "Point", "coordinates": [ -82.675185, 38.412766 ] } },
{ "type": "Feature", "properties": { "decimalLatitude": 38.056412, "decimalLongitude": -87.959318, "eventDate": "2022-06-08T00:00:00Z", "countryCode": "US" }, "geometry": { "type": "Point", "coordinates": [ -87.959318, 38.056412 ] } },
{ "type": "Feature", "properties": { "decimalLatitude": 40.523685, "decimalLongitude": -79.912338, "eventDate": "2022-06-12T09:32:27Z", "countryCode": "US" }, "geometry": { "type": "Point", "coordinates": [ -79.912338, 40.523685 ] } },
{ "type": "Feature", "properties": { "decimalLatitude": 40.016145, "decimalLongitude": -87.572532, "eventDate": "2022-06-02T18:02:26Z", "countryCode": "US" }, "geometry": { "type": "Point", "coordinates": [ -87.572532, 40.016145 ] } },
{ "type": "Feature", "properties": { "decimalLatitude": 40.191626, "decimalLongitude": -87.72886, "eventDate": "2022-06-07T17:41:34Z", "countryCode": "US" }, "geometry": { "type": "Point", "coordinates": [ -87.72886, 40.191626 ] } },
{ "type": "Feature", "properties": { "decimalLatitude": 37.600405, "decimalLongitude": -89.241578, "eventDate": "2022-07-04T09:27:09Z", "countryCode": "US" }, "geometry": { "type": "Point", "coordinates": [ -89.241578, 37.600405 ] } },
{ "type": "Feature", "properties": { "decimalLatitude": 39.625916, "decimalLongitude": -82.561414, "eventDate": "2022-07-02T13:26:02Z", "countryCode": "US" }, "geometry": { "type": "Point", "coordinates": [ -82.561414, 39.625916 ] } },
{ "type": "Feature", "properties": { "decimalLatitude": 35.88755, "decimalLongitude": -78.904245, "eventDate": "2022-07-04T13:19:29Z", "countryCode": "US" }, "geometry": { "type": "Point", "coordinates": [ -78.904245, 35.88755 ] } },
{ "type": "Feature", "properties": { "decimalLatitude": 28.679088, "decimalLongitude": -81.396447, "eventDate": "2022-07-06T19:42:27Z", "countryCode": "US" }, "geometry": { "type": "Point", "coordinates": [ -81.396447, 28.679088 ] } },
{ "type": "Feature", "properties": { "decimalLatitude": 35.70203, "decimalLongitude": -90.433708, "eventDate": "2022-07-06T10:07:00Z", "countryCode": "US" }, "geometry": { "type": "Point", "coordinates": [ -90.433708, 35.70203 ] } },
{ "type": "Feature", "properties": { "decimalLatitude": 40.272859, "decimalLongitude": -85.456347, "eventDate": "2022-07-07T18:04:45Z", "countryCode": "US" }, "geometry": { "type": "Point", "coordinates": [ -85.456347, 40.272859 ] } },
{ "type": "Feature", "properties": { "decimalLatitude": 40.279463, "decimalLongitude": -77.174867, "eventDate": "2022-07-09T10:29:31Z", "countryCode": "US" }, "geometry": { "type": "Point", "coordinates": [ -77.174867, 40.279463 ] } },
{ "type": "Feature", "properties": { "decimalLatitude": 35.702022, "decimalLongitude": -90.433754, "eventDate": "2022-07-06T10:09:00Z", "countryCode": "US" }, "geometry": { "type": "Point", "coordinates": [ -90.433754, 35.702022 ] } },
{ "type": "Feature", "properties": { "decimalLatitude": 41.066822, "decimalLongitude": -74.334795, "eventDate": "2022-07-05T12:38:42Z", "countryCode": "US" }, "geometry": { "type": "Point", "coordinates": [ -74.334795, 41.066822 ] } },
{ "type": "Feature", "properties": { "decimalLatitude": 31.559678, "decimalLongitude": -88.042458, "eventDate": "2022-07-23T12:33:26Z", "countryCode": "US" }, "geometry": { "type": "Point", "coordinates": [ -88.042458, 31.559678 ] } },
{ "type": "Feature", "properties": { "decimalLatitude": 40.907718, "decimalLongitude": -73.890268, "eventDate": "2022-07-09T14:09:29Z", "countryCode": "US" }, "geometry": { "type": "Point", "coordinates": [ -73.890268, 40.907718 ] } },
{ "type": "Feature", "properties": { "decimalLatitude": 39.07, "decimalLongitude": -76.776444, "eventDate": "2022-07-17T11:34:19Z", "countryCode": "US" }, "geometry": { "type": "Point", "coordinates": [ -76.776444, 39.07 ] } },
{ "type": "Feature", "properties": { "decimalLatitude": 34.589753, "decimalLongitude": -86.515358, "eventDate": "2022-07-24T14:38:17Z", "countryCode": "US" }, "geometry": { "type": "Point", "coordinates": [ -86.515358, 34.589753 ] } },
{ "type": "Feature", "properties": { "decimalLatitude": 39.072698, "decimalLongitude": -76.771214, "eventDate": "2022-07-17T11:33:45Z", "countryCode": "US" }, "geometry": { "type": "Point", "coordinates": [ -76.771214, 39.072698 ] } },
{ "type": "Feature", "properties": { "decimalLatitude": 27.528938, "decimalLongitude": -81.415, "eventDate": "2022-07-04T08:53:57Z", "countryCode": "US" }, "geometry": { "type": "Point", "coordinates": [ -81.415, 27.528938 ] } },
{ "type": "Feature", "properties": { "decimalLatitude": 37.549927, "decimalLongitude": -79.802269, "eventDate": "2022-07-15T18:31:45Z", "countryCode": "US" }, "geometry": { "type": "Point", "coordinates": [ -79.802269, 37.549927 ] } },
{ "type": "Feature", "properties": { "decimalLatitude": 38.986428, "decimalLongitude": -75.789375, "eventDate": "2022-07-25T11:23:25Z", "countryCode": "US" }, "geometry": { "type": "Point", "coordinates": [ -75.789375, 38.986428 ] } },
{ "type": "Feature", "properties": { "decimalLatitude": 35.113034, "decimalLongitude": -83.205487, "eventDate": "2022-07-21T12:48:00Z", "countryCode": "US" }, "geometry": { "type": "Point", "coordinates": [ -83.205487, 35.113034 ] } },
{ "type": "Feature", "properties": { "decimalLatitude": 39.441953, "decimalLongitude": -88.150886, "eventDate": "2022-07-13T11:21:11Z", "countryCode": "US" }, "geometry": { "type": "Point", "coordinates": [ -88.150886, 39.441953 ] } },
{ "type": "Feature", "properties": { "decimalLatitude": 36.016903, "decimalLongitude": -91.953112, "eventDate": "2022-07-20T14:22:28Z", "countryCode": "US" }, "geometry": { "type": "Point", "coordinates": [ -91.953112, 36.016903 ] } },
{ "type": "Feature", "properties": { "decimalLatitude": 39.452903, "decimalLongitude": -88.143386, "eventDate": "2022-07-14T10:01:50Z", "countryCode": "US" }, "geometry": { "type": "Point", "coordinates": [ -88.143386, 39.452903 ] } },
{ "type": "Feature", "properties": { "decimalLatitude": 38.747225, "decimalLongitude": -76.035436, "eventDate": "2022-07-11T14:37:48Z", "countryCode": "US" }, "geometry": { "type": "Point", "coordinates": [ -76.035436, 38.747225 ] } },
{ "type": "Feature", "properties": { "decimalLatitude": 33.679826, "decimalLongitude": -83.623413, "eventDate": "2022-07-28T09:04:03Z", "countryCode": "US" }, "geometry": { "type": "Point", "coordinates": [ -83.623413, 33.679826 ] } },
{ "type": "Feature", "properties": { "decimalLatitude": 41.716769, "decimalLongitude": -87.818629, "eventDate": "2022-07-21T16:00:18Z", "countryCode": "US" }, "geometry": { "type": "Point", "coordinates": [ -87.818629, 41.716769 ] } },
{ "type": "Feature", "properties": { "decimalLatitude": 39.442467, "decimalLongitude": -88.151803, "eventDate": "2022-07-29T10:40:03Z", "countryCode": "US" }, "geometry": { "type": "Point", "coordinates": [ -88.151803, 39.442467 ] } },
{ "type": "Feature", "properties": { "decimalLatitude": 41.784952, "decimalLongitude": -87.97002, "eventDate": "2022-07-21T13:15:00Z", "countryCode": "US" }, "geometry": { "type": "Point", "coordinates": [ -87.97002, 41.784952 ] } },
{ "type": "Feature", "properties": { "decimalLatitude": 38.476728, "decimalLongitude": -78.067428, "eventDate": "2022-07-29T10:22:15Z", "countryCode": "US" }, "geometry": { "type": "Point", "coordinates": [ -78.067428, 38.476728 ] } },
{ "type": "Feature", "properties": { "decimalLatitude": 35.129131, "decimalLongitude": -85.364553, "eventDate": "2022-07-24T13:11:30Z", "countryCode": "US" }, "geometry": { "type": "Point", "coordinates": [ -85.364553, 35.129131 ] } },
{ "type": "Feature", "properties": { "decimalLatitude": 34.809879, "decimalLongitude": -83.119225, "eventDate": "2022-07-23T11:56:00Z", "countryCode": "US" }, "geometry": { "type": "Point", "coordinates": [ -83.119225, 34.809879 ] } },
{ "type": "Feature", "properties": { "decimalLatitude": 33.127171, "decimalLongitude": -79.775917, "eventDate": "2022-07-20T10:03:43Z", "countryCode": "US" }, "geometry": { "type": "Point", "coordinates": [ -79.775917, 33.127171 ] } },
{ "type": "Feature", "properties": { "decimalLatitude": 33.60453, "decimalLongitude": -85.718545, "eventDate": "2022-07-10T13:17:39Z", "countryCode": "US" }, "geometry": { "type": "Point", "coordinates": [ -85.718545, 33.60453 ] } },
{ "type": "Feature", "properties": { "decimalLatitude": 36.063176, "decimalLongitude": -78.961919, "eventDate": "2022-07-27T19:04:50.889Z", "countryCode": "US" }, "geometry": { "type": "Point", "coordinates": [ -78.961919, 36.063176 ] } },
{ "type": "Feature", "properties": { "decimalLatitude": 39.442448, "decimalLongitude": -88.151777, "eventDate": "2022-07-24T10:31:00Z", "countryCode": "US" }, "geometry": { "type": "Point", "coordinates": [ -88.151777, 39.442448 ] } },
{ "type": "Feature", "properties": { "decimalLatitude": 40.654059, "decimalLongitude": -89.137063, "eventDate": "2022-07-20T10:13:30Z", "countryCode": "US" }, "geometry": { "type": "Point", "coordinates": [ -89.137063, 40.654059 ] } },
{ "type": "Feature", "properties": { "decimalLatitude": 41.095729, "decimalLongitude": -76.032087, "eventDate": "2022-07-17T01:53:00Z", "countryCode": "US" }, "geometry": { "type": "Point", "coordinates": [ -76.032087, 41.095729 ] } },
{ "type": "Feature", "properties": { "decimalLatitude": 30.637062, "decimalLongitude": -84.63403, "eventDate": "2022-07-25T15:49:42Z", "countryCode": "US" }, "geometry": { "type": "Point", "coordinates": [ -84.63403, 30.637062 ] } },
{ "type": "Feature", "properties": { "decimalLatitude": 35.745407, "decimalLongitude": -78.404166, "eventDate": "2022-07-04T19:09:00Z", "countryCode": "US" }, "geometry": { "type": "Point", "coordinates": [ -78.404166, 35.745407 ] } },
{ "type": "Feature", "properties": { "decimalLatitude": 39.223242, "decimalLongitude": -83.358358, "eventDate": "2022-07-13T14:06:14Z", "countryCode": "US" }, "geometry": { "type": "Point", "coordinates": [ -83.358358, 39.223242 ] } },
{ "type": "Feature", "properties": { "decimalLatitude": 37.212413, "decimalLongitude": -84.157664, "eventDate": "2022-07-19T14:31:50Z", "countryCode": "US" }, "geometry": { "type": "Point", "coordinates": [ -84.157664, 37.212413 ] } },
{ "type": "Feature", "properties": { "decimalLatitude": 35.237788, "decimalLongitude": -86.707872, "eventDate": "2022-07-11T10:50:00Z", "countryCode": "US" }, "geometry": { "type": "Point", "coordinates": [ -86.707872, 35.237788 ] } },
{ "type": "Feature", "properties": { "decimalLatitude": 38.258457, "decimalLongitude": -92.746986, "eventDate": "2022-07-03T06:38:49Z", "countryCode": "US" }, "geometry": { "type": "Point", "coordinates": [ -92.746986, 38.258457 ] } },
{ "type": "Feature", "properties": { "decimalLatitude": 39.442513, "decimalLongitude": -88.151833, "eventDate": "2022-07-29T10:39:18Z", "countryCode": "US" }, "geometry": { "type": "Point", "coordinates": [ -88.151833, 39.442513 ] } },
{ "type": "Feature", "properties": { "decimalLatitude": 31.573266, "decimalLongitude": -94.702662, "eventDate": "2022-07-01T17:26:00Z", "countryCode": "US" }, "geometry": { "type": "Point", "coordinates": [ -94.702662, 31.573266 ] } },
{ "type": "Feature", "properties": { "decimalLatitude": 38.168278, "decimalLongitude": -76.867872, "eventDate": "2022-07-16T12:25:16Z", "countryCode": "US" }, "geometry": { "type": "Point", "coordinates": [ -76.867872, 38.168278 ] } },
{ "type": "Feature", "properties": { "decimalLatitude": 29.638099, "decimalLongitude": -98.818877, "eventDate": "2022-08-06T08:36:50Z", "countryCode": "US" }, "geometry": { "type": "Point", "coordinates": [ -98.818877, 29.638099 ] } },
{ "type": "Feature", "properties": { "decimalLatitude": 40.3979, "decimalLongitude": -87.990578, "eventDate": "2022-08-05T12:24:31Z", "countryCode": "US" }, "geometry": { "type": "Point", "coordinates": [ -87.990578, 40.3979 ] } },
{ "type": "Feature", "properties": { "decimalLatitude": 35.652275, "decimalLongitude": -90.931612, "eventDate": "2022-08-06T18:57:25Z", "countryCode": "US" }, "geometry": { "type": "Point", "coordinates": [ -90.931612, 35.652275 ] } },
{ "type": "Feature", "properties": { "decimalLatitude": 34.696425, "decimalLongitude": -92.996, "eventDate": "2022-08-12T08:03:04Z", "countryCode": "US" }, "geometry": { "type": "Point", "coordinates": [ -92.996, 34.696425 ] } },
{ "type": "Feature", "properties": { "decimalLatitude": 35.5417, "decimalLongitude": -92.023926, "eventDate": "2022-08-11T09:17:00Z", "countryCode": "US" }, "geometry": { "type": "Point", "coordinates": [ -92.023926, 35.5417 ] } },
{ "type": "Feature", "properties": { "decimalLatitude": 40.035184, "decimalLongitude": -76.824617, "eventDate": "2022-08-12T11:28:05Z", "countryCode": "US" }, "geometry": { "type": "Point", "coordinates": [ -76.824617, 40.035184 ] } },
{ "type": "Feature", "properties": { "decimalLatitude": 36.119082, "decimalLongitude": -94.538831, "eventDate": "2022-08-10T14:17:00Z", "countryCode": "US" }, "geometry": { "type": "Point", "coordinates": [ -94.538831, 36.119082 ] } },
{ "type": "Feature", "properties": { "decimalLatitude": 38.733987, "decimalLongitude": -77.88137, "eventDate": "2022-08-06T18:40:21Z", "countryCode": "US" }, "geometry": { "type": "Point", "coordinates": [ -77.88137, 38.733987 ] } },
{ "type": "Feature", "properties": { "decimalLatitude": 36.929652, "decimalLongitude": -88.454908, "eventDate": "2022-08-04T08:20:54Z", "countryCode": "US" }, "geometry": { "type": "Point", "coordinates": [ -88.454908, 36.929652 ] } },
{ "type": "Feature", "properties": { "decimalLatitude": 34.189133, "decimalLongitude": -84.207677, "eventDate": "2022-08-22T17:50:14Z", "countryCode": "US" }, "geometry": { "type": "Point", "coordinates": [ -84.207677, 34.189133 ] } },
{ "type": "Feature", "properties": { "decimalLatitude": 39.476047, "decimalLongitude": -88.15448, "eventDate": "2022-08-19T13:49:50Z", "countryCode": "US" }, "geometry": { "type": "Point", "coordinates": [ -88.15448, 39.476047 ] } },
{ "type": "Feature", "properties": { "decimalLatitude": 38.414292, "decimalLongitude": -90.702305, "eventDate": "2022-08-20T08:03:00Z", "countryCode": "US" }, "geometry": { "type": "Point", "coordinates": [ -90.702305, 38.414292 ] } },
{ "type": "Feature", "properties": { "decimalLatitude": 28.648403, "decimalLongitude": -82.336211, "eventDate": "2022-08-20T08:22:01Z", "countryCode": "US" }, "geometry": { "type": "Point", "coordinates": [ -82.336211, 28.648403 ] } },
{ "type": "Feature", "properties": { "decimalLatitude": 38.047853, "decimalLongitude": -78.828812, "eventDate": "2022-08-27T16:25:46Z", "countryCode": "US" }, "geometry": { "type": "Point", "coordinates": [ -78.828812, 38.047853 ] } },
{ "type": "Feature", "properties": { "decimalLatitude": 31.915843, "decimalLongitude": -89.79653, "eventDate": "2022-08-31T15:19:46Z", "countryCode": "US" }, "geometry": { "type": "Point", "coordinates": [ -89.79653, 31.915843 ] } },
{ "type": "Feature", "properties": { "decimalLatitude": 40.183535, "decimalLongitude": -78.588642, "eventDate": "2022-08-19T09:36:30Z", "countryCode": "US" }, "geometry": { "type": "Point", "coordinates": [ -78.588642, 40.183535 ] } },
{ "type": "Feature", "properties": { "decimalLatitude": 38.956089, "decimalLongitude": -75.938325, "eventDate": "2022-08-29T10:11:11Z", "countryCode": "US" }, "geometry": { "type": "Point", "coordinates": [ -75.938325, 38.956089 ] } },
{ "type": "Feature", "properties": { "decimalLatitude": 36.827187, "decimalLongitude": -85.641572, "eventDate": "2022-08-02T16:27:51Z", "countryCode": "US" }, "geometry": { "type": "Point", "coordinates": [ -85.641572, 36.827187 ] } },
{ "type": "Feature", "properties": { "decimalLatitude": 37.961465, "decimalLongitude": -92.768409, "eventDate": "2022-08-13T14:53:00Z", "countryCode": "US" }, "geometry": { "type": "Point", "coordinates": [ -92.768409, 37.961465 ] } },
{ "type": "Feature", "properties": { "decimalLatitude": 39.749299, "decimalLongitude": -86.374873, "eventDate": "2022-08-18T13:28:00Z", "countryCode": "US" }, "geometry": { "type": "Point", "coordinates": [ -86.374873, 39.749299 ] } },
{ "type": "Feature", "properties": { "decimalLatitude": 37.980475, "decimalLongitude": -85.626103, "eventDate": "2022-08-27T16:51:24Z", "countryCode": "US" }, "geometry": { "type": "Point", "coordinates": [ -85.626103, 37.980475 ] } },
{ "type": "Feature", "properties": { "decimalLatitude": 29.772228, "decimalLongitude": -98.858428, "eventDate": "2022-08-06T08:40:00Z", "countryCode": "US" }, "geometry": { "type": "Point", "coordinates": [ -98.858428, 29.772228 ] } },
{ "type": "Feature", "properties": { "decimalLatitude": 29.738765, "decimalLongitude": -98.914046, "eventDate": "2022-08-06T08:40:00Z", "countryCode": "US" }, "geometry": { "type": "Point", "coordinates": [ -98.914046, 29.738765 ] } },
{ "type": "Feature", "properties": { "decimalLatitude": 41.671031, "decimalLongitude": -88.021346, "eventDate": "2022-08-12T17:50:49Z", "countryCode": "US" }, "geometry": { "type": "Point", "coordinates": [ -88.021346, 41.671031 ] } },
{ "type": "Feature", "properties": { "decimalLatitude": 30.471013, "decimalLongitude": -94.34897, "eventDate": "2022-08-27T14:02:59Z", "countryCode": "US" }, "geometry": { "type": "Point", "coordinates": [ -94.34897, 30.471013 ] } },
{ "type": "Feature", "properties": { "decimalLatitude": 38.436722, "decimalLongitude": -78.276345, "eventDate": "2022-08-20T19:07:59Z", "countryCode": "US" }, "geometry": { "type": "Point", "coordinates": [ -78.276345, 38.436722 ] } },
{ "type": "Feature", "properties": { "decimalLatitude": 42.986423, "decimalLongitude": -84.805184, "eventDate": "2022-08-27T14:55:00Z", "countryCode": "US" }, "geometry": { "type": "Point", "coordinates": [ -84.805184, 42.986423 ] } },
{ "type": "Feature", "properties": { "decimalLatitude": 33.354539, "decimalLongitude": -88.882667, "eventDate": "2022-08-13T11:39:00Z", "countryCode": "US" }, "geometry": { "type": "Point", "coordinates": [ -88.882667, 33.354539 ] } },
{ "type": "Feature", "properties": { "decimalLatitude": 36.350158, "decimalLongitude": -93.976896, "eventDate": "2022-08-20T18:56:00Z", "countryCode": "US" }, "geometry": { "type": "Point", "coordinates": [ -93.976896, 36.350158 ] } },
{ "type": "Feature", "properties": { "decimalLatitude": 39.430511, "decimalLongitude": -82.171543, "eventDate": "2022-08-10T10:58:14Z", "countryCode": "US" }, "geometry": { "type": "Point", "coordinates": [ -82.171543, 39.430511 ] } },
{ "type": "Feature", "properties": { "decimalLatitude": 35.982311, "decimalLongitude": -78.557434, "eventDate": "2022-08-08T20:03:00Z", "countryCode": "US" }, "geometry": { "type": "Point", "coordinates": [ -78.557434, 35.982311 ] } },
{ "type": "Feature", "properties": { "decimalLatitude": 40.403978, "decimalLongitude": -83.054086, "eventDate": "2022-08-26T17:16:03Z", "countryCode": "US" }, "geometry": { "type": "Point", "coordinates": [ -83.054086, 40.403978 ] } },
{ "type": "Feature", "properties": { "decimalLatitude": 39.857329, "decimalLongitude": -87.287209, "eventDate": "2022-08-21T00:00:00Z", "countryCode": "US" }, "geometry": { "type": "Point", "coordinates": [ -87.287209, 39.857329 ] } },
{ "type": "Feature", "properties": { "decimalLatitude": 33.857452, "decimalLongitude": -84.279167, "eventDate": "2022-09-03T11:18:39Z", "countryCode": "US" }, "geometry": { "type": "Point", "coordinates": [ -84.279167, 33.857452 ] } },
{ "type": "Feature", "properties": { "decimalLatitude": 35.514465, "decimalLongitude": -91.989791, "eventDate": "2022-09-10T14:28:00Z", "countryCode": "US" }, "geometry": { "type": "Point", "coordinates": [ -91.989791, 35.514465 ] } },
{ "type": "Feature", "properties": { "decimalLatitude": 39.433171, "decimalLongitude": -82.262218, "eventDate": "2022-09-04T17:46:21Z", "countryCode": "US" }, "geometry": { "type": "Point", "coordinates": [ -82.262218, 39.433171 ] } },
{ "type": "Feature", "properties": { "decimalLatitude": 37.550415, "decimalLongitude": -79.804558, "eventDate": "2022-09-07T18:22:04Z", "countryCode": "US" }, "geometry": { "type": "Point", "coordinates": [ -79.804558, 37.550415 ] } },
{ "type": "Feature", "properties": { "decimalLatitude": 31.885819, "decimalLongitude": -86.030583, "eventDate": "2022-09-04T15:18:49Z", "countryCode": "US" }, "geometry": { "type": "Point", "coordinates": [ -86.030583, 31.885819 ] } },
{ "type": "Feature", "properties": { "decimalLatitude": 36.053507, "decimalLongitude": -94.21003, "eventDate": "2022-09-04T16:31:00Z", "countryCode": "US" }, "geometry": { "type": "Point", "coordinates": [ -94.21003, 36.053507 ] } },
{ "type": "Feature", "properties": { "decimalLatitude": 34.177478, "decimalLongitude": -92.005653, "eventDate": "2022-09-21T12:44:06Z", "countryCode": "US" }, "geometry": { "type": "Point", "coordinates": [ -92.005653, 34.177478 ] } },
{ "type": "Feature", "properties": { "decimalLatitude": 31.342549, "decimalLongitude": -84.448455, "eventDate": "2022-09-22T10:45:53Z", "countryCode": "US" }, "geometry": { "type": "Point", "coordinates": [ -84.448455, 31.342549 ] } },
{ "type": "Feature", "properties": { "decimalLatitude": 34.426483, "decimalLongitude": -92.940675, "eventDate": "2022-09-28T15:05:04Z", "countryCode": "US" }, "geometry": { "type": "Point", "coordinates": [ -92.940675, 34.426483 ] } },
{ "type": "Feature", "properties": { "decimalLatitude": 38.873927, "decimalLongitude": -76.55218, "eventDate": "2022-09-29T13:38:31.893Z", "countryCode": "US" }, "geometry": { "type": "Point", "coordinates": [ -76.55218, 38.873927 ] } },
{ "type": "Feature", "properties": { "decimalLatitude": 39.441037, "decimalLongitude": -88.150733, "eventDate": "2022-09-01T14:40:52Z", "countryCode": "US" }, "geometry": { "type": "Point", "coordinates": [ -88.150733, 39.441037 ] } },
{ "type": "Feature", "properties": { "decimalLatitude": 31.918582, "decimalLongitude": -89.792956, "eventDate": "2022-09-21T07:51:47Z", "countryCode": "US" }, "geometry": { "type": "Point", "coordinates": [ -89.792956, 31.918582 ] } },
{ "type": "Feature", "properties": { "decimalLatitude": 35.772268, "decimalLongitude": -79.165575, "eventDate": "2022-09-16T13:39:44Z", "countryCode": "US" }, "geometry": { "type": "Point", "coordinates": [ -79.165575, 35.772268 ] } },
{ "type": "Feature", "properties": { "decimalLatitude": 39.477663, "decimalLongitude": -87.318337, "eventDate": "2022-09-28T14:31:42Z", "countryCode": "US" }, "geometry": { "type": "Point", "coordinates": [ -87.318337, 39.477663 ] } },
{ "type": "Feature", "properties": { "decimalLatitude": 39.585417, "decimalLongitude": -82.576426, "eventDate": "2022-09-25T15:39:34Z", "countryCode": "US" }, "geometry": { "type": "Point", "coordinates": [ -82.576426, 39.585417 ] } },
{ "type": "Feature", "properties": { "decimalLatitude": 29.567001, "decimalLongitude": -81.868659, "eventDate": "2022-10-01T13:27:33Z", "countryCode": "US" }, "geometry": { "type": "Point", "coordinates": [ -81.868659, 29.567001 ] } },
{ "type": "Feature", "properties": { "decimalLatitude": 28.577828, "decimalLongitude": -82.263769, "eventDate": "2022-10-02T12:12:25Z", "countryCode": "US" }, "geometry": { "type": "Point", "coordinates": [ -82.263769, 28.577828 ] } },
{ "type": "Feature", "properties": { "decimalLatitude": 33.40551, "decimalLongitude": -91.563048, "eventDate": "2022-10-01T00:00:00Z", "countryCode": "US" }, "geometry": { "type": "Point", "coordinates": [ -91.563048, 33.40551 ] } },
{ "type": "Feature", "properties": { "decimalLatitude": 37.397021, "decimalLongitude": -88.840979, "eventDate": "2022-10-15T16:12:00Z", "countryCode": "US" }, "geometry": { "type": "Point", "coordinates": [ -88.840979, 37.397021 ] } },
{ "type": "Feature", "properties": { "decimalLatitude": 29.823392, "decimalLongitude": -99.584412, "eventDate": "2022-10-21T11:47:54Z", "countryCode": "US" }, "geometry": { "type": "Point", "coordinates": [ -99.584412, 29.823392 ] } },
{ "type": "Feature", "properties": { "decimalLatitude": 33.578055, "decimalLongitude": -91.966888, "eventDate": "2022-10-12T11:47:41Z", "countryCode": "US" }, "geometry": { "type": "Point", "coordinates": [ -91.966888, 33.578055 ] } },
{ "type": "Feature", "properties": { "decimalLatitude": 37.92038, "decimalLongitude": -88.110344, "eventDate": "2022-10-18T16:38:18Z", "countryCode": "US" }, "geometry": { "type": "Point", "coordinates": [ -88.110344, 37.92038 ] } },
{ "type": "Feature", "properties": { "decimalLatitude": 37.273678, "decimalLongitude": -88.822535, "eventDate": "2022-10-15T15:49:00Z", "countryCode": "US" }, "geometry": { "type": "Point", "coordinates": [ -88.822535, 37.273678 ] } },
{ "type": "Feature", "properties": { "decimalLatitude": 33.490386, "decimalLongitude": -86.281231, "eventDate": "2022-10-29T17:00:06Z", "countryCode": "US" }, "geometry": { "type": "Point", "coordinates": [ -86.281231, 33.490386 ] } },
{ "type": "Feature", "properties": { "decimalLatitude": 39.674826, "decimalLongitude": -82.934437, "eventDate": "2022-10-06T13:05:42Z", "countryCode": "US" }, "geometry": { "type": "Point", "coordinates": [ -82.934437, 39.674826 ] } },
{ "type": "Feature", "properties": { "decimalLatitude": 39.32006, "decimalLongitude": -81.843843, "eventDate": "2022-10-23T17:08:04Z", "countryCode": "US" }, "geometry": { "type": "Point", "coordinates": [ -81.843843, 39.32006 ] } },
{ "type": "Feature", "properties": { "decimalLatitude": 30.558514, "decimalLongitude": -84.846187, "eventDate": "2022-10-20T14:59:12Z", "countryCode": "US" }, "geometry": { "type": "Point", "coordinates": [ -84.846187, 30.558514 ] } },
{ "type": "Feature", "properties": { "decimalLatitude": 28.068361, "decimalLongitude": -82.379936, "eventDate": "2022-11-12T11:43:21Z", "countryCode": "US" }, "geometry": { "type": "Point", "coordinates": [ -82.379936, 28.068361 ] } },
{ "type": "Feature", "properties": { "decimalLatitude": 30.433481, "decimalLongitude": -97.791122, "eventDate": "2022-11-09T12:32:00Z", "countryCode": "US" }, "geometry": { "type": "Point", "coordinates": [ -97.791122, 30.433481 ] } },
{ "type": "Feature", "properties": { "decimalLatitude": 30.301351, "decimalLongitude": -98.244743, "eventDate": "2022-11-27T10:20:00Z", "countryCode": "US" }, "geometry": { "type": "Point", "coordinates": [ -98.244743, 30.301351 ] } },
{ "type": "Feature", "properties": { "decimalLatitude": 30.351875, "decimalLongitude": -97.796201, "eventDate": "2022-11-11T11:30:06Z", "countryCode": "US" }, "geometry": { "type": "Point", "coordinates": [ -97.796201, 30.351875 ] } },
{ "type": "Feature", "properties": { "decimalLatitude": 40.533733, "decimalLongitude": -79.999471, "eventDate": "2022-11-06T10:38:33Z", "countryCode": "US" }, "geometry": { "type": "Point", "coordinates": [ -79.999471, 40.533733 ] } },
{ "type": "Feature", "properties": { "decimalLatitude": 30.037247, "decimalLongitude": -81.87399, "eventDate": "2022-11-05T14:14:44Z", "countryCode": "US" }, "geometry": { "type": "Point", "coordinates": [ -81.87399, 30.037247 ] } },
{ "type": "Feature", "properties": { "decimalLatitude": 28.07443, "decimalLongitude": -82.391812, "eventDate": "2022-12-14T09:52:57Z", "countryCode": "US" }, "geometry": { "type": "Point", "coordinates": [ -82.391812, 28.07443 ] } },
{ "type": "Feature", "properties": { "decimalLatitude": 28.068872, "decimalLongitude": -82.391928, "eventDate": "2022-12-04T11:10:47Z", "countryCode": "US" }, "geometry": { "type": "Point", "coordinates": [ -82.391928, 28.068872 ] } },
{ "type": "Feature", "properties": { "decimalLatitude": 28.78553, "decimalLongitude": -82.584923, "eventDate": "2022-12-10T15:36:52Z", "countryCode": "US" }, "geometry": { "type": "Point", "coordinates": [ -82.584923, 28.78553 ] } },
{ "type": "Feature", "properties": { "decimalLatitude": 28.734455, "decimalLongitude": -82.120767, "eventDate": "2023-01-03T09:34:06Z", "countryCode": "US" }, "geometry": { "type": "Point", "coordinates": [ -82.120767, 28.734455 ] } },
{ "type": "Feature", "properties": { "decimalLatitude": 30.514185, "decimalLongitude": -84.891638, "eventDate": "2023-02-17T11:19:09Z", "countryCode": "US" }, "geometry": { "type": "Point", "coordinates": [ -84.891638, 30.514185 ] } },
{ "type": "Feature", "properties": { "decimalLatitude": 33.452937, "decimalLongitude": -88.784412, "eventDate": "2023-03-11T14:41:17Z", "countryCode": "US" }, "geometry": { "type": "Point", "coordinates": [ -88.784412, 33.452937 ] } },
{ "type": "Feature", "properties": { "decimalLatitude": 30.788536, "decimalLongitude": -91.217246, "eventDate": "2023-03-08T15:30:00Z", "countryCode": "US" }, "geometry": { "type": "Point", "coordinates": [ -91.217246, 30.788536 ] } },
{ "type": "Feature", "properties": { "decimalLatitude": 30.526128, "decimalLongitude": -97.797271, "eventDate": "2023-03-14T14:19:36Z", "countryCode": "US" }, "geometry": { "type": "Point", "coordinates": [ -97.797271, 30.526128 ] } },
{ "type": "Feature", "properties": { "decimalLatitude": 32.624503, "decimalLongitude": -84.94725, "eventDate": "2023-03-28T11:48:56Z", "countryCode": "US" }, "geometry": { "type": "Point", "coordinates": [ -84.94725, 32.624503 ] } },
{ "type": "Feature", "properties": { "decimalLatitude": 30.30851, "decimalLongitude": -98.06314, "eventDate": "2023-03-25T15:32:00Z", "countryCode": "US" }, "geometry": { "type": "Point", "coordinates": [ -98.06314, 30.30851 ] } },
{ "type": "Feature", "properties": { "decimalLatitude": 30.310379, "decimalLongitude": -98.061409, "eventDate": "2023-03-25T14:27:00Z", "countryCode": "US" }, "geometry": { "type": "Point", "coordinates": [ -98.061409, 30.310379 ] } },
{ "type": "Feature", "properties": { "decimalLatitude": 31.706475, "decimalLongitude": -97.585883, "eventDate": "2023-03-22T12:08:09Z", "countryCode": "US" }, "geometry": { "type": "Point", "coordinates": [ -97.585883, 31.706475 ] } },
{ "type": "Feature", "properties": { "decimalLatitude": 30.298951, "decimalLongitude": -98.064034, "eventDate": "2023-03-25T11:11:00Z", "countryCode": "US" }, "geometry": { "type": "Point", "coordinates": [ -98.064034, 30.298951 ] } },
{ "type": "Feature", "properties": { "decimalLatitude": 31.704656, "decimalLongitude": -97.590561, "eventDate": "2023-03-10T16:25:00Z", "countryCode": "US" }, "geometry": { "type": "Point", "coordinates": [ -97.590561, 31.704656 ] } },
{ "type": "Feature", "properties": { "decimalLatitude": 28.462953, "decimalLongitude": -82.134175, "eventDate": "2023-03-18T09:14:02Z", "countryCode": "US" }, "geometry": { "type": "Point", "coordinates": [ -82.134175, 28.462953 ] } },
{ "type": "Feature", "properties": { "decimalLatitude": 30.090445, "decimalLongitude": -83.975569, "eventDate": "2023-03-04T15:40:50Z", "countryCode": "US" }, "geometry": { "type": "Point", "coordinates": [ -83.975569, 30.090445 ] } },
{ "type": "Feature", "properties": { "decimalLatitude": 30.41766, "decimalLongitude": -97.758964, "eventDate": "2023-03-12T21:33:00Z", "countryCode": "US" }, "geometry": { "type": "Point", "coordinates": [ -97.758964, 30.41766 ] } },
{ "type": "Feature", "properties": { "decimalLatitude": 30.700631, "decimalLongitude": -84.967985, "eventDate": "2023-03-05T15:56:31Z", "countryCode": "US" }, "geometry": { "type": "Point", "coordinates": [ -84.967985, 30.700631 ] } },
{ "type": "Feature", "properties": { "decimalLatitude": 31.063469, "decimalLongitude": -93.676665, "eventDate": "2023-03-07T16:59:09Z", "countryCode": "US" }, "geometry": { "type": "Point", "coordinates": [ -93.676665, 31.063469 ] } },
{ "type": "Feature", "properties": { "decimalLatitude": 30.9144, "decimalLongitude": -91.57054, "eventDate": "2023-03-12T10:54:04Z", "countryCode": "US" }, "geometry": { "type": "Point", "coordinates": [ -91.57054, 30.9144 ] } },
{ "type": "Feature", "properties": { "decimalLatitude": 30.436576, "decimalLongitude": -84.858824, "eventDate": "2023-03-22T10:32:41Z", "countryCode": "US" }, "geometry": { "type": "Point", "coordinates": [ -84.858824, 30.436576 ] } },
{ "type": "Feature", "properties": { "decimalLatitude": 34.655632, "decimalLongitude": -86.412052, "eventDate": "2023-04-02T00:00:00Z", "countryCode": "US" }, "geometry": { "type": "Point", "coordinates": [ -86.412052, 34.655632 ] } },
{ "type": "Feature", "properties": { "decimalLatitude": 31.073683, "decimalLongitude": -90.213137, "eventDate": "2023-04-03T09:41:43Z", "countryCode": "US" }, "geometry": { "type": "Point", "coordinates": [ -90.213137, 31.073683 ] } },
{ "type": "Feature", "properties": { "decimalLatitude": 30.270095, "decimalLongitude": -97.832367, "eventDate": "2023-04-02T12:46:09Z", "countryCode": "US" }, "geometry": { "type": "Point", "coordinates": [ -97.832367, 30.270095 ] } },
{ "type": "Feature", "properties": { "decimalLatitude": 29.708796, "decimalLongitude": -98.892218, "eventDate": "2023-04-08T13:53:00Z", "countryCode": "US" }, "geometry": { "type": "Point", "coordinates": [ -98.892218, 29.708796 ] } },
{ "type": "Feature", "properties": { "decimalLatitude": 31.203686, "decimalLongitude": -92.576013, "eventDate": "2023-04-01T13:23:01Z", "countryCode": "US" }, "geometry": { "type": "Point", "coordinates": [ -92.576013, 31.203686 ] } },
{ "type": "Feature", "properties": { "decimalLatitude": 33.004613, "decimalLongitude": -87.12268, "eventDate": "2023-04-07T12:12:16Z", "countryCode": "US" }, "geometry": { "type": "Point", "coordinates": [ -87.12268, 33.004613 ] } },
{ "type": "Feature", "properties": { "decimalLatitude": 32.881921, "decimalLongitude": -88.810512, "eventDate": "2023-04-08T13:10:12Z", "countryCode": "US" }, "geometry": { "type": "Point", "coordinates": [ -88.810512, 32.881921 ] } },
{ "type": "Feature", "properties": { "decimalLatitude": 30.617844, "decimalLongitude": -98.073811, "eventDate": "2023-04-05T13:03:00Z", "countryCode": "US" }, "geometry": { "type": "Point", "coordinates": [ -98.073811, 30.617844 ] } },
{ "type": "Feature", "properties": { "decimalLatitude": 30.681424, "decimalLongitude": -98.016893, "eventDate": "2023-04-05T12:59:00Z", "countryCode": "US" }, "geometry": { "type": "Point", "coordinates": [ -98.016893, 30.681424 ] } },
{ "type": "Feature", "properties": { "decimalLatitude": 33.750988, "decimalLongitude": -83.284583, "eventDate": "2023-04-09T17:54:00Z", "countryCode": "US" }, "geometry": { "type": "Point", "coordinates": [ -83.284583, 33.750988 ] } },
{ "type": "Feature", "properties": { "decimalLatitude": 33.85, "decimalLongitude": -86.57, "eventDate": "2023-04-06T13:11:10Z", "countryCode": "US" }, "geometry": { "type": "Point", "coordinates": [ -86.57, 33.85 ] } },
{ "type": "Feature", "properties": { "decimalLatitude": 35.896933, "decimalLongitude": -79.031919, "eventDate": "2023-04-10T14:53:50Z", "countryCode": "US" }, "geometry": { "type": "Point", "coordinates": [ -79.031919, 35.896933 ] } },
{ "type": "Feature", "properties": { "decimalLatitude": 31.918533, "decimalLongitude": -89.793721, "eventDate": "2023-04-12T14:41:27Z", "countryCode": "US" }, "geometry": { "type": "Point", "coordinates": [ -89.793721, 31.918533 ] } },
{ "type": "Feature", "properties": { "decimalLatitude": 33.877781, "decimalLongitude": -86.571419, "eventDate": "2023-04-09T17:45:36Z", "countryCode": "US" }, "geometry": { "type": "Point", "coordinates": [ -86.571419, 33.877781 ] } },
{ "type": "Feature", "properties": { "decimalLatitude": 35.353864, "decimalLongitude": -80.098869, "eventDate": "2023-04-15T11:18:34Z", "countryCode": "US" }, "geometry": { "type": "Point", "coordinates": [ -80.098869, 35.353864 ] } },
{ "type": "Feature", "properties": { "decimalLatitude": 32.400891, "decimalLongitude": -95.543124, "eventDate": "2023-04-14T12:06:00Z", "countryCode": "US" }, "geometry": { "type": "Point", "coordinates": [ -95.543124, 32.400891 ] } },
{ "type": "Feature", "properties": { "decimalLatitude": 32.854256, "decimalLongitude": -88.247563, "eventDate": "2023-04-12T14:06:00Z", "countryCode": "US" }, "geometry": { "type": "Point", "coordinates": [ -88.247563, 32.854256 ] } },
{ "type": "Feature", "properties": { "decimalLatitude": 34.818367, "decimalLongitude": -92.896018, "eventDate": "2023-04-13T09:50:00Z", "countryCode": "US" }, "geometry": { "type": "Point", "coordinates": [ -92.896018, 34.818367 ] } },
{ "type": "Feature", "properties": { "decimalLatitude": 37.508494, "decimalLongitude": -88.42211, "eventDate": "2023-04-20T12:20:00Z", "countryCode": "US" }, "geometry": { "type": "Point", "coordinates": [ -88.42211, 37.508494 ] } },
{ "type": "Feature", "properties": { "decimalLatitude": 37.653436, "decimalLongitude": -88.237625, "eventDate": "2023-04-22T06:49:00Z", "countryCode": "US" }, "geometry": { "type": "Point", "coordinates": [ -88.237625, 37.653436 ] } },
{ "type": "Feature", "properties": { "decimalLatitude": 37.70211, "decimalLongitude": -88.244433, "eventDate": "2023-04-22T11:57:00Z", "countryCode": "US" }, "geometry": { "type": "Point", "coordinates": [ -88.244433, 37.70211 ] } },
{ "type": "Feature", "properties": { "decimalLatitude": 29.512684, "decimalLongitude": -98.577812, "eventDate": "2023-04-20T10:16:21Z", "countryCode": "US" }, "geometry": { "type": "Point", "coordinates": [ -98.577812, 29.512684 ] } },
{ "type": "Feature", "properties": { "decimalLatitude": 30.492572, "decimalLongitude": -97.616025, "eventDate": "2023-04-23T12:20:58Z", "countryCode": "US" }, "geometry": { "type": "Point", "coordinates": [ -97.616025, 30.492572 ] } },
{ "type": "Feature", "properties": { "decimalLatitude": 37.360737, "decimalLongitude": -89.228285, "eventDate": "2023-04-23T12:02:00Z", "countryCode": "US" }, "geometry": { "type": "Point", "coordinates": [ -89.228285, 37.360737 ] } },
{ "type": "Feature", "properties": { "decimalLatitude": 34.994137, "decimalLongitude": -80.078803, "eventDate": "2023-04-17T13:02:12Z", "countryCode": "US" }, "geometry": { "type": "Point", "coordinates": [ -80.078803, 34.994137 ] } },
{ "type": "Feature", "properties": { "decimalLatitude": 33.945928, "decimalLongitude": -81.057425, "eventDate": "2023-04-27T11:56:29Z", "countryCode": "US" }, "geometry": { "type": "Point", "coordinates": [ -81.057425, 33.945928 ] } },
{ "type": "Feature", "properties": { "decimalLatitude": 35.828586, "decimalLongitude": -79.058049, "eventDate": "2023-04-28T11:02:19Z", "countryCode": "US" }, "geometry": { "type": "Point", "coordinates": [ -79.058049, 35.828586 ] } },
{ "type": "Feature", "properties": { "decimalLatitude": 31.918238, "decimalLongitude": -89.79337, "eventDate": "2023-04-26T13:15:46Z", "countryCode": "US" }, "geometry": { "type": "Point", "coordinates": [ -89.79337, 31.918238 ] } },
{ "type": "Feature", "properties": { "decimalLatitude": 36.061701, "decimalLongitude": -79.149172, "eventDate": "2023-04-29T18:29:12Z", "countryCode": "US" }, "geometry": { "type": "Point", "coordinates": [ -79.149172, 36.061701 ] } },
{ "type": "Feature", "properties": { "decimalLatitude": 36.061773, "decimalLongitude": -94.185627, "eventDate": "2023-04-28T14:05:00Z", "countryCode": "US" }, "geometry": { "type": "Point", "coordinates": [ -94.185627, 36.061773 ] } },
{ "type": "Feature", "properties": { "decimalLatitude": 35.92859, "decimalLongitude": -78.966243, "eventDate": "2023-04-28T18:06:38Z", "countryCode": "US" }, "geometry": { "type": "Point", "coordinates": [ -78.966243, 35.92859 ] } },
{ "type": "Feature", "properties": { "decimalLatitude": 30.786784, "decimalLongitude": -91.217633, "eventDate": "2023-04-30T13:47:53Z", "countryCode": "US" }, "geometry": { "type": "Point", "coordinates": [ -91.217633, 30.786784 ] } },
{ "type": "Feature", "properties": { "decimalLatitude": 34.202637, "decimalLongitude": -82.293083, "eventDate": "2023-04-29T15:39:48Z", "countryCode": "US" }, "geometry": { "type": "Point", "coordinates": [ -82.293083, 34.202637 ] } },
{ "type": "Feature", "properties": { "decimalLatitude": 30.205916, "decimalLongitude": -98.246226, "eventDate": "2023-04-29T15:58:00Z", "countryCode": "US" }, "geometry": { "type": "Point", "coordinates": [ -98.246226, 30.205916 ] } },
{ "type": "Feature", "properties": { "decimalLatitude": 35.99505, "decimalLongitude": -94.131939, "eventDate": "2023-04-30T10:06:51Z", "countryCode": "US" }, "geometry": { "type": "Point", "coordinates": [ -94.131939, 35.99505 ] } },
{ "type": "Feature", "properties": { "decimalLatitude": 37.70427, "decimalLongitude": -77.899671, "eventDate": "2023-04-30T17:41:00Z", "countryCode": "US" }, "geometry": { "type": "Point", "coordinates": [ -77.899671, 37.70427 ] } },
{ "type": "Feature", "properties": { "decimalLatitude": 35.147342, "decimalLongitude": -90.724097, "eventDate": "2023-04-23T00:00:00Z", "countryCode": "US" }, "geometry": { "type": "Point", "coordinates": [ -90.724097, 35.147342 ] } },
{ "type": "Feature", "properties": { "decimalLatitude": 30.822219, "decimalLongitude": -91.264585, "eventDate": "2023-04-29T11:20:21Z", "countryCode": "US" }, "geometry": { "type": "Point", "coordinates": [ -91.264585, 30.822219 ] } },
{ "type": "Feature", "properties": { "decimalLatitude": 36.062078, "decimalLongitude": -79.147553, "eventDate": "2023-04-29T18:41:54Z", "countryCode": "US" }, "geometry": { "type": "Point", "coordinates": [ -79.147553, 36.062078 ] } },
{ "type": "Feature", "properties": { "decimalLatitude": 35.884033, "decimalLongitude": -79.125639, "eventDate": "2023-04-30T18:40:37Z", "countryCode": "US" }, "geometry": { "type": "Point", "coordinates": [ -79.125639, 35.884033 ] } },
{ "type": "Feature", "properties": { "decimalLatitude": 34.597915, "decimalLongitude": -90.626904, "eventDate": "2023-04-22T00:00:00Z", "countryCode": "US" }, "geometry": { "type": "Point", "coordinates": [ -90.626904, 34.597915 ] } },
{ "type": "Feature", "properties": { "decimalLatitude": 34.7515, "decimalLongitude": -86.539908, "eventDate": "2023-04-16T18:37:48Z", "countryCode": "US" }, "geometry": { "type": "Point", "coordinates": [ -86.539908, 34.7515 ] } },
{ "type": "Feature", "properties": { "decimalLatitude": 34.0878, "decimalLongitude": -85.437897, "eventDate": "2023-04-30T19:30:51Z", "countryCode": "US" }, "geometry": { "type": "Point", "coordinates": [ -85.437897, 34.0878 ] } },
{ "type": "Feature", "properties": { "decimalLatitude": 38.216278, "decimalLongitude": -78.337509, "eventDate": "2023-04-30T14:58:31Z", "countryCode": "US" }, "geometry": { "type": "Point", "coordinates": [ -78.337509, 38.216278 ] } },
{ "type": "Feature", "properties": { "decimalLatitude": 35.151333, "decimalLongitude": -90.731125, "eventDate": "2023-04-23T00:00:00Z", "countryCode": "US" }, "geometry": { "type": "Point", "coordinates": [ -90.731125, 35.151333 ] } },
{ "type": "Feature", "properties": { "decimalLatitude": 37.726925, "decimalLongitude": -88.244832, "eventDate": "2023-04-22T11:57:40Z", "countryCode": "US" }, "geometry": { "type": "Point", "coordinates": [ -88.244832, 37.726925 ] } },
{ "type": "Feature", "properties": { "decimalLatitude": 33.251798, "decimalLongitude": -87.517779, "eventDate": "2023-04-23T17:06:58Z", "countryCode": "US" }, "geometry": { "type": "Point", "coordinates": [ -87.517779, 33.251798 ] } },
{ "type": "Feature", "properties": { "decimalLatitude": 34.624823, "decimalLongitude": -90.657075, "eventDate": "2023-04-22T00:00:00Z", "countryCode": "US" }, "geometry": { "type": "Point", "coordinates": [ -90.657075, 34.624823 ] } },
{ "type": "Feature", "properties": { "decimalLatitude": 38.11135, "decimalLongitude": -92.673093, "eventDate": "2023-04-21T14:21:52Z", "countryCode": "US" }, "geometry": { "type": "Point", "coordinates": [ -92.673093, 38.11135 ] } },
{ "type": "Feature", "properties": { "decimalLatitude": 34.836503, "decimalLongitude": -92.478967, "eventDate": "2023-04-29T11:58:28Z", "countryCode": "US" }, "geometry": { "type": "Point", "coordinates": [ -92.478967, 34.836503 ] } },
{ "type": "Feature", "properties": { "decimalLatitude": 35.354042, "decimalLongitude": -80.098633, "eventDate": "2023-04-15T11:13:35Z", "countryCode": "US" }, "geometry": { "type": "Point", "coordinates": [ -80.098633, 35.354042 ] } },
{ "type": "Feature", "properties": { "decimalLatitude": 33.250698, "decimalLongitude": -87.51694, "eventDate": "2023-04-23T17:02:42Z", "countryCode": "US" }, "geometry": { "type": "Point", "coordinates": [ -87.51694, 33.250698 ] } },
{ "type": "Feature", "properties": { "decimalLatitude": 29.82018, "decimalLongitude": -99.579689, "eventDate": "2023-04-16T12:47:12Z", "countryCode": "US" }, "geometry": { "type": "Point", "coordinates": [ -99.579689, 29.82018 ] } },
{ "type": "Feature", "properties": { "decimalLatitude": 37.531982, "decimalLongitude": -88.269905, "eventDate": "2023-04-22T14:49:00Z", "countryCode": "US" }, "geometry": { "type": "Point", "coordinates": [ -88.269905, 37.531982 ] } },
{ "type": "Feature", "properties": { "decimalLatitude": 28.851876, "decimalLongitude": -82.447937, "eventDate": "2023-04-11T09:36:22Z", "countryCode": "US" }, "geometry": { "type": "Point", "coordinates": [ -82.447937, 28.851876 ] } },
{ "type": "Feature", "properties": { "decimalLatitude": 30.822109, "decimalLongitude": -91.264422, "eventDate": "2023-04-29T11:20:06Z", "countryCode": "US" }, "geometry": { "type": "Point", "coordinates": [ -91.264422, 30.822109 ] } },
{ "type": "Feature", "properties": { "decimalLatitude": 28.850199, "decimalLongitude": -82.451007, "eventDate": "2023-04-11T14:31:18Z", "countryCode": "US" }, "geometry": { "type": "Point", "coordinates": [ -82.451007, 28.850199 ] } },
{ "type": "Feature", "properties": { "decimalLatitude": 33.796212, "decimalLongitude": -84.34372, "eventDate": "2023-04-21T10:06:32Z", "countryCode": "US" }, "geometry": { "type": "Point", "coordinates": [ -84.34372, 33.796212 ] } },
{ "type": "Feature", "properties": { "decimalLatitude": 30.38495, "decimalLongitude": -83.167908, "eventDate": "2023-04-30T16:33:48Z", "countryCode": "US" }, "geometry": { "type": "Point", "coordinates": [ -83.167908, 30.38495 ] } },
{ "type": "Feature", "properties": { "decimalLatitude": 39.948413, "decimalLongitude": -86.066911, "eventDate": "2023-04-21T13:56:31Z", "countryCode": "US" }, "geometry": { "type": "Point", "coordinates": [ -86.066911, 39.948413 ] } },
{ "type": "Feature", "properties": { "decimalLatitude": 37.55742, "decimalLongitude": -88.271957, "eventDate": "2023-04-22T14:49:00Z", "countryCode": "US" }, "geometry": { "type": "Point", "coordinates": [ -88.271957, 37.55742 ] } },
{ "type": "Feature", "properties": { "decimalLatitude": 33.227076, "decimalLongitude": -79.51548, "eventDate": "2023-04-06T12:02:47Z", "countryCode": "US" }, "geometry": { "type": "Point", "coordinates": [ -79.51548, 33.227076 ] } },
{ "type": "Feature", "properties": { "decimalLatitude": 33.946163, "decimalLongitude": -81.06733, "eventDate": "2023-04-28T12:03:38Z", "countryCode": "US" }, "geometry": { "type": "Point", "coordinates": [ -81.06733, 33.946163 ] } },
{ "type": "Feature", "properties": { "decimalLatitude": 33.128629, "decimalLongitude": -79.775323, "eventDate": "2023-04-21T10:16:44Z", "countryCode": "US" }, "geometry": { "type": "Point", "coordinates": [ -79.775323, 33.128629 ] } },
{ "type": "Feature", "properties": { "decimalLatitude": 36.04092, "decimalLongitude": -94.184372, "eventDate": "2023-04-27T16:06:51Z", "countryCode": "US" }, "geometry": { "type": "Point", "coordinates": [ -94.184372, 36.04092 ] } },
{ "type": "Feature", "properties": { "decimalLatitude": 34.673953, "decimalLongitude": -83.353528, "eventDate": "2023-04-09T14:51:45Z", "countryCode": "US" }, "geometry": { "type": "Point", "coordinates": [ -83.353528, 34.673953 ] } },
{ "type": "Feature", "properties": { "decimalLatitude": 38.23452, "decimalLongitude": -84.827718, "eventDate": "2023-04-30T12:25:17Z", "countryCode": "US" }, "geometry": { "type": "Point", "coordinates": [ -84.827718, 38.23452 ] } },
{ "type": "Feature", "properties": { "decimalLatitude": 32.483981, "decimalLongitude": -95.292593, "eventDate": "2023-04-16T12:42:29Z", "countryCode": "US" }, "geometry": { "type": "Point", "coordinates": [ -95.292593, 32.483981 ] } },
{ "type": "Feature", "properties": { "decimalLatitude": 34.966428, "decimalLongitude": -80.149703, "eventDate": "2023-05-02T12:26:26Z", "countryCode": "US" }, "geometry": { "type": "Point", "coordinates": [ -80.149703, 34.966428 ] } },
{ "type": "Feature", "properties": { "decimalLatitude": 30.994266, "decimalLongitude": -91.361653, "eventDate": "2023-05-01T18:22:00Z", "countryCode": "US" }, "geometry": { "type": "Point", "coordinates": [ -91.361653, 30.994266 ] } },
{ "type": "Feature", "properties": { "decimalLatitude": 39.298589, "decimalLongitude": -77.792244, "eventDate": "2023-05-01T09:43:00Z", "countryCode": "US" }, "geometry": { "type": "Point", "coordinates": [ -77.792244, 39.298589 ] } },
{ "type": "Feature", "properties": { "decimalLatitude": 30.941017, "decimalLongitude": -91.492224, "eventDate": "2023-05-01T13:27:18Z", "countryCode": "US" }, "geometry": { "type": "Point", "coordinates": [ -91.492224, 30.941017 ] } },
{ "type": "Feature", "properties": { "decimalLatitude": 34.679619, "decimalLongitude": -85.530158, "eventDate": "2023-05-06T18:04:00Z", "countryCode": "US" }, "geometry": { "type": "Point", "coordinates": [ -85.530158, 34.679619 ] } },
{ "type": "Feature", "properties": { "decimalLatitude": 35.870365, "decimalLongitude": -93.75797, "eventDate": "2023-05-07T09:17:00Z", "countryCode": "US" }, "geometry": { "type": "Point", "coordinates": [ -93.75797, 35.870365 ] } },
{ "type": "Feature", "properties": { "decimalLatitude": 37.779593, "decimalLongitude": -76.448105, "eventDate": "2023-05-07T14:24:04Z", "countryCode": "US" }, "geometry": { "type": "Point", "coordinates": [ -76.448105, 37.779593 ] } },
{ "type": "Feature", "properties": { "decimalLatitude": 30.304398, "decimalLongitude": -97.824322, "eventDate": "2023-05-07T12:59:23Z", "countryCode": "US" }, "geometry": { "type": "Point", "coordinates": [ -97.824322, 30.304398 ] } },
{ "type": "Feature", "properties": { "decimalLatitude": 33.433631, "decimalLongitude": -81.275984, "eventDate": "2023-05-07T12:05:00Z", "countryCode": "US" }, "geometry": { "type": "Point", "coordinates": [ -81.275984, 33.433631 ] } },
{ "type": "Feature", "properties": { "decimalLatitude": 34.61602, "decimalLongitude": -93.116397, "eventDate": "2023-05-16T09:20:15Z", "countryCode": "US" }, "geometry": { "type": "Point", "coordinates": [ -93.116397, 34.61602 ] } },
{ "type": "Feature", "properties": { "decimalLatitude": 34.729419, "decimalLongitude": -92.857819, "eventDate": "2023-05-09T11:02:00Z", "countryCode": "US" }, "geometry": { "type": "Point", "coordinates": [ -92.857819, 34.729419 ] } },
{ "type": "Feature", "properties": { "decimalLatitude": 34.841555, "decimalLongitude": -92.475388, "eventDate": "2023-05-10T18:54:04Z", "countryCode": "US" }, "geometry": { "type": "Point", "coordinates": [ -92.475388, 34.841555 ] } },
{ "type": "Feature", "properties": { "decimalLatitude": 36.356322, "decimalLongitude": -79.182792, "eventDate": "2023-05-13T14:09:21Z", "countryCode": "US" }, "geometry": { "type": "Point", "coordinates": [ -79.182792, 36.356322 ] } },
{ "type": "Feature", "properties": { "decimalLatitude": 39.575997, "decimalLongitude": -84.019021, "eventDate": "2023-05-13T09:43:21Z", "countryCode": "US" }, "geometry": { "type": "Point", "coordinates": [ -84.019021, 39.575997 ] } },
{ "type": "Feature", "properties": { "decimalLatitude": 35.384383, "decimalLongitude": -88.765304, "eventDate": "2023-05-15T10:15:36Z", "countryCode": "US" }, "geometry": { "type": "Point", "coordinates": [ -88.765304, 35.384383 ] } },
{ "type": "Feature", "properties": { "decimalLatitude": 36.924161, "decimalLongitude": -78.513019, "eventDate": "2023-05-13T16:55:02Z", "countryCode": "US" }, "geometry": { "type": "Point", "coordinates": [ -78.513019, 36.924161 ] } },
{ "type": "Feature", "properties": { "decimalLatitude": 37.520717, "decimalLongitude": -78.321084, "eventDate": "2023-05-14T13:13:16Z", "countryCode": "US" }, "geometry": { "type": "Point", "coordinates": [ -78.321084, 37.520717 ] } },
{ "type": "Feature", "properties": { "decimalLatitude": 40.272865, "decimalLongitude": -85.456332, "eventDate": "2023-05-22T15:48:27Z", "countryCode": "US" }, "geometry": { "type": "Point", "coordinates": [ -85.456332, 40.272865 ] } },
{ "type": "Feature", "properties": { "decimalLatitude": 39.728621, "decimalLongitude": -78.1711, "eventDate": "2023-05-17T12:58:43Z", "countryCode": "US" }, "geometry": { "type": "Point", "coordinates": [ -78.1711, 39.728621 ] } },
{ "type": "Feature", "properties": { "decimalLatitude": 39.186483, "decimalLongitude": -86.389902, "eventDate": "2023-05-15T17:54:12Z", "countryCode": "US" }, "geometry": { "type": "Point", "coordinates": [ -86.389902, 39.186483 ] } },
{ "type": "Feature", "properties": { "decimalLatitude": 37.658163, "decimalLongitude": -76.723738, "eventDate": "2023-05-13T10:37:13Z", "countryCode": "US" }, "geometry": { "type": "Point", "coordinates": [ -76.723738, 37.658163 ] } },
{ "type": "Feature", "properties": { "decimalLatitude": 30.385703, "decimalLongitude": -81.498328, "eventDate": "2023-05-13T09:23:57Z", "countryCode": "US" }, "geometry": { "type": "Point", "coordinates": [ -81.498328, 30.385703 ] } },
{ "type": "Feature", "properties": { "decimalLatitude": 30.37682, "decimalLongitude": -97.871205, "eventDate": "2023-05-15T19:19:00Z", "countryCode": "US" }, "geometry": { "type": "Point", "coordinates": [ -97.871205, 30.37682 ] } },
{ "type": "Feature", "properties": { "decimalLatitude": 38.005241, "decimalLongitude": -84.983688, "eventDate": "2023-05-17T14:43:52Z", "countryCode": "US" }, "geometry": { "type": "Point", "coordinates": [ -84.983688, 38.005241 ] } },
{ "type": "Feature", "properties": { "decimalLatitude": 36.319274, "decimalLongitude": -93.969171, "eventDate": "2023-05-20T11:23:40Z", "countryCode": "US" }, "geometry": { "type": "Point", "coordinates": [ -93.969171, 36.319274 ] } },
{ "type": "Feature", "properties": { "decimalLatitude": 34.925909, "decimalLongitude": -86.110922, "eventDate": "2023-05-18T14:24:21Z", "countryCode": "US" }, "geometry": { "type": "Point", "coordinates": [ -86.110922, 34.925909 ] } },
{ "type": "Feature", "properties": { "decimalLatitude": 30.588785, "decimalLongitude": -84.959702, "eventDate": "2023-05-21T12:26:57Z", "countryCode": "US" }, "geometry": { "type": "Point", "coordinates": [ -84.959702, 30.588785 ] } },
{ "type": "Feature", "properties": { "decimalLatitude": 39.185927, "decimalLongitude": -86.380738, "eventDate": "2023-05-07T16:38:19Z", "countryCode": "US" }, "geometry": { "type": "Point", "coordinates": [ -86.380738, 39.185927 ] } },
{ "type": "Feature", "properties": { "decimalLatitude": 36.479537, "decimalLongitude": -90.163541, "eventDate": "2023-05-10T11:35:00Z", "countryCode": "US" }, "geometry": { "type": "Point", "coordinates": [ -90.163541, 36.479537 ] } },
{ "type": "Feature", "properties": { "decimalLatitude": 38.129556, "decimalLongitude": -90.142236, "eventDate": "2023-05-16T12:25:03Z", "countryCode": "US" }, "geometry": { "type": "Point", "coordinates": [ -90.142236, 38.129556 ] } },
{ "type": "Feature", "properties": { "decimalLatitude": 38.12957, "decimalLongitude": -90.14218, "eventDate": "2023-05-18T12:42:08Z", "countryCode": "US" }, "geometry": { "type": "Point", "coordinates": [ -90.14218, 38.12957 ] } },
{ "type": "Feature", "properties": { "decimalLatitude": 39.155988, "decimalLongitude": -86.203913, "eventDate": "2023-05-07T17:29:47Z", "countryCode": "US" }, "geometry": { "type": "Point", "coordinates": [ -86.203913, 39.155988 ] } },
{ "type": "Feature", "properties": { "decimalLatitude": 34.828933, "decimalLongitude": -80.593345, "eventDate": "2023-05-19T16:07:48Z", "countryCode": "US" }, "geometry": { "type": "Point", "coordinates": [ -80.593345, 34.828933 ] } },
{ "type": "Feature", "properties": { "decimalLatitude": 39.246403, "decimalLongitude": -86.186662, "eventDate": "2023-05-18T17:38:42Z", "countryCode": "US" }, "geometry": { "type": "Point", "coordinates": [ -86.186662, 39.246403 ] } },
{ "type": "Feature", "properties": { "decimalLatitude": 37.949244, "decimalLongitude": -78.534061, "eventDate": "2023-05-21T09:17:50Z", "countryCode": "US" }, "geometry": { "type": "Point", "coordinates": [ -78.534061, 37.949244 ] } },
{ "type": "Feature", "properties": { "decimalLatitude": 38.917345, "decimalLongitude": -90.223992, "eventDate": "2023-05-22T10:28:18Z", "countryCode": "US" }, "geometry": { "type": "Point", "coordinates": [ -90.223992, 38.917345 ] } },
{ "type": "Feature", "properties": { "decimalLatitude": 30.185383, "decimalLongitude": -97.722633, "eventDate": "2023-05-22T11:58:44Z", "countryCode": "US" }, "geometry": { "type": "Point", "coordinates": [ -97.722633, 30.185383 ] } },
{ "type": "Feature", "properties": { "decimalLatitude": 30.943503, "decimalLongitude": -93.05296, "eventDate": "2023-05-28T10:28:12Z", "countryCode": "US" }, "geometry": { "type": "Point", "coordinates": [ -93.05296, 30.943503 ] } },
{ "type": "Feature", "properties": { "decimalLatitude": 36.348938, "decimalLongitude": -80.324112, "eventDate": "2023-05-22T11:11:00Z", "countryCode": "US" }, "geometry": { "type": "Point", "coordinates": [ -80.324112, 36.348938 ] } },
{ "type": "Feature", "properties": { "decimalLatitude": 37.599055, "decimalLongitude": -89.24451, "eventDate": "2023-05-28T13:55:54Z", "countryCode": "US" }, "geometry": { "type": "Point", "coordinates": [ -89.24451, 37.599055 ] } },
{ "type": "Feature", "properties": { "decimalLatitude": 34.106258, "decimalLongitude": -84.747141, "eventDate": "2023-05-28T08:38:51Z", "countryCode": "US" }, "geometry": { "type": "Point", "coordinates": [ -84.747141, 34.106258 ] } },
{ "type": "Feature", "properties": { "decimalLatitude": 39.187161, "decimalLongitude": -87.236153, "eventDate": "2023-05-29T13:57:17Z", "countryCode": "US" }, "geometry": { "type": "Point", "coordinates": [ -87.236153, 39.187161 ] } },
{ "type": "Feature", "properties": { "decimalLatitude": 37.603542, "decimalLongitude": -76.646722, "eventDate": "2023-05-25T10:32:12Z", "countryCode": "US" }, "geometry": { "type": "Point", "coordinates": [ -76.646722, 37.603542 ] } },
{ "type": "Feature", "properties": { "decimalLatitude": 35.923757, "decimalLongitude": -79.268008, "eventDate": "2023-05-20T14:59:22Z", "countryCode": "US" }, "geometry": { "type": "Point", "coordinates": [ -79.268008, 35.923757 ] } },
{ "type": "Feature", "properties": { "decimalLatitude": 35.89916, "decimalLongitude": -78.720689, "eventDate": "2023-05-30T13:32:51Z", "countryCode": "US" }, "geometry": { "type": "Point", "coordinates": [ -78.720689, 35.89916 ] } },
{ "type": "Feature", "properties": { "decimalLatitude": 38.995917, "decimalLongitude": -77.248861, "eventDate": "2023-05-28T14:29:35Z", "countryCode": "US" }, "geometry": { "type": "Point", "coordinates": [ -77.248861, 38.995917 ] } },
{ "type": "Feature", "properties": { "decimalLatitude": 35.903795, "decimalLongitude": -79.041878, "eventDate": "2023-05-11T16:01:32Z", "countryCode": "US" }, "geometry": { "type": "Point", "coordinates": [ -79.041878, 35.903795 ] } },
{ "type": "Feature", "properties": { "decimalLatitude": 36.90184, "decimalLongitude": -88.036458, "eventDate": "2023-05-31T15:03:02Z", "countryCode": "US" }, "geometry": { "type": "Point", "coordinates": [ -88.036458, 36.90184 ] } },
{ "type": "Feature", "properties": { "decimalLatitude": 40.929144, "decimalLongitude": -89.453504, "eventDate": "2023-05-19T15:51:00Z", "countryCode": "US" }, "geometry": { "type": "Point", "coordinates": [ -89.453504, 40.929144 ] } },
{ "type": "Feature", "properties": { "decimalLatitude": 36.10555, "decimalLongitude": -79.146805, "eventDate": "2023-05-18T18:09:07Z", "countryCode": "US" }, "geometry": { "type": "Point", "coordinates": [ -79.146805, 36.10555 ] } },
{ "type": "Feature", "properties": { "decimalLatitude": 34.397194, "decimalLongitude": -85.629881, "eventDate": "2023-05-30T13:11:00Z", "countryCode": "US" }, "geometry": { "type": "Point", "coordinates": [ -85.629881, 34.397194 ] } },
{ "type": "Feature", "properties": { "decimalLatitude": 40.388611, "decimalLongitude": -86.887886, "eventDate": "2023-05-15T18:56:38Z", "countryCode": "US" }, "geometry": { "type": "Point", "coordinates": [ -86.887886, 40.388611 ] } },
{ "type": "Feature", "properties": { "decimalLatitude": 36.441751, "decimalLongitude": -92.708902, "eventDate": "2023-05-04T12:09:00Z", "countryCode": "US" }, "geometry": { "type": "Point", "coordinates": [ -92.708902, 36.441751 ] } },
{ "type": "Feature", "properties": { "decimalLatitude": 34.751797, "decimalLongitude": -86.54007, "eventDate": "2023-05-13T15:00:00Z", "countryCode": "US" }, "geometry": { "type": "Point", "coordinates": [ -86.54007, 34.751797 ] } },
{ "type": "Feature", "properties": { "decimalLatitude": 35.651921, "decimalLongitude": -90.931723, "eventDate": "2023-05-25T11:16:00Z", "countryCode": "US" }, "geometry": { "type": "Point", "coordinates": [ -90.931723, 35.651921 ] } },
{ "type": "Feature", "properties": { "decimalLatitude": 34.75173, "decimalLongitude": -86.530512, "eventDate": "2023-05-13T14:14:51Z", "countryCode": "US" }, "geometry": { "type": "Point", "coordinates": [ -86.530512, 34.75173 ] } },
{ "type": "Feature", "properties": { "decimalLatitude": 38.205811, "decimalLongitude": -78.339096, "eventDate": "2023-05-30T16:03:36Z", "countryCode": "US" }, "geometry": { "type": "Point", "coordinates": [ -78.339096, 38.205811 ] } },
{ "type": "Feature", "properties": { "decimalLatitude": 36.513185, "decimalLongitude": -87.924028, "eventDate": "2023-05-12T16:42:00Z", "countryCode": "US" }, "geometry": { "type": "Point", "coordinates": [ -87.924028, 36.513185 ] } },
{ "type": "Feature", "properties": { "decimalLatitude": 31.54756, "decimalLongitude": -95.147828, "eventDate": "2023-05-09T11:04:15Z", "countryCode": "US" }, "geometry": { "type": "Point", "coordinates": [ -95.147828, 31.54756 ] } },
{ "type": "Feature", "properties": { "decimalLatitude": 31.499659, "decimalLongitude": -95.147931, "eventDate": "2023-05-09T11:32:42Z", "countryCode": "US" }, "geometry": { "type": "Point", "coordinates": [ -95.147931, 31.499659 ] } },
{ "type": "Feature", "properties": { "decimalLatitude": 35.959225, "decimalLongitude": -93.512121, "eventDate": "2023-05-17T10:21:53Z", "countryCode": "US" }, "geometry": { "type": "Point", "coordinates": [ -93.512121, 35.959225 ] } },
{ "type": "Feature", "properties": { "decimalLatitude": 35.997743, "decimalLongitude": -94.15894, "eventDate": "2023-05-29T13:57:00Z", "countryCode": "US" }, "geometry": { "type": "Point", "coordinates": [ -94.15894, 35.997743 ] } },
{ "type": "Feature", "properties": { "decimalLatitude": 34.609783, "decimalLongitude": -90.6339, "eventDate": "2023-05-14T00:00:00Z", "countryCode": "US" }, "geometry": { "type": "Point", "coordinates": [ -90.6339, 34.609783 ] } },
{ "type": "Feature", "properties": { "decimalLatitude": 37.092664, "decimalLongitude": -93.402947, "eventDate": "2023-05-09T18:25:50Z", "countryCode": "US" }, "geometry": { "type": "Point", "coordinates": [ -93.402947, 37.092664 ] } },
{ "type": "Feature", "properties": { "decimalLatitude": 36.317161, "decimalLongitude": -93.967149, "eventDate": "2023-05-20T10:01:37Z", "countryCode": "US" }, "geometry": { "type": "Point", "coordinates": [ -93.967149, 36.317161 ] } },
{ "type": "Feature", "properties": { "decimalLatitude": 39.435413, "decimalLongitude": -88.142936, "eventDate": "2023-05-19T14:16:57Z", "countryCode": "US" }, "geometry": { "type": "Point", "coordinates": [ -88.142936, 39.435413 ] } },
{ "type": "Feature", "properties": { "decimalLatitude": 32.908352, "decimalLongitude": -88.310618, "eventDate": "2023-05-01T09:44:00Z", "countryCode": "US" }, "geometry": { "type": "Point", "coordinates": [ -88.310618, 32.908352 ] } },
{ "type": "Feature", "properties": { "decimalLatitude": 36.126931, "decimalLongitude": -78.940613, "eventDate": "2023-05-16T14:49:04Z", "countryCode": "US" }, "geometry": { "type": "Point", "coordinates": [ -78.940613, 36.126931 ] } },
{ "type": "Feature", "properties": { "decimalLatitude": 37.588572, "decimalLongitude": -89.085112, "eventDate": "2023-05-14T13:15:00Z", "countryCode": "US" }, "geometry": { "type": "Point", "coordinates": [ -89.085112, 37.588572 ] } },
{ "type": "Feature", "properties": { "decimalLatitude": 38.97868, "decimalLongitude": -90.541022, "eventDate": "2023-05-09T17:34:47Z", "countryCode": "US" }, "geometry": { "type": "Point", "coordinates": [ -90.541022, 38.97868 ] } },
{ "type": "Feature", "properties": { "decimalLatitude": 38.996284, "decimalLongitude": -77.248979, "eventDate": "2023-05-12T10:17:54Z", "countryCode": "US" }, "geometry": { "type": "Point", "coordinates": [ -77.248979, 38.996284 ] } },
{ "type": "Feature", "properties": { "decimalLatitude": 35.721978, "decimalLongitude": -90.677078, "eventDate": "2023-05-31T15:31:00Z", "countryCode": "US" }, "geometry": { "type": "Point", "coordinates": [ -90.677078, 35.721978 ] } },
{ "type": "Feature", "properties": { "decimalLatitude": 35.899288, "decimalLongitude": -78.720683, "eventDate": "2023-05-22T15:45:42Z", "countryCode": "US" }, "geometry": { "type": "Point", "coordinates": [ -78.720683, 35.899288 ] } },
{ "type": "Feature", "properties": { "decimalLatitude": 31.39827, "decimalLongitude": -85.867578, "eventDate": "2023-05-05T15:46:10Z", "countryCode": "US" }, "geometry": { "type": "Point", "coordinates": [ -85.867578, 31.39827 ] } },
{ "type": "Feature", "properties": { "decimalLatitude": 34.397144, "decimalLongitude": -85.629753, "eventDate": "2023-05-30T13:11:00Z", "countryCode": "US" }, "geometry": { "type": "Point", "coordinates": [ -85.629753, 34.397144 ] } },
{ "type": "Feature", "properties": { "decimalLatitude": 37.345514, "decimalLongitude": -90.83147, "eventDate": "2023-05-29T00:00:00Z", "countryCode": "US" }, "geometry": { "type": "Point", "coordinates": [ -90.83147, 37.345514 ] } },
{ "type": "Feature", "properties": { "decimalLatitude": 36.074939, "decimalLongitude": -86.510108, "eventDate": "2023-05-22T13:41:24Z", "countryCode": "US" }, "geometry": { "type": "Point", "coordinates": [ -86.510108, 36.074939 ] } },
{ "type": "Feature", "properties": { "decimalLatitude": 36.23521, "decimalLongitude": -87.085869, "eventDate": "2023-05-24T18:44:00Z", "countryCode": "US" }, "geometry": { "type": "Point", "coordinates": [ -87.085869, 36.23521 ] } },
{ "type": "Feature", "properties": { "decimalLatitude": 39.075654, "decimalLongitude": -86.392354, "eventDate": "2023-05-12T11:14:00Z", "countryCode": "US" }, "geometry": { "type": "Point", "coordinates": [ -86.392354, 39.075654 ] } },
{ "type": "Feature", "properties": { "decimalLatitude": 39.248275, "decimalLongitude": -86.053326, "eventDate": "2023-05-17T11:05:00Z", "countryCode": "US" }, "geometry": { "type": "Point", "coordinates": [ -86.053326, 39.248275 ] } },
{ "type": "Feature", "properties": { "decimalLatitude": 39.237105, "decimalLongitude": -86.123905, "eventDate": "2023-05-24T11:45:00Z", "countryCode": "US" }, "geometry": { "type": "Point", "coordinates": [ -86.123905, 39.237105 ] } },
{ "type": "Feature", "properties": { "decimalLatitude": 39.228908, "decimalLongitude": -86.119088, "eventDate": "2023-05-25T10:36:00Z", "countryCode": "US" }, "geometry": { "type": "Point", "coordinates": [ -86.119088, 39.228908 ] } },
{ "type": "Feature", "properties": { "decimalLatitude": 31.495904, "decimalLongitude": -92.820816, "eventDate": "2023-05-13T13:31:46Z", "countryCode": "US" }, "geometry": { "type": "Point", "coordinates": [ -92.820816, 31.495904 ] } },
{ "type": "Feature", "properties": { "decimalLatitude": 33.12625, "decimalLongitude": -79.776044, "eventDate": "2023-05-25T12:27:00Z", "countryCode": "US" }, "geometry": { "type": "Point", "coordinates": [ -79.776044, 33.12625 ] } },
{ "type": "Feature", "properties": { "decimalLatitude": 33.252501, "decimalLongitude": -87.517891, "eventDate": "2023-05-21T18:20:50Z", "countryCode": "US" }, "geometry": { "type": "Point", "coordinates": [ -87.517891, 33.252501 ] } },
{ "type": "Feature", "properties": { "decimalLatitude": 31.401097, "decimalLongitude": -85.868583, "eventDate": "2023-05-05T16:56:21Z", "countryCode": "US" }, "geometry": { "type": "Point", "coordinates": [ -85.868583, 31.401097 ] } },
{ "type": "Feature", "properties": { "decimalLatitude": 31.412781, "decimalLongitude": -85.810763, "eventDate": "2023-05-06T10:42:45Z", "countryCode": "US" }, "geometry": { "type": "Point", "coordinates": [ -85.810763, 31.412781 ] } },
{ "type": "Feature", "properties": { "decimalLatitude": 31.292778, "decimalLongitude": -85.373108, "eventDate": "2023-05-05T12:20:31Z", "countryCode": "US" }, "geometry": { "type": "Point", "coordinates": [ -85.373108, 31.292778 ] } },
{ "type": "Feature", "properties": { "decimalLatitude": 33.058743, "decimalLongitude": -87.03447, "eventDate": "2023-05-29T11:07:00Z", "countryCode": "US" }, "geometry": { "type": "Point", "coordinates": [ -87.03447, 33.058743 ] } },
{ "type": "Feature", "properties": { "decimalLatitude": 35.949409, "decimalLongitude": -78.975967, "eventDate": "2023-05-08T00:00:00Z", "countryCode": "US" }, "geometry": { "type": "Point", "coordinates": [ -78.975967, 35.949409 ] } },
{ "type": "Feature", "properties": { "decimalLatitude": 35.689168, "decimalLongitude": -88.013558, "eventDate": "2023-05-19T18:24:46Z", "countryCode": "US" }, "geometry": { "type": "Point", "coordinates": [ -88.013558, 35.689168 ] } },
{ "type": "Feature", "properties": { "decimalLatitude": 34.639992, "decimalLongitude": -82.8307, "eventDate": "2023-05-11T18:24:00Z", "countryCode": "US" }, "geometry": { "type": "Point", "coordinates": [ -82.8307, 34.639992 ] } },
{ "type": "Feature", "properties": { "decimalLatitude": 39.126503, "decimalLongitude": -84.245641, "eventDate": "2023-05-19T14:40:00Z", "countryCode": "US" }, "geometry": { "type": "Point", "coordinates": [ -84.245641, 39.126503 ] } },
{ "type": "Feature", "properties": { "decimalLatitude": 32.646084, "decimalLongitude": -84.954295, "eventDate": "2023-05-12T14:19:41Z", "countryCode": "US" }, "geometry": { "type": "Point", "coordinates": [ -84.954295, 32.646084 ] } },
{ "type": "Feature", "properties": { "decimalLatitude": 39.408849, "decimalLongitude": -84.065178, "eventDate": "2023-05-13T09:44:53Z", "countryCode": "US" }, "geometry": { "type": "Point", "coordinates": [ -84.065178, 39.408849 ] } },
{ "type": "Feature", "properties": { "decimalLatitude": 36.075437, "decimalLongitude": -86.509465, "eventDate": "2023-05-22T12:41:00Z", "countryCode": "US" }, "geometry": { "type": "Point", "coordinates": [ -86.509465, 36.075437 ] } },
{ "type": "Feature", "properties": { "decimalLatitude": 33.126254, "decimalLongitude": -79.776043, "eventDate": "2023-05-25T12:27:08Z", "countryCode": "US" }, "geometry": { "type": "Point", "coordinates": [ -79.776043, 33.126254 ] } },
{ "type": "Feature", "properties": { "decimalLatitude": 36.139159, "decimalLongitude": -87.048631, "eventDate": "2023-05-16T14:50:00Z", "countryCode": "US" }, "geometry": { "type": "Point", "coordinates": [ -87.048631, 36.139159 ] } },
{ "type": "Feature", "properties": { "decimalLatitude": 35.397309, "decimalLongitude": -80.101606, "eventDate": "2023-05-09T17:58:38Z", "countryCode": "US" }, "geometry": { "type": "Point", "coordinates": [ -80.101606, 35.397309 ] } },
{ "type": "Feature", "properties": { "decimalLatitude": 35.858008, "decimalLongitude": -86.298851, "eventDate": "2023-05-06T15:11:00Z", "countryCode": "US" }, "geometry": { "type": "Point", "coordinates": [ -86.298851, 35.858008 ] } },
{ "type": "Feature", "properties": { "decimalLatitude": 38.270177, "decimalLongitude": -81.664696, "eventDate": "2023-05-09T16:14:55Z", "countryCode": "US" }, "geometry": { "type": "Point", "coordinates": [ -81.664696, 38.270177 ] } },
{ "type": "Feature", "properties": { "decimalLatitude": 40.311632, "decimalLongitude": -75.883884, "eventDate": "2023-05-17T13:13:00Z", "countryCode": "US" }, "geometry": { "type": "Point", "coordinates": [ -75.883884, 40.311632 ] } },
{ "type": "Feature", "properties": { "decimalLatitude": 30.598467, "decimalLongitude": -84.877583, "eventDate": "2023-05-05T12:20:34Z", "countryCode": "US" }, "geometry": { "type": "Point", "coordinates": [ -84.877583, 30.598467 ] } },
{ "type": "Feature", "properties": { "decimalLatitude": 34.873363, "decimalLongitude": -86.269161, "eventDate": "2023-05-19T13:40:00Z", "countryCode": "US" }, "geometry": { "type": "Point", "coordinates": [ -86.269161, 34.873363 ] } },
{ "type": "Feature", "properties": { "decimalLatitude": 38.069602, "decimalLongitude": -87.943272, "eventDate": "2023-05-28T00:00:00Z", "countryCode": "US" }, "geometry": { "type": "Point", "coordinates": [ -87.943272, 38.069602 ] } },
{ "type": "Feature", "properties": { "decimalLatitude": 38.865618, "decimalLongitude": -87.381212, "eventDate": "2023-05-30T00:00:00Z", "countryCode": "US" }, "geometry": { "type": "Point", "coordinates": [ -87.381212, 38.865618 ] } },
{ "type": "Feature", "properties": { "decimalLatitude": 30.067255, "decimalLongitude": -95.150497, "eventDate": "2023-05-11T11:01:45Z", "countryCode": "US" }, "geometry": { "type": "Point", "coordinates": [ -95.150497, 30.067255 ] } },
{ "type": "Feature", "properties": { "decimalLatitude": 34.77453, "decimalLongitude": -86.315856, "eventDate": "2023-05-23T12:19:30Z", "countryCode": "US" }, "geometry": { "type": "Point", "coordinates": [ -86.315856, 34.77453 ] } },
{ "type": "Feature", "properties": { "decimalLatitude": 38.714716, "decimalLongitude": -82.765803, "eventDate": "2023-05-31T13:06:00Z", "countryCode": "US" }, "geometry": { "type": "Point", "coordinates": [ -82.765803, 38.714716 ] } },
{ "type": "Feature", "properties": { "decimalLatitude": 37.658312, "decimalLongitude": -76.723795, "eventDate": "2023-05-13T10:35:13Z", "countryCode": "US" }, "geometry": { "type": "Point", "coordinates": [ -76.723795, 37.658312 ] } },
{ "type": "Feature", "properties": { "decimalLatitude": 37.502928, "decimalLongitude": -76.860992, "eventDate": "2023-05-24T13:18:02Z", "countryCode": "US" }, "geometry": { "type": "Point", "coordinates": [ -76.860992, 37.502928 ] } },
{ "type": "Feature", "properties": { "decimalLatitude": 37.779167, "decimalLongitude": -76.448158, "eventDate": "2023-05-07T14:26:24Z", "countryCode": "US" }, "geometry": { "type": "Point", "coordinates": [ -76.448158, 37.779167 ] } },
{ "type": "Feature", "properties": { "decimalLatitude": 40.063485, "decimalLongitude": -87.401955, "eventDate": "2023-05-23T17:08:55Z", "countryCode": "US" }, "geometry": { "type": "Point", "coordinates": [ -87.401955, 40.063485 ] } },
{ "type": "Feature", "properties": { "decimalLatitude": 39.862178, "decimalLongitude": -87.495905, "eventDate": "2023-05-22T15:53:29Z", "countryCode": "US" }, "geometry": { "type": "Point", "coordinates": [ -87.495905, 39.862178 ] } },
{ "type": "Feature", "properties": { "decimalLatitude": 40.160872, "decimalLongitude": -77.961404, "eventDate": "2023-06-02T14:34:00Z", "countryCode": "US" }, "geometry": { "type": "Point", "coordinates": [ -77.961404, 40.160872 ] } },
{ "type": "Feature", "properties": { "decimalLatitude": 30.460171, "decimalLongitude": -97.685584, "eventDate": "2023-06-01T18:54:30Z", "countryCode": "US" }, "geometry": { "type": "Point", "coordinates": [ -97.685584, 30.460171 ] } },
{ "type": "Feature", "properties": { "decimalLatitude": 29.175245, "decimalLongitude": -81.348563, "eventDate": "2023-06-05T11:56:23Z", "countryCode": "US" }, "geometry": { "type": "Point", "coordinates": [ -81.348563, 29.175245 ] } },
{ "type": "Feature", "properties": { "decimalLatitude": 37.568267, "decimalLongitude": -88.485169, "eventDate": "2023-06-03T12:27:08Z", "countryCode": "US" }, "geometry": { "type": "Point", "coordinates": [ -88.485169, 37.568267 ] } },
{ "type": "Feature", "properties": { "decimalLatitude": 39.733417, "decimalLongitude": -78.347286, "eventDate": "2023-06-02T15:17:14Z", "countryCode": "US" }, "geometry": { "type": "Point", "coordinates": [ -78.347286, 39.733417 ] } },
{ "type": "Feature", "properties": { "decimalLatitude": 30.619993, "decimalLongitude": -97.703162, "eventDate": "2023-06-05T20:01:43Z", "countryCode": "US" }, "geometry": { "type": "Point", "coordinates": [ -97.703162, 30.619993 ] } },
{ "type": "Feature", "properties": { "decimalLatitude": 30.962792, "decimalLongitude": -85.6186, "eventDate": "2023-06-05T08:51:51Z", "countryCode": "US" }, "geometry": { "type": "Point", "coordinates": [ -85.6186, 30.962792 ] } },
{ "type": "Feature", "properties": { "decimalLatitude": 36.067058, "decimalLongitude": -94.200481, "eventDate": "2023-06-08T10:55:00Z", "countryCode": "US" }, "geometry": { "type": "Point", "coordinates": [ -94.200481, 36.067058 ] } },
{ "type": "Feature", "properties": { "decimalLatitude": 34.874159, "decimalLongitude": -83.574983, "eventDate": "2023-06-01T14:35:00Z", "countryCode": "US" }, "geometry": { "type": "Point", "coordinates": [ -83.574983, 34.874159 ] } },
{ "type": "Feature", "properties": { "decimalLatitude": 34.328464, "decimalLongitude": -87.779721, "eventDate": "2023-06-08T09:45:43Z", "countryCode": "US" }, "geometry": { "type": "Point", "coordinates": [ -87.779721, 34.328464 ] } },
{ "type": "Feature", "properties": { "decimalLatitude": 28.787406, "decimalLongitude": -82.447258, "eventDate": "2023-06-13T09:42:40Z", "countryCode": "US" }, "geometry": { "type": "Point", "coordinates": [ -82.447258, 28.787406 ] } },
{ "type": "Feature", "properties": { "decimalLatitude": 39.073228, "decimalLongitude": -77.46598, "eventDate": "2023-06-17T13:24:07Z", "countryCode": "US" }, "geometry": { "type": "Point", "coordinates": [ -77.46598, 39.073228 ] } },
{ "type": "Feature", "properties": { "decimalLatitude": 37.735445, "decimalLongitude": -91.870433, "eventDate": "2023-06-16T09:55:38Z", "countryCode": "US" }, "geometry": { "type": "Point", "coordinates": [ -91.870433, 37.735445 ] } },
{ "type": "Feature", "properties": { "decimalLatitude": 29.436528, "decimalLongitude": -98.511445, "eventDate": "2023-06-15T11:40:19Z", "countryCode": "US" }, "geometry": { "type": "Point", "coordinates": [ -98.511445, 29.436528 ] } },
{ "type": "Feature", "properties": { "decimalLatitude": 39.871872, "decimalLongitude": -86.159247, "eventDate": "2023-06-18T16:36:52Z", "countryCode": "US" }, "geometry": { "type": "Point", "coordinates": [ -86.159247, 39.871872 ] } },
{ "type": "Feature", "properties": { "decimalLatitude": 34.881324, "decimalLongitude": -80.130024, "eventDate": "2023-06-18T10:50:11Z", "countryCode": "US" }, "geometry": { "type": "Point", "coordinates": [ -80.130024, 34.881324 ] } },
{ "type": "Feature", "properties": { "decimalLatitude": 34.289574, "decimalLongitude": -94.169715, "eventDate": "2023-06-17T11:40:19Z", "countryCode": "US" }, "geometry": { "type": "Point", "coordinates": [ -94.169715, 34.289574 ] } },
{ "type": "Feature", "properties": { "decimalLatitude": 36.358513, "decimalLongitude": -93.896028, "eventDate": "2023-06-22T17:41:49Z", "countryCode": "US" }, "geometry": { "type": "Point", "coordinates": [ -93.896028, 36.358513 ] } },
{ "type": "Feature", "properties": { "decimalLatitude": 37.233918, "decimalLongitude": -88.95974, "eventDate": "2023-06-26T15:29:49Z", "countryCode": "US" }, "geometry": { "type": "Point", "coordinates": [ -88.95974, 37.233918 ] } },
{ "type": "Feature", "properties": { "decimalLatitude": 39.441567, "decimalLongitude": -88.150405, "eventDate": "2023-06-26T11:56:18Z", "countryCode": "US" }, "geometry": { "type": "Point", "coordinates": [ -88.150405, 39.441567 ] } },
{ "type": "Feature", "properties": { "decimalLatitude": 31.793171, "decimalLongitude": -85.957176, "eventDate": "2023-06-28T09:56:59Z", "countryCode": "US" }, "geometry": { "type": "Point", "coordinates": [ -85.957176, 31.793171 ] } },
{ "type": "Feature", "properties": { "decimalLatitude": 38.793419, "decimalLongitude": -75.975647, "eventDate": "2023-06-30T12:26:00Z", "countryCode": "US" }, "geometry": { "type": "Point", "coordinates": [ -75.975647, 38.793419 ] } },
{ "type": "Feature", "properties": { "decimalLatitude": 39.852925, "decimalLongitude": -87.29123, "eventDate": "2023-06-23T13:57:51Z", "countryCode": "US" }, "geometry": { "type": "Point", "coordinates": [ -87.29123, 39.852925 ] } },
{ "type": "Feature", "properties": { "decimalLatitude": 33.94824, "decimalLongitude": -94.573871, "eventDate": "2023-06-06T07:27:00Z", "countryCode": "US" }, "geometry": { "type": "Point", "coordinates": [ -94.573871, 33.94824 ] } },
{ "type": "Feature", "properties": { "decimalLatitude": 38.727222, "decimalLongitude": -77.082511, "eventDate": "2023-06-07T16:57:33Z", "countryCode": "US" }, "geometry": { "type": "Point", "coordinates": [ -77.082511, 38.727222 ] } },
{ "type": "Feature", "properties": { "decimalLatitude": 37.77952, "decimalLongitude": -76.448212, "eventDate": "2023-06-17T15:43:59Z", "countryCode": "US" }, "geometry": { "type": "Point", "coordinates": [ -76.448212, 37.77952 ] } },
{ "type": "Feature", "properties": { "decimalLatitude": 37.658269, "decimalLongitude": -76.723817, "eventDate": "2023-06-04T15:54:00Z", "countryCode": "US" }, "geometry": { "type": "Point", "coordinates": [ -76.723817, 37.658269 ] } },
{ "type": "Feature", "properties": { "decimalLatitude": 36.501073, "decimalLongitude": -93.842208, "eventDate": "2023-06-14T11:54:42Z", "countryCode": "US" }, "geometry": { "type": "Point", "coordinates": [ -93.842208, 36.501073 ] } },
{ "type": "Feature", "properties": { "decimalLatitude": 33.621844, "decimalLongitude": -84.826452, "eventDate": "2023-06-30T10:23:37Z", "countryCode": "US" }, "geometry": { "type": "Point", "coordinates": [ -84.826452, 33.621844 ] } },
{ "type": "Feature", "properties": { "decimalLatitude": 36.41327, "decimalLongitude": -93.967716, "eventDate": "2023-06-14T11:53:26Z", "countryCode": "US" }, "geometry": { "type": "Point", "coordinates": [ -93.967716, 36.41327 ] } },
{ "type": "Feature", "properties": { "decimalLatitude": 38.52902, "decimalLongitude": -90.571209, "eventDate": "2023-06-08T11:04:02Z", "countryCode": "US" }, "geometry": { "type": "Point", "coordinates": [ -90.571209, 38.52902 ] } },
{ "type": "Feature", "properties": { "decimalLatitude": 29.74878, "decimalLongitude": -98.830875, "eventDate": "2023-06-17T09:23:00Z", "countryCode": "US" }, "geometry": { "type": "Point", "coordinates": [ -98.830875, 29.74878 ] } },
{ "type": "Feature", "properties": { "decimalLatitude": 33.621949, "decimalLongitude": -84.826193, "eventDate": "2023-06-30T10:33:50Z", "countryCode": "US" }, "geometry": { "type": "Point", "coordinates": [ -84.826193, 33.621949 ] } },
{ "type": "Feature", "properties": { "decimalLatitude": 37.821999, "decimalLongitude": -84.644484, "eventDate": "2023-06-18T12:57:22Z", "countryCode": "US" }, "geometry": { "type": "Point", "coordinates": [ -84.644484, 37.821999 ] } },
{ "type": "Feature", "properties": { "decimalLatitude": 40.652161, "decimalLongitude": -89.163173, "eventDate": "2023-06-22T09:55:58Z", "countryCode": "US" }, "geometry": { "type": "Point", "coordinates": [ -89.163173, 40.652161 ] } },
{ "type": "Feature", "properties": { "decimalLatitude": 36.931029, "decimalLongitude": -88.153103, "eventDate": "2023-06-10T07:42:00Z", "countryCode": "US" }, "geometry": { "type": "Point", "coordinates": [ -88.153103, 36.931029 ] } },
{ "type": "Feature", "properties": { "decimalLatitude": 41.623105, "decimalLongitude": -87.896733, "eventDate": "2023-06-09T13:23:00Z", "countryCode": "US" }, "geometry": { "type": "Point", "coordinates": [ -87.896733, 41.623105 ] } },
{ "type": "Feature", "properties": { "decimalLatitude": 39.525122, "decimalLongitude": -85.123166, "eventDate": "2023-06-01T11:01:38Z", "countryCode": "US" }, "geometry": { "type": "Point", "coordinates": [ -85.123166, 39.525122 ] } },
{ "type": "Feature", "properties": { "decimalLatitude": 35.692168, "decimalLongitude": -78.797679, "eventDate": "2023-06-06T21:26:02Z", "countryCode": "US" }, "geometry": { "type": "Point", "coordinates": [ -78.797679, 35.692168 ] } },
{ "type": "Feature", "properties": { "decimalLatitude": 33.759648, "decimalLongitude": -94.540915, "eventDate": "2023-06-05T15:10:00Z", "countryCode": "US" }, "geometry": { "type": "Point", "coordinates": [ -94.540915, 33.759648 ] } },
{ "type": "Feature", "properties": { "decimalLatitude": 34.603195, "decimalLongitude": -94.515659, "eventDate": "2023-06-03T07:58:00Z", "countryCode": "US" }, "geometry": { "type": "Point", "coordinates": [ -94.515659, 34.603195 ] } },
{ "type": "Feature", "properties": { "decimalLatitude": 34.227915, "decimalLongitude": -94.435966, "eventDate": "2023-06-04T16:28:00Z", "countryCode": "US" }, "geometry": { "type": "Point", "coordinates": [ -94.435966, 34.227915 ] } },
{ "type": "Feature", "properties": { "decimalLatitude": 41.135092, "decimalLongitude": -83.640431, "eventDate": "2023-06-19T11:40:00Z", "countryCode": "US" }, "geometry": { "type": "Point", "coordinates": [ -83.640431, 41.135092 ] } },
{ "type": "Feature", "properties": { "decimalLatitude": 35.951405, "decimalLongitude": -78.980645, "eventDate": "2023-06-14T15:26:59Z", "countryCode": "US" }, "geometry": { "type": "Point", "coordinates": [ -78.980645, 35.951405 ] } },
{ "type": "Feature", "properties": { "decimalLatitude": 35.466025, "decimalLongitude": -85.687247, "eventDate": "2023-06-10T14:16:01Z", "countryCode": "US" }, "geometry": { "type": "Point", "coordinates": [ -85.687247, 35.466025 ] } },
{ "type": "Feature", "properties": { "decimalLatitude": 30.199587, "decimalLongitude": -83.924322, "eventDate": "2023-06-17T13:54:03Z", "countryCode": "US" }, "geometry": { "type": "Point", "coordinates": [ -83.924322, 30.199587 ] } },
{ "type": "Feature", "properties": { "decimalLatitude": 29.175267, "decimalLongitude": -81.348555, "eventDate": "2023-06-05T11:56:45Z", "countryCode": "US" }, "geometry": { "type": "Point", "coordinates": [ -81.348555, 29.175267 ] } },
{ "type": "Feature", "properties": { "decimalLatitude": 35.72665, "decimalLongitude": -79.103483, "eventDate": "2023-06-04T12:01:10Z", "countryCode": "US" }, "geometry": { "type": "Point", "coordinates": [ -79.103483, 35.72665 ] } },
{ "type": "Feature", "properties": { "decimalLatitude": 41.230929, "decimalLongitude": -73.449622, "eventDate": "2023-06-10T13:57:21Z", "countryCode": "US" }, "geometry": { "type": "Point", "coordinates": [ -73.449622, 41.230929 ] } },
{ "type": "Feature", "properties": { "decimalLatitude": 35.510205, "decimalLongitude": -80.830802, "eventDate": "2023-06-08T13:21:11Z", "countryCode": "US" }, "geometry": { "type": "Point", "coordinates": [ -80.830802, 35.510205 ] } },
{ "type": "Feature", "properties": { "decimalLatitude": 33.999637, "decimalLongitude": -84.535243, "eventDate": "2023-06-01T15:57:23Z", "countryCode": "US" }, "geometry": { "type": "Point", "coordinates": [ -84.535243, 33.999637 ] } },
{ "type": "Feature", "properties": { "decimalLatitude": 39.406738, "decimalLongitude": -82.11067, "eventDate": "2023-06-06T08:45:50Z", "countryCode": "US" }, "geometry": { "type": "Point", "coordinates": [ -82.11067, 39.406738 ] } },
{ "type": "Feature", "properties": { "decimalLatitude": 35.829322, "decimalLongitude": -78.734305, "eventDate": "2023-06-22T13:42:46Z", "countryCode": "US" }, "geometry": { "type": "Point", "coordinates": [ -78.734305, 35.829322 ] } },
{ "type": "Feature", "properties": { "decimalLatitude": 34.799708, "decimalLongitude": -86.628495, "eventDate": "2023-06-20T12:36:23Z", "countryCode": "US" }, "geometry": { "type": "Point", "coordinates": [ -86.628495, 34.799708 ] } },
{ "type": "Feature", "properties": { "decimalLatitude": 30.898112, "decimalLongitude": -91.342188, "eventDate": "2023-06-03T16:43:07Z", "countryCode": "US" }, "geometry": { "type": "Point", "coordinates": [ -91.342188, 30.898112 ] } },
{ "type": "Feature", "properties": { "decimalLatitude": 40.750285, "decimalLongitude": -84.326444, "eventDate": "2023-06-01T12:02:45Z", "countryCode": "US" }, "geometry": { "type": "Point", "coordinates": [ -84.326444, 40.750285 ] } },
{ "type": "Feature", "properties": { "decimalLatitude": 39.405977, "decimalLongitude": -82.108082, "eventDate": "2023-06-18T15:52:09Z", "countryCode": "US" }, "geometry": { "type": "Point", "coordinates": [ -82.108082, 39.405977 ] } },
{ "type": "Feature", "properties": { "decimalLatitude": 36.23969, "decimalLongitude": -87.096281, "eventDate": "2023-06-21T14:13:00Z", "countryCode": "US" }, "geometry": { "type": "Point", "coordinates": [ -87.096281, 36.23969 ] } },
{ "type": "Feature", "properties": { "decimalLatitude": 40.683695, "decimalLongitude": -84.270535, "eventDate": "2023-06-16T12:20:23Z", "countryCode": "US" }, "geometry": { "type": "Point", "coordinates": [ -84.270535, 40.683695 ] } },
{ "type": "Feature", "properties": { "decimalLatitude": 35.053515, "decimalLongitude": -88.742697, "eventDate": "2023-06-19T10:54:31Z", "countryCode": "US" }, "geometry": { "type": "Point", "coordinates": [ -88.742697, 35.053515 ] } },
{ "type": "Feature", "properties": { "decimalLatitude": 39.7346, "decimalLongitude": -78.580829, "eventDate": "2023-06-15T10:09:38Z", "countryCode": "US" }, "geometry": { "type": "Point", "coordinates": [ -78.580829, 39.7346 ] } },
{ "type": "Feature", "properties": { "decimalLatitude": 35.070661, "decimalLongitude": -79.393277, "eventDate": "2023-06-13T08:30:16Z", "countryCode": "US" }, "geometry": { "type": "Point", "coordinates": [ -79.393277, 35.070661 ] } },
{ "type": "Feature", "properties": { "decimalLatitude": 35.923121, "decimalLongitude": -78.599738, "eventDate": "2023-06-28T11:40:34Z", "countryCode": "US" }, "geometry": { "type": "Point", "coordinates": [ -78.599738, 35.923121 ] } },
{ "type": "Feature", "properties": { "decimalLatitude": 37.876274, "decimalLongitude": -88.052146, "eventDate": "2023-06-29T00:00:00Z", "countryCode": "US" }, "geometry": { "type": "Point", "coordinates": [ -88.052146, 37.876274 ] } },
{ "type": "Feature", "properties": { "decimalLatitude": 40.026775, "decimalLongitude": -87.416619, "eventDate": "2023-06-14T00:00:00Z", "countryCode": "US" }, "geometry": { "type": "Point", "coordinates": [ -87.416619, 40.026775 ] } },
{ "type": "Feature", "properties": { "decimalLatitude": 40.339625, "decimalLongitude": -87.319564, "eventDate": "2023-06-15T00:00:00Z", "countryCode": "US" }, "geometry": { "type": "Point", "coordinates": [ -87.319564, 40.339625 ] } },
{ "type": "Feature", "properties": { "decimalLatitude": 41.291183, "decimalLongitude": -73.527416, "eventDate": "2023-06-10T13:59:00Z", "countryCode": "US" }, "geometry": { "type": "Point", "coordinates": [ -73.527416, 41.291183 ] } },
{ "type": "Feature", "properties": { "decimalLatitude": 42.338506, "decimalLongitude": -83.742987, "eventDate": "2023-06-05T12:23:00Z", "countryCode": "US" }, "geometry": { "type": "Point", "coordinates": [ -83.742987, 42.338506 ] } },
{ "type": "Feature", "properties": { "decimalLatitude": 38.507972, "decimalLongitude": -90.586097, "eventDate": "2023-06-05T11:12:08Z", "countryCode": "US" }, "geometry": { "type": "Point", "coordinates": [ -90.586097, 38.507972 ] } },
{ "type": "Feature", "properties": { "decimalLatitude": 34.871093, "decimalLongitude": -85.42158, "eventDate": "2023-07-03T06:15:00Z", "countryCode": "US" }, "geometry": { "type": "Point", "coordinates": [ -85.42158, 34.871093 ] } },
{ "type": "Feature", "properties": { "decimalLatitude": 34.327352, "decimalLongitude": -91.69646, "eventDate": "2023-07-02T00:00:00Z", "countryCode": "US" }, "geometry": { "type": "Point", "coordinates": [ -91.69646, 34.327352 ] } },
{ "type": "Feature", "properties": { "decimalLatitude": 41.73892, "decimalLongitude": -87.865955, "eventDate": "2023-07-05T12:56:28Z", "countryCode": "US" }, "geometry": { "type": "Point", "coordinates": [ -87.865955, 41.73892 ] } },
{ "type": "Feature", "properties": { "decimalLatitude": 40.685276, "decimalLongitude": -84.366043, "eventDate": "2023-07-06T12:33:19Z", "countryCode": "US" }, "geometry": { "type": "Point", "coordinates": [ -84.366043, 40.685276 ] } },
{ "type": "Feature", "properties": { "decimalLatitude": 36.073, "decimalLongitude": -78.869, "eventDate": "2023-07-06T12:07:00Z", "countryCode": "US" }, "geometry": { "type": "Point", "coordinates": [ -78.869, 36.073 ] } },
{ "type": "Feature", "properties": { "decimalLatitude": 41.793783, "decimalLongitude": -87.859999, "eventDate": "2023-07-05T12:56:21Z", "countryCode": "US" }, "geometry": { "type": "Point", "coordinates": [ -87.859999, 41.793783 ] } },
{ "type": "Feature", "properties": { "decimalLatitude": 37.65777, "decimalLongitude": -89.345839, "eventDate": "2023-07-10T18:24:26Z", "countryCode": "US" }, "geometry": { "type": "Point", "coordinates": [ -89.345839, 37.65777 ] } },
{ "type": "Feature", "properties": { "decimalLatitude": 38.025269, "decimalLongitude": -91.819092, "eventDate": "2023-07-15T11:26:00Z", "countryCode": "US" }, "geometry": { "type": "Point", "coordinates": [ -91.819092, 38.025269 ] } },
{ "type": "Feature", "properties": { "decimalLatitude": 30.497444, "decimalLongitude": -97.800083, "eventDate": "2023-07-13T00:00:00Z", "countryCode": "US" }, "geometry": { "type": "Point", "coordinates": [ -97.800083, 30.497444 ] } },
{ "type": "Feature", "properties": { "decimalLatitude": 33.350985, "decimalLongitude": -91.56585, "eventDate": "2023-07-08T00:00:00Z", "countryCode": "US" }, "geometry": { "type": "Point", "coordinates": [ -91.56585, 33.350985 ] } },
{ "type": "Feature", "properties": { "decimalLatitude": 33.325074, "decimalLongitude": -84.671018, "eventDate": "2023-07-15T15:48:02Z", "countryCode": "US" }, "geometry": { "type": "Point", "coordinates": [ -84.671018, 33.325074 ] } },
{ "type": "Feature", "properties": { "decimalLatitude": 39.289127, "decimalLongitude": -86.733529, "eventDate": "2023-07-18T13:56:00Z", "countryCode": "US" }, "geometry": { "type": "Point", "coordinates": [ -86.733529, 39.289127 ] } },
{ "type": "Feature", "properties": { "decimalLatitude": 39.873789, "decimalLongitude": -86.296203, "eventDate": "2023-07-14T12:11:00Z", "countryCode": "US" }, "geometry": { "type": "Point", "coordinates": [ -86.296203, 39.873789 ] } },
{ "type": "Feature", "properties": { "decimalLatitude": 39.357675, "decimalLongitude": -86.851691, "eventDate": "2023-07-24T10:22:38Z", "countryCode": "US" }, "geometry": { "type": "Point", "coordinates": [ -86.851691, 39.357675 ] } },
{ "type": "Feature", "properties": { "decimalLatitude": 40.007133, "decimalLongitude": -78.430961, "eventDate": "2023-07-18T14:51:46Z", "countryCode": "US" }, "geometry": { "type": "Point", "coordinates": [ -78.430961, 40.007133 ] } },
{ "type": "Feature", "properties": { "decimalLatitude": 38.028992, "decimalLongitude": -91.822975, "eventDate": "2023-07-15T12:06:00Z", "countryCode": "US" }, "geometry": { "type": "Point", "coordinates": [ -91.822975, 38.028992 ] } },
{ "type": "Feature", "properties": { "decimalLatitude": 39.298033, "decimalLongitude": -86.724033, "eventDate": "2023-07-18T13:20:00Z", "countryCode": "US" }, "geometry": { "type": "Point", "coordinates": [ -86.724033, 39.298033 ] } },
{ "type": "Feature", "properties": { "decimalLatitude": 36.501012, "decimalLongitude": -87.012819, "eventDate": "2023-07-18T10:02:00Z", "countryCode": "US" }, "geometry": { "type": "Point", "coordinates": [ -87.012819, 36.501012 ] } },
{ "type": "Feature", "properties": { "decimalLatitude": 37.304434, "decimalLongitude": -88.984849, "eventDate": "2023-07-21T13:38:14Z", "countryCode": "US" }, "geometry": { "type": "Point", "coordinates": [ -88.984849, 37.304434 ] } },
{ "type": "Feature", "properties": { "decimalLatitude": 33.47308, "decimalLongitude": -86.576019, "eventDate": "2023-07-24T18:55:37Z", "countryCode": "US" }, "geometry": { "type": "Point", "coordinates": [ -86.576019, 33.47308 ] } },
{ "type": "Feature", "properties": { "decimalLatitude": 39.186067, "decimalLongitude": -84.54107, "eventDate": "2023-07-25T10:53:04Z", "countryCode": "US" }, "geometry": { "type": "Point", "coordinates": [ -84.54107, 39.186067 ] } },
{ "type": "Feature", "properties": { "decimalLatitude": 37.857801, "decimalLongitude": -81.034869, "eventDate": "2023-07-27T12:27:23Z", "countryCode": "US" }, "geometry": { "type": "Point", "coordinates": [ -81.034869, 37.857801 ] } },
{ "type": "Feature", "properties": { "decimalLatitude": 31.019871, "decimalLongitude": -86.416735, "eventDate": "2023-07-28T15:22:56Z", "countryCode": "US" }, "geometry": { "type": "Point", "coordinates": [ -86.416735, 31.019871 ] } },
{ "type": "Feature", "properties": { "decimalLatitude": 36.015489, "decimalLongitude": -93.385795, "eventDate": "2023-07-31T10:26:15Z", "countryCode": "US" }, "geometry": { "type": "Point", "coordinates": [ -93.385795, 36.015489 ] } },
{ "type": "Feature", "properties": { "decimalLatitude": 30.663708, "decimalLongitude": -97.762627, "eventDate": "2023-07-13T08:16:00Z", "countryCode": "US" }, "geometry": { "type": "Point", "coordinates": [ -97.762627, 30.663708 ] } },
{ "type": "Feature", "properties": { "decimalLatitude": 35.875922, "decimalLongitude": -86.436314, "eventDate": "2023-07-11T15:16:03Z", "countryCode": "US" }, "geometry": { "type": "Point", "coordinates": [ -86.436314, 35.875922 ] } },
{ "type": "Feature", "properties": { "decimalLatitude": 40.02383, "decimalLongitude": -75.217165, "eventDate": "2023-07-01T10:07:21Z", "countryCode": "US" }, "geometry": { "type": "Point", "coordinates": [ -75.217165, 40.02383 ] } },
{ "type": "Feature", "properties": { "decimalLatitude": 39.743494, "decimalLongitude": -91.094486, "eventDate": "2023-07-12T19:18:00Z", "countryCode": "US" }, "geometry": { "type": "Point", "coordinates": [ -91.094486, 39.743494 ] } },
{ "type": "Feature", "properties": { "decimalLatitude": 35.960993, "decimalLongitude": -79.850645, "eventDate": "2023-07-26T11:58:56Z", "countryCode": "US" }, "geometry": { "type": "Point", "coordinates": [ -79.850645, 35.960993 ] } },
{ "type": "Feature", "properties": { "decimalLatitude": 40.491975, "decimalLongitude": -80.397925, "eventDate": "2023-07-21T13:30:06Z", "countryCode": "US" }, "geometry": { "type": "Point", "coordinates": [ -80.397925, 40.491975 ] } },
{ "type": "Feature", "properties": { "decimalLatitude": 40.836945, "decimalLongitude": -77.849663, "eventDate": "2023-07-11T17:59:51Z", "countryCode": "US" }, "geometry": { "type": "Point", "coordinates": [ -77.849663, 40.836945 ] } },
{ "type": "Feature", "properties": { "decimalLatitude": 35.829261, "decimalLongitude": -78.7512, "eventDate": "2023-07-06T13:37:00Z", "countryCode": "US" }, "geometry": { "type": "Point", "coordinates": [ -78.7512, 35.829261 ] } },
{ "type": "Feature", "properties": { "decimalLatitude": 36.040563, "decimalLongitude": -90.665846, "eventDate": "2023-07-20T11:38:00Z", "countryCode": "US" }, "geometry": { "type": "Point", "coordinates": [ -90.665846, 36.040563 ] } },
{ "type": "Feature", "properties": { "decimalLatitude": 35.737817, "decimalLongitude": -80.180853, "eventDate": "2023-07-02T18:58:00Z", "countryCode": "US" }, "geometry": { "type": "Point", "coordinates": [ -80.180853, 35.737817 ] } },
{ "type": "Feature", "properties": { "decimalLatitude": 37.956738, "decimalLongitude": -90.520378, "eventDate": "2023-07-17T12:20:00Z", "countryCode": "US" }, "geometry": { "type": "Point", "coordinates": [ -90.520378, 37.956738 ] } },
{ "type": "Feature", "properties": { "decimalLatitude": 35.885562, "decimalLongitude": -78.717822, "eventDate": "2023-07-17T16:22:21Z", "countryCode": "US" }, "geometry": { "type": "Point", "coordinates": [ -78.717822, 35.885562 ] } },
{ "type": "Feature", "properties": { "decimalLatitude": 37.658192, "decimalLongitude": -76.723822, "eventDate": "2023-07-30T16:23:20Z", "countryCode": "US" }, "geometry": { "type": "Point", "coordinates": [ -76.723822, 37.658192 ] } },
{ "type": "Feature", "properties": { "decimalLatitude": 37.574313, "decimalLongitude": -77.795188, "eventDate": "2023-07-21T19:28:17Z", "countryCode": "US" }, "geometry": { "type": "Point", "coordinates": [ -77.795188, 37.574313 ] } },
{ "type": "Feature", "properties": { "decimalLatitude": 35.057167, "decimalLongitude": -89.538697, "eventDate": "2023-07-10T09:38:01Z", "countryCode": "US" }, "geometry": { "type": "Point", "coordinates": [ -89.538697, 35.057167 ] } },
{ "type": "Feature", "properties": { "decimalLatitude": 33.925584, "decimalLongitude": -83.277593, "eventDate": "2023-07-13T15:22:00Z", "countryCode": "US" }, "geometry": { "type": "Point", "coordinates": [ -83.277593, 33.925584 ] } },
{ "type": "Feature", "properties": { "decimalLatitude": 40.190635, "decimalLongitude": -87.730371, "eventDate": "2023-07-09T14:05:43Z", "countryCode": "US" }, "geometry": { "type": "Point", "coordinates": [ -87.730371, 40.190635 ] } },
{ "type": "Feature", "properties": { "decimalLatitude": 37.417291, "decimalLongitude": -88.01368, "eventDate": "2023-08-02T11:14:06Z", "countryCode": "US" }, "geometry": { "type": "Point", "coordinates": [ -88.01368, 37.417291 ] } },
{ "type": "Feature", "properties": { "decimalLatitude": 35.319317, "decimalLongitude": -89.462439, "eventDate": "2023-08-01T10:00:00Z", "countryCode": "US" }, "geometry": { "type": "Point", "coordinates": [ -89.462439, 35.319317 ] } },
{ "type": "Feature", "properties": { "decimalLatitude": 39.851719, "decimalLongitude": -78.576373, "eventDate": "2023-08-04T15:17:21Z", "countryCode": "US" }, "geometry": { "type": "Point", "coordinates": [ -78.576373, 39.851719 ] } },
{ "type": "Feature", "properties": { "decimalLatitude": 28.693352, "decimalLongitude": -82.429239, "eventDate": "2023-08-08T10:02:52Z", "countryCode": "US" }, "geometry": { "type": "Point", "coordinates": [ -82.429239, 28.693352 ] } },
{ "type": "Feature", "properties": { "decimalLatitude": 35.319303, "decimalLongitude": -89.462447, "eventDate": "2023-08-01T10:00:00Z", "countryCode": "US" }, "geometry": { "type": "Point", "coordinates": [ -89.462447, 35.319303 ] } },
{ "type": "Feature", "properties": { "decimalLatitude": 41.29337, "decimalLongitude": -85.01078, "eventDate": "2023-08-06T14:45:41Z", "countryCode": "US" }, "geometry": { "type": "Point", "coordinates": [ -85.01078, 41.29337 ] } },
{ "type": "Feature", "properties": { "decimalLatitude": 39.858946, "decimalLongitude": -86.29848, "eventDate": "2023-08-01T17:21:00Z", "countryCode": "US" }, "geometry": { "type": "Point", "coordinates": [ -86.29848, 39.858946 ] } },
{ "type": "Feature", "properties": { "decimalLatitude": 37.430531, "decimalLongitude": -88.285731, "eventDate": "2023-08-07T16:02:44Z", "countryCode": "US" }, "geometry": { "type": "Point", "coordinates": [ -88.285731, 37.430531 ] } },
{ "type": "Feature", "properties": { "decimalLatitude": 33.387369, "decimalLongitude": -82.159478, "eventDate": "2023-08-07T13:23:00Z", "countryCode": "US" }, "geometry": { "type": "Point", "coordinates": [ -82.159478, 33.387369 ] } },
{ "type": "Feature", "properties": { "decimalLatitude": 37.661699, "decimalLongitude": -76.728607, "eventDate": "2023-08-01T18:08:52Z", "countryCode": "US" }, "geometry": { "type": "Point", "coordinates": [ -76.728607, 37.661699 ] } },
{ "type": "Feature", "properties": { "decimalLatitude": 39.465785, "decimalLongitude": -82.59517, "eventDate": "2023-08-05T11:29:00Z", "countryCode": "US" }, "geometry": { "type": "Point", "coordinates": [ -82.59517, 39.465785 ] } },
{ "type": "Feature", "properties": { "decimalLatitude": 40.731911, "decimalLongitude": -89.515249, "eventDate": "2023-08-16T13:17:34Z", "countryCode": "US" }, "geometry": { "type": "Point", "coordinates": [ -89.515249, 40.731911 ] } },
{ "type": "Feature", "properties": { "decimalLatitude": 40.504939, "decimalLongitude": -80.363964, "eventDate": "2023-08-03T14:48:49Z", "countryCode": "US" }, "geometry": { "type": "Point", "coordinates": [ -80.363964, 40.504939 ] } },
{ "type": "Feature", "properties": { "decimalLatitude": 29.820372, "decimalLongitude": -99.589152, "eventDate": "2023-08-02T07:15:00Z", "countryCode": "US" }, "geometry": { "type": "Point", "coordinates": [ -99.589152, 29.820372 ] } },
{ "type": "Feature", "properties": { "decimalLatitude": 34.627194, "decimalLongitude": -85.611964, "eventDate": "2023-08-08T16:20:08Z", "countryCode": "US" }, "geometry": { "type": "Point", "coordinates": [ -85.611964, 34.627194 ] } },
{ "type": "Feature", "properties": { "decimalLatitude": 29.6608, "decimalLongitude": -82.372575, "eventDate": "2023-08-22T07:18:43Z", "countryCode": "US" }, "geometry": { "type": "Point", "coordinates": [ -82.372575, 29.6608 ] } },
{ "type": "Feature", "properties": { "decimalLatitude": 35.717257, "decimalLongitude": -90.396554, "eventDate": "2023-08-17T11:11:00Z", "countryCode": "US" }, "geometry": { "type": "Point", "coordinates": [ -90.396554, 35.717257 ] } },
{ "type": "Feature", "properties": { "decimalLatitude": 37.897812, "decimalLongitude": -84.362137, "eventDate": "2023-08-28T09:23:23Z", "countryCode": "US" }, "geometry": { "type": "Point", "coordinates": [ -84.362137, 37.897812 ] } },
{ "type": "Feature", "properties": { "decimalLatitude": 37.57305, "decimalLongitude": -88.575011, "eventDate": "2023-08-27T14:34:23Z", "countryCode": "US" }, "geometry": { "type": "Point", "coordinates": [ -88.575011, 37.57305 ] } },
{ "type": "Feature", "properties": { "decimalLatitude": 39.083931, "decimalLongitude": -86.371272, "eventDate": "2023-08-25T17:30:37Z", "countryCode": "US" }, "geometry": { "type": "Point", "coordinates": [ -86.371272, 39.083931 ] } },
{ "type": "Feature", "properties": { "decimalLatitude": 39.101091, "decimalLongitude": -86.367438, "eventDate": "2023-08-28T17:02:54Z", "countryCode": "US" }, "geometry": { "type": "Point", "coordinates": [ -86.367438, 39.101091 ] } },
{ "type": "Feature", "properties": { "decimalLatitude": 41.004452, "decimalLongitude": -76.04193, "eventDate": "2023-08-31T14:37:26Z", "countryCode": "US" }, "geometry": { "type": "Point", "coordinates": [ -76.04193, 41.004452 ] } },
{ "type": "Feature", "properties": { "decimalLatitude": 38.363572, "decimalLongitude": -78.25853, "eventDate": "2023-08-27T13:59:17Z", "countryCode": "US" }, "geometry": { "type": "Point", "coordinates": [ -78.25853, 38.363572 ] } },
{ "type": "Feature", "properties": { "decimalLatitude": 33.256436, "decimalLongitude": -87.595314, "eventDate": "2023-08-15T08:08:00Z", "countryCode": "US" }, "geometry": { "type": "Point", "coordinates": [ -87.595314, 33.256436 ] } },
{ "type": "Feature", "properties": { "decimalLatitude": 39.16792, "decimalLongitude": -84.560622, "eventDate": "2023-08-10T09:41:31Z", "countryCode": "US" }, "geometry": { "type": "Point", "coordinates": [ -84.560622, 39.16792 ] } },
{ "type": "Feature", "properties": { "decimalLatitude": 40.024364, "decimalLongitude": -77.311158, "eventDate": "2023-08-20T15:58:48Z", "countryCode": "US" }, "geometry": { "type": "Point", "coordinates": [ -77.311158, 40.024364 ] } },
{ "type": "Feature", "properties": { "decimalLatitude": 40.504025, "decimalLongitude": -76.522875, "eventDate": "2023-08-26T10:44:05Z", "countryCode": "US" }, "geometry": { "type": "Point", "coordinates": [ -76.522875, 40.504025 ] } },
{ "type": "Feature", "properties": { "decimalLatitude": 35.957368, "decimalLongitude": -78.740964, "eventDate": "2023-08-19T09:16:47Z", "countryCode": "US" }, "geometry": { "type": "Point", "coordinates": [ -78.740964, 35.957368 ] } },
{ "type": "Feature", "properties": { "decimalLatitude": 34.176022, "decimalLongitude": -87.277341, "eventDate": "2023-08-12T17:32:00Z", "countryCode": "US" }, "geometry": { "type": "Point", "coordinates": [ -87.277341, 34.176022 ] } },
{ "type": "Feature", "properties": { "decimalLatitude": 35.319544, "decimalLongitude": -89.458139, "eventDate": "2023-08-01T00:00:00Z", "countryCode": "US" }, "geometry": { "type": "Point", "coordinates": [ -89.458139, 35.319544 ] } },
{ "type": "Feature", "properties": { "decimalLatitude": 41.54245, "decimalLongitude": -83.565546, "eventDate": "2023-08-05T16:13:00Z", "countryCode": "US" }, "geometry": { "type": "Point", "coordinates": [ -83.565546, 41.54245 ] } },
{ "type": "Feature", "properties": { "decimalLatitude": 41.514361, "decimalLongitude": -72.363244, "eventDate": "2023-08-28T17:58:37Z", "countryCode": "US" }, "geometry": { "type": "Point", "coordinates": [ -72.363244, 41.514361 ] } },
{ "type": "Feature", "properties": { "decimalLatitude": 39.289117, "decimalLongitude": -86.607353, "eventDate": "2023-09-01T13:23:56Z", "countryCode": "US" }, "geometry": { "type": "Point", "coordinates": [ -86.607353, 39.289117 ] } },
{ "type": "Feature", "properties": { "decimalLatitude": 38.476801, "decimalLongitude": -75.979271, "eventDate": "2023-09-01T14:39:51Z", "countryCode": "US" }, "geometry": { "type": "Point", "coordinates": [ -75.979271, 38.476801 ] } },
{ "type": "Feature", "properties": { "decimalLatitude": 37.572989, "decimalLongitude": -77.803177, "eventDate": "2023-09-03T18:19:20Z", "countryCode": "US" }, "geometry": { "type": "Point", "coordinates": [ -77.803177, 37.572989 ] } },
{ "type": "Feature", "properties": { "decimalLatitude": 33.086792, "decimalLongitude": -79.666833, "eventDate": "2023-09-09T15:16:00Z", "countryCode": "US" }, "geometry": { "type": "Point", "coordinates": [ -79.666833, 33.086792 ] } },
{ "type": "Feature", "properties": { "decimalLatitude": 32.596237, "decimalLongitude": -85.880455, "eventDate": "2023-09-10T10:47:16Z", "countryCode": "US" }, "geometry": { "type": "Point", "coordinates": [ -85.880455, 32.596237 ] } },
{ "type": "Feature", "properties": { "decimalLatitude": 30.090576, "decimalLongitude": -83.110474, "eventDate": "2023-09-11T11:31:35Z", "countryCode": "US" }, "geometry": { "type": "Point", "coordinates": [ -83.110474, 30.090576 ] } },
{ "type": "Feature", "properties": { "decimalLatitude": 33.775012, "decimalLongitude": -93.901953, "eventDate": "2023-09-14T10:14:53Z", "countryCode": "US" }, "geometry": { "type": "Point", "coordinates": [ -93.901953, 33.775012 ] } },
{ "type": "Feature", "properties": { "decimalLatitude": 36.135314, "decimalLongitude": -79.159233, "eventDate": "2023-09-15T10:24:26Z", "countryCode": "US" }, "geometry": { "type": "Point", "coordinates": [ -79.159233, 36.135314 ] } },
{ "type": "Feature", "properties": { "decimalLatitude": 37.238617, "decimalLongitude": -88.91748, "eventDate": "2023-09-20T15:43:29Z", "countryCode": "US" }, "geometry": { "type": "Point", "coordinates": [ -88.91748, 37.238617 ] } },
{ "type": "Feature", "properties": { "decimalLatitude": 37.269566, "decimalLongitude": -88.870437, "eventDate": "2023-09-17T10:10:00Z", "countryCode": "US" }, "geometry": { "type": "Point", "coordinates": [ -88.870437, 37.269566 ] } },
{ "type": "Feature", "properties": { "decimalLatitude": 33.321006, "decimalLongitude": -87.538292, "eventDate": "2023-09-12T11:38:00Z", "countryCode": "US" }, "geometry": { "type": "Point", "coordinates": [ -87.538292, 33.321006 ] } },
{ "type": "Feature", "properties": { "decimalLatitude": 34.638172, "decimalLongitude": -90.606217, "eventDate": "2023-09-10T00:00:00Z", "countryCode": "US" }, "geometry": { "type": "Point", "coordinates": [ -90.606217, 34.638172 ] } },
{ "type": "Feature", "properties": { "decimalLatitude": 32.545575, "decimalLongitude": -85.484597, "eventDate": "2023-09-10T13:07:06Z", "countryCode": "US" }, "geometry": { "type": "Point", "coordinates": [ -85.484597, 32.545575 ] } },
{ "type": "Feature", "properties": { "decimalLatitude": 31.117136, "decimalLongitude": -83.575378, "eventDate": "2023-09-27T19:04:53Z", "countryCode": "US" }, "geometry": { "type": "Point", "coordinates": [ -83.575378, 31.117136 ] } },
{ "type": "Feature", "properties": { "decimalLatitude": 41.266363, "decimalLongitude": -85.480308, "eventDate": "2023-09-24T10:47:19Z", "countryCode": "US" }, "geometry": { "type": "Point", "coordinates": [ -85.480308, 41.266363 ] } },
{ "type": "Feature", "properties": { "decimalLatitude": 35.269017, "decimalLongitude": -82.446869, "eventDate": "2023-09-12T14:32:00Z", "countryCode": "US" }, "geometry": { "type": "Point", "coordinates": [ -82.446869, 35.269017 ] } },
{ "type": "Feature", "properties": { "decimalLatitude": 35.164664, "decimalLongitude": -90.716279, "eventDate": "2023-09-09T12:36:00Z", "countryCode": "US" }, "geometry": { "type": "Point", "coordinates": [ -90.716279, 35.164664 ] } },
{ "type": "Feature", "properties": { "decimalLatitude": 36.929176, "decimalLongitude": -89.056465, "eventDate": "2023-09-18T14:24:49Z", "countryCode": "US" }, "geometry": { "type": "Point", "coordinates": [ -89.056465, 36.929176 ] } },
{ "type": "Feature", "properties": { "decimalLatitude": 39.04805, "decimalLongitude": -84.097414, "eventDate": "2023-09-15T07:41:00Z", "countryCode": "US" }, "geometry": { "type": "Point", "coordinates": [ -84.097414, 39.04805 ] } },
{ "type": "Feature", "properties": { "decimalLatitude": 38.989923, "decimalLongitude": -76.895551, "eventDate": "2023-09-17T08:34:00Z", "countryCode": "US" }, "geometry": { "type": "Point", "coordinates": [ -76.895551, 38.989923 ] } },
{ "type": "Feature", "properties": { "decimalLatitude": 38.438912, "decimalLongitude": -78.280997, "eventDate": "2023-09-26T09:28:37Z", "countryCode": "US" }, "geometry": { "type": "Point", "coordinates": [ -78.280997, 38.438912 ] } },
{ "type": "Feature", "properties": { "decimalLatitude": 33.08675, "decimalLongitude": -79.667114, "eventDate": "2023-09-09T15:09:00Z", "countryCode": "US" }, "geometry": { "type": "Point", "coordinates": [ -79.667114, 33.08675 ] } },
{ "type": "Feature", "properties": { "decimalLatitude": 32.855335, "decimalLongitude": -87.66841, "eventDate": "2023-09-30T16:25:20Z", "countryCode": "US" }, "geometry": { "type": "Point", "coordinates": [ -87.66841, 32.855335 ] } },
{ "type": "Feature", "properties": { "decimalLatitude": 30.558278, "decimalLongitude": -94.336892, "eventDate": "2023-09-30T14:39:59Z", "countryCode": "US" }, "geometry": { "type": "Point", "coordinates": [ -94.336892, 30.558278 ] } },
{ "type": "Feature", "properties": { "decimalLatitude": 40.82761, "decimalLongitude": -73.809453, "eventDate": "2023-09-16T15:34:42Z", "countryCode": "US" }, "geometry": { "type": "Point", "coordinates": [ -73.809453, 40.82761 ] } },
{ "type": "Feature", "properties": { "decimalLatitude": 39.032628, "decimalLongitude": -86.340783, "eventDate": "2023-10-06T15:18:04Z", "countryCode": "US" }, "geometry": { "type": "Point", "coordinates": [ -86.340783, 39.032628 ] } },
{ "type": "Feature", "properties": { "decimalLatitude": 38.75828, "decimalLongitude": -77.115105, "eventDate": "2023-10-01T12:18:07Z", "countryCode": "US" }, "geometry": { "type": "Point", "coordinates": [ -77.115105, 38.75828 ] } },
{ "type": "Feature", "properties": { "decimalLatitude": 37.347797, "decimalLongitude": -88.936371, "eventDate": "2023-10-08T14:13:00Z", "countryCode": "US" }, "geometry": { "type": "Point", "coordinates": [ -88.936371, 37.347797 ] } },
{ "type": "Feature", "properties": { "decimalLatitude": 35.047935, "decimalLongitude": -89.271672, "eventDate": "2023-10-06T11:20:21Z", "countryCode": "US" }, "geometry": { "type": "Point", "coordinates": [ -89.271672, 35.047935 ] } },
{ "type": "Feature", "properties": { "decimalLatitude": 33.364505, "decimalLongitude": -79.831893, "eventDate": "2023-10-16T11:47:42Z", "countryCode": "US" }, "geometry": { "type": "Point", "coordinates": [ -79.831893, 33.364505 ] } },
{ "type": "Feature", "properties": { "decimalLatitude": 32.262812, "decimalLongitude": -93.942803, "eventDate": "2023-10-20T17:59:06Z", "countryCode": "US" }, "geometry": { "type": "Point", "coordinates": [ -93.942803, 32.262812 ] } },
{ "type": "Feature", "properties": { "decimalLatitude": 37.318468, "decimalLongitude": -88.875769, "eventDate": "2023-10-14T18:20:00Z", "countryCode": "US" }, "geometry": { "type": "Point", "coordinates": [ -88.875769, 37.318468 ] } },
{ "type": "Feature", "properties": { "decimalLatitude": 37.105976, "decimalLongitude": -88.475945, "eventDate": "2023-10-18T12:07:55Z", "countryCode": "US" }, "geometry": { "type": "Point", "coordinates": [ -88.475945, 37.105976 ] } },
{ "type": "Feature", "properties": { "decimalLatitude": 39.075801, "decimalLongitude": -86.203503, "eventDate": "2023-10-20T12:36:02Z", "countryCode": "US" }, "geometry": { "type": "Point", "coordinates": [ -86.203503, 39.075801 ] } },
{ "type": "Feature", "properties": { "decimalLatitude": 36.059867, "decimalLongitude": -79.14785, "eventDate": "2023-10-29T11:41:00Z", "countryCode": "US" }, "geometry": { "type": "Point", "coordinates": [ -79.14785, 36.059867 ] } },
{ "type": "Feature", "properties": { "decimalLatitude": 30.366003, "decimalLongitude": -97.786227, "eventDate": "2023-10-17T20:36:00Z", "countryCode": "US" }, "geometry": { "type": "Point", "coordinates": [ -97.786227, 30.366003 ] } },
{ "type": "Feature", "properties": { "decimalLatitude": 30.580913, "decimalLongitude": -94.378344, "eventDate": "2023-10-28T08:04:00Z", "countryCode": "US" }, "geometry": { "type": "Point", "coordinates": [ -94.378344, 30.580913 ] } },
{ "type": "Feature", "properties": { "decimalLatitude": 33.169559, "decimalLongitude": -79.524469, "eventDate": "2023-10-26T10:08:20Z", "countryCode": "US" }, "geometry": { "type": "Point", "coordinates": [ -79.524469, 33.169559 ] } },
{ "type": "Feature", "properties": { "decimalLatitude": 31.885402, "decimalLongitude": -86.030854, "eventDate": "2023-10-24T15:53:12Z", "countryCode": "US" }, "geometry": { "type": "Point", "coordinates": [ -86.030854, 31.885402 ] } },
{ "type": "Feature", "properties": { "decimalLatitude": 36.978553, "decimalLongitude": -84.269846, "eventDate": "2023-10-19T11:01:56Z", "countryCode": "US" }, "geometry": { "type": "Point", "coordinates": [ -84.269846, 36.978553 ] } },
{ "type": "Feature", "properties": { "decimalLatitude": 36.259583, "decimalLongitude": -86.892792, "eventDate": "2023-10-24T16:32:44Z", "countryCode": "US" }, "geometry": { "type": "Point", "coordinates": [ -86.892792, 36.259583 ] } },
{ "type": "Feature", "properties": { "decimalLatitude": 30.483155, "decimalLongitude": -95.692537, "eventDate": "2023-10-31T12:24:30Z", "countryCode": "US" }, "geometry": { "type": "Point", "coordinates": [ -95.692537, 30.483155 ] } },
{ "type": "Feature", "properties": { "decimalLatitude": 34.23072, "decimalLongitude": -87.360292, "eventDate": "2023-10-01T17:14:00Z", "countryCode": "US" }, "geometry": { "type": "Point", "coordinates": [ -87.360292, 34.23072 ] } },
{ "type": "Feature", "properties": { "decimalLatitude": 37.224145, "decimalLongitude": -77.47702, "eventDate": "2023-10-18T16:24:00Z", "countryCode": "US" }, "geometry": { "type": "Point", "coordinates": [ -77.47702, 37.224145 ] } },
{ "type": "Feature", "properties": { "decimalLatitude": 29.695237, "decimalLongitude": -81.963858, "eventDate": "2023-11-02T14:33:48Z", "countryCode": "US" }, "geometry": { "type": "Point", "coordinates": [ -81.963858, 29.695237 ] } },
{ "type": "Feature", "properties": { "decimalLatitude": 29.694753, "decimalLongitude": -81.962487, "eventDate": "2023-11-02T13:56:01Z", "countryCode": "US" }, "geometry": { "type": "Point", "coordinates": [ -81.962487, 29.694753 ] } },
{ "type": "Feature", "properties": { "decimalLatitude": 28.699261, "decimalLongitude": -82.43324, "eventDate": "2023-11-14T09:57:11Z", "countryCode": "US" }, "geometry": { "type": "Point", "coordinates": [ -82.43324, 28.699261 ] } },
{ "type": "Feature", "properties": { "decimalLatitude": 28.705003, "decimalLongitude": -82.402154, "eventDate": "2023-12-12T09:49:09Z", "countryCode": "US" }, "geometry": { "type": "Point", "coordinates": [ -82.402154, 28.705003 ] } },
{ "type": "Feature", "properties": { "decimalLatitude": 29.885076, "decimalLongitude": -97.979506, "eventDate": "2023-12-26T11:38:05Z", "countryCode": "US" }, "geometry": { "type": "Point", "coordinates": [ -97.979506, 29.885076 ] } },
{ "type": "Feature", "properties": { "decimalLatitude": 28.522189, "decimalLongitude": -82.202819, "eventDate": "2023-12-13T14:58:05Z", "countryCode": "US" }, "geometry": { "type": "Point", "coordinates": [ -82.202819, 28.522189 ] } },
{ "type": "Feature", "properties": { "decimalLatitude": 30.368398, "decimalLongitude": -97.802223, "eventDate": "2024-03-17T16:58:00Z", "countryCode": "US" }, "geometry": { "type": "Point", "coordinates": [ -97.802223, 30.368398 ] } },
{ "type": "Feature", "properties": { "decimalLatitude": 30.267797, "decimalLongitude": -97.829195, "eventDate": "2024-03-23T11:21:14Z", "countryCode": "US" }, "geometry": { "type": "Point", "coordinates": [ -97.829195, 30.267797 ] } },
{ "type": "Feature", "properties": { "decimalLatitude": 30.282317, "decimalLongitude": -98.358938, "eventDate": "2024-03-23T12:06:46Z", "countryCode": "US" }, "geometry": { "type": "Point", "coordinates": [ -98.358938, 30.282317 ] } },
{ "type": "Feature", "properties": { "decimalLatitude": 27.851243, "decimalLongitude": -81.518076, "eventDate": "2024-03-20T14:38:00Z", "countryCode": "US" }, "geometry": { "type": "Point", "coordinates": [ -81.518076, 27.851243 ] } },
{ "type": "Feature", "properties": { "decimalLatitude": 30.333802, "decimalLongitude": -98.148862, "eventDate": "2024-03-29T10:30:00Z", "countryCode": "US" }, "geometry": { "type": "Point", "coordinates": [ -98.148862, 30.333802 ] } },
{ "type": "Feature", "properties": { "decimalLatitude": 31.884867, "decimalLongitude": -97.700622, "eventDate": "2024-03-30T11:05:13Z", "countryCode": "US" }, "geometry": { "type": "Point", "coordinates": [ -97.700622, 31.884867 ] } },
{ "type": "Feature", "properties": { "decimalLatitude": 30.33382, "decimalLongitude": -98.148846, "eventDate": "2024-03-22T10:25:00Z", "countryCode": "US" }, "geometry": { "type": "Point", "coordinates": [ -98.148846, 30.33382 ] } },
{ "type": "Feature", "properties": { "decimalLatitude": 31.709003, "decimalLongitude": -97.587511, "eventDate": "2024-04-01T17:13:00Z", "countryCode": "US" }, "geometry": { "type": "Point", "coordinates": [ -97.587511, 31.709003 ] } },
{ "type": "Feature", "properties": { "decimalLatitude": 31.169995, "decimalLongitude": -92.583524, "eventDate": "2024-04-06T16:18:33Z", "countryCode": "US" }, "geometry": { "type": "Point", "coordinates": [ -92.583524, 31.169995 ] } },
{ "type": "Feature", "properties": { "decimalLatitude": 34.479337, "decimalLongitude": -93.654022, "eventDate": "2024-04-07T10:15:55Z", "countryCode": "US" }, "geometry": { "type": "Point", "coordinates": [ -93.654022, 34.479337 ] } },
{ "type": "Feature", "properties": { "decimalLatitude": 31.522555, "decimalLongitude": -93.930062, "eventDate": "2024-04-03T10:09:45Z", "countryCode": "US" }, "geometry": { "type": "Point", "coordinates": [ -93.930062, 31.522555 ] } },
{ "type": "Feature", "properties": { "decimalLatitude": 31.038196, "decimalLongitude": -92.983218, "eventDate": "2024-04-01T17:45:47Z", "countryCode": "US" }, "geometry": { "type": "Point", "coordinates": [ -92.983218, 31.038196 ] } },
{ "type": "Feature", "properties": { "decimalLatitude": 30.754584, "decimalLongitude": -94.003834, "eventDate": "2024-04-06T10:53:00Z", "countryCode": "US" }, "geometry": { "type": "Point", "coordinates": [ -94.003834, 30.754584 ] } },
{ "type": "Feature", "properties": { "decimalLatitude": 30.323959, "decimalLongitude": -98.147697, "eventDate": "2024-04-05T10:59:00Z", "countryCode": "US" }, "geometry": { "type": "Point", "coordinates": [ -98.147697, 30.323959 ] } },
{ "type": "Feature", "properties": { "decimalLatitude": 30.669115, "decimalLongitude": -97.769653, "eventDate": "2024-04-03T13:33:00Z", "countryCode": "US" }, "geometry": { "type": "Point", "coordinates": [ -97.769653, 30.669115 ] } },
{ "type": "Feature", "properties": { "decimalLatitude": 34.479175, "decimalLongitude": -93.656761, "eventDate": "2024-04-07T10:30:00Z", "countryCode": "US" }, "geometry": { "type": "Point", "coordinates": [ -93.656761, 34.479175 ] } },
{ "type": "Feature", "properties": { "decimalLatitude": 28.814695, "decimalLongitude": -82.49869, "eventDate": "2024-04-09T10:16:21Z", "countryCode": "US" }, "geometry": { "type": "Point", "coordinates": [ -82.49869, 28.814695 ] } },
{ "type": "Feature", "properties": { "decimalLatitude": 31.520492, "decimalLongitude": -93.92762, "eventDate": "2024-04-03T12:43:43Z", "countryCode": "US" }, "geometry": { "type": "Point", "coordinates": [ -93.92762, 31.520492 ] } },
{ "type": "Feature", "properties": { "decimalLatitude": 30.429928, "decimalLongitude": -98.1734, "eventDate": "2024-04-05T13:25:00Z", "countryCode": "US" }, "geometry": { "type": "Point", "coordinates": [ -98.1734, 30.429928 ] } },
{ "type": "Feature", "properties": { "decimalLatitude": 29.820743, "decimalLongitude": -99.588987, "eventDate": "2024-04-10T12:47:39Z", "countryCode": "US" }, "geometry": { "type": "Point", "coordinates": [ -99.588987, 29.820743 ] } },
{ "type": "Feature", "properties": { "decimalLatitude": 36.790643, "decimalLongitude": -88.07241, "eventDate": "2024-04-13T11:07:00Z", "countryCode": "US" }, "geometry": { "type": "Point", "coordinates": [ -88.07241, 36.790643 ] } },
{ "type": "Feature", "properties": { "decimalLatitude": 34.613056, "decimalLongitude": -93.559281, "eventDate": "2024-04-15T09:36:00Z", "countryCode": "US" }, "geometry": { "type": "Point", "coordinates": [ -93.559281, 34.613056 ] } },
{ "type": "Feature", "properties": { "decimalLatitude": 34.612817, "decimalLongitude": -93.558878, "eventDate": "2024-04-15T09:33:00Z", "countryCode": "US" }, "geometry": { "type": "Point", "coordinates": [ -93.558878, 34.612817 ] } },
{ "type": "Feature", "properties": { "decimalLatitude": 34.758495, "decimalLongitude": -86.385447, "eventDate": "2024-04-14T14:38:57Z", "countryCode": "US" }, "geometry": { "type": "Point", "coordinates": [ -86.385447, 34.758495 ] } },
{ "type": "Feature", "properties": { "decimalLatitude": 30.3982, "decimalLongitude": -97.798783, "eventDate": "2024-04-14T10:06:31Z", "countryCode": "US" }, "geometry": { "type": "Point", "coordinates": [ -97.798783, 30.3982 ] } },
{ "type": "Feature", "properties": { "decimalLatitude": 30.241993, "decimalLongitude": -97.805952, "eventDate": "2024-04-10T09:51:00Z", "countryCode": "US" }, "geometry": { "type": "Point", "coordinates": [ -97.805952, 30.241993 ] } },
{ "type": "Feature", "properties": { "decimalLatitude": 37.547688, "decimalLongitude": -88.98058, "eventDate": "2024-04-19T21:22:00Z", "countryCode": "US" }, "geometry": { "type": "Point", "coordinates": [ -88.98058, 37.547688 ] } },
{ "type": "Feature", "properties": { "decimalLatitude": 35.928474, "decimalLongitude": -78.966338, "eventDate": "2024-04-26T11:08:43Z", "countryCode": "US" }, "geometry": { "type": "Point", "coordinates": [ -78.966338, 35.928474 ] } },
{ "type": "Feature", "properties": { "decimalLatitude": 34.766178, "decimalLongitude": -93.077744, "eventDate": "2024-04-21T11:13:41Z", "countryCode": "US" }, "geometry": { "type": "Point", "coordinates": [ -93.077744, 34.766178 ] } },
{ "type": "Feature", "properties": { "decimalLatitude": 36.794372, "decimalLongitude": -80.467392, "eventDate": "2024-04-21T14:07:00Z", "countryCode": "US" }, "geometry": { "type": "Point", "coordinates": [ -80.467392, 36.794372 ] } },
{ "type": "Feature", "properties": { "decimalLatitude": 30.329683, "decimalLongitude": -98.095643, "eventDate": "2024-04-20T10:40:59Z", "countryCode": "US" }, "geometry": { "type": "Point", "coordinates": [ -98.095643, 30.329683 ] } },
{ "type": "Feature", "properties": { "decimalLatitude": 36.025008, "decimalLongitude": -79.852497, "eventDate": "2024-04-18T09:17:53Z", "countryCode": "US" }, "geometry": { "type": "Point", "coordinates": [ -79.852497, 36.025008 ] } },
{ "type": "Feature", "properties": { "decimalLatitude": 35.894852, "decimalLongitude": -78.579037, "eventDate": "2024-04-16T00:00:00Z", "countryCode": "US" }, "geometry": { "type": "Point", "coordinates": [ -78.579037, 35.894852 ] } },
{ "type": "Feature", "properties": { "decimalLatitude": 35.744027, "decimalLongitude": -79.110557, "eventDate": "2024-04-23T14:30:00Z", "countryCode": "US" }, "geometry": { "type": "Point", "coordinates": [ -79.110557, 35.744027 ] } },
{ "type": "Feature", "properties": { "decimalLatitude": 33.516553, "decimalLongitude": -79.586719, "eventDate": "2024-04-26T11:47:06Z", "countryCode": "US" }, "geometry": { "type": "Point", "coordinates": [ -79.586719, 33.516553 ] } },
{ "type": "Feature", "properties": { "decimalLatitude": 32.586138, "decimalLongitude": -80.200587, "eventDate": "2024-04-24T11:13:07Z", "countryCode": "US" }, "geometry": { "type": "Point", "coordinates": [ -80.200587, 32.586138 ] } },
{ "type": "Feature", "properties": { "decimalLatitude": 36.251287, "decimalLongitude": -93.961354, "eventDate": "2024-04-25T18:45:45Z", "countryCode": "US" }, "geometry": { "type": "Point", "coordinates": [ -93.961354, 36.251287 ] } },
{ "type": "Feature", "properties": { "decimalLatitude": 35.171993, "decimalLongitude": -81.222191, "eventDate": "2024-04-26T15:47:31Z", "countryCode": "US" }, "geometry": { "type": "Point", "coordinates": [ -81.222191, 35.171993 ] } },
{ "type": "Feature", "properties": { "decimalLatitude": 29.716669, "decimalLongitude": -98.991812, "eventDate": "2024-04-26T10:52:36Z", "countryCode": "US" }, "geometry": { "type": "Point", "coordinates": [ -98.991812, 29.716669 ] } },
{ "type": "Feature", "properties": { "decimalLatitude": 30.242496, "decimalLongitude": -97.805289, "eventDate": "2024-04-10T10:51:00Z", "countryCode": "US" }, "geometry": { "type": "Point", "coordinates": [ -97.805289, 30.242496 ] } },
{ "type": "Feature", "properties": { "decimalLatitude": 36.964475, "decimalLongitude": -82.053336, "eventDate": "2024-04-19T16:14:00Z", "countryCode": "US" }, "geometry": { "type": "Point", "coordinates": [ -82.053336, 36.964475 ] } },
{ "type": "Feature", "properties": { "decimalLatitude": 36.832139, "decimalLongitude": -92.418156, "eventDate": "2024-04-27T12:49:34Z", "countryCode": "US" }, "geometry": { "type": "Point", "coordinates": [ -92.418156, 36.832139 ] } },
{ "type": "Feature", "properties": { "decimalLatitude": 33.213216, "decimalLongitude": -89.07298, "eventDate": "2024-04-27T14:42:02Z", "countryCode": "US" }, "geometry": { "type": "Point", "coordinates": [ -89.07298, 33.213216 ] } },
{ "type": "Feature", "properties": { "decimalLatitude": 36.384355, "decimalLongitude": -91.582423, "eventDate": "2024-04-19T11:23:02Z", "countryCode": "US" }, "geometry": { "type": "Point", "coordinates": [ -91.582423, 36.384355 ] } },
{ "type": "Feature", "properties": { "decimalLatitude": 31.884778, "decimalLongitude": -97.700378, "eventDate": "2024-04-28T15:49:00Z", "countryCode": "US" }, "geometry": { "type": "Point", "coordinates": [ -97.700378, 31.884778 ] } },
{ "type": "Feature", "properties": { "decimalLatitude": 36.164131, "decimalLongitude": -94.006767, "eventDate": "2024-04-16T13:29:42Z", "countryCode": "US" }, "geometry": { "type": "Point", "coordinates": [ -94.006767, 36.164131 ] } },
{ "type": "Feature", "properties": { "decimalLatitude": 29.830391, "decimalLongitude": -99.574739, "eventDate": "2024-04-13T14:47:00Z", "countryCode": "US" }, "geometry": { "type": "Point", "coordinates": [ -99.574739, 29.830391 ] } },
{ "type": "Feature", "properties": { "decimalLatitude": 30.286377, "decimalLongitude": -98.112201, "eventDate": "2024-04-20T10:40:57Z", "countryCode": "US" }, "geometry": { "type": "Point", "coordinates": [ -98.112201, 30.286377 ] } },
{ "type": "Feature", "properties": { "decimalLatitude": 39.157693, "decimalLongitude": -86.22881, "eventDate": "2024-04-29T15:47:00Z", "countryCode": "US" }, "geometry": { "type": "Point", "coordinates": [ -86.22881, 39.157693 ] } },
{ "type": "Feature", "properties": { "decimalLatitude": 30.417688, "decimalLongitude": -97.758613, "eventDate": "2024-04-26T10:49:47Z", "countryCode": "US" }, "geometry": { "type": "Point", "coordinates": [ -97.758613, 30.417688 ] } },
{ "type": "Feature", "properties": { "decimalLatitude": 38.35151, "decimalLongitude": -90.212064, "eventDate": "2024-04-15T11:51:31Z", "countryCode": "US" }, "geometry": { "type": "Point", "coordinates": [ -90.212064, 38.35151 ] } },
{ "type": "Feature", "properties": { "decimalLatitude": 35.899144, "decimalLongitude": -78.720767, "eventDate": "2024-04-27T12:05:42Z", "countryCode": "US" }, "geometry": { "type": "Point", "coordinates": [ -78.720767, 35.899144 ] } },
{ "type": "Feature", "properties": { "decimalLatitude": 33.753661, "decimalLongitude": -80.699669, "eventDate": "2024-04-27T11:04:00Z", "countryCode": "US" }, "geometry": { "type": "Point", "coordinates": [ -80.699669, 33.753661 ] } },
{ "type": "Feature", "properties": { "decimalLatitude": 30.497477, "decimalLongitude": -97.800081, "eventDate": "2024-04-16T18:03:44Z", "countryCode": "US" }, "geometry": { "type": "Point", "coordinates": [ -97.800081, 30.497477 ] } },
{ "type": "Feature", "properties": { "decimalLatitude": 35.981312, "decimalLongitude": -79.001008, "eventDate": "2024-04-18T17:19:29Z", "countryCode": "US" }, "geometry": { "type": "Point", "coordinates": [ -79.001008, 35.981312 ] } },
{ "type": "Feature", "properties": { "decimalLatitude": 30.242181, "decimalLongitude": -97.806083, "eventDate": "2024-04-10T11:00:00Z", "countryCode": "US" }, "geometry": { "type": "Point", "coordinates": [ -97.806083, 30.242181 ] } },
{ "type": "Feature", "properties": { "decimalLatitude": 34.595866, "decimalLongitude": -94.4919, "eventDate": "2024-04-08T11:06:00Z", "countryCode": "US" }, "geometry": { "type": "Point", "coordinates": [ -94.4919, 34.595866 ] } },
{ "type": "Feature", "properties": { "decimalLatitude": 33.461514, "decimalLongitude": -88.785667, "eventDate": "2024-04-24T11:37:52Z", "countryCode": "US" }, "geometry": { "type": "Point", "coordinates": [ -88.785667, 33.461514 ] } },
{ "type": "Feature", "properties": { "decimalLatitude": 29.715644, "decimalLongitude": -82.460203, "eventDate": "2024-04-27T09:33:00Z", "countryCode": "US" }, "geometry": { "type": "Point", "coordinates": [ -82.460203, 29.715644 ] } },
{ "type": "Feature", "properties": { "decimalLatitude": 29.788793, "decimalLongitude": -98.845336, "eventDate": "2024-04-26T11:25:31Z", "countryCode": "US" }, "geometry": { "type": "Point", "coordinates": [ -98.845336, 29.788793 ] } },
{ "type": "Feature", "properties": { "decimalLatitude": 35.096631, "decimalLongitude": -89.445197, "eventDate": "2024-04-26T10:10:58Z", "countryCode": "US" }, "geometry": { "type": "Point", "coordinates": [ -89.445197, 35.096631 ] } },
{ "type": "Feature", "properties": { "decimalLatitude": 30.264099, "decimalLongitude": -98.006798, "eventDate": "2024-04-27T10:30:19Z", "countryCode": "US" }, "geometry": { "type": "Point", "coordinates": [ -98.006798, 30.264099 ] } },
{ "type": "Feature", "properties": { "decimalLatitude": 37.897194, "decimalLongitude": -84.361375, "eventDate": "2024-04-26T14:52:01Z", "countryCode": "US" }, "geometry": { "type": "Point", "coordinates": [ -84.361375, 37.897194 ] } },
{ "type": "Feature", "properties": { "decimalLatitude": 30.30747, "decimalLongitude": -97.818038, "eventDate": "2024-04-10T17:30:10Z", "countryCode": "US" }, "geometry": { "type": "Point", "coordinates": [ -97.818038, 30.30747 ] } },
{ "type": "Feature", "properties": { "decimalLatitude": 29.798138, "decimalLongitude": -98.895104, "eventDate": "2024-04-30T11:46:37Z", "countryCode": "US" }, "geometry": { "type": "Point", "coordinates": [ -98.895104, 29.798138 ] } },
{ "type": "Feature", "properties": { "decimalLatitude": 39.236669, "decimalLongitude": -88.836774, "eventDate": "2024-04-28T07:20:51Z", "countryCode": "US" }, "geometry": { "type": "Point", "coordinates": [ -88.836774, 39.236669 ] } },
{ "type": "Feature", "properties": { "decimalLatitude": 29.831047, "decimalLongitude": -99.573587, "eventDate": "2024-04-13T13:00:11Z", "countryCode": "US" }, "geometry": { "type": "Point", "coordinates": [ -99.573587, 29.831047 ] } },
{ "type": "Feature", "properties": { "decimalLatitude": 29.83058, "decimalLongitude": -99.574647, "eventDate": "2024-04-13T14:43:10Z", "countryCode": "US" }, "geometry": { "type": "Point", "coordinates": [ -99.574647, 29.83058 ] } },
{ "type": "Feature", "properties": { "decimalLatitude": 35.940322, "decimalLongitude": -79.081232, "eventDate": "2024-04-28T13:09:00Z", "countryCode": "US" }, "geometry": { "type": "Point", "coordinates": [ -79.081232, 35.940322 ] } },
{ "type": "Feature", "properties": { "decimalLatitude": 34.654591, "decimalLongitude": -86.517069, "eventDate": "2024-04-29T17:00:13Z", "countryCode": "US" }, "geometry": { "type": "Point", "coordinates": [ -86.517069, 34.654591 ] } },
{ "type": "Feature", "properties": { "decimalLatitude": 38.904667, "decimalLongitude": -83.417959, "eventDate": "2024-04-27T14:24:00Z", "countryCode": "US" }, "geometry": { "type": "Point", "coordinates": [ -83.417959, 38.904667 ] } },
{ "type": "Feature", "properties": { "decimalLatitude": 37.18803, "decimalLongitude": -86.105553, "eventDate": "2024-04-27T17:54:57Z", "countryCode": "US" }, "geometry": { "type": "Point", "coordinates": [ -86.105553, 37.18803 ] } },
{ "type": "Feature", "properties": { "decimalLatitude": 35.829155, "decimalLongitude": -79.057752, "eventDate": "2024-04-27T14:41:09Z", "countryCode": "US" }, "geometry": { "type": "Point", "coordinates": [ -79.057752, 35.829155 ] } },
{ "type": "Feature", "properties": { "decimalLatitude": 33.754025, "decimalLongitude": -80.69994, "eventDate": "2024-04-27T12:38:00Z", "countryCode": "US" }, "geometry": { "type": "Point", "coordinates": [ -80.69994, 33.754025 ] } },
{ "type": "Feature", "properties": { "decimalLatitude": 30.241367, "decimalLongitude": -97.806908, "eventDate": "2024-04-10T09:55:43Z", "countryCode": "US" }, "geometry": { "type": "Point", "coordinates": [ -97.806908, 30.241367 ] } },
{ "type": "Feature", "properties": { "decimalLatitude": 29.830583, "decimalLongitude": -99.574678, "eventDate": "2024-04-19T18:04:02Z", "countryCode": "US" }, "geometry": { "type": "Point", "coordinates": [ -99.574678, 29.830583 ] } },
{ "type": "Feature", "properties": { "decimalLatitude": 33.754671, "decimalLongitude": -80.69649, "eventDate": "2024-04-27T13:36:00Z", "countryCode": "US" }, "geometry": { "type": "Point", "coordinates": [ -80.69649, 33.754671 ] } },
{ "type": "Feature", "properties": { "decimalLatitude": 37.1637, "decimalLongitude": -86.159028, "eventDate": "2024-04-27T11:13:36Z", "countryCode": "US" }, "geometry": { "type": "Point", "coordinates": [ -86.159028, 37.1637 ] } },
{ "type": "Feature", "properties": { "decimalLatitude": 35.674791, "decimalLongitude": -86.413124, "eventDate": "2024-04-25T09:18:31Z", "countryCode": "US" }, "geometry": { "type": "Point", "coordinates": [ -86.413124, 35.674791 ] } },
{ "type": "Feature", "properties": { "decimalLatitude": 29.8235, "decimalLongitude": -99.584409, "eventDate": "2024-04-09T18:02:08Z", "countryCode": "US" }, "geometry": { "type": "Point", "coordinates": [ -99.584409, 29.8235 ] } },
{ "type": "Feature", "properties": { "decimalLatitude": 30.497489, "decimalLongitude": -97.800037, "eventDate": "2024-04-20T09:41:01Z", "countryCode": "US" }, "geometry": { "type": "Point", "coordinates": [ -97.800037, 30.497489 ] } },
{ "type": "Feature", "properties": { "decimalLatitude": 30.497437, "decimalLongitude": -97.800096, "eventDate": "2024-04-28T10:22:18Z", "countryCode": "US" }, "geometry": { "type": "Point", "coordinates": [ -97.800096, 30.497437 ] } },
{ "type": "Feature", "properties": { "decimalLatitude": 30.497486, "decimalLongitude": -97.800063, "eventDate": "2024-04-28T10:20:11Z", "countryCode": "US" }, "geometry": { "type": "Point", "coordinates": [ -97.800063, 30.497486 ] } },
{ "type": "Feature", "properties": { "decimalLatitude": 29.820713, "decimalLongitude": -99.589012, "eventDate": "2024-04-10T12:48:55Z", "countryCode": "US" }, "geometry": { "type": "Point", "coordinates": [ -99.589012, 29.820713 ] } },
{ "type": "Feature", "properties": { "decimalLatitude": 30.497473, "decimalLongitude": -97.800063, "eventDate": "2024-04-20T09:41:36Z", "countryCode": "US" }, "geometry": { "type": "Point", "coordinates": [ -97.800063, 30.497473 ] } },
{ "type": "Feature", "properties": { "decimalLatitude": 29.830583, "decimalLongitude": -99.574678, "eventDate": "2024-04-19T18:04:02Z", "countryCode": "US" }, "geometry": { "type": "Point", "coordinates": [ -99.574678, 29.830583 ] } },
{ "type": "Feature", "properties": { "decimalLatitude": 30.33205, "decimalLongitude": -98.139769, "eventDate": "2024-04-05T13:22:00Z", "countryCode": "US" }, "geometry": { "type": "Point", "coordinates": [ -98.139769, 30.33205 ] } },
{ "type": "Feature", "properties": { "decimalLatitude": 29.823497, "decimalLongitude": -99.584463, "eventDate": "2024-04-09T18:02:52Z", "countryCode": "US" }, "geometry": { "type": "Point", "coordinates": [ -99.584463, 29.823497 ] } },
{ "type": "Feature", "properties": { "decimalLatitude": 33.808771, "decimalLongitude": -84.306263, "eventDate": "2024-04-29T10:44:18Z", "countryCode": "US" }, "geometry": { "type": "Point", "coordinates": [ -84.306263, 33.808771 ] } },
{ "type": "Feature", "properties": { "decimalLatitude": 35.923187, "decimalLongitude": -78.600412, "eventDate": "2024-04-27T12:26:06Z", "countryCode": "US" }, "geometry": { "type": "Point", "coordinates": [ -78.600412, 35.923187 ] } },
{ "type": "Feature", "properties": { "decimalLatitude": 32.206222, "decimalLongitude": -93.96553, "eventDate": "2024-04-21T16:38:38Z", "countryCode": "US" }, "geometry": { "type": "Point", "coordinates": [ -93.96553, 32.206222 ] } },
{ "type": "Feature", "properties": { "decimalLatitude": 39.10047, "decimalLongitude": -77.768538, "eventDate": "2024-05-07T11:17:37Z", "countryCode": "US" }, "geometry": { "type": "Point", "coordinates": [ -77.768538, 39.10047 ] } },
{ "type": "Feature", "properties": { "decimalLatitude": 37.291676, "decimalLongitude": -76.67151, "eventDate": "2024-05-07T17:34:23Z", "countryCode": "US" }, "geometry": { "type": "Point", "coordinates": [ -76.67151, 37.291676 ] } },
{ "type": "Feature", "properties": { "decimalLatitude": 39.117768, "decimalLongitude": -86.588818, "eventDate": "2024-05-01T11:52:43Z", "countryCode": "US" }, "geometry": { "type": "Point", "coordinates": [ -86.588818, 39.117768 ] } },
{ "type": "Feature", "properties": { "decimalLatitude": 35.483453, "decimalLongitude": -84.121861, "eventDate": "2024-05-05T17:26:17Z", "countryCode": "US" }, "geometry": { "type": "Point", "coordinates": [ -84.121861, 35.483453 ] } },
{ "type": "Feature", "properties": { "decimalLatitude": 36.021245, "decimalLongitude": -94.213312, "eventDate": "2024-05-01T17:10:31Z", "countryCode": "US" }, "geometry": { "type": "Point", "coordinates": [ -94.213312, 36.021245 ] } },
{ "type": "Feature", "properties": { "decimalLatitude": 35.641256, "decimalLongitude": -82.593619, "eventDate": "2024-05-02T12:09:00Z", "countryCode": "US" }, "geometry": { "type": "Point", "coordinates": [ -82.593619, 35.641256 ] } },
{ "type": "Feature", "properties": { "decimalLatitude": 39.521977, "decimalLongitude": -84.707851, "eventDate": "2024-05-04T17:52:36Z", "countryCode": "US" }, "geometry": { "type": "Point", "coordinates": [ -84.707851, 39.521977 ] } },
{ "type": "Feature", "properties": { "decimalLatitude": 34.328208, "decimalLongitude": -85.396317, "eventDate": "2024-05-06T12:01:27Z", "countryCode": "US" }, "geometry": { "type": "Point", "coordinates": [ -85.396317, 34.328208 ] } },
{ "type": "Feature", "properties": { "decimalLatitude": 39.215765, "decimalLongitude": -82.025171, "eventDate": "2024-05-02T11:42:15Z", "countryCode": "US" }, "geometry": { "type": "Point", "coordinates": [ -82.025171, 39.215765 ] } },
{ "type": "Feature", "properties": { "decimalLatitude": 38.608943, "decimalLongitude": -89.657524, "eventDate": "2024-05-05T17:32:25Z", "countryCode": "US" }, "geometry": { "type": "Point", "coordinates": [ -89.657524, 38.608943 ] } },
{ "type": "Feature", "properties": { "decimalLatitude": 35.199908, "decimalLongitude": -81.143105, "eventDate": "2024-05-06T17:59:01Z", "countryCode": "US" }, "geometry": { "type": "Point", "coordinates": [ -81.143105, 35.199908 ] } },
{ "type": "Feature", "properties": { "decimalLatitude": 39.664314, "decimalLongitude": -78.192965, "eventDate": "2024-05-01T10:46:03Z", "countryCode": "US" }, "geometry": { "type": "Point", "coordinates": [ -78.192965, 39.664314 ] } },
{ "type": "Feature", "properties": { "decimalLatitude": 37.339477, "decimalLongitude": -89.273759, "eventDate": "2024-05-04T12:56:36Z", "countryCode": "US" }, "geometry": { "type": "Point", "coordinates": [ -89.273759, 37.339477 ] } },
{ "type": "Feature", "properties": { "decimalLatitude": 33.259113, "decimalLongitude": -87.595718, "eventDate": "2024-05-03T17:01:21Z", "countryCode": "US" }, "geometry": { "type": "Point", "coordinates": [ -87.595718, 33.259113 ] } },
{ "type": "Feature", "properties": { "decimalLatitude": 36.062008, "decimalLongitude": -79.147583, "eventDate": "2024-05-10T14:09:28Z", "countryCode": "US" }, "geometry": { "type": "Point", "coordinates": [ -79.147583, 36.062008 ] } },
{ "type": "Feature", "properties": { "decimalLatitude": 34.792374, "decimalLongitude": -86.417964, "eventDate": "2024-05-11T13:41:36Z", "countryCode": "US" }, "geometry": { "type": "Point", "coordinates": [ -86.417964, 34.792374 ] } },
{ "type": "Feature", "properties": { "decimalLatitude": 31.217197, "decimalLongitude": -89.171927, "eventDate": "2024-05-07T09:30:00Z", "countryCode": "US" }, "geometry": { "type": "Point", "coordinates": [ -89.171927, 31.217197 ] } },
{ "type": "Feature", "properties": { "decimalLatitude": 37.833928, "decimalLongitude": -84.753238, "eventDate": "2024-05-07T16:26:22Z", "countryCode": "US" }, "geometry": { "type": "Point", "coordinates": [ -84.753238, 37.833928 ] } },
{ "type": "Feature", "properties": { "decimalLatitude": 35.254887, "decimalLongitude": -81.07795, "eventDate": "2024-05-09T16:53:20Z", "countryCode": "US" }, "geometry": { "type": "Point", "coordinates": [ -81.07795, 35.254887 ] } },
{ "type": "Feature", "properties": { "decimalLatitude": 35.894852, "decimalLongitude": -78.579037, "eventDate": "2024-05-09T00:00:00Z", "countryCode": "US" }, "geometry": { "type": "Point", "coordinates": [ -78.579037, 35.894852 ] } },
{ "type": "Feature", "properties": { "decimalLatitude": 35.921338, "decimalLongitude": -90.769118, "eventDate": "2024-05-13T14:51:00Z", "countryCode": "US" }, "geometry": { "type": "Point", "coordinates": [ -90.769118, 35.921338 ] } },
{ "type": "Feature", "properties": { "decimalLatitude": 41.213422, "decimalLongitude": -85.1522, "eventDate": "2024-05-10T10:06:20Z", "countryCode": "US" }, "geometry": { "type": "Point", "coordinates": [ -85.1522, 41.213422 ] } },
{ "type": "Feature", "properties": { "decimalLatitude": 35.762725, "decimalLongitude": -78.870919, "eventDate": "2024-05-09T10:30:00Z", "countryCode": "US" }, "geometry": { "type": "Point", "coordinates": [ -78.870919, 35.762725 ] } },
{ "type": "Feature", "properties": { "decimalLatitude": 39.187482, "decimalLongitude": -84.542704, "eventDate": "2024-05-01T13:06:00Z", "countryCode": "US" }, "geometry": { "type": "Point", "coordinates": [ -84.542704, 39.187482 ] } },
{ "type": "Feature", "properties": { "decimalLatitude": 36.26062, "decimalLongitude": -93.971667, "eventDate": "2024-05-08T15:25:51Z", "countryCode": "US" }, "geometry": { "type": "Point", "coordinates": [ -93.971667, 36.26062 ] } },
{ "type": "Feature", "properties": { "decimalLatitude": 36.410163, "decimalLongitude": -93.896837, "eventDate": "2024-05-10T09:40:25Z", "countryCode": "US" }, "geometry": { "type": "Point", "coordinates": [ -93.896837, 36.410163 ] } },
{ "type": "Feature", "properties": { "decimalLatitude": 35.721927, "decimalLongitude": -90.677117, "eventDate": "2024-05-08T12:04:00Z", "countryCode": "US" }, "geometry": { "type": "Point", "coordinates": [ -90.677117, 35.721927 ] } },
{ "type": "Feature", "properties": { "decimalLatitude": 36.075612, "decimalLongitude": -87.25313, "eventDate": "2024-05-09T13:52:00Z", "countryCode": "US" }, "geometry": { "type": "Point", "coordinates": [ -87.25313, 36.075612 ] } },
{ "type": "Feature", "properties": { "decimalLatitude": 34.426948, "decimalLongitude": -87.390072, "eventDate": "2024-05-07T12:34:20Z", "countryCode": "US" }, "geometry": { "type": "Point", "coordinates": [ -87.390072, 34.426948 ] } },
{ "type": "Feature", "properties": { "decimalLatitude": 36.401883, "decimalLongitude": -93.886488, "eventDate": "2024-05-10T13:11:11Z", "countryCode": "US" }, "geometry": { "type": "Point", "coordinates": [ -93.886488, 36.401883 ] } },
{ "type": "Feature", "properties": { "decimalLatitude": 35.818604, "decimalLongitude": -86.226784, "eventDate": "2024-05-09T15:18:16Z", "countryCode": "US" }, "geometry": { "type": "Point", "coordinates": [ -86.226784, 35.818604 ] } },
{ "type": "Feature", "properties": { "decimalLatitude": 33.737728, "decimalLongitude": -79.299303, "eventDate": "2024-05-11T17:32:36Z", "countryCode": "US" }, "geometry": { "type": "Point", "coordinates": [ -79.299303, 33.737728 ] } },
{ "type": "Feature", "properties": { "decimalLatitude": 28.714869, "decimalLongitude": -82.423855, "eventDate": "2024-05-14T09:42:28Z", "countryCode": "US" }, "geometry": { "type": "Point", "coordinates": [ -82.423855, 28.714869 ] } },
{ "type": "Feature", "properties": { "decimalLatitude": 34.118474, "decimalLongitude": -84.415257, "eventDate": "2024-05-07T17:07:00Z", "countryCode": "US" }, "geometry": { "type": "Point", "coordinates": [ -84.415257, 34.118474 ] } },
{ "type": "Feature", "properties": { "decimalLatitude": 35.930933, "decimalLongitude": -79.157219, "eventDate": "2024-05-09T14:34:46Z", "countryCode": "US" }, "geometry": { "type": "Point", "coordinates": [ -79.157219, 35.930933 ] } },
{ "type": "Feature", "properties": { "decimalLatitude": 34.591545, "decimalLongitude": -93.655037, "eventDate": "2024-05-13T16:28:37Z", "countryCode": "US" }, "geometry": { "type": "Point", "coordinates": [ -93.655037, 34.591545 ] } },
{ "type": "Feature", "properties": { "decimalLatitude": 37.718122, "decimalLongitude": -76.45527, "eventDate": "2024-05-12T12:06:00Z", "countryCode": "US" }, "geometry": { "type": "Point", "coordinates": [ -76.45527, 37.718122 ] } },
{ "type": "Feature", "properties": { "decimalLatitude": 35.855527, "decimalLongitude": -83.252263, "eventDate": "2024-05-08T11:30:10Z", "countryCode": "US" }, "geometry": { "type": "Point", "coordinates": [ -83.252263, 35.855527 ] } },
{ "type": "Feature", "properties": { "decimalLatitude": 35.721908, "decimalLongitude": -90.677133, "eventDate": "2024-05-08T12:06:00Z", "countryCode": "US" }, "geometry": { "type": "Point", "coordinates": [ -90.677133, 35.721908 ] } },
{ "type": "Feature", "properties": { "decimalLatitude": 30.293745, "decimalLongitude": -97.794212, "eventDate": "2024-05-20T10:19:29Z", "countryCode": "US" }, "geometry": { "type": "Point", "coordinates": [ -97.794212, 30.293745 ] } },
{ "type": "Feature", "properties": { "decimalLatitude": 33.812501, "decimalLongitude": -83.253828, "eventDate": "2024-05-20T11:31:00Z", "countryCode": "US" }, "geometry": { "type": "Point", "coordinates": [ -83.253828, 33.812501 ] } },
{ "type": "Feature", "properties": { "decimalLatitude": 39.873789, "decimalLongitude": -86.296203, "eventDate": "2024-05-14T12:14:00Z", "countryCode": "US" }, "geometry": { "type": "Point", "coordinates": [ -86.296203, 39.873789 ] } },
{ "type": "Feature", "properties": { "decimalLatitude": 39.069979, "decimalLongitude": -76.776579, "eventDate": "2024-05-19T14:41:17Z", "countryCode": "US" }, "geometry": { "type": "Point", "coordinates": [ -76.776579, 39.069979 ] } },
{ "type": "Feature", "properties": { "decimalLatitude": 33.390428, "decimalLongitude": -85.744923, "eventDate": "2024-05-18T13:47:29Z", "countryCode": "US" }, "geometry": { "type": "Point", "coordinates": [ -85.744923, 33.390428 ] } },
{ "type": "Feature", "properties": { "decimalLatitude": 35.288258, "decimalLongitude": -82.320725, "eventDate": "2024-05-16T14:34:00Z", "countryCode": "US" }, "geometry": { "type": "Point", "coordinates": [ -82.320725, 35.288258 ] } },
{ "type": "Feature", "properties": { "decimalLatitude": 37.658387, "decimalLongitude": -76.724137, "eventDate": "2024-05-19T15:35:57Z", "countryCode": "US" }, "geometry": { "type": "Point", "coordinates": [ -76.724137, 37.658387 ] } },
{ "type": "Feature", "properties": { "decimalLatitude": 40.493053, "decimalLongitude": -81.991203, "eventDate": "2024-05-16T11:21:11Z", "countryCode": "US" }, "geometry": { "type": "Point", "coordinates": [ -81.991203, 40.493053 ] } },
{ "type": "Feature", "properties": { "decimalLatitude": 33.200113, "decimalLongitude": -88.890922, "eventDate": "2024-05-18T13:00:32Z", "countryCode": "US" }, "geometry": { "type": "Point", "coordinates": [ -88.890922, 33.200113 ] } },
{ "type": "Feature", "properties": { "decimalLatitude": 38.028015, "decimalLongitude": -85.955172, "eventDate": "2024-05-17T14:27:25Z", "countryCode": "US" }, "geometry": { "type": "Point", "coordinates": [ -85.955172, 38.028015 ] } },
{ "type": "Feature", "properties": { "decimalLatitude": 37.850862, "decimalLongitude": -89.188287, "eventDate": "2024-05-16T07:28:01Z", "countryCode": "US" }, "geometry": { "type": "Point", "coordinates": [ -89.188287, 37.850862 ] } },
{ "type": "Feature", "properties": { "decimalLatitude": 41.193542, "decimalLongitude": -85.101342, "eventDate": "2024-05-14T16:26:58Z", "countryCode": "US" }, "geometry": { "type": "Point", "coordinates": [ -85.101342, 41.193542 ] } },
{ "type": "Feature", "properties": { "decimalLatitude": 30.304667, "decimalLongitude": -98.149375, "eventDate": "2024-05-18T09:25:36Z", "countryCode": "US" }, "geometry": { "type": "Point", "coordinates": [ -98.149375, 30.304667 ] } },
{ "type": "Feature", "properties": { "decimalLatitude": 37.965589, "decimalLongitude": -91.781891, "eventDate": "2024-05-19T10:34:00Z", "countryCode": "US" }, "geometry": { "type": "Point", "coordinates": [ -91.781891, 37.965589 ] } },
{ "type": "Feature", "properties": { "decimalLatitude": 38.065963, "decimalLongitude": -78.474163, "eventDate": "2024-05-19T16:51:26Z", "countryCode": "US" }, "geometry": { "type": "Point", "coordinates": [ -78.474163, 38.065963 ] } },
{ "type": "Feature", "properties": { "decimalLatitude": 38.140255, "decimalLongitude": -78.363892, "eventDate": "2024-05-16T11:01:10Z", "countryCode": "US" }, "geometry": { "type": "Point", "coordinates": [ -78.363892, 38.140255 ] } },
{ "type": "Feature", "properties": { "decimalLatitude": 38.685158, "decimalLongitude": -77.368088, "eventDate": "2024-05-16T14:43:00Z", "countryCode": "US" }, "geometry": { "type": "Point", "coordinates": [ -77.368088, 38.685158 ] } },
{ "type": "Feature", "properties": { "decimalLatitude": 37.96558, "decimalLongitude": -91.781897, "eventDate": "2024-05-19T10:33:12Z", "countryCode": "US" }, "geometry": { "type": "Point", "coordinates": [ -91.781897, 37.96558 ] } },
{ "type": "Feature", "properties": { "decimalLatitude": 35.899425, "decimalLongitude": -78.949553, "eventDate": "2024-05-18T15:07:33Z", "countryCode": "US" }, "geometry": { "type": "Point", "coordinates": [ -78.949553, 35.899425 ] } },
{ "type": "Feature", "properties": { "decimalLatitude": 39.491246, "decimalLongitude": -76.691943, "eventDate": "2024-05-19T19:42:16Z", "countryCode": "US" }, "geometry": { "type": "Point", "coordinates": [ -76.691943, 39.491246 ] } },
{ "type": "Feature", "properties": { "decimalLatitude": 39.446683, "decimalLongitude": -88.152733, "eventDate": "2024-05-12T15:10:19Z", "countryCode": "US" }, "geometry": { "type": "Point", "coordinates": [ -88.152733, 39.446683 ] } },
{ "type": "Feature", "properties": { "decimalLatitude": 33.114768, "decimalLongitude": -87.040426, "eventDate": "2024-05-21T14:10:11Z", "countryCode": "US" }, "geometry": { "type": "Point", "coordinates": [ -87.040426, 33.114768 ] } },
{ "type": "Feature", "properties": { "decimalLatitude": 33.873107, "decimalLongitude": -83.275076, "eventDate": "2024-05-27T13:28:00Z", "countryCode": "US" }, "geometry": { "type": "Point", "coordinates": [ -83.275076, 33.873107 ] } },
{ "type": "Feature", "properties": { "decimalLatitude": 32.945216, "decimalLongitude": -86.830044, "eventDate": "2024-05-21T10:26:05Z", "countryCode": "US" }, "geometry": { "type": "Point", "coordinates": [ -86.830044, 32.945216 ] } },
{ "type": "Feature", "properties": { "decimalLatitude": 40.128304, "decimalLongitude": -77.36064, "eventDate": "2024-05-24T17:21:00Z", "countryCode": "US" }, "geometry": { "type": "Point", "coordinates": [ -77.36064, 40.128304 ] } },
{ "type": "Feature", "properties": { "decimalLatitude": 35.631546, "decimalLongitude": -81.313799, "eventDate": "2024-05-26T10:28:24Z", "countryCode": "US" }, "geometry": { "type": "Point", "coordinates": [ -81.313799, 35.631546 ] } },
{ "type": "Feature", "properties": { "decimalLatitude": 38.038264, "decimalLongitude": -76.970916, "eventDate": "2024-05-23T10:06:13Z", "countryCode": "US" }, "geometry": { "type": "Point", "coordinates": [ -76.970916, 38.038264 ] } },
{ "type": "Feature", "properties": { "decimalLatitude": 38.280708, "decimalLongitude": -78.122017, "eventDate": "2024-05-11T14:52:53Z", "countryCode": "US" }, "geometry": { "type": "Point", "coordinates": [ -78.122017, 38.280708 ] } },
{ "type": "Feature", "properties": { "decimalLatitude": 37.679961, "decimalLongitude": -76.662878, "eventDate": "2024-05-26T11:03:57Z", "countryCode": "US" }, "geometry": { "type": "Point", "coordinates": [ -76.662878, 37.679961 ] } },
{ "type": "Feature", "properties": { "decimalLatitude": 35.62932, "decimalLongitude": -81.313553, "eventDate": "2024-05-26T08:50:41Z", "countryCode": "US" }, "geometry": { "type": "Point", "coordinates": [ -81.313553, 35.62932 ] } },
{ "type": "Feature", "properties": { "decimalLatitude": 33.252132, "decimalLongitude": -87.518021, "eventDate": "2024-05-24T06:40:34Z", "countryCode": "US" }, "geometry": { "type": "Point", "coordinates": [ -87.518021, 33.252132 ] } },
{ "type": "Feature", "properties": { "decimalLatitude": 39.189137, "decimalLongitude": -86.217138, "eventDate": "2024-05-18T13:11:29Z", "countryCode": "US" }, "geometry": { "type": "Point", "coordinates": [ -86.217138, 39.189137 ] } },
{ "type": "Feature", "properties": { "decimalLatitude": 40.311632, "decimalLongitude": -75.883884, "eventDate": "2024-05-21T12:13:00Z", "countryCode": "US" }, "geometry": { "type": "Point", "coordinates": [ -75.883884, 40.311632 ] } },
{ "type": "Feature", "properties": { "decimalLatitude": 39.173547, "decimalLongitude": -86.668028, "eventDate": "2024-05-22T15:24:00Z", "countryCode": "US" }, "geometry": { "type": "Point", "coordinates": [ -86.668028, 39.173547 ] } },
{ "type": "Feature", "properties": { "decimalLatitude": 39.416873, "decimalLongitude": -82.16591, "eventDate": "2024-05-17T13:26:17Z", "countryCode": "US" }, "geometry": { "type": "Point", "coordinates": [ -82.16591, 39.416873 ] } },
{ "type": "Feature", "properties": { "decimalLatitude": 34.703308, "decimalLongitude": -79.268395, "eventDate": "2024-05-23T12:01:59Z", "countryCode": "US" }, "geometry": { "type": "Point", "coordinates": [ -79.268395, 34.703308 ] } },
{ "type": "Feature", "properties": { "decimalLatitude": 38.91608, "decimalLongitude": -90.219345, "eventDate": "2024-05-23T13:57:40Z", "countryCode": "US" }, "geometry": { "type": "Point", "coordinates": [ -90.219345, 38.91608 ] } },
{ "type": "Feature", "properties": { "decimalLatitude": 35.631751, "decimalLongitude": -81.313716, "eventDate": "2024-05-26T10:27:23Z", "countryCode": "US" }, "geometry": { "type": "Point", "coordinates": [ -81.313716, 35.631751 ] } },
{ "type": "Feature", "properties": { "decimalLatitude": 36.427377, "decimalLongitude": -93.756639, "eventDate": "2024-05-25T12:11:00Z", "countryCode": "US" }, "geometry": { "type": "Point", "coordinates": [ -93.756639, 36.427377 ] } },
{ "type": "Feature", "properties": { "decimalLatitude": 39.190914, "decimalLongitude": -86.513108, "eventDate": "2024-05-23T13:41:00Z", "countryCode": "US" }, "geometry": { "type": "Point", "coordinates": [ -86.513108, 39.190914 ] } },
{ "type": "Feature", "properties": { "decimalLatitude": 35.630025, "decimalLongitude": -81.314195, "eventDate": "2024-05-26T09:58:25Z", "countryCode": "US" }, "geometry": { "type": "Point", "coordinates": [ -81.314195, 35.630025 ] } },
{ "type": "Feature", "properties": { "decimalLatitude": 35.630104, "decimalLongitude": -81.314363, "eventDate": "2024-05-26T09:56:06Z", "countryCode": "US" }, "geometry": { "type": "Point", "coordinates": [ -81.314363, 35.630104 ] } },
{ "type": "Feature", "properties": { "decimalLatitude": 36.828058, "decimalLongitude": -85.649194, "eventDate": "2024-05-17T15:13:25Z", "countryCode": "US" }, "geometry": { "type": "Point", "coordinates": [ -85.649194, 36.828058 ] } },
{ "type": "Feature", "properties": { "decimalLatitude": 40.311632, "decimalLongitude": -75.883884, "eventDate": "2024-05-21T12:13:00Z", "countryCode": "US" }, "geometry": { "type": "Point", "coordinates": [ -75.883884, 40.311632 ] } },
{ "type": "Feature", "properties": { "decimalLatitude": 35.631636, "decimalLongitude": -81.313819, "eventDate": "2024-05-26T10:25:03Z", "countryCode": "US" }, "geometry": { "type": "Point", "coordinates": [ -81.313819, 35.631636 ] } },
{ "type": "Feature", "properties": { "decimalLatitude": 30.266358, "decimalLongitude": -97.841545, "eventDate": "2024-05-19T17:38:00Z", "countryCode": "US" }, "geometry": { "type": "Point", "coordinates": [ -97.841545, 30.266358 ] } },
{ "type": "Feature", "properties": { "decimalLatitude": 38.194544, "decimalLongitude": -91.106875, "eventDate": "2024-05-25T17:31:00Z", "countryCode": "US" }, "geometry": { "type": "Point", "coordinates": [ -91.106875, 38.194544 ] } },
{ "type": "Feature", "properties": { "decimalLatitude": 39.144089, "decimalLongitude": -86.389292, "eventDate": "2024-05-29T14:17:00Z", "countryCode": "US" }, "geometry": { "type": "Point", "coordinates": [ -86.389292, 39.144089 ] } },
{ "type": "Feature", "properties": { "decimalLatitude": 35.728413, "decimalLongitude": -82.614753, "eventDate": "2024-05-31T13:33:37Z", "countryCode": "US" }, "geometry": { "type": "Point", "coordinates": [ -82.614753, 35.728413 ] } },
{ "type": "Feature", "properties": { "decimalLatitude": 30.413114, "decimalLongitude": -97.717731, "eventDate": "2024-05-30T20:36:00Z", "countryCode": "US" }, "geometry": { "type": "Point", "coordinates": [ -97.717731, 30.413114 ] } },
{ "type": "Feature", "properties": { "decimalLatitude": 38.730024, "decimalLongitude": -86.40986, "eventDate": "2024-05-31T14:47:00Z", "countryCode": "US" }, "geometry": { "type": "Point", "coordinates": [ -86.40986, 38.730024 ] } },
{ "type": "Feature", "properties": { "decimalLatitude": 35.394608, "decimalLongitude": -88.768925, "eventDate": "2024-05-30T17:39:33Z", "countryCode": "US" }, "geometry": { "type": "Point", "coordinates": [ -88.768925, 35.394608 ] } },
{ "type": "Feature", "properties": { "decimalLatitude": 30.413153, "decimalLongitude": -97.717794, "eventDate": "2024-05-30T20:35:00Z", "countryCode": "US" }, "geometry": { "type": "Point", "coordinates": [ -97.717794, 30.413153 ] } },
{ "type": "Feature", "properties": { "decimalLatitude": 35.521888, "decimalLongitude": -81.293205, "eventDate": "2024-05-29T14:36:54Z", "countryCode": "US" }, "geometry": { "type": "Point", "coordinates": [ -81.293205, 35.521888 ] } },
{ "type": "Feature", "properties": { "decimalLatitude": 38.140641, "decimalLongitude": -78.363779, "eventDate": "2024-05-16T11:01:10Z", "countryCode": "US" }, "geometry": { "type": "Point", "coordinates": [ -78.363779, 38.140641 ] } },
{ "type": "Feature", "properties": { "decimalLatitude": 36.089706, "decimalLongitude": -81.181928, "eventDate": "2024-05-29T12:52:38Z", "countryCode": "US" }, "geometry": { "type": "Point", "coordinates": [ -81.181928, 36.089706 ] } },
{ "type": "Feature", "properties": { "decimalLatitude": 37.857267, "decimalLongitude": -91.977483, "eventDate": "2024-05-28T11:03:00Z", "countryCode": "US" }, "geometry": { "type": "Point", "coordinates": [ -91.977483, 37.857267 ] } },
{ "type": "Feature", "properties": { "decimalLatitude": 35.287015, "decimalLongitude": -85.842471, "eventDate": "2024-05-29T18:00:00Z", "countryCode": "US" }, "geometry": { "type": "Point", "coordinates": [ -85.842471, 35.287015 ] } },
{ "type": "Feature", "properties": { "decimalLatitude": 38.995962, "decimalLongitude": -77.2489, "eventDate": "2024-05-30T18:17:32Z", "countryCode": "US" }, "geometry": { "type": "Point", "coordinates": [ -77.2489, 38.995962 ] } },
{ "type": "Feature", "properties": { "decimalLatitude": 38.437968, "decimalLongitude": -77.136513, "eventDate": "2024-05-28T09:31:02Z", "countryCode": "US" }, "geometry": { "type": "Point", "coordinates": [ -77.136513, 38.437968 ] } },
{ "type": "Feature", "properties": { "decimalLatitude": 35.907612, "decimalLongitude": -86.324792, "eventDate": "2024-05-05T11:20:04Z", "countryCode": "US" }, "geometry": { "type": "Point", "coordinates": [ -86.324792, 35.907612 ] } },
{ "type": "Feature", "properties": { "decimalLatitude": 30.305492, "decimalLongitude": -97.821267, "eventDate": "2024-05-19T17:38:00Z", "countryCode": "US" }, "geometry": { "type": "Point", "coordinates": [ -97.821267, 30.305492 ] } },
{ "type": "Feature", "properties": { "decimalLatitude": 35.817263, "decimalLongitude": -79.151405, "eventDate": "2024-05-20T08:46:27Z", "countryCode": "US" }, "geometry": { "type": "Point", "coordinates": [ -79.151405, 35.817263 ] } },
{ "type": "Feature", "properties": { "decimalLatitude": 35.728714, "decimalLongitude": -82.614853, "eventDate": "2024-05-31T13:29:00Z", "countryCode": "US" }, "geometry": { "type": "Point", "coordinates": [ -82.614853, 35.728714 ] } },
{ "type": "Feature", "properties": { "decimalLatitude": 29.86682, "decimalLongitude": -98.632408, "eventDate": "2024-05-04T12:54:52Z", "countryCode": "US" }, "geometry": { "type": "Point", "coordinates": [ -98.632408, 29.86682 ] } },
{ "type": "Feature", "properties": { "decimalLatitude": 40.260355, "decimalLongitude": -87.358584, "eventDate": "2024-05-15T00:00:00Z", "countryCode": "US" }, "geometry": { "type": "Point", "coordinates": [ -87.358584, 40.260355 ] } },
{ "type": "Feature", "properties": { "decimalLatitude": 30.49062, "decimalLongitude": -84.21563, "eventDate": "2024-05-29T12:41:48Z", "countryCode": "US" }, "geometry": { "type": "Point", "coordinates": [ -84.21563, 30.49062 ] } },
{ "type": "Feature", "properties": { "decimalLatitude": 39.39182, "decimalLongitude": -87.51896, "eventDate": "2024-05-22T00:00:00Z", "countryCode": "US" }, "geometry": { "type": "Point", "coordinates": [ -87.51896, 39.39182 ] } },
{ "type": "Feature", "properties": { "decimalLatitude": 40.364609, "decimalLongitude": -87.32868, "eventDate": "2024-05-18T00:00:00Z", "countryCode": "US" }, "geometry": { "type": "Point", "coordinates": [ -87.32868, 40.364609 ] } },
{ "type": "Feature", "properties": { "decimalLatitude": 36.349905, "decimalLongitude": -94.049214, "eventDate": "2024-06-03T12:31:44Z", "countryCode": "US" }, "geometry": { "type": "Point", "coordinates": [ -94.049214, 36.349905 ] } },
{ "type": "Feature", "properties": { "decimalLatitude": 38.438331, "decimalLongitude": -77.136347, "eventDate": "2024-06-04T09:27:49Z", "countryCode": "US" }, "geometry": { "type": "Point", "coordinates": [ -77.136347, 38.438331 ] } },
{ "type": "Feature", "properties": { "decimalLatitude": 36.623926, "decimalLongitude": -88.308321, "eventDate": "2024-06-04T09:18:34Z", "countryCode": "US" }, "geometry": { "type": "Point", "coordinates": [ -88.308321, 36.623926 ] } },
{ "type": "Feature", "properties": { "decimalLatitude": 38.438082, "decimalLongitude": -77.136442, "eventDate": "2024-06-04T09:52:00Z", "countryCode": "US" }, "geometry": { "type": "Point", "coordinates": [ -77.136442, 38.438082 ] } },
{ "type": "Feature", "properties": { "decimalLatitude": 35.12612, "decimalLongitude": -86.002868, "eventDate": "2024-06-03T13:00:00Z", "countryCode": "US" }, "geometry": { "type": "Point", "coordinates": [ -86.002868, 35.12612 ] } },
{ "type": "Feature", "properties": { "decimalLatitude": 38.3061, "decimalLongitude": -78.22068, "eventDate": "2024-06-01T16:27:35Z", "countryCode": "US" }, "geometry": { "type": "Point", "coordinates": [ -78.22068, 38.3061 ] } },
{ "type": "Feature", "properties": { "decimalLatitude": 37.38599, "decimalLongitude": -88.667023, "eventDate": "2024-06-04T10:30:37Z", "countryCode": "US" }, "geometry": { "type": "Point", "coordinates": [ -88.667023, 37.38599 ] } },
{ "type": "Feature", "properties": { "decimalLatitude": 38.438097, "decimalLongitude": -77.136431, "eventDate": "2024-06-04T09:51:57Z", "countryCode": "US" }, "geometry": { "type": "Point", "coordinates": [ -77.136431, 38.438097 ] } },
{ "type": "Feature", "properties": { "decimalLatitude": 30.185438, "decimalLongitude": -97.72242, "eventDate": "2024-06-01T11:46:54Z", "countryCode": "US" }, "geometry": { "type": "Point", "coordinates": [ -97.72242, 30.185438 ] } },
{ "type": "Feature", "properties": { "decimalLatitude": 35.715287, "decimalLongitude": -79.950045, "eventDate": "2024-06-09T13:20:06Z", "countryCode": "US" }, "geometry": { "type": "Point", "coordinates": [ -79.950045, 35.715287 ] } },
{ "type": "Feature", "properties": { "decimalLatitude": 35.589198, "decimalLongitude": -92.180694, "eventDate": "2024-06-05T16:21:00Z", "countryCode": "US" }, "geometry": { "type": "Point", "coordinates": [ -92.180694, 35.589198 ] } },
{ "type": "Feature", "properties": { "decimalLatitude": 38.20325, "decimalLongitude": -90.542687, "eventDate": "2024-06-10T11:48:04Z", "countryCode": "US" }, "geometry": { "type": "Point", "coordinates": [ -90.542687, 38.20325 ] } },
{ "type": "Feature", "properties": { "decimalLatitude": 32.69293, "decimalLongitude": -94.175357, "eventDate": "2024-06-07T13:12:57Z", "countryCode": "US" }, "geometry": { "type": "Point", "coordinates": [ -94.175357, 32.69293 ] } },
{ "type": "Feature", "properties": { "decimalLatitude": 33.787898, "decimalLongitude": -84.304888, "eventDate": "2024-06-06T13:52:20Z", "countryCode": "US" }, "geometry": { "type": "Point", "coordinates": [ -84.304888, 33.787898 ] } },
{ "type": "Feature", "properties": { "decimalLatitude": 29.732494, "decimalLongitude": -98.922637, "eventDate": "2024-06-05T09:51:59Z", "countryCode": "US" }, "geometry": { "type": "Point", "coordinates": [ -98.922637, 29.732494 ] } },
{ "type": "Feature", "properties": { "decimalLatitude": 34.646072, "decimalLongitude": -86.821045, "eventDate": "2024-06-08T11:58:44Z", "countryCode": "US" }, "geometry": { "type": "Point", "coordinates": [ -86.821045, 34.646072 ] } },
{ "type": "Feature", "properties": { "decimalLatitude": 39.043127, "decimalLongitude": -75.904991, "eventDate": "2024-06-08T14:31:48Z", "countryCode": "US" }, "geometry": { "type": "Point", "coordinates": [ -75.904991, 39.043127 ] } },
{ "type": "Feature", "properties": { "decimalLatitude": 39.234144, "decimalLongitude": -82.274135, "eventDate": "2024-06-08T16:42:04Z", "countryCode": "US" }, "geometry": { "type": "Point", "coordinates": [ -82.274135, 39.234144 ] } },
{ "type": "Feature", "properties": { "decimalLatitude": 29.79677, "decimalLongitude": -98.872423, "eventDate": "2024-06-05T09:51:59Z", "countryCode": "US" }, "geometry": { "type": "Point", "coordinates": [ -98.872423, 29.79677 ] } },
{ "type": "Feature", "properties": { "decimalLatitude": 30.619993, "decimalLongitude": -97.703032, "eventDate": "2024-06-03T10:18:45Z", "countryCode": "US" }, "geometry": { "type": "Point", "coordinates": [ -97.703032, 30.619993 ] } },
{ "type": "Feature", "properties": { "decimalLatitude": 41.291058, "decimalLongitude": -85.653569, "eventDate": "2024-06-12T12:17:00Z", "countryCode": "US" }, "geometry": { "type": "Point", "coordinates": [ -85.653569, 41.291058 ] } },
{ "type": "Feature", "properties": { "decimalLatitude": 34.857002, "decimalLongitude": -92.538252, "eventDate": "2024-06-12T11:25:39Z", "countryCode": "US" }, "geometry": { "type": "Point", "coordinates": [ -92.538252, 34.857002 ] } },
{ "type": "Feature", "properties": { "decimalLatitude": 38.637294, "decimalLongitude": -78.140947, "eventDate": "2024-06-15T15:49:28Z", "countryCode": "US" }, "geometry": { "type": "Point", "coordinates": [ -78.140947, 38.637294 ] } },
{ "type": "Feature", "properties": { "decimalLatitude": 29.179475, "decimalLongitude": -81.34807, "eventDate": "2024-06-15T09:27:16Z", "countryCode": "US" }, "geometry": { "type": "Point", "coordinates": [ -81.34807, 29.179475 ] } },
{ "type": "Feature", "properties": { "decimalLatitude": 30.232117, "decimalLongitude": -97.607833, "eventDate": "2024-06-20T12:29:00Z", "countryCode": "US" }, "geometry": { "type": "Point", "coordinates": [ -97.607833, 30.232117 ] } },
{ "type": "Feature", "properties": { "decimalLatitude": 40.085886, "decimalLongitude": -76.87655, "eventDate": "2024-06-20T10:08:23Z", "countryCode": "US" }, "geometry": { "type": "Point", "coordinates": [ -76.87655, 40.085886 ] } },
{ "type": "Feature", "properties": { "decimalLatitude": 35.737537, "decimalLongitude": -86.715163, "eventDate": "2024-06-23T15:21:27Z", "countryCode": "US" }, "geometry": { "type": "Point", "coordinates": [ -86.715163, 35.737537 ] } },
{ "type": "Feature", "properties": { "decimalLatitude": 35.721767, "decimalLongitude": -90.67673, "eventDate": "2024-06-22T16:23:00Z", "countryCode": "US" }, "geometry": { "type": "Point", "coordinates": [ -90.67673, 35.721767 ] } },
{ "type": "Feature", "properties": { "decimalLatitude": 38.203576, "decimalLongitude": -90.542459, "eventDate": "2024-06-10T11:42:00Z", "countryCode": "US" }, "geometry": { "type": "Point", "coordinates": [ -90.542459, 38.203576 ] } },
{ "type": "Feature", "properties": { "decimalLatitude": 32.692887, "decimalLongitude": -94.175383, "eventDate": "2024-06-07T13:26:30Z", "countryCode": "US" }, "geometry": { "type": "Point", "coordinates": [ -94.175383, 32.692887 ] } },
{ "type": "Feature", "properties": { "decimalLatitude": 35.721745, "decimalLongitude": -90.67672, "eventDate": "2024-06-22T16:23:00Z", "countryCode": "US" }, "geometry": { "type": "Point", "coordinates": [ -90.67672, 35.721745 ] } },
{ "type": "Feature", "properties": { "decimalLatitude": 34.167539, "decimalLongitude": -84.297113, "eventDate": "2024-06-18T16:24:49Z", "countryCode": "US" }, "geometry": { "type": "Point", "coordinates": [ -84.297113, 34.167539 ] } },
{ "type": "Feature", "properties": { "decimalLatitude": 38.637372, "decimalLongitude": -78.1408, "eventDate": "2024-06-15T15:49:08Z", "countryCode": "US" }, "geometry": { "type": "Point", "coordinates": [ -78.1408, 38.637372 ] } },
{ "type": "Feature", "properties": { "decimalLatitude": 41.48905, "decimalLongitude": -90.934248, "eventDate": "2024-06-23T15:56:27Z", "countryCode": "US" }, "geometry": { "type": "Point", "coordinates": [ -90.934248, 41.48905 ] } },
{ "type": "Feature", "properties": { "decimalLatitude": 38.488788, "decimalLongitude": -86.474503, "eventDate": "2024-06-14T12:36:01Z", "countryCode": "US" }, "geometry": { "type": "Point", "coordinates": [ -86.474503, 38.488788 ] } },
{ "type": "Feature", "properties": { "decimalLatitude": 39.440996, "decimalLongitude": -77.734737, "eventDate": "2024-06-14T13:00:24Z", "countryCode": "US" }, "geometry": { "type": "Point", "coordinates": [ -77.734737, 39.440996 ] } },
{ "type": "Feature", "properties": { "decimalLatitude": 29.17975, "decimalLongitude": -81.347767, "eventDate": "2024-06-15T09:29:18Z", "countryCode": "US" }, "geometry": { "type": "Point", "coordinates": [ -81.347767, 29.17975 ] } },
{ "type": "Feature", "properties": { "decimalLatitude": 37.514765, "decimalLongitude": -79.646182, "eventDate": "2024-06-18T10:26:06Z", "countryCode": "US" }, "geometry": { "type": "Point", "coordinates": [ -79.646182, 37.514765 ] } },
{ "type": "Feature", "properties": { "decimalLatitude": 37.374232, "decimalLongitude": -89.38045, "eventDate": "2024-06-15T10:55:07Z", "countryCode": "US" }, "geometry": { "type": "Point", "coordinates": [ -89.38045, 37.374232 ] } },
{ "type": "Feature", "properties": { "decimalLatitude": 35.105087, "decimalLongitude": -86.180059, "eventDate": "2024-06-18T11:53:00Z", "countryCode": "US" }, "geometry": { "type": "Point", "coordinates": [ -86.180059, 35.105087 ] } },
{ "type": "Feature", "properties": { "decimalLatitude": 35.721733, "decimalLongitude": -90.676714, "eventDate": "2024-06-22T16:23:00Z", "countryCode": "US" }, "geometry": { "type": "Point", "coordinates": [ -90.676714, 35.721733 ] } },
{ "type": "Feature", "properties": { "decimalLatitude": 38.640653, "decimalLongitude": -78.137336, "eventDate": "2024-06-15T14:19:43Z", "countryCode": "US" }, "geometry": { "type": "Point", "coordinates": [ -78.137336, 38.640653 ] } },
{ "type": "Feature", "properties": { "decimalLatitude": 39.444779, "decimalLongitude": -77.736358, "eventDate": "2024-06-20T15:41:50Z", "countryCode": "US" }, "geometry": { "type": "Point", "coordinates": [ -77.736358, 39.444779 ] } },
{ "type": "Feature", "properties": { "decimalLatitude": 38.640675, "decimalLongitude": -78.137344, "eventDate": "2024-06-15T14:19:37Z", "countryCode": "US" }, "geometry": { "type": "Point", "coordinates": [ -78.137344, 38.640675 ] } },
{ "type": "Feature", "properties": { "decimalLatitude": 33.284035, "decimalLongitude": -87.584839, "eventDate": "2024-06-29T13:23:54Z", "countryCode": "US" }, "geometry": { "type": "Point", "coordinates": [ -87.584839, 33.284035 ] } },
{ "type": "Feature", "properties": { "decimalLatitude": 40.507326, "decimalLongitude": -80.362054, "eventDate": "2024-06-30T20:03:00Z", "countryCode": "US" }, "geometry": { "type": "Point", "coordinates": [ -80.362054, 40.507326 ] } },
{ "type": "Feature", "properties": { "decimalLatitude": 39.912528, "decimalLongitude": -75.713574, "eventDate": "2024-06-29T12:05:44Z", "countryCode": "US" }, "geometry": { "type": "Point", "coordinates": [ -75.713574, 39.912528 ] } },
{ "type": "Feature", "properties": { "decimalLatitude": 39.48156, "decimalLongitude": -77.754234, "eventDate": "2024-06-27T09:58:18Z", "countryCode": "US" }, "geometry": { "type": "Point", "coordinates": [ -77.754234, 39.48156 ] } },
{ "type": "Feature", "properties": { "decimalLatitude": 38.76028, "decimalLongitude": -83.409813, "eventDate": "2024-06-29T11:26:25Z", "countryCode": "US" }, "geometry": { "type": "Point", "coordinates": [ -83.409813, 38.76028 ] } },
{ "type": "Feature", "properties": { "decimalLatitude": 35.92974, "decimalLongitude": -78.974242, "eventDate": "2024-06-27T14:56:02Z", "countryCode": "US" }, "geometry": { "type": "Point", "coordinates": [ -78.974242, 35.92974 ] } },
{ "type": "Feature", "properties": { "decimalLatitude": 39.912726, "decimalLongitude": -75.713098, "eventDate": "2024-06-29T11:51:19Z", "countryCode": "US" }, "geometry": { "type": "Point", "coordinates": [ -75.713098, 39.912726 ] } },
{ "type": "Feature", "properties": { "decimalLatitude": 30.261113, "decimalLongitude": -81.514497, "eventDate": "2024-06-23T13:31:41Z", "countryCode": "US" }, "geometry": { "type": "Point", "coordinates": [ -81.514497, 30.261113 ] } },
{ "type": "Feature", "properties": { "decimalLatitude": 38.640688, "decimalLongitude": -78.137344, "eventDate": "2024-06-15T14:19:51Z", "countryCode": "US" }, "geometry": { "type": "Point", "coordinates": [ -78.137344, 38.640688 ] } },
{ "type": "Feature", "properties": { "decimalLatitude": 39.48156, "decimalLongitude": -77.754234, "eventDate": "2024-06-27T09:58:18Z", "countryCode": "US" }, "geometry": { "type": "Point", "coordinates": [ -77.754234, 39.48156 ] } },
{ "type": "Feature", "properties": { "decimalLatitude": 39.929497, "decimalLongitude": -87.072467, "eventDate": "2024-06-07T11:33:00Z", "countryCode": "US" }, "geometry": { "type": "Point", "coordinates": [ -87.072467, 39.929497 ] } },
{ "type": "Feature", "properties": { "decimalLatitude": 39.942516, "decimalLongitude": -87.048686, "eventDate": "2024-06-07T13:44:00Z", "countryCode": "US" }, "geometry": { "type": "Point", "coordinates": [ -87.048686, 39.942516 ] } },
{ "type": "Feature", "properties": { "decimalLatitude": 39.929497, "decimalLongitude": -87.072467, "eventDate": "2024-06-07T15:35:00Z", "countryCode": "US" }, "geometry": { "type": "Point", "coordinates": [ -87.072467, 39.929497 ] } },
{ "type": "Feature", "properties": { "decimalLatitude": 39.942516, "decimalLongitude": -87.048686, "eventDate": "2024-06-07T14:50:00Z", "countryCode": "US" }, "geometry": { "type": "Point", "coordinates": [ -87.048686, 39.942516 ] } },
{ "type": "Feature", "properties": { "decimalLatitude": 29.699183, "decimalLongitude": -98.830066, "eventDate": "2024-06-13T10:51:20Z", "countryCode": "US" }, "geometry": { "type": "Point", "coordinates": [ -98.830066, 29.699183 ] } },
{ "type": "Feature", "properties": { "decimalLatitude": 32.692914, "decimalLongitude": -94.175434, "eventDate": "2024-06-07T13:14:53Z", "countryCode": "US" }, "geometry": { "type": "Point", "coordinates": [ -94.175434, 32.692914 ] } },
{ "type": "Feature", "properties": { "decimalLatitude": 34.814551, "decimalLongitude": -93.0108, "eventDate": "2024-06-20T12:15:41Z", "countryCode": "US" }, "geometry": { "type": "Point", "coordinates": [ -93.0108, 34.814551 ] } },
{ "type": "Feature", "properties": { "decimalLatitude": 35.990198, "decimalLongitude": -93.184983, "eventDate": "2024-06-02T00:00:00Z", "countryCode": "US" }, "geometry": { "type": "Point", "coordinates": [ -93.184983, 35.990198 ] } },
{ "type": "Feature", "properties": { "decimalLatitude": 37.135552, "decimalLongitude": -90.866003, "eventDate": "2024-06-10T00:00:00Z", "countryCode": "US" }, "geometry": { "type": "Point", "coordinates": [ -90.866003, 37.135552 ] } },
{ "type": "Feature", "properties": { "decimalLatitude": 39.59553, "decimalLongitude": -82.579675, "eventDate": "2024-06-30T13:56:03Z", "countryCode": "US" }, "geometry": { "type": "Point", "coordinates": [ -82.579675, 39.59553 ] } },
{ "type": "Feature", "properties": { "decimalLatitude": 31.49564, "decimalLongitude": -88.83035, "eventDate": "2024-06-17T00:00:00Z", "countryCode": "US" }, "geometry": { "type": "Point", "coordinates": [ -88.83035, 31.49564 ] } },
{ "type": "Feature", "properties": { "decimalLatitude": 31.35234, "decimalLongitude": -88.67173, "eventDate": "2024-06-28T00:00:00Z", "countryCode": "US" }, "geometry": { "type": "Point", "coordinates": [ -88.67173, 31.35234 ] } },
{ "type": "Feature", "properties": { "decimalLatitude": 40.366332, "decimalLongitude": -87.099439, "eventDate": "2024-06-21T00:00:00Z", "countryCode": "US" }, "geometry": { "type": "Point", "coordinates": [ -87.099439, 40.366332 ] } },
{ "type": "Feature", "properties": { "decimalLatitude": 31.192892, "decimalLongitude": -89.12958, "eventDate": "2024-06-05T22:37:00Z", "countryCode": "US" }, "geometry": { "type": "Point", "coordinates": [ -89.12958, 31.192892 ] } },
{ "type": "Feature", "properties": { "decimalLatitude": 38.507304, "decimalLongitude": -90.586608, "eventDate": "2024-06-21T11:31:41Z", "countryCode": "US" }, "geometry": { "type": "Point", "coordinates": [ -90.586608, 38.507304 ] } },
{ "type": "Feature", "properties": { "decimalLatitude": 35.701703, "decimalLongitude": -90.435205, "eventDate": "2024-07-01T10:48:00Z", "countryCode": "US" }, "geometry": { "type": "Point", "coordinates": [ -90.435205, 35.701703 ] } },
{ "type": "Feature", "properties": { "decimalLatitude": 39.13498, "decimalLongitude": -77.266309, "eventDate": "2024-07-01T17:42:00Z", "countryCode": "US" }, "geometry": { "type": "Point", "coordinates": [ -77.266309, 39.13498 ] } },
{ "type": "Feature", "properties": { "decimalLatitude": 35.700864, "decimalLongitude": -90.434993, "eventDate": "2024-07-01T10:27:00Z", "countryCode": "US" }, "geometry": { "type": "Point", "coordinates": [ -90.434993, 35.700864 ] } },
{ "type": "Feature", "properties": { "decimalLatitude": 38.722272, "decimalLongitude": -77.925826, "eventDate": "2024-07-12T09:23:26Z", "countryCode": "US" }, "geometry": { "type": "Point", "coordinates": [ -77.925826, 38.722272 ] } },
{ "type": "Feature", "properties": { "decimalLatitude": 28.894145, "decimalLongitude": -82.507659, "eventDate": "2024-07-06T09:35:51Z", "countryCode": "US" }, "geometry": { "type": "Point", "coordinates": [ -82.507659, 28.894145 ] } },
{ "type": "Feature", "properties": { "decimalLatitude": 31.170194, "decimalLongitude": -92.530275, "eventDate": "2024-07-12T13:54:57Z", "countryCode": "US" }, "geometry": { "type": "Point", "coordinates": [ -92.530275, 31.170194 ] } },
{ "type": "Feature", "properties": { "decimalLatitude": 35.773163, "decimalLongitude": -79.165924, "eventDate": "2024-07-07T09:27:28Z", "countryCode": "US" }, "geometry": { "type": "Point", "coordinates": [ -79.165924, 35.773163 ] } },
{ "type": "Feature", "properties": { "decimalLatitude": 30.301533, "decimalLongitude": -97.747723, "eventDate": "2024-07-05T19:52:00Z", "countryCode": "US" }, "geometry": { "type": "Point", "coordinates": [ -97.747723, 30.301533 ] } },
{ "type": "Feature", "properties": { "decimalLatitude": 31.414979, "decimalLongitude": -93.93929, "eventDate": "2024-07-10T14:15:43Z", "countryCode": "US" }, "geometry": { "type": "Point", "coordinates": [ -93.93929, 31.414979 ] } },
{ "type": "Feature", "properties": { "decimalLatitude": 30.696239, "decimalLongitude": -94.587951, "eventDate": "2024-07-05T16:28:00Z", "countryCode": "US" }, "geometry": { "type": "Point", "coordinates": [ -94.587951, 30.696239 ] } },
{ "type": "Feature", "properties": { "decimalLatitude": 28.760606, "decimalLongitude": -82.417163, "eventDate": "2024-07-09T08:23:05Z", "countryCode": "US" }, "geometry": { "type": "Point", "coordinates": [ -82.417163, 28.760606 ] } },
{ "type": "Feature", "properties": { "decimalLatitude": 30.497452, "decimalLongitude": -97.800074, "eventDate": "2024-07-03T15:16:41Z", "countryCode": "US" }, "geometry": { "type": "Point", "coordinates": [ -97.800074, 30.497452 ] } },
{ "type": "Feature", "properties": { "decimalLatitude": 37.584644, "decimalLongitude": -89.084785, "eventDate": "2024-07-05T11:18:31Z", "countryCode": "US" }, "geometry": { "type": "Point", "coordinates": [ -89.084785, 37.584644 ] } },
{ "type": "Feature", "properties": { "decimalLatitude": 35.462068, "decimalLongitude": -88.056183, "eventDate": "2024-07-11T15:42:00Z", "countryCode": "US" }, "geometry": { "type": "Point", "coordinates": [ -88.056183, 35.462068 ] } },
{ "type": "Feature", "properties": { "decimalLatitude": 37.762104, "decimalLongitude": -76.884092, "eventDate": "2024-07-06T10:15:55Z", "countryCode": "US" }, "geometry": { "type": "Point", "coordinates": [ -76.884092, 37.762104 ] } },
{ "type": "Feature", "properties": { "decimalLatitude": 35.984853, "decimalLongitude": -92.000044, "eventDate": "2024-07-18T17:57:00Z", "countryCode": "US" }, "geometry": { "type": "Point", "coordinates": [ -92.000044, 35.984853 ] } },
{ "type": "Feature", "properties": { "decimalLatitude": 40.175964, "decimalLongitude": -77.351858, "eventDate": "2024-07-21T17:01:00Z", "countryCode": "US" }, "geometry": { "type": "Point", "coordinates": [ -77.351858, 40.175964 ] } },
{ "type": "Feature", "properties": { "decimalLatitude": 40.405608, "decimalLongitude": -77.17306, "eventDate": "2024-07-24T09:15:16Z", "countryCode": "US" }, "geometry": { "type": "Point", "coordinates": [ -77.17306, 40.405608 ] } },
{ "type": "Feature", "properties": { "decimalLatitude": 36.970372, "decimalLongitude": -88.199287, "eventDate": "2024-07-25T10:02:15Z", "countryCode": "US" }, "geometry": { "type": "Point", "coordinates": [ -88.199287, 36.970372 ] } },
{ "type": "Feature", "properties": { "decimalLatitude": 36.97034, "decimalLongitude": -88.199234, "eventDate": "2024-07-25T09:58:00Z", "countryCode": "US" }, "geometry": { "type": "Point", "coordinates": [ -88.199234, 36.97034 ] } },
{ "type": "Feature", "properties": { "decimalLatitude": 34.378506, "decimalLongitude": -94.237305, "eventDate": "2024-07-27T13:35:00Z", "countryCode": "US" }, "geometry": { "type": "Point", "coordinates": [ -94.237305, 34.378506 ] } },
{ "type": "Feature", "properties": { "decimalLatitude": 37.245688, "decimalLongitude": -89.143386, "eventDate": "2024-07-26T10:26:53Z", "countryCode": "US" }, "geometry": { "type": "Point", "coordinates": [ -89.143386, 37.245688 ] } },
{ "type": "Feature", "properties": { "decimalLatitude": 29.642563, "decimalLongitude": -82.444078, "eventDate": "2024-07-23T12:44:17Z", "countryCode": "US" }, "geometry": { "type": "Point", "coordinates": [ -82.444078, 29.642563 ] } },
{ "type": "Feature", "properties": { "decimalLatitude": 31.042882, "decimalLongitude": -86.512868, "eventDate": "2024-07-27T14:15:46Z", "countryCode": "US" }, "geometry": { "type": "Point", "coordinates": [ -86.512868, 31.042882 ] } },
{ "type": "Feature", "properties": { "decimalLatitude": 31.089017, "decimalLongitude": -86.545801, "eventDate": "2024-07-27T14:15:14Z", "countryCode": "US" }, "geometry": { "type": "Point", "coordinates": [ -86.545801, 31.089017 ] } },
{ "type": "Feature", "properties": { "decimalLatitude": 39.241223, "decimalLongitude": -83.271205, "eventDate": "2024-07-19T16:41:00Z", "countryCode": "US" }, "geometry": { "type": "Point", "coordinates": [ -83.271205, 39.241223 ] } },
{ "type": "Feature", "properties": { "decimalLatitude": 39.847661, "decimalLongitude": -86.342274, "eventDate": "2024-07-26T10:37:00Z", "countryCode": "US" }, "geometry": { "type": "Point", "coordinates": [ -86.342274, 39.847661 ] } },
{ "type": "Feature", "properties": { "decimalLatitude": 30.369685, "decimalLongitude": -97.786158, "eventDate": "2024-07-05T19:51:00Z", "countryCode": "US" }, "geometry": { "type": "Point", "coordinates": [ -97.786158, 30.369685 ] } },
{ "type": "Feature", "properties": { "decimalLatitude": 39.209266, "decimalLongitude": -86.757044, "eventDate": "2024-07-19T13:13:00Z", "countryCode": "US" }, "geometry": { "type": "Point", "coordinates": [ -86.757044, 39.209266 ] } },
{ "type": "Feature", "properties": { "decimalLatitude": 32.654576, "decimalLongitude": -80.955961, "eventDate": "2024-07-27T13:47:00Z", "countryCode": "US" }, "geometry": { "type": "Point", "coordinates": [ -80.955961, 32.654576 ] } },
{ "type": "Feature", "properties": { "decimalLatitude": 39.880804, "decimalLongitude": -86.312086, "eventDate": "2024-07-21T09:00:00Z", "countryCode": "US" }, "geometry": { "type": "Point", "coordinates": [ -86.312086, 39.880804 ] } },
{ "type": "Feature", "properties": { "decimalLatitude": 39.209266, "decimalLongitude": -86.757044, "eventDate": "2024-07-19T12:42:00Z", "countryCode": "US" }, "geometry": { "type": "Point", "coordinates": [ -86.757044, 39.209266 ] } },
{ "type": "Feature", "properties": { "decimalLatitude": 39.189587, "decimalLongitude": -86.773445, "eventDate": "2024-07-19T15:53:00Z", "countryCode": "US" }, "geometry": { "type": "Point", "coordinates": [ -86.773445, 39.189587 ] } },
{ "type": "Feature", "properties": { "decimalLatitude": 34.510338, "decimalLongitude": -89.394354, "eventDate": "2024-07-31T15:40:17Z", "countryCode": "US" }, "geometry": { "type": "Point", "coordinates": [ -89.394354, 34.510338 ] } },
{ "type": "Feature", "properties": { "decimalLatitude": 39.797975, "decimalLongitude": -77.255503, "eventDate": "2024-07-30T15:06:34Z", "countryCode": "US" }, "geometry": { "type": "Point", "coordinates": [ -77.255503, 39.797975 ] } },
{ "type": "Feature", "properties": { "decimalLatitude": 36.628844, "decimalLongitude": -84.524937, "eventDate": "2024-07-10T15:01:04Z", "countryCode": "US" }, "geometry": { "type": "Point", "coordinates": [ -84.524937, 36.628844 ] } },
{ "type": "Feature", "properties": { "decimalLatitude": 41.711795, "decimalLongitude": -87.860813, "eventDate": "2024-07-19T18:36:26Z", "countryCode": "US" }, "geometry": { "type": "Point", "coordinates": [ -87.860813, 41.711795 ] } },
{ "type": "Feature", "properties": { "decimalLatitude": 30.86135, "decimalLongitude": -90.40834, "eventDate": "2024-07-09T00:00:00Z", "countryCode": "US" }, "geometry": { "type": "Point", "coordinates": [ -90.40834, 30.86135 ] } },
{ "type": "Feature", "properties": { "decimalLatitude": 38.51117, "decimalLongitude": -90.57618, "eventDate": "2024-07-15T10:35:36Z", "countryCode": "US" }, "geometry": { "type": "Point", "coordinates": [ -90.57618, 38.51117 ] } },
{ "type": "Feature", "properties": { "decimalLatitude": 40.384176, "decimalLongitude": -86.940723, "eventDate": "2024-07-25T00:00:00Z", "countryCode": "US" }, "geometry": { "type": "Point", "coordinates": [ -86.940723, 40.384176 ] } },
{ "type": "Feature", "properties": { "decimalLatitude": 40.390083, "decimalLongitude": -86.955777, "eventDate": "2024-07-25T00:00:00Z", "countryCode": "US" }, "geometry": { "type": "Point", "coordinates": [ -86.955777, 40.390083 ] } },
{ "type": "Feature", "properties": { "decimalLatitude": 30.393367, "decimalLongitude": -97.646697, "eventDate": "2024-08-03T16:42:00Z", "countryCode": "US" }, "geometry": { "type": "Point", "coordinates": [ -97.646697, 30.393367 ] } },
{ "type": "Feature", "properties": { "decimalLatitude": 35.632684, "decimalLongitude": -79.140783, "eventDate": "2024-08-06T07:44:00Z", "countryCode": "US" }, "geometry": { "type": "Point", "coordinates": [ -79.140783, 35.632684 ] } },
{ "type": "Feature", "properties": { "decimalLatitude": 35.922582, "decimalLongitude": -90.770124, "eventDate": "2024-08-07T11:17:10Z", "countryCode": "US" }, "geometry": { "type": "Point", "coordinates": [ -90.770124, 35.922582 ] } },
{ "type": "Feature", "properties": { "decimalLatitude": 41.711292, "decimalLongitude": -84.995438, "eventDate": "2024-08-06T16:30:56Z", "countryCode": "US" }, "geometry": { "type": "Point", "coordinates": [ -84.995438, 41.711292 ] } },
{ "type": "Feature", "properties": { "decimalLatitude": 34.5071, "decimalLongitude": -86.678787, "eventDate": "2024-08-11T11:01:35Z", "countryCode": "US" }, "geometry": { "type": "Point", "coordinates": [ -86.678787, 34.5071 ] } },
{ "type": "Feature", "properties": { "decimalLatitude": 35.714491, "decimalLongitude": -90.433585, "eventDate": "2024-08-10T10:52:00Z", "countryCode": "US" }, "geometry": { "type": "Point", "coordinates": [ -90.433585, 35.714491 ] } },
{ "type": "Feature", "properties": { "decimalLatitude": 41.357289, "decimalLongitude": -73.540696, "eventDate": "2024-08-10T14:41:43Z", "countryCode": "US" }, "geometry": { "type": "Point", "coordinates": [ -73.540696, 41.357289 ] } },
{ "type": "Feature", "properties": { "decimalLatitude": 39.053077, "decimalLongitude": -76.740566, "eventDate": "2024-08-07T14:51:16Z", "countryCode": "US" }, "geometry": { "type": "Point", "coordinates": [ -76.740566, 39.053077 ] } },
{ "type": "Feature", "properties": { "decimalLatitude": 40.08099, "decimalLongitude": -82.518759, "eventDate": "2024-08-11T18:00:11Z", "countryCode": "US" }, "geometry": { "type": "Point", "coordinates": [ -82.518759, 40.08099 ] } },
{ "type": "Feature", "properties": { "decimalLatitude": 41.711037, "decimalLongitude": -84.996345, "eventDate": "2024-08-06T15:01:39Z", "countryCode": "US" }, "geometry": { "type": "Point", "coordinates": [ -84.996345, 41.711037 ] } },
{ "type": "Feature", "properties": { "decimalLatitude": 40.654132, "decimalLongitude": -89.137515, "eventDate": "2024-08-09T09:57:25Z", "countryCode": "US" }, "geometry": { "type": "Point", "coordinates": [ -89.137515, 40.654132 ] } },
{ "type": "Feature", "properties": { "decimalLatitude": 38.535938, "decimalLongitude": -78.185762, "eventDate": "2024-08-08T07:52:44Z", "countryCode": "US" }, "geometry": { "type": "Point", "coordinates": [ -78.185762, 38.535938 ] } },
{ "type": "Feature", "properties": { "decimalLatitude": 38.830925, "decimalLongitude": -77.515878, "eventDate": "2024-08-13T07:45:19Z", "countryCode": "US" }, "geometry": { "type": "Point", "coordinates": [ -77.515878, 38.830925 ] } },
{ "type": "Feature", "properties": { "decimalLatitude": 36.29467, "decimalLongitude": -79.351424, "eventDate": "2024-08-11T13:33:07Z", "countryCode": "US" }, "geometry": { "type": "Point", "coordinates": [ -79.351424, 36.29467 ] } },
{ "type": "Feature", "properties": { "decimalLatitude": 40.311632, "decimalLongitude": -75.883884, "eventDate": "2024-08-14T10:38:00Z", "countryCode": "US" }, "geometry": { "type": "Point", "coordinates": [ -75.883884, 40.311632 ] } },
{ "type": "Feature", "properties": { "decimalLatitude": 41.101421, "decimalLongitude": -81.441561, "eventDate": "2024-08-10T10:12:00Z", "countryCode": "US" }, "geometry": { "type": "Point", "coordinates": [ -81.441561, 41.101421 ] } },
{ "type": "Feature", "properties": { "decimalLatitude": 30.497454, "decimalLongitude": -97.800055, "eventDate": "2024-08-09T17:35:17Z", "countryCode": "US" }, "geometry": { "type": "Point", "coordinates": [ -97.800055, 30.497454 ] } },
{ "type": "Feature", "properties": { "decimalLatitude": 36.64043, "decimalLongitude": -89.289917, "eventDate": "2024-08-14T13:27:21Z", "countryCode": "US" }, "geometry": { "type": "Point", "coordinates": [ -89.289917, 36.64043 ] } },
{ "type": "Feature", "properties": { "decimalLatitude": 38.454967, "decimalLongitude": -77.399693, "eventDate": "2024-08-12T14:28:18Z", "countryCode": "US" }, "geometry": { "type": "Point", "coordinates": [ -77.399693, 38.454967 ] } },
{ "type": "Feature", "properties": { "decimalLatitude": 28.737209, "decimalLongitude": -82.37874, "eventDate": "2024-08-16T08:44:10Z", "countryCode": "US" }, "geometry": { "type": "Point", "coordinates": [ -82.37874, 28.737209 ] } },
{ "type": "Feature", "properties": { "decimalLatitude": 40.311632, "decimalLongitude": -75.883884, "eventDate": "2024-08-14T10:36:00Z", "countryCode": "US" }, "geometry": { "type": "Point", "coordinates": [ -75.883884, 40.311632 ] } },
{ "type": "Feature", "properties": { "decimalLatitude": 38.980645, "decimalLongitude": -77.23745, "eventDate": "2024-08-24T17:23:53Z", "countryCode": "US" }, "geometry": { "type": "Point", "coordinates": [ -77.23745, 38.980645 ] } },
{ "type": "Feature", "properties": { "decimalLatitude": 30.290832, "decimalLongitude": -84.679798, "eventDate": "2024-08-28T13:27:54Z", "countryCode": "US" }, "geometry": { "type": "Point", "coordinates": [ -84.679798, 30.290832 ] } },
{ "type": "Feature", "properties": { "decimalLatitude": 39.656778, "decimalLongitude": -78.570787, "eventDate": "2024-08-23T11:48:40Z", "countryCode": "US" }, "geometry": { "type": "Point", "coordinates": [ -78.570787, 39.656778 ] } },
{ "type": "Feature", "properties": { "decimalLatitude": 39.298033, "decimalLongitude": -86.724033, "eventDate": "2024-08-17T13:06:00Z", "countryCode": "US" }, "geometry": { "type": "Point", "coordinates": [ -86.724033, 39.298033 ] } },
{ "type": "Feature", "properties": { "decimalLatitude": 39.873789, "decimalLongitude": -86.296203, "eventDate": "2024-08-20T13:13:00Z", "countryCode": "US" }, "geometry": { "type": "Point", "coordinates": [ -86.296203, 39.873789 ] } },
{ "type": "Feature", "properties": { "decimalLatitude": 39.298033, "decimalLongitude": -86.724033, "eventDate": "2024-08-17T13:48:00Z", "countryCode": "US" }, "geometry": { "type": "Point", "coordinates": [ -86.724033, 39.298033 ] } },
{ "type": "Feature", "properties": { "decimalLatitude": 39.873789, "decimalLongitude": -86.296203, "eventDate": "2024-08-20T13:21:00Z", "countryCode": "US" }, "geometry": { "type": "Point", "coordinates": [ -86.296203, 39.873789 ] } },
{ "type": "Feature", "properties": { "decimalLatitude": 39.298033, "decimalLongitude": -86.724033, "eventDate": "2024-08-17T13:48:00Z", "countryCode": "US" }, "geometry": { "type": "Point", "coordinates": [ -86.724033, 39.298033 ] } },
{ "type": "Feature", "properties": { "decimalLatitude": 36.657918, "decimalLongitude": -83.444958, "eventDate": "2024-08-21T12:30:26Z", "countryCode": "US" }, "geometry": { "type": "Point", "coordinates": [ -83.444958, 36.657918 ] } },
{ "type": "Feature", "properties": { "decimalLatitude": 35.710876, "decimalLongitude": -90.433662, "eventDate": "2024-08-10T11:10:00Z", "countryCode": "US" }, "geometry": { "type": "Point", "coordinates": [ -90.433662, 35.710876 ] } },
{ "type": "Feature", "properties": { "decimalLatitude": 35.719537, "decimalLongitude": -81.115653, "eventDate": "2024-09-01T14:08:25Z", "countryCode": "US" }, "geometry": { "type": "Point", "coordinates": [ -81.115653, 35.719537 ] } },
{ "type": "Feature", "properties": { "decimalLatitude": 38.974045, "decimalLongitude": -77.88043, "eventDate": "2024-09-05T13:16:23Z", "countryCode": "US" }, "geometry": { "type": "Point", "coordinates": [ -77.88043, 38.974045 ] } },
{ "type": "Feature", "properties": { "decimalLatitude": 40.297298, "decimalLongitude": -77.947526, "eventDate": "2024-09-04T13:19:15Z", "countryCode": "US" }, "geometry": { "type": "Point", "coordinates": [ -77.947526, 40.297298 ] } },
{ "type": "Feature", "properties": { "decimalLatitude": 29.881627, "decimalLongitude": -82.600695, "eventDate": "2024-09-09T12:38:15Z", "countryCode": "US" }, "geometry": { "type": "Point", "coordinates": [ -82.600695, 29.881627 ] } },
{ "type": "Feature", "properties": { "decimalLatitude": 35.702814, "decimalLongitude": -90.430731, "eventDate": "2024-09-02T00:00:00Z", "countryCode": "US" }, "geometry": { "type": "Point", "coordinates": [ -90.430731, 35.702814 ] } },
{ "type": "Feature", "properties": { "decimalLatitude": 38.237062, "decimalLongitude": -92.800012, "eventDate": "2024-09-25T14:13:30Z", "countryCode": "US" }, "geometry": { "type": "Point", "coordinates": [ -92.800012, 38.237062 ] } },
{ "type": "Feature", "properties": { "decimalLatitude": 34.559115, "decimalLongitude": -93.388813, "eventDate": "2024-09-14T12:13:00Z", "countryCode": "US" }, "geometry": { "type": "Point", "coordinates": [ -93.388813, 34.559115 ] } },
{ "type": "Feature", "properties": { "decimalLatitude": 30.224829, "decimalLongitude": -94.334528, "eventDate": "2024-09-21T15:05:00Z", "countryCode": "US" }, "geometry": { "type": "Point", "coordinates": [ -94.334528, 30.224829 ] } },
{ "type": "Feature", "properties": { "decimalLatitude": 37.658281, "decimalLongitude": -76.724106, "eventDate": "2024-09-12T13:39:00Z", "countryCode": "US" }, "geometry": { "type": "Point", "coordinates": [ -76.724106, 37.658281 ] } },
{ "type": "Feature", "properties": { "decimalLatitude": 28.682898, "decimalLongitude": -82.489091, "eventDate": "2024-09-17T08:51:33Z", "countryCode": "US" }, "geometry": { "type": "Point", "coordinates": [ -82.489091, 28.682898 ] } },
{ "type": "Feature", "properties": { "decimalLatitude": 31.789707, "decimalLongitude": -85.894997, "eventDate": "2024-09-18T16:50:36Z", "countryCode": "US" }, "geometry": { "type": "Point", "coordinates": [ -85.894997, 31.789707 ] } },
{ "type": "Feature", "properties": { "decimalLatitude": 33.335913, "decimalLongitude": -89.058667, "eventDate": "2024-09-08T13:29:00Z", "countryCode": "US" }, "geometry": { "type": "Point", "coordinates": [ -89.058667, 33.335913 ] } },
{ "type": "Feature", "properties": { "decimalLatitude": 38.507338, "decimalLongitude": -86.53048, "eventDate": "2024-09-26T10:11:41Z", "countryCode": "US" }, "geometry": { "type": "Point", "coordinates": [ -86.53048, 38.507338 ] } },
{ "type": "Feature", "properties": { "decimalLatitude": 32.618016, "decimalLongitude": -85.528922, "eventDate": "2024-09-28T13:08:27Z", "countryCode": "US" }, "geometry": { "type": "Point", "coordinates": [ -85.528922, 32.618016 ] } },
{ "type": "Feature", "properties": { "decimalLatitude": 30.768991, "decimalLongitude": -86.982429, "eventDate": "2024-09-10T13:21:00Z", "countryCode": "US" }, "geometry": { "type": "Point", "coordinates": [ -86.982429, 30.768991 ] } },
{ "type": "Feature", "properties": { "decimalLatitude": 39.873789, "decimalLongitude": -86.296203, "eventDate": "2024-09-29T10:22:00Z", "countryCode": "US" }, "geometry": { "type": "Point", "coordinates": [ -86.296203, 39.873789 ] } },
{ "type": "Feature", "properties": { "decimalLatitude": 38.245997, "decimalLongitude": -92.80223, "eventDate": "2024-09-24T11:51:01Z", "countryCode": "US" }, "geometry": { "type": "Point", "coordinates": [ -92.80223, 38.245997 ] } },
{ "type": "Feature", "properties": { "decimalLatitude": 39.873789, "decimalLongitude": -86.296203, "eventDate": "2024-09-29T10:22:00Z", "countryCode": "US" }, "geometry": { "type": "Point", "coordinates": [ -86.296203, 39.873789 ] } },
{ "type": "Feature", "properties": { "decimalLatitude": 31.886114, "decimalLongitude": -86.030647, "eventDate": "2024-09-02T16:24:33Z", "countryCode": "US" }, "geometry": { "type": "Point", "coordinates": [ -86.030647, 31.886114 ] } },
{ "type": "Feature", "properties": { "decimalLatitude": 28.597867, "decimalLongitude": -82.516925, "eventDate": "2024-10-07T09:17:13Z", "countryCode": "US" }, "geometry": { "type": "Point", "coordinates": [ -82.516925, 28.597867 ] } },
{ "type": "Feature", "properties": { "decimalLatitude": 32.544942, "decimalLongitude": -85.44683, "eventDate": "2024-10-04T10:58:46Z", "countryCode": "US" }, "geometry": { "type": "Point", "coordinates": [ -85.44683, 32.544942 ] } },
{ "type": "Feature", "properties": { "decimalLatitude": 39.046752, "decimalLongitude": -86.602009, "eventDate": "2024-10-10T11:02:51Z", "countryCode": "US" }, "geometry": { "type": "Point", "coordinates": [ -86.602009, 39.046752 ] } },
{ "type": "Feature", "properties": { "decimalLatitude": 37.558568, "decimalLongitude": -84.24387, "eventDate": "2024-10-10T12:26:16Z", "countryCode": "US" }, "geometry": { "type": "Point", "coordinates": [ -84.24387, 37.558568 ] } },
{ "type": "Feature", "properties": { "decimalLatitude": 41.734277, "decimalLongitude": -87.910495, "eventDate": "2024-10-12T17:21:16Z", "countryCode": "US" }, "geometry": { "type": "Point", "coordinates": [ -87.910495, 41.734277 ] } },
{ "type": "Feature", "properties": { "decimalLatitude": 29.819795, "decimalLongitude": -99.58348, "eventDate": "2024-10-15T16:22:00Z", "countryCode": "US" }, "geometry": { "type": "Point", "coordinates": [ -99.58348, 29.819795 ] } },
{ "type": "Feature", "properties": { "decimalLatitude": 29.819777, "decimalLongitude": -99.585862, "eventDate": "2024-10-15T16:16:00Z", "countryCode": "US" }, "geometry": { "type": "Point", "coordinates": [ -99.585862, 29.819777 ] } },
{ "type": "Feature", "properties": { "decimalLatitude": 41.662291, "decimalLongitude": -87.936346, "eventDate": "2024-10-12T16:29:00Z", "countryCode": "US" }, "geometry": { "type": "Point", "coordinates": [ -87.936346, 41.662291 ] } },
{ "type": "Feature", "properties": { "decimalLatitude": 29.975184, "decimalLongitude": -99.365022, "eventDate": "2024-10-22T12:22:00Z", "countryCode": "US" }, "geometry": { "type": "Point", "coordinates": [ -99.365022, 29.975184 ] } },
{ "type": "Feature", "properties": { "decimalLatitude": 33.417217, "decimalLongitude": -89.263806, "eventDate": "2024-10-05T09:37:20Z", "countryCode": "US" }, "geometry": { "type": "Point", "coordinates": [ -89.263806, 33.417217 ] } },
{ "type": "Feature", "properties": { "decimalLatitude": 34.332166, "decimalLongitude": -79.268678, "eventDate": "2024-10-25T10:27:00Z", "countryCode": "US" }, "geometry": { "type": "Point", "coordinates": [ -79.268678, 34.332166 ] } },
{ "type": "Feature", "properties": { "decimalLatitude": 41.352258, "decimalLongitude": -73.585975, "eventDate": "2024-10-12T13:23:41Z", "countryCode": "US" }, "geometry": { "type": "Point", "coordinates": [ -73.585975, 41.352258 ] } },
{ "type": "Feature", "properties": { "decimalLatitude": 40.34333, "decimalLongitude": -75.430232, "eventDate": "2024-10-15T11:32:10Z", "countryCode": "US" }, "geometry": { "type": "Point", "coordinates": [ -75.430232, 40.34333 ] } },
{ "type": "Feature", "properties": { "decimalLatitude": 36.469006, "decimalLongitude": -90.586938, "eventDate": "2024-10-22T12:57:32Z", "countryCode": "US" }, "geometry": { "type": "Point", "coordinates": [ -90.586938, 36.469006 ] } },
{ "type": "Feature", "properties": { "decimalLatitude": 39.194843, "decimalLongitude": -86.511766, "eventDate": "2024-10-30T15:32:00Z", "countryCode": "US" }, "geometry": { "type": "Point", "coordinates": [ -86.511766, 39.194843 ] } },
{ "type": "Feature", "properties": { "decimalLatitude": 40.223061, "decimalLongitude": -77.026044, "eventDate": "2024-10-20T11:13:00Z", "countryCode": "US" }, "geometry": { "type": "Point", "coordinates": [ -77.026044, 40.223061 ] } },
{ "type": "Feature", "properties": { "decimalLatitude": 29.998347, "decimalLongitude": -99.263934, "eventDate": "2024-10-22T09:26:00Z", "countryCode": "US" }, "geometry": { "type": "Point", "coordinates": [ -99.263934, 29.998347 ] } },
{ "type": "Feature", "properties": { "decimalLatitude": 30.301803, "decimalLongitude": -98.245125, "eventDate": "2024-11-17T15:36:00Z", "countryCode": "US" }, "geometry": { "type": "Point", "coordinates": [ -98.245125, 30.301803 ] } },
{ "type": "Feature", "properties": { "decimalLatitude": 38.169939, "decimalLongitude": -78.287413, "eventDate": "2024-11-19T14:53:00Z", "countryCode": "US" }, "geometry": { "type": "Point", "coordinates": [ -78.287413, 38.169939 ] } },
{ "type": "Feature", "properties": { "decimalLatitude": 28.736985, "decimalLongitude": -82.376954, "eventDate": "2024-12-10T08:43:07Z", "countryCode": "US" }, "geometry": { "type": "Point", "coordinates": [ -82.376954, 28.736985 ] } },
{ "type": "Feature", "properties": { "decimalLatitude": 27.986666, "decimalLongitude": -81.464233, "eventDate": "2024-12-29T09:49:00Z", "countryCode": "US" }, "geometry": { "type": "Point", "coordinates": [ -81.464233, 27.986666 ] } },
{ "type": "Feature", "properties": { "decimalLatitude": 28.540371, "decimalLongitude": -82.21846, "eventDate": "2025-03-13T00:00:00Z", "countryCode": "US" }, "geometry": { "type": "Point", "coordinates": [ -82.21846, 28.540371 ] } },
{ "type": "Feature", "properties": { "decimalLatitude": 30.502671, "decimalLongitude": -97.785455, "eventDate": "2025-03-21T22:18:00Z", "countryCode": "US" }, "geometry": { "type": "Point", "coordinates": [ -97.785455, 30.502671 ] } },
{ "type": "Feature", "properties": { "decimalLatitude": 29.759606, "decimalLongitude": -98.842721, "eventDate": "2025-03-26T12:41:20Z", "countryCode": "US" }, "geometry": { "type": "Point", "coordinates": [ -98.842721, 29.759606 ] } },
{ "type": "Feature", "properties": { "decimalLatitude": 31.886217, "decimalLongitude": -97.702065, "eventDate": "2025-03-29T10:44:49Z", "countryCode": "US" }, "geometry": { "type": "Point", "coordinates": [ -97.702065, 31.886217 ] } },
{ "type": "Feature", "properties": { "decimalLatitude": 30.585349, "decimalLongitude": -97.989798, "eventDate": "2025-03-29T11:45:09Z", "countryCode": "US" }, "geometry": { "type": "Point", "coordinates": [ -97.989798, 30.585349 ] } },
{ "type": "Feature", "properties": { "decimalLatitude": 31.885075, "decimalLongitude": -97.700433, "eventDate": "2025-03-29T10:44:00Z", "countryCode": "US" }, "geometry": { "type": "Point", "coordinates": [ -97.700433, 31.885075 ] } },
{ "type": "Feature", "properties": { "decimalLatitude": 30.027222, "decimalLongitude": -98.690903, "eventDate": "2025-04-11T11:16:58Z", "countryCode": "US" }, "geometry": { "type": "Point", "coordinates": [ -98.690903, 30.027222 ] } },
{ "type": "Feature", "properties": { "decimalLatitude": 34.425349, "decimalLongitude": -87.389991, "eventDate": "2025-04-12T13:03:19Z", "countryCode": "US" }, "geometry": { "type": "Point", "coordinates": [ -87.389991, 34.425349 ] } },
{ "type": "Feature", "properties": { "decimalLatitude": 30.801878, "decimalLongitude": -92.303467, "eventDate": "2025-04-12T07:29:16Z", "countryCode": "US" }, "geometry": { "type": "Point", "coordinates": [ -92.303467, 30.801878 ] } },
{ "type": "Feature", "properties": { "decimalLatitude": 30.007262, "decimalLongitude": -97.635362, "eventDate": "2025-04-14T22:16:00Z", "countryCode": "US" }, "geometry": { "type": "Point", "coordinates": [ -97.635362, 30.007262 ] } },
{ "type": "Feature", "properties": { "decimalLatitude": 29.818583, "decimalLongitude": -99.578522, "eventDate": "2025-04-05T12:34:00Z", "countryCode": "US" }, "geometry": { "type": "Point", "coordinates": [ -99.578522, 29.818583 ] } },
{ "type": "Feature", "properties": { "decimalLatitude": 34.685742, "decimalLongitude": -93.266337, "eventDate": "2025-04-17T07:51:41Z", "countryCode": "US" }, "geometry": { "type": "Point", "coordinates": [ -93.266337, 34.685742 ] } },
{ "type": "Feature", "properties": { "decimalLatitude": 29.727897, "decimalLongitude": -82.453055, "eventDate": "2025-04-06T11:11:41Z", "countryCode": "US" }, "geometry": { "type": "Point", "coordinates": [ -82.453055, 29.727897 ] } },
{ "type": "Feature", "properties": { "decimalLatitude": 29.727926, "decimalLongitude": -82.453872, "eventDate": "2025-04-06T11:07:05Z", "countryCode": "US" }, "geometry": { "type": "Point", "coordinates": [ -82.453872, 29.727926 ] } },
{ "type": "Feature", "properties": { "decimalLatitude": 28.775051, "decimalLongitude": -82.360931, "eventDate": "2025-04-09T10:52:19Z", "countryCode": "US" }, "geometry": { "type": "Point", "coordinates": [ -82.360931, 28.775051 ] } },
{ "type": "Feature", "properties": { "decimalLatitude": 29.640277, "decimalLongitude": -98.631648, "eventDate": "2025-04-07T16:57:00Z", "countryCode": "US" }, "geometry": { "type": "Point", "coordinates": [ -98.631648, 29.640277 ] } },
{ "type": "Feature", "properties": { "decimalLatitude": 36.003385, "decimalLongitude": -92.053723, "eventDate": "2025-04-19T14:38:41Z", "countryCode": "US" }, "geometry": { "type": "Point", "coordinates": [ -92.053723, 36.003385 ] } },
{ "type": "Feature", "properties": { "decimalLatitude": 30.33672, "decimalLongitude": -97.776226, "eventDate": "2025-04-25T09:34:59Z", "countryCode": "US" }, "geometry": { "type": "Point", "coordinates": [ -97.776226, 30.33672 ] } },
{ "type": "Feature", "properties": { "decimalLatitude": 34.068175, "decimalLongitude": -87.138533, "eventDate": "2025-04-24T15:42:27Z", "countryCode": "US" }, "geometry": { "type": "Point", "coordinates": [ -87.138533, 34.068175 ] } },
{ "type": "Feature", "properties": { "decimalLatitude": 36.299706, "decimalLongitude": -93.991423, "eventDate": "2025-04-25T16:33:25Z", "countryCode": "US" }, "geometry": { "type": "Point", "coordinates": [ -93.991423, 36.299706 ] } },
{ "type": "Feature", "properties": { "decimalLatitude": 35.888516, "decimalLongitude": -79.015518, "eventDate": "2025-04-25T09:34:00Z", "countryCode": "US" }, "geometry": { "type": "Point", "coordinates": [ -79.015518, 35.888516 ] } },
{ "type": "Feature", "properties": { "decimalLatitude": 30.641316, "decimalLongitude": -94.040041, "eventDate": "2025-04-22T15:44:00Z", "countryCode": "US" }, "geometry": { "type": "Point", "coordinates": [ -94.040041, 30.641316 ] } },
{ "type": "Feature", "properties": { "decimalLatitude": 31.200022, "decimalLongitude": -97.476813, "eventDate": "2025-04-25T14:10:39Z", "countryCode": "US" }, "geometry": { "type": "Point", "coordinates": [ -97.476813, 31.200022 ] } },
{ "type": "Feature", "properties": { "decimalLatitude": 41.444484, "decimalLongitude": -90.901324, "eventDate": "2025-04-26T14:45:49Z", "countryCode": "US" }, "geometry": { "type": "Point", "coordinates": [ -90.901324, 41.444484 ] } },
{ "type": "Feature", "properties": { "decimalLatitude": 34.820781, "decimalLongitude": -86.597489, "eventDate": "2025-04-27T13:20:33Z", "countryCode": "US" }, "geometry": { "type": "Point", "coordinates": [ -86.597489, 34.820781 ] } },
{ "type": "Feature", "properties": { "decimalLatitude": 35.829155, "decimalLongitude": -79.058067, "eventDate": "2025-04-27T17:28:25Z", "countryCode": "US" }, "geometry": { "type": "Point", "coordinates": [ -79.058067, 35.829155 ] } },
{ "type": "Feature", "properties": { "decimalLatitude": 37.416016, "decimalLongitude": -89.290134, "eventDate": "2025-04-26T12:28:40Z", "countryCode": "US" }, "geometry": { "type": "Point", "coordinates": [ -89.290134, 37.416016 ] } },
{ "type": "Feature", "properties": { "decimalLatitude": 30.703572, "decimalLongitude": -94.706007, "eventDate": "2025-04-27T12:21:00Z", "countryCode": "US" }, "geometry": { "type": "Point", "coordinates": [ -94.706007, 30.703572 ] } },
{ "type": "Feature", "properties": { "decimalLatitude": 36.045717, "decimalLongitude": -78.785645, "eventDate": "2025-04-27T13:32:41Z", "countryCode": "US" }, "geometry": { "type": "Point", "coordinates": [ -78.785645, 36.045717 ] } },
{ "type": "Feature", "properties": { "decimalLatitude": 34.108364, "decimalLongitude": -84.457974, "eventDate": "2025-04-29T14:10:09Z", "countryCode": "US" }, "geometry": { "type": "Point", "coordinates": [ -84.457974, 34.108364 ] } },
{ "type": "Feature", "properties": { "decimalLatitude": 33.903618, "decimalLongitude": -83.241983, "eventDate": "2025-04-28T14:45:00Z", "countryCode": "US" }, "geometry": { "type": "Point", "coordinates": [ -83.241983, 33.903618 ] } },
{ "type": "Feature", "properties": { "decimalLatitude": 34.832408, "decimalLongitude": -86.232241, "eventDate": "2025-04-28T17:37:41Z", "countryCode": "US" }, "geometry": { "type": "Point", "coordinates": [ -86.232241, 34.832408 ] } },
{ "type": "Feature", "properties": { "decimalLatitude": 35.800089, "decimalLongitude": -94.061375, "eventDate": "2025-04-28T16:03:41Z", "countryCode": "US" }, "geometry": { "type": "Point", "coordinates": [ -94.061375, 35.800089 ] } },
{ "type": "Feature", "properties": { "decimalLatitude": 36.223102, "decimalLongitude": -92.198827, "eventDate": "2025-04-29T08:54:19Z", "countryCode": "US" }, "geometry": { "type": "Point", "coordinates": [ -92.198827, 36.223102 ] } },
{ "type": "Feature", "properties": { "decimalLatitude": 30.429775, "decimalLongitude": -98.173786, "eventDate": "2025-04-28T08:37:00Z", "countryCode": "US" }, "geometry": { "type": "Point", "coordinates": [ -98.173786, 30.429775 ] } },
{ "type": "Feature", "properties": { "decimalLatitude": 29.641075, "decimalLongitude": -98.625028, "eventDate": "2025-04-26T20:56:00Z", "countryCode": "US" }, "geometry": { "type": "Point", "coordinates": [ -98.625028, 29.641075 ] } },
{ "type": "Feature", "properties": { "decimalLatitude": 35.899452, "decimalLongitude": -78.949586, "eventDate": "2025-04-27T09:47:16Z", "countryCode": "US" }, "geometry": { "type": "Point", "coordinates": [ -78.949586, 35.899452 ] } },
{ "type": "Feature", "properties": { "decimalLatitude": 37.943205, "decimalLongitude": -76.896255, "eventDate": "2025-04-29T12:16:42Z", "countryCode": "US" }, "geometry": { "type": "Point", "coordinates": [ -76.896255, 37.943205 ] } },
{ "type": "Feature", "properties": { "decimalLatitude": 35.826279, "decimalLongitude": -79.041905, "eventDate": "2025-04-24T13:56:00Z", "countryCode": "US" }, "geometry": { "type": "Point", "coordinates": [ -79.041905, 35.826279 ] } },
{ "type": "Feature", "properties": { "decimalLatitude": 36.933146, "decimalLongitude": -77.098127, "eventDate": "2025-04-25T17:28:24Z", "countryCode": "US" }, "geometry": { "type": "Point", "coordinates": [ -77.098127, 36.933146 ] } },
{ "type": "Feature", "properties": { "decimalLatitude": 29.760383, "decimalLongitude": -98.712603, "eventDate": "2025-04-26T11:42:24Z", "countryCode": "US" }, "geometry": { "type": "Point", "coordinates": [ -98.712603, 29.760383 ] } },
{ "type": "Feature", "properties": { "decimalLatitude": 35.928783, "decimalLongitude": -78.966153, "eventDate": "2025-04-25T11:46:52Z", "countryCode": "US" }, "geometry": { "type": "Point", "coordinates": [ -78.966153, 35.928783 ] } },
{ "type": "Feature", "properties": { "decimalLatitude": 35.998646, "decimalLongitude": -78.790333, "eventDate": "2025-04-25T17:14:27Z", "countryCode": "US" }, "geometry": { "type": "Point", "coordinates": [ -78.790333, 35.998646 ] } },
{ "type": "Feature", "properties": { "decimalLatitude": 30.235467, "decimalLongitude": -81.47808, "eventDate": "2025-04-29T14:39:11Z", "countryCode": "US" }, "geometry": { "type": "Point", "coordinates": [ -81.47808, 30.235467 ] } },
{ "type": "Feature", "properties": { "decimalLatitude": 38.982595, "decimalLongitude": -77.24218, "eventDate": "2025-04-26T12:22:04Z", "countryCode": "US" }, "geometry": { "type": "Point", "coordinates": [ -77.24218, 38.982595 ] } },
{ "type": "Feature", "properties": { "decimalLatitude": 29.866751, "decimalLongitude": -98.63269, "eventDate": "2025-04-25T09:10:54Z", "countryCode": "US" }, "geometry": { "type": "Point", "coordinates": [ -98.63269, 29.866751 ] } },
{ "type": "Feature", "properties": { "decimalLatitude": 36.091903, "decimalLongitude": -79.832393, "eventDate": "2025-04-26T10:27:13Z", "countryCode": "US" }, "geometry": { "type": "Point", "coordinates": [ -79.832393, 36.091903 ] } },
{ "type": "Feature", "properties": { "decimalLatitude": 30.497521, "decimalLongitude": -97.800063, "eventDate": "2025-04-26T17:05:16Z", "countryCode": "US" }, "geometry": { "type": "Point", "coordinates": [ -97.800063, 30.497521 ] } },
{ "type": "Feature", "properties": { "decimalLatitude": 38.982487, "decimalLongitude": -77.241653, "eventDate": "2025-04-26T11:13:40Z", "countryCode": "US" }, "geometry": { "type": "Point", "coordinates": [ -77.241653, 38.982487 ] } },
{ "type": "Feature", "properties": { "decimalLatitude": 35.367378, "decimalLongitude": -78.299995, "eventDate": "2025-04-27T11:23:59Z", "countryCode": "US" }, "geometry": { "type": "Point", "coordinates": [ -78.299995, 35.367378 ] } },
{ "type": "Feature", "properties": { "decimalLatitude": 29.640739, "decimalLongitude": -98.627273, "eventDate": "2025-04-28T10:07:35Z", "countryCode": "US" }, "geometry": { "type": "Point", "coordinates": [ -98.627273, 29.640739 ] } },
{ "type": "Feature", "properties": { "decimalLatitude": 31.884914, "decimalLongitude": -97.700403, "eventDate": "2025-04-27T15:47:00Z", "countryCode": "US" }, "geometry": { "type": "Point", "coordinates": [ -97.700403, 31.884914 ] } },
{ "type": "Feature", "properties": { "decimalLatitude": 29.67555, "decimalLongitude": -98.802744, "eventDate": "2025-04-24T13:26:25Z", "countryCode": "US" }, "geometry": { "type": "Point", "coordinates": [ -98.802744, 29.67555 ] } },
{ "type": "Feature", "properties": { "decimalLatitude": 30.027217, "decimalLongitude": -98.690887, "eventDate": "2025-04-25T13:52:53Z", "countryCode": "US" }, "geometry": { "type": "Point", "coordinates": [ -98.690887, 30.027217 ] } },
{ "type": "Feature", "properties": { "decimalLatitude": 33.768367, "decimalLongitude": -84.3274, "eventDate": "2025-04-28T14:59:00Z", "countryCode": "US" }, "geometry": { "type": "Point", "coordinates": [ -84.3274, 33.768367 ] } },
{ "type": "Feature", "properties": { "decimalLatitude": 38.85917, "decimalLongitude": -77.491547, "eventDate": "2025-04-28T19:52:33Z", "countryCode": "US" }, "geometry": { "type": "Point", "coordinates": [ -77.491547, 38.85917 ] } },
{ "type": "Feature", "properties": { "decimalLatitude": 37.361001, "decimalLongitude": -89.271145, "eventDate": "2025-04-30T13:35:33Z", "countryCode": "US" }, "geometry": { "type": "Point", "coordinates": [ -89.271145, 37.361001 ] } },
{ "type": "Feature", "properties": { "decimalLatitude": 36.04567, "decimalLongitude": -78.785705, "eventDate": "2025-04-27T13:32:22Z", "countryCode": "US" }, "geometry": { "type": "Point", "coordinates": [ -78.785705, 36.04567 ] } },
{ "type": "Feature", "properties": { "decimalLatitude": 29.992898, "decimalLongitude": -98.029098, "eventDate": "2025-04-22T11:56:44Z", "countryCode": "US" }, "geometry": { "type": "Point", "coordinates": [ -98.029098, 29.992898 ] } },
{ "type": "Feature", "properties": { "decimalLatitude": 33.453251, "decimalLongitude": -88.784851, "eventDate": "2025-04-10T14:17:22Z", "countryCode": "US" }, "geometry": { "type": "Point", "coordinates": [ -88.784851, 33.453251 ] } },
{ "type": "Feature", "properties": { "decimalLatitude": 34.604705, "decimalLongitude": -93.4832, "eventDate": "2025-04-22T13:17:30Z", "countryCode": "US" }, "geometry": { "type": "Point", "coordinates": [ -93.4832, 34.604705 ] } },
{ "type": "Feature", "properties": { "decimalLatitude": 30.739704, "decimalLongitude": -94.194079, "eventDate": "2025-04-22T12:49:00Z", "countryCode": "US" }, "geometry": { "type": "Point", "coordinates": [ -94.194079, 30.739704 ] } },
{ "type": "Feature", "properties": { "decimalLatitude": 29.747961, "decimalLongitude": -98.899155, "eventDate": "2025-04-10T13:28:59Z", "countryCode": "US" }, "geometry": { "type": "Point", "coordinates": [ -98.899155, 29.747961 ] } },
{ "type": "Feature", "properties": { "decimalLatitude": 35.984633, "decimalLongitude": -92.001262, "eventDate": "2025-04-17T13:16:43Z", "countryCode": "US" }, "geometry": { "type": "Point", "coordinates": [ -92.001262, 35.984633 ] } },
{ "type": "Feature", "properties": { "decimalLatitude": 29.748147, "decimalLongitude": -98.899277, "eventDate": "2025-04-10T13:15:17Z", "countryCode": "US" }, "geometry": { "type": "Point", "coordinates": [ -98.899277, 29.748147 ] } },
{ "type": "Feature", "properties": { "decimalLatitude": 30.497453, "decimalLongitude": -97.800121, "eventDate": "2025-04-23T17:04:52Z", "countryCode": "US" }, "geometry": { "type": "Point", "coordinates": [ -97.800121, 30.497453 ] } },
{ "type": "Feature", "properties": { "decimalLatitude": 31.763618, "decimalLongitude": -94.343964, "eventDate": "2025-04-13T19:33:45Z", "countryCode": "US" }, "geometry": { "type": "Point", "coordinates": [ -94.343964, 31.763618 ] } },
{ "type": "Feature", "properties": { "decimalLatitude": 29.651158, "decimalLongitude": -98.947473, "eventDate": "2025-04-24T11:04:12Z", "countryCode": "US" }, "geometry": { "type": "Point", "coordinates": [ -98.947473, 29.651158 ] } },
{ "type": "Feature", "properties": { "decimalLatitude": 29.563516, "decimalLongitude": -98.52748, "eventDate": "2025-04-16T10:08:49Z", "countryCode": "US" }, "geometry": { "type": "Point", "coordinates": [ -98.52748, 29.563516 ] } },
{ "type": "Feature", "properties": { "decimalLatitude": 29.563519, "decimalLongitude": -98.527008, "eventDate": "2025-04-16T10:08:15Z", "countryCode": "US" }, "geometry": { "type": "Point", "coordinates": [ -98.527008, 29.563519 ] } },
{ "type": "Feature", "properties": { "decimalLatitude": 29.992895, "decimalLongitude": -98.029113, "eventDate": "2025-04-22T10:59:00Z", "countryCode": "US" }, "geometry": { "type": "Point", "coordinates": [ -98.029113, 29.992895 ] } },
{ "type": "Feature", "properties": { "decimalLatitude": 35.367378, "decimalLongitude": -78.299995, "eventDate": "2025-04-27T11:23:59Z", "countryCode": "US" }, "geometry": { "type": "Point", "coordinates": [ -78.299995, 35.367378 ] } },
{ "type": "Feature", "properties": { "decimalLatitude": 34.353837, "decimalLongitude": -93.15383, "eventDate": "2025-05-08T10:40:14Z", "countryCode": "US" }, "geometry": { "type": "Point", "coordinates": [ -93.15383, 34.353837 ] } },
{ "type": "Feature", "properties": { "decimalLatitude": 36.77683, "decimalLongitude": -88.053126, "eventDate": "2025-05-04T13:32:04Z", "countryCode": "US" }, "geometry": { "type": "Point", "coordinates": [ -88.053126, 36.77683 ] } },
{ "type": "Feature", "properties": { "decimalLatitude": 38.717788, "decimalLongitude": -77.928038, "eventDate": "2025-05-04T15:42:13Z", "countryCode": "US" }, "geometry": { "type": "Point", "coordinates": [ -77.928038, 38.717788 ] } },
{ "type": "Feature", "properties": { "decimalLatitude": 36.776245, "decimalLongitude": -88.056009, "eventDate": "2025-05-04T14:55:12Z", "countryCode": "US" }, "geometry": { "type": "Point", "coordinates": [ -88.056009, 36.776245 ] } },
{ "type": "Feature", "properties": { "decimalLatitude": 33.673471, "decimalLongitude": -84.119714, "eventDate": "2025-05-03T19:02:00Z", "countryCode": "US" }, "geometry": { "type": "Point", "coordinates": [ -84.119714, 33.673471 ] } },
{ "type": "Feature", "properties": { "decimalLatitude": 36.061714, "decimalLongitude": -78.961212, "eventDate": "2025-05-09T14:31:16Z", "countryCode": "US" }, "geometry": { "type": "Point", "coordinates": [ -78.961212, 36.061714 ] } },
{ "type": "Feature", "properties": { "decimalLatitude": 30.473812, "decimalLongitude": -95.035991, "eventDate": "2025-05-11T17:36:00Z", "countryCode": "US" }, "geometry": { "type": "Point", "coordinates": [ -95.035991, 30.473812 ] } },
{ "type": "Feature", "properties": { "decimalLatitude": 29.749001, "decimalLongitude": -98.933658, "eventDate": "2025-05-08T13:56:33Z", "countryCode": "US" }, "geometry": { "type": "Point", "coordinates": [ -98.933658, 29.749001 ] } },
{ "type": "Feature", "properties": { "decimalLatitude": 31.298575, "decimalLongitude": -97.467195, "eventDate": "2025-05-07T10:47:18Z", "countryCode": "US" }, "geometry": { "type": "Point", "coordinates": [ -97.467195, 31.298575 ] } },
{ "type": "Feature", "properties": { "decimalLatitude": 39.354392, "decimalLongitude": -86.346731, "eventDate": "2025-05-10T14:43:24Z", "countryCode": "US" }, "geometry": { "type": "Point", "coordinates": [ -86.346731, 39.354392 ] } },
{ "type": "Feature", "properties": { "decimalLatitude": 30.497466, "decimalLongitude": -97.800016, "eventDate": "2025-05-04T14:21:54Z", "countryCode": "US" }, "geometry": { "type": "Point", "coordinates": [ -97.800016, 30.497466 ] } },
{ "type": "Feature", "properties": { "decimalLatitude": 36.518322, "decimalLongitude": -87.5495, "eventDate": "2025-05-07T11:40:37Z", "countryCode": "US" }, "geometry": { "type": "Point", "coordinates": [ -87.5495, 36.518322 ] } },
{ "type": "Feature", "properties": { "decimalLatitude": 39.283394, "decimalLongitude": -82.000431, "eventDate": "2025-05-10T15:38:00Z", "countryCode": "US" }, "geometry": { "type": "Point", "coordinates": [ -82.000431, 39.283394 ] } },
{ "type": "Feature", "properties": { "decimalLatitude": 38.352261, "decimalLongitude": -87.146167, "eventDate": "2025-05-06T14:54:00Z", "countryCode": "US" }, "geometry": { "type": "Point", "coordinates": [ -87.146167, 38.352261 ] } },
{ "type": "Feature", "properties": { "decimalLatitude": 36.775981, "decimalLongitude": -88.055881, "eventDate": "2025-05-04T13:49:04Z", "countryCode": "US" }, "geometry": { "type": "Point", "coordinates": [ -88.055881, 36.775981 ] } },
{ "type": "Feature", "properties": { "decimalLatitude": 35.990872, "decimalLongitude": -79.43757, "eventDate": "2025-05-04T13:22:44Z", "countryCode": "US" }, "geometry": { "type": "Point", "coordinates": [ -79.43757, 35.990872 ] } },
{ "type": "Feature", "properties": { "decimalLatitude": 31.887166, "decimalLongitude": -97.704024, "eventDate": "2025-05-04T09:52:00Z", "countryCode": "US" }, "geometry": { "type": "Point", "coordinates": [ -97.704024, 31.887166 ] } },
{ "type": "Feature", "properties": { "decimalLatitude": 29.550464, "decimalLongitude": -82.208849, "eventDate": "2025-05-05T18:29:00Z", "countryCode": "US" }, "geometry": { "type": "Point", "coordinates": [ -82.208849, 29.550464 ] } },
{ "type": "Feature", "properties": { "decimalLatitude": 35.796117, "decimalLongitude": -82.603233, "eventDate": "2025-05-02T15:46:08Z", "countryCode": "US" }, "geometry": { "type": "Point", "coordinates": [ -82.603233, 35.796117 ] } },
{ "type": "Feature", "properties": { "decimalLatitude": 38.717792, "decimalLongitude": -77.928047, "eventDate": "2025-05-04T15:42:15Z", "countryCode": "US" }, "geometry": { "type": "Point", "coordinates": [ -77.928047, 38.717792 ] } },
{ "type": "Feature", "properties": { "decimalLatitude": 30.518176, "decimalLongitude": -84.119865, "eventDate": "2025-05-08T16:36:34Z", "countryCode": "US" }, "geometry": { "type": "Point", "coordinates": [ -84.119865, 30.518176 ] } },
{ "type": "Feature", "properties": { "decimalLatitude": 33.710699, "decimalLongitude": -83.684228, "eventDate": "2025-05-01T16:10:17Z", "countryCode": "US" }, "geometry": { "type": "Point", "coordinates": [ -83.684228, 33.710699 ] } },
{ "type": "Feature", "properties": { "decimalLatitude": 38.006392, "decimalLongitude": -78.465004, "eventDate": "2025-05-08T12:20:29Z", "countryCode": "US" }, "geometry": { "type": "Point", "coordinates": [ -78.465004, 38.006392 ] } },
{ "type": "Feature", "properties": { "decimalLatitude": 30.801951, "decimalLongitude": -92.303365, "eventDate": "2025-05-04T12:50:43Z", "countryCode": "US" }, "geometry": { "type": "Point", "coordinates": [ -92.303365, 30.801951 ] } },
{ "type": "Feature", "properties": { "decimalLatitude": 29.778697, "decimalLongitude": -98.708655, "eventDate": "2025-05-07T14:18:46Z", "countryCode": "US" }, "geometry": { "type": "Point", "coordinates": [ -98.708655, 29.778697 ] } },
{ "type": "Feature", "properties": { "decimalLatitude": 34.158871, "decimalLongitude": -87.384833, "eventDate": "2025-05-07T17:37:43Z", "countryCode": "US" }, "geometry": { "type": "Point", "coordinates": [ -87.384833, 34.158871 ] } },
{ "type": "Feature", "properties": { "decimalLatitude": 39.987692, "decimalLongitude": -78.536747, "eventDate": "2025-05-07T13:19:41Z", "countryCode": "US" }, "geometry": { "type": "Point", "coordinates": [ -78.536747, 39.987692 ] } },
{ "type": "Feature", "properties": { "decimalLatitude": 33.406964, "decimalLongitude": -91.563219, "eventDate": "2025-05-03T14:47:04Z", "countryCode": "US" }, "geometry": { "type": "Point", "coordinates": [ -91.563219, 33.406964 ] } },
{ "type": "Feature", "properties": { "decimalLatitude": 35.173355, "decimalLongitude": -78.897133, "eventDate": "2025-05-09T11:11:06Z", "countryCode": "US" }, "geometry": { "type": "Point", "coordinates": [ -78.897133, 35.173355 ] } },
{ "type": "Feature", "properties": { "decimalLatitude": 38.982627, "decimalLongitude": -77.237172, "eventDate": "2025-05-10T10:05:00Z", "countryCode": "US" }, "geometry": { "type": "Point", "coordinates": [ -77.237172, 38.982627 ] } },
{ "type": "Feature", "properties": { "decimalLatitude": 34.079961, "decimalLongitude": -87.138511, "eventDate": "2025-05-21T14:03:20Z", "countryCode": "US" }, "geometry": { "type": "Point", "coordinates": [ -87.138511, 34.079961 ] } },
{ "type": "Feature", "properties": { "decimalLatitude": 39.768131, "decimalLongitude": -77.859759, "eventDate": "2025-05-15T10:05:00Z", "countryCode": "US" }, "geometry": { "type": "Point", "coordinates": [ -77.859759, 39.768131 ] } },
{ "type": "Feature", "properties": { "decimalLatitude": 31.052, "decimalLongitude": -94.099588, "eventDate": "2025-05-09T15:24:57Z", "countryCode": "US" }, "geometry": { "type": "Point", "coordinates": [ -94.099588, 31.052 ] } },
{ "type": "Feature", "properties": { "decimalLatitude": 37.278688, "decimalLongitude": -89.322205, "eventDate": "2025-05-18T13:23:14Z", "countryCode": "US" }, "geometry": { "type": "Point", "coordinates": [ -89.322205, 37.278688 ] } },
{ "type": "Feature", "properties": { "decimalLatitude": 39.846382, "decimalLongitude": -86.340857, "eventDate": "2025-05-05T12:34:00Z", "countryCode": "US" }, "geometry": { "type": "Point", "coordinates": [ -86.340857, 39.846382 ] } },
{ "type": "Feature", "properties": { "decimalLatitude": 34.082511, "decimalLongitude": -87.135986, "eventDate": "2025-05-21T14:33:25Z", "countryCode": "US" }, "geometry": { "type": "Point", "coordinates": [ -87.135986, 34.082511 ] } },
{ "type": "Feature", "properties": { "decimalLatitude": 38.203508, "decimalLongitude": -77.63618, "eventDate": "2025-05-24T18:31:42Z", "countryCode": "US" }, "geometry": { "type": "Point", "coordinates": [ -77.63618, 38.203508 ] } },
{ "type": "Feature", "properties": { "decimalLatitude": 34.080006, "decimalLongitude": -87.136658, "eventDate": "2025-05-21T14:09:01Z", "countryCode": "US" }, "geometry": { "type": "Point", "coordinates": [ -87.136658, 34.080006 ] } },
{ "type": "Feature", "properties": { "decimalLatitude": 34.980117, "decimalLongitude": -92.36802, "eventDate": "2025-05-20T17:57:07Z", "countryCode": "US" }, "geometry": { "type": "Point", "coordinates": [ -92.36802, 34.980117 ] } },
{ "type": "Feature", "properties": { "decimalLatitude": 39.436822, "decimalLongitude": -88.144967, "eventDate": "2025-05-23T15:08:39Z", "countryCode": "US" }, "geometry": { "type": "Point", "coordinates": [ -88.144967, 39.436822 ] } },
{ "type": "Feature", "properties": { "decimalLatitude": 38.518595, "decimalLongitude": -75.816851, "eventDate": "2025-05-26T15:10:22Z", "countryCode": "US" }, "geometry": { "type": "Point", "coordinates": [ -75.816851, 38.518595 ] } },
{ "type": "Feature", "properties": { "decimalLatitude": 32.497232, "decimalLongitude": -88.016515, "eventDate": "2025-05-19T11:34:22Z", "countryCode": "US" }, "geometry": { "type": "Point", "coordinates": [ -88.016515, 32.497232 ] } },
{ "type": "Feature", "properties": { "decimalLatitude": 35.954898, "decimalLongitude": -90.139015, "eventDate": "2025-05-22T11:29:00Z", "countryCode": "US" }, "geometry": { "type": "Point", "coordinates": [ -90.139015, 35.954898 ] } },
{ "type": "Feature", "properties": { "decimalLatitude": 37.668059, "decimalLongitude": -88.418016, "eventDate": "2025-05-19T12:32:00Z", "countryCode": "US" }, "geometry": { "type": "Point", "coordinates": [ -88.418016, 37.668059 ] } },
{ "type": "Feature", "properties": { "decimalLatitude": 39.84637, "decimalLongitude": -86.34083, "eventDate": "2025-05-05T12:34:00Z", "countryCode": "US" }, "geometry": { "type": "Point", "coordinates": [ -86.34083, 39.84637 ] } },
{ "type": "Feature", "properties": { "decimalLatitude": 34.06837, "decimalLongitude": -87.137672, "eventDate": "2025-05-09T17:44:15Z", "countryCode": "US" }, "geometry": { "type": "Point", "coordinates": [ -87.137672, 34.06837 ] } },
{ "type": "Feature", "properties": { "decimalLatitude": 34.088489, "decimalLongitude": -87.128508, "eventDate": "2025-05-21T15:22:50Z", "countryCode": "US" }, "geometry": { "type": "Point", "coordinates": [ -87.128508, 34.088489 ] } },
{ "type": "Feature", "properties": { "decimalLatitude": 40.441927, "decimalLongitude": -75.158221, "eventDate": "2025-05-26T11:25:57Z", "countryCode": "US" }, "geometry": { "type": "Point", "coordinates": [ -75.158221, 40.441927 ] } },
{ "type": "Feature", "properties": { "decimalLatitude": 35.010238, "decimalLongitude": -80.672114, "eventDate": "2025-05-26T13:29:29Z", "countryCode": "US" }, "geometry": { "type": "Point", "coordinates": [ -80.672114, 35.010238 ] } },
{ "type": "Feature", "properties": { "decimalLatitude": 39.162628, "decimalLongitude": -82.955067, "eventDate": "2025-05-26T09:42:39Z", "countryCode": "US" }, "geometry": { "type": "Point", "coordinates": [ -82.955067, 39.162628 ] } },
{ "type": "Feature", "properties": { "decimalLatitude": 35.950687, "decimalLongitude": -78.978308, "eventDate": "2025-05-23T11:45:29Z", "countryCode": "US" }, "geometry": { "type": "Point", "coordinates": [ -78.978308, 35.950687 ] } },
{ "type": "Feature", "properties": { "decimalLatitude": 38.995912, "decimalLongitude": -77.248772, "eventDate": "2025-05-18T19:23:22Z", "countryCode": "US" }, "geometry": { "type": "Point", "coordinates": [ -77.248772, 38.995912 ] } },
{ "type": "Feature", "properties": { "decimalLatitude": 28.810933, "decimalLongitude": -82.417513, "eventDate": "2025-05-14T09:15:53Z", "countryCode": "US" }, "geometry": { "type": "Point", "coordinates": [ -82.417513, 28.810933 ] } },
{ "type": "Feature", "properties": { "decimalLatitude": 37.301293, "decimalLongitude": -89.255733, "eventDate": "2025-05-17T10:39:59Z", "countryCode": "US" }, "geometry": { "type": "Point", "coordinates": [ -89.255733, 37.301293 ] } },
{ "type": "Feature", "properties": { "decimalLatitude": 34.082553, "decimalLongitude": -87.135955, "eventDate": "2025-05-21T14:33:40Z", "countryCode": "US" }, "geometry": { "type": "Point", "coordinates": [ -87.135955, 34.082553 ] } },
{ "type": "Feature", "properties": { "decimalLatitude": 38.548017, "decimalLongitude": -77.399003, "eventDate": "2025-05-24T18:08:33Z", "countryCode": "US" }, "geometry": { "type": "Point", "coordinates": [ -77.399003, 38.548017 ] } },
{ "type": "Feature", "properties": { "decimalLatitude": 38.889288, "decimalLongitude": -84.372626, "eventDate": "2025-05-26T14:27:02Z", "countryCode": "US" }, "geometry": { "type": "Point", "coordinates": [ -84.372626, 38.889288 ] } },
{ "type": "Feature", "properties": { "decimalLatitude": 33.529078, "decimalLongitude": -86.67542, "eventDate": "2025-05-03T14:26:10Z", "countryCode": "US" }, "geometry": { "type": "Point", "coordinates": [ -86.67542, 33.529078 ] } },
{ "type": "Feature", "properties": { "decimalLatitude": 40.656986, "decimalLongitude": -89.11552, "eventDate": "2025-05-25T15:17:14Z", "countryCode": "US" }, "geometry": { "type": "Point", "coordinates": [ -89.11552, 40.656986 ] } },
{ "type": "Feature", "properties": { "decimalLatitude": 39.623014, "decimalLongitude": -77.220595, "eventDate": "2025-05-16T09:24:00Z", "countryCode": "US" }, "geometry": { "type": "Point", "coordinates": [ -77.220595, 39.623014 ] } },
{ "type": "Feature", "properties": { "decimalLatitude": 36.053165, "decimalLongitude": -78.838605, "eventDate": "2025-05-26T00:00:00Z", "countryCode": "US" }, "geometry": { "type": "Point", "coordinates": [ -78.838605, 36.053165 ] } },
{ "type": "Feature", "properties": { "decimalLatitude": 37.930757, "decimalLongitude": -89.216061, "eventDate": "2025-05-21T11:31:00Z", "countryCode": "US" }, "geometry": { "type": "Point", "coordinates": [ -89.216061, 37.930757 ] } },
{ "type": "Feature", "properties": { "decimalLatitude": 38.496063, "decimalLongitude": -85.249472, "eventDate": "2025-05-23T14:53:37Z", "countryCode": "US" }, "geometry": { "type": "Point", "coordinates": [ -85.249472, 38.496063 ] } },
{ "type": "Feature", "properties": { "decimalLatitude": 34.082825, "decimalLongitude": -87.1361, "eventDate": "2025-05-21T14:50:44Z", "countryCode": "US" }, "geometry": { "type": "Point", "coordinates": [ -87.1361, 34.082825 ] } },
{ "type": "Feature", "properties": { "decimalLatitude": 41.495011, "decimalLongitude": -90.938514, "eventDate": "2025-05-22T17:24:00Z", "countryCode": "US" }, "geometry": { "type": "Point", "coordinates": [ -90.938514, 41.495011 ] } },
{ "type": "Feature", "properties": { "decimalLatitude": 30.299931, "decimalLongitude": -98.251253, "eventDate": "2025-05-23T08:32:00Z", "countryCode": "US" }, "geometry": { "type": "Point", "coordinates": [ -98.251253, 30.299931 ] } },
{ "type": "Feature", "properties": { "decimalLatitude": 35.954815, "decimalLongitude": -90.138729, "eventDate": "2025-05-22T11:27:00Z", "countryCode": "US" }, "geometry": { "type": "Point", "coordinates": [ -90.138729, 35.954815 ] } },
{ "type": "Feature", "properties": { "decimalLatitude": 41.37525, "decimalLongitude": -72.325242, "eventDate": "2025-05-25T19:23:06Z", "countryCode": "US" }, "geometry": { "type": "Point", "coordinates": [ -72.325242, 41.37525 ] } },
{ "type": "Feature", "properties": { "decimalLatitude": 34.522681, "decimalLongitude": -89.370569, "eventDate": "2025-05-24T09:44:02Z", "countryCode": "US" }, "geometry": { "type": "Point", "coordinates": [ -89.370569, 34.522681 ] } },
{ "type": "Feature", "properties": { "decimalLatitude": 31.193175, "decimalLongitude": -89.129989, "eventDate": "2025-05-17T15:03:00Z", "countryCode": "US" }, "geometry": { "type": "Point", "coordinates": [ -89.129989, 31.193175 ] } },
{ "type": "Feature", "properties": { "decimalLatitude": 37.355683, "decimalLongitude": -88.921156, "eventDate": "2025-05-25T16:41:35Z", "countryCode": "US" }, "geometry": { "type": "Point", "coordinates": [ -88.921156, 37.355683 ] } },
{ "type": "Feature", "properties": { "decimalLatitude": 34.200722, "decimalLongitude": -88.829408, "eventDate": "2025-05-28T14:08:22Z", "countryCode": "US" }, "geometry": { "type": "Point", "coordinates": [ -88.829408, 34.200722 ] } },
{ "type": "Feature", "properties": { "decimalLatitude": 32.419108, "decimalLongitude": -82.030594, "eventDate": "2025-05-30T08:43:25Z", "countryCode": "US" }, "geometry": { "type": "Point", "coordinates": [ -82.030594, 32.419108 ] } },
{ "type": "Feature", "properties": { "decimalLatitude": 33.433287, "decimalLongitude": -83.197945, "eventDate": "2025-05-29T16:39:44Z", "countryCode": "US" }, "geometry": { "type": "Point", "coordinates": [ -83.197945, 33.433287 ] } },
{ "type": "Feature", "properties": { "decimalLatitude": 39.141414, "decimalLongitude": -86.290151, "eventDate": "2025-05-27T12:55:00Z", "countryCode": "US" }, "geometry": { "type": "Point", "coordinates": [ -86.290151, 39.141414 ] } },
{ "type": "Feature", "properties": { "decimalLatitude": 34.6894, "decimalLongitude": -93.341942, "eventDate": "2025-05-30T14:00:30Z", "countryCode": "US" }, "geometry": { "type": "Point", "coordinates": [ -93.341942, 34.6894 ] } },
{ "type": "Feature", "properties": { "decimalLatitude": 29.578898, "decimalLongitude": -99.699797, "eventDate": "2025-05-21T11:47:00Z", "countryCode": "US" }, "geometry": { "type": "Point", "coordinates": [ -99.699797, 29.578898 ] } },
{ "type": "Feature", "properties": { "decimalLatitude": 31.502627, "decimalLongitude": -94.722817, "eventDate": "2025-05-23T18:17:00Z", "countryCode": "US" }, "geometry": { "type": "Point", "coordinates": [ -94.722817, 31.502627 ] } },
{ "type": "Feature", "properties": { "decimalLatitude": 29.576983, "decimalLongitude": -99.708884, "eventDate": "2025-05-21T10:08:00Z", "countryCode": "US" }, "geometry": { "type": "Point", "coordinates": [ -99.708884, 29.576983 ] } },
{ "type": "Feature", "properties": { "decimalLatitude": 37.783392, "decimalLongitude": -88.47589, "eventDate": "2025-05-19T12:30:51Z", "countryCode": "US" }, "geometry": { "type": "Point", "coordinates": [ -88.47589, 37.783392 ] } },
{ "type": "Feature", "properties": { "decimalLatitude": 35.237983, "decimalLongitude": -79.819017, "eventDate": "2025-05-20T15:46:00Z", "countryCode": "US" }, "geometry": { "type": "Point", "coordinates": [ -79.819017, 35.237983 ] } },
{ "type": "Feature", "properties": { "decimalLatitude": 36.226607, "decimalLongitude": -92.199645, "eventDate": "2025-05-11T19:34:20Z", "countryCode": "US" }, "geometry": { "type": "Point", "coordinates": [ -92.199645, 36.226607 ] } },
{ "type": "Feature", "properties": { "decimalLatitude": 32.681851, "decimalLongitude": -80.348299, "eventDate": "2025-05-17T12:36:00Z", "countryCode": "US" }, "geometry": { "type": "Point", "coordinates": [ -80.348299, 32.681851 ] } },
{ "type": "Feature", "properties": { "decimalLatitude": 38.517903, "decimalLongitude": -75.824595, "eventDate": "2025-05-26T15:11:00Z", "countryCode": "US" }, "geometry": { "type": "Point", "coordinates": [ -75.824595, 38.517903 ] } },
{ "type": "Feature", "properties": { "decimalLatitude": 30.497508, "decimalLongitude": -97.800041, "eventDate": "2025-05-10T13:59:55Z", "countryCode": "US" }, "geometry": { "type": "Point", "coordinates": [ -97.800041, 30.497508 ] } },
{ "type": "Feature", "properties": { "decimalLatitude": 30.797825, "decimalLongitude": -94.375838, "eventDate": "2025-05-17T10:24:41Z", "countryCode": "US" }, "geometry": { "type": "Point", "coordinates": [ -94.375838, 30.797825 ] } },
{ "type": "Feature", "properties": { "decimalLatitude": 30.497473, "decimalLongitude": -97.800083, "eventDate": "2025-05-30T18:09:47Z", "countryCode": "US" }, "geometry": { "type": "Point", "coordinates": [ -97.800083, 30.497473 ] } },
{ "type": "Feature", "properties": { "decimalLatitude": 29.789889, "decimalLongitude": -98.889316, "eventDate": "2025-05-08T13:25:16Z", "countryCode": "US" }, "geometry": { "type": "Point", "coordinates": [ -98.889316, 29.789889 ] } },
{ "type": "Feature", "properties": { "decimalLatitude": 29.778892, "decimalLongitude": -98.708687, "eventDate": "2025-05-07T14:19:00Z", "countryCode": "US" }, "geometry": { "type": "Point", "coordinates": [ -98.708687, 29.778892 ] } },
{ "type": "Feature", "properties": { "decimalLatitude": 31.550489, "decimalLongitude": -94.042722, "eventDate": "2025-05-10T10:13:00Z", "countryCode": "US" }, "geometry": { "type": "Point", "coordinates": [ -94.042722, 31.550489 ] } },
{ "type": "Feature", "properties": { "decimalLatitude": 39.873789, "decimalLongitude": -86.296203, "eventDate": "2025-05-17T15:27:00Z", "countryCode": "US" }, "geometry": { "type": "Point", "coordinates": [ -86.296203, 39.873789 ] } },
{ "type": "Feature", "properties": { "decimalLatitude": 39.873789, "decimalLongitude": -86.296203, "eventDate": "2025-05-17T14:55:00Z", "countryCode": "US" }, "geometry": { "type": "Point", "coordinates": [ -86.296203, 39.873789 ] } },
{ "type": "Feature", "properties": { "decimalLatitude": 36.867287, "decimalLongitude": -77.181572, "eventDate": "2025-05-16T15:57:38Z", "countryCode": "US" }, "geometry": { "type": "Point", "coordinates": [ -77.181572, 36.867287 ] } },
{ "type": "Feature", "properties": { "decimalLatitude": 34.945747, "decimalLongitude": -81.470113, "eventDate": "2025-05-20T14:24:41Z", "countryCode": "US" }, "geometry": { "type": "Point", "coordinates": [ -81.470113, 34.945747 ] } },
{ "type": "Feature", "properties": { "decimalLatitude": 33.758362, "decimalLongitude": -80.717338, "eventDate": "2025-05-21T10:30:02Z", "countryCode": "US" }, "geometry": { "type": "Point", "coordinates": [ -80.717338, 33.758362 ] } },
{ "type": "Feature", "properties": { "decimalLatitude": 35.879515, "decimalLongitude": -75.760661, "eventDate": "2025-05-22T11:34:04Z", "countryCode": "US" }, "geometry": { "type": "Point", "coordinates": [ -75.760661, 35.879515 ] } },
{ "type": "Feature", "properties": { "decimalLatitude": 36.533352, "decimalLongitude": -92.601492, "eventDate": "2025-05-30T09:01:23Z", "countryCode": "US" }, "geometry": { "type": "Point", "coordinates": [ -92.601492, 36.533352 ] } },
{ "type": "Feature", "properties": { "decimalLatitude": 38.44415, "decimalLongitude": -86.525405, "eventDate": "2025-05-27T15:49:48Z", "countryCode": "US" }, "geometry": { "type": "Point", "coordinates": [ -86.525405, 38.44415 ] } },
{ "type": "Feature", "properties": { "decimalLatitude": 37.189205, "decimalLongitude": -89.644852, "eventDate": "2025-05-15T00:00:00Z", "countryCode": "US" }, "geometry": { "type": "Point", "coordinates": [ -89.644852, 37.189205 ] } },
{ "type": "Feature", "properties": { "decimalLatitude": 35.954718, "decimalLongitude": -90.138852, "eventDate": "2025-05-31T11:02:33Z", "countryCode": "US" }, "geometry": { "type": "Point", "coordinates": [ -90.138852, 35.954718 ] } },
{ "type": "Feature", "properties": { "decimalLatitude": 33.060283, "decimalLongitude": -87.036931, "eventDate": "2025-05-22T18:42:00Z", "countryCode": "US" }, "geometry": { "type": "Point", "coordinates": [ -87.036931, 33.060283 ] } },
{ "type": "Feature", "properties": { "decimalLatitude": 35.95481, "decimalLongitude": -90.138747, "eventDate": "2025-05-22T11:26:56Z", "countryCode": "US" }, "geometry": { "type": "Point", "coordinates": [ -90.138747, 35.95481 ] } },
{ "type": "Feature", "properties": { "decimalLatitude": 34.354108, "decimalLongitude": -93.151202, "eventDate": "2025-05-09T15:56:41Z", "countryCode": "US" }, "geometry": { "type": "Point", "coordinates": [ -93.151202, 34.354108 ] } },
{ "type": "Feature", "properties": { "decimalLatitude": 34.63338, "decimalLongitude": -92.861237, "eventDate": "2025-06-03T10:44:53Z", "countryCode": "US" }, "geometry": { "type": "Point", "coordinates": [ -92.861237, 34.63338 ] } },
{ "type": "Feature", "properties": { "decimalLatitude": 38.031352, "decimalLongitude": -77.958828, "eventDate": "2025-06-03T15:04:32Z", "countryCode": "US" }, "geometry": { "type": "Point", "coordinates": [ -77.958828, 38.031352 ] } },
{ "type": "Feature", "properties": { "decimalLatitude": 28.812908, "decimalLongitude": -82.48157, "eventDate": "2025-06-10T09:54:39Z", "countryCode": "US" }, "geometry": { "type": "Point", "coordinates": [ -82.48157, 28.812908 ] } },
{ "type": "Feature", "properties": { "decimalLatitude": 35.776932, "decimalLongitude": -78.81492, "eventDate": "2025-06-04T01:14:57Z", "countryCode": "US" }, "geometry": { "type": "Point", "coordinates": [ -78.81492, 35.776932 ] } },
{ "type": "Feature", "properties": { "decimalLatitude": 39.618684, "decimalLongitude": -78.478663, "eventDate": "2025-06-04T11:07:39Z", "countryCode": "US" }, "geometry": { "type": "Point", "coordinates": [ -78.478663, 39.618684 ] } },
{ "type": "Feature", "properties": { "decimalLatitude": 38.561036, "decimalLongitude": -81.566455, "eventDate": "2025-06-03T12:21:05Z", "countryCode": "US" }, "geometry": { "type": "Point", "coordinates": [ -81.566455, 38.561036 ] } },
{ "type": "Feature", "properties": { "decimalLatitude": 39.162471, "decimalLongitude": -86.21458, "eventDate": "2025-06-04T18:57:38Z", "countryCode": "US" }, "geometry": { "type": "Point", "coordinates": [ -86.21458, 39.162471 ] } },
{ "type": "Feature", "properties": { "decimalLatitude": 38.029525, "decimalLongitude": -91.804344, "eventDate": "2025-06-01T11:23:00Z", "countryCode": "US" }, "geometry": { "type": "Point", "coordinates": [ -91.804344, 38.029525 ] } },
{ "type": "Feature", "properties": { "decimalLatitude": 38.577503, "decimalLongitude": -81.4787, "eventDate": "2025-06-03T12:21:05Z", "countryCode": "US" }, "geometry": { "type": "Point", "coordinates": [ -81.4787, 38.577503 ] } },
{ "type": "Feature", "properties": { "decimalLatitude": 39.181695, "decimalLongitude": -83.19207, "eventDate": "2025-06-04T15:27:49Z", "countryCode": "US" }, "geometry": { "type": "Point", "coordinates": [ -83.19207, 39.181695 ] } },
{ "type": "Feature", "properties": { "decimalLatitude": 38.231221, "decimalLongitude": -86.976242, "eventDate": "2025-06-07T12:54:45Z", "countryCode": "US" }, "geometry": { "type": "Point", "coordinates": [ -86.976242, 38.231221 ] } },
{ "type": "Feature", "properties": { "decimalLatitude": 35.598989, "decimalLongitude": -90.683859, "eventDate": "2025-06-01T00:00:00Z", "countryCode": "US" }, "geometry": { "type": "Point", "coordinates": [ -90.683859, 35.598989 ] } },
{ "type": "Feature", "properties": { "decimalLatitude": 33.619921, "decimalLongitude": -83.874474, "eventDate": "2025-06-02T11:01:23Z", "countryCode": "US" }, "geometry": { "type": "Point", "coordinates": [ -83.874474, 33.619921 ] } },
{ "type": "Feature", "properties": { "decimalLatitude": 31.587656, "decimalLongitude": -97.160978, "eventDate": "2025-06-09T13:28:50Z", "countryCode": "US" }, "geometry": { "type": "Point", "coordinates": [ -97.160978, 31.587656 ] } },
{ "type": "Feature", "properties": { "decimalLatitude": 40.311632, "decimalLongitude": -75.883884, "eventDate": "2025-06-04T11:59:00Z", "countryCode": "US" }, "geometry": { "type": "Point", "coordinates": [ -75.883884, 40.311632 ] } },
{ "type": "Feature", "properties": { "decimalLatitude": 38.57735, "decimalLongitude": -81.479453, "eventDate": "2025-06-03T11:39:53Z", "countryCode": "US" }, "geometry": { "type": "Point", "coordinates": [ -81.479453, 38.57735 ] } },
{ "type": "Feature", "properties": { "decimalLatitude": 30.7208, "decimalLongitude": -85.930428, "eventDate": "2025-06-08T17:13:17Z", "countryCode": "US" }, "geometry": { "type": "Point", "coordinates": [ -85.930428, 30.7208 ] } },
{ "type": "Feature", "properties": { "decimalLatitude": 39.24083, "decimalLongitude": -81.30973, "eventDate": "2025-06-07T12:01:29Z", "countryCode": "US" }, "geometry": { "type": "Point", "coordinates": [ -81.30973, 39.24083 ] } },
{ "type": "Feature", "properties": { "decimalLatitude": 38.006579, "decimalLongitude": -76.805709, "eventDate": "2025-06-15T14:09:20Z", "countryCode": "US" }, "geometry": { "type": "Point", "coordinates": [ -76.805709, 38.006579 ] } },
{ "type": "Feature", "properties": { "decimalLatitude": 35.350958, "decimalLongitude": -80.919647, "eventDate": "2025-06-16T14:25:48Z", "countryCode": "US" }, "geometry": { "type": "Point", "coordinates": [ -80.919647, 35.350958 ] } },
{ "type": "Feature", "properties": { "decimalLatitude": 38.972146, "decimalLongitude": -77.367066, "eventDate": "2025-06-12T12:06:08Z", "countryCode": "US" }, "geometry": { "type": "Point", "coordinates": [ -77.367066, 38.972146 ] } },
{ "type": "Feature", "properties": { "decimalLatitude": 30.433142, "decimalLongitude": -95.130111, "eventDate": "2025-06-10T07:36:28Z", "countryCode": "US" }, "geometry": { "type": "Point", "coordinates": [ -95.130111, 30.433142 ] } },
{ "type": "Feature", "properties": { "decimalLatitude": 38.090561, "decimalLongitude": -90.686538, "eventDate": "2025-06-12T13:36:07Z", "countryCode": "US" }, "geometry": { "type": "Point", "coordinates": [ -90.686538, 38.090561 ] } },
{ "type": "Feature", "properties": { "decimalLatitude": 33.425258, "decimalLongitude": -86.825683, "eventDate": "2025-06-13T11:00:38Z", "countryCode": "US" }, "geometry": { "type": "Point", "coordinates": [ -86.825683, 33.425258 ] } },
{ "type": "Feature", "properties": { "decimalLatitude": 35.68557, "decimalLongitude": -90.439869, "eventDate": "2025-06-16T11:13:00Z", "countryCode": "US" }, "geometry": { "type": "Point", "coordinates": [ -90.439869, 35.68557 ] } },
{ "type": "Feature", "properties": { "decimalLatitude": 35.541992, "decimalLongitude": -92.023278, "eventDate": "2025-06-11T10:58:00Z", "countryCode": "US" }, "geometry": { "type": "Point", "coordinates": [ -92.023278, 35.541992 ] } },
{ "type": "Feature", "properties": { "decimalLatitude": 35.685603, "decimalLongitude": -90.439831, "eventDate": "2025-06-16T11:15:00Z", "countryCode": "US" }, "geometry": { "type": "Point", "coordinates": [ -90.439831, 35.685603 ] } },
{ "type": "Feature", "properties": { "decimalLatitude": 36.229475, "decimalLongitude": -79.140226, "eventDate": "2025-06-12T07:33:52Z", "countryCode": "US" }, "geometry": { "type": "Point", "coordinates": [ -79.140226, 36.229475 ] } },
{ "type": "Feature", "properties": { "decimalLatitude": 33.897433, "decimalLongitude": -84.078544, "eventDate": "2025-06-13T14:51:22Z", "countryCode": "US" }, "geometry": { "type": "Point", "coordinates": [ -84.078544, 33.897433 ] } },
{ "type": "Feature", "properties": { "decimalLatitude": 38.061333, "decimalLongitude": -76.905188, "eventDate": "2025-06-12T09:26:02Z", "countryCode": "US" }, "geometry": { "type": "Point", "coordinates": [ -76.905188, 38.061333 ] } },
{ "type": "Feature", "properties": { "decimalLatitude": 41.67825, "decimalLongitude": -87.866525, "eventDate": "2025-06-11T14:28:08Z", "countryCode": "US" }, "geometry": { "type": "Point", "coordinates": [ -87.866525, 41.67825 ] } },
{ "type": "Feature", "properties": { "decimalLatitude": 31.174505, "decimalLongitude": -93.163972, "eventDate": "2025-06-05T15:35:53Z", "countryCode": "US" }, "geometry": { "type": "Point", "coordinates": [ -93.163972, 31.174505 ] } },
{ "type": "Feature", "properties": { "decimalLatitude": 41.677178, "decimalLongitude": -87.86882, "eventDate": "2025-06-11T13:32:39Z", "countryCode": "US" }, "geometry": { "type": "Point", "coordinates": [ -87.86882, 41.677178 ] } },
{ "type": "Feature", "properties": { "decimalLatitude": 34.994505, "decimalLongitude": -80.909278, "eventDate": "2025-06-15T15:11:32Z", "countryCode": "US" }, "geometry": { "type": "Point", "coordinates": [ -80.909278, 34.994505 ] } },
{ "type": "Feature", "properties": { "decimalLatitude": 35.156537, "decimalLongitude": -90.720882, "eventDate": "2025-06-19T14:18:00Z", "countryCode": "US" }, "geometry": { "type": "Point", "coordinates": [ -90.720882, 35.156537 ] } },
{ "type": "Feature", "properties": { "decimalLatitude": 30.203896, "decimalLongitude": -98.173198, "eventDate": "2025-06-05T19:56:51Z", "countryCode": "US" }, "geometry": { "type": "Point", "coordinates": [ -98.173198, 30.203896 ] } },
{ "type": "Feature", "properties": { "decimalLatitude": 31.809107, "decimalLongitude": -88.185629, "eventDate": "2025-06-24T09:24:02Z", "countryCode": "US" }, "geometry": { "type": "Point", "coordinates": [ -88.185629, 31.809107 ] } },
{ "type": "Feature", "properties": { "decimalLatitude": 35.9943, "decimalLongitude": -92.010781, "eventDate": "2025-06-20T13:08:00Z", "countryCode": "US" }, "geometry": { "type": "Point", "coordinates": [ -92.010781, 35.9943 ] } },
{ "type": "Feature", "properties": { "decimalLatitude": 33.989469, "decimalLongitude": -85.731442, "eventDate": "2025-06-17T14:59:04Z", "countryCode": "US" }, "geometry": { "type": "Point", "coordinates": [ -85.731442, 33.989469 ] } },
{ "type": "Feature", "properties": { "decimalLatitude": 40.90613, "decimalLongitude": -73.890167, "eventDate": "2025-06-08T07:51:46Z", "countryCode": "US" }, "geometry": { "type": "Point", "coordinates": [ -73.890167, 40.90613 ] } },
{ "type": "Feature", "properties": { "decimalLatitude": 37.642502, "decimalLongitude": -89.090292, "eventDate": "2025-06-19T18:04:12Z", "countryCode": "US" }, "geometry": { "type": "Point", "coordinates": [ -89.090292, 37.642502 ] } },
{ "type": "Feature", "properties": { "decimalLatitude": 34.358138, "decimalLongitude": -87.309617, "eventDate": "2025-06-21T16:33:50Z", "countryCode": "US" }, "geometry": { "type": "Point", "coordinates": [ -87.309617, 34.358138 ] } },
{ "type": "Feature", "properties": { "decimalLatitude": 30.82247, "decimalLongitude": -94.483047, "eventDate": "2025-06-16T16:24:33Z", "countryCode": "US" }, "geometry": { "type": "Point", "coordinates": [ -94.483047, 30.82247 ] } },
{ "type": "Feature", "properties": { "decimalLatitude": 37.585208, "decimalLongitude": -89.439484, "eventDate": "2025-06-22T11:30:08Z", "countryCode": "US" }, "geometry": { "type": "Point", "coordinates": [ -89.439484, 37.585208 ] } },
{ "type": "Feature", "properties": { "decimalLatitude": 39.119634, "decimalLongitude": -86.231523, "eventDate": "2025-06-26T14:11:49Z", "countryCode": "US" }, "geometry": { "type": "Point", "coordinates": [ -86.231523, 39.119634 ] } },
{ "type": "Feature", "properties": { "decimalLatitude": 36.075152, "decimalLongitude": -78.75956, "eventDate": "2025-06-22T17:27:26Z", "countryCode": "US" }, "geometry": { "type": "Point", "coordinates": [ -78.75956, 36.075152 ] } },
{ "type": "Feature", "properties": { "decimalLatitude": 33.579815, "decimalLongitude": -84.069981, "eventDate": "2025-06-21T09:35:00Z", "countryCode": "US" }, "geometry": { "type": "Point", "coordinates": [ -84.069981, 33.579815 ] } },
{ "type": "Feature", "properties": { "decimalLatitude": 41.790868, "decimalLongitude": -87.854535, "eventDate": "2025-06-15T13:00:11Z", "countryCode": "US" }, "geometry": { "type": "Point", "coordinates": [ -87.854535, 41.790868 ] } },
{ "type": "Feature", "properties": { "decimalLatitude": 36.882588, "decimalLongitude": -88.109674, "eventDate": "2025-06-25T09:17:35Z", "countryCode": "US" }, "geometry": { "type": "Point", "coordinates": [ -88.109674, 36.882588 ] } },
{ "type": "Feature", "properties": { "decimalLatitude": 34.328655, "decimalLongitude": -87.368972, "eventDate": "2025-06-24T12:23:10Z", "countryCode": "US" }, "geometry": { "type": "Point", "coordinates": [ -87.368972, 34.328655 ] } },
{ "type": "Feature", "properties": { "decimalLatitude": 34.332717, "decimalLongitude": -87.365875, "eventDate": "2025-06-24T12:47:16Z", "countryCode": "US" }, "geometry": { "type": "Point", "coordinates": [ -87.365875, 34.332717 ] } },
{ "type": "Feature", "properties": { "decimalLatitude": 34.328422, "decimalLongitude": -87.369592, "eventDate": "2025-06-24T12:19:19Z", "countryCode": "US" }, "geometry": { "type": "Point", "coordinates": [ -87.369592, 34.328422 ] } },
{ "type": "Feature", "properties": { "decimalLatitude": 34.328408, "decimalLongitude": -87.369667, "eventDate": "2025-06-24T12:19:01Z", "countryCode": "US" }, "geometry": { "type": "Point", "coordinates": [ -87.369667, 34.328408 ] } },
{ "type": "Feature", "properties": { "decimalLatitude": 34.328408, "decimalLongitude": -87.369667, "eventDate": "2025-06-24T12:19:03Z", "countryCode": "US" }, "geometry": { "type": "Point", "coordinates": [ -87.369667, 34.328408 ] } },
{ "type": "Feature", "properties": { "decimalLatitude": 39.016322, "decimalLongitude": -77.543013, "eventDate": "2025-06-27T10:36:00Z", "countryCode": "US" }, "geometry": { "type": "Point", "coordinates": [ -77.543013, 39.016322 ] } },
{ "type": "Feature", "properties": { "decimalLatitude": 38.439622, "decimalLongitude": -78.276755, "eventDate": "2025-06-11T16:22:22Z", "countryCode": "US" }, "geometry": { "type": "Point", "coordinates": [ -78.276755, 38.439622 ] } },
{ "type": "Feature", "properties": { "decimalLatitude": 41.67829, "decimalLongitude": -87.866537, "eventDate": "2025-06-11T14:28:22Z", "countryCode": "US" }, "geometry": { "type": "Point", "coordinates": [ -87.866537, 41.67829 ] } },
{ "type": "Feature", "properties": { "decimalLatitude": 34.393111, "decimalLongitude": -82.349953, "eventDate": "2025-06-29T09:32:00Z", "countryCode": "US" }, "geometry": { "type": "Point", "coordinates": [ -82.349953, 34.393111 ] } },
{ "type": "Feature", "properties": { "decimalLatitude": 35.41851, "decimalLongitude": -84.066691, "eventDate": "2025-06-24T10:43:33Z", "countryCode": "US" }, "geometry": { "type": "Point", "coordinates": [ -84.066691, 35.41851 ] } },
{ "type": "Feature", "properties": { "decimalLatitude": 33.400545, "decimalLongitude": -84.196328, "eventDate": "2025-06-20T11:58:02Z", "countryCode": "US" }, "geometry": { "type": "Point", "coordinates": [ -84.196328, 33.400545 ] } },
{ "type": "Feature", "properties": { "decimalLatitude": 38.751887, "decimalLongitude": -77.105994, "eventDate": "2025-06-28T11:41:34Z", "countryCode": "US" }, "geometry": { "type": "Point", "coordinates": [ -77.105994, 38.751887 ] } },
{ "type": "Feature", "properties": { "decimalLatitude": 41.248156, "decimalLongitude": -73.479997, "eventDate": "2025-06-15T14:01:22Z", "countryCode": "US" }, "geometry": { "type": "Point", "coordinates": [ -73.479997, 41.248156 ] } },
{ "type": "Feature", "properties": { "decimalLatitude": 40.652802, "decimalLongitude": -89.163899, "eventDate": "2025-06-28T09:47:28Z", "countryCode": "US" }, "geometry": { "type": "Point", "coordinates": [ -89.163899, 40.652802 ] } },
{ "type": "Feature", "properties": { "decimalLatitude": 41.386475, "decimalLongitude": -73.472983, "eventDate": "2025-06-15T14:59:31Z", "countryCode": "US" }, "geometry": { "type": "Point", "coordinates": [ -73.472983, 41.386475 ] } },
{ "type": "Feature", "properties": { "decimalLatitude": 38.989442, "decimalLongitude": -77.242813, "eventDate": "2025-06-19T08:16:13Z", "countryCode": "US" }, "geometry": { "type": "Point", "coordinates": [ -77.242813, 38.989442 ] } },
{ "type": "Feature", "properties": { "decimalLatitude": 34.328425, "decimalLongitude": -87.369613, "eventDate": "2025-06-24T12:19:11Z", "countryCode": "US" }, "geometry": { "type": "Point", "coordinates": [ -87.369613, 34.328425 ] } },
{ "type": "Feature", "properties": { "decimalLatitude": 34.384409, "decimalLongitude": -81.579267, "eventDate": "2025-06-20T16:43:40Z", "countryCode": "US" }, "geometry": { "type": "Point", "coordinates": [ -81.579267, 34.384409 ] } },
{ "type": "Feature", "properties": { "decimalLatitude": 37.93002, "decimalLongitude": -88.985747, "eventDate": "2025-06-26T08:49:39Z", "countryCode": "US" }, "geometry": { "type": "Point", "coordinates": [ -88.985747, 37.93002 ] } },
{ "type": "Feature", "properties": { "decimalLatitude": 35.823117, "decimalLongitude": -80.89612, "eventDate": "2025-06-28T14:40:11Z", "countryCode": "US" }, "geometry": { "type": "Point", "coordinates": [ -80.89612, 35.823117 ] } },
{ "type": "Feature", "properties": { "decimalLatitude": 33.012154, "decimalLongitude": -87.133459, "eventDate": "2025-06-20T13:11:11Z", "countryCode": "US" }, "geometry": { "type": "Point", "coordinates": [ -87.133459, 33.012154 ] } },
{ "type": "Feature", "properties": { "decimalLatitude": 38.795087, "decimalLongitude": -76.694642, "eventDate": "2025-06-21T11:27:37Z", "countryCode": "US" }, "geometry": { "type": "Point", "coordinates": [ -76.694642, 38.795087 ] } },
{ "type": "Feature", "properties": { "decimalLatitude": 39.013488, "decimalLongitude": -77.543419, "eventDate": "2025-06-21T17:45:24Z", "countryCode": "US" }, "geometry": { "type": "Point", "coordinates": [ -77.543419, 39.013488 ] } },
{ "type": "Feature", "properties": { "decimalLatitude": 36.066387, "decimalLongitude": -78.869461, "eventDate": "2025-06-18T10:53:40Z", "countryCode": "US" }, "geometry": { "type": "Point", "coordinates": [ -78.869461, 36.066387 ] } },
{ "type": "Feature", "properties": { "decimalLatitude": 41.677106, "decimalLongitude": -87.868529, "eventDate": "2025-06-11T13:32:00Z", "countryCode": "US" }, "geometry": { "type": "Point", "coordinates": [ -87.868529, 41.677106 ] } },
{ "type": "Feature", "properties": { "decimalLatitude": 34.428658, "decimalLongitude": -81.574738, "eventDate": "2025-06-20T16:43:40Z", "countryCode": "US" }, "geometry": { "type": "Point", "coordinates": [ -81.574738, 34.428658 ] } },
{ "type": "Feature", "properties": { "decimalLatitude": 39.013039, "decimalLongitude": -77.543651, "eventDate": "2025-06-21T18:31:40Z", "countryCode": "US" }, "geometry": { "type": "Point", "coordinates": [ -77.543651, 39.013039 ] } },
{ "type": "Feature", "properties": { "decimalLatitude": 39.797437, "decimalLongitude": -83.835455, "eventDate": "2025-06-13T12:06:28Z", "countryCode": "US" }, "geometry": { "type": "Point", "coordinates": [ -83.835455, 39.797437 ] } },
{ "type": "Feature", "properties": { "decimalLatitude": 38.973766, "decimalLongitude": -77.367521, "eventDate": "2025-06-12T11:15:00Z", "countryCode": "US" }, "geometry": { "type": "Point", "coordinates": [ -77.367521, 38.973766 ] } },
{ "type": "Feature", "properties": { "decimalLatitude": 39.437487, "decimalLongitude": -88.147286, "eventDate": "2025-06-02T15:19:48Z", "countryCode": "US" }, "geometry": { "type": "Point", "coordinates": [ -88.147286, 39.437487 ] } },
{ "type": "Feature", "properties": { "decimalLatitude": 41.677939, "decimalLongitude": -87.867098, "eventDate": "2025-06-11T14:27:00Z", "countryCode": "US" }, "geometry": { "type": "Point", "coordinates": [ -87.867098, 41.677939 ] } },
{ "type": "Feature", "properties": { "decimalLatitude": 29.569283, "decimalLongitude": -82.204797, "eventDate": "2025-06-22T13:41:29Z", "countryCode": "US" }, "geometry": { "type": "Point", "coordinates": [ -82.204797, 29.569283 ] } },
{ "type": "Feature", "properties": { "decimalLatitude": 39.442894, "decimalLongitude": -88.140005, "eventDate": "2025-07-03T10:16:00Z", "countryCode": "US" }, "geometry": { "type": "Point", "coordinates": [ -88.140005, 39.442894 ] } },
{ "type": "Feature", "properties": { "decimalLatitude": 36.002839, "decimalLongitude": -79.204786, "eventDate": "2025-07-04T13:18:52Z", "countryCode": "US" }, "geometry": { "type": "Point", "coordinates": [ -79.204786, 36.002839 ] } },
{ "type": "Feature", "properties": { "decimalLatitude": 33.915028, "decimalLongitude": -87.261488, "eventDate": "2025-07-01T13:07:06Z", "countryCode": "US" }, "geometry": { "type": "Point", "coordinates": [ -87.261488, 33.915028 ] } },
{ "type": "Feature", "properties": { "decimalLatitude": 28.797797, "decimalLongitude": -81.447989, "eventDate": "2025-07-05T12:56:03Z", "countryCode": "US" }, "geometry": { "type": "Point", "coordinates": [ -81.447989, 28.797797 ] } },
{ "type": "Feature", "properties": { "decimalLatitude": 39.514972, "decimalLongitude": -77.874728, "eventDate": "2025-07-07T14:51:19Z", "countryCode": "US" }, "geometry": { "type": "Point", "coordinates": [ -77.874728, 39.514972 ] } },
{ "type": "Feature", "properties": { "decimalLatitude": 33.913595, "decimalLongitude": -87.260147, "eventDate": "2025-07-01T11:42:25Z", "countryCode": "US" }, "geometry": { "type": "Point", "coordinates": [ -87.260147, 33.913595 ] } },
{ "type": "Feature", "properties": { "decimalLatitude": 28.673702, "decimalLongitude": -82.418454, "eventDate": "2025-07-08T08:50:08Z", "countryCode": "US" }, "geometry": { "type": "Point", "coordinates": [ -82.418454, 28.673702 ] } },
{ "type": "Feature", "properties": { "decimalLatitude": 33.91365, "decimalLongitude": -87.260162, "eventDate": "2025-07-01T11:42:21Z", "countryCode": "US" }, "geometry": { "type": "Point", "coordinates": [ -87.260162, 33.91365 ] } },
{ "type": "Feature", "properties": { "decimalLatitude": 34.845928, "decimalLongitude": -92.48243, "eventDate": "2025-07-03T14:33:46Z", "countryCode": "US" }, "geometry": { "type": "Point", "coordinates": [ -92.48243, 34.845928 ] } },
{ "type": "Feature", "properties": { "decimalLatitude": 33.913647, "decimalLongitude": -87.260155, "eventDate": "2025-07-01T11:42:01Z", "countryCode": "US" }, "geometry": { "type": "Point", "coordinates": [ -87.260155, 33.913647 ] } },
{ "type": "Feature", "properties": { "decimalLatitude": 33.059308, "decimalLongitude": -87.035797, "eventDate": "2025-07-05T10:37:03Z", "countryCode": "US" }, "geometry": { "type": "Point", "coordinates": [ -87.035797, 33.059308 ] } },
{ "type": "Feature", "properties": { "decimalLatitude": 38.973958, "decimalLongitude": -77.880456, "eventDate": "2025-07-10T09:53:47Z", "countryCode": "US" }, "geometry": { "type": "Point", "coordinates": [ -77.880456, 38.973958 ] } },
{ "type": "Feature", "properties": { "decimalLatitude": 38.637, "decimalLongitude": -78.141953, "eventDate": "2025-07-12T16:22:04Z", "countryCode": "US" }, "geometry": { "type": "Point", "coordinates": [ -78.141953, 38.637 ] } },
{ "type": "Feature", "properties": { "decimalLatitude": 38.891942, "decimalLongitude": -84.373857, "eventDate": "2025-07-08T13:23:03Z", "countryCode": "US" }, "geometry": { "type": "Point", "coordinates": [ -84.373857, 38.891942 ] } },
{ "type": "Feature", "properties": { "decimalLatitude": 35.627478, "decimalLongitude": -79.954018, "eventDate": "2025-07-15T12:25:32Z", "countryCode": "US" }, "geometry": { "type": "Point", "coordinates": [ -79.954018, 35.627478 ] } },
{ "type": "Feature", "properties": { "decimalLatitude": 33.934063, "decimalLongitude": -84.435813, "eventDate": "2025-07-20T17:25:24Z", "countryCode": "US" }, "geometry": { "type": "Point", "coordinates": [ -84.435813, 33.934063 ] } },
{ "type": "Feature", "properties": { "decimalLatitude": 38.642597, "decimalLongitude": -78.136605, "eventDate": "2025-07-12T14:00:48Z", "countryCode": "US" }, "geometry": { "type": "Point", "coordinates": [ -78.136605, 38.642597 ] } },
{ "type": "Feature", "properties": { "decimalLatitude": 35.894852, "decimalLongitude": -78.579037, "eventDate": "2025-07-10T00:00:00Z", "countryCode": "US" }, "geometry": { "type": "Point", "coordinates": [ -78.579037, 35.894852 ] } },
{ "type": "Feature", "properties": { "decimalLatitude": 34.879952, "decimalLongitude": -92.658777, "eventDate": "2025-07-14T09:32:12Z", "countryCode": "US" }, "geometry": { "type": "Point", "coordinates": [ -92.658777, 34.879952 ] } },
{ "type": "Feature", "properties": { "decimalLatitude": 35.247319, "decimalLongitude": -81.075771, "eventDate": "2025-07-30T11:31:28Z", "countryCode": "US" }, "geometry": { "type": "Point", "coordinates": [ -81.075771, 35.247319 ] } },
{ "type": "Feature", "properties": { "decimalLatitude": 29.900402, "decimalLongitude": -82.743996, "eventDate": "2025-07-31T18:19:17Z", "countryCode": "US" }, "geometry": { "type": "Point", "coordinates": [ -82.743996, 29.900402 ] } },
{ "type": "Feature", "properties": { "decimalLatitude": 33.029323, "decimalLongitude": -80.465176, "eventDate": "2025-07-04T13:41:00Z", "countryCode": "US" }, "geometry": { "type": "Point", "coordinates": [ -80.465176, 33.029323 ] } },
{ "type": "Feature", "properties": { "decimalLatitude": 39.823622, "decimalLongitude": -77.546819, "eventDate": "2025-07-31T09:26:24Z", "countryCode": "US" }, "geometry": { "type": "Point", "coordinates": [ -77.546819, 39.823622 ] } },
{ "type": "Feature", "properties": { "decimalLatitude": 33.05935, "decimalLongitude": -87.037705, "eventDate": "2025-07-05T11:00:32Z", "countryCode": "US" }, "geometry": { "type": "Point", "coordinates": [ -87.037705, 33.05935 ] } },
{ "type": "Feature", "properties": { "decimalLatitude": 36.772732, "decimalLongitude": -84.519944, "eventDate": "2025-07-18T10:29:52Z", "countryCode": "US" }, "geometry": { "type": "Point", "coordinates": [ -84.519944, 36.772732 ] } },
{ "type": "Feature", "properties": { "decimalLatitude": 39.900183, "decimalLongitude": -83.213074, "eventDate": "2025-07-13T19:41:43Z", "countryCode": "US" }, "geometry": { "type": "Point", "coordinates": [ -83.213074, 39.900183 ] } },
{ "type": "Feature", "properties": { "decimalLatitude": 33.91562, "decimalLongitude": -87.263437, "eventDate": "2025-07-01T13:03:15Z", "countryCode": "US" }, "geometry": { "type": "Point", "coordinates": [ -87.263437, 33.91562 ] } },
{ "type": "Feature", "properties": { "decimalLatitude": 34.085967, "decimalLongitude": -87.219978, "eventDate": "2025-07-26T15:50:28Z", "countryCode": "US" }, "geometry": { "type": "Point", "coordinates": [ -87.219978, 34.085967 ] } },
{ "type": "Feature", "properties": { "decimalLatitude": 29.110264, "decimalLongitude": -82.24965, "eventDate": "2025-07-16T09:04:50Z", "countryCode": "US" }, "geometry": { "type": "Point", "coordinates": [ -82.24965, 29.110264 ] } },
{ "type": "Feature", "properties": { "decimalLatitude": 33.038645, "decimalLongitude": -87.122304, "eventDate": "2025-07-26T11:16:46Z", "countryCode": "US" }, "geometry": { "type": "Point", "coordinates": [ -87.122304, 33.038645 ] } },
{ "type": "Feature", "properties": { "decimalLatitude": 39.08832, "decimalLongitude": -82.753026, "eventDate": "2025-07-07T09:12:00Z", "countryCode": "US" }, "geometry": { "type": "Point", "coordinates": [ -82.753026, 39.08832 ] } },
{ "type": "Feature", "properties": { "decimalLatitude": 37.915705, "decimalLongitude": -88.991395, "eventDate": "2025-07-24T10:28:39Z", "countryCode": "US" }, "geometry": { "type": "Point", "coordinates": [ -88.991395, 37.915705 ] } },
{ "type": "Feature", "properties": { "decimalLatitude": 29.110467, "decimalLongitude": -82.249733, "eventDate": "2025-07-11T12:19:46Z", "countryCode": "US" }, "geometry": { "type": "Point", "coordinates": [ -82.249733, 29.110467 ] } },
{ "type": "Feature", "properties": { "decimalLatitude": 33.038689, "decimalLongitude": -87.122117, "eventDate": "2025-07-26T11:16:35Z", "countryCode": "US" }, "geometry": { "type": "Point", "coordinates": [ -87.122117, 33.038689 ] } },
{ "type": "Feature", "properties": { "decimalLatitude": 34.459472, "decimalLongitude": -86.998725, "eventDate": "2025-07-14T11:21:29Z", "countryCode": "US" }, "geometry": { "type": "Point", "coordinates": [ -86.998725, 34.459472 ] } },
{ "type": "Feature", "properties": { "decimalLatitude": 36.20418, "decimalLongitude": -78.853378, "eventDate": "2025-07-11T09:33:17Z", "countryCode": "US" }, "geometry": { "type": "Point", "coordinates": [ -78.853378, 36.20418 ] } },
{ "type": "Feature", "properties": { "decimalLatitude": 39.900137, "decimalLongitude": -83.213128, "eventDate": "2025-07-13T19:30:50Z", "countryCode": "US" }, "geometry": { "type": "Point", "coordinates": [ -83.213128, 39.900137 ] } },
{ "type": "Feature", "properties": { "decimalLatitude": 30.152471, "decimalLongitude": -98.542248, "eventDate": "2025-07-02T13:03:32Z", "countryCode": "US" }, "geometry": { "type": "Point", "coordinates": [ -98.542248, 30.152471 ] } },
{ "type": "Feature", "properties": { "decimalLatitude": 35.038956, "decimalLongitude": -89.243172, "eventDate": "2025-07-10T11:05:16Z", "countryCode": "US" }, "geometry": { "type": "Point", "coordinates": [ -89.243172, 35.038956 ] } },
{ "type": "Feature", "properties": { "decimalLatitude": 34.459583, "decimalLongitude": -86.99755, "eventDate": "2025-07-14T10:55:23Z", "countryCode": "US" }, "geometry": { "type": "Point", "coordinates": [ -86.99755, 34.459583 ] } },
{ "type": "Feature", "properties": { "decimalLatitude": 39.318392, "decimalLongitude": -83.396379, "eventDate": "2025-07-05T15:00:00Z", "countryCode": "US" }, "geometry": { "type": "Point", "coordinates": [ -83.396379, 39.318392 ] } },
{ "type": "Feature", "properties": { "decimalLatitude": 39.234618, "decimalLongitude": -83.399607, "eventDate": "2025-07-05T14:58:00Z", "countryCode": "US" }, "geometry": { "type": "Point", "coordinates": [ -83.399607, 39.234618 ] } },
{ "type": "Feature", "properties": { "decimalLatitude": 39.875217, "decimalLongitude": -86.296619, "eventDate": "2025-07-06T15:42:39Z", "countryCode": "US" }, "geometry": { "type": "Point", "coordinates": [ -86.296619, 39.875217 ] } },
{ "type": "Feature", "properties": { "decimalLatitude": 33.916653, "decimalLongitude": -87.265572, "eventDate": "2025-07-01T12:34:49Z", "countryCode": "US" }, "geometry": { "type": "Point", "coordinates": [ -87.265572, 33.916653 ] } },
{ "type": "Feature", "properties": { "decimalLatitude": 33.059278, "decimalLongitude": -87.037925, "eventDate": "2025-07-05T11:03:56Z", "countryCode": "US" }, "geometry": { "type": "Point", "coordinates": [ -87.037925, 33.059278 ] } },
{ "type": "Feature", "properties": { "decimalLatitude": 34.583675, "decimalLongitude": -92.243697, "eventDate": "2025-07-18T11:30:11Z", "countryCode": "US" }, "geometry": { "type": "Point", "coordinates": [ -92.243697, 34.583675 ] } },
{ "type": "Feature", "properties": { "decimalLatitude": 34.085281, "decimalLongitude": -87.218133, "eventDate": "2025-07-26T15:41:06Z", "countryCode": "US" }, "geometry": { "type": "Point", "coordinates": [ -87.218133, 34.085281 ] } },
{ "type": "Feature", "properties": { "decimalLatitude": 37.92827, "decimalLongitude": -88.969033, "eventDate": "2025-07-01T13:17:55Z", "countryCode": "US" }, "geometry": { "type": "Point", "coordinates": [ -88.969033, 37.92827 ] } },
{ "type": "Feature", "properties": { "decimalLatitude": 38.685015, "decimalLongitude": -83.586362, "eventDate": "2025-07-06T13:46:00Z", "countryCode": "US" }, "geometry": { "type": "Point", "coordinates": [ -83.586362, 38.685015 ] } },
{ "type": "Feature", "properties": { "decimalLatitude": 39.354497, "decimalLongitude": -86.441731, "eventDate": "2025-07-01T13:14:00Z", "countryCode": "US" }, "geometry": { "type": "Point", "coordinates": [ -86.441731, 39.354497 ] } },
{ "type": "Feature", "properties": { "decimalLatitude": 34.030753, "decimalLongitude": -87.388968, "eventDate": "2025-07-27T14:34:22Z", "countryCode": "US" }, "geometry": { "type": "Point", "coordinates": [ -87.388968, 34.030753 ] } },
{ "type": "Feature", "properties": { "decimalLatitude": 34.098014, "decimalLongitude": -87.380553, "eventDate": "2025-07-27T14:45:58Z", "countryCode": "US" }, "geometry": { "type": "Point", "coordinates": [ -87.380553, 34.098014 ] } },
{ "type": "Feature", "properties": { "decimalLatitude": 35.247422, "decimalLongitude": -79.803038, "eventDate": "2025-08-02T13:51:45Z", "countryCode": "US" }, "geometry": { "type": "Point", "coordinates": [ -79.803038, 35.247422 ] } },
{ "type": "Feature", "properties": { "decimalLatitude": 34.011906, "decimalLongitude": -83.94718, "eventDate": "2025-08-16T11:14:04Z", "countryCode": "US" }, "geometry": { "type": "Point", "coordinates": [ -83.94718, 34.011906 ] } },
{ "type": "Feature", "properties": { "decimalLatitude": 35.828381, "decimalLongitude": -78.785241, "eventDate": "2025-08-07T09:56:08Z", "countryCode": "US" }, "geometry": { "type": "Point", "coordinates": [ -78.785241, 35.828381 ] } },
{ "type": "Feature", "properties": { "decimalLatitude": 33.931655, "decimalLongitude": -84.435883, "eventDate": "2025-08-16T16:07:44Z", "countryCode": "US" }, "geometry": { "type": "Point", "coordinates": [ -84.435883, 33.931655 ] } },
{ "type": "Feature", "properties": { "decimalLatitude": 34.543751, "decimalLongitude": -93.971778, "eventDate": "2025-08-03T17:55:06Z", "countryCode": "US" }, "geometry": { "type": "Point", "coordinates": [ -93.971778, 34.543751 ] } },
{ "type": "Feature", "properties": { "decimalLatitude": 35.61992, "decimalLongitude": -79.099455, "eventDate": "2025-08-10T12:16:12Z", "countryCode": "US" }, "geometry": { "type": "Point", "coordinates": [ -79.099455, 35.61992 ] } },
{ "type": "Feature", "properties": { "decimalLatitude": 41.497819, "decimalLongitude": -74.311, "eventDate": "2025-08-10T10:17:43Z", "countryCode": "US" }, "geometry": { "type": "Point", "coordinates": [ -74.311, 41.497819 ] } },
{ "type": "Feature", "properties": { "decimalLatitude": 30.71432, "decimalLongitude": -94.90713, "eventDate": "2025-08-15T07:43:00Z", "countryCode": "US" }, "geometry": { "type": "Point", "coordinates": [ -94.90713, 30.71432 ] } },
{ "type": "Feature", "properties": { "decimalLatitude": 29.851543, "decimalLongitude": -82.626487, "eventDate": "2025-08-16T13:37:37Z", "countryCode": "US" }, "geometry": { "type": "Point", "coordinates": [ -82.626487, 29.851543 ] } },
{ "type": "Feature", "properties": { "decimalLatitude": 34.112953, "decimalLongitude": -87.308258, "eventDate": "2025-08-09T16:30:22Z", "countryCode": "US" }, "geometry": { "type": "Point", "coordinates": [ -87.308258, 34.112953 ] } },
{ "type": "Feature", "properties": { "decimalLatitude": 35.039514, "decimalLongitude": -85.272804, "eventDate": "2025-08-07T19:11:12Z", "countryCode": "US" }, "geometry": { "type": "Point", "coordinates": [ -85.272804, 35.039514 ] } },
{ "type": "Feature", "properties": { "decimalLatitude": 29.225358, "decimalLongitude": -82.621994, "eventDate": "2025-08-02T17:42:00Z", "countryCode": "US" }, "geometry": { "type": "Point", "coordinates": [ -82.621994, 29.225358 ] } },
{ "type": "Feature", "properties": { "decimalLatitude": 36.17924, "decimalLongitude": -78.742843, "eventDate": "2025-08-09T08:02:00Z", "countryCode": "US" }, "geometry": { "type": "Point", "coordinates": [ -78.742843, 36.17924 ] } },
{ "type": "Feature", "properties": { "decimalLatitude": 41.386841, "decimalLongitude": -81.578597, "eventDate": "2025-08-09T13:22:00Z", "countryCode": "US" }, "geometry": { "type": "Point", "coordinates": [ -81.578597, 41.386841 ] } },
{ "type": "Feature", "properties": { "decimalLatitude": 27.558175, "decimalLongitude": -81.414428, "eventDate": "2025-08-10T10:34:36Z", "countryCode": "US" }, "geometry": { "type": "Point", "coordinates": [ -81.414428, 27.558175 ] } },
{ "type": "Feature", "properties": { "decimalLatitude": 41.222225, "decimalLongitude": -81.494886, "eventDate": "2025-08-09T13:24:00Z", "countryCode": "US" }, "geometry": { "type": "Point", "coordinates": [ -81.494886, 41.222225 ] } },
{ "type": "Feature", "properties": { "decimalLatitude": 32.444953, "decimalLongitude": -85.640237, "eventDate": "2025-08-16T10:51:42Z", "countryCode": "US" }, "geometry": { "type": "Point", "coordinates": [ -85.640237, 32.444953 ] } },
{ "type": "Feature", "properties": { "decimalLatitude": 30.19805, "decimalLongitude": -83.924217, "eventDate": "2025-08-10T15:09:40Z", "countryCode": "US" }, "geometry": { "type": "Point", "coordinates": [ -83.924217, 30.19805 ] } },
{ "type": "Feature", "properties": { "decimalLatitude": 41.426421, "decimalLongitude": -90.826501, "eventDate": "2025-08-29T16:09:00Z", "countryCode": "US" }, "geometry": { "type": "Point", "coordinates": [ -90.826501, 41.426421 ] } },
{ "type": "Feature", "properties": { "decimalLatitude": 36.547741, "decimalLongitude": -79.6921, "eventDate": "2025-08-29T01:15:00Z", "countryCode": "US" }, "geometry": { "type": "Point", "coordinates": [ -79.6921, 36.547741 ] } },
{ "type": "Feature", "properties": { "decimalLatitude": 39.185655, "decimalLongitude": -86.388157, "eventDate": "2025-08-27T17:04:10Z", "countryCode": "US" }, "geometry": { "type": "Point", "coordinates": [ -86.388157, 39.185655 ] } },
{ "type": "Feature", "properties": { "decimalLatitude": 41.580829, "decimalLongitude": -90.939617, "eventDate": "2025-08-29T15:36:00Z", "countryCode": "US" }, "geometry": { "type": "Point", "coordinates": [ -90.939617, 41.580829 ] } },
{ "type": "Feature", "properties": { "decimalLatitude": 39.370459, "decimalLongitude": -78.890093, "eventDate": "2025-08-23T10:46:41Z", "countryCode": "US" }, "geometry": { "type": "Point", "coordinates": [ -78.890093, 39.370459 ] } },
{ "type": "Feature", "properties": { "decimalLatitude": 42.425341, "decimalLongitude": -85.843305, "eventDate": "2025-08-25T14:13:44Z", "countryCode": "US" }, "geometry": { "type": "Point", "coordinates": [ -85.843305, 42.425341 ] } },
{ "type": "Feature", "properties": { "decimalLatitude": 33.304968, "decimalLongitude": -85.464628, "eventDate": "2025-08-21T08:38:00Z", "countryCode": "US" }, "geometry": { "type": "Point", "coordinates": [ -85.464628, 33.304968 ] } },
{ "type": "Feature", "properties": { "decimalLatitude": 34.902012, "decimalLongitude": -92.787108, "eventDate": "2025-08-27T10:07:25Z", "countryCode": "US" }, "geometry": { "type": "Point", "coordinates": [ -92.787108, 34.902012 ] } },
{ "type": "Feature", "properties": { "decimalLatitude": 31.88618, "decimalLongitude": -86.029836, "eventDate": "2025-08-30T15:57:37Z", "countryCode": "US" }, "geometry": { "type": "Point", "coordinates": [ -86.029836, 31.88618 ] } },
{ "type": "Feature", "properties": { "decimalLatitude": 40.837592, "decimalLongitude": -74.308234, "eventDate": "2025-08-25T12:38:55Z", "countryCode": "US" }, "geometry": { "type": "Point", "coordinates": [ -74.308234, 40.837592 ] } },
{ "type": "Feature", "properties": { "decimalLatitude": 39.516937, "decimalLongitude": -82.696436, "eventDate": "2025-08-31T13:39:42Z", "countryCode": "US" }, "geometry": { "type": "Point", "coordinates": [ -82.696436, 39.516937 ] } },
{ "type": "Feature", "properties": { "decimalLatitude": 36.023695, "decimalLongitude": -90.574837, "eventDate": "2025-08-30T14:30:57Z", "countryCode": "US" }, "geometry": { "type": "Point", "coordinates": [ -90.574837, 36.023695 ] } },
{ "type": "Feature", "properties": { "decimalLatitude": 32.536576, "decimalLongitude": -85.714367, "eventDate": "2025-09-01T10:52:58Z", "countryCode": "US" }, "geometry": { "type": "Point", "coordinates": [ -85.714367, 32.536576 ] } },
{ "type": "Feature", "properties": { "decimalLatitude": 34.158486, "decimalLongitude": -87.165489, "eventDate": "2025-09-07T16:25:49Z", "countryCode": "US" }, "geometry": { "type": "Point", "coordinates": [ -87.165489, 34.158486 ] } },
{ "type": "Feature", "properties": { "decimalLatitude": 35.702826, "decimalLongitude": -90.43439, "eventDate": "2025-09-07T08:44:00Z", "countryCode": "US" }, "geometry": { "type": "Point", "coordinates": [ -90.43439, 35.702826 ] } },
{ "type": "Feature", "properties": { "decimalLatitude": 41.366334, "decimalLongitude": -73.483343, "eventDate": "2025-09-03T13:06:49Z", "countryCode": "US" }, "geometry": { "type": "Point", "coordinates": [ -73.483343, 41.366334 ] } },
{ "type": "Feature", "properties": { "decimalLatitude": 28.852098, "decimalLongitude": -82.39725, "eventDate": "2025-09-09T10:13:44Z", "countryCode": "US" }, "geometry": { "type": "Point", "coordinates": [ -82.39725, 28.852098 ] } },
{ "type": "Feature", "properties": { "decimalLatitude": 35.708529, "decimalLongitude": -87.527656, "eventDate": "2025-09-13T10:57:00Z", "countryCode": "US" }, "geometry": { "type": "Point", "coordinates": [ -87.527656, 35.708529 ] } },
{ "type": "Feature", "properties": { "decimalLatitude": 31.974778, "decimalLongitude": -81.163392, "eventDate": "2025-09-09T12:46:00Z", "countryCode": "US" }, "geometry": { "type": "Point", "coordinates": [ -81.163392, 31.974778 ] } },
{ "type": "Feature", "properties": { "decimalLatitude": 35.962667, "decimalLongitude": -81.118042, "eventDate": "2025-09-08T13:34:24Z", "countryCode": "US" }, "geometry": { "type": "Point", "coordinates": [ -81.118042, 35.962667 ] } },
{ "type": "Feature", "properties": { "decimalLatitude": 35.180486, "decimalLongitude": -80.762587, "eventDate": "2025-09-12T13:31:16Z", "countryCode": "US" }, "geometry": { "type": "Point", "coordinates": [ -80.762587, 35.180486 ] } },
{ "type": "Feature", "properties": { "decimalLatitude": 33.813226, "decimalLongitude": -93.76874, "eventDate": "2025-09-18T12:43:00Z", "countryCode": "US" }, "geometry": { "type": "Point", "coordinates": [ -93.76874, 33.813226 ] } },
{ "type": "Feature", "properties": { "decimalLatitude": 34.301155, "decimalLongitude": -87.267546, "eventDate": "2025-09-21T17:58:25Z", "countryCode": "US" }, "geometry": { "type": "Point", "coordinates": [ -87.267546, 34.301155 ] } },
{ "type": "Feature", "properties": { "decimalLatitude": 35.79036, "decimalLongitude": -81.305691, "eventDate": "2025-09-16T13:25:34Z", "countryCode": "US" }, "geometry": { "type": "Point", "coordinates": [ -81.305691, 35.79036 ] } },
{ "type": "Feature", "properties": { "decimalLatitude": 30.27022, "decimalLongitude": -97.807894, "eventDate": "2025-09-20T08:50:42Z", "countryCode": "US" }, "geometry": { "type": "Point", "coordinates": [ -97.807894, 30.27022 ] } },
{ "type": "Feature", "properties": { "decimalLatitude": 35.725458, "decimalLongitude": -90.4289, "eventDate": "2025-09-29T14:31:22Z", "countryCode": "US" }, "geometry": { "type": "Point", "coordinates": [ -90.4289, 35.725458 ] } },
{ "type": "Feature", "properties": { "decimalLatitude": 35.342317, "decimalLongitude": -81.042075, "eventDate": "2025-09-25T15:05:40Z", "countryCode": "US" }, "geometry": { "type": "Point", "coordinates": [ -81.042075, 35.342317 ] } },
{ "type": "Feature", "properties": { "decimalLatitude": 33.953823, "decimalLongitude": -86.266212, "eventDate": "2025-09-27T11:08:45Z", "countryCode": "US" }, "geometry": { "type": "Point", "coordinates": [ -86.266212, 33.953823 ] } },
{ "type": "Feature", "properties": { "decimalLatitude": 38.755822, "decimalLongitude": -77.112664, "eventDate": "2025-09-27T14:45:00Z", "countryCode": "US" }, "geometry": { "type": "Point", "coordinates": [ -77.112664, 38.755822 ] } },
{ "type": "Feature", "properties": { "decimalLatitude": 35.642178, "decimalLongitude": -81.728392, "eventDate": "2025-09-26T14:31:59Z", "countryCode": "US" }, "geometry": { "type": "Point", "coordinates": [ -81.728392, 35.642178 ] } },
{ "type": "Feature", "properties": { "decimalLatitude": 29.683697, "decimalLongitude": -98.615604, "eventDate": "2025-09-25T13:13:36Z", "countryCode": "US" }, "geometry": { "type": "Point", "coordinates": [ -98.615604, 29.683697 ] } },
{ "type": "Feature", "properties": { "decimalLatitude": 37.884711, "decimalLongitude": -85.710066, "eventDate": "2025-09-15T18:19:29Z", "countryCode": "US" }, "geometry": { "type": "Point", "coordinates": [ -85.710066, 37.884711 ] } },
{ "type": "Feature", "properties": { "decimalLatitude": 30.470545, "decimalLongitude": -94.350092, "eventDate": "2025-09-10T10:36:00Z", "countryCode": "US" }, "geometry": { "type": "Point", "coordinates": [ -94.350092, 30.470545 ] } },
{ "type": "Feature", "properties": { "decimalLatitude": 31.203469, "decimalLongitude": -92.577224, "eventDate": "2025-09-01T11:19:16Z", "countryCode": "US" }, "geometry": { "type": "Point", "coordinates": [ -92.577224, 31.203469 ] } },
{ "type": "Feature", "properties": { "decimalLatitude": 35.93855, "decimalLongitude": -80.257638, "eventDate": "2025-09-09T16:08:03Z", "countryCode": "US" }, "geometry": { "type": "Point", "coordinates": [ -80.257638, 35.93855 ] } },
{ "type": "Feature", "properties": { "decimalLatitude": 41.180038, "decimalLongitude": -85.147675, "eventDate": "2025-09-03T09:55:00Z", "countryCode": "US" }, "geometry": { "type": "Point", "coordinates": [ -85.147675, 41.180038 ] } },
{ "type": "Feature", "properties": { "decimalLatitude": 41.709653, "decimalLongitude": -87.906294, "eventDate": "2025-09-11T08:30:33Z", "countryCode": "US" }, "geometry": { "type": "Point", "coordinates": [ -87.906294, 41.709653 ] } },
{ "type": "Feature", "properties": { "decimalLatitude": 39.298033, "decimalLongitude": -86.724033, "eventDate": "2025-09-06T13:54:00Z", "countryCode": "US" }, "geometry": { "type": "Point", "coordinates": [ -86.724033, 39.298033 ] } },
{ "type": "Feature", "properties": { "decimalLatitude": 39.298033, "decimalLongitude": -86.724033, "eventDate": "2025-09-06T13:49:00Z", "countryCode": "US" }, "geometry": { "type": "Point", "coordinates": [ -86.724033, 39.298033 ] } },
{ "type": "Feature", "properties": { "decimalLatitude": 39.298033, "decimalLongitude": -86.724033, "eventDate": "2025-09-06T13:58:00Z", "countryCode": "US" }, "geometry": { "type": "Point", "coordinates": [ -86.724033, 39.298033 ] } },
{ "type": "Feature", "properties": { "decimalLatitude": 31.88636, "decimalLongitude": -86.029903, "eventDate": "2025-10-02T15:03:22Z", "countryCode": "US" }, "geometry": { "type": "Point", "coordinates": [ -86.029903, 31.88636 ] } },
{ "type": "Feature", "properties": { "decimalLatitude": 39.142672, "decimalLongitude": -77.242088, "eventDate": "2025-10-03T16:14:17Z", "countryCode": "US" }, "geometry": { "type": "Point", "coordinates": [ -77.242088, 39.142672 ] } },
{ "type": "Feature", "properties": { "decimalLatitude": 31.194713, "decimalLongitude": -91.041742, "eventDate": "2025-10-04T11:05:44Z", "countryCode": "US" }, "geometry": { "type": "Point", "coordinates": [ -91.041742, 31.194713 ] } },
{ "type": "Feature", "properties": { "decimalLatitude": 31.198428, "decimalLongitude": -92.575035, "eventDate": "2025-10-04T13:52:58Z", "countryCode": "US" }, "geometry": { "type": "Point", "coordinates": [ -92.575035, 31.198428 ] } },
{ "type": "Feature", "properties": { "decimalLatitude": 33.551522, "decimalLongitude": -86.677467, "eventDate": "2025-10-07T10:35:27Z", "countryCode": "US" }, "geometry": { "type": "Point", "coordinates": [ -86.677467, 33.551522 ] } },
{ "type": "Feature", "properties": { "decimalLatitude": 39.605788, "decimalLongitude": -77.927806, "eventDate": "2025-10-11T14:05:21Z", "countryCode": "US" }, "geometry": { "type": "Point", "coordinates": [ -77.927806, 39.605788 ] } },
{ "type": "Feature", "properties": { "decimalLatitude": 36.213831, "decimalLongitude": -84.058768, "eventDate": "2025-10-05T11:24:33Z", "countryCode": "US" }, "geometry": { "type": "Point", "coordinates": [ -84.058768, 36.213831 ] } },
{ "type": "Feature", "properties": { "decimalLatitude": 37.357758, "decimalLongitude": -88.917442, "eventDate": "2025-10-09T13:09:30Z", "countryCode": "US" }, "geometry": { "type": "Point", "coordinates": [ -88.917442, 37.357758 ] } },
{ "type": "Feature", "properties": { "decimalLatitude": 39.106619, "decimalLongitude": -86.689511, "eventDate": "2025-10-08T14:58:00Z", "countryCode": "US" }, "geometry": { "type": "Point", "coordinates": [ -86.689511, 39.106619 ] } },
{ "type": "Feature", "properties": { "decimalLatitude": 38.691018, "decimalLongitude": -77.067798, "eventDate": "2025-10-04T15:18:15Z", "countryCode": "US" }, "geometry": { "type": "Point", "coordinates": [ -77.067798, 38.691018 ] } },
{ "type": "Feature", "properties": { "decimalLatitude": 35.66334, "decimalLongitude": -81.739018, "eventDate": "2025-10-11T16:06:33Z", "countryCode": "US" }, "geometry": { "type": "Point", "coordinates": [ -81.739018, 35.66334 ] } },
{ "type": "Feature", "properties": { "decimalLatitude": 31.108392, "decimalLongitude": -92.498739, "eventDate": "2025-10-04T14:06:57Z", "countryCode": "US" }, "geometry": { "type": "Point", "coordinates": [ -92.498739, 31.108392 ] } },
{ "type": "Feature", "properties": { "decimalLatitude": 39.185606, "decimalLongitude": -86.385348, "eventDate": "2025-10-16T16:05:50Z", "countryCode": "US" }, "geometry": { "type": "Point", "coordinates": [ -86.385348, 39.185606 ] } },
{ "type": "Feature", "properties": { "decimalLatitude": 27.598241, "decimalLongitude": -81.50272, "eventDate": "2025-10-20T12:43:34Z", "countryCode": "US" }, "geometry": { "type": "Point", "coordinates": [ -81.50272, 27.598241 ] } },
{ "type": "Feature", "properties": { "decimalLatitude": 35.713933, "decimalLongitude": -79.908832, "eventDate": "2025-10-19T12:29:02Z", "countryCode": "US" }, "geometry": { "type": "Point", "coordinates": [ -79.908832, 35.713933 ] } },
{ "type": "Feature", "properties": { "decimalLatitude": 27.92843, "decimalLongitude": -81.41022, "eventDate": "2025-10-21T12:54:04Z", "countryCode": "US" }, "geometry": { "type": "Point", "coordinates": [ -81.41022, 27.92843 ] } },
{ "type": "Feature", "properties": { "decimalLatitude": 29.224125, "decimalLongitude": -82.622608, "eventDate": "2025-10-29T12:26:59Z", "countryCode": "US" }, "geometry": { "type": "Point", "coordinates": [ -82.622608, 29.224125 ] } },
{ "type": "Feature", "properties": { "decimalLatitude": 28.158767, "decimalLongitude": -82.642792, "eventDate": "2025-10-21T11:38:35Z", "countryCode": "US" }, "geometry": { "type": "Point", "coordinates": [ -82.642792, 28.158767 ] } },
{ "type": "Feature", "properties": { "decimalLatitude": 39.141195, "decimalLongitude": -77.244562, "eventDate": "2025-10-10T13:54:28Z", "countryCode": "US" }, "geometry": { "type": "Point", "coordinates": [ -77.244562, 39.141195 ] } },
{ "type": "Feature", "properties": { "decimalLatitude": 31.750682, "decimalLongitude": -86.001226, "eventDate": "2025-10-30T14:45:31Z", "countryCode": "US" }, "geometry": { "type": "Point", "coordinates": [ -86.001226, 31.750682 ] } },
{ "type": "Feature", "properties": { "decimalLatitude": 33.261783, "decimalLongitude": -86.705587, "eventDate": "2025-10-07T11:55:00Z", "countryCode": "US" }, "geometry": { "type": "Point", "coordinates": [ -86.705587, 33.261783 ] } },
{ "type": "Feature", "properties": { "decimalLatitude": 40.196337, "decimalLongitude": -78.260125, "eventDate": "2025-10-11T13:22:21Z", "countryCode": "US" }, "geometry": { "type": "Point", "coordinates": [ -78.260125, 40.196337 ] } },
{ "type": "Feature", "properties": { "decimalLatitude": 30.582981, "decimalLongitude": -94.381197, "eventDate": "2025-11-01T12:09:43Z", "countryCode": "US" }, "geometry": { "type": "Point", "coordinates": [ -94.381197, 30.582981 ] } },
{ "type": "Feature", "properties": { "decimalLatitude": 33.94492, "decimalLongitude": -79.97937, "eventDate": "2025-11-03T15:42:17Z", "countryCode": "US" }, "geometry": { "type": "Point", "coordinates": [ -79.97937, 33.94492 ] } },
{ "type": "Feature", "properties": { "decimalLatitude": 33.944962, "decimalLongitude": -79.979295, "eventDate": "2025-11-03T15:42:33Z", "countryCode": "US" }, "geometry": { "type": "Point", "coordinates": [ -79.979295, 33.944962 ] } },
{ "type": "Feature", "properties": { "decimalLatitude": 34.946883, "decimalLongitude": -87.618645, "eventDate": "2025-11-01T13:33:21Z", "countryCode": "US" }, "geometry": { "type": "Point", "coordinates": [ -87.618645, 34.946883 ] } },
{ "type": "Feature", "properties": { "decimalLatitude": 30.719288, "decimalLongitude": -85.929729, "eventDate": "2025-11-24T14:23:59Z", "countryCode": "US" }, "geometry": { "type": "Point", "coordinates": [ -85.929729, 30.719288 ] } },
{ "type": "Feature", "properties": { "decimalLatitude": 28.684853, "decimalLongitude": -82.416175, "eventDate": "2025-12-11T11:58:04Z", "countryCode": "US" }, "geometry": { "type": "Point", "coordinates": [ -82.416175, 28.684853 ] } },
{ "type": "Feature", "properties": { "decimalLatitude": 29.663895, "decimalLongitude": -81.24865, "eventDate": "2025-12-24T10:56:04Z", "countryCode": "US" }, "geometry": { "type": "Point", "coordinates": [ -81.24865, 29.663895 ] } },
{ "type": "Feature", "properties": { "decimalLatitude": 29.66452, "decimalLongitude": -81.24865, "eventDate": "2025-12-24T10:52:08Z", "countryCode": "US" }, "geometry": { "type": "Point", "coordinates": [ -81.24865, 29.66452 ] } },
{ "type": "Feature", "properties": { "decimalLatitude": 29.8751, "decimalLongitude": -98.487922, "eventDate": "2025-12-02T13:36:14Z", "countryCode": "US" }, "geometry": { "type": "Point", "coordinates": [ -98.487922, 29.8751 ] } },
{ "type": "Feature", "properties": { "decimalLatitude": 30.294934, "decimalLongitude": -94.320334, "eventDate": "2025-12-09T12:23:56Z", "countryCode": "US" }, "geometry": { "type": "Point", "coordinates": [ -94.320334, 30.294934 ] } }
]
}
