{
"type": "FeatureCollection",
"name": "bicyclus-anynana-gbif",
"crs": { "type": "name", "properties": { "name": "urn:ogc:def:crs:OGC:1.3:CRS84" } },
"features": [
{ "type": "Feature", "properties": { "decimalLatitude": -22.9842, "decimalLongitude": 29.615, "eventDate": "2015-02-03T00:00:00Z" }, "geometry": { "type": "Point", "coordinates": [ 29.615, -22.9842 ] } },
{ "type": "Feature", "properties": { "decimalLatitude": 12.555698, "decimalLongitude": 54.00599, "eventDate": "2015-02-12T13:01:00Z" }, "geometry": { "type": "Point", "coordinates": [ 54.00599, 12.555698 ] } },
{ "type": "Feature", "properties": { "decimalLatitude": -25.580921, "decimalLongitude": 31.008149, "eventDate": "2015-03-04T09:22:00Z" }, "geometry": { "type": "Point", "coordinates": [ 31.008149, -25.580921 ] } },
{ "type": "Feature", "properties": { "decimalLatitude": -25.550106, "decimalLongitude": 31.512259, "eventDate": "2015-03-01T09:42:00Z" }, "geometry": { "type": "Point", "coordinates": [ 31.512259, -25.550106 ] } },
{ "type": "Feature", "properties": { "decimalLatitude": -25.550315, "decimalLongitude": 31.1129, "eventDate": "2015-03-04T00:00:00Z" }, "geometry": { "type": "Point", "coordinates": [ 31.1129, -25.550315 ] } },
{ "type": "Feature", "properties": { "decimalLatitude": -25.550315, "decimalLongitude": 31.1129, "eventDate": "2015-03-06T00:00:00Z" }, "geometry": { "type": "Point", "coordinates": [ 31.1129, -25.550315 ] } },
{ "type": "Feature", "properties": { "decimalLatitude": -25.550315, "decimalLongitude": 31.1129, "eventDate": "2015-03-04T00:00:00Z" }, "geometry": { "type": "Point", "coordinates": [ 31.1129, -25.550315 ] } },
{ "type": "Feature", "properties": { "decimalLatitude": -25.550315, "decimalLongitude": 31.1129, "eventDate": "2015-03-06T00:00:00Z" }, "geometry": { "type": "Point", "coordinates": [ 31.1129, -25.550315 ] } },
{ "type": "Feature", "properties": { "decimalLatitude": -26.442957, "decimalLongitude": 31.160577, "eventDate": "2015-04-28T00:00:00Z" }, "geometry": { "type": "Point", "coordinates": [ 31.160577, -26.442957 ] } },
{ "type": "Feature", "properties": { "decimalLatitude": -16.015621, "decimalLongitude": 35.126553, "eventDate": "2015-04-20T00:00:00Z" }, "geometry": { "type": "Point", "coordinates": [ 35.126553, -16.015621 ] } },
{ "type": "Feature", "properties": { "decimalLatitude": -15.903886, "decimalLongitude": 34.741776, "eventDate": "2015-04-15T00:00:00Z" }, "geometry": { "type": "Point", "coordinates": [ 34.741776, -15.903886 ] } },
{ "type": "Feature", "properties": { "decimalLatitude": -26.465647, "decimalLongitude": 31.947963, "eventDate": "2015-04-18T00:00:00Z" }, "geometry": { "type": "Point", "coordinates": [ 31.947963, -26.465647 ] } },
{ "type": "Feature", "properties": { "decimalLatitude": -22.411111, "decimalLongitude": 30.647778, "eventDate": "2015-04-27T00:00:00Z" }, "geometry": { "type": "Point", "coordinates": [ 30.647778, -22.411111 ] } },
{ "type": "Feature", "properties": { "decimalLatitude": -26.443294, "decimalLongitude": 31.160531, "eventDate": "2015-04-28T00:00:00Z" }, "geometry": { "type": "Point", "coordinates": [ 31.160531, -26.443294 ] } },
{ "type": "Feature", "properties": { "decimalLatitude": -22.648056, "decimalLongitude": 30.566944, "eventDate": "2015-04-27T00:00:00Z" }, "geometry": { "type": "Point", "coordinates": [ 30.566944, -22.648056 ] } },
{ "type": "Feature", "properties": { "decimalLatitude": -28.768045, "decimalLongitude": 32.079992, "eventDate": "2015-04-19T00:00:00Z" }, "geometry": { "type": "Point", "coordinates": [ 32.079992, -28.768045 ] } },
{ "type": "Feature", "properties": { "decimalLatitude": -26.4661, "decimalLongitude": 31.948071, "eventDate": "2015-04-18T00:00:00Z" }, "geometry": { "type": "Point", "coordinates": [ 31.948071, -26.4661 ] } },
{ "type": "Feature", "properties": { "decimalLatitude": -29.110453, "decimalLongitude": 31.601203, "eventDate": "2015-05-18T16:19:00Z" }, "geometry": { "type": "Point", "coordinates": [ 31.601203, -29.110453 ] } },
{ "type": "Feature", "properties": { "decimalLatitude": -27.904707, "decimalLongitude": 32.351818, "eventDate": "2015-05-08T00:00:00Z" }, "geometry": { "type": "Point", "coordinates": [ 32.351818, -27.904707 ] } },
{ "type": "Feature", "properties": { "decimalLatitude": -26.994017, "decimalLongitude": 32.725372, "eventDate": "2015-05-02T00:00:00Z" }, "geometry": { "type": "Point", "coordinates": [ 32.725372, -26.994017 ] } },
{ "type": "Feature", "properties": { "decimalLatitude": -18.69457, "decimalLongitude": 34.20781, "eventDate": "2015-05-08T00:00:00Z" }, "geometry": { "type": "Point", "coordinates": [ 34.20781, -18.69457 ] } },
{ "type": "Feature", "properties": { "decimalLatitude": -18.69457, "decimalLongitude": 34.20781, "eventDate": "2015-05-08T00:00:00Z" }, "geometry": { "type": "Point", "coordinates": [ 34.20781, -18.69457 ] } },
{ "type": "Feature", "properties": { "decimalLatitude": -25.444222, "decimalLongitude": 30.969528, "eventDate": "2015-05-04T00:00:00Z" }, "geometry": { "type": "Point", "coordinates": [ 30.969528, -25.444222 ] } },
{ "type": "Feature", "properties": { "decimalLatitude": -23.651572, "decimalLongitude": 30.014265, "eventDate": "2015-05-23T00:00:00Z" }, "geometry": { "type": "Point", "coordinates": [ 30.014265, -23.651572 ] } },
{ "type": "Feature", "properties": { "decimalLatitude": -28.652428, "decimalLongitude": 31.74094, "eventDate": "2015-05-24T00:00:00Z" }, "geometry": { "type": "Point", "coordinates": [ 31.74094, -28.652428 ] } },
{ "type": "Feature", "properties": { "decimalLatitude": -26.993998, "decimalLongitude": 32.726877, "eventDate": "2015-05-02T00:00:00Z" }, "geometry": { "type": "Point", "coordinates": [ 32.726877, -26.993998 ] } },
{ "type": "Feature", "properties": { "decimalLatitude": -25.444222, "decimalLongitude": 30.969528, "eventDate": "2015-05-16T00:00:00Z" }, "geometry": { "type": "Point", "coordinates": [ 30.969528, -25.444222 ] } },
{ "type": "Feature", "properties": { "decimalLatitude": -26.634439, "decimalLongitude": 31.292409, "eventDate": "2015-06-07T00:00:00Z" }, "geometry": { "type": "Point", "coordinates": [ 31.292409, -26.634439 ] } },
{ "type": "Feature", "properties": { "decimalLatitude": -26.634439, "decimalLongitude": 31.292409, "eventDate": "2015-06-07T00:00:00Z" }, "geometry": { "type": "Point", "coordinates": [ 31.292409, -26.634439 ] } },
{ "type": "Feature", "properties": { "decimalLatitude": -28.652767, "decimalLongitude": 31.739781, "eventDate": "2015-06-21T00:00:00Z" }, "geometry": { "type": "Point", "coordinates": [ 31.739781, -28.652767 ] } },
{ "type": "Feature", "properties": { "decimalLatitude": -29.547001, "decimalLongitude": 31.201354, "eventDate": "2015-07-12T00:00:00Z" }, "geometry": { "type": "Point", "coordinates": [ 31.201354, -29.547001 ] } },
{ "type": "Feature", "properties": { "decimalLatitude": -28.652306, "decimalLongitude": 31.741296, "eventDate": "2015-08-29T08:52:00Z" }, "geometry": { "type": "Point", "coordinates": [ 31.741296, -28.652306 ] } },
{ "type": "Feature", "properties": { "decimalLatitude": -28.652767, "decimalLongitude": 31.739781, "eventDate": "2015-08-29T00:00:00Z" }, "geometry": { "type": "Point", "coordinates": [ 31.739781, -28.652767 ] } },
{ "type": "Feature", "properties": { "decimalLatitude": -26.896353, "decimalLongitude": 32.874184, "eventDate": "2015-08-09T00:00:00Z" }, "geometry": { "type": "Point", "coordinates": [ 32.874184, -26.896353 ] } },
{ "type": "Feature", "properties": { "decimalLatitude": -28.979725, "decimalLongitude": 31.73665, "eventDate": "2015-09-20T09:31:00Z" }, "geometry": { "type": "Point", "coordinates": [ 31.73665, -28.979725 ] } },
{ "type": "Feature", "properties": { "decimalLatitude": -28.981435, "decimalLongitude": 31.736948, "eventDate": "2015-09-20T00:00:00Z" }, "geometry": { "type": "Point", "coordinates": [ 31.736948, -28.981435 ] } },
{ "type": "Feature", "properties": { "decimalLatitude": -15.713271, "decimalLongitude": 49.962978, "eventDate": "2015-10-05T12:47:00Z" }, "geometry": { "type": "Point", "coordinates": [ 49.962978, -15.713271 ] } },
{ "type": "Feature", "properties": { "decimalLatitude": -29.12409, "decimalLongitude": 31.600413, "eventDate": "2015-10-24T00:00:00Z" }, "geometry": { "type": "Point", "coordinates": [ 31.600413, -29.12409 ] } },
{ "type": "Feature", "properties": { "decimalLatitude": -23.651572, "decimalLongitude": 30.014265, "eventDate": "2015-10-18T00:00:00Z" }, "geometry": { "type": "Point", "coordinates": [ 30.014265, -23.651572 ] } },
{ "type": "Feature", "properties": { "decimalLatitude": -4.79333, "decimalLongitude": 38.26833, "eventDate": "2015-11-04T00:00:00Z" }, "geometry": { "type": "Point", "coordinates": [ 38.26833, -4.79333 ] } },
{ "type": "Feature", "properties": { "decimalLatitude": -29.111976, "decimalLongitude": 31.599855, "eventDate": "2015-12-03T00:00:00Z" }, "geometry": { "type": "Point", "coordinates": [ 31.599855, -29.111976 ] } },
{ "type": "Feature", "properties": { "decimalLatitude": -29.113775, "decimalLongitude": 31.599083, "eventDate": "2016-01-03T00:00:00Z" }, "geometry": { "type": "Point", "coordinates": [ 31.599083, -29.113775 ] } },
{ "type": "Feature", "properties": { "decimalLatitude": -25.550315, "decimalLongitude": 31.1129, "eventDate": "2016-02-14T00:00:00Z" }, "geometry": { "type": "Point", "coordinates": [ 31.1129, -25.550315 ] } },
{ "type": "Feature", "properties": { "decimalLatitude": -26.478871, "decimalLongitude": 31.185379, "eventDate": "2016-02-28T00:00:00Z" }, "geometry": { "type": "Point", "coordinates": [ 31.185379, -26.478871 ] } },
{ "type": "Feature", "properties": { "decimalLatitude": -25.550315, "decimalLongitude": 31.1129, "eventDate": "2016-02-14T00:00:00Z" }, "geometry": { "type": "Point", "coordinates": [ 31.1129, -25.550315 ] } },
{ "type": "Feature", "properties": { "decimalLatitude": -13.971423, "decimalLongitude": 33.785711, "eventDate": "2016-02-20T00:00:00Z" }, "geometry": { "type": "Point", "coordinates": [ 33.785711, -13.971423 ] } },
{ "type": "Feature", "properties": { "decimalLatitude": -2.27241, "decimalLongitude": 29.97995, "eventDate": "2016-03-21T00:00:00Z" }, "geometry": { "type": "Point", "coordinates": [ 29.97995, -2.27241 ] } },
{ "type": "Feature", "properties": { "decimalLatitude": -2.27698, "decimalLongitude": 29.97594, "eventDate": "2016-03-21T00:00:00Z" }, "geometry": { "type": "Point", "coordinates": [ 29.97594, -2.27698 ] } },
{ "type": "Feature", "properties": { "decimalLatitude": -2.26281, "decimalLongitude": 29.98607, "eventDate": "2016-03-22T00:00:00Z" }, "geometry": { "type": "Point", "coordinates": [ 29.98607, -2.26281 ] } },
{ "type": "Feature", "properties": { "decimalLatitude": -2.15041, "decimalLongitude": 29.99643, "eventDate": "2016-03-23T00:00:00Z" }, "geometry": { "type": "Point", "coordinates": [ 29.99643, -2.15041 ] } },
{ "type": "Feature", "properties": { "decimalLatitude": -2.15047, "decimalLongitude": 29.99726, "eventDate": "2016-03-24T00:00:00Z" }, "geometry": { "type": "Point", "coordinates": [ 29.99726, -2.15047 ] } },
{ "type": "Feature", "properties": { "decimalLatitude": -2.15019, "decimalLongitude": 29.99902, "eventDate": "2016-03-24T00:00:00Z" }, "geometry": { "type": "Point", "coordinates": [ 29.99902, -2.15019 ] } },
{ "type": "Feature", "properties": { "decimalLatitude": -2.07257, "decimalLongitude": 30.02599, "eventDate": "2016-03-25T00:00:00Z" }, "geometry": { "type": "Point", "coordinates": [ 30.02599, -2.07257 ] } },
{ "type": "Feature", "properties": { "decimalLatitude": -2.07522, "decimalLongitude": 30.02291, "eventDate": "2016-03-25T00:00:00Z" }, "geometry": { "type": "Point", "coordinates": [ 30.02291, -2.07522 ] } },
{ "type": "Feature", "properties": { "decimalLatitude": -2.07574, "decimalLongitude": 30.02455, "eventDate": "2016-03-25T00:00:00Z" }, "geometry": { "type": "Point", "coordinates": [ 30.02455, -2.07574 ] } },
{ "type": "Feature", "properties": { "decimalLatitude": -2.27241, "decimalLongitude": 29.97995, "eventDate": "2016-03-21T00:00:00Z" }, "geometry": { "type": "Point", "coordinates": [ 29.97995, -2.27241 ] } },
{ "type": "Feature", "properties": { "decimalLatitude": -2.07574, "decimalLongitude": 30.02455, "eventDate": "2016-03-25T00:00:00Z" }, "geometry": { "type": "Point", "coordinates": [ 30.02455, -2.07574 ] } },
{ "type": "Feature", "properties": { "decimalLatitude": -2.07522, "decimalLongitude": 30.02291, "eventDate": "2016-03-25T00:00:00Z" }, "geometry": { "type": "Point", "coordinates": [ 30.02291, -2.07522 ] } },
{ "type": "Feature", "properties": { "decimalLatitude": -2.07257, "decimalLongitude": 30.02599, "eventDate": "2016-03-25T00:00:00Z" }, "geometry": { "type": "Point", "coordinates": [ 30.02599, -2.07257 ] } },
{ "type": "Feature", "properties": { "decimalLatitude": -2.26281, "decimalLongitude": 29.98607, "eventDate": "2016-03-22T00:00:00Z" }, "geometry": { "type": "Point", "coordinates": [ 29.98607, -2.26281 ] } },
{ "type": "Feature", "properties": { "decimalLatitude": -2.15019, "decimalLongitude": 29.99902, "eventDate": "2016-03-24T00:00:00Z" }, "geometry": { "type": "Point", "coordinates": [ 29.99902, -2.15019 ] } },
{ "type": "Feature", "properties": { "decimalLatitude": -2.15047, "decimalLongitude": 29.99726, "eventDate": "2016-03-24T00:00:00Z" }, "geometry": { "type": "Point", "coordinates": [ 29.99726, -2.15047 ] } },
{ "type": "Feature", "properties": { "decimalLatitude": -2.15041, "decimalLongitude": 29.99643, "eventDate": "2016-03-23T00:00:00Z" }, "geometry": { "type": "Point", "coordinates": [ 29.99643, -2.15041 ] } },
{ "type": "Feature", "properties": { "decimalLatitude": -2.27698, "decimalLongitude": 29.97594, "eventDate": "2016-03-21T00:00:00Z" }, "geometry": { "type": "Point", "coordinates": [ 29.97594, -2.27698 ] } },
{ "type": "Feature", "properties": { "decimalLatitude": -24.199438, "decimalLongitude": 30.335822, "eventDate": "2016-03-07T00:00:00Z" }, "geometry": { "type": "Point", "coordinates": [ 30.335822, -24.199438 ] } },
{ "type": "Feature", "properties": { "decimalLatitude": -15.779852, "decimalLongitude": 34.970156, "eventDate": "2016-03-11T00:00:00Z" }, "geometry": { "type": "Point", "coordinates": [ 34.970156, -15.779852 ] } },
{ "type": "Feature", "properties": { "decimalLatitude": -26.423753, "decimalLongitude": 31.172504, "eventDate": "2016-03-01T00:00:00Z" }, "geometry": { "type": "Point", "coordinates": [ 31.172504, -26.423753 ] } },
{ "type": "Feature", "properties": { "decimalLatitude": -18.66489, "decimalLongitude": 35.45208, "eventDate": "2016-04-10T09:23:00Z" }, "geometry": { "type": "Point", "coordinates": [ 35.45208, -18.66489 ] } },
{ "type": "Feature", "properties": { "decimalLatitude": -22.817194, "decimalLongitude": 30.649028, "eventDate": "2016-04-19T00:00:00Z" }, "geometry": { "type": "Point", "coordinates": [ 30.649028, -22.817194 ] } },
{ "type": "Feature", "properties": { "decimalLatitude": -25.444222, "decimalLongitude": 30.969528, "eventDate": "2016-04-02T00:00:00Z" }, "geometry": { "type": "Point", "coordinates": [ 30.969528, -25.444222 ] } },
{ "type": "Feature", "properties": { "decimalLatitude": -3.950674, "decimalLongitude": 35.866125, "eventDate": "2016-05-12T00:00:00Z" }, "geometry": { "type": "Point", "coordinates": [ 35.866125, -3.950674 ] } },
{ "type": "Feature", "properties": { "decimalLatitude": -13.930423, "decimalLongitude": 33.807399, "eventDate": "2016-05-27T00:00:00Z" }, "geometry": { "type": "Point", "coordinates": [ 33.807399, -13.930423 ] } },
{ "type": "Feature", "properties": { "decimalLatitude": -28.780583, "decimalLongitude": 32.088425, "eventDate": "2016-05-10T00:00:00Z" }, "geometry": { "type": "Point", "coordinates": [ 32.088425, -28.780583 ] } },
{ "type": "Feature", "properties": { "decimalLatitude": -28.780583, "decimalLongitude": 32.088425, "eventDate": "2016-06-19T00:00:00Z" }, "geometry": { "type": "Point", "coordinates": [ 32.088425, -28.780583 ] } },
{ "type": "Feature", "properties": { "decimalLatitude": -18.296116, "decimalLongitude": 32.968683, "eventDate": "2016-07-09T00:00:00Z" }, "geometry": { "type": "Point", "coordinates": [ 32.968683, -18.296116 ] } },
{ "type": "Feature", "properties": { "decimalLatitude": -18.296116, "decimalLongitude": 32.968683, "eventDate": "2016-07-09T00:00:00Z" }, "geometry": { "type": "Point", "coordinates": [ 32.968683, -18.296116 ] } },
{ "type": "Feature", "properties": { "decimalLatitude": -28.036928, "decimalLongitude": 32.349093, "eventDate": "2016-08-05T00:00:00Z" }, "geometry": { "type": "Point", "coordinates": [ 32.349093, -28.036928 ] } },
{ "type": "Feature", "properties": { "decimalLatitude": -28.036928, "decimalLongitude": 32.349093, "eventDate": "2016-08-05T00:00:00Z" }, "geometry": { "type": "Point", "coordinates": [ 32.349093, -28.036928 ] } },
{ "type": "Feature", "properties": { "decimalLatitude": -26.820401, "decimalLongitude": 32.885342, "eventDate": "2016-09-27T07:28:00Z" }, "geometry": { "type": "Point", "coordinates": [ 32.885342, -26.820401 ] } },
{ "type": "Feature", "properties": { "decimalLatitude": -28.694373, "decimalLongitude": 31.998131, "eventDate": "2016-09-24T00:00:00Z" }, "geometry": { "type": "Point", "coordinates": [ 31.998131, -28.694373 ] } },
{ "type": "Feature", "properties": { "decimalLatitude": -17.885676, "decimalLongitude": 30.800852, "eventDate": "2016-09-17T00:00:00Z" }, "geometry": { "type": "Point", "coordinates": [ 30.800852, -17.885676 ] } },
{ "type": "Feature", "properties": { "decimalLatitude": -27.909182, "decimalLongitude": 32.364821, "eventDate": "2016-09-27T00:00:00Z" }, "geometry": { "type": "Point", "coordinates": [ 32.364821, -27.909182 ] } },
{ "type": "Feature", "properties": { "decimalLatitude": -29.54833, "decimalLongitude": 31.202729, "eventDate": "2016-10-08T10:48:00Z" }, "geometry": { "type": "Point", "coordinates": [ 31.202729, -29.54833 ] } },
{ "type": "Feature", "properties": { "decimalLatitude": -27.908634, "decimalLongitude": 32.367522, "eventDate": "2016-10-10T00:44:00Z" }, "geometry": { "type": "Point", "coordinates": [ 32.367522, -27.908634 ] } },
{ "type": "Feature", "properties": { "decimalLatitude": -23.651738, "decimalLongitude": 30.014327, "eventDate": "2016-10-01T00:00:00Z" }, "geometry": { "type": "Point", "coordinates": [ 30.014327, -23.651738 ] } },
{ "type": "Feature", "properties": { "decimalLatitude": -27.909182, "decimalLongitude": 32.364821, "eventDate": "2016-10-11T00:00:00Z" }, "geometry": { "type": "Point", "coordinates": [ 32.364821, -27.909182 ] } },
{ "type": "Feature", "properties": { "decimalLatitude": -23.651694, "decimalLongitude": 30.014447, "eventDate": "2016-10-08T00:00:00Z" }, "geometry": { "type": "Point", "coordinates": [ 30.014447, -23.651694 ] } },
{ "type": "Feature", "properties": { "decimalLatitude": -27.963172, "decimalLongitude": 32.367439, "eventDate": "2016-10-10T00:00:00Z" }, "geometry": { "type": "Point", "coordinates": [ 32.367439, -27.963172 ] } },
{ "type": "Feature", "properties": { "decimalLatitude": -27.909182, "decimalLongitude": 32.364821, "eventDate": "2016-11-24T00:00:00Z" }, "geometry": { "type": "Point", "coordinates": [ 32.364821, -27.909182 ] } },
{ "type": "Feature", "properties": { "decimalLatitude": -28.200347, "decimalLongitude": 32.415719, "eventDate": "2016-11-15T00:00:00Z" }, "geometry": { "type": "Point", "coordinates": [ 32.415719, -28.200347 ] } },
{ "type": "Feature", "properties": { "decimalLatitude": -28.132167, "decimalLongitude": 32.552433, "eventDate": "2016-11-16T00:00:00Z" }, "geometry": { "type": "Point", "coordinates": [ 32.552433, -28.132167 ] } },
{ "type": "Feature", "properties": { "decimalLatitude": -24.199438, "decimalLongitude": 30.335822, "eventDate": "2016-12-30T00:00:00Z" }, "geometry": { "type": "Point", "coordinates": [ 30.335822, -24.199438 ] } },
{ "type": "Feature", "properties": { "decimalLatitude": -24.199438, "decimalLongitude": 30.335822, "eventDate": "2016-12-30T00:00:00Z" }, "geometry": { "type": "Point", "coordinates": [ 30.335822, -24.199438 ] } },
{ "type": "Feature", "properties": { "decimalLatitude": -24.199438, "decimalLongitude": 30.335822, "eventDate": "2016-12-30T00:00:00Z" }, "geometry": { "type": "Point", "coordinates": [ 30.335822, -24.199438 ] } },
{ "type": "Feature", "properties": { "decimalLatitude": -29.513218, "decimalLongitude": 30.505664, "eventDate": "2016-12-26T00:00:00Z" }, "geometry": { "type": "Point", "coordinates": [ 30.505664, -29.513218 ] } },
{ "type": "Feature", "properties": { "decimalLatitude": -29.21394, "decimalLongitude": 31.416254, "eventDate": "2016-12-26T00:00:00Z" }, "geometry": { "type": "Point", "coordinates": [ 31.416254, -29.21394 ] } },
{ "type": "Feature", "properties": { "decimalLatitude": -25.550315, "decimalLongitude": 31.1129, "eventDate": "2017-01-24T00:00:00Z" }, "geometry": { "type": "Point", "coordinates": [ 31.1129, -25.550315 ] } },
{ "type": "Feature", "properties": { "decimalLatitude": -28.694373, "decimalLongitude": 31.998131, "eventDate": "2017-01-14T00:00:00Z" }, "geometry": { "type": "Point", "coordinates": [ 31.998131, -28.694373 ] } },
{ "type": "Feature", "properties": { "decimalLatitude": -25.550315, "decimalLongitude": 31.1129, "eventDate": "2017-01-24T00:00:00Z" }, "geometry": { "type": "Point", "coordinates": [ 31.1129, -25.550315 ] } },
{ "type": "Feature", "properties": { "decimalLatitude": -27.134208, "decimalLongitude": 31.993774, "eventDate": "2017-02-15T00:00:00Z" }, "geometry": { "type": "Point", "coordinates": [ 31.993774, -27.134208 ] } },
{ "type": "Feature", "properties": { "decimalLatitude": -2.15041, "decimalLongitude": 29.99643, "eventDate": "2017-03-23T00:00:00Z" }, "geometry": { "type": "Point", "coordinates": [ 29.99643, -2.15041 ] } },
{ "type": "Feature", "properties": { "decimalLatitude": -2.15047, "decimalLongitude": 29.99726, "eventDate": "2017-03-24T00:00:00Z" }, "geometry": { "type": "Point", "coordinates": [ 29.99726, -2.15047 ] } },
{ "type": "Feature", "properties": { "decimalLatitude": -2.15019, "decimalLongitude": 29.99902, "eventDate": "2017-03-24T00:00:00Z" }, "geometry": { "type": "Point", "coordinates": [ 29.99902, -2.15019 ] } },
{ "type": "Feature", "properties": { "decimalLatitude": -2.07257, "decimalLongitude": 30.02599, "eventDate": "2017-03-25T00:00:00Z" }, "geometry": { "type": "Point", "coordinates": [ 30.02599, -2.07257 ] } },
{ "type": "Feature", "properties": { "decimalLatitude": -2.07522, "decimalLongitude": 30.02291, "eventDate": "2017-03-25T00:00:00Z" }, "geometry": { "type": "Point", "coordinates": [ 30.02291, -2.07522 ] } },
{ "type": "Feature", "properties": { "decimalLatitude": -2.07574, "decimalLongitude": 30.02455, "eventDate": "2017-03-25T00:00:00Z" }, "geometry": { "type": "Point", "coordinates": [ 30.02455, -2.07574 ] } },
{ "type": "Feature", "properties": { "decimalLatitude": -28.3762, "decimalLongitude": 32.418, "eventDate": "2017-03-15T00:00:00Z" }, "geometry": { "type": "Point", "coordinates": [ 32.418, -28.3762 ] } },
{ "type": "Feature", "properties": { "decimalLatitude": -23.651709, "decimalLongitude": 30.01438, "eventDate": "2017-03-05T00:00:00Z" }, "geometry": { "type": "Point", "coordinates": [ 30.01438, -23.651709 ] } },
{ "type": "Feature", "properties": { "decimalLatitude": -18.434086, "decimalLongitude": 21.905195, "eventDate": "2017-04-01T14:28:00Z" }, "geometry": { "type": "Point", "coordinates": [ 21.905195, -18.434086 ] } },
{ "type": "Feature", "properties": { "decimalLatitude": -31.654647, "decimalLongitude": 29.505103, "eventDate": "2017-04-15T13:10:00Z" }, "geometry": { "type": "Point", "coordinates": [ 29.505103, -31.654647 ] } },
{ "type": "Feature", "properties": { "decimalLatitude": -27.903838, "decimalLongitude": 32.357867, "eventDate": "2017-04-24T13:16:00Z" }, "geometry": { "type": "Point", "coordinates": [ 32.357867, -27.903838 ] } },
{ "type": "Feature", "properties": { "decimalLatitude": -28.694373, "decimalLongitude": 31.998131, "eventDate": "2017-04-16T00:00:00Z" }, "geometry": { "type": "Point", "coordinates": [ 31.998131, -28.694373 ] } },
{ "type": "Feature", "properties": { "decimalLatitude": -18.741938, "decimalLongitude": 24.119797, "eventDate": "2017-04-27T00:00:00Z" }, "geometry": { "type": "Point", "coordinates": [ 24.119797, -18.741938 ] } },
{ "type": "Feature", "properties": { "decimalLatitude": -23.651728, "decimalLongitude": 30.014353, "eventDate": "2017-04-22T00:00:00Z" }, "geometry": { "type": "Point", "coordinates": [ 30.014353, -23.651728 ] } },
{ "type": "Feature", "properties": { "decimalLatitude": -16.02386, "decimalLongitude": 35.52452, "eventDate": "2017-05-06T12:19:00Z" }, "geometry": { "type": "Point", "coordinates": [ 35.52452, -16.02386 ] } },
{ "type": "Feature", "properties": { "decimalLatitude": -28.480461, "decimalLongitude": 32.18256, "eventDate": "2017-05-27T00:00:00Z" }, "geometry": { "type": "Point", "coordinates": [ 32.18256, -28.480461 ] } },
{ "type": "Feature", "properties": { "decimalLatitude": -27.041639, "decimalLongitude": 32.428806, "eventDate": "2017-05-23T00:00:00Z" }, "geometry": { "type": "Point", "coordinates": [ 32.428806, -27.041639 ] } },
{ "type": "Feature", "properties": { "decimalLatitude": -28.694373, "decimalLongitude": 31.998131, "eventDate": "2017-05-07T00:00:00Z" }, "geometry": { "type": "Point", "coordinates": [ 31.998131, -28.694373 ] } },
{ "type": "Feature", "properties": { "decimalLatitude": -28.780583, "decimalLongitude": 32.088425, "eventDate": "2017-06-24T00:00:00Z" }, "geometry": { "type": "Point", "coordinates": [ 32.088425, -28.780583 ] } },
{ "type": "Feature", "properties": { "decimalLatitude": -16.128176, "decimalLongitude": 35.098738, "eventDate": "2017-06-02T00:00:00Z" }, "geometry": { "type": "Point", "coordinates": [ 35.098738, -16.128176 ] } },
{ "type": "Feature", "properties": { "decimalLatitude": -23.65166, "decimalLongitude": 30.014477, "eventDate": "2017-06-25T00:00:00Z" }, "geometry": { "type": "Point", "coordinates": [ 30.014477, -23.65166 ] } },
{ "type": "Feature", "properties": { "decimalLatitude": -16.128176, "decimalLongitude": 35.098738, "eventDate": "2017-06-02T00:00:00Z" }, "geometry": { "type": "Point", "coordinates": [ 35.098738, -16.128176 ] } },
{ "type": "Feature", "properties": { "decimalLatitude": -28.381882, "decimalLongitude": 32.419689, "eventDate": "2017-06-23T00:00:00Z" }, "geometry": { "type": "Point", "coordinates": [ 32.419689, -28.381882 ] } },
{ "type": "Feature", "properties": { "decimalLatitude": -28.780583, "decimalLongitude": 32.088425, "eventDate": "2017-06-10T00:00:00Z" }, "geometry": { "type": "Point", "coordinates": [ 32.088425, -28.780583 ] } },
{ "type": "Feature", "properties": { "decimalLatitude": -4.94069, "decimalLongitude": 39.711118, "eventDate": "2017-07-20T12:47:00Z" }, "geometry": { "type": "Point", "coordinates": [ 39.711118, -4.94069 ] } },
{ "type": "Feature", "properties": { "decimalLatitude": -4.939428, "decimalLongitude": 39.711125, "eventDate": "2017-07-20T10:29:00Z" }, "geometry": { "type": "Point", "coordinates": [ 39.711125, -4.939428 ] } },
{ "type": "Feature", "properties": { "decimalLatitude": -27.5969, "decimalLongitude": 32.2187, "eventDate": "2017-07-16T00:00:00Z" }, "geometry": { "type": "Point", "coordinates": [ 32.2187, -27.5969 ] } },
{ "type": "Feature", "properties": { "decimalLatitude": -27.583581, "decimalLongitude": 32.000281, "eventDate": "2017-07-08T10:00:00Z" }, "geometry": { "type": "Point", "coordinates": [ 32.000281, -27.583581 ] } },
{ "type": "Feature", "properties": { "decimalLatitude": -23.651473, "decimalLongitude": 30.014622, "eventDate": "2017-07-23T00:00:00Z" }, "geometry": { "type": "Point", "coordinates": [ 30.014622, -23.651473 ] } },
{ "type": "Feature", "properties": { "decimalLatitude": -29.205056, "decimalLongitude": 31.423139, "eventDate": "2017-07-04T00:00:00Z" }, "geometry": { "type": "Point", "coordinates": [ 31.423139, -29.205056 ] } },
{ "type": "Feature", "properties": { "decimalLatitude": -27.582975, "decimalLongitude": 32.000781, "eventDate": "2017-07-08T00:00:00Z" }, "geometry": { "type": "Point", "coordinates": [ 32.000781, -27.582975 ] } },
{ "type": "Feature", "properties": { "decimalLatitude": -24.515111, "decimalLongitude": 30.8005, "eventDate": "2017-07-10T00:00:00Z" }, "geometry": { "type": "Point", "coordinates": [ 30.8005, -24.515111 ] } },
{ "type": "Feature", "properties": { "decimalLatitude": -28.015056, "decimalLongitude": 32.289891, "eventDate": "2017-07-07T00:00:00Z" }, "geometry": { "type": "Point", "coordinates": [ 32.289891, -28.015056 ] } },
{ "type": "Feature", "properties": { "decimalLatitude": -28.607038, "decimalLongitude": 32.118165, "eventDate": "2017-07-15T00:00:00Z" }, "geometry": { "type": "Point", "coordinates": [ 32.118165, -28.607038 ] } },
{ "type": "Feature", "properties": { "decimalLatitude": -29.205056, "decimalLongitude": 31.423139, "eventDate": "2017-07-04T00:00:00Z" }, "geometry": { "type": "Point", "coordinates": [ 31.423139, -29.205056 ] } },
{ "type": "Feature", "properties": { "decimalLatitude": -28.607038, "decimalLongitude": 32.118165, "eventDate": "2017-07-15T00:00:00Z" }, "geometry": { "type": "Point", "coordinates": [ 32.118165, -28.607038 ] } },
{ "type": "Feature", "properties": { "decimalLatitude": -28.607038, "decimalLongitude": 32.118165, "eventDate": "2017-07-29T00:00:00Z" }, "geometry": { "type": "Point", "coordinates": [ 32.118165, -28.607038 ] } },
{ "type": "Feature", "properties": { "decimalLatitude": -28.015056, "decimalLongitude": 32.289891, "eventDate": "2017-07-07T00:00:00Z" }, "geometry": { "type": "Point", "coordinates": [ 32.289891, -28.015056 ] } },
{ "type": "Feature", "properties": { "decimalLatitude": -28.015056, "decimalLongitude": 32.289891, "eventDate": "2017-07-07T00:00:00Z" }, "geometry": { "type": "Point", "coordinates": [ 32.289891, -28.015056 ] } },
{ "type": "Feature", "properties": { "decimalLatitude": -22.817194, "decimalLongitude": 30.649028, "eventDate": "2017-08-24T00:00:00Z" }, "geometry": { "type": "Point", "coordinates": [ 30.649028, -22.817194 ] } },
{ "type": "Feature", "properties": { "decimalLatitude": -28.607038, "decimalLongitude": 32.118165, "eventDate": "2017-08-06T00:00:00Z" }, "geometry": { "type": "Point", "coordinates": [ 32.118165, -28.607038 ] } },
{ "type": "Feature", "properties": { "decimalLatitude": -22.966083, "decimalLongitude": 30.464556, "eventDate": "2017-08-23T00:00:00Z" }, "geometry": { "type": "Point", "coordinates": [ 30.464556, -22.966083 ] } },
{ "type": "Feature", "properties": { "decimalLatitude": -12.660631, "decimalLongitude": 40.023918, "eventDate": "2017-08-17T00:00:00Z" }, "geometry": { "type": "Point", "coordinates": [ 40.023918, -12.660631 ] } },
{ "type": "Feature", "properties": { "decimalLatitude": -27.963172, "decimalLongitude": 32.367439, "eventDate": "2017-08-06T00:00:00Z" }, "geometry": { "type": "Point", "coordinates": [ 32.367439, -27.963172 ] } },
{ "type": "Feature", "properties": { "decimalLatitude": -27.963172, "decimalLongitude": 32.367439, "eventDate": "2017-08-06T00:00:00Z" }, "geometry": { "type": "Point", "coordinates": [ 32.367439, -27.963172 ] } },
{ "type": "Feature", "properties": { "decimalLatitude": -15.802015, "decimalLongitude": 29.430244, "eventDate": "2017-09-10T06:54:00Z" }, "geometry": { "type": "Point", "coordinates": [ 29.430244, -15.802015 ] } },
{ "type": "Feature", "properties": { "decimalLatitude": -28.697545, "decimalLongitude": 31.990655, "eventDate": "2017-09-03T09:02:00Z" }, "geometry": { "type": "Point", "coordinates": [ 31.990655, -28.697545 ] } },
{ "type": "Feature", "properties": { "decimalLatitude": -26.960254, "decimalLongitude": 32.825839, "eventDate": "2017-09-17T00:00:00Z" }, "geometry": { "type": "Point", "coordinates": [ 32.825839, -26.960254 ] } },
{ "type": "Feature", "properties": { "decimalLatitude": -28.694373, "decimalLongitude": 31.998131, "eventDate": "2017-09-03T00:00:00Z" }, "geometry": { "type": "Point", "coordinates": [ 31.998131, -28.694373 ] } },
{ "type": "Feature", "properties": { "decimalLatitude": -30.326462, "decimalLongitude": 30.733464, "eventDate": "2017-09-11T00:00:00Z" }, "geometry": { "type": "Point", "coordinates": [ 30.733464, -30.326462 ] } },
{ "type": "Feature", "properties": { "decimalLatitude": -15.801619, "decimalLongitude": 29.430176, "eventDate": "2017-09-10T00:00:00Z" }, "geometry": { "type": "Point", "coordinates": [ 29.430176, -15.801619 ] } },
{ "type": "Feature", "properties": { "decimalLatitude": -28.694373, "decimalLongitude": 31.998131, "eventDate": "2017-09-03T00:00:00Z" }, "geometry": { "type": "Point", "coordinates": [ 31.998131, -28.694373 ] } },
{ "type": "Feature", "properties": { "decimalLatitude": -27.028729, "decimalLongitude": 32.787234, "eventDate": "2017-10-09T14:44:00Z" }, "geometry": { "type": "Point", "coordinates": [ 32.787234, -27.028729 ] } },
{ "type": "Feature", "properties": { "decimalLatitude": -28.95383, "decimalLongitude": 31.761322, "eventDate": "2017-10-15T14:09:00Z" }, "geometry": { "type": "Point", "coordinates": [ 31.761322, -28.95383 ] } },
{ "type": "Feature", "properties": { "decimalLatitude": -28.607038, "decimalLongitude": 32.118165, "eventDate": "2017-10-15T00:00:00Z" }, "geometry": { "type": "Point", "coordinates": [ 32.118165, -28.607038 ] } },
{ "type": "Feature", "properties": { "decimalLatitude": -28.607038, "decimalLongitude": 32.118165, "eventDate": "2017-10-15T00:00:00Z" }, "geometry": { "type": "Point", "coordinates": [ 32.118165, -28.607038 ] } },
{ "type": "Feature", "properties": { "decimalLatitude": -28.957648, "decimalLongitude": 31.762118, "eventDate": "2017-10-15T00:00:00Z" }, "geometry": { "type": "Point", "coordinates": [ 31.762118, -28.957648 ] } },
{ "type": "Feature", "properties": { "decimalLatitude": -28.604808, "decimalLongitude": 32.115688, "eventDate": "2017-11-05T07:18:00Z" }, "geometry": { "type": "Point", "coordinates": [ 32.115688, -28.604808 ] } },
{ "type": "Feature", "properties": { "decimalLatitude": -28.780583, "decimalLongitude": 32.088425, "eventDate": "2017-11-18T00:00:00Z" }, "geometry": { "type": "Point", "coordinates": [ 32.088425, -28.780583 ] } },
{ "type": "Feature", "properties": { "decimalLatitude": -22.692072, "decimalLongitude": 31.016765, "eventDate": "2017-11-24T00:00:00Z" }, "geometry": { "type": "Point", "coordinates": [ 31.016765, -22.692072 ] } },
{ "type": "Feature", "properties": { "decimalLatitude": -28.607038, "decimalLongitude": 32.118165, "eventDate": "2017-11-05T00:00:00Z" }, "geometry": { "type": "Point", "coordinates": [ 32.118165, -28.607038 ] } },
{ "type": "Feature", "properties": { "decimalLatitude": -15.740922, "decimalLongitude": 29.395165, "eventDate": "2017-11-06T00:00:00Z" }, "geometry": { "type": "Point", "coordinates": [ 29.395165, -15.740922 ] } },
{ "type": "Feature", "properties": { "decimalLatitude": -28.965876, "decimalLongitude": 31.755681, "eventDate": "2017-12-26T11:49:00Z" }, "geometry": { "type": "Point", "coordinates": [ 31.755681, -28.965876 ] } },
{ "type": "Feature", "properties": { "decimalLatitude": -28.957799, "decimalLongitude": 31.763218, "eventDate": "2017-12-16T10:08:00Z" }, "geometry": { "type": "Point", "coordinates": [ 31.763218, -28.957799 ] } },
{ "type": "Feature", "properties": { "decimalLatitude": -28.964712, "decimalLongitude": 31.757355, "eventDate": "2017-12-06T16:34:00Z" }, "geometry": { "type": "Point", "coordinates": [ 31.757355, -28.964712 ] } },
{ "type": "Feature", "properties": { "decimalLatitude": -21.249106, "decimalLongitude": 32.348931, "eventDate": "2017-12-06T00:00:00Z" }, "geometry": { "type": "Point", "coordinates": [ 32.348931, -21.249106 ] } },
{ "type": "Feature", "properties": { "decimalLatitude": -28.964316, "decimalLongitude": 31.757054, "eventDate": "2018-01-11T09:19:00Z" }, "geometry": { "type": "Point", "coordinates": [ 31.757054, -28.964316 ] } },
{ "type": "Feature", "properties": { "decimalLatitude": -22.817194, "decimalLongitude": 30.649028, "eventDate": "2018-01-18T00:00:00Z" }, "geometry": { "type": "Point", "coordinates": [ 30.649028, -22.817194 ] } },
{ "type": "Feature", "properties": { "decimalLatitude": -13.101081, "decimalLongitude": 31.794554, "eventDate": "2018-02-25T08:15:00Z" }, "geometry": { "type": "Point", "coordinates": [ 31.794554, -13.101081 ] } },
{ "type": "Feature", "properties": { "decimalLatitude": -13.101081, "decimalLongitude": 31.794554, "eventDate": "2018-02-25T08:06:00Z" }, "geometry": { "type": "Point", "coordinates": [ 31.794554, -13.101081 ] } },
{ "type": "Feature", "properties": { "decimalLatitude": -13.101081, "decimalLongitude": 31.794554, "eventDate": "2018-02-25T07:59:00Z" }, "geometry": { "type": "Point", "coordinates": [ 31.794554, -13.101081 ] } },
{ "type": "Feature", "properties": { "decimalLatitude": -13.059378, "decimalLongitude": 31.76518, "eventDate": "2018-02-23T08:39:00Z" }, "geometry": { "type": "Point", "coordinates": [ 31.76518, -13.059378 ] } },
{ "type": "Feature", "properties": { "decimalLatitude": -13.101081, "decimalLongitude": 31.794554, "eventDate": "2018-02-25T08:16:00Z" }, "geometry": { "type": "Point", "coordinates": [ 31.794554, -13.101081 ] } },
{ "type": "Feature", "properties": { "decimalLatitude": -27.903233, "decimalLongitude": 32.35515, "eventDate": "2018-02-12T06:28:00Z" }, "geometry": { "type": "Point", "coordinates": [ 32.35515, -27.903233 ] } },
{ "type": "Feature", "properties": { "decimalLatitude": -23.651277, "decimalLongitude": 30.014256, "eventDate": "2018-02-18T00:00:00Z" }, "geometry": { "type": "Point", "coordinates": [ 30.014256, -23.651277 ] } },
{ "type": "Feature", "properties": { "decimalLatitude": -27.903233, "decimalLongitude": 32.355133, "eventDate": "2018-02-12T00:00:00Z" }, "geometry": { "type": "Point", "coordinates": [ 32.355133, -27.903233 ] } },
{ "type": "Feature", "properties": { "decimalLatitude": -24.161992, "decimalLongitude": 30.254141, "eventDate": "2018-02-16T00:00:00Z" }, "geometry": { "type": "Point", "coordinates": [ 30.254141, -24.161992 ] } },
{ "type": "Feature", "properties": { "decimalLatitude": -25.371186, "decimalLongitude": 31.7646, "eventDate": "2018-03-24T12:16:00Z" }, "geometry": { "type": "Point", "coordinates": [ 31.7646, -25.371186 ] } },
{ "type": "Feature", "properties": { "decimalLatitude": -22.809341, "decimalLongitude": 30.648859, "eventDate": "2018-03-25T00:00:00Z" }, "geometry": { "type": "Point", "coordinates": [ 30.648859, -22.809341 ] } },
{ "type": "Feature", "properties": { "decimalLatitude": -25.011335, "decimalLongitude": 34.039172, "eventDate": "2018-04-22T00:00:00Z" }, "geometry": { "type": "Point", "coordinates": [ 34.039172, -25.011335 ] } },
{ "type": "Feature", "properties": { "decimalLatitude": -25.010547, "decimalLongitude": 34.044154, "eventDate": "2018-04-22T00:00:00Z" }, "geometry": { "type": "Point", "coordinates": [ 34.044154, -25.010547 ] } },
{ "type": "Feature", "properties": { "decimalLatitude": -29.550068, "decimalLongitude": 31.199132, "eventDate": "2018-04-09T00:00:00Z" }, "geometry": { "type": "Point", "coordinates": [ 31.199132, -29.550068 ] } },
{ "type": "Feature", "properties": { "decimalLatitude": -25.011992, "decimalLongitude": 34.039729, "eventDate": "2018-04-22T00:00:00Z" }, "geometry": { "type": "Point", "coordinates": [ 34.039729, -25.011992 ] } },
{ "type": "Feature", "properties": { "decimalLatitude": -28.694373, "decimalLongitude": 31.998131, "eventDate": "2018-04-05T00:00:00Z" }, "geometry": { "type": "Point", "coordinates": [ 31.998131, -28.694373 ] } },
{ "type": "Feature", "properties": { "decimalLatitude": -23.651703, "decimalLongitude": 30.014449, "eventDate": "2018-04-15T00:00:00Z" }, "geometry": { "type": "Point", "coordinates": [ 30.014449, -23.651703 ] } },
{ "type": "Feature", "properties": { "decimalLatitude": -25.009719, "decimalLongitude": 34.042986, "eventDate": "2018-04-20T00:00:00Z" }, "geometry": { "type": "Point", "coordinates": [ 34.042986, -25.009719 ] } },
{ "type": "Feature", "properties": { "decimalLatitude": -23.651711, "decimalLongitude": 30.014884, "eventDate": "2018-04-29T00:00:00Z" }, "geometry": { "type": "Point", "coordinates": [ 30.014884, -23.651711 ] } },
{ "type": "Feature", "properties": { "decimalLatitude": -18.815369, "decimalLongitude": 34.496267, "eventDate": "2018-05-21T08:25:00Z" }, "geometry": { "type": "Point", "coordinates": [ 34.496267, -18.815369 ] } },
{ "type": "Feature", "properties": { "decimalLatitude": -4.483375, "decimalLongitude": 39.261675, "eventDate": "2018-05-01T00:00:00Z" }, "geometry": { "type": "Point", "coordinates": [ 39.261675, -4.483375 ] } },
{ "type": "Feature", "properties": { "decimalLatitude": -23.651598, "decimalLongitude": 30.014605, "eventDate": "2018-05-13T00:00:00Z" }, "geometry": { "type": "Point", "coordinates": [ 30.014605, -23.651598 ] } },
{ "type": "Feature", "properties": { "decimalLatitude": -25.358333, "decimalLongitude": 31.892222, "eventDate": "2018-05-23T00:00:00Z" }, "geometry": { "type": "Point", "coordinates": [ 31.892222, -25.358333 ] } },
{ "type": "Feature", "properties": { "decimalLatitude": -26.890897, "decimalLongitude": 32.292923, "eventDate": "2018-05-26T00:00:00Z" }, "geometry": { "type": "Point", "coordinates": [ 32.292923, -26.890897 ] } },
{ "type": "Feature", "properties": { "decimalLatitude": -25.386389, "decimalLongitude": 31.863833, "eventDate": "2018-05-21T00:00:00Z" }, "geometry": { "type": "Point", "coordinates": [ 31.863833, -25.386389 ] } },
{ "type": "Feature", "properties": { "decimalLatitude": -29.827284, "decimalLongitude": 30.781288, "eventDate": "2018-05-05T00:00:00Z" }, "geometry": { "type": "Point", "coordinates": [ 30.781288, -29.827284 ] } },
{ "type": "Feature", "properties": { "decimalLatitude": -23.65163, "decimalLongitude": 30.014651, "eventDate": "2018-05-12T00:00:00Z" }, "geometry": { "type": "Point", "coordinates": [ 30.014651, -23.65163 ] } },
{ "type": "Feature", "properties": { "decimalLatitude": -29.815498, "decimalLongitude": 30.771172, "eventDate": "2018-05-06T00:00:00Z" }, "geometry": { "type": "Point", "coordinates": [ 30.771172, -29.815498 ] } },
{ "type": "Feature", "properties": { "decimalLatitude": -4.452143, "decimalLongitude": 39.405908, "eventDate": "2018-06-01T00:00:00Z" }, "geometry": { "type": "Point", "coordinates": [ 39.405908, -4.452143 ] } },
{ "type": "Feature", "properties": { "decimalLatitude": -4.483375, "decimalLongitude": 39.261675, "eventDate": "2018-06-01T00:00:00Z" }, "geometry": { "type": "Point", "coordinates": [ 39.261675, -4.483375 ] } },
{ "type": "Feature", "properties": { "decimalLatitude": -29.113775, "decimalLongitude": 31.599083, "eventDate": "2018-06-30T00:00:00Z" }, "geometry": { "type": "Point", "coordinates": [ 31.599083, -29.113775 ] } },
{ "type": "Feature", "properties": { "decimalLatitude": -29.213908, "decimalLongitude": 31.424332, "eventDate": "2018-06-23T00:00:00Z" }, "geometry": { "type": "Point", "coordinates": [ 31.424332, -29.213908 ] } },
{ "type": "Feature", "properties": { "decimalLatitude": -29.213908, "decimalLongitude": 31.424332, "eventDate": "2018-06-23T00:00:00Z" }, "geometry": { "type": "Point", "coordinates": [ 31.424332, -29.213908 ] } },
{ "type": "Feature", "properties": { "decimalLatitude": -23.651598, "decimalLongitude": 30.014571, "eventDate": "2018-06-10T00:00:00Z" }, "geometry": { "type": "Point", "coordinates": [ 30.014571, -23.651598 ] } },
{ "type": "Feature", "properties": { "decimalLatitude": -29.110865, "decimalLongitude": 31.599325, "eventDate": "2018-06-30T00:00:00Z" }, "geometry": { "type": "Point", "coordinates": [ 31.599325, -29.110865 ] } },
{ "type": "Feature", "properties": { "decimalLatitude": -28.322494, "decimalLongitude": 32.390765, "eventDate": "2018-06-12T00:00:00Z" }, "geometry": { "type": "Point", "coordinates": [ 32.390765, -28.322494 ] } },
{ "type": "Feature", "properties": { "decimalLatitude": -27.972879, "decimalLongitude": 32.330263, "eventDate": "2018-07-05T00:00:00Z" }, "geometry": { "type": "Point", "coordinates": [ 32.330263, -27.972879 ] } },
{ "type": "Feature", "properties": { "decimalLatitude": -26.992617, "decimalLongitude": 32.786374, "eventDate": "2018-07-10T08:52:00Z" }, "geometry": { "type": "Point", "coordinates": [ 32.786374, -26.992617 ] } },
{ "type": "Feature", "properties": { "decimalLatitude": -29.112882, "decimalLongitude": 31.598042, "eventDate": "2018-07-08T00:00:00Z" }, "geometry": { "type": "Point", "coordinates": [ 31.598042, -29.112882 ] } },
{ "type": "Feature", "properties": { "decimalLatitude": -29.080442, "decimalLongitude": 31.61423, "eventDate": "2018-07-08T00:00:00Z" }, "geometry": { "type": "Point", "coordinates": [ 31.61423, -29.080442 ] } },
{ "type": "Feature", "properties": { "decimalLatitude": -27.972879, "decimalLongitude": 32.330263, "eventDate": "2018-07-05T00:00:00Z" }, "geometry": { "type": "Point", "coordinates": [ 32.330263, -27.972879 ] } },
{ "type": "Feature", "properties": { "decimalLatitude": -17.495959, "decimalLongitude": 24.334089, "eventDate": "2018-07-20T00:00:00Z" }, "geometry": { "type": "Point", "coordinates": [ 24.334089, -17.495959 ] } },
{ "type": "Feature", "properties": { "decimalLatitude": -27.328868, "decimalLongitude": 32.56187, "eventDate": "2018-07-08T00:00:00Z" }, "geometry": { "type": "Point", "coordinates": [ 32.56187, -27.328868 ] } },
{ "type": "Feature", "properties": { "decimalLatitude": -30.631289, "decimalLongitude": 30.268724, "eventDate": "2018-08-12T00:00:00Z" }, "geometry": { "type": "Point", "coordinates": [ 30.268724, -30.631289 ] } },
{ "type": "Feature", "properties": { "decimalLatitude": -15.764741, "decimalLongitude": 29.220441, "eventDate": "2018-08-12T00:00:00Z" }, "geometry": { "type": "Point", "coordinates": [ 29.220441, -15.764741 ] } },
{ "type": "Feature", "properties": { "decimalLatitude": -16.366237, "decimalLongitude": 28.845262, "eventDate": "2018-08-08T00:00:00Z" }, "geometry": { "type": "Point", "coordinates": [ 28.845262, -16.366237 ] } },
{ "type": "Feature", "properties": { "decimalLatitude": -24.98458, "decimalLongitude": 31.579041, "eventDate": "2018-08-01T00:00:00Z" }, "geometry": { "type": "Point", "coordinates": [ 31.579041, -24.98458 ] } },
{ "type": "Feature", "properties": { "decimalLatitude": -27.790384, "decimalLongitude": 32.235269, "eventDate": "2018-09-22T12:44:00Z" }, "geometry": { "type": "Point", "coordinates": [ 32.235269, -27.790384 ] } },
{ "type": "Feature", "properties": { "decimalLatitude": -25.343159, "decimalLongitude": 31.788963, "eventDate": "2018-09-17T00:00:00Z" }, "geometry": { "type": "Point", "coordinates": [ 31.788963, -25.343159 ] } },
{ "type": "Feature", "properties": { "decimalLatitude": -27.983776, "decimalLongitude": 32.422894, "eventDate": "2018-09-15T00:00:00Z" }, "geometry": { "type": "Point", "coordinates": [ 32.422894, -27.983776 ] } },
{ "type": "Feature", "properties": { "decimalLatitude": -27.812417, "decimalLongitude": 32.22443, "eventDate": "2018-09-22T00:00:00Z" }, "geometry": { "type": "Point", "coordinates": [ 32.22443, -27.812417 ] } },
{ "type": "Feature", "properties": { "decimalLatitude": -28.369, "decimalLongitude": 32.4179, "eventDate": "2018-10-06T15:21:00Z" }, "geometry": { "type": "Point", "coordinates": [ 32.4179, -28.369 ] } },
{ "type": "Feature", "properties": { "decimalLatitude": -25.518259, "decimalLongitude": 31.01109, "eventDate": "2018-10-29T00:00:00Z" }, "geometry": { "type": "Point", "coordinates": [ 31.01109, -25.518259 ] } },
{ "type": "Feature", "properties": { "decimalLatitude": -28.2499, "decimalLongitude": 32.4105, "eventDate": "2018-11-11T15:19:00Z" }, "geometry": { "type": "Point", "coordinates": [ 32.4105, -28.2499 ] } },
{ "type": "Feature", "properties": { "decimalLatitude": -28.693472, "decimalLongitude": 31.996067, "eventDate": "2018-11-24T10:21:00Z" }, "geometry": { "type": "Point", "coordinates": [ 31.996067, -28.693472 ] } },
{ "type": "Feature", "properties": { "decimalLatitude": -28.36441, "decimalLongitude": 32.410919, "eventDate": "2018-11-23T14:45:00Z" }, "geometry": { "type": "Point", "coordinates": [ 32.410919, -28.36441 ] } },
{ "type": "Feature", "properties": { "decimalLatitude": -26.868381, "decimalLongitude": 32.23444, "eventDate": "2018-11-21T09:26:00Z" }, "geometry": { "type": "Point", "coordinates": [ 32.23444, -26.868381 ] } },
{ "type": "Feature", "properties": { "decimalLatitude": -27.041882, "decimalLongitude": 32.428359, "eventDate": "2018-11-29T00:00:00Z" }, "geometry": { "type": "Point", "coordinates": [ 32.428359, -27.041882 ] } },
{ "type": "Feature", "properties": { "decimalLatitude": -28.38601, "decimalLongitude": 32.407159, "eventDate": "2018-11-23T00:00:00Z" }, "geometry": { "type": "Point", "coordinates": [ 32.407159, -28.38601 ] } },
{ "type": "Feature", "properties": { "decimalLatitude": -23.651714, "decimalLongitude": 30.014438, "eventDate": "2018-11-10T00:00:00Z" }, "geometry": { "type": "Point", "coordinates": [ 30.014438, -23.651714 ] } },
{ "type": "Feature", "properties": { "decimalLatitude": -26.851385, "decimalLongitude": 32.205923, "eventDate": "2018-11-21T00:00:00Z" }, "geometry": { "type": "Point", "coordinates": [ 32.205923, -26.851385 ] } },
{ "type": "Feature", "properties": { "decimalLatitude": -29.54253, "decimalLongitude": 31.210943, "eventDate": "2018-11-17T00:00:00Z" }, "geometry": { "type": "Point", "coordinates": [ 31.210943, -29.54253 ] } },
{ "type": "Feature", "properties": { "decimalLatitude": -27.041882, "decimalLongitude": 32.428359, "eventDate": "2018-11-29T00:00:00Z" }, "geometry": { "type": "Point", "coordinates": [ 32.428359, -27.041882 ] } },
{ "type": "Feature", "properties": { "decimalLatitude": -27.041882, "decimalLongitude": 32.428359, "eventDate": "2018-11-28T00:00:00Z" }, "geometry": { "type": "Point", "coordinates": [ 32.428359, -27.041882 ] } },
{ "type": "Feature", "properties": { "decimalLatitude": -28.689467, "decimalLongitude": 31.99804, "eventDate": "2018-11-24T00:00:00Z" }, "geometry": { "type": "Point", "coordinates": [ 31.99804, -28.689467 ] } },
{ "type": "Feature", "properties": { "decimalLatitude": -27.042117, "decimalLongitude": 32.428627, "eventDate": "2018-11-29T00:00:00Z" }, "geometry": { "type": "Point", "coordinates": [ 32.428627, -27.042117 ] } },
{ "type": "Feature", "properties": { "decimalLatitude": -26.851385, "decimalLongitude": 32.205923, "eventDate": "2018-11-21T00:00:00Z" }, "geometry": { "type": "Point", "coordinates": [ 32.205923, -26.851385 ] } },
{ "type": "Feature", "properties": { "decimalLatitude": -30.74979, "decimalLongitude": 30.25578, "eventDate": "2018-12-29T00:00:00Z" }, "geometry": { "type": "Point", "coordinates": [ 30.25578, -30.74979 ] } },
{ "type": "Feature", "properties": { "decimalLatitude": -24.573413, "decimalLongitude": 30.784448, "eventDate": "2019-01-28T15:37:00Z" }, "geometry": { "type": "Point", "coordinates": [ 30.784448, -24.573413 ] } },
{ "type": "Feature", "properties": { "decimalLatitude": -28.380802, "decimalLongitude": 32.413483, "eventDate": "2019-02-10T00:00:00Z" }, "geometry": { "type": "Point", "coordinates": [ 32.413483, -28.380802 ] } },
{ "type": "Feature", "properties": { "decimalLatitude": -25.997314, "decimalLongitude": 31.062634, "eventDate": "2019-02-08T00:00:00Z" }, "geometry": { "type": "Point", "coordinates": [ 31.062634, -25.997314 ] } },
{ "type": "Feature", "properties": { "decimalLatitude": -31.06536, "decimalLongitude": 30.177577, "eventDate": "2019-03-04T10:43:00Z" }, "geometry": { "type": "Point", "coordinates": [ 30.177577, -31.06536 ] } },
{ "type": "Feature", "properties": { "decimalLatitude": -25.354, "decimalLongitude": 31.895, "eventDate": "2019-03-25T00:00:00Z" }, "geometry": { "type": "Point", "coordinates": [ 31.895, -25.354 ] } },
{ "type": "Feature", "properties": { "decimalLatitude": -28.694373, "decimalLongitude": 31.998131, "eventDate": "2019-03-07T00:00:00Z" }, "geometry": { "type": "Point", "coordinates": [ 31.998131, -28.694373 ] } },
{ "type": "Feature", "properties": { "decimalLatitude": -12.988333, "decimalLongitude": 28.573889, "eventDate": "2019-03-14T00:00:00Z" }, "geometry": { "type": "Point", "coordinates": [ 28.573889, -12.988333 ] } },
{ "type": "Feature", "properties": { "decimalLatitude": -16.659704, "decimalLongitude": 35.051777, "eventDate": "2019-04-07T09:38:00Z" }, "geometry": { "type": "Point", "coordinates": [ 35.051777, -16.659704 ] } },
{ "type": "Feature", "properties": { "decimalLatitude": -27.617734, "decimalLongitude": 32.033129, "eventDate": "2019-04-07T11:49:00Z" }, "geometry": { "type": "Point", "coordinates": [ 32.033129, -27.617734 ] } },
{ "type": "Feature", "properties": { "decimalLatitude": -24.397, "decimalLongitude": 31.777, "eventDate": "2019-04-21T00:00:00Z" }, "geometry": { "type": "Point", "coordinates": [ 31.777, -24.397 ] } },
{ "type": "Feature", "properties": { "decimalLatitude": -26.212001, "decimalLongitude": 31.999555, "eventDate": "2019-04-16T00:00:00Z" }, "geometry": { "type": "Point", "coordinates": [ 31.999555, -26.212001 ] } },
{ "type": "Feature", "properties": { "decimalLatitude": -26.440426, "decimalLongitude": 31.157642, "eventDate": "2019-04-03T00:00:00Z" }, "geometry": { "type": "Point", "coordinates": [ 31.157642, -26.440426 ] } },
{ "type": "Feature", "properties": { "decimalLatitude": -26.179451, "decimalLongitude": 32.055815, "eventDate": "2019-04-18T00:00:00Z" }, "geometry": { "type": "Point", "coordinates": [ 32.055815, -26.179451 ] } },
{ "type": "Feature", "properties": { "decimalLatitude": -24.162457, "decimalLongitude": 30.253758, "eventDate": "2019-04-26T00:00:00Z" }, "geometry": { "type": "Point", "coordinates": [ 30.253758, -24.162457 ] } },
{ "type": "Feature", "properties": { "decimalLatitude": -24.162457, "decimalLongitude": 30.253758, "eventDate": "2019-04-21T00:00:00Z" }, "geometry": { "type": "Point", "coordinates": [ 30.253758, -24.162457 ] } },
{ "type": "Feature", "properties": { "decimalLatitude": -24.138022, "decimalLongitude": 30.198, "eventDate": "2019-04-12T00:00:00Z" }, "geometry": { "type": "Point", "coordinates": [ 30.198, -24.138022 ] } },
{ "type": "Feature", "properties": { "decimalLatitude": -26.427623, "decimalLongitude": 31.160508, "eventDate": "2019-04-04T00:00:00Z" }, "geometry": { "type": "Point", "coordinates": [ 31.160508, -26.427623 ] } },
{ "type": "Feature", "properties": { "decimalLatitude": -26.176926, "decimalLongitude": 32.060466, "eventDate": "2019-04-18T00:00:00Z" }, "geometry": { "type": "Point", "coordinates": [ 32.060466, -26.176926 ] } },
{ "type": "Feature", "properties": { "decimalLatitude": -24.162457, "decimalLongitude": 30.253758, "eventDate": "2019-04-26T00:00:00Z" }, "geometry": { "type": "Point", "coordinates": [ 30.253758, -24.162457 ] } },
{ "type": "Feature", "properties": { "decimalLatitude": -26.440426, "decimalLongitude": 31.157642, "eventDate": "2019-04-03T00:00:00Z" }, "geometry": { "type": "Point", "coordinates": [ 31.157642, -26.440426 ] } },
{ "type": "Feature", "properties": { "decimalLatitude": -24.162457, "decimalLongitude": 30.253758, "eventDate": "2019-04-02T00:00:00Z" }, "geometry": { "type": "Point", "coordinates": [ 30.253758, -24.162457 ] } },
{ "type": "Feature", "properties": { "decimalLatitude": -12.988333, "decimalLongitude": 28.573889, "eventDate": "2019-04-01T00:00:00Z" }, "geometry": { "type": "Point", "coordinates": [ 28.573889, -12.988333 ] } },
{ "type": "Feature", "properties": { "decimalLatitude": -26.427623, "decimalLongitude": 31.160508, "eventDate": "2019-04-04T00:00:00Z" }, "geometry": { "type": "Point", "coordinates": [ 31.160508, -26.427623 ] } },
{ "type": "Feature", "properties": { "decimalLatitude": -26.212001, "decimalLongitude": 31.999555, "eventDate": "2019-04-16T00:00:00Z" }, "geometry": { "type": "Point", "coordinates": [ 31.999555, -26.212001 ] } },
{ "type": "Feature", "properties": { "decimalLatitude": -24.162457, "decimalLongitude": 30.253758, "eventDate": "2019-04-12T00:00:00Z" }, "geometry": { "type": "Point", "coordinates": [ 30.253758, -24.162457 ] } },
{ "type": "Feature", "properties": { "decimalLatitude": -24.162457, "decimalLongitude": 30.253758, "eventDate": "2019-04-26T00:00:00Z" }, "geometry": { "type": "Point", "coordinates": [ 30.253758, -24.162457 ] } },
{ "type": "Feature", "properties": { "decimalLatitude": -24.162457, "decimalLongitude": 30.253758, "eventDate": "2019-04-12T00:00:00Z" }, "geometry": { "type": "Point", "coordinates": [ 30.253758, -24.162457 ] } },
{ "type": "Feature", "properties": { "decimalLatitude": -28.4267, "decimalLongitude": 32.1868, "eventDate": "2019-05-24T08:49:00Z" }, "geometry": { "type": "Point", "coordinates": [ 32.1868, -28.4267 ] } },
{ "type": "Feature", "properties": { "decimalLatitude": -24.520419, "decimalLongitude": 30.815959, "eventDate": "2019-05-26T00:00:00Z" }, "geometry": { "type": "Point", "coordinates": [ 30.815959, -24.520419 ] } },
{ "type": "Feature", "properties": { "decimalLatitude": -24.184847, "decimalLongitude": 30.29119, "eventDate": "2019-05-03T00:00:00Z" }, "geometry": { "type": "Point", "coordinates": [ 30.29119, -24.184847 ] } },
{ "type": "Feature", "properties": { "decimalLatitude": -24.184847, "decimalLongitude": 30.29119, "eventDate": "2019-05-03T00:00:00Z" }, "geometry": { "type": "Point", "coordinates": [ 30.29119, -24.184847 ] } },
{ "type": "Feature", "properties": { "decimalLatitude": -23.651964, "decimalLongitude": 30.015723, "eventDate": "2019-05-25T00:00:00Z" }, "geometry": { "type": "Point", "coordinates": [ 30.015723, -23.651964 ] } },
{ "type": "Feature", "properties": { "decimalLatitude": -24.520419, "decimalLongitude": 30.815959, "eventDate": "2019-05-26T00:00:00Z" }, "geometry": { "type": "Point", "coordinates": [ 30.815959, -24.520419 ] } },
{ "type": "Feature", "properties": { "decimalLatitude": -25.882732, "decimalLongitude": 31.281965, "eventDate": "2019-05-12T00:00:00Z" }, "geometry": { "type": "Point", "coordinates": [ 31.281965, -25.882732 ] } },
{ "type": "Feature", "properties": { "decimalLatitude": -23.651967, "decimalLongitude": 30.015554, "eventDate": "2019-05-18T00:00:00Z" }, "geometry": { "type": "Point", "coordinates": [ 30.015554, -23.651967 ] } },
{ "type": "Feature", "properties": { "decimalLatitude": -23.651889, "decimalLongitude": 30.014682, "eventDate": "2019-05-19T00:00:00Z" }, "geometry": { "type": "Point", "coordinates": [ 30.014682, -23.651889 ] } },
{ "type": "Feature", "properties": { "decimalLatitude": -28.310287, "decimalLongitude": 31.862505, "eventDate": "2019-05-14T00:00:00Z" }, "geometry": { "type": "Point", "coordinates": [ 31.862505, -28.310287 ] } },
{ "type": "Feature", "properties": { "decimalLatitude": -25.11515, "decimalLongitude": 31.422703, "eventDate": "2019-05-10T00:00:00Z" }, "geometry": { "type": "Point", "coordinates": [ 31.422703, -25.11515 ] } },
{ "type": "Feature", "properties": { "decimalLatitude": -28.694373, "decimalLongitude": 31.998131, "eventDate": "2019-05-19T00:00:00Z" }, "geometry": { "type": "Point", "coordinates": [ 31.998131, -28.694373 ] } },
{ "type": "Feature", "properties": { "decimalLatitude": -25.375933, "decimalLongitude": 31.859389, "eventDate": "2019-05-06T00:00:00Z" }, "geometry": { "type": "Point", "coordinates": [ 31.859389, -25.375933 ] } },
{ "type": "Feature", "properties": { "decimalLatitude": -24.184847, "decimalLongitude": 30.29119, "eventDate": "2019-05-03T00:00:00Z" }, "geometry": { "type": "Point", "coordinates": [ 30.29119, -24.184847 ] } },
{ "type": "Feature", "properties": { "decimalLatitude": -23.65196, "decimalLongitude": 30.01539, "eventDate": "2019-05-12T00:00:00Z" }, "geometry": { "type": "Point", "coordinates": [ 30.01539, -23.65196 ] } },
{ "type": "Feature", "properties": { "decimalLatitude": -24.162457, "decimalLongitude": 30.253758, "eventDate": "2019-05-11T00:00:00Z" }, "geometry": { "type": "Point", "coordinates": [ 30.253758, -24.162457 ] } },
{ "type": "Feature", "properties": { "decimalLatitude": -32.727509, "decimalLongitude": 28.212547, "eventDate": "2019-05-22T16:03:00Z" }, "geometry": { "type": "Point", "coordinates": [ 28.212547, -32.727509 ] } },
{ "type": "Feature", "properties": { "decimalLatitude": -27.767877, "decimalLongitude": 32.020791, "eventDate": "2019-06-07T02:28:00Z" }, "geometry": { "type": "Point", "coordinates": [ 32.020791, -27.767877 ] } },
{ "type": "Feature", "properties": { "decimalLatitude": -27.596337, "decimalLongitude": 32.218591, "eventDate": "2019-06-09T02:46:00Z" }, "geometry": { "type": "Point", "coordinates": [ 32.218591, -27.596337 ] } },
{ "type": "Feature", "properties": { "decimalLatitude": -2.07536, "decimalLongitude": 30.01953, "eventDate": "2019-06-22T00:00:00Z" }, "geometry": { "type": "Point", "coordinates": [ 30.01953, -2.07536 ] } },
{ "type": "Feature", "properties": { "decimalLatitude": -2.4126, "decimalLongitude": 30.43009, "eventDate": "2019-06-07T00:00:00Z" }, "geometry": { "type": "Point", "coordinates": [ 30.43009, -2.4126 ] } },
{ "type": "Feature", "properties": { "decimalLatitude": -2.28538, "decimalLongitude": 29.96706, "eventDate": "2019-06-21T00:00:00Z" }, "geometry": { "type": "Point", "coordinates": [ 29.96706, -2.28538 ] } },
{ "type": "Feature", "properties": { "decimalLatitude": -25.396956, "decimalLongitude": 31.740249, "eventDate": "2019-06-28T00:00:00Z" }, "geometry": { "type": "Point", "coordinates": [ 31.740249, -25.396956 ] } },
{ "type": "Feature", "properties": { "decimalLatitude": -29.871341, "decimalLongitude": 30.984864, "eventDate": "2019-06-01T00:00:00Z" }, "geometry": { "type": "Point", "coordinates": [ 30.984864, -29.871341 ] } },
{ "type": "Feature", "properties": { "decimalLatitude": -29.196388, "decimalLongitude": 31.461485, "eventDate": "2019-06-17T00:00:00Z" }, "geometry": { "type": "Point", "coordinates": [ 31.461485, -29.196388 ] } },
{ "type": "Feature", "properties": { "decimalLatitude": -29.206038, "decimalLongitude": 31.422407, "eventDate": "2019-06-14T00:00:00Z" }, "geometry": { "type": "Point", "coordinates": [ 31.422407, -29.206038 ] } },
{ "type": "Feature", "properties": { "decimalLatitude": -17.925595, "decimalLongitude": 25.851015, "eventDate": "2019-06-02T00:00:00Z" }, "geometry": { "type": "Point", "coordinates": [ 25.851015, -17.925595 ] } },
{ "type": "Feature", "properties": { "decimalLatitude": -29.206038, "decimalLongitude": 31.422407, "eventDate": "2019-06-15T00:00:00Z" }, "geometry": { "type": "Point", "coordinates": [ 31.422407, -29.206038 ] } },
{ "type": "Feature", "properties": { "decimalLatitude": -24.525231, "decimalLongitude": 30.818417, "eventDate": "2019-06-17T00:00:00Z" }, "geometry": { "type": "Point", "coordinates": [ 30.818417, -24.525231 ] } },
{ "type": "Feature", "properties": { "decimalLatitude": -28.780583, "decimalLongitude": 32.088425, "eventDate": "2019-06-02T00:00:00Z" }, "geometry": { "type": "Point", "coordinates": [ 32.088425, -28.780583 ] } },
{ "type": "Feature", "properties": { "decimalLatitude": -23.652003, "decimalLongitude": 30.015739, "eventDate": "2019-06-01T00:00:00Z" }, "geometry": { "type": "Point", "coordinates": [ 30.015739, -23.652003 ] } },
{ "type": "Feature", "properties": { "decimalLatitude": -26.852639, "decimalLongitude": 32.887083, "eventDate": "2019-06-26T00:00:00Z" }, "geometry": { "type": "Point", "coordinates": [ 32.887083, -26.852639 ] } },
{ "type": "Feature", "properties": { "decimalLatitude": -26.852639, "decimalLongitude": 32.887083, "eventDate": "2019-06-26T00:00:00Z" }, "geometry": { "type": "Point", "coordinates": [ 32.887083, -26.852639 ] } },
{ "type": "Feature", "properties": { "decimalLatitude": -16.018094, "decimalLongitude": 35.520005, "eventDate": "2019-07-23T11:41:00Z" }, "geometry": { "type": "Point", "coordinates": [ 35.520005, -16.018094 ] } },
{ "type": "Feature", "properties": { "decimalLatitude": -27.74793, "decimalLongitude": 32.351005, "eventDate": "2019-07-08T10:17:45Z" }, "geometry": { "type": "Point", "coordinates": [ 32.351005, -27.74793 ] } },
{ "type": "Feature", "properties": { "decimalLatitude": -16.018094, "decimalLongitude": 35.520005, "eventDate": "2019-07-25T13:20:00Z" }, "geometry": { "type": "Point", "coordinates": [ 35.520005, -16.018094 ] } },
{ "type": "Feature", "properties": { "decimalLatitude": -25.508167, "decimalLongitude": 31.020222, "eventDate": "2019-07-11T00:00:00Z" }, "geometry": { "type": "Point", "coordinates": [ 31.020222, -25.508167 ] } },
{ "type": "Feature", "properties": { "decimalLatitude": -28.940594, "decimalLongitude": 31.763178, "eventDate": "2019-07-13T00:00:00Z" }, "geometry": { "type": "Point", "coordinates": [ 31.763178, -28.940594 ] } },
{ "type": "Feature", "properties": { "decimalLatitude": -25.508167, "decimalLongitude": 31.020222, "eventDate": "2019-07-23T00:00:00Z" }, "geometry": { "type": "Point", "coordinates": [ 31.020222, -25.508167 ] } },
{ "type": "Feature", "properties": { "decimalLatitude": -27.0095, "decimalLongitude": 32.8634, "eventDate": "2019-08-10T14:31:00Z" }, "geometry": { "type": "Point", "coordinates": [ 32.8634, -27.0095 ] } },
{ "type": "Feature", "properties": { "decimalLatitude": -12.297872, "decimalLongitude": 44.442908, "eventDate": "2019-08-07T09:21:00Z" }, "geometry": { "type": "Point", "coordinates": [ 44.442908, -12.297872 ] } },
{ "type": "Feature", "properties": { "decimalLatitude": -12.297872, "decimalLongitude": 44.442908, "eventDate": "2019-08-07T10:25:00Z" }, "geometry": { "type": "Point", "coordinates": [ 44.442908, -12.297872 ] } },
{ "type": "Feature", "properties": { "decimalLatitude": -18.98, "decimalLongitude": 34.33, "eventDate": "2019-08-09T00:00:00Z" }, "geometry": { "type": "Point", "coordinates": [ 34.33, -18.98 ] } },
{ "type": "Feature", "properties": { "decimalLatitude": -25.347633, "decimalLongitude": 31.807158, "eventDate": "2019-08-16T00:00:00Z" }, "geometry": { "type": "Point", "coordinates": [ 31.807158, -25.347633 ] } },
{ "type": "Feature", "properties": { "decimalLatitude": -29.241031, "decimalLongitude": 31.382901, "eventDate": "2019-09-09T14:15:00Z" }, "geometry": { "type": "Point", "coordinates": [ 31.382901, -29.241031 ] } },
{ "type": "Feature", "properties": { "decimalLatitude": -24.525231, "decimalLongitude": 30.818417, "eventDate": "2019-09-30T00:00:00Z" }, "geometry": { "type": "Point", "coordinates": [ 30.818417, -24.525231 ] } },
{ "type": "Feature", "properties": { "decimalLatitude": -16.028758, "decimalLongitude": 35.104188, "eventDate": "2019-10-03T14:28:00Z" }, "geometry": { "type": "Point", "coordinates": [ 35.104188, -16.028758 ] } },
{ "type": "Feature", "properties": { "decimalLatitude": -16.028758, "decimalLongitude": 35.104188, "eventDate": "2019-10-04T12:02:00Z" }, "geometry": { "type": "Point", "coordinates": [ 35.104188, -16.028758 ] } },
{ "type": "Feature", "properties": { "decimalLatitude": -29.206038, "decimalLongitude": 31.422407, "eventDate": "2019-11-01T00:00:00Z" }, "geometry": { "type": "Point", "coordinates": [ 31.422407, -29.206038 ] } },
{ "type": "Feature", "properties": { "decimalLatitude": -28.3537, "decimalLongitude": 32.4179, "eventDate": "2019-12-13T16:25:00Z" }, "geometry": { "type": "Point", "coordinates": [ 32.4179, -28.3537 ] } },
{ "type": "Feature", "properties": { "decimalLatitude": -4.6579, "decimalLongitude": 39.37, "eventDate": "2019-12-23T11:46:00Z" }, "geometry": { "type": "Point", "coordinates": [ 39.37, -4.6579 ] } },
{ "type": "Feature", "properties": { "decimalLatitude": -28.780583, "decimalLongitude": 32.088425, "eventDate": "2019-12-30T00:00:00Z" }, "geometry": { "type": "Point", "coordinates": [ 32.088425, -28.780583 ] } },
{ "type": "Feature", "properties": { "decimalLatitude": -27.04455, "decimalLongitude": 32.468356, "eventDate": "2019-12-18T00:00:00Z" }, "geometry": { "type": "Point", "coordinates": [ 32.468356, -27.04455 ] } },
{ "type": "Feature", "properties": { "decimalLatitude": -29.206038, "decimalLongitude": 31.422407, "eventDate": "2019-12-02T00:00:00Z" }, "geometry": { "type": "Point", "coordinates": [ 31.422407, -29.206038 ] } },
{ "type": "Feature", "properties": { "decimalLatitude": -23.651718, "decimalLongitude": 30.014043, "eventDate": "2019-12-21T00:00:00Z" }, "geometry": { "type": "Point", "coordinates": [ 30.014043, -23.651718 ] } },
{ "type": "Feature", "properties": { "decimalLatitude": -28.694373, "decimalLongitude": 31.998131, "eventDate": "2019-12-13T00:00:00Z" }, "geometry": { "type": "Point", "coordinates": [ 31.998131, -28.694373 ] } },
{ "type": "Feature", "properties": { "decimalLatitude": -4.6579, "decimalLongitude": 39.37, "eventDate": "2020-01-05T15:48:00Z" }, "geometry": { "type": "Point", "coordinates": [ 39.37, -4.6579 ] } },
{ "type": "Feature", "properties": { "decimalLatitude": -4.6579, "decimalLongitude": 39.37, "eventDate": "2020-01-23T13:25:00Z" }, "geometry": { "type": "Point", "coordinates": [ 39.37, -4.6579 ] } },
{ "type": "Feature", "properties": { "decimalLatitude": -4.6579, "decimalLongitude": 39.37, "eventDate": "2020-01-25T07:54:00Z" }, "geometry": { "type": "Point", "coordinates": [ 39.37, -4.6579 ] } },
{ "type": "Feature", "properties": { "decimalLatitude": -4.6579, "decimalLongitude": 39.37, "eventDate": "2020-01-24T14:10:00Z" }, "geometry": { "type": "Point", "coordinates": [ 39.37, -4.6579 ] } },
{ "type": "Feature", "properties": { "decimalLatitude": -3.353348, "decimalLongitude": 40.020948, "eventDate": "2020-01-20T00:00:00Z" }, "geometry": { "type": "Point", "coordinates": [ 40.020948, -3.353348 ] } },
{ "type": "Feature", "properties": { "decimalLatitude": -13.98937, "decimalLongitude": 34.833598, "eventDate": "2020-02-01T09:14:00Z" }, "geometry": { "type": "Point", "coordinates": [ 34.833598, -13.98937 ] } },
{ "type": "Feature", "properties": { "decimalLatitude": -25.372139, "decimalLongitude": 31.765108, "eventDate": "2020-02-12T09:40:00Z" }, "geometry": { "type": "Point", "coordinates": [ 31.765108, -25.372139 ] } },
{ "type": "Feature", "properties": { "decimalLatitude": -26.957346, "decimalLongitude": 32.828488, "eventDate": "2020-02-22T10:14:00Z" }, "geometry": { "type": "Point", "coordinates": [ 32.828488, -26.957346 ] } },
{ "type": "Feature", "properties": { "decimalLatitude": -26.959067, "decimalLongitude": 32.827512, "eventDate": "2020-02-21T00:00:00Z" }, "geometry": { "type": "Point", "coordinates": [ 32.827512, -26.959067 ] } },
{ "type": "Feature", "properties": { "decimalLatitude": -23.939906, "decimalLongitude": 31.127981, "eventDate": "2020-02-18T00:00:00Z" }, "geometry": { "type": "Point", "coordinates": [ 31.127981, -23.939906 ] } },
{ "type": "Feature", "properties": { "decimalLatitude": -26.962182, "decimalLongitude": 32.809819, "eventDate": "2020-03-07T00:00:00Z" }, "geometry": { "type": "Point", "coordinates": [ 32.809819, -26.962182 ] } },
{ "type": "Feature", "properties": { "decimalLatitude": -28.780583, "decimalLongitude": 32.088425, "eventDate": "2020-03-12T00:00:00Z" }, "geometry": { "type": "Point", "coordinates": [ 32.088425, -28.780583 ] } },
{ "type": "Feature", "properties": { "decimalLatitude": -23.651954, "decimalLongitude": 30.015085, "eventDate": "2020-03-14T00:00:00Z" }, "geometry": { "type": "Point", "coordinates": [ 30.015085, -23.651954 ] } },
{ "type": "Feature", "properties": { "decimalLatitude": -28.96002, "decimalLongitude": 31.756405, "eventDate": "2020-04-23T10:22:00Z" }, "geometry": { "type": "Point", "coordinates": [ 31.756405, -28.96002 ] } },
{ "type": "Feature", "properties": { "decimalLatitude": -2.471276, "decimalLongitude": 37.328999, "eventDate": "2020-04-20T04:28:00Z" }, "geometry": { "type": "Point", "coordinates": [ 37.328999, -2.471276 ] } },
{ "type": "Feature", "properties": { "decimalLatitude": -26.200274, "decimalLongitude": 31.976868, "eventDate": "2020-04-13T00:00:00Z" }, "geometry": { "type": "Point", "coordinates": [ 31.976868, -26.200274 ] } },
{ "type": "Feature", "properties": { "decimalLatitude": -26.156439, "decimalLongitude": 31.98236, "eventDate": "2020-05-09T08:03:00Z" }, "geometry": { "type": "Point", "coordinates": [ 31.98236, -26.156439 ] } },
{ "type": "Feature", "properties": { "decimalLatitude": -28.959965, "decimalLongitude": 31.756482, "eventDate": "2020-05-20T16:00:47Z" }, "geometry": { "type": "Point", "coordinates": [ 31.756482, -28.959965 ] } },
{ "type": "Feature", "properties": { "decimalLatitude": -26.156439, "decimalLongitude": 31.98236, "eventDate": "2020-05-20T09:25:00Z" }, "geometry": { "type": "Point", "coordinates": [ 31.98236, -26.156439 ] } },
{ "type": "Feature", "properties": { "decimalLatitude": -28.3855, "decimalLongitude": 32.4081, "eventDate": "2020-05-05T08:23:00Z" }, "geometry": { "type": "Point", "coordinates": [ 32.4081, -28.3855 ] } },
{ "type": "Feature", "properties": { "decimalLatitude": -3.377535, "decimalLongitude": 39.988962, "eventDate": "2020-05-09T00:00:00Z" }, "geometry": { "type": "Point", "coordinates": [ 39.988962, -3.377535 ] } },
{ "type": "Feature", "properties": { "decimalLatitude": -3.377675, "decimalLongitude": 39.98859, "eventDate": "2020-05-09T00:00:00Z" }, "geometry": { "type": "Point", "coordinates": [ 39.98859, -3.377675 ] } },
{ "type": "Feature", "properties": { "decimalLatitude": -3.353348, "decimalLongitude": 40.020948, "eventDate": "2020-05-20T00:00:00Z" }, "geometry": { "type": "Point", "coordinates": [ 40.020948, -3.353348 ] } },
{ "type": "Feature", "properties": { "decimalLatitude": -12.833425, "decimalLongitude": 34.161014, "eventDate": "2020-06-12T14:53:00Z" }, "geometry": { "type": "Point", "coordinates": [ 34.161014, -12.833425 ] } },
{ "type": "Feature", "properties": { "decimalLatitude": -12.831926, "decimalLongitude": 34.153742, "eventDate": "2020-06-13T05:10:00Z" }, "geometry": { "type": "Point", "coordinates": [ 34.153742, -12.831926 ] } },
{ "type": "Feature", "properties": { "decimalLatitude": -12.831392, "decimalLongitude": 34.155678, "eventDate": "2020-06-13T05:28:00Z" }, "geometry": { "type": "Point", "coordinates": [ 34.155678, -12.831392 ] } },
{ "type": "Feature", "properties": { "decimalLatitude": -24.563237, "decimalLongitude": 30.939886, "eventDate": "2020-06-28T10:49:00Z" }, "geometry": { "type": "Point", "coordinates": [ 30.939886, -24.563237 ] } },
{ "type": "Feature", "properties": { "decimalLatitude": -29.367848, "decimalLongitude": 31.348185, "eventDate": "2020-06-21T00:00:00Z" }, "geometry": { "type": "Point", "coordinates": [ 31.348185, -29.367848 ] } },
{ "type": "Feature", "properties": { "decimalLatitude": -29.367848, "decimalLongitude": 31.348185, "eventDate": "2020-06-05T00:00:00Z" }, "geometry": { "type": "Point", "coordinates": [ 31.348185, -29.367848 ] } },
{ "type": "Feature", "properties": { "decimalLatitude": -24.554733, "decimalLongitude": 30.932903, "eventDate": "2020-06-28T00:00:00Z" }, "geometry": { "type": "Point", "coordinates": [ 30.932903, -24.554733 ] } },
{ "type": "Feature", "properties": { "decimalLatitude": -28.966604, "decimalLongitude": 31.758245, "eventDate": "2020-07-02T15:02:31Z" }, "geometry": { "type": "Point", "coordinates": [ 31.758245, -28.966604 ] } },
{ "type": "Feature", "properties": { "decimalLatitude": -28.967173, "decimalLongitude": 31.755427, "eventDate": "2020-07-13T11:40:00Z" }, "geometry": { "type": "Point", "coordinates": [ 31.755427, -28.967173 ] } },
{ "type": "Feature", "properties": { "decimalLatitude": -2.932867, "decimalLongitude": 39.816313, "eventDate": "2020-07-17T00:00:00Z" }, "geometry": { "type": "Point", "coordinates": [ 39.816313, -2.932867 ] } },
{ "type": "Feature", "properties": { "decimalLatitude": -25.508167, "decimalLongitude": 31.020222, "eventDate": "2020-07-02T00:00:00Z" }, "geometry": { "type": "Point", "coordinates": [ 31.020222, -25.508167 ] } },
{ "type": "Feature", "properties": { "decimalLatitude": -24.125018, "decimalLongitude": 30.570746, "eventDate": "2020-07-14T00:00:00Z" }, "geometry": { "type": "Point", "coordinates": [ 30.570746, -24.125018 ] } },
{ "type": "Feature", "properties": { "decimalLatitude": -24.125018, "decimalLongitude": 30.570746, "eventDate": "2020-07-14T00:00:00Z" }, "geometry": { "type": "Point", "coordinates": [ 30.570746, -24.125018 ] } },
{ "type": "Feature", "properties": { "decimalLatitude": -24.138022, "decimalLongitude": 30.198, "eventDate": "2020-07-17T00:00:00Z" }, "geometry": { "type": "Point", "coordinates": [ 30.198, -24.138022 ] } },
{ "type": "Feature", "properties": { "decimalLatitude": -24.143194, "decimalLongitude": 30.573559, "eventDate": "2020-07-14T00:00:00Z" }, "geometry": { "type": "Point", "coordinates": [ 30.573559, -24.143194 ] } },
{ "type": "Feature", "properties": { "decimalLatitude": -28.965831, "decimalLongitude": 31.759189, "eventDate": "2020-08-06T11:45:51Z" }, "geometry": { "type": "Point", "coordinates": [ 31.759189, -28.965831 ] } },
{ "type": "Feature", "properties": { "decimalLatitude": -26.156439, "decimalLongitude": 31.98236, "eventDate": "2020-08-27T13:00:00Z" }, "geometry": { "type": "Point", "coordinates": [ 31.98236, -26.156439 ] } },
{ "type": "Feature", "properties": { "decimalLatitude": -24.533129, "decimalLongitude": 31.094108, "eventDate": "2020-08-08T11:38:00Z" }, "geometry": { "type": "Point", "coordinates": [ 31.094108, -24.533129 ] } },
{ "type": "Feature", "properties": { "decimalLatitude": -11.134797, "decimalLongitude": 33.649889, "eventDate": "2020-08-17T07:25:00Z" }, "geometry": { "type": "Point", "coordinates": [ 33.649889, -11.134797 ] } },
{ "type": "Feature", "properties": { "decimalLatitude": -24.199438, "decimalLongitude": 30.335822, "eventDate": "2020-08-28T00:00:00Z" }, "geometry": { "type": "Point", "coordinates": [ 30.335822, -24.199438 ] } },
{ "type": "Feature", "properties": { "decimalLatitude": -25.508167, "decimalLongitude": 31.020222, "eventDate": "2020-08-30T00:00:00Z" }, "geometry": { "type": "Point", "coordinates": [ 31.020222, -25.508167 ] } },
{ "type": "Feature", "properties": { "decimalLatitude": -29.207114, "decimalLongitude": 31.420797, "eventDate": "2020-08-23T00:00:00Z" }, "geometry": { "type": "Point", "coordinates": [ 31.420797, -29.207114 ] } },
{ "type": "Feature", "properties": { "decimalLatitude": -22.999955, "decimalLongitude": 29.523479, "eventDate": "2020-08-21T00:00:00Z" }, "geometry": { "type": "Point", "coordinates": [ 29.523479, -22.999955 ] } },
{ "type": "Feature", "properties": { "decimalLatitude": -22.999955, "decimalLongitude": 29.523479, "eventDate": "2020-08-24T00:00:00Z" }, "geometry": { "type": "Point", "coordinates": [ 29.523479, -22.999955 ] } },
{ "type": "Feature", "properties": { "decimalLatitude": -15.359748, "decimalLongitude": 28.445676, "eventDate": "2020-09-27T19:17:00Z" }, "geometry": { "type": "Point", "coordinates": [ 28.445676, -15.359748 ] } },
{ "type": "Feature", "properties": { "decimalLatitude": -24.199438, "decimalLongitude": 30.335822, "eventDate": "2020-09-25T00:00:00Z" }, "geometry": { "type": "Point", "coordinates": [ 30.335822, -24.199438 ] } },
{ "type": "Feature", "properties": { "decimalLatitude": -24.199438, "decimalLongitude": 30.335822, "eventDate": "2020-09-25T00:00:00Z" }, "geometry": { "type": "Point", "coordinates": [ 30.335822, -24.199438 ] } },
{ "type": "Feature", "properties": { "decimalLatitude": -24.199438, "decimalLongitude": 30.335822, "eventDate": "2020-09-25T00:00:00Z" }, "geometry": { "type": "Point", "coordinates": [ 30.335822, -24.199438 ] } },
{ "type": "Feature", "properties": { "decimalLatitude": -24.117675, "decimalLongitude": 30.150007, "eventDate": "2020-09-25T00:00:00Z" }, "geometry": { "type": "Point", "coordinates": [ 30.150007, -24.117675 ] } },
{ "type": "Feature", "properties": { "decimalLatitude": -24.199438, "decimalLongitude": 30.335822, "eventDate": "2020-09-25T00:00:00Z" }, "geometry": { "type": "Point", "coordinates": [ 30.335822, -24.199438 ] } },
{ "type": "Feature", "properties": { "decimalLatitude": -24.199438, "decimalLongitude": 30.335822, "eventDate": "2020-09-25T00:00:00Z" }, "geometry": { "type": "Point", "coordinates": [ 30.335822, -24.199438 ] } },
{ "type": "Feature", "properties": { "decimalLatitude": -24.199438, "decimalLongitude": 30.335822, "eventDate": "2020-09-25T00:00:00Z" }, "geometry": { "type": "Point", "coordinates": [ 30.335822, -24.199438 ] } },
{ "type": "Feature", "properties": { "decimalLatitude": -24.199438, "decimalLongitude": 30.335822, "eventDate": "2020-09-25T00:00:00Z" }, "geometry": { "type": "Point", "coordinates": [ 30.335822, -24.199438 ] } },
{ "type": "Feature", "properties": { "decimalLatitude": -24.199438, "decimalLongitude": 30.335822, "eventDate": "2020-09-25T00:00:00Z" }, "geometry": { "type": "Point", "coordinates": [ 30.335822, -24.199438 ] } },
{ "type": "Feature", "properties": { "decimalLatitude": -26.156439, "decimalLongitude": 31.98236, "eventDate": "2020-10-24T07:36:00Z" }, "geometry": { "type": "Point", "coordinates": [ 31.98236, -26.156439 ] } },
{ "type": "Feature", "properties": { "decimalLatitude": -24.525231, "decimalLongitude": 30.818417, "eventDate": "2020-10-06T00:00:00Z" }, "geometry": { "type": "Point", "coordinates": [ 30.818417, -24.525231 ] } },
{ "type": "Feature", "properties": { "decimalLatitude": -28.084796, "decimalLongitude": 32.299609, "eventDate": "2020-10-28T00:00:00Z" }, "geometry": { "type": "Point", "coordinates": [ 32.299609, -28.084796 ] } },
{ "type": "Feature", "properties": { "decimalLatitude": -24.145818, "decimalLongitude": 30.599653, "eventDate": "2020-10-04T00:00:00Z" }, "geometry": { "type": "Point", "coordinates": [ 30.599653, -24.145818 ] } },
{ "type": "Feature", "properties": { "decimalLatitude": -24.162457, "decimalLongitude": 30.253758, "eventDate": "2020-10-09T00:00:00Z" }, "geometry": { "type": "Point", "coordinates": [ 30.253758, -24.162457 ] } },
{ "type": "Feature", "properties": { "decimalLatitude": -18.423541, "decimalLongitude": 21.939999, "eventDate": "2020-11-13T14:56:00Z" }, "geometry": { "type": "Point", "coordinates": [ 21.939999, -18.423541 ] } },
{ "type": "Feature", "properties": { "decimalLatitude": -24.199438, "decimalLongitude": 30.335822, "eventDate": "2020-11-05T00:00:00Z" }, "geometry": { "type": "Point", "coordinates": [ 30.335822, -24.199438 ] } },
{ "type": "Feature", "properties": { "decimalLatitude": -24.162457, "decimalLongitude": 30.253758, "eventDate": "2020-11-12T00:00:00Z" }, "geometry": { "type": "Point", "coordinates": [ 30.253758, -24.162457 ] } },
{ "type": "Feature", "properties": { "decimalLatitude": -24.147435, "decimalLongitude": 30.283714, "eventDate": "2020-12-11T00:00:00Z" }, "geometry": { "type": "Point", "coordinates": [ 30.283714, -24.147435 ] } },
{ "type": "Feature", "properties": { "decimalLatitude": -19.936231, "decimalLongitude": 23.500082, "eventDate": "2021-01-31T15:04:00Z" }, "geometry": { "type": "Point", "coordinates": [ 23.500082, -19.936231 ] } },
{ "type": "Feature", "properties": { "decimalLatitude": -29.912994, "decimalLongitude": 30.941012, "eventDate": "2021-01-29T11:13:44Z" }, "geometry": { "type": "Point", "coordinates": [ 30.941012, -29.912994 ] } },
{ "type": "Feature", "properties": { "decimalLatitude": -20.547412, "decimalLongitude": 28.513674, "eventDate": "2021-01-23T07:51:00Z" }, "geometry": { "type": "Point", "coordinates": [ 28.513674, -20.547412 ] } },
{ "type": "Feature", "properties": { "decimalLatitude": -28.608765, "decimalLongitude": 32.117707, "eventDate": "2021-01-11T08:21:00Z" }, "geometry": { "type": "Point", "coordinates": [ 32.117707, -28.608765 ] } },
{ "type": "Feature", "properties": { "decimalLatitude": -28.607038, "decimalLongitude": 32.118165, "eventDate": "2021-01-11T00:00:00Z" }, "geometry": { "type": "Point", "coordinates": [ 32.118165, -28.607038 ] } },
{ "type": "Feature", "properties": { "decimalLatitude": -19.179696, "decimalLongitude": 23.403163, "eventDate": "2021-02-04T15:47:00Z" }, "geometry": { "type": "Point", "coordinates": [ 23.403163, -19.179696 ] } },
{ "type": "Feature", "properties": { "decimalLatitude": -16.131763, "decimalLongitude": 30.307129, "eventDate": "2021-02-20T11:23:00Z" }, "geometry": { "type": "Point", "coordinates": [ 30.307129, -16.131763 ] } },
{ "type": "Feature", "properties": { "decimalLatitude": -27.028729, "decimalLongitude": 32.787234, "eventDate": "2021-02-11T15:21:00Z" }, "geometry": { "type": "Point", "coordinates": [ 32.787234, -27.028729 ] } },
{ "type": "Feature", "properties": { "decimalLatitude": -28.297317, "decimalLongitude": 32.445329, "eventDate": "2021-02-17T10:19:00Z" }, "geometry": { "type": "Point", "coordinates": [ 32.445329, -28.297317 ] } },
{ "type": "Feature", "properties": { "decimalLatitude": -24.199438, "decimalLongitude": 30.335822, "eventDate": "2021-02-20T00:00:00Z" }, "geometry": { "type": "Point", "coordinates": [ 30.335822, -24.199438 ] } },
{ "type": "Feature", "properties": { "decimalLatitude": -17.49, "decimalLongitude": 24.32, "eventDate": "2021-02-03T00:00:00Z" }, "geometry": { "type": "Point", "coordinates": [ 24.32, -17.49 ] } },
{ "type": "Feature", "properties": { "decimalLatitude": -24.162457, "decimalLongitude": 30.253758, "eventDate": "2021-02-23T00:00:00Z" }, "geometry": { "type": "Point", "coordinates": [ 30.253758, -24.162457 ] } },
{ "type": "Feature", "properties": { "decimalLatitude": -24.134734, "decimalLongitude": 30.579665, "eventDate": "2021-02-18T00:00:00Z" }, "geometry": { "type": "Point", "coordinates": [ 30.579665, -24.134734 ] } },
{ "type": "Feature", "properties": { "decimalLatitude": -24.145818, "decimalLongitude": 30.599653, "eventDate": "2021-02-18T00:00:00Z" }, "geometry": { "type": "Point", "coordinates": [ 30.599653, -24.145818 ] } },
{ "type": "Feature", "properties": { "decimalLatitude": -24.162457, "decimalLongitude": 30.253758, "eventDate": "2021-02-17T00:00:00Z" }, "geometry": { "type": "Point", "coordinates": [ 30.253758, -24.162457 ] } },
{ "type": "Feature", "properties": { "decimalLatitude": -24.162457, "decimalLongitude": 30.253758, "eventDate": "2021-02-11T00:00:00Z" }, "geometry": { "type": "Point", "coordinates": [ 30.253758, -24.162457 ] } },
{ "type": "Feature", "properties": { "decimalLatitude": -27.028624, "decimalLongitude": 32.786679, "eventDate": "2021-02-11T00:00:00Z" }, "geometry": { "type": "Point", "coordinates": [ 32.786679, -27.028624 ] } },
{ "type": "Feature", "properties": { "decimalLatitude": -24.162457, "decimalLongitude": 30.253758, "eventDate": "2021-02-11T00:00:00Z" }, "geometry": { "type": "Point", "coordinates": [ 30.253758, -24.162457 ] } },
{ "type": "Feature", "properties": { "decimalLatitude": -28.265979, "decimalLongitude": 32.481517, "eventDate": "2021-02-17T00:00:00Z" }, "geometry": { "type": "Point", "coordinates": [ 32.481517, -28.265979 ] } },
{ "type": "Feature", "properties": { "decimalLatitude": -19.525058, "decimalLongitude": 23.376855, "eventDate": "2021-03-21T10:49:00Z" }, "geometry": { "type": "Point", "coordinates": [ 23.376855, -19.525058 ] } },
{ "type": "Feature", "properties": { "decimalLatitude": -15.275067, "decimalLongitude": 28.444191, "eventDate": "2021-03-06T11:56:00Z" }, "geometry": { "type": "Point", "coordinates": [ 28.444191, -15.275067 ] } },
{ "type": "Feature", "properties": { "decimalLatitude": -15.275067, "decimalLongitude": 28.444191, "eventDate": "2021-03-06T11:46:00Z" }, "geometry": { "type": "Point", "coordinates": [ 28.444191, -15.275067 ] } },
{ "type": "Feature", "properties": { "decimalLatitude": -15.275067, "decimalLongitude": 28.444191, "eventDate": "2021-03-06T11:47:00Z" }, "geometry": { "type": "Point", "coordinates": [ 28.444191, -15.275067 ] } },
{ "type": "Feature", "properties": { "decimalLatitude": -15.275067, "decimalLongitude": 28.444191, "eventDate": "2021-03-06T12:36:00Z" }, "geometry": { "type": "Point", "coordinates": [ 28.444191, -15.275067 ] } },
{ "type": "Feature", "properties": { "decimalLatitude": -15.677395, "decimalLongitude": 28.272211, "eventDate": "2021-03-13T08:48:00Z" }, "geometry": { "type": "Point", "coordinates": [ 28.272211, -15.677395 ] } },
{ "type": "Feature", "properties": { "decimalLatitude": -15.677395, "decimalLongitude": 28.272211, "eventDate": "2021-03-13T08:51:00Z" }, "geometry": { "type": "Point", "coordinates": [ 28.272211, -15.677395 ] } },
{ "type": "Feature", "properties": { "decimalLatitude": -15.677395, "decimalLongitude": 28.272211, "eventDate": "2021-03-13T11:55:00Z" }, "geometry": { "type": "Point", "coordinates": [ 28.272211, -15.677395 ] } },
{ "type": "Feature", "properties": { "decimalLatitude": -15.677395, "decimalLongitude": 28.272211, "eventDate": "2021-03-13T10:10:00Z" }, "geometry": { "type": "Point", "coordinates": [ 28.272211, -15.677395 ] } },
{ "type": "Feature", "properties": { "decimalLatitude": -15.677395, "decimalLongitude": 28.272211, "eventDate": "2021-03-13T11:45:00Z" }, "geometry": { "type": "Point", "coordinates": [ 28.272211, -15.677395 ] } },
{ "type": "Feature", "properties": { "decimalLatitude": -0.983159, "decimalLongitude": 29.617344, "eventDate": "2021-03-19T00:00:00Z" }, "geometry": { "type": "Point", "coordinates": [ 29.617344, -0.983159 ] } },
{ "type": "Feature", "properties": { "decimalLatitude": -24.161973, "decimalLongitude": 30.254127, "eventDate": "2021-03-18T00:00:00Z" }, "geometry": { "type": "Point", "coordinates": [ 30.254127, -24.161973 ] } },
{ "type": "Feature", "properties": { "decimalLatitude": -15.497633, "decimalLongitude": 28.454394, "eventDate": "2021-03-06T00:00:00Z" }, "geometry": { "type": "Point", "coordinates": [ 28.454394, -15.497633 ] } },
{ "type": "Feature", "properties": { "decimalLatitude": -15.369841, "decimalLongitude": 28.315879, "eventDate": "2021-03-13T00:00:00Z" }, "geometry": { "type": "Point", "coordinates": [ 28.315879, -15.369841 ] } },
{ "type": "Feature", "properties": { "decimalLatitude": -15.369841, "decimalLongitude": 28.315879, "eventDate": "2021-03-13T00:00:00Z" }, "geometry": { "type": "Point", "coordinates": [ 28.315879, -15.369841 ] } },
{ "type": "Feature", "properties": { "decimalLatitude": -15.369841, "decimalLongitude": 28.315879, "eventDate": "2021-03-13T00:00:00Z" }, "geometry": { "type": "Point", "coordinates": [ 28.315879, -15.369841 ] } },
{ "type": "Feature", "properties": { "decimalLatitude": -24.162457, "decimalLongitude": 30.253758, "eventDate": "2021-03-03T00:00:00Z" }, "geometry": { "type": "Point", "coordinates": [ 30.253758, -24.162457 ] } },
{ "type": "Feature", "properties": { "decimalLatitude": -15.497633, "decimalLongitude": 28.454394, "eventDate": "2021-03-06T00:00:00Z" }, "geometry": { "type": "Point", "coordinates": [ 28.454394, -15.497633 ] } },
{ "type": "Feature", "properties": { "decimalLatitude": -15.369841, "decimalLongitude": 28.315879, "eventDate": "2021-03-13T00:00:00Z" }, "geometry": { "type": "Point", "coordinates": [ 28.315879, -15.369841 ] } },
{ "type": "Feature", "properties": { "decimalLatitude": -15.497633, "decimalLongitude": 28.454394, "eventDate": "2021-03-06T00:00:00Z" }, "geometry": { "type": "Point", "coordinates": [ 28.454394, -15.497633 ] } },
{ "type": "Feature", "properties": { "decimalLatitude": -15.369841, "decimalLongitude": 28.315879, "eventDate": "2021-03-13T00:00:00Z" }, "geometry": { "type": "Point", "coordinates": [ 28.315879, -15.369841 ] } },
{ "type": "Feature", "properties": { "decimalLatitude": -15.497633, "decimalLongitude": 28.454394, "eventDate": "2021-03-06T00:00:00Z" }, "geometry": { "type": "Point", "coordinates": [ 28.454394, -15.497633 ] } },
{ "type": "Feature", "properties": { "decimalLatitude": -24.162457, "decimalLongitude": 30.253758, "eventDate": "2021-03-03T00:00:00Z" }, "geometry": { "type": "Point", "coordinates": [ 30.253758, -24.162457 ] } },
{ "type": "Feature", "properties": { "decimalLatitude": -15.677395, "decimalLongitude": 28.272211, "eventDate": "2021-04-04T11:06:00Z" }, "geometry": { "type": "Point", "coordinates": [ 28.272211, -15.677395 ] } },
{ "type": "Feature", "properties": { "decimalLatitude": -26.156439, "decimalLongitude": 31.98236, "eventDate": "2021-04-17T16:30:00Z" }, "geometry": { "type": "Point", "coordinates": [ 31.98236, -26.156439 ] } },
{ "type": "Feature", "properties": { "decimalLatitude": -27.961781, "decimalLongitude": 32.378199, "eventDate": "2021-04-20T16:57:00Z" }, "geometry": { "type": "Point", "coordinates": [ 32.378199, -27.961781 ] } },
{ "type": "Feature", "properties": { "decimalLatitude": -21.428961, "decimalLongitude": 32.09189, "eventDate": "2021-04-05T15:18:00Z" }, "geometry": { "type": "Point", "coordinates": [ 32.09189, -21.428961 ] } },
{ "type": "Feature", "properties": { "decimalLatitude": 5.971007, "decimalLongitude": -0.664877, "eventDate": "2021-04-23T00:00:00Z" }, "geometry": { "type": "Point", "coordinates": [ -0.664877, 5.971007 ] } },
{ "type": "Feature", "properties": { "decimalLatitude": 5.970324, "decimalLongitude": -0.67243, "eventDate": "2021-04-24T00:00:00Z" }, "geometry": { "type": "Point", "coordinates": [ -0.67243, 5.970324 ] } },
{ "type": "Feature", "properties": { "decimalLatitude": 5.971007, "decimalLongitude": -0.667624, "eventDate": "2021-04-07T00:00:00Z" }, "geometry": { "type": "Point", "coordinates": [ -0.667624, 5.971007 ] } },
{ "type": "Feature", "properties": { "decimalLatitude": 5.971007, "decimalLongitude": -0.666251, "eventDate": "2021-04-19T00:00:00Z" }, "geometry": { "type": "Point", "coordinates": [ -0.666251, 5.971007 ] } },
{ "type": "Feature", "properties": { "decimalLatitude": 5.970324, "decimalLongitude": -0.669684, "eventDate": "2021-04-22T00:00:00Z" }, "geometry": { "type": "Point", "coordinates": [ -0.669684, 5.970324 ] } },
{ "type": "Feature", "properties": { "decimalLatitude": 5.970324, "decimalLongitude": -0.679297, "eventDate": "2021-04-30T00:00:00Z" }, "geometry": { "type": "Point", "coordinates": [ -0.679297, 5.970324 ] } },
{ "type": "Feature", "properties": { "decimalLatitude": 5.970324, "decimalLongitude": -0.673804, "eventDate": "2021-04-30T00:00:00Z" }, "geometry": { "type": "Point", "coordinates": [ -0.673804, 5.970324 ] } },
{ "type": "Feature", "properties": { "decimalLatitude": 5.970324, "decimalLongitude": -0.67655, "eventDate": "2021-04-30T00:00:00Z" }, "geometry": { "type": "Point", "coordinates": [ -0.67655, 5.970324 ] } },
{ "type": "Feature", "properties": { "decimalLatitude": 5.974421, "decimalLongitude": -0.69509, "eventDate": "2021-04-23T00:00:00Z" }, "geometry": { "type": "Point", "coordinates": [ -0.69509, 5.974421 ] } },
{ "type": "Feature", "properties": { "decimalLatitude": 5.973055, "decimalLongitude": -0.688223, "eventDate": "2021-04-11T00:00:00Z" }, "geometry": { "type": "Point", "coordinates": [ -0.688223, 5.973055 ] } },
{ "type": "Feature", "properties": { "decimalLatitude": 5.973055, "decimalLongitude": -0.688223, "eventDate": "2021-04-23T00:00:00Z" }, "geometry": { "type": "Point", "coordinates": [ -0.688223, 5.973055 ] } },
{ "type": "Feature", "properties": { "decimalLatitude": 5.974421, "decimalLongitude": -0.69303, "eventDate": "2021-04-23T00:00:00Z" }, "geometry": { "type": "Point", "coordinates": [ -0.69303, 5.974421 ] } },
{ "type": "Feature", "properties": { "decimalLatitude": 5.974421, "decimalLongitude": -0.692343, "eventDate": "2021-04-23T00:00:00Z" }, "geometry": { "type": "Point", "coordinates": [ -0.692343, 5.974421 ] } },
{ "type": "Feature", "properties": { "decimalLatitude": 5.973055, "decimalLongitude": -0.69097, "eventDate": "2021-04-11T00:00:00Z" }, "geometry": { "type": "Point", "coordinates": [ -0.69097, 5.973055 ] } },
{ "type": "Feature", "properties": { "decimalLatitude": 5.973055, "decimalLongitude": -0.689596, "eventDate": "2021-04-11T00:00:00Z" }, "geometry": { "type": "Point", "coordinates": [ -0.689596, 5.973055 ] } },
{ "type": "Feature", "properties": { "decimalLatitude": 5.972373, "decimalLongitude": -0.679297, "eventDate": "2021-04-25T00:00:00Z" }, "geometry": { "type": "Point", "coordinates": [ -0.679297, 5.972373 ] } },
{ "type": "Feature", "properties": { "decimalLatitude": 5.972373, "decimalLongitude": -0.677924, "eventDate": "2021-04-26T00:00:00Z" }, "geometry": { "type": "Point", "coordinates": [ -0.677924, 5.972373 ] } },
{ "type": "Feature", "properties": { "decimalLatitude": 5.97169, "decimalLongitude": -0.67655, "eventDate": "2021-04-27T00:00:00Z" }, "geometry": { "type": "Point", "coordinates": [ -0.67655, 5.97169 ] } },
{ "type": "Feature", "properties": { "decimalLatitude": 5.973055, "decimalLongitude": -0.681357, "eventDate": "2021-04-24T00:00:00Z" }, "geometry": { "type": "Point", "coordinates": [ -0.681357, 5.973055 ] } },
{ "type": "Feature", "properties": { "decimalLatitude": 5.973055, "decimalLongitude": -0.684103, "eventDate": "2021-04-23T00:00:00Z" }, "geometry": { "type": "Point", "coordinates": [ -0.684103, 5.973055 ] } },
{ "type": "Feature", "properties": { "decimalLatitude": 5.97169, "decimalLongitude": -0.673804, "eventDate": "2021-04-28T00:00:00Z" }, "geometry": { "type": "Point", "coordinates": [ -0.673804, 5.97169 ] } },
{ "type": "Feature", "properties": { "decimalLatitude": 5.971007, "decimalLongitude": -0.671744, "eventDate": "2021-04-29T00:00:00Z" }, "geometry": { "type": "Point", "coordinates": [ -0.671744, 5.971007 ] } },
{ "type": "Feature", "properties": { "decimalLatitude": 5.972373, "decimalLongitude": -0.67037, "eventDate": "2021-04-30T00:00:00Z" }, "geometry": { "type": "Point", "coordinates": [ -0.67037, 5.972373 ] } },
{ "type": "Feature", "properties": { "decimalLatitude": -27.965104, "decimalLongitude": 32.378614, "eventDate": "2021-04-20T16:48:11Z" }, "geometry": { "type": "Point", "coordinates": [ 32.378614, -27.965104 ] } },
{ "type": "Feature", "properties": { "decimalLatitude": 24.006389, "decimalLongitude": 85.362778, "eventDate": "2021-04-11T00:00:00Z" }, "geometry": { "type": "Point", "coordinates": [ 85.362778, 24.006389 ] } },
{ "type": "Feature", "properties": { "decimalLatitude": -22.804701, "decimalLongitude": 30.670857, "eventDate": "2021-04-18T14:10:00Z" }, "geometry": { "type": "Point", "coordinates": [ 30.670857, -22.804701 ] } },
{ "type": "Feature", "properties": { "decimalLatitude": -24.525231, "decimalLongitude": 30.818417, "eventDate": "2021-04-30T00:00:00Z" }, "geometry": { "type": "Point", "coordinates": [ 30.818417, -24.525231 ] } },
{ "type": "Feature", "properties": { "decimalLatitude": -24.162457, "decimalLongitude": 30.253758, "eventDate": "2021-04-29T00:00:00Z" }, "geometry": { "type": "Point", "coordinates": [ 30.253758, -24.162457 ] } },
{ "type": "Feature", "properties": { "decimalLatitude": -15.405724, "decimalLongitude": 28.484724, "eventDate": "2021-04-09T00:00:00Z" }, "geometry": { "type": "Point", "coordinates": [ 28.484724, -15.405724 ] } },
{ "type": "Feature", "properties": { "decimalLatitude": -12.25345, "decimalLongitude": 27.96405, "eventDate": "2021-04-04T00:00:00Z" }, "geometry": { "type": "Point", "coordinates": [ 27.96405, -12.25345 ] } },
{ "type": "Feature", "properties": { "decimalLatitude": -27.669359, "decimalLongitude": 32.28674, "eventDate": "2021-04-24T00:00:00Z" }, "geometry": { "type": "Point", "coordinates": [ 32.28674, -27.669359 ] } },
{ "type": "Feature", "properties": { "decimalLatitude": -15.680532, "decimalLongitude": 28.266547, "eventDate": "2021-04-04T00:00:00Z" }, "geometry": { "type": "Point", "coordinates": [ 28.266547, -15.680532 ] } },
{ "type": "Feature", "properties": { "decimalLatitude": -27.782047, "decimalLongitude": 32.03761, "eventDate": "2021-04-26T00:00:00Z" }, "geometry": { "type": "Point", "coordinates": [ 32.03761, -27.782047 ] } },
{ "type": "Feature", "properties": { "decimalLatitude": -25.444222, "decimalLongitude": 30.969528, "eventDate": "2021-04-02T00:00:00Z" }, "geometry": { "type": "Point", "coordinates": [ 30.969528, -25.444222 ] } },
{ "type": "Feature", "properties": { "decimalLatitude": -18.620378, "decimalLongitude": 22.074128, "eventDate": "2021-05-02T10:42:16Z" }, "geometry": { "type": "Point", "coordinates": [ 22.074128, -18.620378 ] } },
{ "type": "Feature", "properties": { "decimalLatitude": -28.066353, "decimalLongitude": 32.305932, "eventDate": "2021-05-17T09:50:00Z" }, "geometry": { "type": "Point", "coordinates": [ 32.305932, -28.066353 ] } },
{ "type": "Feature", "properties": { "decimalLatitude": -13.96621, "decimalLongitude": 33.782413, "eventDate": "2021-05-02T00:00:00Z" }, "geometry": { "type": "Point", "coordinates": [ 33.782413, -13.96621 ] } },
{ "type": "Feature", "properties": { "decimalLatitude": -28.3853, "decimalLongitude": 32.4236, "eventDate": "2021-05-29T14:35:00Z" }, "geometry": { "type": "Point", "coordinates": [ 32.4236, -28.3853 ] } },
{ "type": "Feature", "properties": { "decimalLatitude": -28.2499, "decimalLongitude": 32.4104, "eventDate": "2021-05-16T16:00:00Z" }, "geometry": { "type": "Point", "coordinates": [ 32.4104, -28.2499 ] } },
{ "type": "Feature", "properties": { "decimalLatitude": -13.968806, "decimalLongitude": 33.783249, "eventDate": "2021-05-03T09:03:00Z" }, "geometry": { "type": "Point", "coordinates": [ 33.783249, -13.968806 ] } },
{ "type": "Feature", "properties": { "decimalLatitude": -15.828204, "decimalLongitude": 28.253466, "eventDate": "2021-05-02T09:54:00Z" }, "geometry": { "type": "Point", "coordinates": [ 28.253466, -15.828204 ] } },
{ "type": "Feature", "properties": { "decimalLatitude": -17.926266, "decimalLongitude": 25.862326, "eventDate": "2021-05-22T14:28:00Z" }, "geometry": { "type": "Point", "coordinates": [ 25.862326, -17.926266 ] } },
{ "type": "Feature", "properties": { "decimalLatitude": 5.969641, "decimalLongitude": -0.653204, "eventDate": "2021-05-25T00:00:00Z" }, "geometry": { "type": "Point", "coordinates": [ -0.653204, 5.969641 ] } },
{ "type": "Feature", "properties": { "decimalLatitude": 5.969641, "decimalLongitude": -0.655951, "eventDate": "2021-05-26T00:00:00Z" }, "geometry": { "type": "Point", "coordinates": [ -0.655951, 5.969641 ] } },
{ "type": "Feature", "properties": { "decimalLatitude": 5.969641, "decimalLongitude": -0.646338, "eventDate": "2021-05-24T00:00:00Z" }, "geometry": { "type": "Point", "coordinates": [ -0.646338, 5.969641 ] } },
{ "type": "Feature", "properties": { "decimalLatitude": 5.971007, "decimalLongitude": -0.662131, "eventDate": "2021-05-27T00:00:00Z" }, "geometry": { "type": "Point", "coordinates": [ -0.662131, 5.971007 ] } },
{ "type": "Feature", "properties": { "decimalLatitude": 5.969641, "decimalLongitude": -0.644278, "eventDate": "2021-05-23T00:00:00Z" }, "geometry": { "type": "Point", "coordinates": [ -0.644278, 5.969641 ] } },
{ "type": "Feature", "properties": { "decimalLatitude": 5.971007, "decimalLongitude": -0.658697, "eventDate": "2021-05-05T00:00:00Z" }, "geometry": { "type": "Point", "coordinates": [ -0.658697, 5.971007 ] } },
{ "type": "Feature", "properties": { "decimalLatitude": 5.971007, "decimalLongitude": -0.657324, "eventDate": "2021-05-06T00:00:00Z" }, "geometry": { "type": "Point", "coordinates": [ -0.657324, 5.971007 ] } },
{ "type": "Feature", "properties": { "decimalLatitude": 5.970324, "decimalLongitude": -0.655951, "eventDate": "2021-05-07T00:00:00Z" }, "geometry": { "type": "Point", "coordinates": [ -0.655951, 5.970324 ] } },
{ "type": "Feature", "properties": { "decimalLatitude": 5.971007, "decimalLongitude": -0.660757, "eventDate": "2021-05-04T00:00:00Z" }, "geometry": { "type": "Point", "coordinates": [ -0.660757, 5.971007 ] } },
{ "type": "Feature", "properties": { "decimalLatitude": 5.971007, "decimalLongitude": -0.664877, "eventDate": "2021-05-03T00:00:00Z" }, "geometry": { "type": "Point", "coordinates": [ -0.664877, 5.971007 ] } },
{ "type": "Feature", "properties": { "decimalLatitude": 5.970324, "decimalLongitude": -0.653204, "eventDate": "2021-05-09T00:00:00Z" }, "geometry": { "type": "Point", "coordinates": [ -0.653204, 5.970324 ] } },
{ "type": "Feature", "properties": { "decimalLatitude": 5.970324, "decimalLongitude": -0.649771, "eventDate": "2021-05-10T00:00:00Z" }, "geometry": { "type": "Point", "coordinates": [ -0.649771, 5.970324 ] } },
{ "type": "Feature", "properties": { "decimalLatitude": 5.970324, "decimalLongitude": -0.654578, "eventDate": "2021-05-08T00:00:00Z" }, "geometry": { "type": "Point", "coordinates": [ -0.654578, 5.970324 ] } },
{ "type": "Feature", "properties": { "decimalLatitude": 5.970324, "decimalLongitude": -0.647711, "eventDate": "2021-05-11T00:00:00Z" }, "geometry": { "type": "Point", "coordinates": [ -0.647711, 5.970324 ] } },
{ "type": "Feature", "properties": { "decimalLatitude": 5.970324, "decimalLongitude": -0.646338, "eventDate": "2021-05-12T00:00:00Z" }, "geometry": { "type": "Point", "coordinates": [ -0.646338, 5.970324 ] } },
{ "type": "Feature", "properties": { "decimalLatitude": 5.971007, "decimalLongitude": -0.666251, "eventDate": "2021-05-02T00:00:00Z" }, "geometry": { "type": "Point", "coordinates": [ -0.666251, 5.971007 ] } },
{ "type": "Feature", "properties": { "decimalLatitude": 5.971007, "decimalLongitude": -0.66831, "eventDate": "2021-05-01T00:00:00Z" }, "geometry": { "type": "Point", "coordinates": [ -0.66831, 5.971007 ] } },
{ "type": "Feature", "properties": { "decimalLatitude": 5.972373, "decimalLongitude": -0.637411, "eventDate": "2021-05-16T00:00:00Z" }, "geometry": { "type": "Point", "coordinates": [ -0.637411, 5.972373 ] } },
{ "type": "Feature", "properties": { "decimalLatitude": 5.972373, "decimalLongitude": -0.631918, "eventDate": "2021-05-17T00:00:00Z" }, "geometry": { "type": "Point", "coordinates": [ -0.631918, 5.972373 ] } },
{ "type": "Feature", "properties": { "decimalLatitude": 5.972373, "decimalLongitude": -0.629858, "eventDate": "2021-05-18T00:00:00Z" }, "geometry": { "type": "Point", "coordinates": [ -0.629858, 5.972373 ] } },
{ "type": "Feature", "properties": { "decimalLatitude": 5.970324, "decimalLongitude": -0.644965, "eventDate": "2021-05-13T00:00:00Z" }, "geometry": { "type": "Point", "coordinates": [ -0.644965, 5.970324 ] } },
{ "type": "Feature", "properties": { "decimalLatitude": 5.969641, "decimalLongitude": -0.629858, "eventDate": "2021-05-19T00:00:00Z" }, "geometry": { "type": "Point", "coordinates": [ -0.629858, 5.969641 ] } },
{ "type": "Feature", "properties": { "decimalLatitude": 5.970324, "decimalLongitude": -0.643591, "eventDate": "2021-05-14T00:00:00Z" }, "geometry": { "type": "Point", "coordinates": [ -0.643591, 5.970324 ] } },
{ "type": "Feature", "properties": { "decimalLatitude": 5.970324, "decimalLongitude": -0.640845, "eventDate": "2021-05-15T00:00:00Z" }, "geometry": { "type": "Point", "coordinates": [ -0.640845, 5.970324 ] } },
{ "type": "Feature", "properties": { "decimalLatitude": 5.969641, "decimalLongitude": -0.633292, "eventDate": "2021-05-20T00:00:00Z" }, "geometry": { "type": "Point", "coordinates": [ -0.633292, 5.969641 ] } },
{ "type": "Feature", "properties": { "decimalLatitude": 5.969641, "decimalLongitude": -0.641531, "eventDate": "2021-05-22T00:00:00Z" }, "geometry": { "type": "Point", "coordinates": [ -0.641531, 5.969641 ] } },
{ "type": "Feature", "properties": { "decimalLatitude": 5.969641, "decimalLongitude": -0.635351, "eventDate": "2021-05-21T00:00:00Z" }, "geometry": { "type": "Point", "coordinates": [ -0.635351, 5.969641 ] } },
{ "type": "Feature", "properties": { "decimalLatitude": -3.353348, "decimalLongitude": 40.020948, "eventDate": "2021-05-26T00:00:00Z" }, "geometry": { "type": "Point", "coordinates": [ 40.020948, -3.353348 ] } },
{ "type": "Feature", "properties": { "decimalLatitude": -28.780046, "decimalLongitude": 32.092783, "eventDate": "2021-05-11T12:56:00Z" }, "geometry": { "type": "Point", "coordinates": [ 32.092783, -28.780046 ] } },
{ "type": "Feature", "properties": { "decimalLatitude": -17.926787, "decimalLongitude": 25.859548, "eventDate": "2021-05-22T00:00:00Z" }, "geometry": { "type": "Point", "coordinates": [ 25.859548, -17.926787 ] } },
{ "type": "Feature", "properties": { "decimalLatitude": -24.525231, "decimalLongitude": 30.818417, "eventDate": "2021-05-29T00:00:00Z" }, "geometry": { "type": "Point", "coordinates": [ 30.818417, -24.525231 ] } },
{ "type": "Feature", "properties": { "decimalLatitude": -28.780583, "decimalLongitude": 32.088425, "eventDate": "2021-05-11T00:00:00Z" }, "geometry": { "type": "Point", "coordinates": [ 32.088425, -28.780583 ] } },
{ "type": "Feature", "properties": { "decimalLatitude": -24.143194, "decimalLongitude": 30.573559, "eventDate": "2021-05-05T00:00:00Z" }, "geometry": { "type": "Point", "coordinates": [ 30.573559, -24.143194 ] } },
{ "type": "Feature", "properties": { "decimalLatitude": -22.1375, "decimalLongitude": 35.4548, "eventDate": "2021-05-17T00:00:00Z" }, "geometry": { "type": "Point", "coordinates": [ 35.4548, -22.1375 ] } },
{ "type": "Feature", "properties": { "decimalLatitude": -22.1375, "decimalLongitude": 35.4548, "eventDate": "2021-05-17T00:00:00Z" }, "geometry": { "type": "Point", "coordinates": [ 35.4548, -22.1375 ] } },
{ "type": "Feature", "properties": { "decimalLatitude": -22.966083, "decimalLongitude": 30.464556, "eventDate": "2021-05-07T00:00:00Z" }, "geometry": { "type": "Point", "coordinates": [ 30.464556, -22.966083 ] } },
{ "type": "Feature", "properties": { "decimalLatitude": -24.152308, "decimalLongitude": 30.593605, "eventDate": "2021-05-05T00:00:00Z" }, "geometry": { "type": "Point", "coordinates": [ 30.593605, -24.152308 ] } },
{ "type": "Feature", "properties": { "decimalLatitude": -24.525231, "decimalLongitude": 30.818417, "eventDate": "2021-05-03T00:00:00Z" }, "geometry": { "type": "Point", "coordinates": [ 30.818417, -24.525231 ] } },
{ "type": "Feature", "properties": { "decimalLatitude": -24.152308, "decimalLongitude": 30.593605, "eventDate": "2021-05-04T00:00:00Z" }, "geometry": { "type": "Point", "coordinates": [ 30.593605, -24.152308 ] } },
{ "type": "Feature", "properties": { "decimalLatitude": -24.021771, "decimalLongitude": 30.580075, "eventDate": "2021-05-04T00:00:00Z" }, "geometry": { "type": "Point", "coordinates": [ 30.580075, -24.021771 ] } },
{ "type": "Feature", "properties": { "decimalLatitude": -24.247662, "decimalLongitude": 30.63095, "eventDate": "2021-05-07T00:00:00Z" }, "geometry": { "type": "Point", "coordinates": [ 30.63095, -24.247662 ] } },
{ "type": "Feature", "properties": { "decimalLatitude": -22.966083, "decimalLongitude": 30.464556, "eventDate": "2021-05-07T00:00:00Z" }, "geometry": { "type": "Point", "coordinates": [ 30.464556, -22.966083 ] } },
{ "type": "Feature", "properties": { "decimalLatitude": -24.021771, "decimalLongitude": 30.580075, "eventDate": "2021-05-04T00:00:00Z" }, "geometry": { "type": "Point", "coordinates": [ 30.580075, -24.021771 ] } },
{ "type": "Feature", "properties": { "decimalLatitude": -24.152308, "decimalLongitude": 30.593605, "eventDate": "2021-05-05T00:00:00Z" }, "geometry": { "type": "Point", "coordinates": [ 30.593605, -24.152308 ] } },
{ "type": "Feature", "properties": { "decimalLatitude": -22.966083, "decimalLongitude": 30.464556, "eventDate": "2021-05-07T00:00:00Z" }, "geometry": { "type": "Point", "coordinates": [ 30.464556, -22.966083 ] } },
{ "type": "Feature", "properties": { "decimalLatitude": -15.405724, "decimalLongitude": 28.484724, "eventDate": "2021-05-07T00:00:00Z" }, "geometry": { "type": "Point", "coordinates": [ 28.484724, -15.405724 ] } },
{ "type": "Feature", "properties": { "decimalLatitude": -26.156439, "decimalLongitude": 31.98236, "eventDate": "2021-06-08T10:28:00Z" }, "geometry": { "type": "Point", "coordinates": [ 31.98236, -26.156439 ] } },
{ "type": "Feature", "properties": { "decimalLatitude": -22.691176, "decimalLongitude": 31.019354, "eventDate": "2021-06-03T11:42:00Z" }, "geometry": { "type": "Point", "coordinates": [ 31.019354, -22.691176 ] } },
{ "type": "Feature", "properties": { "decimalLatitude": -27.9813, "decimalLongitude": 32.3651, "eventDate": "2021-06-05T14:21:00Z" }, "geometry": { "type": "Point", "coordinates": [ 32.3651, -27.9813 ] } },
{ "type": "Feature", "properties": { "decimalLatitude": -27.9813, "decimalLongitude": 32.3651, "eventDate": "2021-06-05T13:55:00Z" }, "geometry": { "type": "Point", "coordinates": [ 32.3651, -27.9813 ] } },
{ "type": "Feature", "properties": { "decimalLatitude": -26.156439, "decimalLongitude": 31.98236, "eventDate": "2021-06-21T11:54:00Z" }, "geometry": { "type": "Point", "coordinates": [ 31.98236, -26.156439 ] } },
{ "type": "Feature", "properties": { "decimalLatitude": -15.82822, "decimalLongitude": 28.254358, "eventDate": "2021-06-28T00:00:00Z" }, "geometry": { "type": "Point", "coordinates": [ 28.254358, -15.82822 ] } },
{ "type": "Feature", "properties": { "decimalLatitude": -24.162457, "decimalLongitude": 30.253758, "eventDate": "2021-06-10T00:00:00Z" }, "geometry": { "type": "Point", "coordinates": [ 30.253758, -24.162457 ] } },
{ "type": "Feature", "properties": { "decimalLatitude": -25.444222, "decimalLongitude": 30.969528, "eventDate": "2021-06-12T00:00:00Z" }, "geometry": { "type": "Point", "coordinates": [ 30.969528, -25.444222 ] } },
{ "type": "Feature", "properties": { "decimalLatitude": -26.156439, "decimalLongitude": 31.98236, "eventDate": "2021-07-06T09:45:00Z" }, "geometry": { "type": "Point", "coordinates": [ 31.98236, -26.156439 ] } },
{ "type": "Feature", "properties": { "decimalLatitude": -28.2638, "decimalLongitude": 32.482, "eventDate": "2021-07-03T13:49:00Z" }, "geometry": { "type": "Point", "coordinates": [ 32.482, -28.2638 ] } },
{ "type": "Feature", "properties": { "decimalLatitude": -28.3713, "decimalLongitude": 32.4188, "eventDate": "2021-07-18T14:36:00Z" }, "geometry": { "type": "Point", "coordinates": [ 32.4188, -28.3713 ] } },
{ "type": "Feature", "properties": { "decimalLatitude": -26.156439, "decimalLongitude": 31.98236, "eventDate": "2021-07-26T12:09:00Z" }, "geometry": { "type": "Point", "coordinates": [ 31.98236, -26.156439 ] } },
{ "type": "Feature", "properties": { "decimalLatitude": -24.199438, "decimalLongitude": 30.335822, "eventDate": "2021-07-23T00:00:00Z" }, "geometry": { "type": "Point", "coordinates": [ 30.335822, -24.199438 ] } },
{ "type": "Feature", "properties": { "decimalLatitude": -25.476636, "decimalLongitude": 31.511557, "eventDate": "2021-07-08T00:00:00Z" }, "geometry": { "type": "Point", "coordinates": [ 31.511557, -25.476636 ] } },
{ "type": "Feature", "properties": { "decimalLatitude": -24.525231, "decimalLongitude": 30.818417, "eventDate": "2021-07-10T00:00:00Z" }, "geometry": { "type": "Point", "coordinates": [ 30.818417, -24.525231 ] } },
{ "type": "Feature", "properties": { "decimalLatitude": -24.528, "decimalLongitude": 30.789, "eventDate": "2021-07-12T00:00:00Z" }, "geometry": { "type": "Point", "coordinates": [ 30.789, -24.528 ] } },
{ "type": "Feature", "properties": { "decimalLatitude": -24.199438, "decimalLongitude": 30.335822, "eventDate": "2021-07-23T00:00:00Z" }, "geometry": { "type": "Point", "coordinates": [ 30.335822, -24.199438 ] } },
{ "type": "Feature", "properties": { "decimalLatitude": -15.936929, "decimalLongitude": 28.926699, "eventDate": "2021-07-03T00:00:00Z" }, "geometry": { "type": "Point", "coordinates": [ 28.926699, -15.936929 ] } },
{ "type": "Feature", "properties": { "decimalLatitude": -15.495558, "decimalLongitude": 28.453748, "eventDate": "2021-07-11T00:00:00Z" }, "geometry": { "type": "Point", "coordinates": [ 28.453748, -15.495558 ] } },
{ "type": "Feature", "properties": { "decimalLatitude": -28.607038, "decimalLongitude": 32.118165, "eventDate": "2021-07-11T00:00:00Z" }, "geometry": { "type": "Point", "coordinates": [ 32.118165, -28.607038 ] } },
{ "type": "Feature", "properties": { "decimalLatitude": -24.125018, "decimalLongitude": 30.570746, "eventDate": "2021-07-27T00:00:00Z" }, "geometry": { "type": "Point", "coordinates": [ 30.570746, -24.125018 ] } },
{ "type": "Feature", "properties": { "decimalLatitude": -27.9844, "decimalLongitude": 32.422462, "eventDate": "2021-07-06T00:00:00Z" }, "geometry": { "type": "Point", "coordinates": [ 32.422462, -27.9844 ] } },
{ "type": "Feature", "properties": { "decimalLatitude": -24.525231, "decimalLongitude": 30.818417, "eventDate": "2021-07-31T00:00:00Z" }, "geometry": { "type": "Point", "coordinates": [ 30.818417, -24.525231 ] } },
{ "type": "Feature", "properties": { "decimalLatitude": -24.525231, "decimalLongitude": 30.818417, "eventDate": "2021-07-05T00:00:00Z" }, "geometry": { "type": "Point", "coordinates": [ 30.818417, -24.525231 ] } },
{ "type": "Feature", "properties": { "decimalLatitude": -24.528, "decimalLongitude": 30.789, "eventDate": "2021-07-12T00:00:00Z" }, "geometry": { "type": "Point", "coordinates": [ 30.789, -24.528 ] } },
{ "type": "Feature", "properties": { "decimalLatitude": -24.525231, "decimalLongitude": 30.818417, "eventDate": "2021-07-10T00:00:00Z" }, "geometry": { "type": "Point", "coordinates": [ 30.818417, -24.525231 ] } },
{ "type": "Feature", "properties": { "decimalLatitude": -24.525231, "decimalLongitude": 30.818417, "eventDate": "2021-07-15T00:00:00Z" }, "geometry": { "type": "Point", "coordinates": [ 30.818417, -24.525231 ] } },
{ "type": "Feature", "properties": { "decimalLatitude": -25.476636, "decimalLongitude": 31.511557, "eventDate": "2021-07-06T00:00:00Z" }, "geometry": { "type": "Point", "coordinates": [ 31.511557, -25.476636 ] } },
{ "type": "Feature", "properties": { "decimalLatitude": -24.525231, "decimalLongitude": 30.818417, "eventDate": "2021-07-15T00:00:00Z" }, "geometry": { "type": "Point", "coordinates": [ 30.818417, -24.525231 ] } },
{ "type": "Feature", "properties": { "decimalLatitude": -24.125018, "decimalLongitude": 30.570746, "eventDate": "2021-07-27T00:00:00Z" }, "geometry": { "type": "Point", "coordinates": [ 30.570746, -24.125018 ] } },
{ "type": "Feature", "properties": { "decimalLatitude": -24.525231, "decimalLongitude": 30.818417, "eventDate": "2021-07-15T00:00:00Z" }, "geometry": { "type": "Point", "coordinates": [ 30.818417, -24.525231 ] } },
{ "type": "Feature", "properties": { "decimalLatitude": -24.525231, "decimalLongitude": 30.818417, "eventDate": "2021-07-15T00:00:00Z" }, "geometry": { "type": "Point", "coordinates": [ 30.818417, -24.525231 ] } },
{ "type": "Feature", "properties": { "decimalLatitude": -24.525231, "decimalLongitude": 30.818417, "eventDate": "2021-07-05T00:00:00Z" }, "geometry": { "type": "Point", "coordinates": [ 30.818417, -24.525231 ] } },
{ "type": "Feature", "properties": { "decimalLatitude": -24.199438, "decimalLongitude": 30.335822, "eventDate": "2021-07-23T00:00:00Z" }, "geometry": { "type": "Point", "coordinates": [ 30.335822, -24.199438 ] } },
{ "type": "Feature", "properties": { "decimalLatitude": -27.9844, "decimalLongitude": 32.422462, "eventDate": "2021-07-08T00:00:00Z" }, "geometry": { "type": "Point", "coordinates": [ 32.422462, -27.9844 ] } },
{ "type": "Feature", "properties": { "decimalLatitude": -24.525231, "decimalLongitude": 30.818417, "eventDate": "2021-07-20T00:00:00Z" }, "geometry": { "type": "Point", "coordinates": [ 30.818417, -24.525231 ] } },
{ "type": "Feature", "properties": { "decimalLatitude": -24.525231, "decimalLongitude": 30.818417, "eventDate": "2021-07-31T00:00:00Z" }, "geometry": { "type": "Point", "coordinates": [ 30.818417, -24.525231 ] } },
{ "type": "Feature", "properties": { "decimalLatitude": -24.199438, "decimalLongitude": 30.335822, "eventDate": "2021-07-23T00:00:00Z" }, "geometry": { "type": "Point", "coordinates": [ 30.335822, -24.199438 ] } },
{ "type": "Feature", "properties": { "decimalLatitude": -27.9844, "decimalLongitude": 32.422462, "eventDate": "2021-07-06T00:00:00Z" }, "geometry": { "type": "Point", "coordinates": [ 32.422462, -27.9844 ] } },
{ "type": "Feature", "properties": { "decimalLatitude": -24.526967, "decimalLongitude": 30.880774, "eventDate": "2021-08-02T10:12:00Z" }, "geometry": { "type": "Point", "coordinates": [ 30.880774, -24.526967 ] } },
{ "type": "Feature", "properties": { "decimalLatitude": -25.010172, "decimalLongitude": 34.045783, "eventDate": "2021-08-25T11:06:18Z" }, "geometry": { "type": "Point", "coordinates": [ 34.045783, -25.010172 ] } },
{ "type": "Feature", "properties": { "decimalLatitude": -12.302011, "decimalLongitude": 44.451889, "eventDate": "2021-08-28T17:25:00Z" }, "geometry": { "type": "Point", "coordinates": [ 44.451889, -12.302011 ] } },
{ "type": "Feature", "properties": { "decimalLatitude": -25.00976, "decimalLongitude": 34.045576, "eventDate": "2021-08-25T11:06:18Z" }, "geometry": { "type": "Point", "coordinates": [ 34.045576, -25.00976 ] } },
{ "type": "Feature", "properties": { "decimalLatitude": -28.2639, "decimalLongitude": 32.482, "eventDate": "2021-08-09T12:38:00Z" }, "geometry": { "type": "Point", "coordinates": [ 32.482, -28.2639 ] } },
{ "type": "Feature", "properties": { "decimalLatitude": -26.156439, "decimalLongitude": 31.98236, "eventDate": "2021-08-21T11:42:00Z" }, "geometry": { "type": "Point", "coordinates": [ 31.98236, -26.156439 ] } },
{ "type": "Feature", "properties": { "decimalLatitude": -24.528, "decimalLongitude": 30.789, "eventDate": "2021-08-26T00:00:00Z" }, "geometry": { "type": "Point", "coordinates": [ 30.789, -24.528 ] } },
{ "type": "Feature", "properties": { "decimalLatitude": -29.549496, "decimalLongitude": 31.204927, "eventDate": "2021-08-08T00:00:00Z" }, "geometry": { "type": "Point", "coordinates": [ 31.204927, -29.549496 ] } },
{ "type": "Feature", "properties": { "decimalLatitude": -24.525231, "decimalLongitude": 30.818417, "eventDate": "2021-08-30T00:00:00Z" }, "geometry": { "type": "Point", "coordinates": [ 30.818417, -24.525231 ] } },
{ "type": "Feature", "properties": { "decimalLatitude": -24.162457, "decimalLongitude": 30.253758, "eventDate": "2021-08-19T00:00:00Z" }, "geometry": { "type": "Point", "coordinates": [ 30.253758, -24.162457 ] } },
{ "type": "Feature", "properties": { "decimalLatitude": -27.770177, "decimalLongitude": 32.100433, "eventDate": "2021-08-04T00:00:00Z" }, "geometry": { "type": "Point", "coordinates": [ 32.100433, -27.770177 ] } },
{ "type": "Feature", "properties": { "decimalLatitude": -24.021771, "decimalLongitude": 30.580075, "eventDate": "2021-08-18T00:00:00Z" }, "geometry": { "type": "Point", "coordinates": [ 30.580075, -24.021771 ] } },
{ "type": "Feature", "properties": { "decimalLatitude": -24.525231, "decimalLongitude": 30.818417, "eventDate": "2021-08-10T00:00:00Z" }, "geometry": { "type": "Point", "coordinates": [ 30.818417, -24.525231 ] } },
{ "type": "Feature", "properties": { "decimalLatitude": 0.069518, "decimalLongitude": 32.472299, "eventDate": "2021-08-13T00:00:00Z" }, "geometry": { "type": "Point", "coordinates": [ 32.472299, 0.069518 ] } },
{ "type": "Feature", "properties": { "decimalLatitude": -24.021771, "decimalLongitude": 30.580075, "eventDate": "2021-08-18T00:00:00Z" }, "geometry": { "type": "Point", "coordinates": [ 30.580075, -24.021771 ] } },
{ "type": "Feature", "properties": { "decimalLatitude": -24.525231, "decimalLongitude": 30.818417, "eventDate": "2021-08-30T00:00:00Z" }, "geometry": { "type": "Point", "coordinates": [ 30.818417, -24.525231 ] } },
{ "type": "Feature", "properties": { "decimalLatitude": -24.525231, "decimalLongitude": 30.818417, "eventDate": "2021-08-20T00:00:00Z" }, "geometry": { "type": "Point", "coordinates": [ 30.818417, -24.525231 ] } },
{ "type": "Feature", "properties": { "decimalLatitude": -24.525231, "decimalLongitude": 30.818417, "eventDate": "2021-08-25T00:00:00Z" }, "geometry": { "type": "Point", "coordinates": [ 30.818417, -24.525231 ] } },
{ "type": "Feature", "properties": { "decimalLatitude": -18.423792, "decimalLongitude": 21.939788, "eventDate": "2021-08-27T00:00:00Z" }, "geometry": { "type": "Point", "coordinates": [ 21.939788, -18.423792 ] } },
{ "type": "Feature", "properties": { "decimalLatitude": -29.547315, "decimalLongitude": 31.202085, "eventDate": "2021-08-08T00:00:00Z" }, "geometry": { "type": "Point", "coordinates": [ 31.202085, -29.547315 ] } },
{ "type": "Feature", "properties": { "decimalLatitude": -11.464696, "decimalLongitude": 43.329091, "eventDate": "2021-09-01T11:22:00Z" }, "geometry": { "type": "Point", "coordinates": [ 43.329091, -11.464696 ] } },
{ "type": "Feature", "properties": { "decimalLatitude": -11.476041, "decimalLongitude": 43.344036, "eventDate": "2021-09-03T11:56:00Z" }, "geometry": { "type": "Point", "coordinates": [ 43.344036, -11.476041 ] } },
{ "type": "Feature", "properties": { "decimalLatitude": -11.468975, "decimalLongitude": 43.335131, "eventDate": "2021-09-01T15:33:00Z" }, "geometry": { "type": "Point", "coordinates": [ 43.335131, -11.468975 ] } },
{ "type": "Feature", "properties": { "decimalLatitude": -25.444222, "decimalLongitude": 30.969528, "eventDate": "2021-09-11T00:00:00Z" }, "geometry": { "type": "Point", "coordinates": [ 30.969528, -25.444222 ] } },
{ "type": "Feature", "properties": { "decimalLatitude": -24.51537, "decimalLongitude": 30.811, "eventDate": "2021-09-12T00:00:00Z" }, "geometry": { "type": "Point", "coordinates": [ 30.811, -24.51537 ] } },
{ "type": "Feature", "properties": { "decimalLatitude": -29.776599, "decimalLongitude": 30.835939, "eventDate": "2021-10-06T16:01:00Z" }, "geometry": { "type": "Point", "coordinates": [ 30.835939, -29.776599 ] } },
{ "type": "Feature", "properties": { "decimalLatitude": -24.152308, "decimalLongitude": 30.593605, "eventDate": "2021-10-06T00:00:00Z" }, "geometry": { "type": "Point", "coordinates": [ 30.593605, -24.152308 ] } },
{ "type": "Feature", "properties": { "decimalLatitude": -28.104068, "decimalLongitude": 32.278861, "eventDate": "2021-11-14T08:15:00Z" }, "geometry": { "type": "Point", "coordinates": [ 32.278861, -28.104068 ] } },
{ "type": "Feature", "properties": { "decimalLatitude": -29.801205, "decimalLongitude": 30.853308, "eventDate": "2021-11-04T20:02:00Z" }, "geometry": { "type": "Point", "coordinates": [ 30.853308, -29.801205 ] } },
{ "type": "Feature", "properties": { "decimalLatitude": -28.371887, "decimalLongitude": 32.416963, "eventDate": "2021-11-08T00:00:00Z" }, "geometry": { "type": "Point", "coordinates": [ 32.416963, -28.371887 ] } },
{ "type": "Feature", "properties": { "decimalLatitude": -28.696834, "decimalLongitude": 31.991121, "eventDate": "2021-12-18T08:43:00Z" }, "geometry": { "type": "Point", "coordinates": [ 31.991121, -28.696834 ] } },
{ "type": "Feature", "properties": { "decimalLatitude": -13.378815, "decimalLongitude": 28.752436, "eventDate": "2021-12-29T00:00:00Z" }, "geometry": { "type": "Point", "coordinates": [ 28.752436, -13.378815 ] } },
{ "type": "Feature", "properties": { "decimalLatitude": -13.378815, "decimalLongitude": 28.752436, "eventDate": "2021-12-28T00:00:00Z" }, "geometry": { "type": "Point", "coordinates": [ 28.752436, -13.378815 ] } },
{ "type": "Feature", "properties": { "decimalLatitude": -13.378815, "decimalLongitude": 28.752436, "eventDate": "2021-12-31T00:00:00Z" }, "geometry": { "type": "Point", "coordinates": [ 28.752436, -13.378815 ] } },
{ "type": "Feature", "properties": { "decimalLatitude": -28.694373, "decimalLongitude": 31.998131, "eventDate": "2021-12-18T00:00:00Z" }, "geometry": { "type": "Point", "coordinates": [ 31.998131, -28.694373 ] } },
{ "type": "Feature", "properties": { "decimalLatitude": -13.378815, "decimalLongitude": 28.752436, "eventDate": "2021-12-29T00:00:00Z" }, "geometry": { "type": "Point", "coordinates": [ 28.752436, -13.378815 ] } },
{ "type": "Feature", "properties": { "decimalLatitude": -27.597204, "decimalLongitude": 32.219163, "eventDate": "2021-12-30T00:00:00Z" }, "geometry": { "type": "Point", "coordinates": [ 32.219163, -27.597204 ] } },
{ "type": "Feature", "properties": { "decimalLatitude": -27.59556, "decimalLongitude": 32.221708, "eventDate": "2021-12-04T00:00:00Z" }, "geometry": { "type": "Point", "coordinates": [ 32.221708, -27.59556 ] } },
{ "type": "Feature", "properties": { "decimalLatitude": -24.525871, "decimalLongitude": 30.792126, "eventDate": "2021-12-10T00:00:00Z" }, "geometry": { "type": "Point", "coordinates": [ 30.792126, -24.525871 ] } },
{ "type": "Feature", "properties": { "decimalLatitude": -13.381007, "decimalLongitude": 28.747926, "eventDate": "2021-12-30T00:00:00Z" }, "geometry": { "type": "Point", "coordinates": [ 28.747926, -13.381007 ] } },
{ "type": "Feature", "properties": { "decimalLatitude": -26.957828, "decimalLongitude": 32.824339, "eventDate": "2021-12-07T00:00:00Z" }, "geometry": { "type": "Point", "coordinates": [ 32.824339, -26.957828 ] } },
{ "type": "Feature", "properties": { "decimalLatitude": -24.19195, "decimalLongitude": 30.349559, "eventDate": "2022-01-03T12:33:00Z" }, "geometry": { "type": "Point", "coordinates": [ 30.349559, -24.19195 ] } },
{ "type": "Feature", "properties": { "decimalLatitude": -28.384231, "decimalLongitude": 32.40867, "eventDate": "2022-01-31T15:06:00Z" }, "geometry": { "type": "Point", "coordinates": [ 32.40867, -28.384231 ] } },
{ "type": "Feature", "properties": { "decimalLatitude": -27.361164, "decimalLongitude": 31.91597, "eventDate": "2022-01-14T06:14:00Z" }, "geometry": { "type": "Point", "coordinates": [ 31.91597, -27.361164 ] } },
{ "type": "Feature", "properties": { "decimalLatitude": -27.366422, "decimalLongitude": 31.84787, "eventDate": "2022-01-12T00:00:00Z" }, "geometry": { "type": "Point", "coordinates": [ 31.84787, -27.366422 ] } },
{ "type": "Feature", "properties": { "decimalLatitude": -19.733594, "decimalLongitude": 33.337716, "eventDate": "2022-02-28T00:00:00Z" }, "geometry": { "type": "Point", "coordinates": [ 33.337716, -19.733594 ] } },
{ "type": "Feature", "properties": { "decimalLatitude": -26.960476, "decimalLongitude": 32.810716, "eventDate": "2022-02-14T16:42:00Z" }, "geometry": { "type": "Point", "coordinates": [ 32.810716, -26.960476 ] } },
{ "type": "Feature", "properties": { "decimalLatitude": -26.96094, "decimalLongitude": 32.810326, "eventDate": "2022-02-14T00:00:00Z" }, "geometry": { "type": "Point", "coordinates": [ 32.810326, -26.96094 ] } },
{ "type": "Feature", "properties": { "decimalLatitude": -26.887618, "decimalLongitude": 32.225862, "eventDate": "2022-02-17T00:00:00Z" }, "geometry": { "type": "Point", "coordinates": [ 32.225862, -26.887618 ] } },
{ "type": "Feature", "properties": { "decimalLatitude": -18.039131, "decimalLongitude": 35.205332, "eventDate": "2022-03-07T00:00:00Z" }, "geometry": { "type": "Point", "coordinates": [ 35.205332, -18.039131 ] } },
{ "type": "Feature", "properties": { "decimalLatitude": -19.733594, "decimalLongitude": 33.337716, "eventDate": "2022-03-01T00:00:00Z" }, "geometry": { "type": "Point", "coordinates": [ 33.337716, -19.733594 ] } },
{ "type": "Feature", "properties": { "decimalLatitude": -19.747604, "decimalLongitude": 33.315323, "eventDate": "2022-03-01T00:00:00Z" }, "geometry": { "type": "Point", "coordinates": [ 33.315323, -19.747604 ] } },
{ "type": "Feature", "properties": { "decimalLatitude": -29.203465, "decimalLongitude": 31.422065, "eventDate": "2022-03-21T08:02:00Z" }, "geometry": { "type": "Point", "coordinates": [ 31.422065, -29.203465 ] } },
{ "type": "Feature", "properties": { "decimalLatitude": -25.537631, "decimalLongitude": 31.02988, "eventDate": "2022-03-13T16:00:00Z" }, "geometry": { "type": "Point", "coordinates": [ 31.02988, -25.537631 ] } },
{ "type": "Feature", "properties": { "decimalLatitude": -29.209846, "decimalLongitude": 31.424263, "eventDate": "2022-03-21T00:00:00Z" }, "geometry": { "type": "Point", "coordinates": [ 31.424263, -29.209846 ] } },
{ "type": "Feature", "properties": { "decimalLatitude": -25.508167, "decimalLongitude": 31.020222, "eventDate": "2022-03-18T00:00:00Z" }, "geometry": { "type": "Point", "coordinates": [ 31.020222, -25.508167 ] } },
{ "type": "Feature", "properties": { "decimalLatitude": -29.773599, "decimalLongitude": 30.806993, "eventDate": "2022-04-29T22:06:33Z" }, "geometry": { "type": "Point", "coordinates": [ 30.806993, -29.773599 ] } },
{ "type": "Feature", "properties": { "decimalLatitude": -25.443, "decimalLongitude": 30.972, "eventDate": "2022-04-26T00:00:00Z" }, "geometry": { "type": "Point", "coordinates": [ 30.972, -25.443 ] } },
{ "type": "Feature", "properties": { "decimalLatitude": -24.525231, "decimalLongitude": 30.818417, "eventDate": "2022-04-28T00:00:00Z" }, "geometry": { "type": "Point", "coordinates": [ 30.818417, -24.525231 ] } },
{ "type": "Feature", "properties": { "decimalLatitude": -25.444222, "decimalLongitude": 30.969528, "eventDate": "2022-04-15T00:00:00Z" }, "geometry": { "type": "Point", "coordinates": [ 30.969528, -25.444222 ] } },
{ "type": "Feature", "properties": { "decimalLatitude": -18.296116, "decimalLongitude": 32.968683, "eventDate": "2022-04-06T00:00:00Z" }, "geometry": { "type": "Point", "coordinates": [ 32.968683, -18.296116 ] } },
{ "type": "Feature", "properties": { "decimalLatitude": -18.296116, "decimalLongitude": 32.968683, "eventDate": "2022-04-06T00:00:00Z" }, "geometry": { "type": "Point", "coordinates": [ 32.968683, -18.296116 ] } },
{ "type": "Feature", "properties": { "decimalLatitude": -27.782925, "decimalLongitude": 32.142242, "eventDate": "2022-04-15T00:00:00Z" }, "geometry": { "type": "Point", "coordinates": [ 32.142242, -27.782925 ] } },
{ "type": "Feature", "properties": { "decimalLatitude": -20.250931, "decimalLongitude": 31.001352, "eventDate": "2022-05-26T14:09:00Z" }, "geometry": { "type": "Point", "coordinates": [ 31.001352, -20.250931 ] } },
{ "type": "Feature", "properties": { "decimalLatitude": -20.547412, "decimalLongitude": 28.513674, "eventDate": "2022-05-15T08:18:00Z" }, "geometry": { "type": "Point", "coordinates": [ 28.513674, -20.547412 ] } },
{ "type": "Feature", "properties": { "decimalLatitude": -30.274373, "decimalLongitude": 30.738397, "eventDate": "2022-05-12T10:14:00Z" }, "geometry": { "type": "Point", "coordinates": [ 30.738397, -30.274373 ] } },
{ "type": "Feature", "properties": { "decimalLatitude": -12.302859, "decimalLongitude": 44.453253, "eventDate": "2022-05-11T09:37:00Z" }, "geometry": { "type": "Point", "coordinates": [ 44.453253, -12.302859 ] } },
{ "type": "Feature", "properties": { "decimalLatitude": -12.302866, "decimalLongitude": 44.452338, "eventDate": "2022-05-11T10:02:00Z" }, "geometry": { "type": "Point", "coordinates": [ 44.452338, -12.302866 ] } },
{ "type": "Feature", "properties": { "decimalLatitude": -17.92597, "decimalLongitude": 25.848539, "eventDate": "2022-05-18T11:30:00Z" }, "geometry": { "type": "Point", "coordinates": [ 25.848539, -17.92597 ] } },
{ "type": "Feature", "properties": { "decimalLatitude": -28.952842, "decimalLongitude": 31.762275, "eventDate": "2022-05-21T12:18:24Z" }, "geometry": { "type": "Point", "coordinates": [ 31.762275, -28.952842 ] } },
{ "type": "Feature", "properties": { "decimalLatitude": 0.088615, "decimalLongitude": 32.353764, "eventDate": "2022-05-26T21:05:00Z" }, "geometry": { "type": "Point", "coordinates": [ 32.353764, 0.088615 ] } },
{ "type": "Feature", "properties": { "decimalLatitude": -24.525231, "decimalLongitude": 30.818417, "eventDate": "2022-05-07T00:00:00Z" }, "geometry": { "type": "Point", "coordinates": [ 30.818417, -24.525231 ] } },
{ "type": "Feature", "properties": { "decimalLatitude": -26.260551, "decimalLongitude": 31.875304, "eventDate": "2022-05-27T00:00:00Z" }, "geometry": { "type": "Point", "coordinates": [ 31.875304, -26.260551 ] } },
{ "type": "Feature", "properties": { "decimalLatitude": -26.632115, "decimalLongitude": 31.292496, "eventDate": "2022-05-22T00:00:00Z" }, "geometry": { "type": "Point", "coordinates": [ 31.292496, -26.632115 ] } },
{ "type": "Feature", "properties": { "decimalLatitude": -26.849845, "decimalLongitude": 31.768772, "eventDate": "2022-05-31T00:00:00Z" }, "geometry": { "type": "Point", "coordinates": [ 31.768772, -26.849845 ] } },
{ "type": "Feature", "properties": { "decimalLatitude": -24.525231, "decimalLongitude": 30.818417, "eventDate": "2022-05-02T00:00:00Z" }, "geometry": { "type": "Point", "coordinates": [ 30.818417, -24.525231 ] } },
{ "type": "Feature", "properties": { "decimalLatitude": -26.427623, "decimalLongitude": 31.160508, "eventDate": "2022-05-20T00:00:00Z" }, "geometry": { "type": "Point", "coordinates": [ 31.160508, -26.427623 ] } },
{ "type": "Feature", "properties": { "decimalLatitude": -24.525231, "decimalLongitude": 30.818417, "eventDate": "2022-05-12T00:00:00Z" }, "geometry": { "type": "Point", "coordinates": [ 30.818417, -24.525231 ] } },
{ "type": "Feature", "properties": { "decimalLatitude": -26.632115, "decimalLongitude": 31.292496, "eventDate": "2022-05-21T00:00:00Z" }, "geometry": { "type": "Point", "coordinates": [ 31.292496, -26.632115 ] } },
{ "type": "Feature", "properties": { "decimalLatitude": -26.260551, "decimalLongitude": 31.875304, "eventDate": "2022-05-28T00:00:00Z" }, "geometry": { "type": "Point", "coordinates": [ 31.875304, -26.260551 ] } },
{ "type": "Feature", "properties": { "decimalLatitude": -25.424857, "decimalLongitude": 31.44929, "eventDate": "2022-05-15T00:00:00Z" }, "geometry": { "type": "Point", "coordinates": [ 31.44929, -25.424857 ] } },
{ "type": "Feature", "properties": { "decimalLatitude": -29.907351, "decimalLongitude": 30.944773, "eventDate": "2022-05-07T00:00:00Z" }, "geometry": { "type": "Point", "coordinates": [ 30.944773, -29.907351 ] } },
{ "type": "Feature", "properties": { "decimalLatitude": -25.443377, "decimalLongitude": 30.977005, "eventDate": "2022-05-15T00:00:00Z" }, "geometry": { "type": "Point", "coordinates": [ 30.977005, -25.443377 ] } },
{ "type": "Feature", "properties": { "decimalLatitude": -25.882732, "decimalLongitude": 31.281965, "eventDate": "2022-05-17T00:00:00Z" }, "geometry": { "type": "Point", "coordinates": [ 31.281965, -25.882732 ] } },
{ "type": "Feature", "properties": { "decimalLatitude": -26.18357, "decimalLongitude": 31.862546, "eventDate": "2022-05-28T00:00:00Z" }, "geometry": { "type": "Point", "coordinates": [ 31.862546, -26.18357 ] } },
{ "type": "Feature", "properties": { "decimalLatitude": -25.444222, "decimalLongitude": 30.969528, "eventDate": "2022-05-14T00:00:00Z" }, "geometry": { "type": "Point", "coordinates": [ 30.969528, -25.444222 ] } },
{ "type": "Feature", "properties": { "decimalLatitude": -24.494661, "decimalLongitude": 30.893292, "eventDate": "2022-05-24T00:00:00Z" }, "geometry": { "type": "Point", "coordinates": [ 30.893292, -24.494661 ] } },
{ "type": "Feature", "properties": { "decimalLatitude": -26.427623, "decimalLongitude": 31.160508, "eventDate": "2022-05-24T00:00:00Z" }, "geometry": { "type": "Point", "coordinates": [ 31.160508, -26.427623 ] } },
{ "type": "Feature", "properties": { "decimalLatitude": -29.912649, "decimalLongitude": 30.931835, "eventDate": "2022-06-12T10:00:00Z" }, "geometry": { "type": "Point", "coordinates": [ 30.931835, -29.912649 ] } },
{ "type": "Feature", "properties": { "decimalLatitude": -16.814885, "decimalLongitude": 28.445573, "eventDate": "2022-06-10T14:09:00Z" }, "geometry": { "type": "Point", "coordinates": [ 28.445573, -16.814885 ] } },
{ "type": "Feature", "properties": { "decimalLatitude": -24.427065, "decimalLongitude": 30.69412, "eventDate": "2022-06-18T15:20:00Z" }, "geometry": { "type": "Point", "coordinates": [ 30.69412, -24.427065 ] } },
{ "type": "Feature", "properties": { "decimalLatitude": -24.525231, "decimalLongitude": 30.818417, "eventDate": "2022-06-11T00:00:00Z" }, "geometry": { "type": "Point", "coordinates": [ 30.818417, -24.525231 ] } },
{ "type": "Feature", "properties": { "decimalLatitude": -15.514949, "decimalLongitude": 28.566747, "eventDate": "2022-06-26T00:00:00Z" }, "geometry": { "type": "Point", "coordinates": [ 28.566747, -15.514949 ] } },
{ "type": "Feature", "properties": { "decimalLatitude": -24.525231, "decimalLongitude": 30.818417, "eventDate": "2022-06-01T00:00:00Z" }, "geometry": { "type": "Point", "coordinates": [ 30.818417, -24.525231 ] } },
{ "type": "Feature", "properties": { "decimalLatitude": -23.652005, "decimalLongitude": 30.014364, "eventDate": "2022-06-26T00:00:00Z" }, "geometry": { "type": "Point", "coordinates": [ 30.014364, -23.652005 ] } },
{ "type": "Feature", "properties": { "decimalLatitude": -29.206038, "decimalLongitude": 31.422407, "eventDate": "2022-06-12T00:00:00Z" }, "geometry": { "type": "Point", "coordinates": [ 31.422407, -29.206038 ] } },
{ "type": "Feature", "properties": { "decimalLatitude": -25.33568, "decimalLongitude": 31.781701, "eventDate": "2022-06-15T00:00:00Z" }, "geometry": { "type": "Point", "coordinates": [ 31.781701, -25.33568 ] } },
{ "type": "Feature", "properties": { "decimalLatitude": -24.525231, "decimalLongitude": 30.818417, "eventDate": "2022-06-26T00:00:00Z" }, "geometry": { "type": "Point", "coordinates": [ 30.818417, -24.525231 ] } },
{ "type": "Feature", "properties": { "decimalLatitude": -24.516983, "decimalLongitude": 30.809956, "eventDate": "2022-06-11T00:00:00Z" }, "geometry": { "type": "Point", "coordinates": [ 30.809956, -24.516983 ] } },
{ "type": "Feature", "properties": { "decimalLatitude": -24.525231, "decimalLongitude": 30.818417, "eventDate": "2022-06-06T00:00:00Z" }, "geometry": { "type": "Point", "coordinates": [ 30.818417, -24.525231 ] } },
{ "type": "Feature", "properties": { "decimalLatitude": -24.374175, "decimalLongitude": 30.745605, "eventDate": "2022-06-20T00:00:00Z" }, "geometry": { "type": "Point", "coordinates": [ 30.745605, -24.374175 ] } },
{ "type": "Feature", "properties": { "decimalLatitude": -17.922417, "decimalLongitude": 25.863861, "eventDate": "2022-06-27T00:00:00Z" }, "geometry": { "type": "Point", "coordinates": [ 25.863861, -17.922417 ] } },
{ "type": "Feature", "properties": { "decimalLatitude": -28.089725, "decimalLongitude": 32.043817, "eventDate": "2022-06-01T00:00:00Z" }, "geometry": { "type": "Point", "coordinates": [ 32.043817, -28.089725 ] } },
{ "type": "Feature", "properties": { "decimalLatitude": -28.944496, "decimalLongitude": 31.780239, "eventDate": "2022-06-02T00:00:00Z" }, "geometry": { "type": "Point", "coordinates": [ 31.780239, -28.944496 ] } },
{ "type": "Feature", "properties": { "decimalLatitude": -26.156439, "decimalLongitude": 31.98236, "eventDate": "2022-07-03T12:11:00Z" }, "geometry": { "type": "Point", "coordinates": [ 31.98236, -26.156439 ] } },
{ "type": "Feature", "properties": { "decimalLatitude": -16.081405, "decimalLongitude": 35.080216, "eventDate": "2022-07-12T09:07:00Z" }, "geometry": { "type": "Point", "coordinates": [ 35.080216, -16.081405 ] } },
{ "type": "Feature", "properties": { "decimalLatitude": -24.304641, "decimalLongitude": 31.807628, "eventDate": "2022-07-05T13:33:17Z" }, "geometry": { "type": "Point", "coordinates": [ 31.807628, -24.304641 ] } },
{ "type": "Feature", "properties": { "decimalLatitude": -24.526177, "decimalLongitude": 30.790963, "eventDate": "2022-07-21T13:13:00Z" }, "geometry": { "type": "Point", "coordinates": [ 30.790963, -24.526177 ] } },
{ "type": "Feature", "properties": { "decimalLatitude": -27.974533, "decimalLongitude": 32.360916, "eventDate": "2022-07-21T11:30:18Z" }, "geometry": { "type": "Point", "coordinates": [ 32.360916, -27.974533 ] } },
{ "type": "Feature", "properties": { "decimalLatitude": -27.972944, "decimalLongitude": 32.362515, "eventDate": "2022-07-21T10:59:52Z" }, "geometry": { "type": "Point", "coordinates": [ 32.362515, -27.972944 ] } },
{ "type": "Feature", "properties": { "decimalLatitude": -5.997105, "decimalLongitude": 38.754737, "eventDate": "2022-07-14T12:14:00Z" }, "geometry": { "type": "Point", "coordinates": [ 38.754737, -5.997105 ] } },
{ "type": "Feature", "properties": { "decimalLatitude": -25.443, "decimalLongitude": 30.972, "eventDate": "2022-07-12T00:00:00Z" }, "geometry": { "type": "Point", "coordinates": [ 30.972, -25.443 ] } },
{ "type": "Feature", "properties": { "decimalLatitude": -24.525231, "decimalLongitude": 30.818417, "eventDate": "2022-07-21T00:00:00Z" }, "geometry": { "type": "Point", "coordinates": [ 30.818417, -24.525231 ] } },
{ "type": "Feature", "properties": { "decimalLatitude": -24.516827, "decimalLongitude": 30.809956, "eventDate": "2022-07-11T00:00:00Z" }, "geometry": { "type": "Point", "coordinates": [ 30.809956, -24.516827 ] } },
{ "type": "Feature", "properties": { "decimalLatitude": -27.503835, "decimalLongitude": 32.660979, "eventDate": "2022-07-03T00:00:00Z" }, "geometry": { "type": "Point", "coordinates": [ 32.660979, -27.503835 ] } },
{ "type": "Feature", "properties": { "decimalLatitude": -27.503835, "decimalLongitude": 32.660979, "eventDate": "2022-07-03T00:00:00Z" }, "geometry": { "type": "Point", "coordinates": [ 32.660979, -27.503835 ] } },
{ "type": "Feature", "properties": { "decimalLatitude": -24.525231, "decimalLongitude": 30.818417, "eventDate": "2022-07-26T00:00:00Z" }, "geometry": { "type": "Point", "coordinates": [ 30.818417, -24.525231 ] } },
{ "type": "Feature", "properties": { "decimalLatitude": -27.506261, "decimalLongitude": 32.660641, "eventDate": "2022-07-04T00:00:00Z" }, "geometry": { "type": "Point", "coordinates": [ 32.660641, -27.506261 ] } },
{ "type": "Feature", "properties": { "decimalLatitude": -27.503835, "decimalLongitude": 32.660979, "eventDate": "2022-07-03T00:00:00Z" }, "geometry": { "type": "Point", "coordinates": [ 32.660979, -27.503835 ] } },
{ "type": "Feature", "properties": { "decimalLatitude": -24.525231, "decimalLongitude": 30.818417, "eventDate": "2022-07-01T00:00:00Z" }, "geometry": { "type": "Point", "coordinates": [ 30.818417, -24.525231 ] } },
{ "type": "Feature", "properties": { "decimalLatitude": -24.516983, "decimalLongitude": 30.809956, "eventDate": "2022-07-30T00:00:00Z" }, "geometry": { "type": "Point", "coordinates": [ 30.809956, -24.516983 ] } },
{ "type": "Feature", "properties": { "decimalLatitude": -24.525231, "decimalLongitude": 30.818417, "eventDate": "2022-07-06T00:00:00Z" }, "geometry": { "type": "Point", "coordinates": [ 30.818417, -24.525231 ] } },
{ "type": "Feature", "properties": { "decimalLatitude": -24.525231, "decimalLongitude": 30.818417, "eventDate": "2022-07-26T00:00:00Z" }, "geometry": { "type": "Point", "coordinates": [ 30.818417, -24.525231 ] } },
{ "type": "Feature", "properties": { "decimalLatitude": -24.525231, "decimalLongitude": 30.818417, "eventDate": "2022-07-21T00:00:00Z" }, "geometry": { "type": "Point", "coordinates": [ 30.818417, -24.525231 ] } },
{ "type": "Feature", "properties": { "decimalLatitude": -24.525231, "decimalLongitude": 30.818417, "eventDate": "2022-07-31T00:00:00Z" }, "geometry": { "type": "Point", "coordinates": [ 30.818417, -24.525231 ] } },
{ "type": "Feature", "properties": { "decimalLatitude": -25.428082, "decimalLongitude": 31.444244, "eventDate": "2022-07-08T00:00:00Z" }, "geometry": { "type": "Point", "coordinates": [ 31.444244, -25.428082 ] } },
{ "type": "Feature", "properties": { "decimalLatitude": -26.958356, "decimalLongitude": 32.825362, "eventDate": "2022-07-14T00:00:00Z" }, "geometry": { "type": "Point", "coordinates": [ 32.825362, -26.958356 ] } },
{ "type": "Feature", "properties": { "decimalLatitude": -24.516983, "decimalLongitude": 30.809956, "eventDate": "2022-07-30T00:00:00Z" }, "geometry": { "type": "Point", "coordinates": [ 30.809956, -24.516983 ] } },
{ "type": "Feature", "properties": { "decimalLatitude": -24.525231, "decimalLongitude": 30.818417, "eventDate": "2022-07-31T00:00:00Z" }, "geometry": { "type": "Point", "coordinates": [ 30.818417, -24.525231 ] } },
{ "type": "Feature", "properties": { "decimalLatitude": -26.957655, "decimalLongitude": 32.825273, "eventDate": "2022-07-09T00:00:00Z" }, "geometry": { "type": "Point", "coordinates": [ 32.825273, -26.957655 ] } },
{ "type": "Feature", "properties": { "decimalLatitude": -28.384998, "decimalLongitude": 32.409171, "eventDate": "2022-07-23T00:00:00Z" }, "geometry": { "type": "Point", "coordinates": [ 32.409171, -28.384998 ] } },
{ "type": "Feature", "properties": { "decimalLatitude": -25.476636, "decimalLongitude": 31.511557, "eventDate": "2022-07-08T00:00:00Z" }, "geometry": { "type": "Point", "coordinates": [ 31.511557, -25.476636 ] } },
{ "type": "Feature", "properties": { "decimalLatitude": -26.957655, "decimalLongitude": 32.825273, "eventDate": "2022-07-12T00:00:00Z" }, "geometry": { "type": "Point", "coordinates": [ 32.825273, -26.957655 ] } },
{ "type": "Feature", "properties": { "decimalLatitude": -25.444222, "decimalLongitude": 30.969528, "eventDate": "2022-07-30T00:00:00Z" }, "geometry": { "type": "Point", "coordinates": [ 30.969528, -25.444222 ] } },
{ "type": "Feature", "properties": { "decimalLatitude": -25.922266, "decimalLongitude": 32.512285, "eventDate": "2022-08-29T15:20:51Z" }, "geometry": { "type": "Point", "coordinates": [ 32.512285, -25.922266 ] } },
{ "type": "Feature", "properties": { "decimalLatitude": -13.10179, "decimalLongitude": 31.794316, "eventDate": "2022-08-10T01:57:00Z" }, "geometry": { "type": "Point", "coordinates": [ 31.794316, -13.10179 ] } },
{ "type": "Feature", "properties": { "decimalLatitude": -25.443, "decimalLongitude": 30.972, "eventDate": "2022-08-16T00:00:00Z" }, "geometry": { "type": "Point", "coordinates": [ 30.972, -25.443 ] } },
{ "type": "Feature", "properties": { "decimalLatitude": -6.449887, "decimalLongitude": 39.44309, "eventDate": "2022-08-25T16:34:00Z" }, "geometry": { "type": "Point", "coordinates": [ 39.44309, -6.449887 ] } },
{ "type": "Feature", "properties": { "decimalLatitude": -24.525231, "decimalLongitude": 30.818417, "eventDate": "2022-08-25T00:00:00Z" }, "geometry": { "type": "Point", "coordinates": [ 30.818417, -24.525231 ] } },
{ "type": "Feature", "properties": { "decimalLatitude": -24.516983, "decimalLongitude": 30.809956, "eventDate": "2022-08-24T00:00:00Z" }, "geometry": { "type": "Point", "coordinates": [ 30.809956, -24.516983 ] } },
{ "type": "Feature", "properties": { "decimalLatitude": -24.516983, "decimalLongitude": 30.809956, "eventDate": "2022-08-24T00:00:00Z" }, "geometry": { "type": "Point", "coordinates": [ 30.809956, -24.516983 ] } },
{ "type": "Feature", "properties": { "decimalLatitude": -24.520612, "decimalLongitude": 30.814373, "eventDate": "2022-08-19T00:00:00Z" }, "geometry": { "type": "Point", "coordinates": [ 30.814373, -24.520612 ] } },
{ "type": "Feature", "properties": { "decimalLatitude": -24.525231, "decimalLongitude": 30.818417, "eventDate": "2022-08-25T00:00:00Z" }, "geometry": { "type": "Point", "coordinates": [ 30.818417, -24.525231 ] } },
{ "type": "Feature", "properties": { "decimalLatitude": -24.516983, "decimalLongitude": 30.809956, "eventDate": "2022-08-22T00:00:00Z" }, "geometry": { "type": "Point", "coordinates": [ 30.809956, -24.516983 ] } },
{ "type": "Feature", "properties": { "decimalLatitude": -24.525231, "decimalLongitude": 30.818417, "eventDate": "2022-08-25T00:00:00Z" }, "geometry": { "type": "Point", "coordinates": [ 30.818417, -24.525231 ] } },
{ "type": "Feature", "properties": { "decimalLatitude": -25.444222, "decimalLongitude": 30.969528, "eventDate": "2022-08-14T00:00:00Z" }, "geometry": { "type": "Point", "coordinates": [ 30.969528, -25.444222 ] } },
{ "type": "Feature", "properties": { "decimalLatitude": -28.952897, "decimalLongitude": 31.768093, "eventDate": "2022-08-07T00:00:00Z" }, "geometry": { "type": "Point", "coordinates": [ 31.768093, -28.952897 ] } },
{ "type": "Feature", "properties": { "decimalLatitude": -24.525231, "decimalLongitude": 30.818417, "eventDate": "2022-08-25T00:00:00Z" }, "geometry": { "type": "Point", "coordinates": [ 30.818417, -24.525231 ] } },
{ "type": "Feature", "properties": { "decimalLatitude": -15.775067, "decimalLongitude": 29.484551, "eventDate": "2022-09-04T15:21:00Z" }, "geometry": { "type": "Point", "coordinates": [ 29.484551, -15.775067 ] } },
{ "type": "Feature", "properties": { "decimalLatitude": -23.988385, "decimalLongitude": 31.55474, "eventDate": "2022-09-14T09:19:00Z" }, "geometry": { "type": "Point", "coordinates": [ 31.55474, -23.988385 ] } },
{ "type": "Feature", "properties": { "decimalLatitude": -27.505662, "decimalLongitude": 32.660762, "eventDate": "2022-09-23T15:58:00Z" }, "geometry": { "type": "Point", "coordinates": [ 32.660762, -27.505662 ] } },
{ "type": "Feature", "properties": { "decimalLatitude": -25.166667, "decimalLongitude": 31.266667, "eventDate": "2022-09-14T00:00:00Z" }, "geometry": { "type": "Point", "coordinates": [ 31.266667, -25.166667 ] } },
{ "type": "Feature", "properties": { "decimalLatitude": -26.156439, "decimalLongitude": 31.98236, "eventDate": "2022-09-07T09:58:00Z" }, "geometry": { "type": "Point", "coordinates": [ 31.98236, -26.156439 ] } },
{ "type": "Feature", "properties": { "decimalLatitude": -25.444222, "decimalLongitude": 30.969528, "eventDate": "2022-09-04T00:00:00Z" }, "geometry": { "type": "Point", "coordinates": [ 30.969528, -25.444222 ] } },
{ "type": "Feature", "properties": { "decimalLatitude": -25.444222, "decimalLongitude": 30.969528, "eventDate": "2022-09-03T00:00:00Z" }, "geometry": { "type": "Point", "coordinates": [ 30.969528, -25.444222 ] } },
{ "type": "Feature", "properties": { "decimalLatitude": -25.381108, "decimalLongitude": 31.710592, "eventDate": "2022-10-31T08:38:12Z" }, "geometry": { "type": "Point", "coordinates": [ 31.710592, -25.381108 ] } },
{ "type": "Feature", "properties": { "decimalLatitude": -17.924311, "decimalLongitude": 25.848478, "eventDate": "2022-11-12T09:27:00Z" }, "geometry": { "type": "Point", "coordinates": [ 25.848478, -17.924311 ] } },
{ "type": "Feature", "properties": { "decimalLatitude": -18.2936, "decimalLongitude": 32.965205, "eventDate": "2022-11-30T10:34:00Z" }, "geometry": { "type": "Point", "coordinates": [ 32.965205, -18.2936 ] } },
{ "type": "Feature", "properties": { "decimalLatitude": -24.090133, "decimalLongitude": 30.180154, "eventDate": "2022-11-06T09:34:00Z" }, "geometry": { "type": "Point", "coordinates": [ 30.180154, -24.090133 ] } },
{ "type": "Feature", "properties": { "decimalLatitude": -18.289383, "decimalLongitude": 32.965441, "eventDate": "2022-11-30T09:48:00Z" }, "geometry": { "type": "Point", "coordinates": [ 32.965441, -18.289383 ] } },
{ "type": "Feature", "properties": { "decimalLatitude": -13.09459, "decimalLongitude": 18.87133, "eventDate": "2022-11-05T00:00:00Z" }, "geometry": { "type": "Point", "coordinates": [ 18.87133, -13.09459 ] } },
{ "type": "Feature", "properties": { "decimalLatitude": -3.27329, "decimalLongitude": 39.947034, "eventDate": "2022-11-15T00:00:00Z" }, "geometry": { "type": "Point", "coordinates": [ 39.947034, -3.27329 ] } },
{ "type": "Feature", "properties": { "decimalLatitude": -23.040956, "decimalLongitude": 31.380579, "eventDate": "2022-12-05T11:54:00Z" }, "geometry": { "type": "Point", "coordinates": [ 31.380579, -23.040956 ] } },
{ "type": "Feature", "properties": { "decimalLatitude": -26.156439, "decimalLongitude": 31.98236, "eventDate": "2022-12-17T08:27:00Z" }, "geometry": { "type": "Point", "coordinates": [ 31.98236, -26.156439 ] } },
{ "type": "Feature", "properties": { "decimalLatitude": -28.96098, "decimalLongitude": 31.754903, "eventDate": "2022-12-27T15:41:29Z" }, "geometry": { "type": "Point", "coordinates": [ 31.754903, -28.96098 ] } },
{ "type": "Feature", "properties": { "decimalLatitude": 12.588463, "decimalLongitude": 54.355347, "eventDate": "2023-01-22T09:14:26Z" }, "geometry": { "type": "Point", "coordinates": [ 54.355347, 12.588463 ] } },
{ "type": "Feature", "properties": { "decimalLatitude": -24.526964, "decimalLongitude": 30.789801, "eventDate": "2023-01-21T11:09:00Z" }, "geometry": { "type": "Point", "coordinates": [ 30.789801, -24.526964 ] } },
{ "type": "Feature", "properties": { "decimalLatitude": -24.156641, "decimalLongitude": 30.941234, "eventDate": "2023-01-22T00:00:00Z" }, "geometry": { "type": "Point", "coordinates": [ 30.941234, -24.156641 ] } },
{ "type": "Feature", "properties": { "decimalLatitude": -20.639587, "decimalLongitude": 32.023894, "eventDate": "2023-02-12T17:06:00Z" }, "geometry": { "type": "Point", "coordinates": [ 32.023894, -20.639587 ] } },
{ "type": "Feature", "properties": { "decimalLatitude": -24.985147, "decimalLongitude": 31.469494, "eventDate": "2023-02-14T17:47:00Z" }, "geometry": { "type": "Point", "coordinates": [ 31.469494, -24.985147 ] } },
{ "type": "Feature", "properties": { "decimalLatitude": 12.58837, "decimalLongitude": 54.355277, "eventDate": "2023-02-05T10:13:00Z" }, "geometry": { "type": "Point", "coordinates": [ 54.355277, 12.58837 ] } },
{ "type": "Feature", "properties": { "decimalLatitude": -19.733464, "decimalLongitude": 33.337854, "eventDate": "2023-03-21T00:00:00Z" }, "geometry": { "type": "Point", "coordinates": [ 33.337854, -19.733464 ] } },
{ "type": "Feature", "properties": { "decimalLatitude": -22.691298, "decimalLongitude": 31.016671, "eventDate": "2023-03-20T16:52:00Z" }, "geometry": { "type": "Point", "coordinates": [ 31.016671, -22.691298 ] } },
{ "type": "Feature", "properties": { "decimalLatitude": -25.371727, "decimalLongitude": 31.767928, "eventDate": "2023-03-11T00:00:00Z" }, "geometry": { "type": "Point", "coordinates": [ 31.767928, -25.371727 ] } },
{ "type": "Feature", "properties": { "decimalLatitude": -22.220463, "decimalLongitude": 29.347229, "eventDate": "2023-03-21T00:00:00Z" }, "geometry": { "type": "Point", "coordinates": [ 29.347229, -22.220463 ] } },
{ "type": "Feature", "properties": { "decimalLatitude": -25.492535, "decimalLongitude": 31.011509, "eventDate": "2023-04-02T10:11:00Z" }, "geometry": { "type": "Point", "coordinates": [ 31.011509, -25.492535 ] } },
{ "type": "Feature", "properties": { "decimalLatitude": -26.156439, "decimalLongitude": 31.98236, "eventDate": "2023-04-15T16:47:00Z" }, "geometry": { "type": "Point", "coordinates": [ 31.98236, -26.156439 ] } },
{ "type": "Feature", "properties": { "decimalLatitude": -28.960016, "decimalLongitude": 31.756348, "eventDate": "2023-04-28T12:15:00Z" }, "geometry": { "type": "Point", "coordinates": [ 31.756348, -28.960016 ] } },
{ "type": "Feature", "properties": { "decimalLatitude": -25.443135, "decimalLongitude": 30.972362, "eventDate": "2023-04-25T12:21:00Z" }, "geometry": { "type": "Point", "coordinates": [ 30.972362, -25.443135 ] } },
{ "type": "Feature", "properties": { "decimalLatitude": -17.923333, "decimalLongitude": 25.851667, "eventDate": "2023-04-07T15:42:00Z" }, "geometry": { "type": "Point", "coordinates": [ 25.851667, -17.923333 ] } },
{ "type": "Feature", "properties": { "decimalLatitude": -20.20833, "decimalLongitude": 28.577407, "eventDate": "2023-04-18T12:30:00Z" }, "geometry": { "type": "Point", "coordinates": [ 28.577407, -20.20833 ] } },
{ "type": "Feature", "properties": { "decimalLatitude": -26.174927, "decimalLongitude": 31.632278, "eventDate": "2023-04-01T00:00:00Z" }, "geometry": { "type": "Point", "coordinates": [ 31.632278, -26.174927 ] } },
{ "type": "Feature", "properties": { "decimalLatitude": -21.245411, "decimalLongitude": 32.343284, "eventDate": "2023-04-22T00:00:00Z" }, "geometry": { "type": "Point", "coordinates": [ 32.343284, -21.245411 ] } },
{ "type": "Feature", "properties": { "decimalLatitude": -20.432966, "decimalLongitude": 32.694753, "eventDate": "2023-04-18T00:00:00Z" }, "geometry": { "type": "Point", "coordinates": [ 32.694753, -20.432966 ] } },
{ "type": "Feature", "properties": { "decimalLatitude": -26.174927, "decimalLongitude": 31.632278, "eventDate": "2023-04-01T00:00:00Z" }, "geometry": { "type": "Point", "coordinates": [ 31.632278, -26.174927 ] } },
{ "type": "Feature", "properties": { "decimalLatitude": -18.294178, "decimalLongitude": 32.968715, "eventDate": "2023-04-15T00:00:00Z" }, "geometry": { "type": "Point", "coordinates": [ 32.968715, -18.294178 ] } },
{ "type": "Feature", "properties": { "decimalLatitude": -26.174441, "decimalLongitude": 31.632426, "eventDate": "2023-04-01T00:00:00Z" }, "geometry": { "type": "Point", "coordinates": [ 31.632426, -26.174441 ] } },
{ "type": "Feature", "properties": { "decimalLatitude": -24.525231, "decimalLongitude": 30.818417, "eventDate": "2023-04-30T00:00:00Z" }, "geometry": { "type": "Point", "coordinates": [ 30.818417, -24.525231 ] } },
{ "type": "Feature", "properties": { "decimalLatitude": -24.405584, "decimalLongitude": 30.813608, "eventDate": "2023-05-20T12:45:00Z" }, "geometry": { "type": "Point", "coordinates": [ 30.813608, -24.405584 ] } },
{ "type": "Feature", "properties": { "decimalLatitude": -24.523917, "decimalLongitude": 30.817278, "eventDate": "2023-05-31T11:47:00Z" }, "geometry": { "type": "Point", "coordinates": [ 30.817278, -24.523917 ] } },
{ "type": "Feature", "properties": { "decimalLatitude": -20.639587, "decimalLongitude": 32.023894, "eventDate": "2023-05-26T17:46:00Z" }, "geometry": { "type": "Point", "coordinates": [ 32.023894, -20.639587 ] } },
{ "type": "Feature", "properties": { "decimalLatitude": -25.447088, "decimalLongitude": 30.967733, "eventDate": "2023-05-21T13:18:00Z" }, "geometry": { "type": "Point", "coordinates": [ 30.967733, -25.447088 ] } },
{ "type": "Feature", "properties": { "decimalLatitude": -24.54332, "decimalLongitude": 30.797333, "eventDate": "2023-05-14T12:28:00Z" }, "geometry": { "type": "Point", "coordinates": [ 30.797333, -24.54332 ] } },
{ "type": "Feature", "properties": { "decimalLatitude": -25.44411, "decimalLongitude": 30.968325, "eventDate": "2023-05-28T14:33:00Z" }, "geometry": { "type": "Point", "coordinates": [ 30.968325, -25.44411 ] } },
{ "type": "Feature", "properties": { "decimalLatitude": -25.447538, "decimalLongitude": 30.967233, "eventDate": "2023-05-21T13:06:00Z" }, "geometry": { "type": "Point", "coordinates": [ 30.967233, -25.447538 ] } },
{ "type": "Feature", "properties": { "decimalLatitude": -25.447772, "decimalLongitude": 30.967838, "eventDate": "2023-05-21T12:24:00Z" }, "geometry": { "type": "Point", "coordinates": [ 30.967838, -25.447772 ] } },
{ "type": "Feature", "properties": { "decimalLatitude": -25.44757, "decimalLongitude": 30.967197, "eventDate": "2023-05-21T13:03:00Z" }, "geometry": { "type": "Point", "coordinates": [ 30.967197, -25.44757 ] } },
{ "type": "Feature", "properties": { "decimalLatitude": -28.790836, "decimalLongitude": 32.100172, "eventDate": "2023-05-01T15:20:00Z" }, "geometry": { "type": "Point", "coordinates": [ 32.100172, -28.790836 ] } },
{ "type": "Feature", "properties": { "decimalLatitude": -25.44372, "decimalLongitude": 30.967868, "eventDate": "2023-05-28T14:05:00Z" }, "geometry": { "type": "Point", "coordinates": [ 30.967868, -25.44372 ] } },
{ "type": "Feature", "properties": { "decimalLatitude": -26.465288, "decimalLongitude": 31.94883, "eventDate": "2023-05-01T10:04:56Z" }, "geometry": { "type": "Point", "coordinates": [ 31.94883, -26.465288 ] } },
{ "type": "Feature", "properties": { "decimalLatitude": -24.525, "decimalLongitude": 30.818, "eventDate": "2023-05-30T00:00:00Z" }, "geometry": { "type": "Point", "coordinates": [ 30.818, -24.525 ] } },
{ "type": "Feature", "properties": { "decimalLatitude": -24.525, "decimalLongitude": 30.818, "eventDate": "2023-05-30T00:00:00Z" }, "geometry": { "type": "Point", "coordinates": [ 30.818, -24.525 ] } },
{ "type": "Feature", "properties": { "decimalLatitude": -22.692519, "decimalLongitude": 31.016688, "eventDate": "2023-05-23T00:00:00Z" }, "geometry": { "type": "Point", "coordinates": [ 31.016688, -22.692519 ] } },
{ "type": "Feature", "properties": { "decimalLatitude": -24.525231, "decimalLongitude": 30.818417, "eventDate": "2023-05-25T00:00:00Z" }, "geometry": { "type": "Point", "coordinates": [ 30.818417, -24.525231 ] } },
{ "type": "Feature", "properties": { "decimalLatitude": -24.525231, "decimalLongitude": 30.818417, "eventDate": "2023-05-25T00:00:00Z" }, "geometry": { "type": "Point", "coordinates": [ 30.818417, -24.525231 ] } },
{ "type": "Feature", "properties": { "decimalLatitude": -15.369953, "decimalLongitude": 28.315762, "eventDate": "2023-05-21T00:00:00Z" }, "geometry": { "type": "Point", "coordinates": [ 28.315762, -15.369953 ] } },
{ "type": "Feature", "properties": { "decimalLatitude": -24.525, "decimalLongitude": 30.818, "eventDate": "2023-05-31T00:00:00Z" }, "geometry": { "type": "Point", "coordinates": [ 30.818, -24.525 ] } },
{ "type": "Feature", "properties": { "decimalLatitude": -24.525231, "decimalLongitude": 30.818417, "eventDate": "2023-05-15T00:00:00Z" }, "geometry": { "type": "Point", "coordinates": [ 30.818417, -24.525231 ] } },
{ "type": "Feature", "properties": { "decimalLatitude": -23.998902, "decimalLongitude": 31.740801, "eventDate": "2023-05-29T00:00:00Z" }, "geometry": { "type": "Point", "coordinates": [ 31.740801, -23.998902 ] } },
{ "type": "Feature", "properties": { "decimalLatitude": -24.525, "decimalLongitude": 30.818, "eventDate": "2023-05-30T00:00:00Z" }, "geometry": { "type": "Point", "coordinates": [ 30.818, -24.525 ] } },
{ "type": "Feature", "properties": { "decimalLatitude": -24.516983, "decimalLongitude": 30.809956, "eventDate": "2023-05-31T00:00:00Z" }, "geometry": { "type": "Point", "coordinates": [ 30.809956, -24.516983 ] } },
{ "type": "Feature", "properties": { "decimalLatitude": -24.516983, "decimalLongitude": 30.809956, "eventDate": "2023-05-31T00:00:00Z" }, "geometry": { "type": "Point", "coordinates": [ 30.809956, -24.516983 ] } },
{ "type": "Feature", "properties": { "decimalLatitude": -24.525231, "decimalLongitude": 30.818417, "eventDate": "2023-05-25T00:00:00Z" }, "geometry": { "type": "Point", "coordinates": [ 30.818417, -24.525231 ] } },
{ "type": "Feature", "properties": { "decimalLatitude": -23.651995, "decimalLongitude": 30.015573, "eventDate": "2023-05-13T00:00:00Z" }, "geometry": { "type": "Point", "coordinates": [ 30.015573, -23.651995 ] } },
{ "type": "Feature", "properties": { "decimalLatitude": -23.556277, "decimalLongitude": 31.443214, "eventDate": "2023-05-25T00:00:00Z" }, "geometry": { "type": "Point", "coordinates": [ 31.443214, -23.556277 ] } },
{ "type": "Feature", "properties": { "decimalLatitude": -24.16226, "decimalLongitude": 30.254459, "eventDate": "2023-05-26T00:00:00Z" }, "geometry": { "type": "Point", "coordinates": [ 30.254459, -24.16226 ] } },
{ "type": "Feature", "properties": { "decimalLatitude": -24.152, "decimalLongitude": 30.305, "eventDate": "2023-05-26T00:00:00Z" }, "geometry": { "type": "Point", "coordinates": [ 30.305, -24.152 ] } },
{ "type": "Feature", "properties": { "decimalLatitude": -24.525231, "decimalLongitude": 30.818417, "eventDate": "2023-05-10T00:00:00Z" }, "geometry": { "type": "Point", "coordinates": [ 30.818417, -24.525231 ] } },
{ "type": "Feature", "properties": { "decimalLatitude": -25.444222, "decimalLongitude": 30.969528, "eventDate": "2023-05-06T00:00:00Z" }, "geometry": { "type": "Point", "coordinates": [ 30.969528, -25.444222 ] } },
{ "type": "Feature", "properties": { "decimalLatitude": -24.516827, "decimalLongitude": 30.809956, "eventDate": "2023-05-31T00:00:00Z" }, "geometry": { "type": "Point", "coordinates": [ 30.809956, -24.516827 ] } },
{ "type": "Feature", "properties": { "decimalLatitude": -24.516983, "decimalLongitude": 30.809956, "eventDate": "2023-05-31T00:00:00Z" }, "geometry": { "type": "Point", "coordinates": [ 30.809956, -24.516983 ] } },
{ "type": "Feature", "properties": { "decimalLatitude": -25.119569, "decimalLongitude": 31.916453, "eventDate": "2023-05-07T00:00:00Z" }, "geometry": { "type": "Point", "coordinates": [ 31.916453, -25.119569 ] } },
{ "type": "Feature", "properties": { "decimalLatitude": -23.854756, "decimalLongitude": 31.575019, "eventDate": "2023-05-29T00:00:00Z" }, "geometry": { "type": "Point", "coordinates": [ 31.575019, -23.854756 ] } },
{ "type": "Feature", "properties": { "decimalLatitude": -24.16209, "decimalLongitude": 30.25421, "eventDate": "2023-05-26T00:00:00Z" }, "geometry": { "type": "Point", "coordinates": [ 30.25421, -24.16209 ] } },
{ "type": "Feature", "properties": { "decimalLatitude": -24.525231, "decimalLongitude": 30.818417, "eventDate": "2023-05-10T00:00:00Z" }, "geometry": { "type": "Point", "coordinates": [ 30.818417, -24.525231 ] } },
{ "type": "Feature", "properties": { "decimalLatitude": -23.556277, "decimalLongitude": 31.443214, "eventDate": "2023-05-27T00:00:00Z" }, "geometry": { "type": "Point", "coordinates": [ 31.443214, -23.556277 ] } },
{ "type": "Feature", "properties": { "decimalLatitude": -24.995013, "decimalLongitude": 31.590648, "eventDate": "2023-06-13T08:11:48Z" }, "geometry": { "type": "Point", "coordinates": [ 31.590648, -24.995013 ] } },
{ "type": "Feature", "properties": { "decimalLatitude": -26.355878, "decimalLongitude": 31.543733, "eventDate": "2023-06-14T08:17:56Z" }, "geometry": { "type": "Point", "coordinates": [ 31.543733, -26.355878 ] } },
{ "type": "Feature", "properties": { "decimalLatitude": -24.51694, "decimalLongitude": 30.810011, "eventDate": "2023-06-17T08:19:00Z" }, "geometry": { "type": "Point", "coordinates": [ 30.810011, -24.51694 ] } },
{ "type": "Feature", "properties": { "decimalLatitude": -2.947428, "decimalLongitude": 39.816924, "eventDate": "2023-06-25T05:54:00Z" }, "geometry": { "type": "Point", "coordinates": [ 39.816924, -2.947428 ] } },
{ "type": "Feature", "properties": { "decimalLatitude": -24.51694, "decimalLongitude": 30.810011, "eventDate": "2023-06-17T07:56:00Z" }, "geometry": { "type": "Point", "coordinates": [ 30.810011, -24.51694 ] } },
{ "type": "Feature", "properties": { "decimalLatitude": -24.157523, "decimalLongitude": 30.941561, "eventDate": "2023-06-01T15:05:00Z" }, "geometry": { "type": "Point", "coordinates": [ 30.941561, -24.157523 ] } },
{ "type": "Feature", "properties": { "decimalLatitude": -24.525603, "decimalLongitude": 30.829845, "eventDate": "2023-06-19T16:55:00Z" }, "geometry": { "type": "Point", "coordinates": [ 30.829845, -24.525603 ] } },
{ "type": "Feature", "properties": { "decimalLatitude": -25.495608, "decimalLongitude": 31.013463, "eventDate": "2023-06-27T13:11:00Z" }, "geometry": { "type": "Point", "coordinates": [ 31.013463, -25.495608 ] } },
{ "type": "Feature", "properties": { "decimalLatitude": -25.496947, "decimalLongitude": 31.013322, "eventDate": "2023-06-27T14:38:00Z" }, "geometry": { "type": "Point", "coordinates": [ 31.013322, -25.496947 ] } },
{ "type": "Feature", "properties": { "decimalLatitude": -24.546463, "decimalLongitude": 30.809088, "eventDate": "2023-06-20T11:14:00Z" }, "geometry": { "type": "Point", "coordinates": [ 30.809088, -24.546463 ] } },
{ "type": "Feature", "properties": { "decimalLatitude": -24.536415, "decimalLongitude": 30.804287, "eventDate": "2023-06-20T10:15:00Z" }, "geometry": { "type": "Point", "coordinates": [ 30.804287, -24.536415 ] } },
{ "type": "Feature", "properties": { "decimalLatitude": -25.444742, "decimalLongitude": 30.968583, "eventDate": "2023-06-01T16:23:00Z" }, "geometry": { "type": "Point", "coordinates": [ 30.968583, -25.444742 ] } },
{ "type": "Feature", "properties": { "decimalLatitude": -24.526, "decimalLongitude": 30.830455, "eventDate": "2023-06-19T17:05:00Z" }, "geometry": { "type": "Point", "coordinates": [ 30.830455, -24.526 ] } },
{ "type": "Feature", "properties": { "decimalLatitude": -24.53682, "decimalLongitude": 30.807035, "eventDate": "2023-06-20T10:24:00Z" }, "geometry": { "type": "Point", "coordinates": [ 30.807035, -24.53682 ] } },
{ "type": "Feature", "properties": { "decimalLatitude": -24.525983, "decimalLongitude": 30.830237, "eventDate": "2023-06-19T17:01:00Z" }, "geometry": { "type": "Point", "coordinates": [ 30.830237, -24.525983 ] } },
{ "type": "Feature", "properties": { "decimalLatitude": -25.497015, "decimalLongitude": 31.01212, "eventDate": "2023-06-27T12:53:00Z" }, "geometry": { "type": "Point", "coordinates": [ 31.01212, -25.497015 ] } },
{ "type": "Feature", "properties": { "decimalLatitude": -24.525958, "decimalLongitude": 30.830217, "eventDate": "2023-06-19T16:59:00Z" }, "geometry": { "type": "Point", "coordinates": [ 30.830217, -24.525958 ] } },
{ "type": "Feature", "properties": { "decimalLatitude": -22.993911, "decimalLongitude": 29.623645, "eventDate": "2023-06-24T10:34:17Z" }, "geometry": { "type": "Point", "coordinates": [ 29.623645, -22.993911 ] } },
{ "type": "Feature", "properties": { "decimalLatitude": -18.631747, "decimalLongitude": 26.993676, "eventDate": "2023-06-23T11:25:00Z" }, "geometry": { "type": "Point", "coordinates": [ 26.993676, -18.631747 ] } },
{ "type": "Feature", "properties": { "decimalLatitude": -28.953263, "decimalLongitude": 31.741599, "eventDate": "2023-06-03T15:14:00Z" }, "geometry": { "type": "Point", "coordinates": [ 31.741599, -28.953263 ] } },
{ "type": "Feature", "properties": { "decimalLatitude": -25.424857, "decimalLongitude": 31.44929, "eventDate": "2023-06-02T00:00:00Z" }, "geometry": { "type": "Point", "coordinates": [ 31.44929, -25.424857 ] } },
{ "type": "Feature", "properties": { "decimalLatitude": -24.525231, "decimalLongitude": 30.818417, "eventDate": "2023-06-30T00:00:00Z" }, "geometry": { "type": "Point", "coordinates": [ 30.818417, -24.525231 ] } },
{ "type": "Feature", "properties": { "decimalLatitude": -24.525, "decimalLongitude": 30.818, "eventDate": "2023-06-19T00:00:00Z" }, "geometry": { "type": "Point", "coordinates": [ 30.818, -24.525 ] } },
{ "type": "Feature", "properties": { "decimalLatitude": -24.525231, "decimalLongitude": 30.818417, "eventDate": "2023-06-30T00:00:00Z" }, "geometry": { "type": "Point", "coordinates": [ 30.818417, -24.525231 ] } },
{ "type": "Feature", "properties": { "decimalLatitude": -24.156641, "decimalLongitude": 30.941234, "eventDate": "2023-06-02T00:00:00Z" }, "geometry": { "type": "Point", "coordinates": [ 30.941234, -24.156641 ] } },
{ "type": "Feature", "properties": { "decimalLatitude": -24.516983, "decimalLongitude": 30.809956, "eventDate": "2023-06-01T00:00:00Z" }, "geometry": { "type": "Point", "coordinates": [ 30.809956, -24.516983 ] } },
{ "type": "Feature", "properties": { "decimalLatitude": -24.513807, "decimalLongitude": 30.806864, "eventDate": "2023-06-17T00:00:00Z" }, "geometry": { "type": "Point", "coordinates": [ 30.806864, -24.513807 ] } },
{ "type": "Feature", "properties": { "decimalLatitude": -24.515925, "decimalLongitude": 30.812005, "eventDate": "2023-06-17T00:00:00Z" }, "geometry": { "type": "Point", "coordinates": [ 30.812005, -24.515925 ] } },
{ "type": "Feature", "properties": { "decimalLatitude": -25.470811, "decimalLongitude": 31.55065, "eventDate": "2023-07-02T10:15:00Z" }, "geometry": { "type": "Point", "coordinates": [ 31.55065, -25.470811 ] } },
{ "type": "Feature", "properties": { "decimalLatitude": -25.443887, "decimalLongitude": 30.971723, "eventDate": "2023-07-07T11:36:00Z" }, "geometry": { "type": "Point", "coordinates": [ 30.971723, -25.443887 ] } },
{ "type": "Feature", "properties": { "decimalLatitude": -22.994071, "decimalLongitude": 29.613968, "eventDate": "2023-07-05T12:54:32Z" }, "geometry": { "type": "Point", "coordinates": [ 29.613968, -22.994071 ] } },
{ "type": "Feature", "properties": { "decimalLatitude": -22.993251, "decimalLongitude": 29.620625, "eventDate": "2023-07-15T16:26:41Z" }, "geometry": { "type": "Point", "coordinates": [ 29.620625, -22.993251 ] } },
{ "type": "Feature", "properties": { "decimalLatitude": -24.516983, "decimalLongitude": 30.809956, "eventDate": "2023-07-26T00:00:00Z" }, "geometry": { "type": "Point", "coordinates": [ 30.809956, -24.516983 ] } },
{ "type": "Feature", "properties": { "decimalLatitude": -14.182259, "decimalLongitude": 25.927663, "eventDate": "2023-07-20T00:00:00Z" }, "geometry": { "type": "Point", "coordinates": [ 25.927663, -14.182259 ] } },
{ "type": "Feature", "properties": { "decimalLatitude": -27.59556, "decimalLongitude": 32.221708, "eventDate": "2023-07-16T00:00:00Z" }, "geometry": { "type": "Point", "coordinates": [ 32.221708, -27.59556 ] } },
{ "type": "Feature", "properties": { "decimalLatitude": -24.525231, "decimalLongitude": 30.818417, "eventDate": "2023-07-30T00:00:00Z" }, "geometry": { "type": "Point", "coordinates": [ 30.818417, -24.525231 ] } },
{ "type": "Feature", "properties": { "decimalLatitude": -24.525231, "decimalLongitude": 30.818417, "eventDate": "2023-07-20T00:00:00Z" }, "geometry": { "type": "Point", "coordinates": [ 30.818417, -24.525231 ] } },
{ "type": "Feature", "properties": { "decimalLatitude": -24.525231, "decimalLongitude": 30.818417, "eventDate": "2023-07-25T00:00:00Z" }, "geometry": { "type": "Point", "coordinates": [ 30.818417, -24.525231 ] } },
{ "type": "Feature", "properties": { "decimalLatitude": -24.525231, "decimalLongitude": 30.818417, "eventDate": "2023-07-15T00:00:00Z" }, "geometry": { "type": "Point", "coordinates": [ 30.818417, -24.525231 ] } },
{ "type": "Feature", "properties": { "decimalLatitude": -24.516983, "decimalLongitude": 30.809956, "eventDate": "2023-07-13T00:00:00Z" }, "geometry": { "type": "Point", "coordinates": [ 30.809956, -24.516983 ] } },
{ "type": "Feature", "properties": { "decimalLatitude": -24.525231, "decimalLongitude": 30.818417, "eventDate": "2023-07-05T00:00:00Z" }, "geometry": { "type": "Point", "coordinates": [ 30.818417, -24.525231 ] } },
{ "type": "Feature", "properties": { "decimalLatitude": -28.69553, "decimalLongitude": 31.995597, "eventDate": "2023-08-07T10:36:00Z" }, "geometry": { "type": "Point", "coordinates": [ 31.995597, -28.69553 ] } },
{ "type": "Feature", "properties": { "decimalLatitude": -28.695455, "decimalLongitude": 31.995651, "eventDate": "2023-08-07T12:01:00Z" }, "geometry": { "type": "Point", "coordinates": [ 31.995651, -28.695455 ] } },
{ "type": "Feature", "properties": { "decimalLatitude": -30.389076, "decimalLongitude": 30.676001, "eventDate": "2023-08-27T12:50:00Z" }, "geometry": { "type": "Point", "coordinates": [ 30.676001, -30.389076 ] } },
{ "type": "Feature", "properties": { "decimalLatitude": -28.695596, "decimalLongitude": 31.995661, "eventDate": "2023-08-07T11:43:00Z" }, "geometry": { "type": "Point", "coordinates": [ 31.995661, -28.695596 ] } },
{ "type": "Feature", "properties": { "decimalLatitude": -22.980024, "decimalLongitude": 29.635002, "eventDate": "2023-08-07T15:34:13Z" }, "geometry": { "type": "Point", "coordinates": [ 29.635002, -22.980024 ] } },
{ "type": "Feature", "properties": { "decimalLatitude": -24.588339, "decimalLongitude": 30.807037, "eventDate": "2023-08-18T00:00:00Z" }, "geometry": { "type": "Point", "coordinates": [ 30.807037, -24.588339 ] } },
{ "type": "Feature", "properties": { "decimalLatitude": -24.525231, "decimalLongitude": 30.818417, "eventDate": "2023-08-14T00:00:00Z" }, "geometry": { "type": "Point", "coordinates": [ 30.818417, -24.525231 ] } },
{ "type": "Feature", "properties": { "decimalLatitude": -25.444222, "decimalLongitude": 30.969528, "eventDate": "2023-08-27T00:00:00Z" }, "geometry": { "type": "Point", "coordinates": [ 30.969528, -25.444222 ] } },
{ "type": "Feature", "properties": { "decimalLatitude": -24.23572, "decimalLongitude": 31.69043, "eventDate": "2023-08-09T00:00:00Z" }, "geometry": { "type": "Point", "coordinates": [ 31.69043, -24.23572 ] } },
{ "type": "Feature", "properties": { "decimalLatitude": -24.23572, "decimalLongitude": 31.69043, "eventDate": "2023-08-09T00:00:00Z" }, "geometry": { "type": "Point", "coordinates": [ 31.69043, -24.23572 ] } },
{ "type": "Feature", "properties": { "decimalLatitude": -1.401768, "decimalLongitude": 35.111343, "eventDate": "2023-08-30T00:00:00Z" }, "geometry": { "type": "Point", "coordinates": [ 35.111343, -1.401768 ] } },
{ "type": "Feature", "properties": { "decimalLatitude": -1.401768, "decimalLongitude": 35.111343, "eventDate": "2023-08-29T00:00:00Z" }, "geometry": { "type": "Point", "coordinates": [ 35.111343, -1.401768 ] } },
{ "type": "Feature", "properties": { "decimalLatitude": -27.9775, "decimalLongitude": 32.351389, "eventDate": "2023-09-17T09:32:00Z" }, "geometry": { "type": "Point", "coordinates": [ 32.351389, -27.9775 ] } },
{ "type": "Feature", "properties": { "decimalLatitude": -29.842, "decimalLongitude": 30.909574, "eventDate": "2023-10-05T18:01:59Z" }, "geometry": { "type": "Point", "coordinates": [ 30.909574, -29.842 ] } },
{ "type": "Feature", "properties": { "decimalLatitude": -28.061766, "decimalLongitude": 32.314074, "eventDate": "2023-10-18T00:00:00Z" }, "geometry": { "type": "Point", "coordinates": [ 32.314074, -28.061766 ] } },
{ "type": "Feature", "properties": { "decimalLatitude": -28.061766, "decimalLongitude": 32.314074, "eventDate": "2023-10-16T00:00:00Z" }, "geometry": { "type": "Point", "coordinates": [ 32.314074, -28.061766 ] } },
{ "type": "Feature", "properties": { "decimalLatitude": -29.559362, "decimalLongitude": 31.191012, "eventDate": "2023-10-28T00:00:00Z" }, "geometry": { "type": "Point", "coordinates": [ 31.191012, -29.559362 ] } },
{ "type": "Feature", "properties": { "decimalLatitude": -22.69211, "decimalLongitude": 31.01678, "eventDate": "2023-11-08T07:29:00Z" }, "geometry": { "type": "Point", "coordinates": [ 31.01678, -22.69211 ] } },
{ "type": "Feature", "properties": { "decimalLatitude": -25.586717, "decimalLongitude": 31.501177, "eventDate": "2023-11-26T10:24:00Z" }, "geometry": { "type": "Point", "coordinates": [ 31.501177, -25.586717 ] } },
{ "type": "Feature", "properties": { "decimalLatitude": -24.582402, "decimalLongitude": 30.814349, "eventDate": "2023-11-21T07:57:00Z" }, "geometry": { "type": "Point", "coordinates": [ 30.814349, -24.582402 ] } },
{ "type": "Feature", "properties": { "decimalLatitude": -25.445114, "decimalLongitude": 30.965961, "eventDate": "2023-11-11T10:00:00Z" }, "geometry": { "type": "Point", "coordinates": [ 30.965961, -25.445114 ] } },
{ "type": "Feature", "properties": { "decimalLatitude": 12.611832, "decimalLongitude": 54.137505, "eventDate": "2023-12-27T10:02:00Z" }, "geometry": { "type": "Point", "coordinates": [ 54.137505, 12.611832 ] } },
{ "type": "Feature", "properties": { "decimalLatitude": -25.444222, "decimalLongitude": 30.969528, "eventDate": "2023-12-15T00:00:00Z" }, "geometry": { "type": "Point", "coordinates": [ 30.969528, -25.444222 ] } }
]
}
