{
"type": "FeatureCollection",
"name": "catacroptera-cloanthe-gbif",
"crs": { "type": "name", "properties": { "name": "urn:ogc:def:crs:OGC:1.3:CRS84" } },
"features": [
{ "type": "Feature", "properties": { "decimalLatitude": 7.326016, "decimalLongitude": 2.708542, "eventDate": "2015-01-08T00:00:00Z", "countryCode": "BJ" }, "geometry": { "type": "Point", "coordinates": [ 2.708542, 7.326016 ] } },
{ "type": "Feature", "properties": { "decimalLatitude": 7.326697, "decimalLongitude": 2.703735, "eventDate": "2015-01-08T00:00:00Z", "countryCode": "BJ" }, "geometry": { "type": "Point", "coordinates": [ 2.703735, 7.326697 ] } },
{ "type": "Feature", "properties": { "decimalLatitude": -33.328279, "decimalLongitude": 26.499152, "eventDate": "2015-01-10T00:00:00Z", "countryCode": "ZA" }, "geometry": { "type": "Point", "coordinates": [ 26.499152, -33.328279 ] } },
{ "type": "Feature", "properties": { "decimalLatitude": -33.328279, "decimalLongitude": 26.499152, "eventDate": "2015-01-10T00:00:00Z", "countryCode": "ZA" }, "geometry": { "type": "Point", "coordinates": [ 26.499152, -33.328279 ] } },
{ "type": "Feature", "properties": { "decimalLatitude": -30.274273, "decimalLongitude": 30.599408, "eventDate": "2015-01-02T00:00:00Z", "countryCode": "ZA" }, "geometry": { "type": "Point", "coordinates": [ 30.599408, -30.274273 ] } },
{ "type": "Feature", "properties": { "decimalLatitude": -29.769462, "decimalLongitude": 30.853601, "eventDate": "2015-01-18T00:00:00Z", "countryCode": "ZA" }, "geometry": { "type": "Point", "coordinates": [ 30.853601, -29.769462 ] } },
{ "type": "Feature", "properties": { "decimalLatitude": -29.320904, "decimalLongitude": 30.828323, "eventDate": "2015-01-30T00:00:00Z", "countryCode": "ZA" }, "geometry": { "type": "Point", "coordinates": [ 30.828323, -29.320904 ] } },
{ "type": "Feature", "properties": { "decimalLatitude": -33.9214, "decimalLongitude": 22.0616, "eventDate": "2015-02-27T00:00:00Z", "countryCode": "ZA" }, "geometry": { "type": "Point", "coordinates": [ 22.0616, -33.9214 ] } },
{ "type": "Feature", "properties": { "decimalLatitude": -29.921446, "decimalLongitude": 30.068206, "eventDate": "2015-02-23T11:38:00Z", "countryCode": "ZA" }, "geometry": { "type": "Point", "coordinates": [ 30.068206, -29.921446 ] } },
{ "type": "Feature", "properties": { "decimalLatitude": -26.078932, "decimalLongitude": 27.826635, "eventDate": "2015-02-03T00:00:00Z", "countryCode": "ZA" }, "geometry": { "type": "Point", "coordinates": [ 27.826635, -26.078932 ] } },
{ "type": "Feature", "properties": { "decimalLatitude": -33.466126, "decimalLongitude": 26.148199, "eventDate": "2015-02-07T00:00:00Z", "countryCode": "ZA" }, "geometry": { "type": "Point", "coordinates": [ 26.148199, -33.466126 ] } },
{ "type": "Feature", "properties": { "decimalLatitude": -26.078932, "decimalLongitude": 27.826635, "eventDate": "2015-02-03T00:00:00Z", "countryCode": "ZA" }, "geometry": { "type": "Point", "coordinates": [ 27.826635, -26.078932 ] } },
{ "type": "Feature", "properties": { "decimalLatitude": -33.92152, "decimalLongitude": 22.055304, "eventDate": "2015-02-27T00:00:00Z", "countryCode": "ZA" }, "geometry": { "type": "Point", "coordinates": [ 22.055304, -33.92152 ] } },
{ "type": "Feature", "properties": { "decimalLatitude": -28.69455, "decimalLongitude": 28.897369, "eventDate": "2015-02-24T00:00:00Z", "countryCode": "ZA" }, "geometry": { "type": "Point", "coordinates": [ 28.897369, -28.69455 ] } },
{ "type": "Feature", "properties": { "decimalLatitude": -28.69455, "decimalLongitude": 28.897369, "eventDate": "2015-02-24T00:00:00Z", "countryCode": "ZA" }, "geometry": { "type": "Point", "coordinates": [ 28.897369, -28.69455 ] } },
{ "type": "Feature", "properties": { "decimalLatitude": -28.698434, "decimalLongitude": 29.486916, "eventDate": "2015-02-08T00:00:00Z", "countryCode": "ZA" }, "geometry": { "type": "Point", "coordinates": [ 29.486916, -28.698434 ] } },
{ "type": "Feature", "properties": { "decimalLatitude": -33.466126, "decimalLongitude": 26.148199, "eventDate": "2015-02-07T00:00:00Z", "countryCode": "ZA" }, "geometry": { "type": "Point", "coordinates": [ 26.148199, -33.466126 ] } },
{ "type": "Feature", "properties": { "decimalLatitude": -25.582737, "decimalLongitude": 31.094745, "eventDate": "2015-03-08T00:00:00Z", "countryCode": "ZA" }, "geometry": { "type": "Point", "coordinates": [ 31.094745, -25.582737 ] } },
{ "type": "Feature", "properties": { "decimalLatitude": -26.19191, "decimalLongitude": 28.290353, "eventDate": "2015-03-30T00:00:00Z", "countryCode": "ZA" }, "geometry": { "type": "Point", "coordinates": [ 28.290353, -26.19191 ] } },
{ "type": "Feature", "properties": { "decimalLatitude": -29.320904, "decimalLongitude": 30.828323, "eventDate": "2015-03-29T00:00:00Z", "countryCode": "ZA" }, "geometry": { "type": "Point", "coordinates": [ 30.828323, -29.320904 ] } },
{ "type": "Feature", "properties": { "decimalLatitude": -13.095833, "decimalLongitude": 31.795833, "eventDate": "2015-03-19T00:00:00Z", "countryCode": "ZM" }, "geometry": { "type": "Point", "coordinates": [ 31.795833, -13.095833 ] } },
{ "type": "Feature", "properties": { "decimalLatitude": -26.695361, "decimalLongitude": 29.100889, "eventDate": "2015-03-14T00:00:00Z", "countryCode": "ZA" }, "geometry": { "type": "Point", "coordinates": [ 29.100889, -26.695361 ] } },
{ "type": "Feature", "properties": { "decimalLatitude": -29.320904, "decimalLongitude": 30.828323, "eventDate": "2015-03-30T00:00:00Z", "countryCode": "ZA" }, "geometry": { "type": "Point", "coordinates": [ 30.828323, -29.320904 ] } },
{ "type": "Feature", "properties": { "decimalLatitude": -26.695361, "decimalLongitude": 29.100889, "eventDate": "2015-03-14T00:00:00Z", "countryCode": "ZA" }, "geometry": { "type": "Point", "coordinates": [ 29.100889, -26.695361 ] } },
{ "type": "Feature", "properties": { "decimalLatitude": -29.320904, "decimalLongitude": 30.828323, "eventDate": "2015-03-30T00:00:00Z", "countryCode": "ZA" }, "geometry": { "type": "Point", "coordinates": [ 30.828323, -29.320904 ] } },
{ "type": "Feature", "properties": { "decimalLatitude": -29.320904, "decimalLongitude": 30.828323, "eventDate": "2015-03-14T00:00:00Z", "countryCode": "ZA" }, "geometry": { "type": "Point", "coordinates": [ 30.828323, -29.320904 ] } },
{ "type": "Feature", "properties": { "decimalLatitude": -29.315064, "decimalLongitude": 30.816235, "eventDate": "2015-03-28T00:00:00Z", "countryCode": "ZA" }, "geometry": { "type": "Point", "coordinates": [ 30.816235, -29.315064 ] } },
{ "type": "Feature", "properties": { "decimalLatitude": -25.582737, "decimalLongitude": 31.094745, "eventDate": "2015-03-08T00:00:00Z", "countryCode": "ZA" }, "geometry": { "type": "Point", "coordinates": [ 31.094745, -25.582737 ] } },
{ "type": "Feature", "properties": { "decimalLatitude": -13.095833, "decimalLongitude": 31.795833, "eventDate": "2015-03-17T00:00:00Z", "countryCode": "ZM" }, "geometry": { "type": "Point", "coordinates": [ 31.795833, -13.095833 ] } },
{ "type": "Feature", "properties": { "decimalLatitude": -29.808, "decimalLongitude": 29.764, "eventDate": "2015-04-22T00:00:00Z", "countryCode": "ZA" }, "geometry": { "type": "Point", "coordinates": [ 29.764, -29.808 ] } },
{ "type": "Feature", "properties": { "decimalLatitude": -15.903886, "decimalLongitude": 34.741776, "eventDate": "2015-04-11T00:00:00Z", "countryCode": "MW" }, "geometry": { "type": "Point", "coordinates": [ 34.741776, -15.903886 ] } },
{ "type": "Feature", "properties": { "decimalLatitude": -28.66547, "decimalLongitude": 29.616238, "eventDate": "2015-04-02T00:00:00Z", "countryCode": "ZA" }, "geometry": { "type": "Point", "coordinates": [ 29.616238, -28.66547 ] } },
{ "type": "Feature", "properties": { "decimalLatitude": -30.242459, "decimalLongitude": 29.597168, "eventDate": "2015-04-02T00:00:00Z", "countryCode": "ZA" }, "geometry": { "type": "Point", "coordinates": [ 29.597168, -30.242459 ] } },
{ "type": "Feature", "properties": { "decimalLatitude": -28.883139, "decimalLongitude": 31.379694, "eventDate": "2015-04-13T00:00:00Z", "countryCode": "ZA" }, "geometry": { "type": "Point", "coordinates": [ 31.379694, -28.883139 ] } },
{ "type": "Feature", "properties": { "decimalLatitude": -29.813611, "decimalLongitude": 29.758611, "eventDate": "2015-04-27T00:00:00Z", "countryCode": "ZA" }, "geometry": { "type": "Point", "coordinates": [ 29.758611, -29.813611 ] } },
{ "type": "Feature", "properties": { "decimalLatitude": -30.490249, "decimalLongitude": 29.403534, "eventDate": "2015-04-30T00:00:00Z", "countryCode": "ZA" }, "geometry": { "type": "Point", "coordinates": [ 29.403534, -30.490249 ] } },
{ "type": "Feature", "properties": { "decimalLatitude": -29.320904, "decimalLongitude": 30.828323, "eventDate": "2015-04-01T00:00:00Z", "countryCode": "ZA" }, "geometry": { "type": "Point", "coordinates": [ 30.828323, -29.320904 ] } },
{ "type": "Feature", "properties": { "decimalLatitude": -29.315064, "decimalLongitude": 30.816235, "eventDate": "2015-04-05T00:00:00Z", "countryCode": "ZA" }, "geometry": { "type": "Point", "coordinates": [ 30.816235, -29.315064 ] } },
{ "type": "Feature", "properties": { "decimalLatitude": -29.320904, "decimalLongitude": 30.828323, "eventDate": "2015-04-13T00:00:00Z", "countryCode": "ZA" }, "geometry": { "type": "Point", "coordinates": [ 30.828323, -29.320904 ] } },
{ "type": "Feature", "properties": { "decimalLatitude": -29.517401, "decimalLongitude": 30.515492, "eventDate": "2015-04-12T00:00:00Z", "countryCode": "ZA" }, "geometry": { "type": "Point", "coordinates": [ 30.515492, -29.517401 ] } },
{ "type": "Feature", "properties": { "decimalLatitude": -29.813611, "decimalLongitude": 29.758611, "eventDate": "2015-04-20T00:00:00Z", "countryCode": "ZA" }, "geometry": { "type": "Point", "coordinates": [ 29.758611, -29.813611 ] } },
{ "type": "Feature", "properties": { "decimalLatitude": -28.652767, "decimalLongitude": 31.739781, "eventDate": "2015-06-21T00:00:00Z", "countryCode": "ZA" }, "geometry": { "type": "Point", "coordinates": [ 31.739781, -28.652767 ] } },
{ "type": "Feature", "properties": { "decimalLatitude": -26.134031, "decimalLongitude": 31.115901, "eventDate": "2015-07-28T00:00:00Z", "countryCode": "SZ" }, "geometry": { "type": "Point", "coordinates": [ 31.115901, -26.134031 ] } },
{ "type": "Feature", "properties": { "decimalLatitude": -26.134031, "decimalLongitude": 31.115901, "eventDate": "2015-07-28T00:00:00Z", "countryCode": "SZ" }, "geometry": { "type": "Point", "coordinates": [ 31.115901, -26.134031 ] } },
{ "type": "Feature", "properties": { "decimalLatitude": -28.490957, "decimalLongitude": 28.711996, "eventDate": "2015-08-03T00:00:00Z", "countryCode": "ZA" }, "geometry": { "type": "Point", "coordinates": [ 28.711996, -28.490957 ] } },
{ "type": "Feature", "properties": { "decimalLatitude": -26.485306, "decimalLongitude": 28.199861, "eventDate": "2015-08-10T00:00:00Z", "countryCode": "ZA" }, "geometry": { "type": "Point", "coordinates": [ 28.199861, -26.485306 ] } },
{ "type": "Feature", "properties": { "decimalLatitude": -29.746364, "decimalLongitude": 29.278393, "eventDate": "2015-09-27T00:00:00Z", "countryCode": "ZA" }, "geometry": { "type": "Point", "coordinates": [ 29.278393, -29.746364 ] } },
{ "type": "Feature", "properties": { "decimalLatitude": -28.463428, "decimalLongitude": 29.001331, "eventDate": "2015-09-24T00:00:00Z", "countryCode": "ZA" }, "geometry": { "type": "Point", "coordinates": [ 29.001331, -28.463428 ] } },
{ "type": "Feature", "properties": { "decimalLatitude": -29.36223, "decimalLongitude": 30.190402, "eventDate": "2015-09-25T00:00:00Z", "countryCode": "ZA" }, "geometry": { "type": "Point", "coordinates": [ 30.190402, -29.36223 ] } },
{ "type": "Feature", "properties": { "decimalLatitude": -29.021013, "decimalLongitude": 29.431558, "eventDate": "2015-09-24T00:00:00Z", "countryCode": "ZA" }, "geometry": { "type": "Point", "coordinates": [ 29.431558, -29.021013 ] } },
{ "type": "Feature", "properties": { "decimalLatitude": -29.606948, "decimalLongitude": 30.132105, "eventDate": "2015-09-24T00:00:00Z", "countryCode": "ZA" }, "geometry": { "type": "Point", "coordinates": [ 30.132105, -29.606948 ] } },
{ "type": "Feature", "properties": { "decimalLatitude": -29.767832, "decimalLongitude": 30.857924, "eventDate": "2015-09-20T00:00:00Z", "countryCode": "ZA" }, "geometry": { "type": "Point", "coordinates": [ 30.857924, -29.767832 ] } },
{ "type": "Feature", "properties": { "decimalLatitude": -28.459528, "decimalLongitude": 29.003692, "eventDate": "2015-09-24T00:00:00Z", "countryCode": "ZA" }, "geometry": { "type": "Point", "coordinates": [ 29.003692, -28.459528 ] } },
{ "type": "Feature", "properties": { "decimalLatitude": -25.0089, "decimalLongitude": 30.8335, "eventDate": "2015-10-20T00:00:00Z", "countryCode": "ZA" }, "geometry": { "type": "Point", "coordinates": [ 30.8335, -25.0089 ] } },
{ "type": "Feature", "properties": { "decimalLatitude": -28.2345, "decimalLongitude": 30.3073, "eventDate": "2015-10-25T00:00:00Z", "countryCode": "ZA" }, "geometry": { "type": "Point", "coordinates": [ 30.3073, -28.2345 ] } },
{ "type": "Feature", "properties": { "decimalLatitude": -29.320904, "decimalLongitude": 30.828323, "eventDate": "2015-10-25T00:00:00Z", "countryCode": "ZA" }, "geometry": { "type": "Point", "coordinates": [ 30.828323, -29.320904 ] } },
{ "type": "Feature", "properties": { "decimalLatitude": -26.541164, "decimalLongitude": 28.227179, "eventDate": "2015-10-29T00:00:00Z", "countryCode": "ZA" }, "geometry": { "type": "Point", "coordinates": [ 28.227179, -26.541164 ] } },
{ "type": "Feature", "properties": { "decimalLatitude": -25.893461, "decimalLongitude": 28.234259, "eventDate": "2015-10-16T00:00:00Z", "countryCode": "ZA" }, "geometry": { "type": "Point", "coordinates": [ 28.234259, -25.893461 ] } },
{ "type": "Feature", "properties": { "decimalLatitude": -29.042762, "decimalLongitude": 30.794817, "eventDate": "2015-11-13T00:00:00Z", "countryCode": "ZA" }, "geometry": { "type": "Point", "coordinates": [ 30.794817, -29.042762 ] } },
{ "type": "Feature", "properties": { "decimalLatitude": 5.258998, "decimalLongitude": 39.695916, "eventDate": "2015-12-13T00:00:00Z", "countryCode": "ET" }, "geometry": { "type": "Point", "coordinates": [ 39.695916, 5.258998 ] } },
{ "type": "Feature", "properties": { "decimalLatitude": -24.164248, "decimalLongitude": 30.203135, "eventDate": "2015-12-18T14:01:00Z", "countryCode": "ZA" }, "geometry": { "type": "Point", "coordinates": [ 30.203135, -24.164248 ] } },
{ "type": "Feature", "properties": { "decimalLatitude": -24.138022, "decimalLongitude": 30.198, "eventDate": "2015-12-18T00:00:00Z", "countryCode": "ZA" }, "geometry": { "type": "Point", "coordinates": [ 30.198, -24.138022 ] } },
{ "type": "Feature", "properties": { "decimalLatitude": -29.320904, "decimalLongitude": 30.828323, "eventDate": "2015-12-23T00:00:00Z", "countryCode": "ZA" }, "geometry": { "type": "Point", "coordinates": [ 30.828323, -29.320904 ] } },
{ "type": "Feature", "properties": { "decimalLatitude": -29.67054, "decimalLongitude": 29.957, "eventDate": "2015-12-17T00:00:00Z", "countryCode": "ZA" }, "geometry": { "type": "Point", "coordinates": [ 29.957, -29.67054 ] } },
{ "type": "Feature", "properties": { "decimalLatitude": -30.281215, "decimalLongitude": 30.595387, "eventDate": "2015-12-23T00:00:00Z", "countryCode": "ZA" }, "geometry": { "type": "Point", "coordinates": [ 30.595387, -30.281215 ] } },
{ "type": "Feature", "properties": { "decimalLatitude": 13.088836, "decimalLongitude": -16.765484, "eventDate": "2016-01-21T00:00:00Z", "countryCode": "GM" }, "geometry": { "type": "Point", "coordinates": [ -16.765484, 13.088836 ] } },
{ "type": "Feature", "properties": { "decimalLatitude": -6.59103, "decimalLongitude": 30.6573, "eventDate": "2016-02-01T00:00:00Z", "countryCode": "TZ" }, "geometry": { "type": "Point", "coordinates": [ 30.6573, -6.59103 ] } },
{ "type": "Feature", "properties": { "decimalLatitude": -6.59103, "decimalLongitude": 30.6573, "eventDate": "2016-02-01T00:00:00Z", "countryCode": "TZ" }, "geometry": { "type": "Point", "coordinates": [ 30.6573, -6.59103 ] } },
{ "type": "Feature", "properties": { "decimalLatitude": -29.769462, "decimalLongitude": 30.853601, "eventDate": "2016-02-07T00:00:00Z", "countryCode": "ZA" }, "geometry": { "type": "Point", "coordinates": [ 30.853601, -29.769462 ] } },
{ "type": "Feature", "properties": { "decimalLatitude": -25.098555, "decimalLongitude": 30.550624, "eventDate": "2016-02-21T00:00:00Z", "countryCode": "ZA" }, "geometry": { "type": "Point", "coordinates": [ 30.550624, -25.098555 ] } },
{ "type": "Feature", "properties": { "decimalLatitude": -25.098555, "decimalLongitude": 30.550624, "eventDate": "2016-02-20T00:00:00Z", "countryCode": "ZA" }, "geometry": { "type": "Point", "coordinates": [ 30.550624, -25.098555 ] } },
{ "type": "Feature", "properties": { "decimalLatitude": -20.062925, "decimalLongitude": 30.818879, "eventDate": "2016-03-05T00:00:00Z", "countryCode": "ZW" }, "geometry": { "type": "Point", "coordinates": [ 30.818879, -20.062925 ] } },
{ "type": "Feature", "properties": { "decimalLatitude": -28.842884, "decimalLongitude": 30.852517, "eventDate": "2016-03-06T00:00:00Z", "countryCode": "ZA" }, "geometry": { "type": "Point", "coordinates": [ 30.852517, -28.842884 ] } },
{ "type": "Feature", "properties": { "decimalLatitude": -25.88622, "decimalLongitude": 31.097018, "eventDate": "2016-04-05T00:00:00Z", "countryCode": "ZA" }, "geometry": { "type": "Point", "coordinates": [ 31.097018, -25.88622 ] } },
{ "type": "Feature", "properties": { "decimalLatitude": -25.905895, "decimalLongitude": 31.091294, "eventDate": "2016-04-05T00:00:00Z", "countryCode": "ZA" }, "geometry": { "type": "Point", "coordinates": [ 31.091294, -25.905895 ] } },
{ "type": "Feature", "properties": { "decimalLatitude": -29.769462, "decimalLongitude": 30.853601, "eventDate": "2016-04-18T00:00:00Z", "countryCode": "ZA" }, "geometry": { "type": "Point", "coordinates": [ 30.853601, -29.769462 ] } },
{ "type": "Feature", "properties": { "decimalLatitude": -29.320904, "decimalLongitude": 30.828323, "eventDate": "2016-04-25T00:00:00Z", "countryCode": "ZA" }, "geometry": { "type": "Point", "coordinates": [ 30.828323, -29.320904 ] } },
{ "type": "Feature", "properties": { "decimalLatitude": -29.320904, "decimalLongitude": 30.828323, "eventDate": "2016-04-27T00:00:00Z", "countryCode": "ZA" }, "geometry": { "type": "Point", "coordinates": [ 30.828323, -29.320904 ] } },
{ "type": "Feature", "properties": { "decimalLatitude": -29.254438, "decimalLongitude": 29.907017, "eventDate": "2016-05-29T00:00:00Z", "countryCode": "ZA" }, "geometry": { "type": "Point", "coordinates": [ 29.907017, -29.254438 ] } },
{ "type": "Feature", "properties": { "decimalLatitude": -30.337135, "decimalLongitude": 30.733615, "eventDate": "2016-05-12T00:00:00Z", "countryCode": "ZA" }, "geometry": { "type": "Point", "coordinates": [ 30.733615, -30.337135 ] } },
{ "type": "Feature", "properties": { "decimalLatitude": 6.663608, "decimalLongitude": 3.669929, "eventDate": "2016-06-11T00:00:00Z", "countryCode": "NG" }, "geometry": { "type": "Point", "coordinates": [ 3.669929, 6.663608 ] } },
{ "type": "Feature", "properties": { "decimalLatitude": 1.5125, "decimalLongitude": 30.3036, "eventDate": "2016-07-09T00:00:00Z", "countryCode": "CD" }, "geometry": { "type": "Point", "coordinates": [ 30.3036, 1.5125 ] } },
{ "type": "Feature", "properties": { "decimalLatitude": -30.036265, "decimalLongitude": 30.892473, "eventDate": "2016-07-01T11:34:00Z", "countryCode": "ZA" }, "geometry": { "type": "Point", "coordinates": [ 30.892473, -30.036265 ] } },
{ "type": "Feature", "properties": { "decimalLatitude": -28.690839, "decimalLongitude": 28.940779, "eventDate": "2016-08-27T00:00:00Z", "countryCode": "ZA" }, "geometry": { "type": "Point", "coordinates": [ 28.940779, -28.690839 ] } },
{ "type": "Feature", "properties": { "decimalLatitude": -25.713639, "decimalLongitude": 28.983028, "eventDate": "2016-09-10T00:00:00Z", "countryCode": "ZA" }, "geometry": { "type": "Point", "coordinates": [ 28.983028, -25.713639 ] } },
{ "type": "Feature", "properties": { "decimalLatitude": -29.771195, "decimalLongitude": 30.83137, "eventDate": "2016-09-12T00:00:00Z", "countryCode": "ZA" }, "geometry": { "type": "Point", "coordinates": [ 30.83137, -29.771195 ] } },
{ "type": "Feature", "properties": { "decimalLatitude": -29.74743, "decimalLongitude": 30.849824, "eventDate": "2016-09-15T00:00:00Z", "countryCode": "ZA" }, "geometry": { "type": "Point", "coordinates": [ 30.849824, -29.74743 ] } },
{ "type": "Feature", "properties": { "decimalLatitude": -33.327663, "decimalLongitude": 26.496756, "eventDate": "2016-10-05T00:00:00Z", "countryCode": "ZA" }, "geometry": { "type": "Point", "coordinates": [ 26.496756, -33.327663 ] } },
{ "type": "Feature", "properties": { "decimalLatitude": -28.702634, "decimalLongitude": 28.920135, "eventDate": "2016-10-23T00:00:00Z", "countryCode": "ZA" }, "geometry": { "type": "Point", "coordinates": [ 28.920135, -28.702634 ] } },
{ "type": "Feature", "properties": { "decimalLatitude": -24.122309, "decimalLongitude": 30.201146, "eventDate": "2016-10-15T00:00:00Z", "countryCode": "ZA" }, "geometry": { "type": "Point", "coordinates": [ 30.201146, -24.122309 ] } },
{ "type": "Feature", "properties": { "decimalLatitude": -33.327663, "decimalLongitude": 26.496756, "eventDate": "2016-10-05T00:00:00Z", "countryCode": "ZA" }, "geometry": { "type": "Point", "coordinates": [ 26.496756, -33.327663 ] } },
{ "type": "Feature", "properties": { "decimalLatitude": -29.769462, "decimalLongitude": 30.853601, "eventDate": "2016-10-15T00:00:00Z", "countryCode": "ZA" }, "geometry": { "type": "Point", "coordinates": [ 30.853601, -29.769462 ] } },
{ "type": "Feature", "properties": { "decimalLatitude": -29.486197, "decimalLongitude": 30.240684, "eventDate": "2016-11-21T00:00:00Z", "countryCode": "ZA" }, "geometry": { "type": "Point", "coordinates": [ 30.240684, -29.486197 ] } },
{ "type": "Feature", "properties": { "decimalLatitude": -33.899367, "decimalLongitude": 25.513505, "eventDate": "2016-11-26T00:00:00Z", "countryCode": "ZA" }, "geometry": { "type": "Point", "coordinates": [ 25.513505, -33.899367 ] } },
{ "type": "Feature", "properties": { "decimalLatitude": -26.361363, "decimalLongitude": 28.511624, "eventDate": "2016-12-16T13:35:00Z", "countryCode": "ZA" }, "geometry": { "type": "Point", "coordinates": [ 28.511624, -26.361363 ] } },
{ "type": "Feature", "properties": { "decimalLatitude": -33.335513, "decimalLongitude": 26.500932, "eventDate": "2016-12-20T00:00:00Z", "countryCode": "ZA" }, "geometry": { "type": "Point", "coordinates": [ 26.500932, -33.335513 ] } },
{ "type": "Feature", "properties": { "decimalLatitude": -33.335513, "decimalLongitude": 26.500932, "eventDate": "2016-12-20T00:00:00Z", "countryCode": "ZA" }, "geometry": { "type": "Point", "coordinates": [ 26.500932, -33.335513 ] } },
{ "type": "Feature", "properties": { "decimalLatitude": -28.689366, "decimalLongitude": 28.944147, "eventDate": "2016-12-28T00:00:00Z", "countryCode": "ZA" }, "geometry": { "type": "Point", "coordinates": [ 28.944147, -28.689366 ] } },
{ "type": "Feature", "properties": { "decimalLatitude": -26.485306, "decimalLongitude": 28.199861, "eventDate": "2016-12-28T00:00:00Z", "countryCode": "ZA" }, "geometry": { "type": "Point", "coordinates": [ 28.199861, -26.485306 ] } },
{ "type": "Feature", "properties": { "decimalLatitude": -26.485306, "decimalLongitude": 28.199861, "eventDate": "2016-12-28T00:00:00Z", "countryCode": "ZA" }, "geometry": { "type": "Point", "coordinates": [ 28.199861, -26.485306 ] } },
{ "type": "Feature", "properties": { "decimalLatitude": -25.406609, "decimalLongitude": 29.933195, "eventDate": "2016-12-21T00:00:00Z", "countryCode": "ZA" }, "geometry": { "type": "Point", "coordinates": [ 29.933195, -25.406609 ] } },
{ "type": "Feature", "properties": { "decimalLatitude": -26.359264, "decimalLongitude": 28.508291, "eventDate": "2016-12-16T00:00:00Z", "countryCode": "ZA" }, "geometry": { "type": "Point", "coordinates": [ 28.508291, -26.359264 ] } },
{ "type": "Feature", "properties": { "decimalLatitude": -29.21394, "decimalLongitude": 31.416254, "eventDate": "2016-12-26T00:00:00Z", "countryCode": "ZA" }, "geometry": { "type": "Point", "coordinates": [ 31.416254, -29.21394 ] } },
{ "type": "Feature", "properties": { "decimalLatitude": 1.4283, "decimalLongitude": 30.0383, "eventDate": "2017-01-22T00:00:00Z", "countryCode": "CD" }, "geometry": { "type": "Point", "coordinates": [ 30.0383, 1.4283 ] } },
{ "type": "Feature", "properties": { "decimalLatitude": 1.4283, "decimalLongitude": 30.0383, "eventDate": "2017-01-22T00:00:00Z", "countryCode": "CD" }, "geometry": { "type": "Point", "coordinates": [ 30.0383, 1.4283 ] } },
{ "type": "Feature", "properties": { "decimalLatitude": 1.4283, "decimalLongitude": 30.0383, "eventDate": "2017-01-22T00:00:00Z", "countryCode": "CD" }, "geometry": { "type": "Point", "coordinates": [ 30.0383, 1.4283 ] } },
{ "type": "Feature", "properties": { "decimalLatitude": -29.769462, "decimalLongitude": 30.853601, "eventDate": "2017-01-15T00:00:00Z", "countryCode": "ZA" }, "geometry": { "type": "Point", "coordinates": [ 30.853601, -29.769462 ] } },
{ "type": "Feature", "properties": { "decimalLatitude": -29.462598, "decimalLongitude": 29.536026, "eventDate": "2017-01-02T00:00:00Z", "countryCode": "ZA" }, "geometry": { "type": "Point", "coordinates": [ 29.536026, -29.462598 ] } },
{ "type": "Feature", "properties": { "decimalLatitude": -29.746066, "decimalLongitude": 29.888134, "eventDate": "2017-01-01T00:00:00Z", "countryCode": "ZA" }, "geometry": { "type": "Point", "coordinates": [ 29.888134, -29.746066 ] } },
{ "type": "Feature", "properties": { "decimalLatitude": -24.117675, "decimalLongitude": 30.150007, "eventDate": "2017-01-01T00:00:00Z", "countryCode": "ZA" }, "geometry": { "type": "Point", "coordinates": [ 30.150007, -24.117675 ] } },
{ "type": "Feature", "properties": { "decimalLatitude": -31.6062, "decimalLongitude": 28.756, "eventDate": "2017-02-22T00:00:00Z", "countryCode": "ZA" }, "geometry": { "type": "Point", "coordinates": [ 28.756, -31.6062 ] } },
{ "type": "Feature", "properties": { "decimalLatitude": -29.320904, "decimalLongitude": 30.828323, "eventDate": "2017-02-11T00:00:00Z", "countryCode": "ZA" }, "geometry": { "type": "Point", "coordinates": [ 30.828323, -29.320904 ] } },
{ "type": "Feature", "properties": { "decimalLatitude": -29.320904, "decimalLongitude": 30.828323, "eventDate": "2017-03-24T00:00:00Z", "countryCode": "ZA" }, "geometry": { "type": "Point", "coordinates": [ 30.828323, -29.320904 ] } },
{ "type": "Feature", "properties": { "decimalLatitude": -9.203674, "decimalLongitude": 13.163242, "eventDate": "2017-03-17T00:00:00Z", "countryCode": "AO" }, "geometry": { "type": "Point", "coordinates": [ 13.163242, -9.203674 ] } },
{ "type": "Feature", "properties": { "decimalLatitude": -28.969743, "decimalLongitude": 30.75644, "eventDate": "2017-04-08T00:00:00Z", "countryCode": "ZA" }, "geometry": { "type": "Point", "coordinates": [ 30.75644, -28.969743 ] } },
{ "type": "Feature", "properties": { "decimalLatitude": -24.145927, "decimalLongitude": 30.199549, "eventDate": "2017-04-27T00:00:00Z", "countryCode": "ZA" }, "geometry": { "type": "Point", "coordinates": [ 30.199549, -24.145927 ] } },
{ "type": "Feature", "properties": { "decimalLatitude": -29.320904, "decimalLongitude": 30.828323, "eventDate": "2017-04-05T00:00:00Z", "countryCode": "ZA" }, "geometry": { "type": "Point", "coordinates": [ 30.828323, -29.320904 ] } },
{ "type": "Feature", "properties": { "decimalLatitude": -27.035735, "decimalLongitude": 30.09545, "eventDate": "2017-04-10T00:00:00Z", "countryCode": "ZA" }, "geometry": { "type": "Point", "coordinates": [ 30.09545, -27.035735 ] } },
{ "type": "Feature", "properties": { "decimalLatitude": -30.326337, "decimalLongitude": 30.732852, "eventDate": "2017-04-21T00:00:00Z", "countryCode": "ZA" }, "geometry": { "type": "Point", "coordinates": [ 30.732852, -30.326337 ] } },
{ "type": "Feature", "properties": { "decimalLatitude": -24.532694, "decimalLongitude": 30.640444, "eventDate": "2017-04-22T00:00:00Z", "countryCode": "ZA" }, "geometry": { "type": "Point", "coordinates": [ 30.640444, -24.532694 ] } },
{ "type": "Feature", "properties": { "decimalLatitude": -29.323235, "decimalLongitude": 30.262474, "eventDate": "2017-05-19T11:50:00Z", "countryCode": "ZA" }, "geometry": { "type": "Point", "coordinates": [ 30.262474, -29.323235 ] } },
{ "type": "Feature", "properties": { "decimalLatitude": -29.769462, "decimalLongitude": 30.853601, "eventDate": "2017-08-26T00:00:00Z", "countryCode": "ZA" }, "geometry": { "type": "Point", "coordinates": [ 30.853601, -29.769462 ] } },
{ "type": "Feature", "properties": { "decimalLatitude": -30.337135, "decimalLongitude": 30.733615, "eventDate": "2017-08-02T00:00:00Z", "countryCode": "ZA" }, "geometry": { "type": "Point", "coordinates": [ 30.733615, -30.337135 ] } },
{ "type": "Feature", "properties": { "decimalLatitude": -29.30216, "decimalLongitude": 29.89234, "eventDate": "2017-08-01T00:00:00Z", "countryCode": "ZA" }, "geometry": { "type": "Point", "coordinates": [ 29.89234, -29.30216 ] } },
{ "type": "Feature", "properties": { "decimalLatitude": -29.7963, "decimalLongitude": 30.8323, "eventDate": "2017-09-02T00:00:00Z", "countryCode": "ZA" }, "geometry": { "type": "Point", "coordinates": [ 30.8323, -29.7963 ] } },
{ "type": "Feature", "properties": { "decimalLatitude": -29.546389, "decimalLongitude": 30.286389, "eventDate": "2017-09-22T00:00:00Z", "countryCode": "ZA" }, "geometry": { "type": "Point", "coordinates": [ 30.286389, -29.546389 ] } },
{ "type": "Feature", "properties": { "decimalLatitude": -29.27483, "decimalLongitude": 30.2828, "eventDate": "2017-09-03T00:00:00Z", "countryCode": "ZA" }, "geometry": { "type": "Point", "coordinates": [ 30.2828, -29.27483 ] } },
{ "type": "Feature", "properties": { "decimalLatitude": -26.087361, "decimalLongitude": 27.842993, "eventDate": "2017-10-03T00:00:00Z", "countryCode": "ZA" }, "geometry": { "type": "Point", "coordinates": [ 27.842993, -26.087361 ] } },
{ "type": "Feature", "properties": { "decimalLatitude": -28.688364, "decimalLongitude": 28.946842, "eventDate": "2017-10-16T00:00:00Z", "countryCode": "ZA" }, "geometry": { "type": "Point", "coordinates": [ 28.946842, -28.688364 ] } },
{ "type": "Feature", "properties": { "decimalLatitude": 13.192546, "decimalLongitude": -16.653915, "eventDate": "2017-11-18T00:00:00Z", "countryCode": "GM" }, "geometry": { "type": "Point", "coordinates": [ -16.653915, 13.192546 ] } },
{ "type": "Feature", "properties": { "decimalLatitude": 13.190359, "decimalLongitude": -16.654371, "eventDate": "2017-11-17T00:00:00Z", "countryCode": "GM" }, "geometry": { "type": "Point", "coordinates": [ -16.654371, 13.190359 ] } },
{ "type": "Feature", "properties": { "decimalLatitude": -29.769462, "decimalLongitude": 30.853601, "eventDate": "2017-11-28T00:00:00Z", "countryCode": "ZA" }, "geometry": { "type": "Point", "coordinates": [ 30.853601, -29.769462 ] } },
{ "type": "Feature", "properties": { "decimalLatitude": -32.139554, "decimalLongitude": 26.98696, "eventDate": "2017-11-18T00:00:00Z", "countryCode": "ZA" }, "geometry": { "type": "Point", "coordinates": [ 26.98696, -32.139554 ] } },
{ "type": "Feature", "properties": { "decimalLatitude": -26.485306, "decimalLongitude": 28.199861, "eventDate": "2017-11-11T00:00:00Z", "countryCode": "ZA" }, "geometry": { "type": "Point", "coordinates": [ 28.199861, -26.485306 ] } },
{ "type": "Feature", "properties": { "decimalLatitude": -26.8175, "decimalLongitude": 27.399444, "eventDate": "2017-11-05T00:00:00Z", "countryCode": "ZA" }, "geometry": { "type": "Point", "coordinates": [ 27.399444, -26.8175 ] } },
{ "type": "Feature", "properties": { "decimalLatitude": -25.979222, "decimalLongitude": 27.781139, "eventDate": "2017-11-18T00:00:00Z", "countryCode": "ZA" }, "geometry": { "type": "Point", "coordinates": [ 27.781139, -25.979222 ] } },
{ "type": "Feature", "properties": { "decimalLatitude": -29.846079, "decimalLongitude": 30.719748, "eventDate": "2017-11-12T00:00:00Z", "countryCode": "ZA" }, "geometry": { "type": "Point", "coordinates": [ 30.719748, -29.846079 ] } },
{ "type": "Feature", "properties": { "decimalLatitude": 13.088505, "decimalLongitude": -16.761367, "eventDate": "2017-12-09T00:00:00Z", "countryCode": "GM" }, "geometry": { "type": "Point", "coordinates": [ -16.761367, 13.088505 ] } },
{ "type": "Feature", "properties": { "decimalLatitude": -32.139554, "decimalLongitude": 26.98696, "eventDate": "2017-12-25T00:00:00Z", "countryCode": "ZA" }, "geometry": { "type": "Point", "coordinates": [ 26.98696, -32.139554 ] } },
{ "type": "Feature", "properties": { "decimalLatitude": -29.748685, "decimalLongitude": 30.851114, "eventDate": "2017-12-03T00:00:00Z", "countryCode": "ZA" }, "geometry": { "type": "Point", "coordinates": [ 30.851114, -29.748685 ] } },
{ "type": "Feature", "properties": { "decimalLatitude": -28.463582, "decimalLongitude": 30.586603, "eventDate": "2017-12-13T00:00:00Z", "countryCode": "ZA" }, "geometry": { "type": "Point", "coordinates": [ 30.586603, -28.463582 ] } },
{ "type": "Feature", "properties": { "decimalLatitude": -28.505656, "decimalLongitude": 28.617057, "eventDate": "2017-12-29T00:00:00Z", "countryCode": "ZA" }, "geometry": { "type": "Point", "coordinates": [ 28.617057, -28.505656 ] } },
{ "type": "Feature", "properties": { "decimalLatitude": -25.881881, "decimalLongitude": 28.268533, "eventDate": "2017-12-14T00:00:00Z", "countryCode": "ZA" }, "geometry": { "type": "Point", "coordinates": [ 28.268533, -25.881881 ] } },
{ "type": "Feature", "properties": { "decimalLatitude": -25.351694, "decimalLongitude": 29.077306, "eventDate": "2017-12-02T00:00:00Z", "countryCode": "ZA" }, "geometry": { "type": "Point", "coordinates": [ 29.077306, -25.351694 ] } },
{ "type": "Feature", "properties": { "decimalLatitude": -29.912802, "decimalLongitude": 30.090292, "eventDate": "2018-01-10T00:00:00Z", "countryCode": "ZA" }, "geometry": { "type": "Point", "coordinates": [ 30.090292, -29.912802 ] } },
{ "type": "Feature", "properties": { "decimalLatitude": -32.145406, "decimalLongitude": 26.981827, "eventDate": "2018-01-24T09:58:00Z", "countryCode": "ZA" }, "geometry": { "type": "Point", "coordinates": [ 26.981827, -32.145406 ] } },
{ "type": "Feature", "properties": { "decimalLatitude": -29.643631, "decimalLongitude": 30.83805, "eventDate": "2018-01-05T00:00:00Z", "countryCode": "ZA" }, "geometry": { "type": "Point", "coordinates": [ 30.83805, -29.643631 ] } },
{ "type": "Feature", "properties": { "decimalLatitude": -29.320904, "decimalLongitude": 30.828323, "eventDate": "2018-01-01T00:00:00Z", "countryCode": "ZA" }, "geometry": { "type": "Point", "coordinates": [ 30.828323, -29.320904 ] } },
{ "type": "Feature", "properties": { "decimalLatitude": -32.139554, "decimalLongitude": 26.98696, "eventDate": "2018-01-24T00:00:00Z", "countryCode": "ZA" }, "geometry": { "type": "Point", "coordinates": [ 26.98696, -32.139554 ] } },
{ "type": "Feature", "properties": { "decimalLatitude": -29.769462, "decimalLongitude": 30.853601, "eventDate": "2018-01-19T00:00:00Z", "countryCode": "ZA" }, "geometry": { "type": "Point", "coordinates": [ 30.853601, -29.769462 ] } },
{ "type": "Feature", "properties": { "decimalLatitude": -28.590775, "decimalLongitude": 29.758848, "eventDate": "2018-01-21T00:00:00Z", "countryCode": "ZA" }, "geometry": { "type": "Point", "coordinates": [ 29.758848, -28.590775 ] } },
{ "type": "Feature", "properties": { "decimalLatitude": -29.765654, "decimalLongitude": 30.86285, "eventDate": "2018-01-21T00:00:00Z", "countryCode": "ZA" }, "geometry": { "type": "Point", "coordinates": [ 30.86285, -29.765654 ] } },
{ "type": "Feature", "properties": { "decimalLatitude": -29.214491, "decimalLongitude": 31.417193, "eventDate": "2018-02-20T11:30:00Z", "countryCode": "ZA" }, "geometry": { "type": "Point", "coordinates": [ 31.417193, -29.214491 ] } },
{ "type": "Feature", "properties": { "decimalLatitude": -33.998841, "decimalLongitude": 23.279981, "eventDate": "2018-02-26T10:49:00Z", "countryCode": "ZA" }, "geometry": { "type": "Point", "coordinates": [ 23.279981, -33.998841 ] } },
{ "type": "Feature", "properties": { "decimalLatitude": -27.34113, "decimalLongitude": 31.991428, "eventDate": "2018-02-17T00:00:00Z", "countryCode": "ZA" }, "geometry": { "type": "Point", "coordinates": [ 31.991428, -27.34113 ] } },
{ "type": "Feature", "properties": { "decimalLatitude": -30.604979, "decimalLongitude": 29.365313, "eventDate": "2018-02-24T00:00:00Z", "countryCode": "ZA" }, "geometry": { "type": "Point", "coordinates": [ 29.365313, -30.604979 ] } },
{ "type": "Feature", "properties": { "decimalLatitude": -29.213908, "decimalLongitude": 31.424332, "eventDate": "2018-02-02T00:00:00Z", "countryCode": "ZA" }, "geometry": { "type": "Point", "coordinates": [ 31.424332, -29.213908 ] } },
{ "type": "Feature", "properties": { "decimalLatitude": -27.32584, "decimalLongitude": 31.98943, "eventDate": "2018-02-17T00:00:00Z", "countryCode": "ZA" }, "geometry": { "type": "Point", "coordinates": [ 31.98943, -27.32584 ] } },
{ "type": "Feature", "properties": { "decimalLatitude": -27.34113, "decimalLongitude": 31.991428, "eventDate": "2018-02-17T00:00:00Z", "countryCode": "ZA" }, "geometry": { "type": "Point", "coordinates": [ 31.991428, -27.34113 ] } },
{ "type": "Feature", "properties": { "decimalLatitude": -27.34113, "decimalLongitude": 31.991428, "eventDate": "2018-02-17T00:00:00Z", "countryCode": "ZA" }, "geometry": { "type": "Point", "coordinates": [ 31.991428, -27.34113 ] } },
{ "type": "Feature", "properties": { "decimalLatitude": -25.413816, "decimalLongitude": 29.940292, "eventDate": "2018-02-06T00:00:00Z", "countryCode": "ZA" }, "geometry": { "type": "Point", "coordinates": [ 29.940292, -25.413816 ] } },
{ "type": "Feature", "properties": { "decimalLatitude": 7.184854, "decimalLongitude": -1.753435, "eventDate": "2018-03-05T00:00:00Z", "countryCode": "GH" }, "geometry": { "type": "Point", "coordinates": [ -1.753435, 7.184854 ] } },
{ "type": "Feature", "properties": { "decimalLatitude": -22.998251, "decimalLongitude": 29.86797, "eventDate": "2018-03-31T00:00:00Z", "countryCode": "ZA" }, "geometry": { "type": "Point", "coordinates": [ 29.86797, -22.998251 ] } },
{ "type": "Feature", "properties": { "decimalLatitude": -29.320904, "decimalLongitude": 30.828323, "eventDate": "2018-03-19T00:00:00Z", "countryCode": "ZA" }, "geometry": { "type": "Point", "coordinates": [ 30.828323, -29.320904 ] } },
{ "type": "Feature", "properties": { "decimalLatitude": -30.278594, "decimalLongitude": 30.737383, "eventDate": "2018-03-25T00:00:00Z", "countryCode": "ZA" }, "geometry": { "type": "Point", "coordinates": [ 30.737383, -30.278594 ] } },
{ "type": "Feature", "properties": { "decimalLatitude": -26.485306, "decimalLongitude": 28.199861, "eventDate": "2018-03-31T00:00:00Z", "countryCode": "ZA" }, "geometry": { "type": "Point", "coordinates": [ 28.199861, -26.485306 ] } },
{ "type": "Feature", "properties": { "decimalLatitude": -26.485306, "decimalLongitude": 28.199861, "eventDate": "2018-03-31T00:00:00Z", "countryCode": "ZA" }, "geometry": { "type": "Point", "coordinates": [ 28.199861, -26.485306 ] } },
{ "type": "Feature", "properties": { "decimalLatitude": -29.320904, "decimalLongitude": 30.828323, "eventDate": "2018-03-24T00:00:00Z", "countryCode": "ZA" }, "geometry": { "type": "Point", "coordinates": [ 30.828323, -29.320904 ] } },
{ "type": "Feature", "properties": { "decimalLatitude": -26.485306, "decimalLongitude": 28.199861, "eventDate": "2018-03-31T00:00:00Z", "countryCode": "ZA" }, "geometry": { "type": "Point", "coordinates": [ 28.199861, -26.485306 ] } },
{ "type": "Feature", "properties": { "decimalLatitude": -28.201778, "decimalLongitude": 29.800521, "eventDate": "2018-03-10T00:00:00Z", "countryCode": "ZA" }, "geometry": { "type": "Point", "coordinates": [ 29.800521, -28.201778 ] } },
{ "type": "Feature", "properties": { "decimalLatitude": -29.91284, "decimalLongitude": 30.09023, "eventDate": "2018-04-06T00:00:00Z", "countryCode": "ZA" }, "geometry": { "type": "Point", "coordinates": [ 30.09023, -29.91284 ] } },
{ "type": "Feature", "properties": { "decimalLatitude": -29.320904, "decimalLongitude": 30.828323, "eventDate": "2018-04-17T00:00:00Z", "countryCode": "ZA" }, "geometry": { "type": "Point", "coordinates": [ 30.828323, -29.320904 ] } },
{ "type": "Feature", "properties": { "decimalLatitude": -26.429117, "decimalLongitude": 31.181092, "eventDate": "2018-05-28T13:02:15Z", "countryCode": "SZ" }, "geometry": { "type": "Point", "coordinates": [ 31.181092, -26.429117 ] } },
{ "type": "Feature", "properties": { "decimalLatitude": -28.6856, "decimalLongitude": 28.9536, "eventDate": "2018-05-03T00:00:00Z", "countryCode": "ZA" }, "geometry": { "type": "Point", "coordinates": [ 28.9536, -28.6856 ] } },
{ "type": "Feature", "properties": { "decimalLatitude": -32.1454, "decimalLongitude": 26.9818, "eventDate": "2018-05-31T12:13:00Z", "countryCode": "ZA" }, "geometry": { "type": "Point", "coordinates": [ 26.9818, -32.1454 ] } },
{ "type": "Feature", "properties": { "decimalLatitude": -29.33297, "decimalLongitude": 30.027813, "eventDate": "2018-05-09T00:00:00Z", "countryCode": "ZA" }, "geometry": { "type": "Point", "coordinates": [ 30.027813, -29.33297 ] } },
{ "type": "Feature", "properties": { "decimalLatitude": -24.796808, "decimalLongitude": 27.490018, "eventDate": "2018-05-22T00:00:00Z", "countryCode": "ZA" }, "geometry": { "type": "Point", "coordinates": [ 27.490018, -24.796808 ] } },
{ "type": "Feature", "properties": { "decimalLatitude": -26.01504, "decimalLongitude": 27.864033, "eventDate": "2018-06-23T00:00:00Z", "countryCode": "ZA" }, "geometry": { "type": "Point", "coordinates": [ 27.864033, -26.01504 ] } },
{ "type": "Feature", "properties": { "decimalLatitude": -29.546667, "decimalLongitude": 30.286389, "eventDate": "2018-07-27T00:00:00Z", "countryCode": "ZA" }, "geometry": { "type": "Point", "coordinates": [ 30.286389, -29.546667 ] } },
{ "type": "Feature", "properties": { "decimalLatitude": -30.627735, "decimalLongitude": 30.267027, "eventDate": "2018-08-12T00:00:00Z", "countryCode": "ZA" }, "geometry": { "type": "Point", "coordinates": [ 30.267027, -30.627735 ] } },
{ "type": "Feature", "properties": { "decimalLatitude": -29.769462, "decimalLongitude": 30.853601, "eventDate": "2018-08-26T00:00:00Z", "countryCode": "ZA" }, "geometry": { "type": "Point", "coordinates": [ 30.853601, -29.769462 ] } },
{ "type": "Feature", "properties": { "decimalLatitude": -29.769462, "decimalLongitude": 30.853601, "eventDate": "2018-09-29T00:00:00Z", "countryCode": "ZA" }, "geometry": { "type": "Point", "coordinates": [ 30.853601, -29.769462 ] } },
{ "type": "Feature", "properties": { "decimalLatitude": -33.328615, "decimalLongitude": 26.504522, "eventDate": "2018-09-21T00:00:00Z", "countryCode": "ZA" }, "geometry": { "type": "Point", "coordinates": [ 26.504522, -33.328615 ] } },
{ "type": "Feature", "properties": { "decimalLatitude": -33.333433, "decimalLongitude": 26.512944, "eventDate": "2018-09-21T00:00:00Z", "countryCode": "ZA" }, "geometry": { "type": "Point", "coordinates": [ 26.512944, -33.333433 ] } },
{ "type": "Feature", "properties": { "decimalLatitude": -26.486708, "decimalLongitude": 28.224455, "eventDate": "2018-10-06T00:00:00Z", "countryCode": "ZA" }, "geometry": { "type": "Point", "coordinates": [ 28.224455, -26.486708 ] } },
{ "type": "Feature", "properties": { "decimalLatitude": -30.267439, "decimalLongitude": 30.610005, "eventDate": "2018-10-28T09:42:00Z", "countryCode": "ZA" }, "geometry": { "type": "Point", "coordinates": [ 30.610005, -30.267439 ] } },
{ "type": "Feature", "properties": { "decimalLatitude": -26.486708, "decimalLongitude": 28.224455, "eventDate": "2018-10-06T00:00:00Z", "countryCode": "ZA" }, "geometry": { "type": "Point", "coordinates": [ 28.224455, -26.486708 ] } },
{ "type": "Feature", "properties": { "decimalLatitude": -32.839014, "decimalLongitude": 28.077664, "eventDate": "2018-10-08T00:00:00Z", "countryCode": "ZA" }, "geometry": { "type": "Point", "coordinates": [ 28.077664, -32.839014 ] } },
{ "type": "Feature", "properties": { "decimalLatitude": -12.446511, "decimalLongitude": 31.30258, "eventDate": "2018-11-04T11:06:00Z", "countryCode": "ZM" }, "geometry": { "type": "Point", "coordinates": [ 31.30258, -12.446511 ] } },
{ "type": "Feature", "properties": { "decimalLatitude": -12.446511, "decimalLongitude": 31.30258, "eventDate": "2018-11-02T11:45:00Z", "countryCode": "ZM" }, "geometry": { "type": "Point", "coordinates": [ 31.30258, -12.446511 ] } },
{ "type": "Feature", "properties": { "decimalLatitude": -12.446511, "decimalLongitude": 31.30258, "eventDate": "2018-11-10T06:13:00Z", "countryCode": "ZM" }, "geometry": { "type": "Point", "coordinates": [ 31.30258, -12.446511 ] } },
{ "type": "Feature", "properties": { "decimalLatitude": -28.193155, "decimalLongitude": 31.088495, "eventDate": "2018-11-30T00:00:00Z", "countryCode": "ZA" }, "geometry": { "type": "Point", "coordinates": [ 31.088495, -28.193155 ] } },
{ "type": "Feature", "properties": { "decimalLatitude": -32.299872, "decimalLongitude": 27.168719, "eventDate": "2018-11-15T00:00:00Z", "countryCode": "ZA" }, "geometry": { "type": "Point", "coordinates": [ 27.168719, -32.299872 ] } },
{ "type": "Feature", "properties": { "decimalLatitude": -29.782845, "decimalLongitude": 30.712181, "eventDate": "2018-11-24T00:00:00Z", "countryCode": "ZA" }, "geometry": { "type": "Point", "coordinates": [ 30.712181, -29.782845 ] } },
{ "type": "Feature", "properties": { "decimalLatitude": -32.838122, "decimalLongitude": 28.111054, "eventDate": "2018-11-12T00:00:00Z", "countryCode": "ZA" }, "geometry": { "type": "Point", "coordinates": [ 28.111054, -32.838122 ] } },
{ "type": "Feature", "properties": { "decimalLatitude": -27.539644, "decimalLongitude": 28.63726, "eventDate": "2018-11-05T00:00:00Z", "countryCode": "ZA" }, "geometry": { "type": "Point", "coordinates": [ 28.63726, -27.539644 ] } },
{ "type": "Feature", "properties": { "decimalLatitude": -27.339336, "decimalLongitude": 30.142902, "eventDate": "2018-12-16T00:00:00Z", "countryCode": "ZA" }, "geometry": { "type": "Point", "coordinates": [ 30.142902, -27.339336 ] } },
{ "type": "Feature", "properties": { "decimalLatitude": -26.485306, "decimalLongitude": 28.199861, "eventDate": "2018-12-28T00:00:00Z", "countryCode": "ZA" }, "geometry": { "type": "Point", "coordinates": [ 28.199861, -26.485306 ] } },
{ "type": "Feature", "properties": { "decimalLatitude": -28.72565, "decimalLongitude": 31.120213, "eventDate": "2018-12-27T00:00:00Z", "countryCode": "ZA" }, "geometry": { "type": "Point", "coordinates": [ 31.120213, -28.72565 ] } },
{ "type": "Feature", "properties": { "decimalLatitude": -26.485306, "decimalLongitude": 28.199861, "eventDate": "2018-12-28T00:00:00Z", "countryCode": "ZA" }, "geometry": { "type": "Point", "coordinates": [ 28.199861, -26.485306 ] } },
{ "type": "Feature", "properties": { "decimalLatitude": -27.66999, "decimalLongitude": 28.759042, "eventDate": "2018-12-01T00:00:00Z", "countryCode": "ZA" }, "geometry": { "type": "Point", "coordinates": [ 28.759042, -27.66999 ] } },
{ "type": "Feature", "properties": { "decimalLatitude": -28.73035, "decimalLongitude": 31.148381, "eventDate": "2018-12-27T00:00:00Z", "countryCode": "ZA" }, "geometry": { "type": "Point", "coordinates": [ 31.148381, -28.73035 ] } },
{ "type": "Feature", "properties": { "decimalLatitude": -29.769462, "decimalLongitude": 30.853601, "eventDate": "2018-12-29T00:00:00Z", "countryCode": "ZA" }, "geometry": { "type": "Point", "coordinates": [ 30.853601, -29.769462 ] } },
{ "type": "Feature", "properties": { "decimalLatitude": -29.744394, "decimalLongitude": 29.888017, "eventDate": "2018-12-03T00:00:00Z", "countryCode": "ZA" }, "geometry": { "type": "Point", "coordinates": [ 29.888017, -29.744394 ] } },
{ "type": "Feature", "properties": { "decimalLatitude": -26.485306, "decimalLongitude": 28.199861, "eventDate": "2018-12-28T00:00:00Z", "countryCode": "ZA" }, "geometry": { "type": "Point", "coordinates": [ 28.199861, -26.485306 ] } },
{ "type": "Feature", "properties": { "decimalLatitude": -29.751151, "decimalLongitude": 30.718606, "eventDate": "2018-12-30T00:00:00Z", "countryCode": "ZA" }, "geometry": { "type": "Point", "coordinates": [ 30.718606, -29.751151 ] } },
{ "type": "Feature", "properties": { "decimalLatitude": -29.769462, "decimalLongitude": 30.853601, "eventDate": "2018-12-26T00:00:00Z", "countryCode": "ZA" }, "geometry": { "type": "Point", "coordinates": [ 30.853601, -29.769462 ] } },
{ "type": "Feature", "properties": { "decimalLatitude": -26.485306, "decimalLongitude": 28.199861, "eventDate": "2018-12-28T00:00:00Z", "countryCode": "ZA" }, "geometry": { "type": "Point", "coordinates": [ 28.199861, -26.485306 ] } },
{ "type": "Feature", "properties": { "decimalLatitude": -26.485306, "decimalLongitude": 28.199861, "eventDate": "2018-12-28T00:00:00Z", "countryCode": "ZA" }, "geometry": { "type": "Point", "coordinates": [ 28.199861, -26.485306 ] } },
{ "type": "Feature", "properties": { "decimalLatitude": -26.485306, "decimalLongitude": 28.199861, "eventDate": "2018-12-28T00:00:00Z", "countryCode": "ZA" }, "geometry": { "type": "Point", "coordinates": [ 28.199861, -26.485306 ] } },
{ "type": "Feature", "properties": { "decimalLatitude": -24.850635, "decimalLongitude": 30.843222, "eventDate": "2019-01-25T14:04:00Z", "countryCode": "ZA" }, "geometry": { "type": "Point", "coordinates": [ 30.843222, -24.850635 ] } },
{ "type": "Feature", "properties": { "decimalLatitude": -29.769462, "decimalLongitude": 30.853601, "eventDate": "2019-01-29T00:00:00Z", "countryCode": "ZA" }, "geometry": { "type": "Point", "coordinates": [ 30.853601, -29.769462 ] } },
{ "type": "Feature", "properties": { "decimalLatitude": -27.592041, "decimalLongitude": 31.156934, "eventDate": "2019-02-05T11:28:00Z", "countryCode": "ZA" }, "geometry": { "type": "Point", "coordinates": [ 31.156934, -27.592041 ] } },
{ "type": "Feature", "properties": { "decimalLatitude": -27.592188, "decimalLongitude": 31.156308, "eventDate": "2019-02-05T11:29:00Z", "countryCode": "ZA" }, "geometry": { "type": "Point", "coordinates": [ 31.156308, -27.592188 ] } },
{ "type": "Feature", "properties": { "decimalLatitude": -26.007848, "decimalLongitude": 31.077232, "eventDate": "2019-02-09T00:00:00Z", "countryCode": "ZA" }, "geometry": { "type": "Point", "coordinates": [ 31.077232, -26.007848 ] } },
{ "type": "Feature", "properties": { "decimalLatitude": -26.007848, "decimalLongitude": 31.077232, "eventDate": "2019-02-09T00:00:00Z", "countryCode": "ZA" }, "geometry": { "type": "Point", "coordinates": [ 31.077232, -26.007848 ] } },
{ "type": "Feature", "properties": { "decimalLatitude": -30.275589, "decimalLongitude": 30.595812, "eventDate": "2019-02-17T00:00:00Z", "countryCode": "ZA" }, "geometry": { "type": "Point", "coordinates": [ 30.595812, -30.275589 ] } },
{ "type": "Feature", "properties": { "decimalLatitude": -26.772894, "decimalLongitude": 26.754456, "eventDate": "2019-03-31T00:00:00Z", "countryCode": "ZA" }, "geometry": { "type": "Point", "coordinates": [ 26.754456, -26.772894 ] } },
{ "type": "Feature", "properties": { "decimalLatitude": -25.79837, "decimalLongitude": 29.447597, "eventDate": "2019-03-25T00:00:00Z", "countryCode": "ZA" }, "geometry": { "type": "Point", "coordinates": [ 29.447597, -25.79837 ] } },
{ "type": "Feature", "properties": { "decimalLatitude": -13.244419, "decimalLongitude": 24.517586, "eventDate": "2019-03-04T00:00:00Z", "countryCode": "ZM" }, "geometry": { "type": "Point", "coordinates": [ 24.517586, -13.244419 ] } },
{ "type": "Feature", "properties": { "decimalLatitude": -30.490249, "decimalLongitude": 29.403534, "eventDate": "2019-03-04T00:00:00Z", "countryCode": "ZA" }, "geometry": { "type": "Point", "coordinates": [ 29.403534, -30.490249 ] } },
{ "type": "Feature", "properties": { "decimalLatitude": -29.277561, "decimalLongitude": 30.80258, "eventDate": "2019-03-30T00:00:00Z", "countryCode": "ZA" }, "geometry": { "type": "Point", "coordinates": [ 30.80258, -29.277561 ] } },
{ "type": "Feature", "properties": { "decimalLatitude": -29.769462, "decimalLongitude": 30.853601, "eventDate": "2019-03-24T00:00:00Z", "countryCode": "ZA" }, "geometry": { "type": "Point", "coordinates": [ 30.853601, -29.769462 ] } },
{ "type": "Feature", "properties": { "decimalLatitude": -26.45378, "decimalLongitude": 28.220415, "eventDate": "2019-03-03T00:00:00Z", "countryCode": "ZA" }, "geometry": { "type": "Point", "coordinates": [ 28.220415, -26.45378 ] } },
{ "type": "Feature", "properties": { "decimalLatitude": -12.401533, "decimalLongitude": 31.315229, "eventDate": "2019-04-23T12:51:00Z", "countryCode": "ZM" }, "geometry": { "type": "Point", "coordinates": [ 31.315229, -12.401533 ] } },
{ "type": "Feature", "properties": { "decimalLatitude": -28.789074, "decimalLongitude": 31.522886, "eventDate": "2019-04-20T00:00:00Z", "countryCode": "ZA" }, "geometry": { "type": "Point", "coordinates": [ 31.522886, -28.789074 ] } },
{ "type": "Feature", "properties": { "decimalLatitude": -12.408869, "decimalLongitude": 31.3102, "eventDate": "2019-04-23T00:00:00Z", "countryCode": "ZM" }, "geometry": { "type": "Point", "coordinates": [ 31.3102, -12.408869 ] } },
{ "type": "Feature", "properties": { "decimalLatitude": -29.769462, "decimalLongitude": 30.853601, "eventDate": "2019-04-30T00:00:00Z", "countryCode": "ZA" }, "geometry": { "type": "Point", "coordinates": [ 30.853601, -29.769462 ] } },
{ "type": "Feature", "properties": { "decimalLatitude": -29.727026, "decimalLongitude": 30.828772, "eventDate": "2019-04-13T00:00:00Z", "countryCode": "ZA" }, "geometry": { "type": "Point", "coordinates": [ 30.828772, -29.727026 ] } },
{ "type": "Feature", "properties": { "decimalLatitude": 0.354457, "decimalLongitude": 36.881005, "eventDate": "2019-05-09T00:58:00Z", "countryCode": "KE" }, "geometry": { "type": "Point", "coordinates": [ 36.881005, 0.354457 ] } },
{ "type": "Feature", "properties": { "decimalLatitude": -30.27486, "decimalLongitude": 30.740312, "eventDate": "2019-05-23T00:00:00Z", "countryCode": "ZA" }, "geometry": { "type": "Point", "coordinates": [ 30.740312, -30.27486 ] } },
{ "type": "Feature", "properties": { "decimalLatitude": -29.77836, "decimalLongitude": 30.866941, "eventDate": "2019-05-05T00:00:00Z", "countryCode": "ZA" }, "geometry": { "type": "Point", "coordinates": [ 30.866941, -29.77836 ] } },
{ "type": "Feature", "properties": { "decimalLatitude": -29.769462, "decimalLongitude": 30.853601, "eventDate": "2019-05-05T00:00:00Z", "countryCode": "ZA" }, "geometry": { "type": "Point", "coordinates": [ 30.853601, -29.769462 ] } },
{ "type": "Feature", "properties": { "decimalLatitude": -30.27486, "decimalLongitude": 30.740312, "eventDate": "2019-05-18T00:00:00Z", "countryCode": "ZA" }, "geometry": { "type": "Point", "coordinates": [ 30.740312, -30.27486 ] } },
{ "type": "Feature", "properties": { "decimalLatitude": -29.769462, "decimalLongitude": 30.853601, "eventDate": "2019-05-01T00:00:00Z", "countryCode": "ZA" }, "geometry": { "type": "Point", "coordinates": [ 30.853601, -29.769462 ] } },
{ "type": "Feature", "properties": { "decimalLatitude": -29.769462, "decimalLongitude": 30.853601, "eventDate": "2019-05-02T00:00:00Z", "countryCode": "ZA" }, "geometry": { "type": "Point", "coordinates": [ 30.853601, -29.769462 ] } },
{ "type": "Feature", "properties": { "decimalLatitude": 7.124036, "decimalLongitude": 0.588931, "eventDate": "2019-08-18T13:38:00Z", "countryCode": "GH" }, "geometry": { "type": "Point", "coordinates": [ 0.588931, 7.124036 ] } },
{ "type": "Feature", "properties": { "decimalLatitude": 7.124036, "decimalLongitude": 0.588931, "eventDate": "2019-08-18T14:23:00Z", "countryCode": "GH" }, "geometry": { "type": "Point", "coordinates": [ 0.588931, 7.124036 ] } },
{ "type": "Feature", "properties": { "decimalLatitude": -33.9322, "decimalLongitude": 24.767333, "eventDate": "2019-08-08T00:00:00Z", "countryCode": "ZA" }, "geometry": { "type": "Point", "coordinates": [ 24.767333, -33.9322 ] } },
{ "type": "Feature", "properties": { "decimalLatitude": -29.762647, "decimalLongitude": 30.759788, "eventDate": "2019-08-04T00:00:00Z", "countryCode": "ZA" }, "geometry": { "type": "Point", "coordinates": [ 30.759788, -29.762647 ] } },
{ "type": "Feature", "properties": { "decimalLatitude": 0.28413, "decimalLongitude": 36.9102, "eventDate": "2019-09-23T13:03:00Z", "countryCode": "KE" }, "geometry": { "type": "Point", "coordinates": [ 36.9102, 0.28413 ] } },
{ "type": "Feature", "properties": { "decimalLatitude": -24.714342, "decimalLongitude": 30.834633, "eventDate": "2019-09-28T10:17:00Z", "countryCode": "ZA" }, "geometry": { "type": "Point", "coordinates": [ 30.834633, -24.714342 ] } },
{ "type": "Feature", "properties": { "decimalLatitude": -26.044014, "decimalLongitude": 27.787573, "eventDate": "2019-09-29T13:37:00Z", "countryCode": "ZA" }, "geometry": { "type": "Point", "coordinates": [ 27.787573, -26.044014 ] } },
{ "type": "Feature", "properties": { "decimalLatitude": -26.086548, "decimalLongitude": 27.844839, "eventDate": "2019-09-29T13:37:00Z", "countryCode": "ZA" }, "geometry": { "type": "Point", "coordinates": [ 27.844839, -26.086548 ] } },
{ "type": "Feature", "properties": { "decimalLatitude": 7.398849, "decimalLongitude": 0.441387, "eventDate": "2019-09-29T18:38:00Z", "countryCode": "GH" }, "geometry": { "type": "Point", "coordinates": [ 0.441387, 7.398849 ] } },
{ "type": "Feature", "properties": { "decimalLatitude": -12.1001, "decimalLongitude": 15.183333, "eventDate": "2019-09-13T08:13:00Z", "countryCode": "AO" }, "geometry": { "type": "Point", "coordinates": [ 15.183333, -12.1001 ] } },
{ "type": "Feature", "properties": { "decimalLatitude": -29.769462, "decimalLongitude": 30.853601, "eventDate": "2019-09-20T00:00:00Z", "countryCode": "ZA" }, "geometry": { "type": "Point", "coordinates": [ 30.853601, -29.769462 ] } },
{ "type": "Feature", "properties": { "decimalLatitude": -33.717076, "decimalLongitude": 25.292991, "eventDate": "2019-09-15T00:00:00Z", "countryCode": "ZA" }, "geometry": { "type": "Point", "coordinates": [ 25.292991, -33.717076 ] } },
{ "type": "Feature", "properties": { "decimalLatitude": -26.467319, "decimalLongitude": 27.617763, "eventDate": "2019-09-28T00:00:00Z", "countryCode": "ZA" }, "geometry": { "type": "Point", "coordinates": [ 27.617763, -26.467319 ] } },
{ "type": "Feature", "properties": { "decimalLatitude": -28.876018, "decimalLongitude": 31.382098, "eventDate": "2019-09-12T00:00:00Z", "countryCode": "ZA" }, "geometry": { "type": "Point", "coordinates": [ 31.382098, -28.876018 ] } },
{ "type": "Feature", "properties": { "decimalLatitude": -24.781163, "decimalLongitude": 30.88665, "eventDate": "2019-09-28T00:00:00Z", "countryCode": "ZA" }, "geometry": { "type": "Point", "coordinates": [ 30.88665, -24.781163 ] } },
{ "type": "Feature", "properties": { "decimalLatitude": -33.713755, "decimalLongitude": 25.289638, "eventDate": "2019-09-15T00:00:00Z", "countryCode": "ZA" }, "geometry": { "type": "Point", "coordinates": [ 25.289638, -33.713755 ] } },
{ "type": "Feature", "properties": { "decimalLatitude": -29.769462, "decimalLongitude": 30.853601, "eventDate": "2019-09-29T00:00:00Z", "countryCode": "ZA" }, "geometry": { "type": "Point", "coordinates": [ 30.853601, -29.769462 ] } },
{ "type": "Feature", "properties": { "decimalLatitude": 2.17, "decimalLongitude": 30.72, "eventDate": "2019-10-25T00:00:00Z", "countryCode": "CD" }, "geometry": { "type": "Point", "coordinates": [ 30.72, 2.17 ] } },
{ "type": "Feature", "properties": { "decimalLatitude": 2.22, "decimalLongitude": 30.68, "eventDate": "2019-10-28T00:00:00Z", "countryCode": "CD" }, "geometry": { "type": "Point", "coordinates": [ 30.68, 2.22 ] } },
{ "type": "Feature", "properties": { "decimalLatitude": -25.071939, "decimalLongitude": 30.605442, "eventDate": "2019-10-21T09:23:00Z", "countryCode": "ZA" }, "geometry": { "type": "Point", "coordinates": [ 30.605442, -25.071939 ] } },
{ "type": "Feature", "properties": { "decimalLatitude": -29.769462, "decimalLongitude": 30.853601, "eventDate": "2019-10-25T00:00:00Z", "countryCode": "ZA" }, "geometry": { "type": "Point", "coordinates": [ 30.853601, -29.769462 ] } },
{ "type": "Feature", "properties": { "decimalLatitude": 10.988588, "decimalLongitude": -12.48894, "eventDate": "2019-11-21T00:00:00Z", "countryCode": "GN" }, "geometry": { "type": "Point", "coordinates": [ -12.48894, 10.988588 ] } },
{ "type": "Feature", "properties": { "decimalLatitude": -11.62553, "decimalLongitude": 31.971472, "eventDate": "2019-11-21T12:46:00Z", "countryCode": "ZM" }, "geometry": { "type": "Point", "coordinates": [ 31.971472, -11.62553 ] } },
{ "type": "Feature", "properties": { "decimalLatitude": 13.091932, "decimalLongitude": -16.764482, "eventDate": "2019-11-24T11:52:00Z", "countryCode": "GM" }, "geometry": { "type": "Point", "coordinates": [ -16.764482, 13.091932 ] } },
{ "type": "Feature", "properties": { "decimalLatitude": 7.759497, "decimalLongitude": -8.549956, "eventDate": "2019-11-15T00:00:00Z", "countryCode": "GN" }, "geometry": { "type": "Point", "coordinates": [ -8.549956, 7.759497 ] } },
{ "type": "Feature", "properties": { "decimalLatitude": -33.9322, "decimalLongitude": 24.767333, "eventDate": "2019-11-24T00:00:00Z", "countryCode": "ZA" }, "geometry": { "type": "Point", "coordinates": [ 24.767333, -33.9322 ] } },
{ "type": "Feature", "properties": { "decimalLatitude": -29.726528, "decimalLongitude": 30.918604, "eventDate": "2019-11-02T00:00:00Z", "countryCode": "ZA" }, "geometry": { "type": "Point", "coordinates": [ 30.918604, -29.726528 ] } },
{ "type": "Feature", "properties": { "decimalLatitude": -29.769462, "decimalLongitude": 30.853601, "eventDate": "2019-11-03T00:00:00Z", "countryCode": "ZA" }, "geometry": { "type": "Point", "coordinates": [ 30.853601, -29.769462 ] } },
{ "type": "Feature", "properties": { "decimalLatitude": -27.940495, "decimalLongitude": 30.964508, "eventDate": "2019-11-24T00:00:00Z", "countryCode": "ZA" }, "geometry": { "type": "Point", "coordinates": [ 30.964508, -27.940495 ] } },
{ "type": "Feature", "properties": { "decimalLatitude": -28.273481, "decimalLongitude": 31.049759, "eventDate": "2019-11-22T00:00:00Z", "countryCode": "ZA" }, "geometry": { "type": "Point", "coordinates": [ 31.049759, -28.273481 ] } },
{ "type": "Feature", "properties": { "decimalLatitude": -17.836874, "decimalLongitude": 31.146714, "eventDate": "2019-11-22T00:00:00Z", "countryCode": "ZW" }, "geometry": { "type": "Point", "coordinates": [ 31.146714, -17.836874 ] } },
{ "type": "Feature", "properties": { "decimalLatitude": -26.467629, "decimalLongitude": 28.213786, "eventDate": "2019-12-23T22:48:18Z", "countryCode": "ZA" }, "geometry": { "type": "Point", "coordinates": [ 28.213786, -26.467629 ] } },
{ "type": "Feature", "properties": { "decimalLatitude": -27.349834, "decimalLongitude": 31.027255, "eventDate": "2019-12-29T09:29:00Z", "countryCode": "ZA" }, "geometry": { "type": "Point", "coordinates": [ 31.027255, -27.349834 ] } },
{ "type": "Feature", "properties": { "decimalLatitude": -25.817138, "decimalLongitude": 28.00974, "eventDate": "2019-12-25T07:51:00Z", "countryCode": "ZA" }, "geometry": { "type": "Point", "coordinates": [ 28.00974, -25.817138 ] } },
{ "type": "Feature", "properties": { "decimalLatitude": -29.206038, "decimalLongitude": 31.422407, "eventDate": "2019-12-02T00:00:00Z", "countryCode": "ZA" }, "geometry": { "type": "Point", "coordinates": [ 31.422407, -29.206038 ] } },
{ "type": "Feature", "properties": { "decimalLatitude": 0.477382, "decimalLongitude": 36.821645, "eventDate": "2020-01-28T11:01:00Z", "countryCode": "KE" }, "geometry": { "type": "Point", "coordinates": [ 36.821645, 0.477382 ] } },
{ "type": "Feature", "properties": { "decimalLatitude": -29.744371, "decimalLongitude": 30.670723, "eventDate": "2020-01-05T00:00:00Z", "countryCode": "ZA" }, "geometry": { "type": "Point", "coordinates": [ 30.670723, -29.744371 ] } },
{ "type": "Feature", "properties": { "decimalLatitude": -25.893666, "decimalLongitude": 28.300953, "eventDate": "2020-01-02T00:00:00Z", "countryCode": "ZA" }, "geometry": { "type": "Point", "coordinates": [ 28.300953, -25.893666 ] } },
{ "type": "Feature", "properties": { "decimalLatitude": -29.764326, "decimalLongitude": 30.659428, "eventDate": "2020-01-05T00:00:00Z", "countryCode": "ZA" }, "geometry": { "type": "Point", "coordinates": [ 30.659428, -29.764326 ] } },
{ "type": "Feature", "properties": { "decimalLatitude": -29.2067, "decimalLongitude": 31.4221, "eventDate": "2020-01-06T00:00:00Z", "countryCode": "ZA" }, "geometry": { "type": "Point", "coordinates": [ 31.4221, -29.2067 ] } },
{ "type": "Feature", "properties": { "decimalLatitude": -29.740676, "decimalLongitude": 30.683884, "eventDate": "2020-01-05T00:00:00Z", "countryCode": "ZA" }, "geometry": { "type": "Point", "coordinates": [ 30.683884, -29.740676 ] } },
{ "type": "Feature", "properties": { "decimalLatitude": -26.341235, "decimalLongitude": 28.514113, "eventDate": "2020-01-07T00:00:00Z", "countryCode": "ZA" }, "geometry": { "type": "Point", "coordinates": [ 28.514113, -26.341235 ] } },
{ "type": "Feature", "properties": { "decimalLatitude": -29.742767, "decimalLongitude": 30.686113, "eventDate": "2020-01-05T00:00:00Z", "countryCode": "ZA" }, "geometry": { "type": "Point", "coordinates": [ 30.686113, -29.742767 ] } },
{ "type": "Feature", "properties": { "decimalLatitude": -29.769462, "decimalLongitude": 30.853601, "eventDate": "2020-01-23T00:00:00Z", "countryCode": "ZA" }, "geometry": { "type": "Point", "coordinates": [ 30.853601, -29.769462 ] } },
{ "type": "Feature", "properties": { "decimalLatitude": -29.770967, "decimalLongitude": 30.876629, "eventDate": "2020-01-02T00:00:00Z", "countryCode": "ZA" }, "geometry": { "type": "Point", "coordinates": [ 30.876629, -29.770967 ] } },
{ "type": "Feature", "properties": { "decimalLatitude": -29.495189, "decimalLongitude": 30.810671, "eventDate": "2020-01-18T00:00:00Z", "countryCode": "ZA" }, "geometry": { "type": "Point", "coordinates": [ 30.810671, -29.495189 ] } },
{ "type": "Feature", "properties": { "decimalLatitude": -28.800386, "decimalLongitude": 31.546099, "eventDate": "2020-01-03T00:00:00Z", "countryCode": "ZA" }, "geometry": { "type": "Point", "coordinates": [ 31.546099, -28.800386 ] } },
{ "type": "Feature", "properties": { "decimalLatitude": -29.769462, "decimalLongitude": 30.853601, "eventDate": "2020-01-12T00:00:00Z", "countryCode": "ZA" }, "geometry": { "type": "Point", "coordinates": [ 30.853601, -29.769462 ] } },
{ "type": "Feature", "properties": { "decimalLatitude": -28.506814, "decimalLongitude": 28.607953, "eventDate": "2020-02-03T08:26:00Z", "countryCode": "ZA" }, "geometry": { "type": "Point", "coordinates": [ 28.607953, -28.506814 ] } },
{ "type": "Feature", "properties": { "decimalLatitude": -26.482828, "decimalLongitude": 28.212166, "eventDate": "2020-02-21T00:00:00Z", "countryCode": "ZA" }, "geometry": { "type": "Point", "coordinates": [ 28.212166, -26.482828 ] } },
{ "type": "Feature", "properties": { "decimalLatitude": -29.772083, "decimalLongitude": 30.874834, "eventDate": "2020-02-09T00:00:00Z", "countryCode": "ZA" }, "geometry": { "type": "Point", "coordinates": [ 30.874834, -29.772083 ] } },
{ "type": "Feature", "properties": { "decimalLatitude": -29.896445, "decimalLongitude": 30.716838, "eventDate": "2020-02-14T00:00:00Z", "countryCode": "ZA" }, "geometry": { "type": "Point", "coordinates": [ 30.716838, -29.896445 ] } },
{ "type": "Feature", "properties": { "decimalLatitude": -29.769462, "decimalLongitude": 30.853601, "eventDate": "2020-02-25T00:00:00Z", "countryCode": "ZA" }, "geometry": { "type": "Point", "coordinates": [ 30.853601, -29.769462 ] } },
{ "type": "Feature", "properties": { "decimalLatitude": -26.47018, "decimalLongitude": 28.220381, "eventDate": "2020-02-16T00:00:00Z", "countryCode": "ZA" }, "geometry": { "type": "Point", "coordinates": [ 28.220381, -26.47018 ] } },
{ "type": "Feature", "properties": { "decimalLatitude": -29.769462, "decimalLongitude": 30.853601, "eventDate": "2020-02-03T00:00:00Z", "countryCode": "ZA" }, "geometry": { "type": "Point", "coordinates": [ 30.853601, -29.769462 ] } },
{ "type": "Feature", "properties": { "decimalLatitude": -29.927249, "decimalLongitude": 30.807348, "eventDate": "2020-02-13T00:00:00Z", "countryCode": "ZA" }, "geometry": { "type": "Point", "coordinates": [ 30.807348, -29.927249 ] } },
{ "type": "Feature", "properties": { "decimalLatitude": -25.80999, "decimalLongitude": 27.9541, "eventDate": "2020-03-18T12:35:00Z", "countryCode": "ZA" }, "geometry": { "type": "Point", "coordinates": [ 27.9541, -25.80999 ] } },
{ "type": "Feature", "properties": { "decimalLatitude": -26.427623, "decimalLongitude": 31.160508, "eventDate": "2020-03-10T00:00:00Z", "countryCode": "SZ" }, "geometry": { "type": "Point", "coordinates": [ 31.160508, -26.427623 ] } },
{ "type": "Feature", "properties": { "decimalLatitude": -9.536007, "decimalLongitude": 13.969715, "eventDate": "2020-03-07T00:00:00Z", "countryCode": "AO" }, "geometry": { "type": "Point", "coordinates": [ 13.969715, -9.536007 ] } },
{ "type": "Feature", "properties": { "decimalLatitude": -32.898661, "decimalLongitude": 28.069812, "eventDate": "2020-03-05T00:00:00Z", "countryCode": "ZA" }, "geometry": { "type": "Point", "coordinates": [ 28.069812, -32.898661 ] } },
{ "type": "Feature", "properties": { "decimalLatitude": -29.74405, "decimalLongitude": 30.65684, "eventDate": "2020-03-07T00:00:00Z", "countryCode": "ZA" }, "geometry": { "type": "Point", "coordinates": [ 30.65684, -29.74405 ] } },
{ "type": "Feature", "properties": { "decimalLatitude": -29.742094, "decimalLongitude": 30.684351, "eventDate": "2020-03-01T00:00:00Z", "countryCode": "ZA" }, "geometry": { "type": "Point", "coordinates": [ 30.684351, -29.742094 ] } },
{ "type": "Feature", "properties": { "decimalLatitude": -25.06872, "decimalLongitude": 30.462866, "eventDate": "2020-04-11T13:27:02Z", "countryCode": "ZA" }, "geometry": { "type": "Point", "coordinates": [ 30.462866, -25.06872 ] } },
{ "type": "Feature", "properties": { "decimalLatitude": -2.516622, "decimalLongitude": 37.215259, "eventDate": "2020-04-27T12:03:00Z", "countryCode": "KE" }, "geometry": { "type": "Point", "coordinates": [ 37.215259, -2.516622 ] } },
{ "type": "Feature", "properties": { "decimalLatitude": -32.139554, "decimalLongitude": 26.98696, "eventDate": "2020-04-09T00:00:00Z", "countryCode": "ZA" }, "geometry": { "type": "Point", "coordinates": [ 26.98696, -32.139554 ] } },
{ "type": "Feature", "properties": { "decimalLatitude": -32.137706, "decimalLongitude": 26.933011, "eventDate": "2020-04-18T00:00:00Z", "countryCode": "ZA" }, "geometry": { "type": "Point", "coordinates": [ 26.933011, -32.137706 ] } },
{ "type": "Feature", "properties": { "decimalLatitude": -29.367848, "decimalLongitude": 31.348185, "eventDate": "2020-04-21T00:00:00Z", "countryCode": "ZA" }, "geometry": { "type": "Point", "coordinates": [ 31.348185, -29.367848 ] } },
{ "type": "Feature", "properties": { "decimalLatitude": -29.209335, "decimalLongitude": 31.421215, "eventDate": "2020-05-11T00:00:00Z", "countryCode": "ZA" }, "geometry": { "type": "Point", "coordinates": [ 31.421215, -29.209335 ] } },
{ "type": "Feature", "properties": { "decimalLatitude": -15.347749, "decimalLongitude": 35.309503, "eventDate": "2020-07-04T12:27:00Z", "countryCode": "MW" }, "geometry": { "type": "Point", "coordinates": [ 35.309503, -15.347749 ] } },
{ "type": "Feature", "properties": { "decimalLatitude": -24.162457, "decimalLongitude": 30.253758, "eventDate": "2020-07-07T00:00:00Z", "countryCode": "ZA" }, "geometry": { "type": "Point", "coordinates": [ 30.253758, -24.162457 ] } },
{ "type": "Feature", "properties": { "decimalLatitude": -18.253659, "decimalLongitude": 32.01125, "eventDate": "2020-08-11T13:11:39Z", "countryCode": "ZW" }, "geometry": { "type": "Point", "coordinates": [ 32.01125, -18.253659 ] } },
{ "type": "Feature", "properties": { "decimalLatitude": -18.25272, "decimalLongitude": 32.011569, "eventDate": "2020-08-27T00:00:00Z", "countryCode": "ZW" }, "geometry": { "type": "Point", "coordinates": [ 32.011569, -18.25272 ] } },
{ "type": "Feature", "properties": { "decimalLatitude": -29.813557, "decimalLongitude": 30.815564, "eventDate": "2020-09-17T07:06:00Z", "countryCode": "ZA" }, "geometry": { "type": "Point", "coordinates": [ 30.815564, -29.813557 ] } },
{ "type": "Feature", "properties": { "decimalLatitude": -30.269095, "decimalLongitude": 30.606854, "eventDate": "2020-09-19T11:27:00Z", "countryCode": "ZA" }, "geometry": { "type": "Point", "coordinates": [ 30.606854, -30.269095 ] } },
{ "type": "Feature", "properties": { "decimalLatitude": -25.964217, "decimalLongitude": 27.86631, "eventDate": "2020-09-17T17:36:00Z", "countryCode": "ZA" }, "geometry": { "type": "Point", "coordinates": [ 27.86631, -25.964217 ] } },
{ "type": "Feature", "properties": { "decimalLatitude": -30.278639, "decimalLongitude": 30.735271, "eventDate": "2020-09-20T09:27:00Z", "countryCode": "ZA" }, "geometry": { "type": "Point", "coordinates": [ 30.735271, -30.278639 ] } },
{ "type": "Feature", "properties": { "decimalLatitude": -27.392783, "decimalLongitude": 30.11728, "eventDate": "2020-09-26T00:00:00Z", "countryCode": "ZA" }, "geometry": { "type": "Point", "coordinates": [ 30.11728, -27.392783 ] } },
{ "type": "Feature", "properties": { "decimalLatitude": -29.813148, "decimalLongitude": 30.813871, "eventDate": "2020-09-17T00:00:00Z", "countryCode": "ZA" }, "geometry": { "type": "Point", "coordinates": [ 30.813871, -29.813148 ] } },
{ "type": "Feature", "properties": { "decimalLatitude": -33.956026, "decimalLongitude": 24.760652, "eventDate": "2020-09-20T00:00:00Z", "countryCode": "ZA" }, "geometry": { "type": "Point", "coordinates": [ 24.760652, -33.956026 ] } },
{ "type": "Feature", "properties": { "decimalLatitude": -25.84076, "decimalLongitude": 27.969504, "eventDate": "2020-09-20T00:00:00Z", "countryCode": "ZA" }, "geometry": { "type": "Point", "coordinates": [ 27.969504, -25.84076 ] } },
{ "type": "Feature", "properties": { "decimalLatitude": -30.269446, "decimalLongitude": 30.606666, "eventDate": "2020-09-09T00:00:00Z", "countryCode": "ZA" }, "geometry": { "type": "Point", "coordinates": [ 30.606666, -30.269446 ] } },
{ "type": "Feature", "properties": { "decimalLatitude": -24.14189, "decimalLongitude": 30.178412, "eventDate": "2020-09-04T00:00:00Z", "countryCode": "ZA" }, "geometry": { "type": "Point", "coordinates": [ 30.178412, -24.14189 ] } },
{ "type": "Feature", "properties": { "decimalLatitude": -26.495942, "decimalLongitude": 28.207761, "eventDate": "2020-10-03T08:33:00Z", "countryCode": "ZA" }, "geometry": { "type": "Point", "coordinates": [ 28.207761, -26.495942 ] } },
{ "type": "Feature", "properties": { "decimalLatitude": -17.585624, "decimalLongitude": 31.027144, "eventDate": "2020-10-18T05:41:00Z", "countryCode": "ZW" }, "geometry": { "type": "Point", "coordinates": [ 31.027144, -17.585624 ] } },
{ "type": "Feature", "properties": { "decimalLatitude": -26.519228, "decimalLongitude": 28.942348, "eventDate": "2020-10-23T08:23:00Z", "countryCode": "ZA" }, "geometry": { "type": "Point", "coordinates": [ 28.942348, -26.519228 ] } },
{ "type": "Feature", "properties": { "decimalLatitude": -26.547626, "decimalLongitude": 28.920166, "eventDate": "2020-10-23T00:00:00Z", "countryCode": "ZA" }, "geometry": { "type": "Point", "coordinates": [ 28.920166, -26.547626 ] } },
{ "type": "Feature", "properties": { "decimalLatitude": -28.624099, "decimalLongitude": 29.061727, "eventDate": "2020-10-18T00:00:00Z", "countryCode": "ZA" }, "geometry": { "type": "Point", "coordinates": [ 29.061727, -28.624099 ] } },
{ "type": "Feature", "properties": { "decimalLatitude": -26.049701, "decimalLongitude": 27.775015, "eventDate": "2020-10-10T00:00:00Z", "countryCode": "ZA" }, "geometry": { "type": "Point", "coordinates": [ 27.775015, -26.049701 ] } },
{ "type": "Feature", "properties": { "decimalLatitude": -28.624099, "decimalLongitude": 29.061727, "eventDate": "2020-10-17T00:00:00Z", "countryCode": "ZA" }, "geometry": { "type": "Point", "coordinates": [ 29.061727, -28.624099 ] } },
{ "type": "Feature", "properties": { "decimalLatitude": -33.960678, "decimalLongitude": 24.759723, "eventDate": "2020-10-14T00:00:00Z", "countryCode": "ZA" }, "geometry": { "type": "Point", "coordinates": [ 24.759723, -33.960678 ] } },
{ "type": "Feature", "properties": { "decimalLatitude": -26.544331, "decimalLongitude": 28.919056, "eventDate": "2020-10-23T00:00:00Z", "countryCode": "ZA" }, "geometry": { "type": "Point", "coordinates": [ 28.919056, -26.544331 ] } },
{ "type": "Feature", "properties": { "decimalLatitude": -28.630317, "decimalLongitude": 29.054089, "eventDate": "2020-10-16T00:00:00Z", "countryCode": "ZA" }, "geometry": { "type": "Point", "coordinates": [ 29.054089, -28.630317 ] } },
{ "type": "Feature", "properties": { "decimalLatitude": -29.540328, "decimalLongitude": 30.196071, "eventDate": "2020-10-08T00:00:00Z", "countryCode": "ZA" }, "geometry": { "type": "Point", "coordinates": [ 30.196071, -29.540328 ] } },
{ "type": "Feature", "properties": { "decimalLatitude": -18.190688, "decimalLongitude": 31.552579, "eventDate": "2020-11-01T08:49:55Z", "countryCode": "ZW" }, "geometry": { "type": "Point", "coordinates": [ 31.552579, -18.190688 ] } },
{ "type": "Feature", "properties": { "decimalLatitude": -26.497786, "decimalLongitude": 28.332339, "eventDate": "2020-11-15T10:22:00Z", "countryCode": "ZA" }, "geometry": { "type": "Point", "coordinates": [ 28.332339, -26.497786 ] } },
{ "type": "Feature", "properties": { "decimalLatitude": -25.879015, "decimalLongitude": 28.285065, "eventDate": "2020-11-12T09:05:00Z", "countryCode": "ZA" }, "geometry": { "type": "Point", "coordinates": [ 28.285065, -25.879015 ] } },
{ "type": "Feature", "properties": { "decimalLatitude": -29.668326, "decimalLongitude": 30.399267, "eventDate": "2020-11-21T07:50:00Z", "countryCode": "ZA" }, "geometry": { "type": "Point", "coordinates": [ 30.399267, -29.668326 ] } },
{ "type": "Feature", "properties": { "decimalLatitude": -31.285947, "decimalLongitude": 30.006222, "eventDate": "2020-11-14T00:00:00Z", "countryCode": "ZA" }, "geometry": { "type": "Point", "coordinates": [ 30.006222, -31.285947 ] } },
{ "type": "Feature", "properties": { "decimalLatitude": -28.624099, "decimalLongitude": 29.061727, "eventDate": "2020-11-26T00:00:00Z", "countryCode": "ZA" }, "geometry": { "type": "Point", "coordinates": [ 29.061727, -28.624099 ] } },
{ "type": "Feature", "properties": { "decimalLatitude": -18.252975, "decimalLongitude": 32.011588, "eventDate": "2020-11-01T00:00:00Z", "countryCode": "ZW" }, "geometry": { "type": "Point", "coordinates": [ 32.011588, -18.252975 ] } },
{ "type": "Feature", "properties": { "decimalLatitude": -28.637055, "decimalLongitude": 29.056575, "eventDate": "2020-11-26T00:00:00Z", "countryCode": "ZA" }, "geometry": { "type": "Point", "coordinates": [ 29.056575, -28.637055 ] } },
{ "type": "Feature", "properties": { "decimalLatitude": -29.670677, "decimalLongitude": 30.40064, "eventDate": "2020-11-21T00:00:00Z", "countryCode": "ZA" }, "geometry": { "type": "Point", "coordinates": [ 30.40064, -29.670677 ] } },
{ "type": "Feature", "properties": { "decimalLatitude": -25.791936, "decimalLongitude": 29.428937, "eventDate": "2020-11-14T00:00:00Z", "countryCode": "ZA" }, "geometry": { "type": "Point", "coordinates": [ 29.428937, -25.791936 ] } },
{ "type": "Feature", "properties": { "decimalLatitude": -25.351694, "decimalLongitude": 29.077306, "eventDate": "2020-11-07T00:00:00Z", "countryCode": "ZA" }, "geometry": { "type": "Point", "coordinates": [ 29.077306, -25.351694 ] } },
{ "type": "Feature", "properties": { "decimalLatitude": -18.252536, "decimalLongitude": 32.010921, "eventDate": "2020-12-05T07:34:59Z", "countryCode": "ZW" }, "geometry": { "type": "Point", "coordinates": [ 32.010921, -18.252536 ] } },
{ "type": "Feature", "properties": { "decimalLatitude": -26.467536, "decimalLongitude": 28.210438, "eventDate": "2020-12-28T05:51:00Z", "countryCode": "ZA" }, "geometry": { "type": "Point", "coordinates": [ 28.210438, -26.467536 ] } },
{ "type": "Feature", "properties": { "decimalLatitude": -26.467022, "decimalLongitude": 28.208427, "eventDate": "2020-12-28T07:11:00Z", "countryCode": "ZA" }, "geometry": { "type": "Point", "coordinates": [ 28.208427, -26.467022 ] } },
{ "type": "Feature", "properties": { "decimalLatitude": -25.574961, "decimalLongitude": 28.578725, "eventDate": "2020-12-09T14:45:00Z", "countryCode": "ZA" }, "geometry": { "type": "Point", "coordinates": [ 28.578725, -25.574961 ] } },
{ "type": "Feature", "properties": { "decimalLatitude": -28.714172, "decimalLongitude": 28.934497, "eventDate": "2020-12-14T09:35:59Z", "countryCode": "ZA" }, "geometry": { "type": "Point", "coordinates": [ 28.934497, -28.714172 ] } },
{ "type": "Feature", "properties": { "decimalLatitude": -28.611111, "decimalLongitude": 29.001667, "eventDate": "2020-12-11T17:52:19Z", "countryCode": "ZA" }, "geometry": { "type": "Point", "coordinates": [ 29.001667, -28.611111 ] } },
{ "type": "Feature", "properties": { "decimalLatitude": -25.09996, "decimalLongitude": 30.053745, "eventDate": "2020-12-08T15:38:00Z", "countryCode": "ZA" }, "geometry": { "type": "Point", "coordinates": [ 30.053745, -25.09996 ] } },
{ "type": "Feature", "properties": { "decimalLatitude": -29.997566, "decimalLongitude": 29.892313, "eventDate": "2020-12-23T15:32:28Z", "countryCode": "ZA" }, "geometry": { "type": "Point", "coordinates": [ 29.892313, -29.997566 ] } },
{ "type": "Feature", "properties": { "decimalLatitude": -33.337699, "decimalLongitude": 26.503093, "eventDate": "2020-12-27T00:00:00Z", "countryCode": "ZA" }, "geometry": { "type": "Point", "coordinates": [ 26.503093, -33.337699 ] } },
{ "type": "Feature", "properties": { "decimalLatitude": -29.735652, "decimalLongitude": 30.686296, "eventDate": "2020-12-19T00:00:00Z", "countryCode": "ZA" }, "geometry": { "type": "Point", "coordinates": [ 30.686296, -29.735652 ] } },
{ "type": "Feature", "properties": { "decimalLatitude": -29.740676, "decimalLongitude": 30.683884, "eventDate": "2020-12-14T00:00:00Z", "countryCode": "ZA" }, "geometry": { "type": "Point", "coordinates": [ 30.683884, -29.740676 ] } },
{ "type": "Feature", "properties": { "decimalLatitude": -26.485306, "decimalLongitude": 28.199861, "eventDate": "2020-12-30T00:00:00Z", "countryCode": "ZA" }, "geometry": { "type": "Point", "coordinates": [ 28.199861, -26.485306 ] } },
{ "type": "Feature", "properties": { "decimalLatitude": -26.485306, "decimalLongitude": 28.199861, "eventDate": "2020-12-30T00:00:00Z", "countryCode": "ZA" }, "geometry": { "type": "Point", "coordinates": [ 28.199861, -26.485306 ] } },
{ "type": "Feature", "properties": { "decimalLatitude": -29.735196, "decimalLongitude": 30.684496, "eventDate": "2020-12-19T00:00:00Z", "countryCode": "ZA" }, "geometry": { "type": "Point", "coordinates": [ 30.684496, -29.735196 ] } },
{ "type": "Feature", "properties": { "decimalLatitude": -26.485306, "decimalLongitude": 28.199861, "eventDate": "2020-12-30T00:00:00Z", "countryCode": "ZA" }, "geometry": { "type": "Point", "coordinates": [ 28.199861, -26.485306 ] } },
{ "type": "Feature", "properties": { "decimalLatitude": -26.485306, "decimalLongitude": 28.199861, "eventDate": "2020-12-30T00:00:00Z", "countryCode": "ZA" }, "geometry": { "type": "Point", "coordinates": [ 28.199861, -26.485306 ] } },
{ "type": "Feature", "properties": { "decimalLatitude": -26.485306, "decimalLongitude": 28.199861, "eventDate": "2020-12-30T00:00:00Z", "countryCode": "ZA" }, "geometry": { "type": "Point", "coordinates": [ 28.199861, -26.485306 ] } },
{ "type": "Feature", "properties": { "decimalLatitude": -25.969971, "decimalLongitude": 28.49691, "eventDate": "2020-12-26T00:00:00Z", "countryCode": "ZA" }, "geometry": { "type": "Point", "coordinates": [ 28.49691, -25.969971 ] } },
{ "type": "Feature", "properties": { "decimalLatitude": -29.769462, "decimalLongitude": 30.853601, "eventDate": "2020-12-10T00:00:00Z", "countryCode": "ZA" }, "geometry": { "type": "Point", "coordinates": [ 30.853601, -29.769462 ] } },
{ "type": "Feature", "properties": { "decimalLatitude": -29.744323, "decimalLongitude": 30.685638, "eventDate": "2020-12-29T00:00:00Z", "countryCode": "ZA" }, "geometry": { "type": "Point", "coordinates": [ 30.685638, -29.744323 ] } },
{ "type": "Feature", "properties": { "decimalLatitude": -29.740552, "decimalLongitude": 30.671485, "eventDate": "2020-12-30T00:00:00Z", "countryCode": "ZA" }, "geometry": { "type": "Point", "coordinates": [ 30.671485, -29.740552 ] } },
{ "type": "Feature", "properties": { "decimalLatitude": -29.735196, "decimalLongitude": 30.684496, "eventDate": "2020-12-30T00:00:00Z", "countryCode": "ZA" }, "geometry": { "type": "Point", "coordinates": [ 30.684496, -29.735196 ] } },
{ "type": "Feature", "properties": { "decimalLatitude": -29.740676, "decimalLongitude": 30.683884, "eventDate": "2020-12-30T00:00:00Z", "countryCode": "ZA" }, "geometry": { "type": "Point", "coordinates": [ 30.683884, -29.740676 ] } },
{ "type": "Feature", "properties": { "decimalLatitude": -26.485306, "decimalLongitude": 28.199861, "eventDate": "2020-12-30T00:00:00Z", "countryCode": "ZA" }, "geometry": { "type": "Point", "coordinates": [ 28.199861, -26.485306 ] } },
{ "type": "Feature", "properties": { "decimalLatitude": -26.485306, "decimalLongitude": 28.199861, "eventDate": "2020-12-30T00:00:00Z", "countryCode": "ZA" }, "geometry": { "type": "Point", "coordinates": [ 28.199861, -26.485306 ] } },
{ "type": "Feature", "properties": { "decimalLatitude": -29.740552, "decimalLongitude": 30.671485, "eventDate": "2020-12-19T00:00:00Z", "countryCode": "ZA" }, "geometry": { "type": "Point", "coordinates": [ 30.671485, -29.740552 ] } },
{ "type": "Feature", "properties": { "decimalLatitude": -29.744821, "decimalLongitude": 30.686364, "eventDate": "2020-12-19T00:00:00Z", "countryCode": "ZA" }, "geometry": { "type": "Point", "coordinates": [ 30.686364, -29.744821 ] } },
{ "type": "Feature", "properties": { "decimalLatitude": -26.485306, "decimalLongitude": 28.199861, "eventDate": "2020-12-30T00:00:00Z", "countryCode": "ZA" }, "geometry": { "type": "Point", "coordinates": [ 28.199861, -26.485306 ] } },
{ "type": "Feature", "properties": { "decimalLatitude": -29.740676, "decimalLongitude": 30.683884, "eventDate": "2020-12-08T00:00:00Z", "countryCode": "ZA" }, "geometry": { "type": "Point", "coordinates": [ 30.683884, -29.740676 ] } },
{ "type": "Feature", "properties": { "decimalLatitude": -26.485306, "decimalLongitude": 28.199861, "eventDate": "2020-12-30T00:00:00Z", "countryCode": "ZA" }, "geometry": { "type": "Point", "coordinates": [ 28.199861, -26.485306 ] } },
{ "type": "Feature", "properties": { "decimalLatitude": -18.252975, "decimalLongitude": 32.011588, "eventDate": "2020-12-09T00:00:00Z", "countryCode": "ZW" }, "geometry": { "type": "Point", "coordinates": [ 32.011588, -18.252975 ] } },
{ "type": "Feature", "properties": { "decimalLatitude": -33.337699, "decimalLongitude": 26.503093, "eventDate": "2020-12-27T00:00:00Z", "countryCode": "ZA" }, "geometry": { "type": "Point", "coordinates": [ 26.503093, -33.337699 ] } },
{ "type": "Feature", "properties": { "decimalLatitude": -18.003961, "decimalLongitude": 31.879241, "eventDate": "2021-01-09T09:43:43Z", "countryCode": "ZW" }, "geometry": { "type": "Point", "coordinates": [ 31.879241, -18.003961 ] } },
{ "type": "Feature", "properties": { "decimalLatitude": -17.716394, "decimalLongitude": 31.142378, "eventDate": "2021-01-17T05:49:00Z", "countryCode": "ZW" }, "geometry": { "type": "Point", "coordinates": [ 31.142378, -17.716394 ] } },
{ "type": "Feature", "properties": { "decimalLatitude": -18.25255, "decimalLongitude": 32.010921, "eventDate": "2021-01-16T14:21:55Z", "countryCode": "ZW" }, "geometry": { "type": "Point", "coordinates": [ 32.010921, -18.25255 ] } },
{ "type": "Feature", "properties": { "decimalLatitude": -28.899938, "decimalLongitude": 29.036288, "eventDate": "2021-01-23T11:35:00Z", "countryCode": "ZA" }, "geometry": { "type": "Point", "coordinates": [ 29.036288, -28.899938 ] } },
{ "type": "Feature", "properties": { "decimalLatitude": -27.544765, "decimalLongitude": 31.284777, "eventDate": "2021-01-26T14:40:00Z", "countryCode": "ZA" }, "geometry": { "type": "Point", "coordinates": [ 31.284777, -27.544765 ] } },
{ "type": "Feature", "properties": { "decimalLatitude": -32.139554, "decimalLongitude": 26.98696, "eventDate": "2021-01-31T00:00:00Z", "countryCode": "ZA" }, "geometry": { "type": "Point", "coordinates": [ 26.98696, -32.139554 ] } },
{ "type": "Feature", "properties": { "decimalLatitude": -29.740676, "decimalLongitude": 30.683884, "eventDate": "2021-01-08T00:00:00Z", "countryCode": "ZA" }, "geometry": { "type": "Point", "coordinates": [ 30.683884, -29.740676 ] } },
{ "type": "Feature", "properties": { "decimalLatitude": -25.899282, "decimalLongitude": 30.235836, "eventDate": "2021-01-05T00:00:00Z", "countryCode": "ZA" }, "geometry": { "type": "Point", "coordinates": [ 30.235836, -25.899282 ] } },
{ "type": "Feature", "properties": { "decimalLatitude": -29.733564, "decimalLongitude": 30.679312, "eventDate": "2021-01-13T00:00:00Z", "countryCode": "ZA" }, "geometry": { "type": "Point", "coordinates": [ 30.679312, -29.733564 ] } },
{ "type": "Feature", "properties": { "decimalLatitude": -29.746426, "decimalLongitude": 30.690524, "eventDate": "2021-01-22T00:00:00Z", "countryCode": "ZA" }, "geometry": { "type": "Point", "coordinates": [ 30.690524, -29.746426 ] } },
{ "type": "Feature", "properties": { "decimalLatitude": -29.828073, "decimalLongitude": 30.530728, "eventDate": "2021-01-22T00:00:00Z", "countryCode": "ZA" }, "geometry": { "type": "Point", "coordinates": [ 30.530728, -29.828073 ] } },
{ "type": "Feature", "properties": { "decimalLatitude": -26.462983, "decimalLongitude": 28.188022, "eventDate": "2021-02-03T11:24:00Z", "countryCode": "ZA" }, "geometry": { "type": "Point", "coordinates": [ 28.188022, -26.462983 ] } },
{ "type": "Feature", "properties": { "decimalLatitude": -29.734844, "decimalLongitude": 30.681623, "eventDate": "2021-02-28T00:00:00Z", "countryCode": "ZA" }, "geometry": { "type": "Point", "coordinates": [ 30.681623, -29.734844 ] } },
{ "type": "Feature", "properties": { "decimalLatitude": -29.769462, "decimalLongitude": 30.853601, "eventDate": "2021-02-18T00:00:00Z", "countryCode": "ZA" }, "geometry": { "type": "Point", "coordinates": [ 30.853601, -29.769462 ] } },
{ "type": "Feature", "properties": { "decimalLatitude": -33.919914, "decimalLongitude": 25.492981, "eventDate": "2021-02-13T00:00:00Z", "countryCode": "ZA" }, "geometry": { "type": "Point", "coordinates": [ 25.492981, -33.919914 ] } },
{ "type": "Feature", "properties": { "decimalLatitude": -29.740676, "decimalLongitude": 30.683884, "eventDate": "2021-02-13T00:00:00Z", "countryCode": "ZA" }, "geometry": { "type": "Point", "coordinates": [ 30.683884, -29.740676 ] } },
{ "type": "Feature", "properties": { "decimalLatitude": -29.727459, "decimalLongitude": 30.828743, "eventDate": "2021-02-20T00:00:00Z", "countryCode": "ZA" }, "geometry": { "type": "Point", "coordinates": [ 30.828743, -29.727459 ] } },
{ "type": "Feature", "properties": { "decimalLatitude": -29.697214, "decimalLongitude": 29.412261, "eventDate": "2021-02-14T00:00:00Z", "countryCode": "ZA" }, "geometry": { "type": "Point", "coordinates": [ 29.412261, -29.697214 ] } },
{ "type": "Feature", "properties": { "decimalLatitude": -29.740676, "decimalLongitude": 30.683884, "eventDate": "2021-02-05T00:00:00Z", "countryCode": "ZA" }, "geometry": { "type": "Point", "coordinates": [ 30.683884, -29.740676 ] } },
{ "type": "Feature", "properties": { "decimalLatitude": -27.234638, "decimalLongitude": 28.767647, "eventDate": "2021-03-14T11:07:00Z", "countryCode": "ZA" }, "geometry": { "type": "Point", "coordinates": [ 28.767647, -27.234638 ] } },
{ "type": "Feature", "properties": { "decimalLatitude": -26.47871, "decimalLongitude": 28.211474, "eventDate": "2021-03-28T07:45:08Z", "countryCode": "ZA" }, "geometry": { "type": "Point", "coordinates": [ 28.211474, -26.47871 ] } },
{ "type": "Feature", "properties": { "decimalLatitude": -29.690299, "decimalLongitude": 30.651706, "eventDate": "2021-03-19T13:03:00Z", "countryCode": "ZA" }, "geometry": { "type": "Point", "coordinates": [ 30.651706, -29.690299 ] } },
{ "type": "Feature", "properties": { "decimalLatitude": -27.66661, "decimalLongitude": 28.745841, "eventDate": "2021-03-02T11:29:00Z", "countryCode": "ZA" }, "geometry": { "type": "Point", "coordinates": [ 28.745841, -27.66661 ] } },
{ "type": "Feature", "properties": { "decimalLatitude": -27.66661, "decimalLongitude": 28.745841, "eventDate": "2021-03-02T11:25:00Z", "countryCode": "ZA" }, "geometry": { "type": "Point", "coordinates": [ 28.745841, -27.66661 ] } },
{ "type": "Feature", "properties": { "decimalLatitude": -2.470375, "decimalLongitude": 37.329171, "eventDate": "2021-03-23T08:38:00Z", "countryCode": "KE" }, "geometry": { "type": "Point", "coordinates": [ 37.329171, -2.470375 ] } },
{ "type": "Feature", "properties": { "decimalLatitude": -27.680671, "decimalLongitude": 28.747737, "eventDate": "2021-03-28T00:00:00Z", "countryCode": "ZA" }, "geometry": { "type": "Point", "coordinates": [ 28.747737, -27.680671 ] } },
{ "type": "Feature", "properties": { "decimalLatitude": -29.735196, "decimalLongitude": 30.684496, "eventDate": "2021-03-27T00:00:00Z", "countryCode": "ZA" }, "geometry": { "type": "Point", "coordinates": [ 30.684496, -29.735196 ] } },
{ "type": "Feature", "properties": { "decimalLatitude": -29.739833, "decimalLongitude": 30.680333, "eventDate": "2021-03-19T00:00:00Z", "countryCode": "ZA" }, "geometry": { "type": "Point", "coordinates": [ 30.680333, -29.739833 ] } },
{ "type": "Feature", "properties": { "decimalLatitude": -24.186639, "decimalLongitude": 28.871691, "eventDate": "2021-03-10T00:00:00Z", "countryCode": "ZA" }, "geometry": { "type": "Point", "coordinates": [ 28.871691, -24.186639 ] } },
{ "type": "Feature", "properties": { "decimalLatitude": -24.186639, "decimalLongitude": 28.871691, "eventDate": "2021-03-11T00:00:00Z", "countryCode": "ZA" }, "geometry": { "type": "Point", "coordinates": [ 28.871691, -24.186639 ] } },
{ "type": "Feature", "properties": { "decimalLatitude": -28.124125, "decimalLongitude": 27.302634, "eventDate": "2021-03-18T00:00:00Z", "countryCode": "ZA" }, "geometry": { "type": "Point", "coordinates": [ 27.302634, -28.124125 ] } },
{ "type": "Feature", "properties": { "decimalLatitude": -27.673457, "decimalLongitude": 28.748006, "eventDate": "2021-03-02T00:00:00Z", "countryCode": "ZA" }, "geometry": { "type": "Point", "coordinates": [ 28.748006, -27.673457 ] } },
{ "type": "Feature", "properties": { "decimalLatitude": -26.493331, "decimalLongitude": 28.328242, "eventDate": "2021-04-03T11:10:00Z", "countryCode": "ZA" }, "geometry": { "type": "Point", "coordinates": [ 28.328242, -26.493331 ] } },
{ "type": "Feature", "properties": { "decimalLatitude": -34.031469, "decimalLongitude": 21.824259, "eventDate": "2021-04-14T13:02:52Z", "countryCode": "ZA" }, "geometry": { "type": "Point", "coordinates": [ 21.824259, -34.031469 ] } },
{ "type": "Feature", "properties": { "decimalLatitude": -29.727459, "decimalLongitude": 30.828743, "eventDate": "2021-04-10T00:00:00Z", "countryCode": "ZA" }, "geometry": { "type": "Point", "coordinates": [ 30.828743, -29.727459 ] } },
{ "type": "Feature", "properties": { "decimalLatitude": -33.919781, "decimalLongitude": 25.488628, "eventDate": "2021-05-01T11:38:00Z", "countryCode": "ZA" }, "geometry": { "type": "Point", "coordinates": [ 25.488628, -33.919781 ] } },
{ "type": "Feature", "properties": { "decimalLatitude": -2.224, "decimalLongitude": 34.968, "eventDate": "2021-08-24T00:00:00Z", "countryCode": "TZ" }, "geometry": { "type": "Point", "coordinates": [ 34.968, -2.224 ] } },
{ "type": "Feature", "properties": { "decimalLatitude": -29.79356, "decimalLongitude": 30.577073, "eventDate": "2021-08-17T00:00:00Z", "countryCode": "ZA" }, "geometry": { "type": "Point", "coordinates": [ 30.577073, -29.79356 ] } },
{ "type": "Feature", "properties": { "decimalLatitude": -24.168412, "decimalLongitude": 30.246091, "eventDate": "2021-08-28T00:00:00Z", "countryCode": "ZA" }, "geometry": { "type": "Point", "coordinates": [ 30.246091, -24.168412 ] } },
{ "type": "Feature", "properties": { "decimalLatitude": -29.780683, "decimalLongitude": 30.846773, "eventDate": "2021-08-21T00:00:00Z", "countryCode": "ZA" }, "geometry": { "type": "Point", "coordinates": [ 30.846773, -29.780683 ] } },
{ "type": "Feature", "properties": { "decimalLatitude": -26.086154, "decimalLongitude": 27.844209, "eventDate": "2021-09-14T12:22:00Z", "countryCode": "ZA" }, "geometry": { "type": "Point", "coordinates": [ 27.844209, -26.086154 ] } },
{ "type": "Feature", "properties": { "decimalLatitude": -26.104239, "decimalLongitude": 27.832166, "eventDate": "2021-09-19T12:06:00Z", "countryCode": "ZA" }, "geometry": { "type": "Point", "coordinates": [ 27.832166, -26.104239 ] } },
{ "type": "Feature", "properties": { "decimalLatitude": -29.780586, "decimalLongitude": 30.772949, "eventDate": "2021-09-25T19:01:00Z", "countryCode": "ZA" }, "geometry": { "type": "Point", "coordinates": [ 30.772949, -29.780586 ] } },
{ "type": "Feature", "properties": { "decimalLatitude": -24.14189, "decimalLongitude": 30.178412, "eventDate": "2021-09-24T00:00:00Z", "countryCode": "ZA" }, "geometry": { "type": "Point", "coordinates": [ 30.178412, -24.14189 ] } },
{ "type": "Feature", "properties": { "decimalLatitude": -24.165929, "decimalLongitude": 30.23754, "eventDate": "2021-09-24T00:00:00Z", "countryCode": "ZA" }, "geometry": { "type": "Point", "coordinates": [ 30.23754, -24.165929 ] } },
{ "type": "Feature", "properties": { "decimalLatitude": -29.769462, "decimalLongitude": 30.853601, "eventDate": "2021-09-11T00:00:00Z", "countryCode": "ZA" }, "geometry": { "type": "Point", "coordinates": [ 30.853601, -29.769462 ] } },
{ "type": "Feature", "properties": { "decimalLatitude": -24.14189, "decimalLongitude": 30.178412, "eventDate": "2021-09-24T00:00:00Z", "countryCode": "ZA" }, "geometry": { "type": "Point", "coordinates": [ 30.178412, -24.14189 ] } },
{ "type": "Feature", "properties": { "decimalLatitude": -24.14189, "decimalLongitude": 30.178412, "eventDate": "2021-09-24T00:00:00Z", "countryCode": "ZA" }, "geometry": { "type": "Point", "coordinates": [ 30.178412, -24.14189 ] } },
{ "type": "Feature", "properties": { "decimalLatitude": -24.14189, "decimalLongitude": 30.178412, "eventDate": "2021-09-24T00:00:00Z", "countryCode": "ZA" }, "geometry": { "type": "Point", "coordinates": [ 30.178412, -24.14189 ] } },
{ "type": "Feature", "properties": { "decimalLatitude": -29.769462, "decimalLongitude": 30.853601, "eventDate": "2021-09-02T00:00:00Z", "countryCode": "ZA" }, "geometry": { "type": "Point", "coordinates": [ 30.853601, -29.769462 ] } },
{ "type": "Feature", "properties": { "decimalLatitude": -30.278594, "decimalLongitude": 30.737383, "eventDate": "2021-09-12T00:00:00Z", "countryCode": "ZA" }, "geometry": { "type": "Point", "coordinates": [ 30.737383, -30.278594 ] } },
{ "type": "Feature", "properties": { "decimalLatitude": -24.14189, "decimalLongitude": 30.178412, "eventDate": "2021-09-24T00:00:00Z", "countryCode": "ZA" }, "geometry": { "type": "Point", "coordinates": [ 30.178412, -24.14189 ] } },
{ "type": "Feature", "properties": { "decimalLatitude": -25.705642, "decimalLongitude": 28.948522, "eventDate": "2021-10-05T13:59:39Z", "countryCode": "ZA" }, "geometry": { "type": "Point", "coordinates": [ 28.948522, -25.705642 ] } },
{ "type": "Feature", "properties": { "decimalLatitude": -27.141195, "decimalLongitude": 29.989687, "eventDate": "2021-10-21T11:23:00Z", "countryCode": "ZA" }, "geometry": { "type": "Point", "coordinates": [ 29.989687, -27.141195 ] } },
{ "type": "Feature", "properties": { "decimalLatitude": -25.900985, "decimalLongitude": 27.797363, "eventDate": "2021-10-23T11:38:00Z", "countryCode": "ZA" }, "geometry": { "type": "Point", "coordinates": [ 27.797363, -25.900985 ] } },
{ "type": "Feature", "properties": { "decimalLatitude": -24.14189, "decimalLongitude": 30.178412, "eventDate": "2021-10-23T00:00:00Z", "countryCode": "ZA" }, "geometry": { "type": "Point", "coordinates": [ 30.178412, -24.14189 ] } },
{ "type": "Feature", "properties": { "decimalLatitude": -28.947, "decimalLongitude": 29.205551, "eventDate": "2021-10-02T00:00:00Z", "countryCode": "ZA" }, "geometry": { "type": "Point", "coordinates": [ 29.205551, -28.947 ] } },
{ "type": "Feature", "properties": { "decimalLatitude": -14.254197, "decimalLongitude": 33.440338, "eventDate": "2021-11-28T11:49:05Z", "countryCode": "MW" }, "geometry": { "type": "Point", "coordinates": [ 33.440338, -14.254197 ] } },
{ "type": "Feature", "properties": { "decimalLatitude": -14.254197, "decimalLongitude": 33.440338, "eventDate": "2021-11-28T11:49:07Z", "countryCode": "MW" }, "geometry": { "type": "Point", "coordinates": [ 33.440338, -14.254197 ] } },
{ "type": "Feature", "properties": { "decimalLatitude": -28.867014, "decimalLongitude": 31.69383, "eventDate": "2021-11-24T09:53:00Z", "countryCode": "ZA" }, "geometry": { "type": "Point", "coordinates": [ 31.69383, -28.867014 ] } },
{ "type": "Feature", "properties": { "decimalLatitude": -32.139554, "decimalLongitude": 26.98696, "eventDate": "2021-11-13T00:00:00Z", "countryCode": "ZA" }, "geometry": { "type": "Point", "coordinates": [ 26.98696, -32.139554 ] } },
{ "type": "Feature", "properties": { "decimalLatitude": -25.491877, "decimalLongitude": 31.010588, "eventDate": "2021-12-21T11:01:00Z", "countryCode": "ZA" }, "geometry": { "type": "Point", "coordinates": [ 31.010588, -25.491877 ] } },
{ "type": "Feature", "properties": { "decimalLatitude": -34.04416, "decimalLongitude": 21.904714, "eventDate": "2021-12-09T11:42:37Z", "countryCode": "ZA" }, "geometry": { "type": "Point", "coordinates": [ 21.904714, -34.04416 ] } },
{ "type": "Feature", "properties": { "decimalLatitude": -28.696583, "decimalLongitude": 28.94225, "eventDate": "2021-12-25T10:07:00Z", "countryCode": "ZA" }, "geometry": { "type": "Point", "coordinates": [ 28.94225, -28.696583 ] } },
{ "type": "Feature", "properties": { "decimalLatitude": -28.676245, "decimalLongitude": 28.953868, "eventDate": "2021-12-30T08:34:00Z", "countryCode": "ZA" }, "geometry": { "type": "Point", "coordinates": [ 28.953868, -28.676245 ] } },
{ "type": "Feature", "properties": { "decimalLatitude": -28.673162, "decimalLongitude": 28.952857, "eventDate": "2021-12-30T10:20:00Z", "countryCode": "ZA" }, "geometry": { "type": "Point", "coordinates": [ 28.952857, -28.673162 ] } },
{ "type": "Feature", "properties": { "decimalLatitude": -28.275784, "decimalLongitude": 27.210393, "eventDate": "2021-12-14T10:28:00Z", "countryCode": "ZA" }, "geometry": { "type": "Point", "coordinates": [ 27.210393, -28.275784 ] } },
{ "type": "Feature", "properties": { "decimalLatitude": -28.27586, "decimalLongitude": 27.210393, "eventDate": "2021-12-14T10:47:00Z", "countryCode": "ZA" }, "geometry": { "type": "Point", "coordinates": [ 27.210393, -28.27586 ] } },
{ "type": "Feature", "properties": { "decimalLatitude": -27.908026, "decimalLongitude": 29.935643, "eventDate": "2021-12-02T15:17:00Z", "countryCode": "ZA" }, "geometry": { "type": "Point", "coordinates": [ 29.935643, -27.908026 ] } },
{ "type": "Feature", "properties": { "decimalLatitude": -29.769462, "decimalLongitude": 30.853601, "eventDate": "2021-12-29T00:00:00Z", "countryCode": "ZA" }, "geometry": { "type": "Point", "coordinates": [ 30.853601, -29.769462 ] } },
{ "type": "Feature", "properties": { "decimalLatitude": -28.689985, "decimalLongitude": 28.945885, "eventDate": "2021-12-30T00:00:00Z", "countryCode": "ZA" }, "geometry": { "type": "Point", "coordinates": [ 28.945885, -28.689985 ] } },
{ "type": "Feature", "properties": { "decimalLatitude": -28.689985, "decimalLongitude": 28.945885, "eventDate": "2021-12-30T00:00:00Z", "countryCode": "ZA" }, "geometry": { "type": "Point", "coordinates": [ 28.945885, -28.689985 ] } },
{ "type": "Feature", "properties": { "decimalLatitude": -28.689985, "decimalLongitude": 28.945885, "eventDate": "2021-12-25T00:00:00Z", "countryCode": "ZA" }, "geometry": { "type": "Point", "coordinates": [ 28.945885, -28.689985 ] } },
{ "type": "Feature", "properties": { "decimalLatitude": -27.137033, "decimalLongitude": 32.025248, "eventDate": "2021-12-02T00:00:00Z", "countryCode": "ZA" }, "geometry": { "type": "Point", "coordinates": [ 32.025248, -27.137033 ] } },
{ "type": "Feature", "properties": { "decimalLatitude": -33.333103, "decimalLongitude": 26.546612, "eventDate": "2022-01-02T12:04:19Z", "countryCode": "ZA" }, "geometry": { "type": "Point", "coordinates": [ 26.546612, -33.333103 ] } },
{ "type": "Feature", "properties": { "decimalLatitude": -26.486667, "decimalLongitude": 28.179167, "eventDate": "2022-01-30T12:52:00Z", "countryCode": "ZA" }, "geometry": { "type": "Point", "coordinates": [ 28.179167, -26.486667 ] } },
{ "type": "Feature", "properties": { "decimalLatitude": -18.003957, "decimalLongitude": 31.879241, "eventDate": "2022-01-15T12:39:11Z", "countryCode": "ZW" }, "geometry": { "type": "Point", "coordinates": [ 31.879241, -18.003957 ] } },
{ "type": "Feature", "properties": { "decimalLatitude": -28.960747, "decimalLongitude": 29.26743, "eventDate": "2022-01-12T09:44:00Z", "countryCode": "ZA" }, "geometry": { "type": "Point", "coordinates": [ 29.26743, -28.960747 ] } },
{ "type": "Feature", "properties": { "decimalLatitude": -13.397687, "decimalLongitude": 28.72665, "eventDate": "2022-01-01T09:22:00Z", "countryCode": "ZM" }, "geometry": { "type": "Point", "coordinates": [ 28.72665, -13.397687 ] } },
{ "type": "Feature", "properties": { "decimalLatitude": -29.628023, "decimalLongitude": 30.987017, "eventDate": "2022-01-28T10:44:00Z", "countryCode": "ZA" }, "geometry": { "type": "Point", "coordinates": [ 30.987017, -29.628023 ] } },
{ "type": "Feature", "properties": { "decimalLatitude": -28.968875, "decimalLongitude": 29.26126, "eventDate": "2022-01-11T13:48:00Z", "countryCode": "ZA" }, "geometry": { "type": "Point", "coordinates": [ 29.26126, -28.968875 ] } },
{ "type": "Feature", "properties": { "decimalLatitude": -27.157828, "decimalLongitude": 28.428654, "eventDate": "2022-01-08T00:00:00Z", "countryCode": "ZA" }, "geometry": { "type": "Point", "coordinates": [ 28.428654, -27.157828 ] } },
{ "type": "Feature", "properties": { "decimalLatitude": -13.405715, "decimalLongitude": 28.744768, "eventDate": "2022-01-01T00:00:00Z", "countryCode": "ZM" }, "geometry": { "type": "Point", "coordinates": [ 28.744768, -13.405715 ] } },
{ "type": "Feature", "properties": { "decimalLatitude": -26.448981, "decimalLongitude": 27.500324, "eventDate": "2022-01-11T00:00:00Z", "countryCode": "ZA" }, "geometry": { "type": "Point", "coordinates": [ 27.500324, -26.448981 ] } },
{ "type": "Feature", "properties": { "decimalLatitude": -24.553778, "decimalLongitude": 27.464614, "eventDate": "2022-02-12T10:17:00Z", "countryCode": "ZA" }, "geometry": { "type": "Point", "coordinates": [ 27.464614, -24.553778 ] } },
{ "type": "Feature", "properties": { "decimalLatitude": -24.559814, "decimalLongitude": 27.438365, "eventDate": "2022-02-13T00:00:00Z", "countryCode": "ZA" }, "geometry": { "type": "Point", "coordinates": [ 27.438365, -24.559814 ] } },
{ "type": "Feature", "properties": { "decimalLatitude": -14.263801, "decimalLongitude": 33.455077, "eventDate": "2022-03-03T17:24:00Z", "countryCode": "MW" }, "geometry": { "type": "Point", "coordinates": [ 33.455077, -14.263801 ] } },
{ "type": "Feature", "properties": { "decimalLatitude": -25.586132, "decimalLongitude": 30.422415, "eventDate": "2022-03-20T12:25:00Z", "countryCode": "ZA" }, "geometry": { "type": "Point", "coordinates": [ 30.422415, -25.586132 ] } },
{ "type": "Feature", "properties": { "decimalLatitude": -26.823533, "decimalLongitude": 27.366774, "eventDate": "2022-03-06T18:01:00Z", "countryCode": "ZA" }, "geometry": { "type": "Point", "coordinates": [ 27.366774, -26.823533 ] } },
{ "type": "Feature", "properties": { "decimalLatitude": -25.593852, "decimalLongitude": 30.446548, "eventDate": "2022-03-19T00:00:00Z", "countryCode": "ZA" }, "geometry": { "type": "Point", "coordinates": [ 30.446548, -25.593852 ] } },
{ "type": "Feature", "properties": { "decimalLatitude": -31.009725, "decimalLongitude": 30.16468, "eventDate": "2022-03-01T00:00:00Z", "countryCode": "ZA" }, "geometry": { "type": "Point", "coordinates": [ 30.16468, -31.009725 ] } },
{ "type": "Feature", "properties": { "decimalLatitude": -29.769462, "decimalLongitude": 30.853601, "eventDate": "2022-03-31T00:00:00Z", "countryCode": "ZA" }, "geometry": { "type": "Point", "coordinates": [ 30.853601, -29.769462 ] } },
{ "type": "Feature", "properties": { "decimalLatitude": -32.122151, "decimalLongitude": 27.070539, "eventDate": "2022-03-09T00:00:00Z", "countryCode": "ZA" }, "geometry": { "type": "Point", "coordinates": [ 27.070539, -32.122151 ] } },
{ "type": "Feature", "properties": { "decimalLatitude": -29.769462, "decimalLongitude": 30.853601, "eventDate": "2022-03-11T00:00:00Z", "countryCode": "ZA" }, "geometry": { "type": "Point", "coordinates": [ 30.853601, -29.769462 ] } },
{ "type": "Feature", "properties": { "decimalLatitude": -1.400302, "decimalLongitude": 36.849565, "eventDate": "2022-04-29T15:21:00Z", "countryCode": "KE" }, "geometry": { "type": "Point", "coordinates": [ 36.849565, -1.400302 ] } },
{ "type": "Feature", "properties": { "decimalLatitude": -25.817165, "decimalLongitude": 27.470052, "eventDate": "2022-04-02T06:58:00Z", "countryCode": "ZA" }, "geometry": { "type": "Point", "coordinates": [ 27.470052, -25.817165 ] } },
{ "type": "Feature", "properties": { "decimalLatitude": -1.398554, "decimalLongitude": 36.849831, "eventDate": "2022-04-20T11:16:00Z", "countryCode": "KE" }, "geometry": { "type": "Point", "coordinates": [ 36.849831, -1.398554 ] } },
{ "type": "Feature", "properties": { "decimalLatitude": -29.758869, "decimalLongitude": 30.829029, "eventDate": "2022-04-02T16:29:39Z", "countryCode": "ZA" }, "geometry": { "type": "Point", "coordinates": [ 30.829029, -29.758869 ] } },
{ "type": "Feature", "properties": { "decimalLatitude": -12.89472, "decimalLongitude": 31.95982, "eventDate": "2022-04-09T00:00:00Z", "countryCode": "ZM" }, "geometry": { "type": "Point", "coordinates": [ 31.95982, -12.89472 ] } },
{ "type": "Feature", "properties": { "decimalLatitude": -29.778946, "decimalLongitude": 30.834222, "eventDate": "2022-04-29T00:00:00Z", "countryCode": "ZA" }, "geometry": { "type": "Point", "coordinates": [ 30.834222, -29.778946 ] } },
{ "type": "Feature", "properties": { "decimalLatitude": -29.769462, "decimalLongitude": 30.853601, "eventDate": "2022-04-30T00:00:00Z", "countryCode": "ZA" }, "geometry": { "type": "Point", "coordinates": [ 30.853601, -29.769462 ] } },
{ "type": "Feature", "properties": { "decimalLatitude": -29.769462, "decimalLongitude": 30.853601, "eventDate": "2022-05-02T00:00:00Z", "countryCode": "ZA" }, "geometry": { "type": "Point", "coordinates": [ 30.853601, -29.769462 ] } },
{ "type": "Feature", "properties": { "decimalLatitude": -29.769462, "decimalLongitude": 30.853601, "eventDate": "2022-05-01T00:00:00Z", "countryCode": "ZA" }, "geometry": { "type": "Point", "coordinates": [ 30.853601, -29.769462 ] } },
{ "type": "Feature", "properties": { "decimalLatitude": -27.722575, "decimalLongitude": 29.95595, "eventDate": "2022-06-29T15:11:00Z", "countryCode": "ZA" }, "geometry": { "type": "Point", "coordinates": [ 29.95595, -27.722575 ] } },
{ "type": "Feature", "properties": { "decimalLatitude": 9.969849, "decimalLongitude": 9.050011, "eventDate": "2022-06-04T12:13:00Z", "countryCode": "NG" }, "geometry": { "type": "Point", "coordinates": [ 9.050011, 9.969849 ] } },
{ "type": "Feature", "properties": { "decimalLatitude": -28.612951, "decimalLongitude": 29.002898, "eventDate": "2022-06-15T00:00:00Z", "countryCode": "ZA" }, "geometry": { "type": "Point", "coordinates": [ 29.002898, -28.612951 ] } },
{ "type": "Feature", "properties": { "decimalLatitude": 7.620925, "decimalLongitude": -5.014486, "eventDate": "2022-07-17T16:04:32Z", "countryCode": "CI" }, "geometry": { "type": "Point", "coordinates": [ -5.014486, 7.620925 ] } },
{ "type": "Feature", "properties": { "decimalLatitude": 7.681155, "decimalLongitude": -4.931893, "eventDate": "2022-07-16T12:46:00Z", "countryCode": "CI" }, "geometry": { "type": "Point", "coordinates": [ -4.931893, 7.681155 ] } },
{ "type": "Feature", "properties": { "decimalLatitude": 3.992169, "decimalLongitude": 26.410859, "eventDate": "2022-07-20T00:00:00Z", "countryCode": "CD" }, "geometry": { "type": "Point", "coordinates": [ 26.410859, 3.992169 ] } },
{ "type": "Feature", "properties": { "decimalLatitude": -4.442903, "decimalLongitude": 39.536895, "eventDate": "2022-07-26T17:51:48Z", "countryCode": "KE" }, "geometry": { "type": "Point", "coordinates": [ 39.536895, -4.442903 ] } },
{ "type": "Feature", "properties": { "decimalLatitude": -30.278594, "decimalLongitude": 30.737383, "eventDate": "2022-07-21T00:00:00Z", "countryCode": "ZA" }, "geometry": { "type": "Point", "coordinates": [ 30.737383, -30.278594 ] } },
{ "type": "Feature", "properties": { "decimalLatitude": -30.278594, "decimalLongitude": 30.737383, "eventDate": "2022-07-21T00:00:00Z", "countryCode": "ZA" }, "geometry": { "type": "Point", "coordinates": [ 30.737383, -30.278594 ] } },
{ "type": "Feature", "properties": { "decimalLatitude": -29.780553, "decimalLongitude": 30.844899, "eventDate": "2022-08-25T08:41:32Z", "countryCode": "ZA" }, "geometry": { "type": "Point", "coordinates": [ 30.844899, -29.780553 ] } },
{ "type": "Feature", "properties": { "decimalLatitude": -30.273729, "decimalLongitude": 30.737547, "eventDate": "2022-08-10T13:30:00Z", "countryCode": "ZA" }, "geometry": { "type": "Point", "coordinates": [ 30.737547, -30.273729 ] } },
{ "type": "Feature", "properties": { "decimalLatitude": -27.711054, "decimalLongitude": 29.948191, "eventDate": "2022-08-22T15:00:44Z", "countryCode": "ZA" }, "geometry": { "type": "Point", "coordinates": [ 29.948191, -27.711054 ] } },
{ "type": "Feature", "properties": { "decimalLatitude": -27.711054, "decimalLongitude": 29.948191, "eventDate": "2022-08-22T15:00:52Z", "countryCode": "ZA" }, "geometry": { "type": "Point", "coordinates": [ 29.948191, -27.711054 ] } },
{ "type": "Feature", "properties": { "decimalLatitude": -30.275124, "decimalLongitude": 30.740452, "eventDate": "2022-08-10T00:00:00Z", "countryCode": "ZA" }, "geometry": { "type": "Point", "coordinates": [ 30.740452, -30.275124 ] } },
{ "type": "Feature", "properties": { "decimalLatitude": -30.274915, "decimalLongitude": 30.740521, "eventDate": "2022-09-10T12:30:00Z", "countryCode": "ZA" }, "geometry": { "type": "Point", "coordinates": [ 30.740521, -30.274915 ] } },
{ "type": "Feature", "properties": { "decimalLatitude": -26.378345, "decimalLongitude": 27.637569, "eventDate": "2022-09-27T11:35:57Z", "countryCode": "ZA" }, "geometry": { "type": "Point", "coordinates": [ 27.637569, -26.378345 ] } },
{ "type": "Feature", "properties": { "decimalLatitude": -32.11519, "decimalLongitude": 26.988234, "eventDate": "2022-09-10T11:25:00Z", "countryCode": "ZA" }, "geometry": { "type": "Point", "coordinates": [ 26.988234, -32.11519 ] } },
{ "type": "Feature", "properties": { "decimalLatitude": -26.639198, "decimalLongitude": 27.177035, "eventDate": "2022-09-17T13:26:00Z", "countryCode": "ZA" }, "geometry": { "type": "Point", "coordinates": [ 27.177035, -26.639198 ] } },
{ "type": "Feature", "properties": { "decimalLatitude": -24.669846, "decimalLongitude": 30.821203, "eventDate": "2022-09-11T10:28:00Z", "countryCode": "ZA" }, "geometry": { "type": "Point", "coordinates": [ 30.821203, -24.669846 ] } },
{ "type": "Feature", "properties": { "decimalLatitude": -24.674838, "decimalLongitude": 30.811564, "eventDate": "2022-09-11T11:47:00Z", "countryCode": "ZA" }, "geometry": { "type": "Point", "coordinates": [ 30.811564, -24.674838 ] } },
{ "type": "Feature", "properties": { "decimalLatitude": 10.470076, "decimalLongitude": 1.47093, "eventDate": "2022-09-07T11:01:00Z", "countryCode": "BJ" }, "geometry": { "type": "Point", "coordinates": [ 1.47093, 10.470076 ] } },
{ "type": "Feature", "properties": { "decimalLatitude": -29.506737, "decimalLongitude": 30.216848, "eventDate": "2022-09-10T12:31:00Z", "countryCode": "ZA" }, "geometry": { "type": "Point", "coordinates": [ 30.216848, -29.506737 ] } },
{ "type": "Feature", "properties": { "decimalLatitude": -30.275309, "decimalLongitude": 30.740704, "eventDate": "2022-09-10T00:00:00Z", "countryCode": "ZA" }, "geometry": { "type": "Point", "coordinates": [ 30.740704, -30.275309 ] } },
{ "type": "Feature", "properties": { "decimalLatitude": -25.919545, "decimalLongitude": 27.831975, "eventDate": "2022-10-10T09:27:20Z", "countryCode": "ZA" }, "geometry": { "type": "Point", "coordinates": [ 27.831975, -25.919545 ] } },
{ "type": "Feature", "properties": { "decimalLatitude": -31.155381, "decimalLongitude": 30.02005, "eventDate": "2022-10-30T10:19:15Z", "countryCode": "ZA" }, "geometry": { "type": "Point", "coordinates": [ 30.02005, -31.155381 ] } },
{ "type": "Feature", "properties": { "decimalLatitude": -19.993301, "decimalLongitude": 28.5259, "eventDate": "2022-10-30T11:54:00Z", "countryCode": "ZW" }, "geometry": { "type": "Point", "coordinates": [ 28.5259, -19.993301 ] } },
{ "type": "Feature", "properties": { "decimalLatitude": -19.993301, "decimalLongitude": 28.5259, "eventDate": "2022-10-30T11:54:00Z", "countryCode": "ZW" }, "geometry": { "type": "Point", "coordinates": [ 28.5259, -19.993301 ] } },
{ "type": "Feature", "properties": { "decimalLatitude": -33.612225, "decimalLongitude": 25.255618, "eventDate": "2022-10-19T16:11:00Z", "countryCode": "ZA" }, "geometry": { "type": "Point", "coordinates": [ 25.255618, -33.612225 ] } },
{ "type": "Feature", "properties": { "decimalLatitude": -31.197114, "decimalLongitude": 29.973503, "eventDate": "2022-10-30T10:08:45Z", "countryCode": "ZA" }, "geometry": { "type": "Point", "coordinates": [ 29.973503, -31.197114 ] } },
{ "type": "Feature", "properties": { "decimalLatitude": -26.78646, "decimalLongitude": 27.50738, "eventDate": "2022-10-08T13:28:00Z", "countryCode": "ZA" }, "geometry": { "type": "Point", "coordinates": [ 27.50738, -26.78646 ] } },
{ "type": "Feature", "properties": { "decimalLatitude": -33.888858, "decimalLongitude": 22.008547, "eventDate": "2022-10-14T12:12:51Z", "countryCode": "ZA" }, "geometry": { "type": "Point", "coordinates": [ 22.008547, -33.888858 ] } },
{ "type": "Feature", "properties": { "decimalLatitude": -27.474211, "decimalLongitude": 30.594655, "eventDate": "2022-10-25T11:56:20Z", "countryCode": "ZA" }, "geometry": { "type": "Point", "coordinates": [ 30.594655, -27.474211 ] } },
{ "type": "Feature", "properties": { "decimalLatitude": -27.525014, "decimalLongitude": 31.213426, "eventDate": "2022-10-23T10:10:00Z", "countryCode": "ZA" }, "geometry": { "type": "Point", "coordinates": [ 31.213426, -27.525014 ] } },
{ "type": "Feature", "properties": { "decimalLatitude": -27.566785, "decimalLongitude": 31.274159, "eventDate": "2022-10-24T10:06:00Z", "countryCode": "ZA" }, "geometry": { "type": "Point", "coordinates": [ 31.274159, -27.566785 ] } },
{ "type": "Feature", "properties": { "decimalLatitude": -26.786792, "decimalLongitude": 27.506858, "eventDate": "2022-10-08T00:00:00Z", "countryCode": "ZA" }, "geometry": { "type": "Point", "coordinates": [ 27.506858, -26.786792 ] } },
{ "type": "Feature", "properties": { "decimalLatitude": -27.54454, "decimalLongitude": 31.280909, "eventDate": "2022-10-23T00:00:00Z", "countryCode": "ZA" }, "geometry": { "type": "Point", "coordinates": [ 31.280909, -27.54454 ] } },
{ "type": "Feature", "properties": { "decimalLatitude": -25.164538, "decimalLongitude": 30.552167, "eventDate": "2022-11-16T13:59:00Z", "countryCode": "ZA" }, "geometry": { "type": "Point", "coordinates": [ 30.552167, -25.164538 ] } },
{ "type": "Feature", "properties": { "decimalLatitude": -25.792238, "decimalLongitude": 31.980387, "eventDate": "2022-11-16T10:02:04Z", "countryCode": "MZ" }, "geometry": { "type": "Point", "coordinates": [ 31.980387, -25.792238 ] } },
{ "type": "Feature", "properties": { "decimalLatitude": -30.262768, "decimalLongitude": 30.239721, "eventDate": "2022-11-29T10:36:00Z", "countryCode": "ZA" }, "geometry": { "type": "Point", "coordinates": [ 30.239721, -30.262768 ] } },
{ "type": "Feature", "properties": { "decimalLatitude": -29.560076, "decimalLongitude": 30.247864, "eventDate": "2022-11-29T10:57:00Z", "countryCode": "ZA" }, "geometry": { "type": "Point", "coordinates": [ 30.247864, -29.560076 ] } },
{ "type": "Feature", "properties": { "decimalLatitude": -26.626411, "decimalLongitude": 28.616394, "eventDate": "2022-11-20T00:00:00Z", "countryCode": "ZA" }, "geometry": { "type": "Point", "coordinates": [ 28.616394, -26.626411 ] } },
{ "type": "Feature", "properties": { "decimalLatitude": -29.769462, "decimalLongitude": 30.853601, "eventDate": "2022-11-30T00:00:00Z", "countryCode": "ZA" }, "geometry": { "type": "Point", "coordinates": [ 30.853601, -29.769462 ] } },
{ "type": "Feature", "properties": { "decimalLatitude": -26.624947, "decimalLongitude": 28.615233, "eventDate": "2022-11-20T00:00:00Z", "countryCode": "ZA" }, "geometry": { "type": "Point", "coordinates": [ 28.615233, -26.624947 ] } },
{ "type": "Feature", "properties": { "decimalLatitude": -29.744371, "decimalLongitude": 30.670723, "eventDate": "2022-11-29T00:00:00Z", "countryCode": "ZA" }, "geometry": { "type": "Point", "coordinates": [ 30.670723, -29.744371 ] } },
{ "type": "Feature", "properties": { "decimalLatitude": -27.718218, "decimalLongitude": 29.950387, "eventDate": "2022-12-07T12:14:25Z", "countryCode": "ZA" }, "geometry": { "type": "Point", "coordinates": [ 29.950387, -27.718218 ] } },
{ "type": "Feature", "properties": { "decimalLatitude": -29.739686, "decimalLongitude": 30.684214, "eventDate": "2022-12-10T09:07:00Z", "countryCode": "ZA" }, "geometry": { "type": "Point", "coordinates": [ 30.684214, -29.739686 ] } },
{ "type": "Feature", "properties": { "decimalLatitude": -29.742048, "decimalLongitude": 30.686518, "eventDate": "2022-12-10T08:59:02Z", "countryCode": "ZA" }, "geometry": { "type": "Point", "coordinates": [ 30.686518, -29.742048 ] } },
{ "type": "Feature", "properties": { "decimalLatitude": -24.812972, "decimalLongitude": 28.107978, "eventDate": "2022-12-17T13:48:29Z", "countryCode": "ZA" }, "geometry": { "type": "Point", "coordinates": [ 28.107978, -24.812972 ] } },
{ "type": "Feature", "properties": { "decimalLatitude": -29.727133, "decimalLongitude": 30.828787, "eventDate": "2022-12-19T11:26:18Z", "countryCode": "ZA" }, "geometry": { "type": "Point", "coordinates": [ 30.828787, -29.727133 ] } },
{ "type": "Feature", "properties": { "decimalLatitude": -29.727147, "decimalLongitude": 30.828772, "eventDate": "2022-12-19T11:26:00Z", "countryCode": "ZA" }, "geometry": { "type": "Point", "coordinates": [ 30.828772, -29.727147 ] } },
{ "type": "Feature", "properties": { "decimalLatitude": -28.94978, "decimalLongitude": 29.227557, "eventDate": "2022-12-22T14:44:00Z", "countryCode": "ZA" }, "geometry": { "type": "Point", "coordinates": [ 29.227557, -28.94978 ] } },
{ "type": "Feature", "properties": { "decimalLatitude": -25.901014, "decimalLongitude": 30.285944, "eventDate": "2022-12-08T11:26:00Z", "countryCode": "ZA" }, "geometry": { "type": "Point", "coordinates": [ 30.285944, -25.901014 ] } },
{ "type": "Feature", "properties": { "decimalLatitude": -25.898839, "decimalLongitude": 30.284271, "eventDate": "2022-12-08T10:42:00Z", "countryCode": "ZA" }, "geometry": { "type": "Point", "coordinates": [ 30.284271, -25.898839 ] } },
{ "type": "Feature", "properties": { "decimalLatitude": -27.1308, "decimalLongitude": 30.1221, "eventDate": "2022-12-02T13:21:00Z", "countryCode": "ZA" }, "geometry": { "type": "Point", "coordinates": [ 30.1221, -27.1308 ] } },
{ "type": "Feature", "properties": { "decimalLatitude": 10.263875, "decimalLongitude": 1.375278, "eventDate": "2022-12-09T08:42:11Z", "countryCode": "BJ" }, "geometry": { "type": "Point", "coordinates": [ 1.375278, 10.263875 ] } },
{ "type": "Feature", "properties": { "decimalLatitude": -27.130795, "decimalLongitude": 30.121637, "eventDate": "2022-12-02T00:00:00Z", "countryCode": "ZA" }, "geometry": { "type": "Point", "coordinates": [ 30.121637, -27.130795 ] } },
{ "type": "Feature", "properties": { "decimalLatitude": -27.130486, "decimalLongitude": 30.121937, "eventDate": "2022-12-02T00:00:00Z", "countryCode": "ZA" }, "geometry": { "type": "Point", "coordinates": [ 30.121937, -27.130486 ] } },
{ "type": "Feature", "properties": { "decimalLatitude": -29.540883, "decimalLongitude": 30.150805, "eventDate": "2022-12-10T09:00:00Z", "countryCode": "ZA" }, "geometry": { "type": "Point", "coordinates": [ 30.150805, -29.540883 ] } },
{ "type": "Feature", "properties": { "decimalLatitude": -26.470363, "decimalLongitude": 28.21307, "eventDate": "2022-12-18T10:45:33Z", "countryCode": "ZA" }, "geometry": { "type": "Point", "coordinates": [ 28.21307, -26.470363 ] } },
{ "type": "Feature", "properties": { "decimalLatitude": -29.744085, "decimalLongitude": 30.691383, "eventDate": "2022-12-16T10:19:00Z", "countryCode": "ZA" }, "geometry": { "type": "Point", "coordinates": [ 30.691383, -29.744085 ] } },
{ "type": "Feature", "properties": { "decimalLatitude": -29.015635, "decimalLongitude": 29.460571, "eventDate": "2022-12-21T00:00:00Z", "countryCode": "ZA" }, "geometry": { "type": "Point", "coordinates": [ 29.460571, -29.015635 ] } },
{ "type": "Feature", "properties": { "decimalLatitude": -29.744323, "decimalLongitude": 30.685638, "eventDate": "2022-12-16T00:00:00Z", "countryCode": "ZA" }, "geometry": { "type": "Point", "coordinates": [ 30.685638, -29.744323 ] } },
{ "type": "Feature", "properties": { "decimalLatitude": -29.542271, "decimalLongitude": 30.146041, "eventDate": "2022-12-10T00:00:00Z", "countryCode": "ZA" }, "geometry": { "type": "Point", "coordinates": [ 30.146041, -29.542271 ] } },
{ "type": "Feature", "properties": { "decimalLatitude": -31.265377, "decimalLongitude": 30.031066, "eventDate": "2023-01-07T13:51:41Z", "countryCode": "ZA" }, "geometry": { "type": "Point", "coordinates": [ 30.031066, -31.265377 ] } },
{ "type": "Feature", "properties": { "decimalLatitude": -34.066832, "decimalLongitude": 22.01691, "eventDate": "2023-01-08T17:31:01Z", "countryCode": "ZA" }, "geometry": { "type": "Point", "coordinates": [ 22.01691, -34.066832 ] } },
{ "type": "Feature", "properties": { "decimalLatitude": -29.741248, "decimalLongitude": 30.671703, "eventDate": "2023-01-14T10:11:00Z", "countryCode": "ZA" }, "geometry": { "type": "Point", "coordinates": [ 30.671703, -29.741248 ] } },
{ "type": "Feature", "properties": { "decimalLatitude": -28.955902, "decimalLongitude": 29.225538, "eventDate": "2023-01-19T07:59:00Z", "countryCode": "ZA" }, "geometry": { "type": "Point", "coordinates": [ 29.225538, -28.955902 ] } },
{ "type": "Feature", "properties": { "decimalLatitude": -26.497815, "decimalLongitude": 31.965863, "eventDate": "2023-01-12T00:00:00Z", "countryCode": "SZ" }, "geometry": { "type": "Point", "coordinates": [ 31.965863, -26.497815 ] } },
{ "type": "Feature", "properties": { "decimalLatitude": 6.080282, "decimalLongitude": -0.616819, "eventDate": "2023-01-14T10:58:00Z", "countryCode": "GH" }, "geometry": { "type": "Point", "coordinates": [ -0.616819, 6.080282 ] } },
{ "type": "Feature", "properties": { "decimalLatitude": -29.206038, "decimalLongitude": 31.422407, "eventDate": "2023-01-03T00:00:00Z", "countryCode": "ZA" }, "geometry": { "type": "Point", "coordinates": [ 31.422407, -29.206038 ] } },
{ "type": "Feature", "properties": { "decimalLatitude": -29.769462, "decimalLongitude": 30.853601, "eventDate": "2023-01-11T00:00:00Z", "countryCode": "ZA" }, "geometry": { "type": "Point", "coordinates": [ 30.853601, -29.769462 ] } },
{ "type": "Feature", "properties": { "decimalLatitude": -29.114841, "decimalLongitude": 29.789106, "eventDate": "2023-01-04T00:00:00Z", "countryCode": "ZA" }, "geometry": { "type": "Point", "coordinates": [ 29.789106, -29.114841 ] } },
{ "type": "Feature", "properties": { "decimalLatitude": -26.497815, "decimalLongitude": 31.965863, "eventDate": "2023-01-13T00:00:00Z", "countryCode": "SZ" }, "geometry": { "type": "Point", "coordinates": [ 31.965863, -26.497815 ] } },
{ "type": "Feature", "properties": { "decimalLatitude": -29.769462, "decimalLongitude": 30.853601, "eventDate": "2023-01-27T00:00:00Z", "countryCode": "ZA" }, "geometry": { "type": "Point", "coordinates": [ 30.853601, -29.769462 ] } },
{ "type": "Feature", "properties": { "decimalLatitude": -29.769462, "decimalLongitude": 30.853601, "eventDate": "2023-01-15T00:00:00Z", "countryCode": "ZA" }, "geometry": { "type": "Point", "coordinates": [ 30.853601, -29.769462 ] } },
{ "type": "Feature", "properties": { "decimalLatitude": -29.475267, "decimalLongitude": 30.79212, "eventDate": "2023-02-05T12:58:42Z", "countryCode": "ZA" }, "geometry": { "type": "Point", "coordinates": [ 30.79212, -29.475267 ] } },
{ "type": "Feature", "properties": { "decimalLatitude": -29.777017, "decimalLongitude": 30.708878, "eventDate": "2023-02-07T10:35:00Z", "countryCode": "ZA" }, "geometry": { "type": "Point", "coordinates": [ 30.708878, -29.777017 ] } },
{ "type": "Feature", "properties": { "decimalLatitude": -26.981573, "decimalLongitude": 30.717849, "eventDate": "2023-02-23T10:09:50Z", "countryCode": "ZA" }, "geometry": { "type": "Point", "coordinates": [ 30.717849, -26.981573 ] } },
{ "type": "Feature", "properties": { "decimalLatitude": -25.831318, "decimalLongitude": 27.865272, "eventDate": "2023-02-21T11:52:00Z", "countryCode": "ZA" }, "geometry": { "type": "Point", "coordinates": [ 27.865272, -25.831318 ] } },
{ "type": "Feature", "properties": { "decimalLatitude": -26.981515, "decimalLongitude": 30.717839, "eventDate": "2023-02-23T10:09:33Z", "countryCode": "ZA" }, "geometry": { "type": "Point", "coordinates": [ 30.717839, -26.981515 ] } },
{ "type": "Feature", "properties": { "decimalLatitude": -25.831318, "decimalLongitude": 27.865272, "eventDate": "2023-02-21T11:54:00Z", "countryCode": "ZA" }, "geometry": { "type": "Point", "coordinates": [ 27.865272, -25.831318 ] } },
{ "type": "Feature", "properties": { "decimalLatitude": -26.995707, "decimalLongitude": 30.725938, "eventDate": "2023-02-23T10:19:27Z", "countryCode": "ZA" }, "geometry": { "type": "Point", "coordinates": [ 30.725938, -26.995707 ] } },
{ "type": "Feature", "properties": { "decimalLatitude": -27.015101, "decimalLongitude": 30.725699, "eventDate": "2023-02-23T10:10:14Z", "countryCode": "ZA" }, "geometry": { "type": "Point", "coordinates": [ 30.725699, -27.015101 ] } },
{ "type": "Feature", "properties": { "decimalLatitude": -26.98156, "decimalLongitude": 30.71786, "eventDate": "2023-02-23T10:11:24Z", "countryCode": "ZA" }, "geometry": { "type": "Point", "coordinates": [ 30.71786, -26.98156 ] } },
{ "type": "Feature", "properties": { "decimalLatitude": -26.995728, "decimalLongitude": 30.725807, "eventDate": "2023-02-23T10:13:12Z", "countryCode": "ZA" }, "geometry": { "type": "Point", "coordinates": [ 30.725807, -26.995728 ] } },
{ "type": "Feature", "properties": { "decimalLatitude": -26.96939, "decimalLongitude": 30.79067, "eventDate": "2023-02-23T10:12:08Z", "countryCode": "ZA" }, "geometry": { "type": "Point", "coordinates": [ 30.79067, -26.96939 ] } },
{ "type": "Feature", "properties": { "decimalLatitude": -26.029681, "decimalLongitude": 30.991808, "eventDate": "2023-02-09T14:05:00Z", "countryCode": "ZA" }, "geometry": { "type": "Point", "coordinates": [ 30.991808, -26.029681 ] } },
{ "type": "Feature", "properties": { "decimalLatitude": -26.040682, "decimalLongitude": 30.988354, "eventDate": "2023-02-13T14:50:00Z", "countryCode": "ZA" }, "geometry": { "type": "Point", "coordinates": [ 30.988354, -26.040682 ] } },
{ "type": "Feature", "properties": { "decimalLatitude": -26.996212, "decimalLongitude": 30.727092, "eventDate": "2023-02-23T10:47:46Z", "countryCode": "ZA" }, "geometry": { "type": "Point", "coordinates": [ 30.727092, -26.996212 ] } },
{ "type": "Feature", "properties": { "decimalLatitude": -26.573864, "decimalLongitude": 32.011364, "eventDate": "2023-02-23T00:00:00Z", "countryCode": "SZ" }, "geometry": { "type": "Point", "coordinates": [ 32.011364, -26.573864 ] } },
{ "type": "Feature", "properties": { "decimalLatitude": -29.769462, "decimalLongitude": 30.853601, "eventDate": "2023-02-19T00:00:00Z", "countryCode": "ZA" }, "geometry": { "type": "Point", "coordinates": [ 30.853601, -29.769462 ] } },
{ "type": "Feature", "properties": { "decimalLatitude": -26.573864, "decimalLongitude": 32.011364, "eventDate": "2023-02-23T00:00:00Z", "countryCode": "SZ" }, "geometry": { "type": "Point", "coordinates": [ 32.011364, -26.573864 ] } },
{ "type": "Feature", "properties": { "decimalLatitude": -29.769462, "decimalLongitude": 30.853601, "eventDate": "2023-02-24T00:00:00Z", "countryCode": "ZA" }, "geometry": { "type": "Point", "coordinates": [ 30.853601, -29.769462 ] } },
{ "type": "Feature", "properties": { "decimalLatitude": -27.511189, "decimalLongitude": 28.82626, "eventDate": "2023-02-05T00:00:00Z", "countryCode": "ZA" }, "geometry": { "type": "Point", "coordinates": [ 28.82626, -27.511189 ] } },
{ "type": "Feature", "properties": { "decimalLatitude": -29.765783, "decimalLongitude": 30.862792, "eventDate": "2023-03-05T11:02:00Z", "countryCode": "ZA" }, "geometry": { "type": "Point", "coordinates": [ 30.862792, -29.765783 ] } },
{ "type": "Feature", "properties": { "decimalLatitude": -29.768914, "decimalLongitude": 30.858634, "eventDate": "2023-03-05T13:42:00Z", "countryCode": "ZA" }, "geometry": { "type": "Point", "coordinates": [ 30.858634, -29.768914 ] } },
{ "type": "Feature", "properties": { "decimalLatitude": -29.735628, "decimalLongitude": 30.686422, "eventDate": "2023-03-18T11:40:00Z", "countryCode": "ZA" }, "geometry": { "type": "Point", "coordinates": [ 30.686422, -29.735628 ] } },
{ "type": "Feature", "properties": { "decimalLatitude": -0.544969, "decimalLongitude": 31.019028, "eventDate": "2023-03-18T11:41:00Z", "countryCode": "UG" }, "geometry": { "type": "Point", "coordinates": [ 31.019028, -0.544969 ] } },
{ "type": "Feature", "properties": { "decimalLatitude": -29.769462, "decimalLongitude": 30.853601, "eventDate": "2023-03-05T00:00:00Z", "countryCode": "ZA" }, "geometry": { "type": "Point", "coordinates": [ 30.853601, -29.769462 ] } },
{ "type": "Feature", "properties": { "decimalLatitude": -29.765526, "decimalLongitude": 30.863044, "eventDate": "2023-04-02T09:28:00Z", "countryCode": "ZA" }, "geometry": { "type": "Point", "coordinates": [ 30.863044, -29.765526 ] } },
{ "type": "Feature", "properties": { "decimalLatitude": -28.683923, "decimalLongitude": 28.980336, "eventDate": "2023-04-30T14:01:00Z", "countryCode": "ZA" }, "geometry": { "type": "Point", "coordinates": [ 28.980336, -28.683923 ] } },
{ "type": "Feature", "properties": { "decimalLatitude": -29.769462, "decimalLongitude": 30.853601, "eventDate": "2023-04-02T00:00:00Z", "countryCode": "ZA" }, "geometry": { "type": "Point", "coordinates": [ 30.853601, -29.769462 ] } },
{ "type": "Feature", "properties": { "decimalLatitude": -18.285739, "decimalLongitude": 31.940861, "eventDate": "2023-04-14T00:00:00Z", "countryCode": "ZW" }, "geometry": { "type": "Point", "coordinates": [ 31.940861, -18.285739 ] } },
{ "type": "Feature", "properties": { "decimalLatitude": -29.769462, "decimalLongitude": 30.853601, "eventDate": "2023-04-07T00:00:00Z", "countryCode": "ZA" }, "geometry": { "type": "Point", "coordinates": [ 30.853601, -29.769462 ] } },
{ "type": "Feature", "properties": { "decimalLatitude": -33.375981, "decimalLongitude": 26.203772, "eventDate": "2023-05-04T14:48:02Z", "countryCode": "ZA" }, "geometry": { "type": "Point", "coordinates": [ 26.203772, -33.375981 ] } },
{ "type": "Feature", "properties": { "decimalLatitude": -1.891426, "decimalLongitude": 30.711497, "eventDate": "2023-05-17T08:28:19Z", "countryCode": "RW" }, "geometry": { "type": "Point", "coordinates": [ 30.711497, -1.891426 ] } },
{ "type": "Feature", "properties": { "decimalLatitude": -33.750914, "decimalLongitude": 26.53673, "eventDate": "2023-05-27T11:43:47Z", "countryCode": "ZA" }, "geometry": { "type": "Point", "coordinates": [ 26.53673, -33.750914 ] } },
{ "type": "Feature", "properties": { "decimalLatitude": 9.249381, "decimalLongitude": 1.599603, "eventDate": "2023-05-14T09:46:40Z", "countryCode": "BJ" }, "geometry": { "type": "Point", "coordinates": [ 1.599603, 9.249381 ] } },
{ "type": "Feature", "properties": { "decimalLatitude": -1.713511, "decimalLongitude": 30.687435, "eventDate": "2023-05-19T13:59:06Z", "countryCode": "RW" }, "geometry": { "type": "Point", "coordinates": [ 30.687435, -1.713511 ] } },
{ "type": "Feature", "properties": { "decimalLatitude": 9.249366, "decimalLongitude": 1.599578, "eventDate": "2023-05-14T09:47:00Z", "countryCode": "BJ" }, "geometry": { "type": "Point", "coordinates": [ 1.599578, 9.249366 ] } },
{ "type": "Feature", "properties": { "decimalLatitude": 9.249381, "decimalLongitude": 1.599603, "eventDate": "2023-05-14T09:46:00Z", "countryCode": "BJ" }, "geometry": { "type": "Point", "coordinates": [ 1.599603, 9.249381 ] } },
{ "type": "Feature", "properties": { "decimalLatitude": -29.450948, "decimalLongitude": 29.522747, "eventDate": "2023-05-01T00:00:00Z", "countryCode": "ZA" }, "geometry": { "type": "Point", "coordinates": [ 29.522747, -29.450948 ] } },
{ "type": "Feature", "properties": { "decimalLatitude": 9.879184, "decimalLongitude": 8.979469, "eventDate": "2023-06-06T16:58:37Z", "countryCode": "NG" }, "geometry": { "type": "Point", "coordinates": [ 8.979469, 9.879184 ] } },
{ "type": "Feature", "properties": { "decimalLatitude": -9.520607, "decimalLongitude": 13.958939, "eventDate": "2023-06-07T13:33:00Z", "countryCode": "AO" }, "geometry": { "type": "Point", "coordinates": [ 13.958939, -9.520607 ] } },
{ "type": "Feature", "properties": { "decimalLatitude": -33.362578, "decimalLongitude": 26.556756, "eventDate": "2023-07-23T13:41:00Z", "countryCode": "ZA" }, "geometry": { "type": "Point", "coordinates": [ 26.556756, -33.362578 ] } },
{ "type": "Feature", "properties": { "decimalLatitude": 9.878247, "decimalLongitude": 8.980337, "eventDate": "2023-07-17T10:29:05Z", "countryCode": "NG" }, "geometry": { "type": "Point", "coordinates": [ 8.980337, 9.878247 ] } },
{ "type": "Feature", "properties": { "decimalLatitude": -29.803783, "decimalLongitude": 30.772837, "eventDate": "2023-08-12T11:58:00Z", "countryCode": "ZA" }, "geometry": { "type": "Point", "coordinates": [ 30.772837, -29.803783 ] } },
{ "type": "Feature", "properties": { "decimalLatitude": 5.658476, "decimalLongitude": -0.187187, "eventDate": "2023-08-13T12:22:18Z", "countryCode": "GH" }, "geometry": { "type": "Point", "coordinates": [ -0.187187, 5.658476 ] } },
{ "type": "Feature", "properties": { "decimalLatitude": -14.915146, "decimalLongitude": 26.064803, "eventDate": "2023-08-20T13:25:00Z", "countryCode": "ZM" }, "geometry": { "type": "Point", "coordinates": [ 26.064803, -14.915146 ] } },
{ "type": "Feature", "properties": { "decimalLatitude": -30.260848, "decimalLongitude": 30.611354, "eventDate": "2023-09-21T11:20:00Z", "countryCode": "ZA" }, "geometry": { "type": "Point", "coordinates": [ 30.611354, -30.260848 ] } },
{ "type": "Feature", "properties": { "decimalLatitude": -29.540693, "decimalLongitude": 30.151759, "eventDate": "2023-09-30T10:27:19Z", "countryCode": "ZA" }, "geometry": { "type": "Point", "coordinates": [ 30.151759, -29.540693 ] } },
{ "type": "Feature", "properties": { "decimalLatitude": -29.540354, "decimalLongitude": 30.150773, "eventDate": "2023-09-30T10:30:00Z", "countryCode": "ZA" }, "geometry": { "type": "Point", "coordinates": [ 30.150773, -29.540354 ] } },
{ "type": "Feature", "properties": { "decimalLatitude": -29.769462, "decimalLongitude": 30.853601, "eventDate": "2023-09-29T00:00:00Z", "countryCode": "ZA" }, "geometry": { "type": "Point", "coordinates": [ 30.853601, -29.769462 ] } },
{ "type": "Feature", "properties": { "decimalLatitude": -27.152, "decimalLongitude": 29.753, "eventDate": "2023-10-10T10:33:00Z", "countryCode": "ZA" }, "geometry": { "type": "Point", "coordinates": [ 29.753, -27.152 ] } },
{ "type": "Feature", "properties": { "decimalLatitude": -25.859825, "decimalLongitude": 31.036618, "eventDate": "2023-10-23T10:24:00Z", "countryCode": "ZA" }, "geometry": { "type": "Point", "coordinates": [ 31.036618, -25.859825 ] } },
{ "type": "Feature", "properties": { "decimalLatitude": -34.065914, "decimalLongitude": 22.016121, "eventDate": "2023-10-31T12:50:08Z", "countryCode": "ZA" }, "geometry": { "type": "Point", "coordinates": [ 22.016121, -34.065914 ] } },
{ "type": "Feature", "properties": { "decimalLatitude": -27.098672, "decimalLongitude": 29.80039, "eventDate": "2023-10-10T00:00:00Z", "countryCode": "ZA" }, "geometry": { "type": "Point", "coordinates": [ 29.80039, -27.098672 ] } },
{ "type": "Feature", "properties": { "decimalLatitude": -28.061766, "decimalLongitude": 32.314074, "eventDate": "2023-10-20T00:00:00Z", "countryCode": "ZA" }, "geometry": { "type": "Point", "coordinates": [ 32.314074, -28.061766 ] } },
{ "type": "Feature", "properties": { "decimalLatitude": -25.733, "decimalLongitude": 29.34, "eventDate": "2023-10-05T00:00:00Z", "countryCode": "ZA" }, "geometry": { "type": "Point", "coordinates": [ 29.34, -25.733 ] } },
{ "type": "Feature", "properties": { "decimalLatitude": -25.856862, "decimalLongitude": 27.780288, "eventDate": "2023-11-05T09:44:36Z", "countryCode": "ZA" }, "geometry": { "type": "Point", "coordinates": [ 27.780288, -25.856862 ] } },
{ "type": "Feature", "properties": { "decimalLatitude": -29.817935, "decimalLongitude": 30.802297, "eventDate": "2023-11-04T18:54:00Z", "countryCode": "ZA" }, "geometry": { "type": "Point", "coordinates": [ 30.802297, -29.817935 ] } },
{ "type": "Feature", "properties": { "decimalLatitude": -30.274257, "decimalLongitude": 30.744858, "eventDate": "2023-11-08T14:56:00Z", "countryCode": "ZA" }, "geometry": { "type": "Point", "coordinates": [ 30.744858, -30.274257 ] } },
{ "type": "Feature", "properties": { "decimalLatitude": -34.05395, "decimalLongitude": 22.028384, "eventDate": "2023-11-06T11:26:21Z", "countryCode": "ZA" }, "geometry": { "type": "Point", "coordinates": [ 22.028384, -34.05395 ] } },
{ "type": "Feature", "properties": { "decimalLatitude": -29.735027, "decimalLongitude": 30.682502, "eventDate": "2023-11-24T09:56:31Z", "countryCode": "ZA" }, "geometry": { "type": "Point", "coordinates": [ 30.682502, -29.735027 ] } },
{ "type": "Feature", "properties": { "decimalLatitude": -12.608212, "decimalLongitude": 30.263152, "eventDate": "2023-11-12T10:03:00Z", "countryCode": "ZM" }, "geometry": { "type": "Point", "coordinates": [ 30.263152, -12.608212 ] } },
{ "type": "Feature", "properties": { "decimalLatitude": -29.81557, "decimalLongitude": 30.810842, "eventDate": "2023-11-30T08:38:00Z", "countryCode": "ZA" }, "geometry": { "type": "Point", "coordinates": [ 30.810842, -29.81557 ] } },
{ "type": "Feature", "properties": { "decimalLatitude": -31.256762, "decimalLongitude": 29.743245, "eventDate": "2023-11-25T11:16:10Z", "countryCode": "ZA" }, "geometry": { "type": "Point", "coordinates": [ 29.743245, -31.256762 ] } },
{ "type": "Feature", "properties": { "decimalLatitude": -10.952224, "decimalLongitude": 24.079, "eventDate": "2023-11-06T10:12:00Z", "countryCode": "ZM" }, "geometry": { "type": "Point", "coordinates": [ 24.079, -10.952224 ] } },
{ "type": "Feature", "properties": { "decimalLatitude": -29.765022, "decimalLongitude": 30.834867, "eventDate": "2023-11-24T10:42:00Z", "countryCode": "ZA" }, "geometry": { "type": "Point", "coordinates": [ 30.834867, -29.765022 ] } },
{ "type": "Feature", "properties": { "decimalLatitude": -14.977117, "decimalLongitude": 25.992481, "eventDate": "2023-11-03T12:00:00Z", "countryCode": "ZM" }, "geometry": { "type": "Point", "coordinates": [ 25.992481, -14.977117 ] } },
{ "type": "Feature", "properties": { "decimalLatitude": -29.744371, "decimalLongitude": 30.670723, "eventDate": "2023-11-30T00:00:00Z", "countryCode": "ZA" }, "geometry": { "type": "Point", "coordinates": [ 30.670723, -29.744371 ] } },
{ "type": "Feature", "properties": { "decimalLatitude": -29.769462, "decimalLongitude": 30.853601, "eventDate": "2023-11-25T00:00:00Z", "countryCode": "ZA" }, "geometry": { "type": "Point", "coordinates": [ 30.853601, -29.769462 ] } },
{ "type": "Feature", "properties": { "decimalLatitude": -30.278594, "decimalLongitude": 30.737383, "eventDate": "2023-11-08T00:00:00Z", "countryCode": "ZA" }, "geometry": { "type": "Point", "coordinates": [ 30.737383, -30.278594 ] } },
{ "type": "Feature", "properties": { "decimalLatitude": -33.9178, "decimalLongitude": 22.04208, "eventDate": "2023-12-02T07:09:00Z", "countryCode": "ZA" }, "geometry": { "type": "Point", "coordinates": [ 22.04208, -33.9178 ] } },
{ "type": "Feature", "properties": { "decimalLatitude": -33.954423, "decimalLongitude": 24.762505, "eventDate": "2023-12-03T09:23:00Z", "countryCode": "ZA" }, "geometry": { "type": "Point", "coordinates": [ 24.762505, -33.954423 ] } },
{ "type": "Feature", "properties": { "decimalLatitude": -24.844372, "decimalLongitude": 30.782007, "eventDate": "2023-12-03T16:36:00Z", "countryCode": "ZA" }, "geometry": { "type": "Point", "coordinates": [ 30.782007, -24.844372 ] } },
{ "type": "Feature", "properties": { "decimalLatitude": -33.922064, "decimalLongitude": 24.756563, "eventDate": "2023-12-03T08:18:00Z", "countryCode": "ZA" }, "geometry": { "type": "Point", "coordinates": [ 24.756563, -33.922064 ] } },
{ "type": "Feature", "properties": { "decimalLatitude": -29.741062, "decimalLongitude": 30.671672, "eventDate": "2023-12-17T12:01:00Z", "countryCode": "ZA" }, "geometry": { "type": "Point", "coordinates": [ 30.671672, -29.741062 ] } },
{ "type": "Feature", "properties": { "decimalLatitude": -29.748961, "decimalLongitude": 30.639173, "eventDate": "2023-12-18T10:34:05Z", "countryCode": "ZA" }, "geometry": { "type": "Point", "coordinates": [ 30.639173, -29.748961 ] } },
{ "type": "Feature", "properties": { "decimalLatitude": -25.798303, "decimalLongitude": 31.091158, "eventDate": "2023-12-21T16:14:00Z", "countryCode": "ZA" }, "geometry": { "type": "Point", "coordinates": [ 31.091158, -25.798303 ] } },
{ "type": "Feature", "properties": { "decimalLatitude": -24.043182, "decimalLongitude": 29.87749, "eventDate": "2023-12-21T11:09:00Z", "countryCode": "ZA" }, "geometry": { "type": "Point", "coordinates": [ 29.87749, -24.043182 ] } },
{ "type": "Feature", "properties": { "decimalLatitude": -29.802766, "decimalLongitude": 30.704323, "eventDate": "2023-12-24T15:25:00Z", "countryCode": "ZA" }, "geometry": { "type": "Point", "coordinates": [ 30.704323, -29.802766 ] } },
{ "type": "Feature", "properties": { "decimalLatitude": -25.417914, "decimalLongitude": 30.554005, "eventDate": "2023-12-24T09:15:49Z", "countryCode": "ZA" }, "geometry": { "type": "Point", "coordinates": [ 30.554005, -25.417914 ] } },
{ "type": "Feature", "properties": { "decimalLatitude": -29.802766, "decimalLongitude": 30.704323, "eventDate": "2023-12-29T16:05:00Z", "countryCode": "ZA" }, "geometry": { "type": "Point", "coordinates": [ 30.704323, -29.802766 ] } },
{ "type": "Feature", "properties": { "decimalLatitude": -25.952683, "decimalLongitude": 27.853591, "eventDate": "2023-12-29T10:44:00Z", "countryCode": "ZA" }, "geometry": { "type": "Point", "coordinates": [ 27.853591, -25.952683 ] } },
{ "type": "Feature", "properties": { "decimalLatitude": -25.452127, "decimalLongitude": 30.080346, "eventDate": "2023-12-30T14:54:00Z", "countryCode": "ZA" }, "geometry": { "type": "Point", "coordinates": [ 30.080346, -25.452127 ] } },
{ "type": "Feature", "properties": { "decimalLatitude": -33.954855, "decimalLongitude": 24.762033, "eventDate": "2023-12-03T00:00:00Z", "countryCode": "ZA" }, "geometry": { "type": "Point", "coordinates": [ 24.762033, -33.954855 ] } },
{ "type": "Feature", "properties": { "decimalLatitude": -29.744371, "decimalLongitude": 30.670723, "eventDate": "2023-12-02T00:00:00Z", "countryCode": "ZA" }, "geometry": { "type": "Point", "coordinates": [ 30.670723, -29.744371 ] } },
{ "type": "Feature", "properties": { "decimalLatitude": -25.733, "decimalLongitude": 29.34, "eventDate": "2023-12-01T00:00:00Z", "countryCode": "ZA" }, "geometry": { "type": "Point", "coordinates": [ 29.34, -25.733 ] } },
{ "type": "Feature", "properties": { "decimalLatitude": -29.815715, "decimalLongitude": 30.813265, "eventDate": "2023-12-03T00:00:00Z", "countryCode": "ZA" }, "geometry": { "type": "Point", "coordinates": [ 30.813265, -29.815715 ] } },
{ "type": "Feature", "properties": { "decimalLatitude": -33.956026, "decimalLongitude": 24.760652, "eventDate": "2023-12-03T00:00:00Z", "countryCode": "ZA" }, "geometry": { "type": "Point", "coordinates": [ 24.760652, -33.956026 ] } },
{ "type": "Feature", "properties": { "decimalLatitude": -14.002124, "decimalLongitude": 34.520638, "eventDate": "2023-12-26T16:52:00Z", "countryCode": "MW" }, "geometry": { "type": "Point", "coordinates": [ 34.520638, -14.002124 ] } },
{ "type": "Feature", "properties": { "decimalLatitude": -29.765558, "decimalLongitude": 30.863009, "eventDate": "2024-01-05T10:40:22Z", "countryCode": "ZA" }, "geometry": { "type": "Point", "coordinates": [ 30.863009, -29.765558 ] } },
{ "type": "Feature", "properties": { "decimalLatitude": -28.965029, "decimalLongitude": 29.239031, "eventDate": "2024-01-06T09:06:00Z", "countryCode": "ZA" }, "geometry": { "type": "Point", "coordinates": [ 29.239031, -28.965029 ] } },
{ "type": "Feature", "properties": { "decimalLatitude": -33.92932, "decimalLongitude": 22.04431, "eventDate": "2024-01-02T11:05:00Z", "countryCode": "ZA" }, "geometry": { "type": "Point", "coordinates": [ 22.04431, -33.92932 ] } },
{ "type": "Feature", "properties": { "decimalLatitude": -28.725437, "decimalLongitude": 28.931008, "eventDate": "2024-01-02T09:37:42Z", "countryCode": "ZA" }, "geometry": { "type": "Point", "coordinates": [ 28.931008, -28.725437 ] } },
{ "type": "Feature", "properties": { "decimalLatitude": -29.74182, "decimalLongitude": 30.686411, "eventDate": "2024-01-07T12:01:00Z", "countryCode": "ZA" }, "geometry": { "type": "Point", "coordinates": [ 30.686411, -29.74182 ] } },
{ "type": "Feature", "properties": { "decimalLatitude": -33.742123, "decimalLongitude": 24.985212, "eventDate": "2024-01-14T15:37:00Z", "countryCode": "ZA" }, "geometry": { "type": "Point", "coordinates": [ 24.985212, -33.742123 ] } },
{ "type": "Feature", "properties": { "decimalLatitude": -29.727088, "decimalLongitude": 30.828813, "eventDate": "2024-01-20T13:10:00Z", "countryCode": "ZA" }, "geometry": { "type": "Point", "coordinates": [ 30.828813, -29.727088 ] } },
{ "type": "Feature", "properties": { "decimalLatitude": -0.596047, "decimalLongitude": 36.465387, "eventDate": "2024-01-30T10:50:00Z", "countryCode": "KE" }, "geometry": { "type": "Point", "coordinates": [ 36.465387, -0.596047 ] } },
{ "type": "Feature", "properties": { "decimalLatitude": 5.413511, "decimalLongitude": -1.40797, "eventDate": "2024-01-14T07:12:35Z", "countryCode": "GH" }, "geometry": { "type": "Point", "coordinates": [ -1.40797, 5.413511 ] } },
{ "type": "Feature", "properties": { "decimalLatitude": -26.626411, "decimalLongitude": 28.616394, "eventDate": "2024-01-20T00:00:00Z", "countryCode": "ZA" }, "geometry": { "type": "Point", "coordinates": [ 28.616394, -26.626411 ] } },
{ "type": "Feature", "properties": { "decimalLatitude": -28.501766, "decimalLongitude": 28.686139, "eventDate": "2024-01-20T00:00:00Z", "countryCode": "ZA" }, "geometry": { "type": "Point", "coordinates": [ 28.686139, -28.501766 ] } },
{ "type": "Feature", "properties": { "decimalLatitude": -26.624947, "decimalLongitude": 28.615233, "eventDate": "2024-01-20T00:00:00Z", "countryCode": "ZA" }, "geometry": { "type": "Point", "coordinates": [ 28.615233, -26.624947 ] } },
{ "type": "Feature", "properties": { "decimalLatitude": -29.743114, "decimalLongitude": 29.205994, "eventDate": "2024-01-07T00:00:00Z", "countryCode": "ZA" }, "geometry": { "type": "Point", "coordinates": [ 29.205994, -29.743114 ] } },
{ "type": "Feature", "properties": { "decimalLatitude": -6.903449, "decimalLongitude": 35.012274, "eventDate": "2024-01-10T09:59:00Z", "countryCode": "TZ" }, "geometry": { "type": "Point", "coordinates": [ 35.012274, -6.903449 ] } },
{ "type": "Feature", "properties": { "decimalLatitude": -27.794536, "decimalLongitude": 32.139275, "eventDate": "2024-02-15T11:41:00Z", "countryCode": "ZA" }, "geometry": { "type": "Point", "coordinates": [ 32.139275, -27.794536 ] } },
{ "type": "Feature", "properties": { "decimalLatitude": -27.796151, "decimalLongitude": 32.139632, "eventDate": "2024-02-15T11:42:00Z", "countryCode": "ZA" }, "geometry": { "type": "Point", "coordinates": [ 32.139632, -27.796151 ] } },
{ "type": "Feature", "properties": { "decimalLatitude": -24.789957, "decimalLongitude": 28.507395, "eventDate": "2024-02-15T09:38:38Z", "countryCode": "ZA" }, "geometry": { "type": "Point", "coordinates": [ 28.507395, -24.789957 ] } },
{ "type": "Feature", "properties": { "decimalLatitude": -4.162855, "decimalLongitude": 36.089926, "eventDate": "2024-02-23T06:18:00Z", "countryCode": "TZ" }, "geometry": { "type": "Point", "coordinates": [ 36.089926, -4.162855 ] } },
{ "type": "Feature", "properties": { "decimalLatitude": -25.733, "decimalLongitude": 29.34, "eventDate": "2024-02-02T00:00:00Z", "countryCode": "ZA" }, "geometry": { "type": "Point", "coordinates": [ 29.34, -25.733 ] } },
{ "type": "Feature", "properties": { "decimalLatitude": -29.769507, "decimalLongitude": 30.826937, "eventDate": "2024-03-02T09:34:00Z", "countryCode": "ZA" }, "geometry": { "type": "Point", "coordinates": [ 30.826937, -29.769507 ] } },
{ "type": "Feature", "properties": { "decimalLatitude": -26.2141, "decimalLongitude": 31.00502, "eventDate": "2024-03-01T15:49:00Z", "countryCode": "SZ" }, "geometry": { "type": "Point", "coordinates": [ 31.00502, -26.2141 ] } },
{ "type": "Feature", "properties": { "decimalLatitude": -29.769812, "decimalLongitude": 30.826923, "eventDate": "2024-03-02T10:56:00Z", "countryCode": "ZA" }, "geometry": { "type": "Point", "coordinates": [ 30.826923, -29.769812 ] } },
{ "type": "Feature", "properties": { "decimalLatitude": -1.382492, "decimalLongitude": 36.86102, "eventDate": "2024-03-01T11:39:00Z", "countryCode": "KE" }, "geometry": { "type": "Point", "coordinates": [ 36.86102, -1.382492 ] } },
{ "type": "Feature", "properties": { "decimalLatitude": -27.357217, "decimalLongitude": 30.114077, "eventDate": "2024-03-25T11:35:00Z", "countryCode": "ZA" }, "geometry": { "type": "Point", "coordinates": [ 30.114077, -27.357217 ] } },
{ "type": "Feature", "properties": { "decimalLatitude": -26.535617, "decimalLongitude": 29.152239, "eventDate": "2024-03-20T07:55:31Z", "countryCode": "ZA" }, "geometry": { "type": "Point", "coordinates": [ 29.152239, -26.535617 ] } },
{ "type": "Feature", "properties": { "decimalLatitude": -26.130288, "decimalLongitude": 31.120619, "eventDate": "2024-03-19T16:47:00Z", "countryCode": "SZ" }, "geometry": { "type": "Point", "coordinates": [ 31.120619, -26.130288 ] } },
{ "type": "Feature", "properties": { "decimalLatitude": -25.825031, "decimalLongitude": 31.056781, "eventDate": "2024-03-12T12:08:00Z", "countryCode": "ZA" }, "geometry": { "type": "Point", "coordinates": [ 31.056781, -25.825031 ] } },
{ "type": "Feature", "properties": { "decimalLatitude": -28.286795, "decimalLongitude": 29.571566, "eventDate": "2024-03-06T13:15:29Z", "countryCode": "ZA" }, "geometry": { "type": "Point", "coordinates": [ 29.571566, -28.286795 ] } },
{ "type": "Feature", "properties": { "decimalLatitude": -27.554, "decimalLongitude": 31.2767, "eventDate": "2024-03-22T11:39:00Z", "countryCode": "ZA" }, "geometry": { "type": "Point", "coordinates": [ 31.2767, -27.554 ] } },
{ "type": "Feature", "properties": { "decimalLatitude": -27.554, "decimalLongitude": 31.2767, "eventDate": "2024-03-22T11:41:00Z", "countryCode": "ZA" }, "geometry": { "type": "Point", "coordinates": [ 31.2767, -27.554 ] } },
{ "type": "Feature", "properties": { "decimalLatitude": -27.5786, "decimalLongitude": 31.2615, "eventDate": "2024-03-22T11:52:00Z", "countryCode": "ZA" }, "geometry": { "type": "Point", "coordinates": [ 31.2615, -27.5786 ] } },
{ "type": "Feature", "properties": { "decimalLatitude": -27.356654, "decimalLongitude": 30.141315, "eventDate": "2024-03-19T13:51:03Z", "countryCode": "ZA" }, "geometry": { "type": "Point", "coordinates": [ 30.141315, -27.356654 ] } },
{ "type": "Feature", "properties": { "decimalLatitude": -27.234346, "decimalLongitude": 31.055374, "eventDate": "2024-03-12T10:25:00Z", "countryCode": "ZA" }, "geometry": { "type": "Point", "coordinates": [ 31.055374, -27.234346 ] } },
{ "type": "Feature", "properties": { "decimalLatitude": 6.463626, "decimalLongitude": 0.373023, "eventDate": "2024-03-02T02:17:00Z", "countryCode": "GH" }, "geometry": { "type": "Point", "coordinates": [ 0.373023, 6.463626 ] } },
{ "type": "Feature", "properties": { "decimalLatitude": -29.769462, "decimalLongitude": 30.853601, "eventDate": "2024-03-25T00:00:00Z", "countryCode": "ZA" }, "geometry": { "type": "Point", "coordinates": [ 30.853601, -29.769462 ] } },
{ "type": "Feature", "properties": { "decimalLatitude": -25.431, "decimalLongitude": 30.255, "eventDate": "2024-03-12T00:00:00Z", "countryCode": "ZA" }, "geometry": { "type": "Point", "coordinates": [ 30.255, -25.431 ] } },
{ "type": "Feature", "properties": { "decimalLatitude": -24.624686, "decimalLongitude": 28.692642, "eventDate": "2024-03-24T00:00:00Z", "countryCode": "ZA" }, "geometry": { "type": "Point", "coordinates": [ 28.692642, -24.624686 ] } },
{ "type": "Feature", "properties": { "decimalLatitude": -25.434, "decimalLongitude": 30.258, "eventDate": "2024-03-09T00:00:00Z", "countryCode": "ZA" }, "geometry": { "type": "Point", "coordinates": [ 30.258, -25.434 ] } },
{ "type": "Feature", "properties": { "decimalLatitude": 5.659016, "decimalLongitude": -0.186749, "eventDate": "2024-04-06T16:28:00Z", "countryCode": "GH" }, "geometry": { "type": "Point", "coordinates": [ -0.186749, 5.659016 ] } },
{ "type": "Feature", "properties": { "decimalLatitude": -33.99776, "decimalLongitude": 25.675599, "eventDate": "2024-04-20T16:36:00Z", "countryCode": "ZA" }, "geometry": { "type": "Point", "coordinates": [ 25.675599, -33.99776 ] } },
{ "type": "Feature", "properties": { "decimalLatitude": -27.722547, "decimalLongitude": 29.955985, "eventDate": "2024-05-24T12:42:00Z", "countryCode": "ZA" }, "geometry": { "type": "Point", "coordinates": [ 29.955985, -27.722547 ] } },
{ "type": "Feature", "properties": { "decimalLatitude": -8.518679, "decimalLongitude": 13.409543, "eventDate": "2024-05-16T12:45:00Z", "countryCode": "AO" }, "geometry": { "type": "Point", "coordinates": [ 13.409543, -8.518679 ] } },
{ "type": "Feature", "properties": { "decimalLatitude": 6.544706, "decimalLongitude": -3.426219, "eventDate": "2024-05-19T10:55:56Z", "countryCode": "CI" }, "geometry": { "type": "Point", "coordinates": [ -3.426219, 6.544706 ] } },
{ "type": "Feature", "properties": { "decimalLatitude": 0.403263, "decimalLongitude": 30.383414, "eventDate": "2024-05-19T18:02:00Z", "countryCode": "UG" }, "geometry": { "type": "Point", "coordinates": [ 30.383414, 0.403263 ] } },
{ "type": "Feature", "properties": { "decimalLatitude": 5.659077, "decimalLongitude": -0.184111, "eventDate": "2024-06-22T10:43:00Z", "countryCode": "GH" }, "geometry": { "type": "Point", "coordinates": [ -0.184111, 5.659077 ] } },
{ "type": "Feature", "properties": { "decimalLatitude": -28.11833, "decimalLongitude": 32.041054, "eventDate": "2024-07-30T00:00:00Z", "countryCode": "ZA" }, "geometry": { "type": "Point", "coordinates": [ 32.041054, -28.11833 ] } },
{ "type": "Feature", "properties": { "decimalLatitude": -10.200025, "decimalLongitude": 31.18203, "eventDate": "2024-07-17T17:10:00Z", "countryCode": "ZM" }, "geometry": { "type": "Point", "coordinates": [ 31.18203, -10.200025 ] } },
{ "type": "Feature", "properties": { "decimalLatitude": -27.505132, "decimalLongitude": 31.277994, "eventDate": "2024-08-21T11:44:00Z", "countryCode": "ZA" }, "geometry": { "type": "Point", "coordinates": [ 31.277994, -27.505132 ] } },
{ "type": "Feature", "properties": { "decimalLatitude": -27.54454, "decimalLongitude": 31.280909, "eventDate": "2024-08-21T00:00:00Z", "countryCode": "ZA" }, "geometry": { "type": "Point", "coordinates": [ 31.280909, -27.54454 ] } },
{ "type": "Feature", "properties": { "decimalLatitude": -28.852654, "decimalLongitude": 31.657816, "eventDate": "2024-09-01T10:11:00Z", "countryCode": "ZA" }, "geometry": { "type": "Point", "coordinates": [ 31.657816, -28.852654 ] } },
{ "type": "Feature", "properties": { "decimalLatitude": -28.696423, "decimalLongitude": 31.99276, "eventDate": "2024-09-05T09:11:00Z", "countryCode": "ZA" }, "geometry": { "type": "Point", "coordinates": [ 31.99276, -28.696423 ] } },
{ "type": "Feature", "properties": { "decimalLatitude": -33.952994, "decimalLongitude": 25.549582, "eventDate": "2024-09-25T10:52:00Z", "countryCode": "ZA" }, "geometry": { "type": "Point", "coordinates": [ 25.549582, -33.952994 ] } },
{ "type": "Feature", "properties": { "decimalLatitude": -29.741815, "decimalLongitude": 30.684948, "eventDate": "2024-09-29T10:47:00Z", "countryCode": "ZA" }, "geometry": { "type": "Point", "coordinates": [ 30.684948, -29.741815 ] } },
{ "type": "Feature", "properties": { "decimalLatitude": -31.212631, "decimalLongitude": 29.726045, "eventDate": "2024-09-22T12:21:01Z", "countryCode": "ZA" }, "geometry": { "type": "Point", "coordinates": [ 29.726045, -31.212631 ] } },
{ "type": "Feature", "properties": { "decimalLatitude": -34.18608, "decimalLongitude": 22.066896, "eventDate": "2024-09-23T09:36:00Z", "countryCode": "ZA" }, "geometry": { "type": "Point", "coordinates": [ 22.066896, -34.18608 ] } },
{ "type": "Feature", "properties": { "decimalLatitude": -28.694373, "decimalLongitude": 31.998131, "eventDate": "2024-09-05T00:00:00Z", "countryCode": "ZA" }, "geometry": { "type": "Point", "coordinates": [ 31.998131, -28.694373 ] } },
{ "type": "Feature", "properties": { "decimalLatitude": -33.887008, "decimalLongitude": 25.374432, "eventDate": "2024-10-03T13:41:00Z", "countryCode": "ZA" }, "geometry": { "type": "Point", "coordinates": [ 25.374432, -33.887008 ] } },
{ "type": "Feature", "properties": { "decimalLatitude": -25.367748, "decimalLongitude": 29.876203, "eventDate": "2024-10-02T10:05:35Z", "countryCode": "ZA" }, "geometry": { "type": "Point", "coordinates": [ 29.876203, -25.367748 ] } },
{ "type": "Feature", "properties": { "decimalLatitude": -29.7756, "decimalLongitude": 30.627194, "eventDate": "2024-10-10T12:18:00Z", "countryCode": "ZA" }, "geometry": { "type": "Point", "coordinates": [ 30.627194, -29.7756 ] } },
{ "type": "Feature", "properties": { "decimalLatitude": -26.573631, "decimalLongitude": 27.105008, "eventDate": "2024-10-19T10:56:22Z", "countryCode": "ZA" }, "geometry": { "type": "Point", "coordinates": [ 27.105008, -26.573631 ] } },
{ "type": "Feature", "properties": { "decimalLatitude": -27.364921, "decimalLongitude": 29.723911, "eventDate": "2024-10-12T08:11:41Z", "countryCode": "ZA" }, "geometry": { "type": "Point", "coordinates": [ 29.723911, -27.364921 ] } },
{ "type": "Feature", "properties": { "decimalLatitude": -30.197975, "decimalLongitude": 30.111952, "eventDate": "2024-10-17T12:21:50Z", "countryCode": "ZA" }, "geometry": { "type": "Point", "coordinates": [ 30.111952, -30.197975 ] } },
{ "type": "Feature", "properties": { "decimalLatitude": -26.63843, "decimalLongitude": 27.178509, "eventDate": "2024-10-11T10:17:00Z", "countryCode": "ZA" }, "geometry": { "type": "Point", "coordinates": [ 27.178509, -26.63843 ] } },
{ "type": "Feature", "properties": { "decimalLatitude": -23.949358, "decimalLongitude": 29.938649, "eventDate": "2024-10-25T10:34:00Z", "countryCode": "ZA" }, "geometry": { "type": "Point", "coordinates": [ 29.938649, -23.949358 ] } },
{ "type": "Feature", "properties": { "decimalLatitude": -24.33, "decimalLongitude": 28.556, "eventDate": "2024-10-17T00:00:00Z", "countryCode": "ZA" }, "geometry": { "type": "Point", "coordinates": [ 28.556, -24.33 ] } },
{ "type": "Feature", "properties": { "decimalLatitude": -24.197889, "decimalLongitude": 30.342164, "eventDate": "2024-10-09T00:00:00Z", "countryCode": "ZA" }, "geometry": { "type": "Point", "coordinates": [ 30.342164, -24.197889 ] } },
{ "type": "Feature", "properties": { "decimalLatitude": -29.740918, "decimalLongitude": 30.683325, "eventDate": "2024-11-03T11:29:00Z", "countryCode": "ZA" }, "geometry": { "type": "Point", "coordinates": [ 30.683325, -29.740918 ] } },
{ "type": "Feature", "properties": { "decimalLatitude": -29.816557, "decimalLongitude": 30.814315, "eventDate": "2024-11-19T12:01:40Z", "countryCode": "ZA" }, "geometry": { "type": "Point", "coordinates": [ 30.814315, -29.816557 ] } },
{ "type": "Feature", "properties": { "decimalLatitude": -25.414384, "decimalLongitude": 30.566119, "eventDate": "2024-11-20T08:16:00Z", "countryCode": "ZA" }, "geometry": { "type": "Point", "coordinates": [ 30.566119, -25.414384 ] } },
{ "type": "Feature", "properties": { "decimalLatitude": 13.080592, "decimalLongitude": -16.766623, "eventDate": "2024-11-11T00:00:00Z", "countryCode": "GM" }, "geometry": { "type": "Point", "coordinates": [ -16.766623, 13.080592 ] } },
{ "type": "Feature", "properties": { "decimalLatitude": 13.08357, "decimalLongitude": -16.765726, "eventDate": "2024-11-11T00:00:00Z", "countryCode": "GM" }, "geometry": { "type": "Point", "coordinates": [ -16.765726, 13.08357 ] } },
{ "type": "Feature", "properties": { "decimalLatitude": -28.352037, "decimalLongitude": 30.398456, "eventDate": "2024-11-28T11:13:00Z", "countryCode": "ZA" }, "geometry": { "type": "Point", "coordinates": [ 30.398456, -28.352037 ] } },
{ "type": "Feature", "properties": { "decimalLatitude": -29.775585, "decimalLongitude": 30.709756, "eventDate": "2024-11-28T12:02:36Z", "countryCode": "ZA" }, "geometry": { "type": "Point", "coordinates": [ 30.709756, -29.775585 ] } },
{ "type": "Feature", "properties": { "decimalLatitude": 13.110496, "decimalLongitude": -16.764789, "eventDate": "2024-11-23T15:43:00Z", "countryCode": "GM" }, "geometry": { "type": "Point", "coordinates": [ -16.764789, 13.110496 ] } },
{ "type": "Feature", "properties": { "decimalLatitude": 13.090759, "decimalLongitude": -16.764956, "eventDate": "2024-11-11T00:00:00Z", "countryCode": "GM" }, "geometry": { "type": "Point", "coordinates": [ -16.764956, 13.090759 ] } },
{ "type": "Feature", "properties": { "decimalLatitude": 5.658106, "decimalLongitude": -0.186163, "eventDate": "2024-11-02T16:12:00Z", "countryCode": "GH" }, "geometry": { "type": "Point", "coordinates": [ -0.186163, 5.658106 ] } },
{ "type": "Feature", "properties": { "decimalLatitude": -29.814824, "decimalLongitude": 30.813773, "eventDate": "2024-12-09T13:42:00Z", "countryCode": "ZA" }, "geometry": { "type": "Point", "coordinates": [ 30.813773, -29.814824 ] } },
{ "type": "Feature", "properties": { "decimalLatitude": -33.926076, "decimalLongitude": 22.04446, "eventDate": "2024-12-08T13:54:00Z", "countryCode": "ZA" }, "geometry": { "type": "Point", "coordinates": [ 22.04446, -33.926076 ] } },
{ "type": "Feature", "properties": { "decimalLatitude": -30.275642, "decimalLongitude": 30.591923, "eventDate": "2024-12-20T11:34:00Z", "countryCode": "ZA" }, "geometry": { "type": "Point", "coordinates": [ 30.591923, -30.275642 ] } },
{ "type": "Feature", "properties": { "decimalLatitude": -27.735033, "decimalLongitude": 29.891376, "eventDate": "2024-12-20T08:49:00Z", "countryCode": "ZA" }, "geometry": { "type": "Point", "coordinates": [ 29.891376, -27.735033 ] } },
{ "type": "Feature", "properties": { "decimalLatitude": -33.657426, "decimalLongitude": 25.248166, "eventDate": "2024-12-20T09:24:00Z", "countryCode": "ZA" }, "geometry": { "type": "Point", "coordinates": [ 25.248166, -33.657426 ] } },
{ "type": "Feature", "properties": { "decimalLatitude": -29.816178, "decimalLongitude": 30.812514, "eventDate": "2024-12-21T13:09:33Z", "countryCode": "ZA" }, "geometry": { "type": "Point", "coordinates": [ 30.812514, -29.816178 ] } },
{ "type": "Feature", "properties": { "decimalLatitude": -29.741898, "decimalLongitude": 30.686468, "eventDate": "2024-12-29T08:48:00Z", "countryCode": "ZA" }, "geometry": { "type": "Point", "coordinates": [ 30.686468, -29.741898 ] } },
{ "type": "Feature", "properties": { "decimalLatitude": -30.262768, "decimalLongitude": 30.239721, "eventDate": "2024-12-11T09:28:00Z", "countryCode": "ZA" }, "geometry": { "type": "Point", "coordinates": [ 30.239721, -30.262768 ] } },
{ "type": "Feature", "properties": { "decimalLatitude": -25.258762, "decimalLongitude": 29.997672, "eventDate": "2024-12-23T09:01:25Z", "countryCode": "ZA" }, "geometry": { "type": "Point", "coordinates": [ 29.997672, -25.258762 ] } },
{ "type": "Feature", "properties": { "decimalLatitude": -29.815396, "decimalLongitude": 30.812936, "eventDate": "2024-12-21T08:53:08Z", "countryCode": "ZA" }, "geometry": { "type": "Point", "coordinates": [ 30.812936, -29.815396 ] } },
{ "type": "Feature", "properties": { "decimalLatitude": -27.550384, "decimalLongitude": 29.924227, "eventDate": "2024-12-31T14:51:05Z", "countryCode": "ZA" }, "geometry": { "type": "Point", "coordinates": [ 29.924227, -27.550384 ] } },
{ "type": "Feature", "properties": { "decimalLatitude": -29.741973, "decimalLongitude": 30.686708, "eventDate": "2024-12-27T11:40:00Z", "countryCode": "ZA" }, "geometry": { "type": "Point", "coordinates": [ 30.686708, -29.741973 ] } },
{ "type": "Feature", "properties": { "decimalLatitude": -29.489501, "decimalLongitude": 30.206809, "eventDate": "2024-12-25T12:56:00Z", "countryCode": "ZA" }, "geometry": { "type": "Point", "coordinates": [ 30.206809, -29.489501 ] } },
{ "type": "Feature", "properties": { "decimalLatitude": -29.489526, "decimalLongitude": 30.206824, "eventDate": "2024-12-25T13:04:00Z", "countryCode": "ZA" }, "geometry": { "type": "Point", "coordinates": [ 30.206824, -29.489526 ] } },
{ "type": "Feature", "properties": { "decimalLatitude": -29.489518, "decimalLongitude": 30.206826, "eventDate": "2024-12-25T13:04:00Z", "countryCode": "ZA" }, "geometry": { "type": "Point", "coordinates": [ 30.206826, -29.489518 ] } },
{ "type": "Feature", "properties": { "decimalLatitude": -26.747516, "decimalLongitude": 27.535687, "eventDate": "2024-12-10T11:36:05Z", "countryCode": "ZA" }, "geometry": { "type": "Point", "coordinates": [ 27.535687, -26.747516 ] } },
{ "type": "Feature", "properties": { "decimalLatitude": -28.577187, "decimalLongitude": 28.994922, "eventDate": "2024-12-28T00:00:00Z", "countryCode": "ZA" }, "geometry": { "type": "Point", "coordinates": [ 28.994922, -28.577187 ] } },
{ "type": "Feature", "properties": { "decimalLatitude": -25.148703, "decimalLongitude": 30.536781, "eventDate": "2025-01-02T14:16:53Z", "countryCode": "ZA" }, "geometry": { "type": "Point", "coordinates": [ 30.536781, -25.148703 ] } },
{ "type": "Feature", "properties": { "decimalLatitude": -29.81562, "decimalLongitude": 30.81087, "eventDate": "2025-01-09T11:34:00Z", "countryCode": "ZA" }, "geometry": { "type": "Point", "coordinates": [ 30.81087, -29.81562 ] } },
{ "type": "Feature", "properties": { "decimalLatitude": -28.508795, "decimalLongitude": 28.625703, "eventDate": "2025-01-09T12:37:00Z", "countryCode": "ZA" }, "geometry": { "type": "Point", "coordinates": [ 28.625703, -28.508795 ] } },
{ "type": "Feature", "properties": { "decimalLatitude": -0.594755, "decimalLongitude": 30.981757, "eventDate": "2025-01-03T00:00:00Z", "countryCode": "UG" }, "geometry": { "type": "Point", "coordinates": [ 30.981757, -0.594755 ] } },
{ "type": "Feature", "properties": { "decimalLatitude": -25.711662, "decimalLongitude": 29.300832, "eventDate": "2025-01-17T00:00:00Z", "countryCode": "ZA" }, "geometry": { "type": "Point", "coordinates": [ 29.300832, -25.711662 ] } },
{ "type": "Feature", "properties": { "decimalLatitude": -25.709821, "decimalLongitude": 29.305153, "eventDate": "2025-01-17T00:00:00Z", "countryCode": "ZA" }, "geometry": { "type": "Point", "coordinates": [ 29.305153, -25.709821 ] } },
{ "type": "Feature", "properties": { "decimalLatitude": -28.505171, "decimalLongitude": 28.582968, "eventDate": "2025-01-10T09:12:00Z", "countryCode": "ZA" }, "geometry": { "type": "Point", "coordinates": [ 28.582968, -28.505171 ] } },
{ "type": "Feature", "properties": { "decimalLatitude": -29.504511, "decimalLongitude": 30.504197, "eventDate": "2025-01-11T10:08:12Z", "countryCode": "ZA" }, "geometry": { "type": "Point", "coordinates": [ 30.504197, -29.504511 ] } },
{ "type": "Feature", "properties": { "decimalLatitude": -29.744153, "decimalLongitude": 30.685938, "eventDate": "2025-01-18T11:12:00Z", "countryCode": "ZA" }, "geometry": { "type": "Point", "coordinates": [ 30.685938, -29.744153 ] } },
{ "type": "Feature", "properties": { "decimalLatitude": -28.503862, "decimalLongitude": 28.611355, "eventDate": "2025-01-19T11:18:00Z", "countryCode": "ZA" }, "geometry": { "type": "Point", "coordinates": [ 28.611355, -28.503862 ] } },
{ "type": "Feature", "properties": { "decimalLatitude": -28.723928, "decimalLongitude": 28.932835, "eventDate": "2025-01-20T08:49:00Z", "countryCode": "ZA" }, "geometry": { "type": "Point", "coordinates": [ 28.932835, -28.723928 ] } },
{ "type": "Feature", "properties": { "decimalLatitude": -28.50535, "decimalLongitude": 28.61876, "eventDate": "2025-01-08T13:34:00Z", "countryCode": "ZA" }, "geometry": { "type": "Point", "coordinates": [ 28.61876, -28.50535 ] } },
{ "type": "Feature", "properties": { "decimalLatitude": -28.50764, "decimalLongitude": 28.62337, "eventDate": "2025-01-09T11:51:00Z", "countryCode": "ZA" }, "geometry": { "type": "Point", "coordinates": [ 28.62337, -28.50764 ] } },
{ "type": "Feature", "properties": { "decimalLatitude": -29.815962, "decimalLongitude": 30.813164, "eventDate": "2025-01-28T11:58:00Z", "countryCode": "ZA" }, "geometry": { "type": "Point", "coordinates": [ 30.813164, -29.815962 ] } },
{ "type": "Feature", "properties": { "decimalLatitude": -33.340659, "decimalLongitude": 27.180928, "eventDate": "2025-01-16T12:12:00Z", "countryCode": "ZA" }, "geometry": { "type": "Point", "coordinates": [ 27.180928, -33.340659 ] } },
{ "type": "Feature", "properties": { "decimalLatitude": -25.749042, "decimalLongitude": 29.319851, "eventDate": "2025-01-17T15:35:00Z", "countryCode": "ZA" }, "geometry": { "type": "Point", "coordinates": [ 29.319851, -25.749042 ] } },
{ "type": "Feature", "properties": { "decimalLatitude": -28.70916, "decimalLongitude": 28.94055, "eventDate": "2025-01-26T14:56:00Z", "countryCode": "ZA" }, "geometry": { "type": "Point", "coordinates": [ 28.94055, -28.70916 ] } },
{ "type": "Feature", "properties": { "decimalLatitude": -18.37486, "decimalLongitude": 33.053638, "eventDate": "2025-01-08T07:38:22Z", "countryCode": "MZ" }, "geometry": { "type": "Point", "coordinates": [ 33.053638, -18.37486 ] } },
{ "type": "Feature", "properties": { "decimalLatitude": -29.741111, "decimalLongitude": 30.671944, "eventDate": "2025-01-18T10:53:00Z", "countryCode": "ZA" }, "geometry": { "type": "Point", "coordinates": [ 30.671944, -29.741111 ] } },
{ "type": "Feature", "properties": { "decimalLatitude": -28.68555, "decimalLongitude": 28.89917, "eventDate": "2025-01-28T09:34:00Z", "countryCode": "ZA" }, "geometry": { "type": "Point", "coordinates": [ 28.89917, -28.68555 ] } },
{ "type": "Feature", "properties": { "decimalLatitude": 9.282481, "decimalLongitude": 1.570498, "eventDate": "2025-01-16T14:44:42Z", "countryCode": "BJ" }, "geometry": { "type": "Point", "coordinates": [ 1.570498, 9.282481 ] } },
{ "type": "Feature", "properties": { "decimalLatitude": -25.079867, "decimalLongitude": 30.083092, "eventDate": "2025-02-05T09:41:00Z", "countryCode": "ZA" }, "geometry": { "type": "Point", "coordinates": [ 30.083092, -25.079867 ] } },
{ "type": "Feature", "properties": { "decimalLatitude": -28.509555, "decimalLongitude": 28.579321, "eventDate": "2025-02-04T11:10:00Z", "countryCode": "ZA" }, "geometry": { "type": "Point", "coordinates": [ 28.579321, -28.509555 ] } },
{ "type": "Feature", "properties": { "decimalLatitude": -25.34575, "decimalLongitude": 29.070447, "eventDate": "2025-02-13T09:36:12Z", "countryCode": "ZA" }, "geometry": { "type": "Point", "coordinates": [ 29.070447, -25.34575 ] } },
{ "type": "Feature", "properties": { "decimalLatitude": -26.260613, "decimalLongitude": 31.193994, "eventDate": "2025-02-13T11:08:00Z", "countryCode": "SZ" }, "geometry": { "type": "Point", "coordinates": [ 31.193994, -26.260613 ] } },
{ "type": "Feature", "properties": { "decimalLatitude": -25.789125, "decimalLongitude": 27.889886, "eventDate": "2025-02-08T10:48:00Z", "countryCode": "ZA" }, "geometry": { "type": "Point", "coordinates": [ 27.889886, -25.789125 ] } },
{ "type": "Feature", "properties": { "decimalLatitude": -25.360451, "decimalLongitude": 29.083851, "eventDate": "2025-02-22T10:08:00Z", "countryCode": "ZA" }, "geometry": { "type": "Point", "coordinates": [ 29.083851, -25.360451 ] } },
{ "type": "Feature", "properties": { "decimalLatitude": -26.481022, "decimalLongitude": 31.195453, "eventDate": "2025-03-02T11:20:04Z", "countryCode": "SZ" }, "geometry": { "type": "Point", "coordinates": [ 31.195453, -26.481022 ] } },
{ "type": "Feature", "properties": { "decimalLatitude": -27.422055, "decimalLongitude": 30.855612, "eventDate": "2025-03-07T15:03:17Z", "countryCode": "ZA" }, "geometry": { "type": "Point", "coordinates": [ 30.855612, -27.422055 ] } },
{ "type": "Feature", "properties": { "decimalLatitude": -26.481022, "decimalLongitude": 31.195453, "eventDate": "2025-03-02T11:12:04Z", "countryCode": "SZ" }, "geometry": { "type": "Point", "coordinates": [ 31.195453, -26.481022 ] } },
{ "type": "Feature", "properties": { "decimalLatitude": -18.179544, "decimalLongitude": 31.627724, "eventDate": "2025-03-23T12:15:00Z", "countryCode": "ZW" }, "geometry": { "type": "Point", "coordinates": [ 31.627724, -18.179544 ] } },
{ "type": "Feature", "properties": { "decimalLatitude": -33.580554, "decimalLongitude": 25.254695, "eventDate": "2025-03-01T12:22:48Z", "countryCode": "ZA" }, "geometry": { "type": "Point", "coordinates": [ 25.254695, -33.580554 ] } },
{ "type": "Feature", "properties": { "decimalLatitude": -0.613648, "decimalLongitude": 34.336653, "eventDate": "2025-03-21T17:24:03Z", "countryCode": "KE" }, "geometry": { "type": "Point", "coordinates": [ 34.336653, -0.613648 ] } },
{ "type": "Feature", "properties": { "decimalLatitude": -29.781023, "decimalLongitude": 30.844798, "eventDate": "2025-04-06T12:30:38Z", "countryCode": "ZA" }, "geometry": { "type": "Point", "coordinates": [ 30.844798, -29.781023 ] } },
{ "type": "Feature", "properties": { "decimalLatitude": -27.32288, "decimalLongitude": 30.463805, "eventDate": "2025-04-19T13:33:00Z", "countryCode": "ZA" }, "geometry": { "type": "Point", "coordinates": [ 30.463805, -27.32288 ] } },
{ "type": "Feature", "properties": { "decimalLatitude": -28.514439, "decimalLongitude": 28.622247, "eventDate": "2025-04-27T13:47:07Z", "countryCode": "ZA" }, "geometry": { "type": "Point", "coordinates": [ 28.622247, -28.514439 ] } },
{ "type": "Feature", "properties": { "decimalLatitude": -33.303867, "decimalLongitude": 26.498153, "eventDate": "2025-04-26T16:14:23Z", "countryCode": "ZA" }, "geometry": { "type": "Point", "coordinates": [ 26.498153, -33.303867 ] } },
{ "type": "Feature", "properties": { "decimalLatitude": -29.811368, "decimalLongitude": 30.817413, "eventDate": "2025-04-29T12:19:00Z", "countryCode": "ZA" }, "geometry": { "type": "Point", "coordinates": [ 30.817413, -29.811368 ] } },
{ "type": "Feature", "properties": { "decimalLatitude": -25.108628, "decimalLongitude": 30.079014, "eventDate": "2025-04-11T12:47:00Z", "countryCode": "ZA" }, "geometry": { "type": "Point", "coordinates": [ 30.079014, -25.108628 ] } },
{ "type": "Feature", "properties": { "decimalLatitude": -25.148619, "decimalLongitude": 30.086239, "eventDate": "2025-04-14T14:07:00Z", "countryCode": "ZA" }, "geometry": { "type": "Point", "coordinates": [ 30.086239, -25.148619 ] } },
{ "type": "Feature", "properties": { "decimalLatitude": -0.577222, "decimalLongitude": 30.995044, "eventDate": "2025-04-16T17:01:00Z", "countryCode": "UG" }, "geometry": { "type": "Point", "coordinates": [ 30.995044, -0.577222 ] } },
{ "type": "Feature", "properties": { "decimalLatitude": 9.168157, "decimalLongitude": 7.422524, "eventDate": "2025-04-27T09:11:00Z", "countryCode": "NG" }, "geometry": { "type": "Point", "coordinates": [ 7.422524, 9.168157 ] } },
{ "type": "Feature", "properties": { "decimalLatitude": -13.883944, "decimalLongitude": 33.431831, "eventDate": "2025-05-25T09:49:00Z", "countryCode": "MW" }, "geometry": { "type": "Point", "coordinates": [ 33.431831, -13.883944 ] } },
{ "type": "Feature", "properties": { "decimalLatitude": -1.28944, "decimalLongitude": 37.169823, "eventDate": "2025-06-14T14:16:00Z", "countryCode": "KE" }, "geometry": { "type": "Point", "coordinates": [ 37.169823, -1.28944 ] } },
{ "type": "Feature", "properties": { "decimalLatitude": -2.383721, "decimalLongitude": 37.342243, "eventDate": "2025-06-12T10:15:00Z", "countryCode": "KE" }, "geometry": { "type": "Point", "coordinates": [ 37.342243, -2.383721 ] } },
{ "type": "Feature", "properties": { "decimalLatitude": -1.327255, "decimalLongitude": 36.846382, "eventDate": "2025-06-14T10:58:03Z", "countryCode": "KE" }, "geometry": { "type": "Point", "coordinates": [ 36.846382, -1.327255 ] } },
{ "type": "Feature", "properties": { "decimalLatitude": -1.289438, "decimalLongitude": 37.169882, "eventDate": "2025-06-14T14:15:00Z", "countryCode": "KE" }, "geometry": { "type": "Point", "coordinates": [ 37.169882, -1.289438 ] } },
{ "type": "Feature", "properties": { "decimalLatitude": -29.475608, "decimalLongitude": 30.239371, "eventDate": "2025-06-16T00:00:00Z", "countryCode": "ZA" }, "geometry": { "type": "Point", "coordinates": [ 30.239371, -29.475608 ] } },
{ "type": "Feature", "properties": { "decimalLatitude": 9.282546, "decimalLongitude": 1.570593, "eventDate": "2025-07-18T14:42:56Z", "countryCode": "BJ" }, "geometry": { "type": "Point", "coordinates": [ 1.570593, 9.282546 ] } },
{ "type": "Feature", "properties": { "decimalLatitude": -29.811691, "decimalLongitude": 30.818878, "eventDate": "2025-08-19T12:04:37Z", "countryCode": "ZA" }, "geometry": { "type": "Point", "coordinates": [ 30.818878, -29.811691 ] } },
{ "type": "Feature", "properties": { "decimalLatitude": -29.818103, "decimalLongitude": 30.802741, "eventDate": "2025-08-17T08:51:58Z", "countryCode": "ZA" }, "geometry": { "type": "Point", "coordinates": [ 30.802741, -29.818103 ] } },
{ "type": "Feature", "properties": { "decimalLatitude": -29.813339, "decimalLongitude": 30.815789, "eventDate": "2025-08-27T11:12:01Z", "countryCode": "ZA" }, "geometry": { "type": "Point", "coordinates": [ 30.815789, -29.813339 ] } },
{ "type": "Feature", "properties": { "decimalLatitude": -31.282677, "decimalLongitude": 30.014716, "eventDate": "2025-08-14T12:28:00Z", "countryCode": "ZA" }, "geometry": { "type": "Point", "coordinates": [ 30.014716, -31.282677 ] } },
{ "type": "Feature", "properties": { "decimalLatitude": -25.81622, "decimalLongitude": 29.508987, "eventDate": "2025-09-10T08:56:53Z", "countryCode": "ZA" }, "geometry": { "type": "Point", "coordinates": [ 29.508987, -25.81622 ] } },
{ "type": "Feature", "properties": { "decimalLatitude": -33.332653, "decimalLongitude": 26.552427, "eventDate": "2025-09-07T11:48:00Z", "countryCode": "ZA" }, "geometry": { "type": "Point", "coordinates": [ 26.552427, -33.332653 ] } },
{ "type": "Feature", "properties": { "decimalLatitude": -25.592616, "decimalLongitude": 29.105086, "eventDate": "2025-09-11T18:20:00Z", "countryCode": "ZA" }, "geometry": { "type": "Point", "coordinates": [ 29.105086, -25.592616 ] } },
{ "type": "Feature", "properties": { "decimalLatitude": -1.555896, "decimalLongitude": 35.104833, "eventDate": "2025-09-14T14:00:44Z", "countryCode": "KE" }, "geometry": { "type": "Point", "coordinates": [ 35.104833, -1.555896 ] } },
{ "type": "Feature", "properties": { "decimalLatitude": -26.532701, "decimalLongitude": 27.869791, "eventDate": "2025-09-09T21:48:10Z", "countryCode": "ZA" }, "geometry": { "type": "Point", "coordinates": [ 27.869791, -26.532701 ] } },
{ "type": "Feature", "properties": { "decimalLatitude": -30.309772, "decimalLongitude": 30.745106, "eventDate": "2025-09-17T12:45:08Z", "countryCode": "ZA" }, "geometry": { "type": "Point", "coordinates": [ 30.745106, -30.309772 ] } },
{ "type": "Feature", "properties": { "decimalLatitude": -29.741517, "decimalLongitude": 30.670872, "eventDate": "2025-09-18T10:13:00Z", "countryCode": "ZA" }, "geometry": { "type": "Point", "coordinates": [ 30.670872, -29.741517 ] } },
{ "type": "Feature", "properties": { "decimalLatitude": -28.158, "decimalLongitude": 29.170556, "eventDate": "2025-09-28T11:42:00Z", "countryCode": "ZA" }, "geometry": { "type": "Point", "coordinates": [ 29.170556, -28.158 ] } },
{ "type": "Feature", "properties": { "decimalLatitude": -25.590118, "decimalLongitude": 30.767239, "eventDate": "2025-09-21T10:17:47Z", "countryCode": "ZA" }, "geometry": { "type": "Point", "coordinates": [ 30.767239, -25.590118 ] } },
{ "type": "Feature", "properties": { "decimalLatitude": -25.595487, "decimalLongitude": 29.104413, "eventDate": "2025-09-11T11:36:00Z", "countryCode": "ZA" }, "geometry": { "type": "Point", "coordinates": [ 29.104413, -25.595487 ] } },
{ "type": "Feature", "properties": { "decimalLatitude": -25.35392, "decimalLongitude": 28.75037, "eventDate": "2025-10-05T10:47:00Z", "countryCode": "ZA" }, "geometry": { "type": "Point", "coordinates": [ 28.75037, -25.35392 ] } },
{ "type": "Feature", "properties": { "decimalLatitude": -25.818198, "decimalLongitude": 28.28087, "eventDate": "2025-10-01T09:50:01Z", "countryCode": "ZA" }, "geometry": { "type": "Point", "coordinates": [ 28.28087, -25.818198 ] } },
{ "type": "Feature", "properties": { "decimalLatitude": -29.503903, "decimalLongitude": 30.270556, "eventDate": "2025-10-11T07:52:36Z", "countryCode": "ZA" }, "geometry": { "type": "Point", "coordinates": [ 30.270556, -29.503903 ] } },
{ "type": "Feature", "properties": { "decimalLatitude": -25.351664, "decimalLongitude": 28.752648, "eventDate": "2025-10-05T11:52:00Z", "countryCode": "ZA" }, "geometry": { "type": "Point", "coordinates": [ 28.752648, -25.351664 ] } },
{ "type": "Feature", "properties": { "decimalLatitude": -25.867129, "decimalLongitude": 27.849121, "eventDate": "2025-10-09T14:46:33Z", "countryCode": "ZA" }, "geometry": { "type": "Point", "coordinates": [ 27.849121, -25.867129 ] } },
{ "type": "Feature", "properties": { "decimalLatitude": -25.961308, "decimalLongitude": 27.861215, "eventDate": "2025-10-18T18:05:32Z", "countryCode": "ZA" }, "geometry": { "type": "Point", "coordinates": [ 27.861215, -25.961308 ] } },
{ "type": "Feature", "properties": { "decimalLatitude": 0.223222, "decimalLongitude": 37.465133, "eventDate": "2025-10-28T10:27:39Z", "countryCode": "KE" }, "geometry": { "type": "Point", "coordinates": [ 37.465133, 0.223222 ] } },
{ "type": "Feature", "properties": { "decimalLatitude": -24.121857, "decimalLongitude": 30.183033, "eventDate": "2025-10-25T11:52:47Z", "countryCode": "ZA" }, "geometry": { "type": "Point", "coordinates": [ 30.183033, -24.121857 ] } },
{ "type": "Feature", "properties": { "decimalLatitude": -1.380359, "decimalLongitude": 36.75653, "eventDate": "2025-10-26T13:11:32Z", "countryCode": "KE" }, "geometry": { "type": "Point", "coordinates": [ 36.75653, -1.380359 ] } },
{ "type": "Feature", "properties": { "decimalLatitude": -24.789181, "decimalLongitude": 28.087996, "eventDate": "2025-10-22T14:40:58Z", "countryCode": "ZA" }, "geometry": { "type": "Point", "coordinates": [ 28.087996, -24.789181 ] } },
{ "type": "Feature", "properties": { "decimalLatitude": -1.398528, "decimalLongitude": 36.850212, "eventDate": "2025-10-24T10:28:00Z", "countryCode": "KE" }, "geometry": { "type": "Point", "coordinates": [ 36.850212, -1.398528 ] } },
{ "type": "Feature", "properties": { "decimalLatitude": -24.575253, "decimalLongitude": 30.78416, "eventDate": "2025-10-02T15:53:39Z", "countryCode": "ZA" }, "geometry": { "type": "Point", "coordinates": [ 30.78416, -24.575253 ] } },
{ "type": "Feature", "properties": { "decimalLatitude": -26.689274, "decimalLongitude": 27.735111, "eventDate": "2025-11-02T15:15:34Z", "countryCode": "ZA" }, "geometry": { "type": "Point", "coordinates": [ 27.735111, -26.689274 ] } },
{ "type": "Feature", "properties": { "decimalLatitude": -27.215044, "decimalLongitude": 31.05214, "eventDate": "2025-11-09T13:09:00Z", "countryCode": "ZA" }, "geometry": { "type": "Point", "coordinates": [ 31.05214, -27.215044 ] } },
{ "type": "Feature", "properties": { "decimalLatitude": -27.249849, "decimalLongitude": 31.050139, "eventDate": "2025-11-08T13:12:03Z", "countryCode": "ZA" }, "geometry": { "type": "Point", "coordinates": [ 31.050139, -27.249849 ] } },
{ "type": "Feature", "properties": { "decimalLatitude": 8.235958, "decimalLongitude": 37.570606, "eventDate": "2025-11-09T09:06:51Z", "countryCode": "ET" }, "geometry": { "type": "Point", "coordinates": [ 37.570606, 8.235958 ] } },
{ "type": "Feature", "properties": { "decimalLatitude": -28.502872, "decimalLongitude": 28.583688, "eventDate": "2025-11-26T12:57:00Z", "countryCode": "ZA" }, "geometry": { "type": "Point", "coordinates": [ 28.583688, -28.502872 ] } },
{ "type": "Feature", "properties": { "decimalLatitude": -33.284921, "decimalLongitude": 27.287014, "eventDate": "2025-11-24T08:41:00Z", "countryCode": "ZA" }, "geometry": { "type": "Point", "coordinates": [ 27.287014, -33.284921 ] } },
{ "type": "Feature", "properties": { "decimalLatitude": -26.262442, "decimalLongitude": 31.183261, "eventDate": "2025-11-27T11:00:00Z", "countryCode": "SZ" }, "geometry": { "type": "Point", "coordinates": [ 31.183261, -26.262442 ] } },
{ "type": "Feature", "properties": { "decimalLatitude": 5.657389, "decimalLongitude": -0.184805, "eventDate": "2025-12-13T12:50:00Z", "countryCode": "GH" }, "geometry": { "type": "Point", "coordinates": [ -0.184805, 5.657389 ] } },
{ "type": "Feature", "properties": { "decimalLatitude": 5.656808, "decimalLongitude": -0.185776, "eventDate": "2025-12-13T12:41:00Z", "countryCode": "GH" }, "geometry": { "type": "Point", "coordinates": [ -0.185776, 5.656808 ] } },
{ "type": "Feature", "properties": { "decimalLatitude": -26.508104, "decimalLongitude": 28.3745, "eventDate": "2025-12-20T10:14:54Z", "countryCode": "ZA" }, "geometry": { "type": "Point", "coordinates": [ 28.3745, -26.508104 ] } },
{ "type": "Feature", "properties": { "decimalLatitude": -30.273903, "decimalLongitude": 30.591108, "eventDate": "2025-12-14T10:42:00Z", "countryCode": "ZA" }, "geometry": { "type": "Point", "coordinates": [ 30.591108, -30.273903 ] } },
{ "type": "Feature", "properties": { "decimalLatitude": -27.516945, "decimalLongitude": 28.008357, "eventDate": "2025-12-11T15:26:00Z", "countryCode": "ZA" }, "geometry": { "type": "Point", "coordinates": [ 28.008357, -27.516945 ] } },
{ "type": "Feature", "properties": { "decimalLatitude": -29.742247, "decimalLongitude": 30.686803, "eventDate": "2025-12-30T08:28:00Z", "countryCode": "ZA" }, "geometry": { "type": "Point", "coordinates": [ 30.686803, -29.742247 ] } }
]
}
