{
"type": "FeatureCollection",
"name": "chlosyne-californica-gbif",
"crs": { "type": "name", "properties": { "name": "urn:ogc:def:crs:OGC:1.3:CRS84" } },
"features": [
{ "type": "Feature", "properties": { "decimalLatitude": 33.107637, "decimalLongitude": -116.430058, "eventDate": "2015-03-07T09:02:03Z", "countryCode": "US" }, "geometry": { "type": "Point", "coordinates": [ -116.430058, 33.107637 ] } },
{ "type": "Feature", "properties": { "decimalLatitude": 33.107637, "decimalLongitude": -116.430058, "eventDate": "2015-03-07T09:12:54Z", "countryCode": "US" }, "geometry": { "type": "Point", "coordinates": [ -116.430058, 33.107637 ] } },
{ "type": "Feature", "properties": { "decimalLatitude": 33.226519, "decimalLongitude": -116.461934, "eventDate": "2015-03-14T13:58:48Z", "countryCode": "US" }, "geometry": { "type": "Point", "coordinates": [ -116.461934, 33.226519 ] } },
{ "type": "Feature", "properties": { "decimalLatitude": 34.118145, "decimalLongitude": -116.11362, "eventDate": "2015-03-21T13:11:13Z", "countryCode": "US" }, "geometry": { "type": "Point", "coordinates": [ -116.11362, 34.118145 ] } },
{ "type": "Feature", "properties": { "decimalLatitude": 35.259903, "decimalLongitude": -114.74043, "eventDate": "2015-03-30T08:35:22Z", "countryCode": "US" }, "geometry": { "type": "Point", "coordinates": [ -114.74043, 35.259903 ] } },
{ "type": "Feature", "properties": { "decimalLatitude": 35.064963, "decimalLongitude": -115.693082, "eventDate": "2015-03-30T10:28:23Z", "countryCode": "US" }, "geometry": { "type": "Point", "coordinates": [ -115.693082, 35.064963 ] } },
{ "type": "Feature", "properties": { "decimalLatitude": 35.040162, "decimalLongitude": -115.40412, "eventDate": "2015-03-30T10:28:21Z", "countryCode": "US" }, "geometry": { "type": "Point", "coordinates": [ -115.40412, 35.040162 ] } },
{ "type": "Feature", "properties": { "decimalLatitude": 35.048047, "decimalLongitude": -115.39536, "eventDate": "2015-03-30T09:18:50Z", "countryCode": "US" }, "geometry": { "type": "Point", "coordinates": [ -115.39536, 35.048047 ] } },
{ "type": "Feature", "properties": { "decimalLatitude": 35.058818, "decimalLongitude": -115.404013, "eventDate": "2015-03-30T14:33:42Z", "countryCode": "US" }, "geometry": { "type": "Point", "coordinates": [ -115.404013, 35.058818 ] } },
{ "type": "Feature", "properties": { "decimalLatitude": 32.08776, "decimalLongitude": -112.90588, "eventDate": "2015-03-14T00:00:00Z", "countryCode": "US" }, "geometry": { "type": "Point", "coordinates": [ -112.90588, 32.08776 ] } },
{ "type": "Feature", "properties": { "decimalLatitude": 33.710313, "decimalLongitude": -115.761753, "eventDate": "2015-03-21T11:49:26Z", "countryCode": "US" }, "geometry": { "type": "Point", "coordinates": [ -115.761753, 33.710313 ] } },
{ "type": "Feature", "properties": { "decimalLatitude": 34.587468, "decimalLongitude": -112.417971, "eventDate": "2015-03-16T12:52:00Z", "countryCode": "US" }, "geometry": { "type": "Point", "coordinates": [ -112.417971, 34.587468 ] } },
{ "type": "Feature", "properties": { "decimalLatitude": 35.227241, "decimalLongitude": -114.686756, "eventDate": "2015-04-18T11:22:44Z", "countryCode": "US" }, "geometry": { "type": "Point", "coordinates": [ -114.686756, 35.227241 ] } },
{ "type": "Feature", "properties": { "decimalLatitude": 35.226882, "decimalLongitude": -114.685801, "eventDate": "2015-04-18T11:52:59Z", "countryCode": "US" }, "geometry": { "type": "Point", "coordinates": [ -114.685801, 35.226882 ] } },
{ "type": "Feature", "properties": { "decimalLatitude": 35.22728, "decimalLongitude": -114.686847, "eventDate": "2015-04-18T11:05:52Z", "countryCode": "US" }, "geometry": { "type": "Point", "coordinates": [ -114.686847, 35.22728 ] } },
{ "type": "Feature", "properties": { "decimalLatitude": 32.322298, "decimalLongitude": -110.809812, "eventDate": "2015-04-02T00:00:00Z", "countryCode": "US" }, "geometry": { "type": "Point", "coordinates": [ -110.809812, 32.322298 ] } },
{ "type": "Feature", "properties": { "decimalLatitude": 33.153563, "decimalLongitude": -111.648186, "eventDate": "2015-04-04T00:00:00Z", "countryCode": "US" }, "geometry": { "type": "Point", "coordinates": [ -111.648186, 33.153563 ] } },
{ "type": "Feature", "properties": { "decimalLatitude": 33.722245, "decimalLongitude": -116.374456, "eventDate": "2015-04-01T18:04:00Z", "countryCode": "US" }, "geometry": { "type": "Point", "coordinates": [ -116.374456, 33.722245 ] } },
{ "type": "Feature", "properties": { "decimalLatitude": 36.078795, "decimalLongitude": -115.00145, "eventDate": "2015-05-02T00:00:00Z", "countryCode": "US" }, "geometry": { "type": "Point", "coordinates": [ -115.00145, 36.078795 ] } },
{ "type": "Feature", "properties": { "decimalLatitude": 34.081891, "decimalLongitude": -116.261331, "eventDate": "2015-09-01T00:00:00Z", "countryCode": "US" }, "geometry": { "type": "Point", "coordinates": [ -116.261331, 34.081891 ] } },
{ "type": "Feature", "properties": { "decimalLatitude": 34.08094, "decimalLongitude": -116.242293, "eventDate": "2015-09-25T00:00:00Z", "countryCode": "US" }, "geometry": { "type": "Point", "coordinates": [ -116.242293, 34.08094 ] } },
{ "type": "Feature", "properties": { "decimalLatitude": 34.027813, "decimalLongitude": -116.281325, "eventDate": "2015-10-04T00:00:00Z", "countryCode": "US" }, "geometry": { "type": "Point", "coordinates": [ -116.281325, 34.027813 ] } },
{ "type": "Feature", "properties": { "decimalLatitude": 35.70853, "decimalLongitude": -114.801141, "eventDate": "2015-10-31T10:14:22Z", "countryCode": "US" }, "geometry": { "type": "Point", "coordinates": [ -114.801141, 35.70853 ] } },
{ "type": "Feature", "properties": { "decimalLatitude": 35.708669, "decimalLongitude": -114.80084, "eventDate": "2015-10-31T10:13:33Z", "countryCode": "US" }, "geometry": { "type": "Point", "coordinates": [ -114.80084, 35.708669 ] } },
{ "type": "Feature", "properties": { "decimalLatitude": 34.030159, "decimalLongitude": -116.276367, "eventDate": "2015-10-04T11:30:00Z", "countryCode": "US" }, "geometry": { "type": "Point", "coordinates": [ -116.276367, 34.030159 ] } },
{ "type": "Feature", "properties": { "decimalLatitude": 33.853368, "decimalLongitude": -112.269328, "eventDate": "2015-11-01T00:00:00Z", "countryCode": "US" }, "geometry": { "type": "Point", "coordinates": [ -112.269328, 33.853368 ] } },
{ "type": "Feature", "properties": { "decimalLatitude": 33.149557, "decimalLongitude": -116.490617, "eventDate": "2016-02-28T11:03:00Z", "countryCode": "US" }, "geometry": { "type": "Point", "coordinates": [ -116.490617, 33.149557 ] } },
{ "type": "Feature", "properties": { "decimalLatitude": 33.904329, "decimalLongitude": -111.829829, "eventDate": "2016-02-26T00:00:00Z", "countryCode": "US" }, "geometry": { "type": "Point", "coordinates": [ -111.829829, 33.904329 ] } },
{ "type": "Feature", "properties": { "decimalLatitude": 35.259097, "decimalLongitude": -114.736525, "eventDate": "2016-03-21T08:29:53Z", "countryCode": "US" }, "geometry": { "type": "Point", "coordinates": [ -114.736525, 35.259097 ] } },
{ "type": "Feature", "properties": { "decimalLatitude": 35.258887, "decimalLongitude": -114.737297, "eventDate": "2016-03-21T08:31:48Z", "countryCode": "US" }, "geometry": { "type": "Point", "coordinates": [ -114.737297, 35.258887 ] } },
{ "type": "Feature", "properties": { "decimalLatitude": 35.227215, "decimalLongitude": -114.681874, "eventDate": "2016-03-21T11:16:25Z", "countryCode": "US" }, "geometry": { "type": "Point", "coordinates": [ -114.681874, 35.227215 ] } },
{ "type": "Feature", "properties": { "decimalLatitude": 35.225515, "decimalLongitude": -114.685726, "eventDate": "2016-03-21T10:05:36Z", "countryCode": "US" }, "geometry": { "type": "Point", "coordinates": [ -114.685726, 35.225515 ] } },
{ "type": "Feature", "properties": { "decimalLatitude": 33.109, "decimalLongitude": -116.432223, "eventDate": "2016-03-19T14:13:03Z", "countryCode": "US" }, "geometry": { "type": "Point", "coordinates": [ -116.432223, 33.109 ] } },
{ "type": "Feature", "properties": { "decimalLatitude": 33.108336, "decimalLongitude": -116.432842, "eventDate": "2016-03-19T14:08:05Z", "countryCode": "US" }, "geometry": { "type": "Point", "coordinates": [ -116.432842, 33.108336 ] } },
{ "type": "Feature", "properties": { "decimalLatitude": 33.109844, "decimalLongitude": -116.432092, "eventDate": "2016-03-19T14:22:22Z", "countryCode": "US" }, "geometry": { "type": "Point", "coordinates": [ -116.432092, 33.109844 ] } },
{ "type": "Feature", "properties": { "decimalLatitude": 33.109783, "decimalLongitude": -116.431987, "eventDate": "2016-03-19T14:21:49Z", "countryCode": "US" }, "geometry": { "type": "Point", "coordinates": [ -116.431987, 33.109783 ] } },
{ "type": "Feature", "properties": { "decimalLatitude": 33.046861, "decimalLongitude": -116.436778, "eventDate": "2016-03-19T12:12:42Z", "countryCode": "US" }, "geometry": { "type": "Point", "coordinates": [ -116.436778, 33.046861 ] } },
{ "type": "Feature", "properties": { "decimalLatitude": 33.046872, "decimalLongitude": -116.436748, "eventDate": "2016-03-19T11:16:59Z", "countryCode": "US" }, "geometry": { "type": "Point", "coordinates": [ -116.436748, 33.046872 ] } },
{ "type": "Feature", "properties": { "decimalLatitude": 33.237234, "decimalLongitude": -116.438867, "eventDate": "2016-03-20T14:32:28Z", "countryCode": "US" }, "geometry": { "type": "Point", "coordinates": [ -116.438867, 33.237234 ] } },
{ "type": "Feature", "properties": { "decimalLatitude": 33.129568, "decimalLongitude": -116.473975, "eventDate": "2016-03-05T14:51:00Z", "countryCode": "US" }, "geometry": { "type": "Point", "coordinates": [ -116.473975, 33.129568 ] } },
{ "type": "Feature", "properties": { "decimalLatitude": 35.046142, "decimalLongitude": -115.394704, "eventDate": "2016-03-19T13:52:07Z", "countryCode": "US" }, "geometry": { "type": "Point", "coordinates": [ -115.394704, 35.046142 ] } },
{ "type": "Feature", "properties": { "decimalLatitude": 33.107804, "decimalLongitude": -116.428496, "eventDate": "2016-03-12T17:17:19Z", "countryCode": "US" }, "geometry": { "type": "Point", "coordinates": [ -116.428496, 33.107804 ] } },
{ "type": "Feature", "properties": { "decimalLatitude": 33.933081, "decimalLongitude": -112.694825, "eventDate": "2016-03-08T12:40:00Z", "countryCode": "US" }, "geometry": { "type": "Point", "coordinates": [ -112.694825, 33.933081 ] } },
{ "type": "Feature", "properties": { "decimalLatitude": 33.258081, "decimalLongitude": -116.406514, "eventDate": "2016-03-31T08:54:00Z", "countryCode": "US" }, "geometry": { "type": "Point", "coordinates": [ -116.406514, 33.258081 ] } },
{ "type": "Feature", "properties": { "decimalLatitude": 33.1948, "decimalLongitude": -116.359634, "eventDate": "2016-03-21T00:00:00Z", "countryCode": "US" }, "geometry": { "type": "Point", "coordinates": [ -116.359634, 33.1948 ] } },
{ "type": "Feature", "properties": { "decimalLatitude": 33.659704, "decimalLongitude": -112.23931, "eventDate": "2016-03-08T12:13:42Z", "countryCode": "US" }, "geometry": { "type": "Point", "coordinates": [ -112.23931, 33.659704 ] } },
{ "type": "Feature", "properties": { "decimalLatitude": 33.104724, "decimalLongitude": -116.433895, "eventDate": "2016-03-13T00:00:00Z", "countryCode": "US" }, "geometry": { "type": "Point", "coordinates": [ -116.433895, 33.104724 ] } },
{ "type": "Feature", "properties": { "decimalLatitude": 33.100492, "decimalLongitude": -116.301327, "eventDate": "2016-03-15T13:36:00Z", "countryCode": "US" }, "geometry": { "type": "Point", "coordinates": [ -116.301327, 33.100492 ] } },
{ "type": "Feature", "properties": { "decimalLatitude": 33.107195, "decimalLongitude": -116.433296, "eventDate": "2016-03-23T07:14:04Z", "countryCode": "US" }, "geometry": { "type": "Point", "coordinates": [ -116.433296, 33.107195 ] } },
{ "type": "Feature", "properties": { "decimalLatitude": 35.268798, "decimalLongitude": -114.68556, "eventDate": "2016-04-12T08:32:47Z", "countryCode": "US" }, "geometry": { "type": "Point", "coordinates": [ -114.68556, 35.268798 ] } },
{ "type": "Feature", "properties": { "decimalLatitude": 35.276762, "decimalLongitude": -114.681398, "eventDate": "2016-04-12T10:15:39Z", "countryCode": "US" }, "geometry": { "type": "Point", "coordinates": [ -114.681398, 35.276762 ] } },
{ "type": "Feature", "properties": { "decimalLatitude": 35.272808, "decimalLongitude": -114.683683, "eventDate": "2016-04-12T09:56:56Z", "countryCode": "US" }, "geometry": { "type": "Point", "coordinates": [ -114.683683, 35.272808 ] } },
{ "type": "Feature", "properties": { "decimalLatitude": 35.276254, "decimalLongitude": -114.681687, "eventDate": "2016-04-12T10:07:31Z", "countryCode": "US" }, "geometry": { "type": "Point", "coordinates": [ -114.681687, 35.276254 ] } },
{ "type": "Feature", "properties": { "decimalLatitude": 35.227662, "decimalLongitude": -114.689555, "eventDate": "2016-04-24T11:20:23Z", "countryCode": "US" }, "geometry": { "type": "Point", "coordinates": [ -114.689555, 35.227662 ] } },
{ "type": "Feature", "properties": { "decimalLatitude": 35.296601, "decimalLongitude": -115.301523, "eventDate": "2016-04-23T00:00:00Z", "countryCode": "US" }, "geometry": { "type": "Point", "coordinates": [ -115.301523, 35.296601 ] } },
{ "type": "Feature", "properties": { "decimalLatitude": 35.26831, "decimalLongitude": -114.685754, "eventDate": "2016-05-02T10:31:44Z", "countryCode": "US" }, "geometry": { "type": "Point", "coordinates": [ -114.685754, 35.26831 ] } },
{ "type": "Feature", "properties": { "decimalLatitude": 35.274371, "decimalLongitude": -114.683028, "eventDate": "2016-05-02T10:26:59Z", "countryCode": "US" }, "geometry": { "type": "Point", "coordinates": [ -114.683028, 35.274371 ] } },
{ "type": "Feature", "properties": { "decimalLatitude": 36.158038, "decimalLongitude": -115.427475, "eventDate": "2016-06-13T10:17:00Z", "countryCode": "US" }, "geometry": { "type": "Point", "coordinates": [ -115.427475, 36.158038 ] } },
{ "type": "Feature", "properties": { "decimalLatitude": 33.759012, "decimalLongitude": -111.87705, "eventDate": "2016-08-18T08:48:00Z", "countryCode": "US" }, "geometry": { "type": "Point", "coordinates": [ -111.87705, 33.759012 ] } },
{ "type": "Feature", "properties": { "decimalLatitude": 33.97602, "decimalLongitude": -111.80118, "eventDate": "2016-09-13T10:55:00Z", "countryCode": "US" }, "geometry": { "type": "Point", "coordinates": [ -111.80118, 33.97602 ] } },
{ "type": "Feature", "properties": { "decimalLatitude": 33.76103, "decimalLongitude": -111.843256, "eventDate": "2016-09-16T10:12:57Z", "countryCode": "US" }, "geometry": { "type": "Point", "coordinates": [ -111.843256, 33.76103 ] } },
{ "type": "Feature", "properties": { "decimalLatitude": 33.761472, "decimalLongitude": -111.843112, "eventDate": "2016-09-16T10:12:15Z", "countryCode": "US" }, "geometry": { "type": "Point", "coordinates": [ -111.843112, 33.761472 ] } },
{ "type": "Feature", "properties": { "decimalLatitude": 35.026392, "decimalLongitude": -114.38357, "eventDate": "2016-09-02T00:00:00Z", "countryCode": "US" }, "geometry": { "type": "Point", "coordinates": [ -114.38357, 35.026392 ] } },
{ "type": "Feature", "properties": { "decimalLatitude": 35.633376, "decimalLongitude": -115.026534, "eventDate": "2016-10-14T00:00:00Z", "countryCode": "US" }, "geometry": { "type": "Point", "coordinates": [ -115.026534, 35.633376 ] } },
{ "type": "Feature", "properties": { "decimalLatitude": 33.222508, "decimalLongitude": -116.452553, "eventDate": "2017-03-13T09:01:00Z", "countryCode": "US" }, "geometry": { "type": "Point", "coordinates": [ -116.452553, 33.222508 ] } },
{ "type": "Feature", "properties": { "decimalLatitude": 33.98232, "decimalLongitude": -116.657531, "eventDate": "2017-03-18T09:42:25Z", "countryCode": "US" }, "geometry": { "type": "Point", "coordinates": [ -116.657531, 33.98232 ] } },
{ "type": "Feature", "properties": { "decimalLatitude": 35.477429, "decimalLongitude": -114.786323, "eventDate": "2017-03-21T10:20:00Z", "countryCode": "US" }, "geometry": { "type": "Point", "coordinates": [ -114.786323, 35.477429 ] } },
{ "type": "Feature", "properties": { "decimalLatitude": 34.046988, "decimalLongitude": -116.567176, "eventDate": "2017-03-17T10:24:00Z", "countryCode": "US" }, "geometry": { "type": "Point", "coordinates": [ -116.567176, 34.046988 ] } },
{ "type": "Feature", "properties": { "decimalLatitude": 33.737331, "decimalLongitude": -115.805426, "eventDate": "2017-03-19T09:43:05Z", "countryCode": "US" }, "geometry": { "type": "Point", "coordinates": [ -115.805426, 33.737331 ] } },
{ "type": "Feature", "properties": { "decimalLatitude": 33.100492, "decimalLongitude": -116.301327, "eventDate": "2017-03-19T16:24:00Z", "countryCode": "US" }, "geometry": { "type": "Point", "coordinates": [ -116.301327, 33.100492 ] } },
{ "type": "Feature", "properties": { "decimalLatitude": 33.227919, "decimalLongitude": -116.45452, "eventDate": "2017-04-02T09:39:00Z", "countryCode": "US" }, "geometry": { "type": "Point", "coordinates": [ -116.45452, 33.227919 ] } },
{ "type": "Feature", "properties": { "decimalLatitude": 34.092746, "decimalLongitude": -116.162407, "eventDate": "2017-04-01T10:43:10Z", "countryCode": "US" }, "geometry": { "type": "Point", "coordinates": [ -116.162407, 34.092746 ] } },
{ "type": "Feature", "properties": { "decimalLatitude": 33.099198, "decimalLongitude": -116.559846, "eventDate": "2017-04-07T11:47:00Z", "countryCode": "US" }, "geometry": { "type": "Point", "coordinates": [ -116.559846, 33.099198 ] } },
{ "type": "Feature", "properties": { "decimalLatitude": 35.227373, "decimalLongitude": -114.686955, "eventDate": "2017-04-11T11:10:00Z", "countryCode": "US" }, "geometry": { "type": "Point", "coordinates": [ -114.686955, 35.227373 ] } },
{ "type": "Feature", "properties": { "decimalLatitude": 34.048233, "decimalLongitude": -116.568938, "eventDate": "2017-04-29T14:40:00Z", "countryCode": "US" }, "geometry": { "type": "Point", "coordinates": [ -116.568938, 34.048233 ] } },
{ "type": "Feature", "properties": { "decimalLatitude": 33.116812, "decimalLongitude": -116.387442, "eventDate": "2017-04-09T12:11:00Z", "countryCode": "US" }, "geometry": { "type": "Point", "coordinates": [ -116.387442, 33.116812 ] } },
{ "type": "Feature", "properties": { "decimalLatitude": 36.064487, "decimalLongitude": -115.395227, "eventDate": "2017-04-02T13:15:00Z", "countryCode": "US" }, "geometry": { "type": "Point", "coordinates": [ -115.395227, 36.064487 ] } },
{ "type": "Feature", "properties": { "decimalLatitude": 34.658063, "decimalLongitude": -116.641159, "eventDate": "2017-04-09T12:35:00Z", "countryCode": "US" }, "geometry": { "type": "Point", "coordinates": [ -116.641159, 34.658063 ] } },
{ "type": "Feature", "properties": { "decimalLatitude": 34.006445, "decimalLongitude": -116.051063, "eventDate": "2017-04-15T22:00:00Z", "countryCode": "US" }, "geometry": { "type": "Point", "coordinates": [ -116.051063, 34.006445 ] } },
{ "type": "Feature", "properties": { "decimalLatitude": 33.764886, "decimalLongitude": -111.844101, "eventDate": "2017-04-02T00:00:00Z", "countryCode": "US" }, "geometry": { "type": "Point", "coordinates": [ -111.844101, 33.764886 ] } },
{ "type": "Feature", "properties": { "decimalLatitude": 34.051281, "decimalLongitude": -116.572049, "eventDate": "2017-04-11T11:27:00Z", "countryCode": "US" }, "geometry": { "type": "Point", "coordinates": [ -116.572049, 34.051281 ] } },
{ "type": "Feature", "properties": { "decimalLatitude": 35.36197, "decimalLongitude": -115.04005, "eventDate": "2017-04-22T09:41:00Z", "countryCode": "US" }, "geometry": { "type": "Point", "coordinates": [ -115.04005, 35.36197 ] } },
{ "type": "Feature", "properties": { "decimalLatitude": 33.20016, "decimalLongitude": -116.445637, "eventDate": "2017-04-07T10:46:00Z", "countryCode": "US" }, "geometry": { "type": "Point", "coordinates": [ -116.445637, 33.20016 ] } },
{ "type": "Feature", "properties": { "decimalLatitude": 35.536932, "decimalLongitude": -114.820013, "eventDate": "2017-04-04T08:53:00Z", "countryCode": "US" }, "geometry": { "type": "Point", "coordinates": [ -114.820013, 35.536932 ] } },
{ "type": "Feature", "properties": { "decimalLatitude": 34.047412, "decimalLongitude": -116.566744, "eventDate": "2017-04-29T14:52:00Z", "countryCode": "US" }, "geometry": { "type": "Point", "coordinates": [ -116.566744, 34.047412 ] } },
{ "type": "Feature", "properties": { "decimalLatitude": 34.053117, "decimalLongitude": -116.566867, "eventDate": "2017-04-29T13:48:00Z", "countryCode": "US" }, "geometry": { "type": "Point", "coordinates": [ -116.566867, 34.053117 ] } },
{ "type": "Feature", "properties": { "decimalLatitude": 33.989233, "decimalLongitude": -116.65818, "eventDate": "2017-05-08T11:19:00Z", "countryCode": "US" }, "geometry": { "type": "Point", "coordinates": [ -116.65818, 33.989233 ] } },
{ "type": "Feature", "properties": { "decimalLatitude": 33.731867, "decimalLongitude": -115.80164, "eventDate": "2017-05-01T13:43:00Z", "countryCode": "US" }, "geometry": { "type": "Point", "coordinates": [ -115.80164, 33.731867 ] } },
{ "type": "Feature", "properties": { "decimalLatitude": 34.043488, "decimalLongitude": -116.502003, "eventDate": "2017-05-12T08:41:00Z", "countryCode": "US" }, "geometry": { "type": "Point", "coordinates": [ -116.502003, 34.043488 ] } },
{ "type": "Feature", "properties": { "decimalLatitude": 33.62265, "decimalLongitude": -115.716422, "eventDate": "2017-05-08T13:40:00Z", "countryCode": "US" }, "geometry": { "type": "Point", "coordinates": [ -115.716422, 33.62265 ] } },
{ "type": "Feature", "properties": { "decimalLatitude": 34.042547, "decimalLongitude": -116.567273, "eventDate": "2017-05-13T08:50:42Z", "countryCode": "US" }, "geometry": { "type": "Point", "coordinates": [ -116.567273, 34.042547 ] } },
{ "type": "Feature", "properties": { "decimalLatitude": 34.613876, "decimalLongitude": -113.57058, "eventDate": "2017-05-11T19:06:34Z", "countryCode": "US" }, "geometry": { "type": "Point", "coordinates": [ -113.57058, 34.613876 ] } },
{ "type": "Feature", "properties": { "decimalLatitude": 35.358322, "decimalLongitude": -115.055436, "eventDate": "2017-05-03T07:21:00Z", "countryCode": "US" }, "geometry": { "type": "Point", "coordinates": [ -115.055436, 35.358322 ] } },
{ "type": "Feature", "properties": { "decimalLatitude": 32.857504, "decimalLongitude": -116.46201, "eventDate": "2017-05-28T09:16:00Z", "countryCode": "US" }, "geometry": { "type": "Point", "coordinates": [ -116.46201, 32.857504 ] } },
{ "type": "Feature", "properties": { "decimalLatitude": 31.527993, "decimalLongitude": -110.775438, "eventDate": "2017-05-03T11:43:00Z", "countryCode": "US" }, "geometry": { "type": "Point", "coordinates": [ -110.775438, 31.527993 ] } },
{ "type": "Feature", "properties": { "decimalLatitude": 33.58385, "decimalLongitude": -116.4249, "eventDate": "2017-06-02T10:29:00Z", "countryCode": "US" }, "geometry": { "type": "Point", "coordinates": [ -116.4249, 33.58385 ] } },
{ "type": "Feature", "properties": { "decimalLatitude": 34.00861, "decimalLongitude": -116.056389, "eventDate": "2017-08-15T17:38:46Z", "countryCode": "US" }, "geometry": { "type": "Point", "coordinates": [ -116.056389, 34.00861 ] } },
{ "type": "Feature", "properties": { "decimalLatitude": 33.990484, "decimalLongitude": -112.73612, "eventDate": "2017-08-27T09:45:00Z", "countryCode": "US" }, "geometry": { "type": "Point", "coordinates": [ -112.73612, 33.990484 ] } },
{ "type": "Feature", "properties": { "decimalLatitude": 34.095325, "decimalLongitude": -116.171306, "eventDate": "2017-09-18T09:15:00Z", "countryCode": "US" }, "geometry": { "type": "Point", "coordinates": [ -116.171306, 34.095325 ] } },
{ "type": "Feature", "properties": { "decimalLatitude": 33.27551, "decimalLongitude": -116.425587, "eventDate": "2018-02-28T16:40:38Z", "countryCode": "US" }, "geometry": { "type": "Point", "coordinates": [ -116.425587, 33.27551 ] } },
{ "type": "Feature", "properties": { "decimalLatitude": 33.116816, "decimalLongitude": -116.402909, "eventDate": "2018-03-12T15:20:00Z", "countryCode": "US" }, "geometry": { "type": "Point", "coordinates": [ -116.402909, 33.116816 ] } },
{ "type": "Feature", "properties": { "decimalLatitude": 34.08092, "decimalLongitude": -116.263441, "eventDate": "2018-03-06T14:55:00Z", "countryCode": "US" }, "geometry": { "type": "Point", "coordinates": [ -116.263441, 34.08092 ] } },
{ "type": "Feature", "properties": { "decimalLatitude": 33.094191, "decimalLongitude": -116.302958, "eventDate": "2018-03-12T15:18:00Z", "countryCode": "US" }, "geometry": { "type": "Point", "coordinates": [ -116.302958, 33.094191 ] } },
{ "type": "Feature", "properties": { "decimalLatitude": 33.100492, "decimalLongitude": -116.301327, "eventDate": "2018-03-14T14:09:00Z", "countryCode": "US" }, "geometry": { "type": "Point", "coordinates": [ -116.301327, 33.100492 ] } },
{ "type": "Feature", "properties": { "decimalLatitude": 34.09946, "decimalLongitude": -116.487362, "eventDate": "2018-04-14T13:05:00Z", "countryCode": "US" }, "geometry": { "type": "Point", "coordinates": [ -116.487362, 34.09946 ] } },
{ "type": "Feature", "properties": { "decimalLatitude": 34.030587, "decimalLongitude": -116.146993, "eventDate": "2018-04-23T10:40:00Z", "countryCode": "US" }, "geometry": { "type": "Point", "coordinates": [ -116.146993, 34.030587 ] } },
{ "type": "Feature", "properties": { "decimalLatitude": 33.904616, "decimalLongitude": -111.832611, "eventDate": "2018-04-06T12:51:00Z", "countryCode": "US" }, "geometry": { "type": "Point", "coordinates": [ -111.832611, 33.904616 ] } },
{ "type": "Feature", "properties": { "decimalLatitude": 35.201307, "decimalLongitude": -114.653269, "eventDate": "2018-04-16T19:45:00Z", "countryCode": "US" }, "geometry": { "type": "Point", "coordinates": [ -114.653269, 35.201307 ] } },
{ "type": "Feature", "properties": { "decimalLatitude": 33.956327, "decimalLongitude": -111.834452, "eventDate": "2018-07-30T12:07:00Z", "countryCode": "US" }, "geometry": { "type": "Point", "coordinates": [ -111.834452, 33.956327 ] } },
{ "type": "Feature", "properties": { "decimalLatitude": 34.001221, "decimalLongitude": -116.051173, "eventDate": "2018-08-21T09:33:00Z", "countryCode": "US" }, "geometry": { "type": "Point", "coordinates": [ -116.051173, 34.001221 ] } },
{ "type": "Feature", "properties": { "decimalLatitude": 33.958263, "decimalLongitude": -115.743996, "eventDate": "2018-08-19T12:14:53Z", "countryCode": "US" }, "geometry": { "type": "Point", "coordinates": [ -115.743996, 33.958263 ] } },
{ "type": "Feature", "properties": { "decimalLatitude": 35.229804, "decimalLongitude": -112.183177, "eventDate": "2018-09-03T01:32:00Z", "countryCode": "US" }, "geometry": { "type": "Point", "coordinates": [ -112.183177, 35.229804 ] } },
{ "type": "Feature", "properties": { "decimalLatitude": 33.772498, "decimalLongitude": -111.479588, "eventDate": "2018-09-08T09:43:00Z", "countryCode": "US" }, "geometry": { "type": "Point", "coordinates": [ -111.479588, 33.772498 ] } },
{ "type": "Feature", "properties": { "decimalLatitude": 34.0463, "decimalLongitude": -112.609912, "eventDate": "2018-09-15T10:35:00Z", "countryCode": "US" }, "geometry": { "type": "Point", "coordinates": [ -112.609912, 34.0463 ] } },
{ "type": "Feature", "properties": { "decimalLatitude": 35.188259, "decimalLongitude": -111.643453, "eventDate": "2018-09-30T13:38:44Z", "countryCode": "US" }, "geometry": { "type": "Point", "coordinates": [ -111.643453, 35.188259 ] } },
{ "type": "Feature", "properties": { "decimalLatitude": 35.222068, "decimalLongitude": -111.653381, "eventDate": "2018-09-29T15:24:54Z", "countryCode": "US" }, "geometry": { "type": "Point", "coordinates": [ -111.653381, 35.222068 ] } },
{ "type": "Feature", "properties": { "decimalLatitude": 34.739188, "decimalLongitude": -112.009879, "eventDate": "2018-09-15T10:28:00Z", "countryCode": "US" }, "geometry": { "type": "Point", "coordinates": [ -112.009879, 34.739188 ] } },
{ "type": "Feature", "properties": { "decimalLatitude": 35.517604, "decimalLongitude": -115.1392, "eventDate": "2018-10-09T12:14:00Z", "countryCode": "US" }, "geometry": { "type": "Point", "coordinates": [ -115.1392, 35.517604 ] } },
{ "type": "Feature", "properties": { "decimalLatitude": 32.115676, "decimalLongitude": -112.712248, "eventDate": "2018-10-25T12:36:00Z", "countryCode": "US" }, "geometry": { "type": "Point", "coordinates": [ -112.712248, 32.115676 ] } },
{ "type": "Feature", "properties": { "decimalLatitude": 34.184479, "decimalLongitude": -112.135183, "eventDate": "2018-10-27T13:07:00Z", "countryCode": "US" }, "geometry": { "type": "Point", "coordinates": [ -112.135183, 34.184479 ] } },
{ "type": "Feature", "properties": { "decimalLatitude": 32.064323, "decimalLongitude": -112.712419, "eventDate": "2018-10-26T15:12:00Z", "countryCode": "US" }, "geometry": { "type": "Point", "coordinates": [ -112.712419, 32.064323 ] } },
{ "type": "Feature", "properties": { "decimalLatitude": 35.487817, "decimalLongitude": -115.177253, "eventDate": "2018-10-05T08:58:38Z", "countryCode": "US" }, "geometry": { "type": "Point", "coordinates": [ -115.177253, 35.487817 ] } },
{ "type": "Feature", "properties": { "decimalLatitude": 32.041868, "decimalLongitude": -112.70861, "eventDate": "2018-10-26T11:15:00Z", "countryCode": "US" }, "geometry": { "type": "Point", "coordinates": [ -112.70861, 32.041868 ] } },
{ "type": "Feature", "properties": { "decimalLatitude": 33.980183, "decimalLongitude": -116.010151, "eventDate": "2018-11-01T12:42:00Z", "countryCode": "US" }, "geometry": { "type": "Point", "coordinates": [ -116.010151, 33.980183 ] } },
{ "type": "Feature", "properties": { "decimalLatitude": 32.348482, "decimalLongitude": -112.693178, "eventDate": "2019-03-27T12:00:00Z", "countryCode": "US" }, "geometry": { "type": "Point", "coordinates": [ -112.693178, 32.348482 ] } },
{ "type": "Feature", "properties": { "decimalLatitude": 33.7716, "decimalLongitude": -111.840932, "eventDate": "2019-03-31T10:15:45Z", "countryCode": "US" }, "geometry": { "type": "Point", "coordinates": [ -111.840932, 33.7716 ] } },
{ "type": "Feature", "properties": { "decimalLatitude": 33.971341, "decimalLongitude": -112.464171, "eventDate": "2019-03-30T12:22:00Z", "countryCode": "US" }, "geometry": { "type": "Point", "coordinates": [ -112.464171, 33.971341 ] } },
{ "type": "Feature", "properties": { "decimalLatitude": 33.888948, "decimalLongitude": -111.815183, "eventDate": "2019-03-05T00:00:00Z", "countryCode": "US" }, "geometry": { "type": "Point", "coordinates": [ -111.815183, 33.888948 ] } },
{ "type": "Feature", "properties": { "decimalLatitude": 33.741041, "decimalLongitude": -111.857661, "eventDate": "2019-04-06T10:18:09Z", "countryCode": "US" }, "geometry": { "type": "Point", "coordinates": [ -111.857661, 33.741041 ] } },
{ "type": "Feature", "properties": { "decimalLatitude": 33.604167, "decimalLongitude": -111.705658, "eventDate": "2019-04-06T10:27:17Z", "countryCode": "US" }, "geometry": { "type": "Point", "coordinates": [ -111.705658, 33.604167 ] } },
{ "type": "Feature", "properties": { "decimalLatitude": 32.901301, "decimalLongitude": -116.375263, "eventDate": "2019-04-06T11:54:00Z", "countryCode": "US" }, "geometry": { "type": "Point", "coordinates": [ -116.375263, 32.901301 ] } },
{ "type": "Feature", "properties": { "decimalLatitude": 34.084324, "decimalLongitude": -116.139076, "eventDate": "2019-04-08T14:24:04Z", "countryCode": "US" }, "geometry": { "type": "Point", "coordinates": [ -116.139076, 34.084324 ] } },
{ "type": "Feature", "properties": { "decimalLatitude": 33.677482, "decimalLongitude": -111.813979, "eventDate": "2019-04-14T00:00:00Z", "countryCode": "US" }, "geometry": { "type": "Point", "coordinates": [ -111.813979, 33.677482 ] } },
{ "type": "Feature", "properties": { "decimalLatitude": 33.67891, "decimalLongitude": -111.816814, "eventDate": "2019-04-14T00:00:00Z", "countryCode": "US" }, "geometry": { "type": "Point", "coordinates": [ -111.816814, 33.67891 ] } },
{ "type": "Feature", "properties": { "decimalLatitude": 34.075114, "decimalLongitude": -116.578912, "eventDate": "2019-04-07T11:17:17Z", "countryCode": "US" }, "geometry": { "type": "Point", "coordinates": [ -116.578912, 34.075114 ] } },
{ "type": "Feature", "properties": { "decimalLatitude": 33.9574, "decimalLongitude": -112.555216, "eventDate": "2019-04-12T13:48:00Z", "countryCode": "US" }, "geometry": { "type": "Point", "coordinates": [ -112.555216, 33.9574 ] } },
{ "type": "Feature", "properties": { "decimalLatitude": 33.761315, "decimalLongitude": -111.839578, "eventDate": "2019-04-19T09:11:00Z", "countryCode": "US" }, "geometry": { "type": "Point", "coordinates": [ -111.839578, 33.761315 ] } },
{ "type": "Feature", "properties": { "decimalLatitude": 33.761265, "decimalLongitude": -111.839162, "eventDate": "2019-04-19T09:11:00Z", "countryCode": "US" }, "geometry": { "type": "Point", "coordinates": [ -111.839162, 33.761265 ] } },
{ "type": "Feature", "properties": { "decimalLatitude": 34.082925, "decimalLongitude": -116.241691, "eventDate": "2019-04-19T07:30:00Z", "countryCode": "US" }, "geometry": { "type": "Point", "coordinates": [ -116.241691, 34.082925 ] } },
{ "type": "Feature", "properties": { "decimalLatitude": 34.083851, "decimalLongitude": -116.24178, "eventDate": "2019-04-19T07:53:00Z", "countryCode": "US" }, "geometry": { "type": "Point", "coordinates": [ -116.24178, 34.083851 ] } },
{ "type": "Feature", "properties": { "decimalLatitude": 33.761389, "decimalLongitude": -111.839722, "eventDate": "2019-04-05T00:00:00Z", "countryCode": "US" }, "geometry": { "type": "Point", "coordinates": [ -111.839722, 33.761389 ] } },
{ "type": "Feature", "properties": { "decimalLatitude": 33.798607, "decimalLongitude": -111.799023, "eventDate": "2019-04-06T00:00:00Z", "countryCode": "US" }, "geometry": { "type": "Point", "coordinates": [ -111.799023, 33.798607 ] } },
{ "type": "Feature", "properties": { "decimalLatitude": 34.01232, "decimalLongitude": -116.16814, "eventDate": "2019-04-18T15:14:00Z", "countryCode": "US" }, "geometry": { "type": "Point", "coordinates": [ -116.16814, 34.01232 ] } },
{ "type": "Feature", "properties": { "decimalLatitude": 33.694125, "decimalLongitude": -111.793536, "eventDate": "2019-04-06T10:00:00Z", "countryCode": "US" }, "geometry": { "type": "Point", "coordinates": [ -111.793536, 33.694125 ] } },
{ "type": "Feature", "properties": { "decimalLatitude": 33.694125, "decimalLongitude": -111.793536, "eventDate": "2019-04-06T09:43:00Z", "countryCode": "US" }, "geometry": { "type": "Point", "coordinates": [ -111.793536, 33.694125 ] } },
{ "type": "Feature", "properties": { "decimalLatitude": 33.694125, "decimalLongitude": -111.793536, "eventDate": "2019-04-06T11:03:00Z", "countryCode": "US" }, "geometry": { "type": "Point", "coordinates": [ -111.793536, 33.694125 ] } },
{ "type": "Feature", "properties": { "decimalLatitude": 33.758118, "decimalLongitude": -111.836328, "eventDate": "2019-05-31T00:00:00Z", "countryCode": "US" }, "geometry": { "type": "Point", "coordinates": [ -111.836328, 33.758118 ] } },
{ "type": "Feature", "properties": { "decimalLatitude": 35.189443, "decimalLongitude": -114.053006, "eventDate": "2019-05-08T14:15:00Z", "countryCode": "US" }, "geometry": { "type": "Point", "coordinates": [ -114.053006, 35.189443 ] } },
{ "type": "Feature", "properties": { "decimalLatitude": 35.658449, "decimalLongitude": -115.115088, "eventDate": "2019-05-12T00:00:00Z", "countryCode": "US" }, "geometry": { "type": "Point", "coordinates": [ -115.115088, 35.658449 ] } },
{ "type": "Feature", "properties": { "decimalLatitude": 33.588595, "decimalLongitude": -111.545448, "eventDate": "2019-05-19T05:41:00Z", "countryCode": "US" }, "geometry": { "type": "Point", "coordinates": [ -111.545448, 33.588595 ] } },
{ "type": "Feature", "properties": { "decimalLatitude": 33.920658, "decimalLongitude": -111.72812, "eventDate": "2019-06-03T10:25:00Z", "countryCode": "US" }, "geometry": { "type": "Point", "coordinates": [ -111.72812, 33.920658 ] } },
{ "type": "Feature", "properties": { "decimalLatitude": 35.309434, "decimalLongitude": -111.719093, "eventDate": "2019-06-14T09:42:00Z", "countryCode": "US" }, "geometry": { "type": "Point", "coordinates": [ -111.719093, 35.309434 ] } },
{ "type": "Feature", "properties": { "decimalLatitude": 34.045101, "decimalLongitude": -116.567182, "eventDate": "2019-06-05T09:55:00Z", "countryCode": "US" }, "geometry": { "type": "Point", "coordinates": [ -116.567182, 34.045101 ] } },
{ "type": "Feature", "properties": { "decimalLatitude": 33.926425, "decimalLongitude": -116.187447, "eventDate": "2019-06-12T09:07:50Z", "countryCode": "US" }, "geometry": { "type": "Point", "coordinates": [ -116.187447, 33.926425 ] } },
{ "type": "Feature", "properties": { "decimalLatitude": 34.084873, "decimalLongitude": -116.241819, "eventDate": "2019-09-19T10:45:00Z", "countryCode": "US" }, "geometry": { "type": "Point", "coordinates": [ -116.241819, 34.084873 ] } },
{ "type": "Feature", "properties": { "decimalLatitude": 33.991518, "decimalLongitude": -112.737434, "eventDate": "2019-10-16T14:34:00Z", "countryCode": "US" }, "geometry": { "type": "Point", "coordinates": [ -112.737434, 33.991518 ] } },
{ "type": "Feature", "properties": { "decimalLatitude": 25.914704, "decimalLongitude": -111.347657, "eventDate": "2019-12-12T11:26:00Z", "countryCode": "MX" }, "geometry": { "type": "Point", "coordinates": [ -111.347657, 25.914704 ] } },
{ "type": "Feature", "properties": { "decimalLatitude": 25.913764, "decimalLongitude": -111.343626, "eventDate": "2019-12-12T00:00:00Z", "countryCode": "MX" }, "geometry": { "type": "Point", "coordinates": [ -111.343626, 25.913764 ] } },
{ "type": "Feature", "properties": { "decimalLatitude": 25.913764, "decimalLongitude": -111.343626, "eventDate": "2019-12-19T00:00:00Z", "countryCode": "MX" }, "geometry": { "type": "Point", "coordinates": [ -111.343626, 25.913764 ] } },
{ "type": "Feature", "properties": { "decimalLatitude": 25.913764, "decimalLongitude": -111.343626, "eventDate": "2020-01-05T00:00:00Z", "countryCode": "MX" }, "geometry": { "type": "Point", "coordinates": [ -111.343626, 25.913764 ] } },
{ "type": "Feature", "properties": { "decimalLatitude": 33.90373, "decimalLongitude": -111.828514, "eventDate": "2020-02-29T00:00:00Z", "countryCode": "US" }, "geometry": { "type": "Point", "coordinates": [ -111.828514, 33.90373 ] } },
{ "type": "Feature", "properties": { "decimalLatitude": 33.877077, "decimalLongitude": -111.817108, "eventDate": "2020-03-15T00:00:00Z", "countryCode": "US" }, "geometry": { "type": "Point", "coordinates": [ -111.817108, 33.877077 ] } },
{ "type": "Feature", "properties": { "decimalLatitude": 33.795, "decimalLongitude": -111.798611, "eventDate": "2020-03-09T00:00:00Z", "countryCode": "US" }, "geometry": { "type": "Point", "coordinates": [ -111.798611, 33.795 ] } },
{ "type": "Feature", "properties": { "decimalLatitude": 33.747705, "decimalLongitude": -111.47349, "eventDate": "2020-03-14T00:00:00Z", "countryCode": "US" }, "geometry": { "type": "Point", "coordinates": [ -111.47349, 33.747705 ] } },
{ "type": "Feature", "properties": { "decimalLatitude": 33.878261, "decimalLongitude": -111.814718, "eventDate": "2020-03-15T11:56:54Z", "countryCode": "US" }, "geometry": { "type": "Point", "coordinates": [ -111.814718, 33.878261 ] } },
{ "type": "Feature", "properties": { "decimalLatitude": 33.904616, "decimalLongitude": -111.832611, "eventDate": "2020-03-30T10:59:00Z", "countryCode": "US" }, "geometry": { "type": "Point", "coordinates": [ -111.832611, 33.904616 ] } },
{ "type": "Feature", "properties": { "decimalLatitude": 34.03894, "decimalLongitude": -112.617873, "eventDate": "2020-03-22T15:22:00Z", "countryCode": "US" }, "geometry": { "type": "Point", "coordinates": [ -112.617873, 34.03894 ] } },
{ "type": "Feature", "properties": { "decimalLatitude": 33.885895, "decimalLongitude": -111.815002, "eventDate": "2020-03-21T12:39:00Z", "countryCode": "US" }, "geometry": { "type": "Point", "coordinates": [ -111.815002, 33.885895 ] } },
{ "type": "Feature", "properties": { "decimalLatitude": 33.886403, "decimalLongitude": -111.811945, "eventDate": "2020-03-29T10:12:00Z", "countryCode": "US" }, "geometry": { "type": "Point", "coordinates": [ -111.811945, 33.886403 ] } },
{ "type": "Feature", "properties": { "decimalLatitude": 33.046406, "decimalLongitude": -116.437641, "eventDate": "2020-03-15T09:46:36Z", "countryCode": "US" }, "geometry": { "type": "Point", "coordinates": [ -116.437641, 33.046406 ] } },
{ "type": "Feature", "properties": { "decimalLatitude": 33.904616, "decimalLongitude": -111.832611, "eventDate": "2020-04-03T13:47:00Z", "countryCode": "US" }, "geometry": { "type": "Point", "coordinates": [ -111.832611, 33.904616 ] } },
{ "type": "Feature", "properties": { "decimalLatitude": 34.893813, "decimalLongitude": -113.952295, "eventDate": "2020-04-07T10:29:00Z", "countryCode": "US" }, "geometry": { "type": "Point", "coordinates": [ -113.952295, 34.893813 ] } },
{ "type": "Feature", "properties": { "decimalLatitude": 34.028121, "decimalLongitude": -116.143648, "eventDate": "2020-04-28T11:25:00Z", "countryCode": "US" }, "geometry": { "type": "Point", "coordinates": [ -116.143648, 34.028121 ] } },
{ "type": "Feature", "properties": { "decimalLatitude": 34.084963, "decimalLongitude": -116.24189, "eventDate": "2020-04-28T09:26:00Z", "countryCode": "US" }, "geometry": { "type": "Point", "coordinates": [ -116.24189, 34.084963 ] } },
{ "type": "Feature", "properties": { "decimalLatitude": 33.661125, "decimalLongitude": -116.506945, "eventDate": "2020-04-12T12:48:00Z", "countryCode": "US" }, "geometry": { "type": "Point", "coordinates": [ -116.506945, 33.661125 ] } },
{ "type": "Feature", "properties": { "decimalLatitude": 33.453937, "decimalLongitude": -111.442353, "eventDate": "2020-04-14T00:00:00Z", "countryCode": "US" }, "geometry": { "type": "Point", "coordinates": [ -111.442353, 33.453937 ] } },
{ "type": "Feature", "properties": { "decimalLatitude": 33.48083, "decimalLongitude": -116.271378, "eventDate": "2020-04-01T00:00:00Z", "countryCode": "US" }, "geometry": { "type": "Point", "coordinates": [ -116.271378, 33.48083 ] } },
{ "type": "Feature", "properties": { "decimalLatitude": 33.901984, "decimalLongitude": -111.815146, "eventDate": "2020-04-25T00:00:00Z", "countryCode": "US" }, "geometry": { "type": "Point", "coordinates": [ -111.815146, 33.901984 ] } },
{ "type": "Feature", "properties": { "decimalLatitude": 33.504023, "decimalLongitude": -111.482513, "eventDate": "2020-04-21T00:00:00Z", "countryCode": "US" }, "geometry": { "type": "Point", "coordinates": [ -111.482513, 33.504023 ] } },
{ "type": "Feature", "properties": { "decimalLatitude": 33.705418, "decimalLongitude": -111.547228, "eventDate": "2020-04-12T14:12:00Z", "countryCode": "US" }, "geometry": { "type": "Point", "coordinates": [ -111.547228, 33.705418 ] } },
{ "type": "Feature", "properties": { "decimalLatitude": 33.71041, "decimalLongitude": -111.55241, "eventDate": "2020-04-12T15:01:00Z", "countryCode": "US" }, "geometry": { "type": "Point", "coordinates": [ -111.55241, 33.71041 ] } },
{ "type": "Feature", "properties": { "decimalLatitude": 34.110256, "decimalLongitude": -116.177567, "eventDate": "2020-05-31T09:24:09Z", "countryCode": "US" }, "geometry": { "type": "Point", "coordinates": [ -116.177567, 34.110256 ] } },
{ "type": "Feature", "properties": { "decimalLatitude": 32.952616, "decimalLongitude": -116.305955, "eventDate": "2020-05-23T11:50:00Z", "countryCode": "US" }, "geometry": { "type": "Point", "coordinates": [ -116.305955, 32.952616 ] } },
{ "type": "Feature", "properties": { "decimalLatitude": 33.280474, "decimalLongitude": -116.433327, "eventDate": "2020-05-16T09:48:00Z", "countryCode": "US" }, "geometry": { "type": "Point", "coordinates": [ -116.433327, 33.280474 ] } },
{ "type": "Feature", "properties": { "decimalLatitude": 34.124795, "decimalLongitude": -116.169783, "eventDate": "2020-05-28T08:34:32Z", "countryCode": "US" }, "geometry": { "type": "Point", "coordinates": [ -116.169783, 34.124795 ] } },
{ "type": "Feature", "properties": { "decimalLatitude": 34.052124, "decimalLongitude": -116.408096, "eventDate": "2020-06-05T10:22:00Z", "countryCode": "US" }, "geometry": { "type": "Point", "coordinates": [ -116.408096, 34.052124 ] } },
{ "type": "Feature", "properties": { "decimalLatitude": 34.061919, "decimalLongitude": -116.391832, "eventDate": "2020-06-21T12:53:00Z", "countryCode": "US" }, "geometry": { "type": "Point", "coordinates": [ -116.391832, 34.061919 ] } },
{ "type": "Feature", "properties": { "decimalLatitude": 33.173047, "decimalLongitude": -116.568542, "eventDate": "2020-06-16T14:15:00Z", "countryCode": "US" }, "geometry": { "type": "Point", "coordinates": [ -116.568542, 33.173047 ] } },
{ "type": "Feature", "properties": { "decimalLatitude": 34.254487, "decimalLongitude": -116.465247, "eventDate": "2020-06-01T16:37:31Z", "countryCode": "US" }, "geometry": { "type": "Point", "coordinates": [ -116.465247, 34.254487 ] } },
{ "type": "Feature", "properties": { "decimalLatitude": 34.066003, "decimalLongitude": -116.229103, "eventDate": "2020-11-06T16:00:00Z", "countryCode": "US" }, "geometry": { "type": "Point", "coordinates": [ -116.229103, 34.066003 ] } },
{ "type": "Feature", "properties": { "decimalLatitude": 33.014264, "decimalLongitude": -116.449753, "eventDate": "2021-03-30T14:25:53Z", "countryCode": "US" }, "geometry": { "type": "Point", "coordinates": [ -116.449753, 33.014264 ] } },
{ "type": "Feature", "properties": { "decimalLatitude": 34.107979, "decimalLongitude": -116.10738, "eventDate": "2021-03-28T07:52:00Z", "countryCode": "US" }, "geometry": { "type": "Point", "coordinates": [ -116.10738, 34.107979 ] } },
{ "type": "Feature", "properties": { "decimalLatitude": 34.064193, "decimalLongitude": -116.258715, "eventDate": "2021-03-14T12:55:00Z", "countryCode": "US" }, "geometry": { "type": "Point", "coordinates": [ -116.258715, 34.064193 ] } },
{ "type": "Feature", "properties": { "decimalLatitude": 34.09573, "decimalLongitude": -116.170227, "eventDate": "2021-04-07T12:50:34Z", "countryCode": "US" }, "geometry": { "type": "Point", "coordinates": [ -116.170227, 34.09573 ] } },
{ "type": "Feature", "properties": { "decimalLatitude": 33.593196, "decimalLongitude": -111.787278, "eventDate": "2021-04-03T07:04:39Z", "countryCode": "US" }, "geometry": { "type": "Point", "coordinates": [ -111.787278, 33.593196 ] } },
{ "type": "Feature", "properties": { "decimalLatitude": 34.167488, "decimalLongitude": -116.571553, "eventDate": "2021-04-10T10:09:00Z", "countryCode": "US" }, "geometry": { "type": "Point", "coordinates": [ -116.571553, 34.167488 ] } },
{ "type": "Feature", "properties": { "decimalLatitude": 33.101998, "decimalLongitude": -116.42194, "eventDate": "2021-04-10T10:47:00Z", "countryCode": "US" }, "geometry": { "type": "Point", "coordinates": [ -116.42194, 33.101998 ] } },
{ "type": "Feature", "properties": { "decimalLatitude": 35.203308, "decimalLongitude": -113.56588, "eventDate": "2021-04-16T10:20:15Z", "countryCode": "US" }, "geometry": { "type": "Point", "coordinates": [ -113.56588, 35.203308 ] } },
{ "type": "Feature", "properties": { "decimalLatitude": 35.214393, "decimalLongitude": -113.564007, "eventDate": "2021-04-18T15:38:10Z", "countryCode": "US" }, "geometry": { "type": "Point", "coordinates": [ -113.564007, 35.214393 ] } },
{ "type": "Feature", "properties": { "decimalLatitude": 35.829488, "decimalLongitude": -113.341411, "eventDate": "2021-04-12T01:30:00Z", "countryCode": "US" }, "geometry": { "type": "Point", "coordinates": [ -113.341411, 35.829488 ] } },
{ "type": "Feature", "properties": { "decimalLatitude": 33.986238, "decimalLongitude": -116.134681, "eventDate": "2021-04-09T11:14:54Z", "countryCode": "US" }, "geometry": { "type": "Point", "coordinates": [ -116.134681, 33.986238 ] } },
{ "type": "Feature", "properties": { "decimalLatitude": 33.236683, "decimalLongitude": -116.440405, "eventDate": "2021-04-04T13:00:01Z", "countryCode": "US" }, "geometry": { "type": "Point", "coordinates": [ -116.440405, 33.236683 ] } },
{ "type": "Feature", "properties": { "decimalLatitude": 33.02039, "decimalLongitude": -116.454502, "eventDate": "2021-04-01T10:15:00Z", "countryCode": "US" }, "geometry": { "type": "Point", "coordinates": [ -116.454502, 33.02039 ] } },
{ "type": "Feature", "properties": { "decimalLatitude": 34.292194, "decimalLongitude": -112.232733, "eventDate": "2021-04-10T14:52:00Z", "countryCode": "US" }, "geometry": { "type": "Point", "coordinates": [ -112.232733, 34.292194 ] } },
{ "type": "Feature", "properties": { "decimalLatitude": 32.041242, "decimalLongitude": -112.70763, "eventDate": "2021-04-22T00:11:00Z", "countryCode": "US" }, "geometry": { "type": "Point", "coordinates": [ -112.70763, 32.041242 ] } },
{ "type": "Feature", "properties": { "decimalLatitude": 33.278423, "decimalLongitude": -116.429133, "eventDate": "2021-04-25T10:24:00Z", "countryCode": "US" }, "geometry": { "type": "Point", "coordinates": [ -116.429133, 33.278423 ] } },
{ "type": "Feature", "properties": { "decimalLatitude": 33.761416, "decimalLongitude": -111.839722, "eventDate": "2021-08-22T00:00:00Z", "countryCode": "US" }, "geometry": { "type": "Point", "coordinates": [ -111.839722, 33.761416 ] } },
{ "type": "Feature", "properties": { "decimalLatitude": 32.223583, "decimalLongitude": -110.910972, "eventDate": "2021-09-08T10:31:00Z", "countryCode": "US" }, "geometry": { "type": "Point", "coordinates": [ -110.910972, 32.223583 ] } },
{ "type": "Feature", "properties": { "decimalLatitude": 33.305917, "decimalLongitude": -111.676983, "eventDate": "2021-09-09T11:32:54Z", "countryCode": "US" }, "geometry": { "type": "Point", "coordinates": [ -111.676983, 33.305917 ] } },
{ "type": "Feature", "properties": { "decimalLatitude": 34.603489, "decimalLongitude": -112.306933, "eventDate": "2021-09-12T14:58:13Z", "countryCode": "US" }, "geometry": { "type": "Point", "coordinates": [ -112.306933, 34.603489 ] } },
{ "type": "Feature", "properties": { "decimalLatitude": 33.695207, "decimalLongitude": -111.730892, "eventDate": "2021-09-18T11:14:00Z", "countryCode": "US" }, "geometry": { "type": "Point", "coordinates": [ -111.730892, 33.695207 ] } },
{ "type": "Feature", "properties": { "decimalLatitude": 33.694956, "decimalLongitude": -111.731506, "eventDate": "2021-09-18T12:01:00Z", "countryCode": "US" }, "geometry": { "type": "Point", "coordinates": [ -111.731506, 33.694956 ] } },
{ "type": "Feature", "properties": { "decimalLatitude": 33.724395, "decimalLongitude": -111.200737, "eventDate": "2021-09-11T10:25:02Z", "countryCode": "US" }, "geometry": { "type": "Point", "coordinates": [ -111.200737, 33.724395 ] } },
{ "type": "Feature", "properties": { "decimalLatitude": 33.694917, "decimalLongitude": -111.731553, "eventDate": "2021-09-18T11:07:00Z", "countryCode": "US" }, "geometry": { "type": "Point", "coordinates": [ -111.731553, 33.694917 ] } },
{ "type": "Feature", "properties": { "decimalLatitude": 33.796924, "decimalLongitude": -111.793682, "eventDate": "2021-09-25T12:28:00Z", "countryCode": "US" }, "geometry": { "type": "Point", "coordinates": [ -111.793682, 33.796924 ] } },
{ "type": "Feature", "properties": { "decimalLatitude": 33.899065, "decimalLongitude": -111.501271, "eventDate": "2021-09-12T07:45:00Z", "countryCode": "US" }, "geometry": { "type": "Point", "coordinates": [ -111.501271, 33.899065 ] } },
{ "type": "Feature", "properties": { "decimalLatitude": 33.400671, "decimalLongitude": -111.889689, "eventDate": "2021-09-10T09:58:00Z", "countryCode": "US" }, "geometry": { "type": "Point", "coordinates": [ -111.889689, 33.400671 ] } },
{ "type": "Feature", "properties": { "decimalLatitude": 33.014422, "decimalLongitude": -116.4496, "eventDate": "2021-09-27T15:44:19Z", "countryCode": "US" }, "geometry": { "type": "Point", "coordinates": [ -116.4496, 33.014422 ] } },
{ "type": "Feature", "properties": { "decimalLatitude": 34.130288, "decimalLongitude": -116.049758, "eventDate": "2021-09-11T10:29:00Z", "countryCode": "US" }, "geometry": { "type": "Point", "coordinates": [ -116.049758, 34.130288 ] } },
{ "type": "Feature", "properties": { "decimalLatitude": 34.126317, "decimalLongitude": -116.082847, "eventDate": "2021-09-24T16:20:00Z", "countryCode": "US" }, "geometry": { "type": "Point", "coordinates": [ -116.082847, 34.126317 ] } },
{ "type": "Feature", "properties": { "decimalLatitude": 33.404058, "decimalLongitude": -111.888953, "eventDate": "2021-09-27T09:44:00Z", "countryCode": "US" }, "geometry": { "type": "Point", "coordinates": [ -111.888953, 33.404058 ] } },
{ "type": "Feature", "properties": { "decimalLatitude": 36.044456, "decimalLongitude": -111.926349, "eventDate": "2021-09-26T16:06:24Z", "countryCode": "US" }, "geometry": { "type": "Point", "coordinates": [ -111.926349, 36.044456 ] } },
{ "type": "Feature", "properties": { "decimalLatitude": 33.706305, "decimalLongitude": -112.031911, "eventDate": "2021-09-30T15:23:00Z", "countryCode": "US" }, "geometry": { "type": "Point", "coordinates": [ -112.031911, 33.706305 ] } },
{ "type": "Feature", "properties": { "decimalLatitude": 33.706305, "decimalLongitude": -112.031911, "eventDate": "2021-09-21T11:31:00Z", "countryCode": "US" }, "geometry": { "type": "Point", "coordinates": [ -112.031911, 33.706305 ] } },
{ "type": "Feature", "properties": { "decimalLatitude": 33.706305, "decimalLongitude": -112.031911, "eventDate": "2021-09-29T10:33:00Z", "countryCode": "US" }, "geometry": { "type": "Point", "coordinates": [ -112.031911, 33.706305 ] } },
{ "type": "Feature", "properties": { "decimalLatitude": 34.129805, "decimalLongitude": -116.049727, "eventDate": "2021-09-11T10:24:00Z", "countryCode": "US" }, "geometry": { "type": "Point", "coordinates": [ -116.049727, 34.129805 ] } },
{ "type": "Feature", "properties": { "decimalLatitude": 33.693008, "decimalLongitude": -111.728669, "eventDate": "2021-09-18T09:57:00Z", "countryCode": "US" }, "geometry": { "type": "Point", "coordinates": [ -111.728669, 33.693008 ] } },
{ "type": "Feature", "properties": { "decimalLatitude": 34.07637, "decimalLongitude": -116.215378, "eventDate": "2021-09-29T12:17:17Z", "countryCode": "US" }, "geometry": { "type": "Point", "coordinates": [ -116.215378, 34.07637 ] } },
{ "type": "Feature", "properties": { "decimalLatitude": 34.076576, "decimalLongitude": -116.234258, "eventDate": "2021-09-04T09:53:00Z", "countryCode": "US" }, "geometry": { "type": "Point", "coordinates": [ -116.234258, 34.076576 ] } },
{ "type": "Feature", "properties": { "decimalLatitude": 33.794905, "decimalLongitude": -111.79111, "eventDate": "2021-09-25T08:56:00Z", "countryCode": "US" }, "geometry": { "type": "Point", "coordinates": [ -111.79111, 33.794905 ] } },
{ "type": "Feature", "properties": { "decimalLatitude": 33.331227, "decimalLongitude": -112.060697, "eventDate": "2021-09-20T11:44:00Z", "countryCode": "US" }, "geometry": { "type": "Point", "coordinates": [ -112.060697, 33.331227 ] } },
{ "type": "Feature", "properties": { "decimalLatitude": 34.797266, "decimalLongitude": -109.855507, "eventDate": "2021-09-17T08:54:45Z", "countryCode": "US" }, "geometry": { "type": "Point", "coordinates": [ -109.855507, 34.797266 ] } },
{ "type": "Feature", "properties": { "decimalLatitude": 33.478805, "decimalLongitude": -111.666533, "eventDate": "2021-09-15T07:35:51Z", "countryCode": "US" }, "geometry": { "type": "Point", "coordinates": [ -111.666533, 33.478805 ] } },
{ "type": "Feature", "properties": { "decimalLatitude": 33.79676, "decimalLongitude": -111.794285, "eventDate": "2021-09-25T09:40:00Z", "countryCode": "US" }, "geometry": { "type": "Point", "coordinates": [ -111.794285, 33.79676 ] } },
{ "type": "Feature", "properties": { "decimalLatitude": 33.69154, "decimalLongitude": -111.803711, "eventDate": "2021-09-25T12:54:51Z", "countryCode": "US" }, "geometry": { "type": "Point", "coordinates": [ -111.803711, 33.69154 ] } },
{ "type": "Feature", "properties": { "decimalLatitude": 34.128052, "decimalLongitude": -116.082796, "eventDate": "2021-09-24T16:19:00Z", "countryCode": "US" }, "geometry": { "type": "Point", "coordinates": [ -116.082796, 34.128052 ] } },
{ "type": "Feature", "properties": { "decimalLatitude": 33.017642, "decimalLongitude": -116.454833, "eventDate": "2021-09-27T16:52:23Z", "countryCode": "US" }, "geometry": { "type": "Point", "coordinates": [ -116.454833, 33.017642 ] } },
{ "type": "Feature", "properties": { "decimalLatitude": 33.885652, "decimalLongitude": -111.816243, "eventDate": "2021-09-23T08:34:00Z", "countryCode": "US" }, "geometry": { "type": "Point", "coordinates": [ -111.816243, 33.885652 ] } },
{ "type": "Feature", "properties": { "decimalLatitude": 33.695153, "decimalLongitude": -111.731322, "eventDate": "2021-09-18T12:02:00Z", "countryCode": "US" }, "geometry": { "type": "Point", "coordinates": [ -111.731322, 33.695153 ] } },
{ "type": "Feature", "properties": { "decimalLatitude": 33.964247, "decimalLongitude": -112.342775, "eventDate": "2021-09-26T07:36:00Z", "countryCode": "US" }, "geometry": { "type": "Point", "coordinates": [ -112.342775, 33.964247 ] } },
{ "type": "Feature", "properties": { "decimalLatitude": 33.266783, "decimalLongitude": -111.174867, "eventDate": "2021-09-11T10:07:38Z", "countryCode": "US" }, "geometry": { "type": "Point", "coordinates": [ -111.174867, 33.266783 ] } },
{ "type": "Feature", "properties": { "decimalLatitude": 33.727101, "decimalLongitude": -111.203003, "eventDate": "2021-09-11T10:26:00Z", "countryCode": "US" }, "geometry": { "type": "Point", "coordinates": [ -111.203003, 33.727101 ] } },
{ "type": "Feature", "properties": { "decimalLatitude": 34.06776, "decimalLongitude": -116.038319, "eventDate": "2021-09-25T11:54:00Z", "countryCode": "US" }, "geometry": { "type": "Point", "coordinates": [ -116.038319, 34.06776 ] } },
{ "type": "Feature", "properties": { "decimalLatitude": 32.975366, "decimalLongitude": -116.350287, "eventDate": "2021-09-25T10:39:00Z", "countryCode": "US" }, "geometry": { "type": "Point", "coordinates": [ -116.350287, 32.975366 ] } },
{ "type": "Feature", "properties": { "decimalLatitude": 33.706305, "decimalLongitude": -112.031911, "eventDate": "2021-09-22T13:06:00Z", "countryCode": "US" }, "geometry": { "type": "Point", "coordinates": [ -112.031911, 33.706305 ] } },
{ "type": "Feature", "properties": { "decimalLatitude": 32.311447, "decimalLongitude": -110.213708, "eventDate": "2021-09-17T09:28:00Z", "countryCode": "US" }, "geometry": { "type": "Point", "coordinates": [ -110.213708, 32.311447 ] } },
{ "type": "Feature", "properties": { "decimalLatitude": 33.276147, "decimalLongitude": -111.192653, "eventDate": "2021-09-26T13:44:10Z", "countryCode": "US" }, "geometry": { "type": "Point", "coordinates": [ -111.192653, 33.276147 ] } },
{ "type": "Feature", "properties": { "decimalLatitude": 33.269047, "decimalLongitude": -109.340783, "eventDate": "2021-09-21T15:54:00Z", "countryCode": "US" }, "geometry": { "type": "Point", "coordinates": [ -109.340783, 33.269047 ] } },
{ "type": "Feature", "properties": { "decimalLatitude": 33.925169, "decimalLongitude": -115.928769, "eventDate": "2021-09-25T17:41:32Z", "countryCode": "US" }, "geometry": { "type": "Point", "coordinates": [ -115.928769, 33.925169 ] } },
{ "type": "Feature", "properties": { "decimalLatitude": 33.730807, "decimalLongitude": -111.507605, "eventDate": "2021-09-11T08:57:00Z", "countryCode": "US" }, "geometry": { "type": "Point", "coordinates": [ -111.507605, 33.730807 ] } },
{ "type": "Feature", "properties": { "decimalLatitude": 34.890409, "decimalLongitude": -115.721284, "eventDate": "2021-09-26T11:47:00Z", "countryCode": "US" }, "geometry": { "type": "Point", "coordinates": [ -115.721284, 34.890409 ] } },
{ "type": "Feature", "properties": { "decimalLatitude": 33.278008, "decimalLongitude": -111.15962, "eventDate": "2021-09-24T13:58:00Z", "countryCode": "US" }, "geometry": { "type": "Point", "coordinates": [ -111.15962, 33.278008 ] } },
{ "type": "Feature", "properties": { "decimalLatitude": 34.032449, "decimalLongitude": -116.350294, "eventDate": "2021-09-07T11:40:00Z", "countryCode": "US" }, "geometry": { "type": "Point", "coordinates": [ -116.350294, 34.032449 ] } },
{ "type": "Feature", "properties": { "decimalLatitude": 33.02039, "decimalLongitude": -116.454502, "eventDate": "2021-09-25T12:35:00Z", "countryCode": "US" }, "geometry": { "type": "Point", "coordinates": [ -116.454502, 33.02039 ] } },
{ "type": "Feature", "properties": { "decimalLatitude": 35.322444, "decimalLongitude": -111.653838, "eventDate": "2021-09-20T13:28:00Z", "countryCode": "US" }, "geometry": { "type": "Point", "coordinates": [ -111.653838, 35.322444 ] } },
{ "type": "Feature", "properties": { "decimalLatitude": 34.320584, "decimalLongitude": -111.08949, "eventDate": "2021-09-16T11:42:00Z", "countryCode": "US" }, "geometry": { "type": "Point", "coordinates": [ -111.08949, 34.320584 ] } },
{ "type": "Feature", "properties": { "decimalLatitude": 33.862793, "decimalLongitude": -116.172586, "eventDate": "2021-09-28T12:31:00Z", "countryCode": "US" }, "geometry": { "type": "Point", "coordinates": [ -116.172586, 33.862793 ] } },
{ "type": "Feature", "properties": { "decimalLatitude": 31.885199, "decimalLongitude": -109.175731, "eventDate": "2021-09-15T10:04:00Z", "countryCode": "US" }, "geometry": { "type": "Point", "coordinates": [ -109.175731, 31.885199 ] } },
{ "type": "Feature", "properties": { "decimalLatitude": 33.759355, "decimalLongitude": -111.844284, "eventDate": "2021-09-12T00:00:00Z", "countryCode": "US" }, "geometry": { "type": "Point", "coordinates": [ -111.844284, 33.759355 ] } },
{ "type": "Feature", "properties": { "decimalLatitude": 31.898187, "decimalLongitude": -109.116075, "eventDate": "2021-09-17T23:50:00Z", "countryCode": "US" }, "geometry": { "type": "Point", "coordinates": [ -109.116075, 31.898187 ] } },
{ "type": "Feature", "properties": { "decimalLatitude": 33.451889, "decimalLongitude": -111.534637, "eventDate": "2021-09-12T08:07:33Z", "countryCode": "US" }, "geometry": { "type": "Point", "coordinates": [ -111.534637, 33.451889 ] } },
{ "type": "Feature", "properties": { "decimalLatitude": 33.422799, "decimalLongitude": -111.926102, "eventDate": "2021-09-09T12:47:07Z", "countryCode": "US" }, "geometry": { "type": "Point", "coordinates": [ -111.926102, 33.422799 ] } },
{ "type": "Feature", "properties": { "decimalLatitude": 33.51318, "decimalLongitude": -111.883795, "eventDate": "2021-09-09T15:12:33Z", "countryCode": "US" }, "geometry": { "type": "Point", "coordinates": [ -111.883795, 33.51318 ] } },
{ "type": "Feature", "properties": { "decimalLatitude": 31.912775, "decimalLongitude": -109.136875, "eventDate": "2021-09-18T09:49:00Z", "countryCode": "US" }, "geometry": { "type": "Point", "coordinates": [ -109.136875, 31.912775 ] } },
{ "type": "Feature", "properties": { "decimalLatitude": 34.696161, "decimalLongitude": -111.947291, "eventDate": "2021-09-13T17:50:04Z", "countryCode": "US" }, "geometry": { "type": "Point", "coordinates": [ -111.947291, 34.696161 ] } },
{ "type": "Feature", "properties": { "decimalLatitude": 32.954433, "decimalLongitude": -108.170858, "eventDate": "2021-09-14T23:04:00Z", "countryCode": "US" }, "geometry": { "type": "Point", "coordinates": [ -108.170858, 32.954433 ] } },
{ "type": "Feature", "properties": { "decimalLatitude": 33.345005, "decimalLongitude": -112.097815, "eventDate": "2021-09-27T13:35:00Z", "countryCode": "US" }, "geometry": { "type": "Point", "coordinates": [ -112.097815, 33.345005 ] } },
{ "type": "Feature", "properties": { "decimalLatitude": 33.485254, "decimalLongitude": -111.673204, "eventDate": "2021-09-09T10:42:35Z", "countryCode": "US" }, "geometry": { "type": "Point", "coordinates": [ -111.673204, 33.485254 ] } },
{ "type": "Feature", "properties": { "decimalLatitude": 35.04342, "decimalLongitude": -115.434945, "eventDate": "2021-09-22T09:40:43Z", "countryCode": "US" }, "geometry": { "type": "Point", "coordinates": [ -115.434945, 35.04342 ] } },
{ "type": "Feature", "properties": { "decimalLatitude": 31.887346, "decimalLongitude": -109.173633, "eventDate": "2021-09-15T12:00:00Z", "countryCode": "US" }, "geometry": { "type": "Point", "coordinates": [ -109.173633, 31.887346 ] } },
{ "type": "Feature", "properties": { "decimalLatitude": 34.125175, "decimalLongitude": -109.950553, "eventDate": "2021-09-17T11:21:22Z", "countryCode": "US" }, "geometry": { "type": "Point", "coordinates": [ -109.950553, 34.125175 ] } },
{ "type": "Feature", "properties": { "decimalLatitude": 34.749602, "decimalLongitude": -112.022302, "eventDate": "2021-09-24T10:07:13Z", "countryCode": "US" }, "geometry": { "type": "Point", "coordinates": [ -112.022302, 34.749602 ] } },
{ "type": "Feature", "properties": { "decimalLatitude": 36.134911, "decimalLongitude": -115.436826, "eventDate": "2021-09-28T10:50:00Z", "countryCode": "US" }, "geometry": { "type": "Point", "coordinates": [ -115.436826, 36.134911 ] } },
{ "type": "Feature", "properties": { "decimalLatitude": 33.774944, "decimalLongitude": -111.845992, "eventDate": "2021-09-25T10:00:44Z", "countryCode": "US" }, "geometry": { "type": "Point", "coordinates": [ -111.845992, 33.774944 ] } },
{ "type": "Feature", "properties": { "decimalLatitude": 34.879642, "decimalLongitude": -111.764887, "eventDate": "2021-09-24T00:00:00Z", "countryCode": "US" }, "geometry": { "type": "Point", "coordinates": [ -111.764887, 34.879642 ] } },
{ "type": "Feature", "properties": { "decimalLatitude": 34.829705, "decimalLongitude": -111.895919, "eventDate": "2021-09-21T12:00:00Z", "countryCode": "US" }, "geometry": { "type": "Point", "coordinates": [ -111.895919, 34.829705 ] } },
{ "type": "Feature", "properties": { "decimalLatitude": 33.614197, "decimalLongitude": -111.836571, "eventDate": "2021-10-03T15:55:39Z", "countryCode": "US" }, "geometry": { "type": "Point", "coordinates": [ -111.836571, 33.614197 ] } },
{ "type": "Feature", "properties": { "decimalLatitude": 33.93143, "decimalLongitude": -112.695022, "eventDate": "2021-10-02T11:04:06Z", "countryCode": "US" }, "geometry": { "type": "Point", "coordinates": [ -112.695022, 33.93143 ] } },
{ "type": "Feature", "properties": { "decimalLatitude": 33.706305, "decimalLongitude": -112.031911, "eventDate": "2021-10-01T14:03:00Z", "countryCode": "US" }, "geometry": { "type": "Point", "coordinates": [ -112.031911, 33.706305 ] } },
{ "type": "Feature", "properties": { "decimalLatitude": 33.41245, "decimalLongitude": -111.735029, "eventDate": "2021-10-01T15:16:19Z", "countryCode": "US" }, "geometry": { "type": "Point", "coordinates": [ -111.735029, 33.41245 ] } },
{ "type": "Feature", "properties": { "decimalLatitude": 33.880989, "decimalLongitude": -111.962944, "eventDate": "2021-10-02T10:54:00Z", "countryCode": "US" }, "geometry": { "type": "Point", "coordinates": [ -111.962944, 33.880989 ] } },
{ "type": "Feature", "properties": { "decimalLatitude": 33.428197, "decimalLongitude": -111.935841, "eventDate": "2021-10-02T08:37:59Z", "countryCode": "US" }, "geometry": { "type": "Point", "coordinates": [ -111.935841, 33.428197 ] } },
{ "type": "Feature", "properties": { "decimalLatitude": 33.623358, "decimalLongitude": -112.236529, "eventDate": "2021-10-07T08:45:00Z", "countryCode": "US" }, "geometry": { "type": "Point", "coordinates": [ -112.236529, 33.623358 ] } },
{ "type": "Feature", "properties": { "decimalLatitude": 33.882481, "decimalLongitude": -111.963178, "eventDate": "2021-10-02T09:54:00Z", "countryCode": "US" }, "geometry": { "type": "Point", "coordinates": [ -111.963178, 33.882481 ] } },
{ "type": "Feature", "properties": { "decimalLatitude": 33.880989, "decimalLongitude": -111.962944, "eventDate": "2021-10-02T10:55:00Z", "countryCode": "US" }, "geometry": { "type": "Point", "coordinates": [ -111.962944, 33.880989 ] } },
{ "type": "Feature", "properties": { "decimalLatitude": 33.929519, "decimalLongitude": -116.151369, "eventDate": "2021-10-05T14:18:00Z", "countryCode": "US" }, "geometry": { "type": "Point", "coordinates": [ -116.151369, 33.929519 ] } },
{ "type": "Feature", "properties": { "decimalLatitude": 33.888665, "decimalLongitude": -111.950545, "eventDate": "2021-10-02T09:27:00Z", "countryCode": "US" }, "geometry": { "type": "Point", "coordinates": [ -111.950545, 33.888665 ] } },
{ "type": "Feature", "properties": { "decimalLatitude": 33.88188, "decimalLongitude": -111.962945, "eventDate": "2021-10-02T10:02:42Z", "countryCode": "US" }, "geometry": { "type": "Point", "coordinates": [ -111.962945, 33.88188 ] } },
{ "type": "Feature", "properties": { "decimalLatitude": 33.01387, "decimalLongitude": -116.446545, "eventDate": "2021-10-02T13:46:00Z", "countryCode": "US" }, "geometry": { "type": "Point", "coordinates": [ -116.446545, 33.01387 ] } },
{ "type": "Feature", "properties": { "decimalLatitude": 33.879636, "decimalLongitude": -111.965783, "eventDate": "2021-10-04T10:32:00Z", "countryCode": "US" }, "geometry": { "type": "Point", "coordinates": [ -111.965783, 33.879636 ] } },
{ "type": "Feature", "properties": { "decimalLatitude": 33.706305, "decimalLongitude": -112.031911, "eventDate": "2021-10-01T11:10:00Z", "countryCode": "US" }, "geometry": { "type": "Point", "coordinates": [ -112.031911, 33.706305 ] } },
{ "type": "Feature", "properties": { "decimalLatitude": 33.881, "decimalLongitude": -111.962919, "eventDate": "2021-10-04T10:55:00Z", "countryCode": "US" }, "geometry": { "type": "Point", "coordinates": [ -111.962919, 33.881 ] } },
{ "type": "Feature", "properties": { "decimalLatitude": 33.277222, "decimalLongitude": -111.160981, "eventDate": "2021-10-13T13:33:00Z", "countryCode": "US" }, "geometry": { "type": "Point", "coordinates": [ -111.160981, 33.277222 ] } },
{ "type": "Feature", "properties": { "decimalLatitude": 33.014119, "decimalLongitude": -116.449208, "eventDate": "2021-10-10T15:08:00Z", "countryCode": "US" }, "geometry": { "type": "Point", "coordinates": [ -116.449208, 33.014119 ] } },
{ "type": "Feature", "properties": { "decimalLatitude": 34.110306, "decimalLongitude": -116.17872, "eventDate": "2021-10-10T09:23:32Z", "countryCode": "US" }, "geometry": { "type": "Point", "coordinates": [ -116.17872, 34.110306 ] } },
{ "type": "Feature", "properties": { "decimalLatitude": 33.014203, "decimalLongitude": -116.449088, "eventDate": "2021-10-10T13:41:00Z", "countryCode": "US" }, "geometry": { "type": "Point", "coordinates": [ -116.449088, 33.014203 ] } },
{ "type": "Feature", "properties": { "decimalLatitude": 33.997784, "decimalLongitude": -116.059446, "eventDate": "2021-10-07T07:11:00Z", "countryCode": "US" }, "geometry": { "type": "Point", "coordinates": [ -116.059446, 33.997784 ] } },
{ "type": "Feature", "properties": { "decimalLatitude": 33.014422, "decimalLongitude": -116.448327, "eventDate": "2021-10-10T14:54:00Z", "countryCode": "US" }, "geometry": { "type": "Point", "coordinates": [ -116.448327, 33.014422 ] } },
{ "type": "Feature", "properties": { "decimalLatitude": 33.014243, "decimalLongitude": -116.448908, "eventDate": "2021-10-10T15:05:00Z", "countryCode": "US" }, "geometry": { "type": "Point", "coordinates": [ -116.448908, 33.014243 ] } },
{ "type": "Feature", "properties": { "decimalLatitude": 34.057433, "decimalLongitude": -116.178733, "eventDate": "2021-10-12T15:45:25Z", "countryCode": "US" }, "geometry": { "type": "Point", "coordinates": [ -116.178733, 34.057433 ] } },
{ "type": "Feature", "properties": { "decimalLatitude": 35.897747, "decimalLongitude": -113.321312, "eventDate": "2021-10-03T09:05:06Z", "countryCode": "US" }, "geometry": { "type": "Point", "coordinates": [ -113.321312, 35.897747 ] } },
{ "type": "Feature", "properties": { "decimalLatitude": 34.011871, "decimalLongitude": -116.059402, "eventDate": "2021-10-26T14:20:46Z", "countryCode": "US" }, "geometry": { "type": "Point", "coordinates": [ -116.059402, 34.011871 ] } },
{ "type": "Feature", "properties": { "decimalLatitude": 33.930818, "decimalLongitude": -112.689694, "eventDate": "2021-10-02T11:54:00Z", "countryCode": "US" }, "geometry": { "type": "Point", "coordinates": [ -112.689694, 33.930818 ] } },
{ "type": "Feature", "properties": { "decimalLatitude": 35.401358, "decimalLongitude": -113.653245, "eventDate": "2021-10-06T12:35:51Z", "countryCode": "US" }, "geometry": { "type": "Point", "coordinates": [ -113.653245, 35.401358 ] } },
{ "type": "Feature", "properties": { "decimalLatitude": 33.931366, "decimalLongitude": -112.694908, "eventDate": "2021-10-02T10:58:00Z", "countryCode": "US" }, "geometry": { "type": "Point", "coordinates": [ -112.694908, 33.931366 ] } },
{ "type": "Feature", "properties": { "decimalLatitude": 35.04022, "decimalLongitude": -115.3927, "eventDate": "2021-10-10T09:12:41Z", "countryCode": "US" }, "geometry": { "type": "Point", "coordinates": [ -115.3927, 35.04022 ] } },
{ "type": "Feature", "properties": { "decimalLatitude": 35.04025, "decimalLongitude": -115.3927, "eventDate": "2021-10-10T09:12:50Z", "countryCode": "US" }, "geometry": { "type": "Point", "coordinates": [ -115.3927, 35.04025 ] } },
{ "type": "Feature", "properties": { "decimalLatitude": 33.377761, "decimalLongitude": -111.373555, "eventDate": "2021-10-24T11:31:00Z", "countryCode": "US" }, "geometry": { "type": "Point", "coordinates": [ -111.373555, 33.377761 ] } },
{ "type": "Feature", "properties": { "decimalLatitude": 35.39913, "decimalLongitude": -113.654092, "eventDate": "2021-10-06T12:25:50Z", "countryCode": "US" }, "geometry": { "type": "Point", "coordinates": [ -113.654092, 35.39913 ] } },
{ "type": "Feature", "properties": { "decimalLatitude": 33.005909, "decimalLongitude": -116.406563, "eventDate": "2021-10-10T14:45:00Z", "countryCode": "US" }, "geometry": { "type": "Point", "coordinates": [ -116.406563, 33.005909 ] } },
{ "type": "Feature", "properties": { "decimalLatitude": 33.186363, "decimalLongitude": -116.532795, "eventDate": "2021-10-10T13:43:00Z", "countryCode": "US" }, "geometry": { "type": "Point", "coordinates": [ -116.532795, 33.186363 ] } },
{ "type": "Feature", "properties": { "decimalLatitude": 34.001653, "decimalLongitude": -116.058433, "eventDate": "2021-10-13T10:52:11Z", "countryCode": "US" }, "geometry": { "type": "Point", "coordinates": [ -116.058433, 34.001653 ] } },
{ "type": "Feature", "properties": { "decimalLatitude": 34.029559, "decimalLongitude": -116.13785, "eventDate": "2021-10-05T14:56:00Z", "countryCode": "US" }, "geometry": { "type": "Point", "coordinates": [ -116.13785, 34.029559 ] } },
{ "type": "Feature", "properties": { "decimalLatitude": 34.046282, "decimalLongitude": -116.567082, "eventDate": "2021-10-06T10:04:00Z", "countryCode": "US" }, "geometry": { "type": "Point", "coordinates": [ -116.567082, 34.046282 ] } },
{ "type": "Feature", "properties": { "decimalLatitude": 34.095197, "decimalLongitude": -116.171223, "eventDate": "2021-10-13T13:53:00Z", "countryCode": "US" }, "geometry": { "type": "Point", "coordinates": [ -116.171223, 34.095197 ] } },
{ "type": "Feature", "properties": { "decimalLatitude": 31.73959, "decimalLongitude": -110.885708, "eventDate": "2021-10-10T09:45:00Z", "countryCode": "US" }, "geometry": { "type": "Point", "coordinates": [ -110.885708, 31.73959 ] } },
{ "type": "Feature", "properties": { "decimalLatitude": 32.067219, "decimalLongitude": -112.720569, "eventDate": "2021-10-24T11:06:29Z", "countryCode": "US" }, "geometry": { "type": "Point", "coordinates": [ -112.720569, 32.067219 ] } },
{ "type": "Feature", "properties": { "decimalLatitude": 33.013948, "decimalLongitude": -116.449697, "eventDate": "2021-10-10T13:23:00Z", "countryCode": "US" }, "geometry": { "type": "Point", "coordinates": [ -116.449697, 33.013948 ] } },
{ "type": "Feature", "properties": { "decimalLatitude": 33.882608, "decimalLongitude": -111.957171, "eventDate": "2021-10-02T10:04:00Z", "countryCode": "US" }, "geometry": { "type": "Point", "coordinates": [ -111.957171, 33.882608 ] } },
{ "type": "Feature", "properties": { "decimalLatitude": 34.691743, "decimalLongitude": -111.719083, "eventDate": "2021-11-04T13:27:18Z", "countryCode": "US" }, "geometry": { "type": "Point", "coordinates": [ -111.719083, 34.691743 ] } },
{ "type": "Feature", "properties": { "decimalLatitude": 33.983406, "decimalLongitude": -111.371563, "eventDate": "2022-02-20T13:47:00Z", "countryCode": "US" }, "geometry": { "type": "Point", "coordinates": [ -111.371563, 33.983406 ] } },
{ "type": "Feature", "properties": { "decimalLatitude": 33.98353, "decimalLongitude": -111.371726, "eventDate": "2022-02-20T13:44:00Z", "countryCode": "US" }, "geometry": { "type": "Point", "coordinates": [ -111.371726, 33.98353 ] } },
{ "type": "Feature", "properties": { "decimalLatitude": 33.84525, "decimalLongitude": -111.84043, "eventDate": "2022-02-06T15:04:49Z", "countryCode": "US" }, "geometry": { "type": "Point", "coordinates": [ -111.84043, 33.84525 ] } },
{ "type": "Feature", "properties": { "decimalLatitude": 33.23725, "decimalLongitude": -116.438888, "eventDate": "2022-03-12T12:10:35Z", "countryCode": "US" }, "geometry": { "type": "Point", "coordinates": [ -116.438888, 33.23725 ] } },
{ "type": "Feature", "properties": { "decimalLatitude": 33.646053, "decimalLongitude": -111.868254, "eventDate": "2022-03-20T12:22:21Z", "countryCode": "US" }, "geometry": { "type": "Point", "coordinates": [ -111.868254, 33.646053 ] } },
{ "type": "Feature", "properties": { "decimalLatitude": 33.860712, "decimalLongitude": -112.252364, "eventDate": "2022-03-25T13:12:25Z", "countryCode": "US" }, "geometry": { "type": "Point", "coordinates": [ -112.252364, 33.860712 ] } },
{ "type": "Feature", "properties": { "decimalLatitude": 33.108333, "decimalLongitude": -116.43175, "eventDate": "2022-03-21T15:02:00Z", "countryCode": "US" }, "geometry": { "type": "Point", "coordinates": [ -116.43175, 33.108333 ] } },
{ "type": "Feature", "properties": { "decimalLatitude": 33.893498, "decimalLongitude": -111.821392, "eventDate": "2022-03-18T13:08:00Z", "countryCode": "US" }, "geometry": { "type": "Point", "coordinates": [ -111.821392, 33.893498 ] } },
{ "type": "Feature", "properties": { "decimalLatitude": 33.110285, "decimalLongitude": -116.287927, "eventDate": "2022-03-24T10:34:37Z", "countryCode": "US" }, "geometry": { "type": "Point", "coordinates": [ -116.287927, 33.110285 ] } },
{ "type": "Feature", "properties": { "decimalLatitude": 33.010747, "decimalLongitude": -116.472204, "eventDate": "2022-03-17T14:10:00Z", "countryCode": "US" }, "geometry": { "type": "Point", "coordinates": [ -116.472204, 33.010747 ] } },
{ "type": "Feature", "properties": { "decimalLatitude": 33.342347, "decimalLongitude": -116.4029, "eventDate": "2022-03-17T10:38:00Z", "countryCode": "US" }, "geometry": { "type": "Point", "coordinates": [ -116.4029, 33.342347 ] } },
{ "type": "Feature", "properties": { "decimalLatitude": 32.01357, "decimalLongitude": -112.69856, "eventDate": "2022-03-29T16:50:00Z", "countryCode": "US" }, "geometry": { "type": "Point", "coordinates": [ -112.69856, 32.01357 ] } },
{ "type": "Feature", "properties": { "decimalLatitude": 35.116933, "decimalLongitude": -115.729753, "eventDate": "2022-03-29T11:34:00Z", "countryCode": "US" }, "geometry": { "type": "Point", "coordinates": [ -115.729753, 35.116933 ] } },
{ "type": "Feature", "properties": { "decimalLatitude": 33.750083, "decimalLongitude": -111.879662, "eventDate": "2022-03-31T10:44:32Z", "countryCode": "US" }, "geometry": { "type": "Point", "coordinates": [ -111.879662, 33.750083 ] } },
{ "type": "Feature", "properties": { "decimalLatitude": 33.01387, "decimalLongitude": -116.446545, "eventDate": "2022-03-12T14:40:00Z", "countryCode": "US" }, "geometry": { "type": "Point", "coordinates": [ -116.446545, 33.01387 ] } },
{ "type": "Feature", "properties": { "decimalLatitude": 35.984706, "decimalLongitude": -111.967941, "eventDate": "2022-03-24T12:22:02Z", "countryCode": "US" }, "geometry": { "type": "Point", "coordinates": [ -111.967941, 35.984706 ] } },
{ "type": "Feature", "properties": { "decimalLatitude": 33.774045, "decimalLongitude": -111.803263, "eventDate": "2022-03-23T12:41:00Z", "countryCode": "US" }, "geometry": { "type": "Point", "coordinates": [ -111.803263, 33.774045 ] } },
{ "type": "Feature", "properties": { "decimalLatitude": 33.438553, "decimalLongitude": -111.639708, "eventDate": "2022-03-29T08:36:05Z", "countryCode": "US" }, "geometry": { "type": "Point", "coordinates": [ -111.639708, 33.438553 ] } },
{ "type": "Feature", "properties": { "decimalLatitude": 33.396718, "decimalLongitude": -111.360406, "eventDate": "2022-03-25T12:02:00Z", "countryCode": "US" }, "geometry": { "type": "Point", "coordinates": [ -111.360406, 33.396718 ] } },
{ "type": "Feature", "properties": { "decimalLatitude": 33.948122, "decimalLongitude": -111.744339, "eventDate": "2022-03-21T12:02:18Z", "countryCode": "US" }, "geometry": { "type": "Point", "coordinates": [ -111.744339, 33.948122 ] } },
{ "type": "Feature", "properties": { "decimalLatitude": 33.533851, "decimalLongitude": -111.314282, "eventDate": "2022-03-19T12:40:00Z", "countryCode": "US" }, "geometry": { "type": "Point", "coordinates": [ -111.314282, 33.533851 ] } },
{ "type": "Feature", "properties": { "decimalLatitude": 33.747311, "decimalLongitude": -111.887456, "eventDate": "2022-04-01T13:33:00Z", "countryCode": "US" }, "geometry": { "type": "Point", "coordinates": [ -111.887456, 33.747311 ] } },
{ "type": "Feature", "properties": { "decimalLatitude": 34.981822, "decimalLongitude": -115.508766, "eventDate": "2022-04-12T13:21:26Z", "countryCode": "US" }, "geometry": { "type": "Point", "coordinates": [ -115.508766, 34.981822 ] } },
{ "type": "Feature", "properties": { "decimalLatitude": 33.623433, "decimalLongitude": -112.047242, "eventDate": "2022-04-16T09:11:52Z", "countryCode": "US" }, "geometry": { "type": "Point", "coordinates": [ -112.047242, 33.623433 ] } },
{ "type": "Feature", "properties": { "decimalLatitude": 34.087836, "decimalLongitude": -116.242271, "eventDate": "2022-04-10T12:47:00Z", "countryCode": "US" }, "geometry": { "type": "Point", "coordinates": [ -116.242271, 34.087836 ] } },
{ "type": "Feature", "properties": { "decimalLatitude": 33.110622, "decimalLongitude": -116.430656, "eventDate": "2022-04-02T12:30:00Z", "countryCode": "US" }, "geometry": { "type": "Point", "coordinates": [ -116.430656, 33.110622 ] } },
{ "type": "Feature", "properties": { "decimalLatitude": 33.11175, "decimalLongitude": -116.449742, "eventDate": "2022-04-02T15:38:00Z", "countryCode": "US" }, "geometry": { "type": "Point", "coordinates": [ -116.449742, 33.11175 ] } },
{ "type": "Feature", "properties": { "decimalLatitude": 34.081667, "decimalLongitude": -116.241323, "eventDate": "2022-04-10T11:59:00Z", "countryCode": "US" }, "geometry": { "type": "Point", "coordinates": [ -116.241323, 34.081667 ] } },
{ "type": "Feature", "properties": { "decimalLatitude": 33.715931, "decimalLongitude": -112.887507, "eventDate": "2022-04-09T09:15:00Z", "countryCode": "US" }, "geometry": { "type": "Point", "coordinates": [ -112.887507, 33.715931 ] } },
{ "type": "Feature", "properties": { "decimalLatitude": 34.082663, "decimalLongitude": -116.241307, "eventDate": "2022-04-10T12:07:00Z", "countryCode": "US" }, "geometry": { "type": "Point", "coordinates": [ -116.241307, 34.082663 ] } },
{ "type": "Feature", "properties": { "decimalLatitude": 33.4386, "decimalLongitude": -111.640472, "eventDate": "2022-04-20T08:16:59Z", "countryCode": "US" }, "geometry": { "type": "Point", "coordinates": [ -111.640472, 33.4386 ] } },
{ "type": "Feature", "properties": { "decimalLatitude": 33.795135, "decimalLongitude": -111.791307, "eventDate": "2022-04-02T09:33:00Z", "countryCode": "US" }, "geometry": { "type": "Point", "coordinates": [ -111.791307, 33.795135 ] } },
{ "type": "Feature", "properties": { "decimalLatitude": 34.087085, "decimalLongitude": -116.241569, "eventDate": "2022-04-12T13:50:00Z", "countryCode": "US" }, "geometry": { "type": "Point", "coordinates": [ -116.241569, 34.087085 ] } },
{ "type": "Feature", "properties": { "decimalLatitude": 34.086212, "decimalLongitude": -116.241948, "eventDate": "2022-04-10T12:37:00Z", "countryCode": "US" }, "geometry": { "type": "Point", "coordinates": [ -116.241948, 34.086212 ] } },
{ "type": "Feature", "properties": { "decimalLatitude": 35.130181, "decimalLongitude": -114.119651, "eventDate": "2022-04-08T15:10:00Z", "countryCode": "US" }, "geometry": { "type": "Point", "coordinates": [ -114.119651, 35.130181 ] } },
{ "type": "Feature", "properties": { "decimalLatitude": 34.12375, "decimalLongitude": -112.153927, "eventDate": "2022-04-01T11:18:00Z", "countryCode": "US" }, "geometry": { "type": "Point", "coordinates": [ -112.153927, 34.12375 ] } },
{ "type": "Feature", "properties": { "decimalLatitude": 34.08258, "decimalLongitude": -116.241277, "eventDate": "2022-04-10T12:07:00Z", "countryCode": "US" }, "geometry": { "type": "Point", "coordinates": [ -116.241277, 34.08258 ] } },
{ "type": "Feature", "properties": { "decimalLatitude": 33.639669, "decimalLongitude": -116.49225, "eventDate": "2022-04-15T12:59:00Z", "countryCode": "US" }, "geometry": { "type": "Point", "coordinates": [ -116.49225, 33.639669 ] } },
{ "type": "Feature", "properties": { "decimalLatitude": 33.868187, "decimalLongitude": -111.465747, "eventDate": "2022-04-20T12:13:10Z", "countryCode": "US" }, "geometry": { "type": "Point", "coordinates": [ -111.465747, 33.868187 ] } },
{ "type": "Feature", "properties": { "decimalLatitude": 33.796277, "decimalLongitude": -111.793367, "eventDate": "2022-04-02T09:50:00Z", "countryCode": "US" }, "geometry": { "type": "Point", "coordinates": [ -111.793367, 33.796277 ] } },
{ "type": "Feature", "properties": { "decimalLatitude": 33.795579, "decimalLongitude": -111.792058, "eventDate": "2022-04-02T09:35:00Z", "countryCode": "US" }, "geometry": { "type": "Point", "coordinates": [ -111.792058, 33.795579 ] } },
{ "type": "Feature", "properties": { "decimalLatitude": 33.706594, "decimalLongitude": -112.031539, "eventDate": "2022-04-05T14:23:00Z", "countryCode": "US" }, "geometry": { "type": "Point", "coordinates": [ -112.031539, 33.706594 ] } },
{ "type": "Feature", "properties": { "decimalLatitude": 33.769854, "decimalLongitude": -111.793508, "eventDate": "2022-04-01T11:02:00Z", "countryCode": "US" }, "geometry": { "type": "Point", "coordinates": [ -111.793508, 33.769854 ] } },
{ "type": "Feature", "properties": { "decimalLatitude": 34.02672, "decimalLongitude": -116.0671, "eventDate": "2022-04-05T15:11:25Z", "countryCode": "US" }, "geometry": { "type": "Point", "coordinates": [ -116.0671, 34.02672 ] } },
{ "type": "Feature", "properties": { "decimalLatitude": 33.27927, "decimalLongitude": -116.43097, "eventDate": "2022-04-15T11:41:00Z", "countryCode": "US" }, "geometry": { "type": "Point", "coordinates": [ -116.43097, 33.27927 ] } },
{ "type": "Feature", "properties": { "decimalLatitude": 33.638893, "decimalLongitude": -116.494682, "eventDate": "2022-04-15T12:58:00Z", "countryCode": "US" }, "geometry": { "type": "Point", "coordinates": [ -116.494682, 33.638893 ] } },
{ "type": "Feature", "properties": { "decimalLatitude": 33.664558, "decimalLongitude": -111.917695, "eventDate": "2022-04-07T08:21:09Z", "countryCode": "US" }, "geometry": { "type": "Point", "coordinates": [ -111.917695, 33.664558 ] } },
{ "type": "Feature", "properties": { "decimalLatitude": 33.639692, "decimalLongitude": -116.492317, "eventDate": "2022-04-15T13:01:39Z", "countryCode": "US" }, "geometry": { "type": "Point", "coordinates": [ -116.492317, 33.639692 ] } },
{ "type": "Feature", "properties": { "decimalLatitude": 33.639675, "decimalLongitude": -116.492287, "eventDate": "2022-04-15T12:58:38Z", "countryCode": "US" }, "geometry": { "type": "Point", "coordinates": [ -116.492287, 33.639675 ] } },
{ "type": "Feature", "properties": { "decimalLatitude": 33.980575, "decimalLongitude": -116.660705, "eventDate": "2022-04-19T11:14:56Z", "countryCode": "US" }, "geometry": { "type": "Point", "coordinates": [ -116.660705, 33.980575 ] } },
{ "type": "Feature", "properties": { "decimalLatitude": 33.706305, "decimalLongitude": -112.031911, "eventDate": "2022-04-16T12:17:00Z", "countryCode": "US" }, "geometry": { "type": "Point", "coordinates": [ -112.031911, 33.706305 ] } },
{ "type": "Feature", "properties": { "decimalLatitude": 33.035267, "decimalLongitude": -116.41661, "eventDate": "2022-04-02T10:39:00Z", "countryCode": "US" }, "geometry": { "type": "Point", "coordinates": [ -116.41661, 33.035267 ] } },
{ "type": "Feature", "properties": { "decimalLatitude": 33.798811, "decimalLongitude": -111.79884, "eventDate": "2022-04-02T10:50:00Z", "countryCode": "US" }, "geometry": { "type": "Point", "coordinates": [ -111.79884, 33.798811 ] } },
{ "type": "Feature", "properties": { "decimalLatitude": 33.453945, "decimalLongitude": -111.468198, "eventDate": "2022-04-01T09:37:00Z", "countryCode": "US" }, "geometry": { "type": "Point", "coordinates": [ -111.468198, 33.453945 ] } },
{ "type": "Feature", "properties": { "decimalLatitude": 33.798722, "decimalLongitude": -111.799505, "eventDate": "2022-04-02T10:50:00Z", "countryCode": "US" }, "geometry": { "type": "Point", "coordinates": [ -111.799505, 33.798722 ] } },
{ "type": "Feature", "properties": { "decimalLatitude": 33.798722, "decimalLongitude": -111.798539, "eventDate": "2022-04-02T10:54:00Z", "countryCode": "US" }, "geometry": { "type": "Point", "coordinates": [ -111.798539, 33.798722 ] } },
{ "type": "Feature", "properties": { "decimalLatitude": 33.110854, "decimalLongitude": -116.448559, "eventDate": "2022-04-02T15:37:00Z", "countryCode": "US" }, "geometry": { "type": "Point", "coordinates": [ -116.448559, 33.110854 ] } },
{ "type": "Feature", "properties": { "decimalLatitude": 33.110854, "decimalLongitude": -116.448559, "eventDate": "2022-04-02T15:44:00Z", "countryCode": "US" }, "geometry": { "type": "Point", "coordinates": [ -116.448559, 33.110854 ] } },
{ "type": "Feature", "properties": { "decimalLatitude": 32.932751, "decimalLongitude": -116.388391, "eventDate": "2022-04-09T10:36:00Z", "countryCode": "US" }, "geometry": { "type": "Point", "coordinates": [ -116.388391, 32.932751 ] } },
{ "type": "Feature", "properties": { "decimalLatitude": 33.11407, "decimalLongitude": -116.429684, "eventDate": "2022-04-02T11:31:00Z", "countryCode": "US" }, "geometry": { "type": "Point", "coordinates": [ -116.429684, 33.11407 ] } },
{ "type": "Feature", "properties": { "decimalLatitude": 33.272849, "decimalLongitude": -116.424647, "eventDate": "2022-04-05T15:52:00Z", "countryCode": "US" }, "geometry": { "type": "Point", "coordinates": [ -116.424647, 33.272849 ] } },
{ "type": "Feature", "properties": { "decimalLatitude": 34.082769, "decimalLongitude": -116.241311, "eventDate": "2022-04-06T10:25:16Z", "countryCode": "US" }, "geometry": { "type": "Point", "coordinates": [ -116.241311, 34.082769 ] } },
{ "type": "Feature", "properties": { "decimalLatitude": 33.886488, "decimalLongitude": -111.816117, "eventDate": "2022-04-23T00:00:00Z", "countryCode": "US" }, "geometry": { "type": "Point", "coordinates": [ -111.816117, 33.886488 ] } },
{ "type": "Feature", "properties": { "decimalLatitude": 33.903887, "decimalLongitude": -111.818778, "eventDate": "2022-04-23T10:11:58Z", "countryCode": "US" }, "geometry": { "type": "Point", "coordinates": [ -111.818778, 33.903887 ] } },
{ "type": "Feature", "properties": { "decimalLatitude": 33.519803, "decimalLongitude": -111.454353, "eventDate": "2022-04-21T09:40:00Z", "countryCode": "US" }, "geometry": { "type": "Point", "coordinates": [ -111.454353, 33.519803 ] } },
{ "type": "Feature", "properties": { "decimalLatitude": 34.100514, "decimalLongitude": -116.194478, "eventDate": "2022-04-23T14:57:37Z", "countryCode": "US" }, "geometry": { "type": "Point", "coordinates": [ -116.194478, 34.100514 ] } },
{ "type": "Feature", "properties": { "decimalLatitude": 33.889409, "decimalLongitude": -111.814945, "eventDate": "2022-04-23T11:52:00Z", "countryCode": "US" }, "geometry": { "type": "Point", "coordinates": [ -111.814945, 33.889409 ] } },
{ "type": "Feature", "properties": { "decimalLatitude": 33.461227, "decimalLongitude": -111.402783, "eventDate": "2022-04-30T10:26:00Z", "countryCode": "US" }, "geometry": { "type": "Point", "coordinates": [ -111.402783, 33.461227 ] } },
{ "type": "Feature", "properties": { "decimalLatitude": 34.04288, "decimalLongitude": -116.567188, "eventDate": "2022-04-30T13:28:00Z", "countryCode": "US" }, "geometry": { "type": "Point", "coordinates": [ -116.567188, 34.04288 ] } },
{ "type": "Feature", "properties": { "decimalLatitude": 33.882357, "decimalLongitude": -111.957624, "eventDate": "2022-04-29T12:55:45Z", "countryCode": "US" }, "geometry": { "type": "Point", "coordinates": [ -111.957624, 33.882357 ] } },
{ "type": "Feature", "properties": { "decimalLatitude": 33.013072, "decimalLongitude": -116.496586, "eventDate": "2022-04-29T11:54:00Z", "countryCode": "US" }, "geometry": { "type": "Point", "coordinates": [ -116.496586, 33.013072 ] } },
{ "type": "Feature", "properties": { "decimalLatitude": 34.077039, "decimalLongitude": -116.25052, "eventDate": "2022-04-29T15:12:52Z", "countryCode": "US" }, "geometry": { "type": "Point", "coordinates": [ -116.25052, 34.077039 ] } },
{ "type": "Feature", "properties": { "decimalLatitude": 33.932792, "decimalLongitude": -112.696913, "eventDate": "2022-04-09T11:21:54Z", "countryCode": "US" }, "geometry": { "type": "Point", "coordinates": [ -112.696913, 33.932792 ] } },
{ "type": "Feature", "properties": { "decimalLatitude": 33.013895, "decimalLongitude": -116.495289, "eventDate": "2022-04-29T11:26:00Z", "countryCode": "US" }, "geometry": { "type": "Point", "coordinates": [ -116.495289, 33.013895 ] } },
{ "type": "Feature", "properties": { "decimalLatitude": 33.012077, "decimalLongitude": -116.499452, "eventDate": "2022-04-29T11:11:00Z", "countryCode": "US" }, "geometry": { "type": "Point", "coordinates": [ -116.499452, 33.012077 ] } },
{ "type": "Feature", "properties": { "decimalLatitude": 33.894214, "decimalLongitude": -111.944502, "eventDate": "2022-04-22T13:51:27Z", "countryCode": "US" }, "geometry": { "type": "Point", "coordinates": [ -111.944502, 33.894214 ] } },
{ "type": "Feature", "properties": { "decimalLatitude": 33.903356, "decimalLongitude": -111.814931, "eventDate": "2022-04-23T11:42:00Z", "countryCode": "US" }, "geometry": { "type": "Point", "coordinates": [ -111.814931, 33.903356 ] } },
{ "type": "Feature", "properties": { "decimalLatitude": 33.901987, "decimalLongitude": -111.815147, "eventDate": "2022-04-18T12:33:13Z", "countryCode": "US" }, "geometry": { "type": "Point", "coordinates": [ -111.815147, 33.901987 ] } },
{ "type": "Feature", "properties": { "decimalLatitude": 33.279893, "decimalLongitude": -111.160027, "eventDate": "2022-04-13T11:26:00Z", "countryCode": "US" }, "geometry": { "type": "Point", "coordinates": [ -111.160027, 33.279893 ] } },
{ "type": "Feature", "properties": { "decimalLatitude": 33.69202, "decimalLongitude": -111.79802, "eventDate": "2022-04-13T00:00:00Z", "countryCode": "US" }, "geometry": { "type": "Point", "coordinates": [ -111.79802, 33.69202 ] } },
{ "type": "Feature", "properties": { "decimalLatitude": 33.865737, "decimalLongitude": -111.627676, "eventDate": "2022-04-17T10:27:00Z", "countryCode": "US" }, "geometry": { "type": "Point", "coordinates": [ -111.627676, 33.865737 ] } },
{ "type": "Feature", "properties": { "decimalLatitude": 33.711226, "decimalLongitude": -111.199927, "eventDate": "2022-04-06T13:18:00Z", "countryCode": "US" }, "geometry": { "type": "Point", "coordinates": [ -111.199927, 33.711226 ] } },
{ "type": "Feature", "properties": { "decimalLatitude": 34.076217, "decimalLongitude": -116.248678, "eventDate": "2022-04-14T10:36:00Z", "countryCode": "US" }, "geometry": { "type": "Point", "coordinates": [ -116.248678, 34.076217 ] } },
{ "type": "Feature", "properties": { "decimalLatitude": 34.076424, "decimalLongitude": -116.249469, "eventDate": "2022-04-14T11:35:00Z", "countryCode": "US" }, "geometry": { "type": "Point", "coordinates": [ -116.249469, 34.076424 ] } },
{ "type": "Feature", "properties": { "decimalLatitude": 34.076242, "decimalLongitude": -116.247265, "eventDate": "2022-04-14T11:52:00Z", "countryCode": "US" }, "geometry": { "type": "Point", "coordinates": [ -116.247265, 34.076242 ] } },
{ "type": "Feature", "properties": { "decimalLatitude": 34.07821, "decimalLongitude": -116.252704, "eventDate": "2022-04-28T12:53:00Z", "countryCode": "US" }, "geometry": { "type": "Point", "coordinates": [ -116.252704, 34.07821 ] } },
{ "type": "Feature", "properties": { "decimalLatitude": 34.076417, "decimalLongitude": -116.249075, "eventDate": "2022-04-28T14:08:00Z", "countryCode": "US" }, "geometry": { "type": "Point", "coordinates": [ -116.249075, 34.076417 ] } },
{ "type": "Feature", "properties": { "decimalLatitude": 32.067225, "decimalLongitude": -112.722052, "eventDate": "2022-04-15T11:05:44Z", "countryCode": "US" }, "geometry": { "type": "Point", "coordinates": [ -112.722052, 32.067225 ] } },
{ "type": "Feature", "properties": { "decimalLatitude": 33.858705, "decimalLongitude": -112.043461, "eventDate": "2022-04-29T09:25:29Z", "countryCode": "US" }, "geometry": { "type": "Point", "coordinates": [ -112.043461, 33.858705 ] } },
{ "type": "Feature", "properties": { "decimalLatitude": 33.901984, "decimalLongitude": -111.815146, "eventDate": "2022-04-23T10:13:00Z", "countryCode": "US" }, "geometry": { "type": "Point", "coordinates": [ -111.815146, 33.901984 ] } },
{ "type": "Feature", "properties": { "decimalLatitude": 33.763172, "decimalLongitude": -116.552572, "eventDate": "2022-04-20T10:04:00Z", "countryCode": "US" }, "geometry": { "type": "Point", "coordinates": [ -116.552572, 33.763172 ] } },
{ "type": "Feature", "properties": { "decimalLatitude": 33.93299, "decimalLongitude": -112.696912, "eventDate": "2022-04-09T12:11:43Z", "countryCode": "US" }, "geometry": { "type": "Point", "coordinates": [ -112.696912, 33.93299 ] } },
{ "type": "Feature", "properties": { "decimalLatitude": 33.609943, "decimalLongitude": -111.78176, "eventDate": "2022-04-17T09:59:57Z", "countryCode": "US" }, "geometry": { "type": "Point", "coordinates": [ -111.78176, 33.609943 ] } },
{ "type": "Feature", "properties": { "decimalLatitude": 33.876681, "decimalLongitude": -111.816639, "eventDate": "2022-05-07T07:36:00Z", "countryCode": "US" }, "geometry": { "type": "Point", "coordinates": [ -111.816639, 33.876681 ] } },
{ "type": "Feature", "properties": { "decimalLatitude": 33.876647, "decimalLongitude": -111.816347, "eventDate": "2022-05-07T07:42:00Z", "countryCode": "US" }, "geometry": { "type": "Point", "coordinates": [ -111.816347, 33.876647 ] } },
{ "type": "Feature", "properties": { "decimalLatitude": 32.53709, "decimalLongitude": -110.720603, "eventDate": "2022-05-10T13:30:00Z", "countryCode": "US" }, "geometry": { "type": "Point", "coordinates": [ -110.720603, 32.53709 ] } },
{ "type": "Feature", "properties": { "decimalLatitude": 32.915225, "decimalLongitude": -116.46083, "eventDate": "2022-05-24T09:44:00Z", "countryCode": "US" }, "geometry": { "type": "Point", "coordinates": [ -116.46083, 32.915225 ] } },
{ "type": "Feature", "properties": { "decimalLatitude": 32.942185, "decimalLongitude": -116.485611, "eventDate": "2022-05-15T11:36:00Z", "countryCode": "US" }, "geometry": { "type": "Point", "coordinates": [ -116.485611, 32.942185 ] } },
{ "type": "Feature", "properties": { "decimalLatitude": 33.228609, "decimalLongitude": -116.460204, "eventDate": "2022-05-22T11:56:00Z", "countryCode": "US" }, "geometry": { "type": "Point", "coordinates": [ -116.460204, 33.228609 ] } },
{ "type": "Feature", "properties": { "decimalLatitude": 35.074328, "decimalLongitude": -115.373377, "eventDate": "2022-08-16T12:54:27Z", "countryCode": "US" }, "geometry": { "type": "Point", "coordinates": [ -115.373377, 35.074328 ] } },
{ "type": "Feature", "properties": { "decimalLatitude": 33.881803, "decimalLongitude": -112.156297, "eventDate": "2022-08-14T17:12:28Z", "countryCode": "US" }, "geometry": { "type": "Point", "coordinates": [ -112.156297, 33.881803 ] } },
{ "type": "Feature", "properties": { "decimalLatitude": 33.881661, "decimalLongitude": -111.961928, "eventDate": "2022-08-12T09:53:00Z", "countryCode": "US" }, "geometry": { "type": "Point", "coordinates": [ -111.961928, 33.881661 ] } },
{ "type": "Feature", "properties": { "decimalLatitude": 33.898885, "decimalLongitude": -112.032292, "eventDate": "2022-08-31T00:00:00Z", "countryCode": "US" }, "geometry": { "type": "Point", "coordinates": [ -112.032292, 33.898885 ] } },
{ "type": "Feature", "properties": { "decimalLatitude": 35.648728, "decimalLongitude": -115.128359, "eventDate": "2022-08-19T13:39:00Z", "countryCode": "US" }, "geometry": { "type": "Point", "coordinates": [ -115.128359, 35.648728 ] } },
{ "type": "Feature", "properties": { "decimalLatitude": 33.894065, "decimalLongitude": -111.944892, "eventDate": "2022-08-27T08:14:00Z", "countryCode": "US" }, "geometry": { "type": "Point", "coordinates": [ -111.944892, 33.894065 ] } },
{ "type": "Feature", "properties": { "decimalLatitude": 36.130564, "decimalLongitude": -112.236035, "eventDate": "2022-08-28T13:08:00Z", "countryCode": "US" }, "geometry": { "type": "Point", "coordinates": [ -112.236035, 36.130564 ] } },
{ "type": "Feature", "properties": { "decimalLatitude": 33.896422, "decimalLongitude": -111.950125, "eventDate": "2022-08-30T08:45:00Z", "countryCode": "US" }, "geometry": { "type": "Point", "coordinates": [ -111.950125, 33.896422 ] } },
{ "type": "Feature", "properties": { "decimalLatitude": 34.227232, "decimalLongitude": -112.097549, "eventDate": "2022-08-27T09:54:00Z", "countryCode": "US" }, "geometry": { "type": "Point", "coordinates": [ -112.097549, 34.227232 ] } },
{ "type": "Feature", "properties": { "decimalLatitude": 33.873396, "decimalLongitude": -111.625802, "eventDate": "2022-08-14T09:05:20Z", "countryCode": "US" }, "geometry": { "type": "Point", "coordinates": [ -111.625802, 33.873396 ] } },
{ "type": "Feature", "properties": { "decimalLatitude": 34.906417, "decimalLongitude": -115.551605, "eventDate": "2022-09-09T12:21:54Z", "countryCode": "US" }, "geometry": { "type": "Point", "coordinates": [ -115.551605, 34.906417 ] } },
{ "type": "Feature", "properties": { "decimalLatitude": 35.203184, "decimalLongitude": -113.611306, "eventDate": "2022-09-09T05:55:00Z", "countryCode": "US" }, "geometry": { "type": "Point", "coordinates": [ -113.611306, 35.203184 ] } },
{ "type": "Feature", "properties": { "decimalLatitude": 33.880894, "decimalLongitude": -111.962239, "eventDate": "2022-09-12T10:03:00Z", "countryCode": "US" }, "geometry": { "type": "Point", "coordinates": [ -111.962239, 33.880894 ] } },
{ "type": "Feature", "properties": { "decimalLatitude": 34.093273, "decimalLongitude": -116.425129, "eventDate": "2022-09-05T13:09:28Z", "countryCode": "US" }, "geometry": { "type": "Point", "coordinates": [ -116.425129, 34.093273 ] } },
{ "type": "Feature", "properties": { "decimalLatitude": 35.324996, "decimalLongitude": -114.446834, "eventDate": "2022-09-02T10:24:20Z", "countryCode": "US" }, "geometry": { "type": "Point", "coordinates": [ -114.446834, 35.324996 ] } },
{ "type": "Feature", "properties": { "decimalLatitude": 33.97544, "decimalLongitude": -112.131607, "eventDate": "2022-09-09T09:34:00Z", "countryCode": "US" }, "geometry": { "type": "Point", "coordinates": [ -112.131607, 33.97544 ] } },
{ "type": "Feature", "properties": { "decimalLatitude": 33.910747, "decimalLongitude": -112.682819, "eventDate": "2022-09-09T20:45:15Z", "countryCode": "US" }, "geometry": { "type": "Point", "coordinates": [ -112.682819, 33.910747 ] } },
{ "type": "Feature", "properties": { "decimalLatitude": 33.860267, "decimalLongitude": -112.251944, "eventDate": "2022-09-10T15:10:56Z", "countryCode": "US" }, "geometry": { "type": "Point", "coordinates": [ -112.251944, 33.860267 ] } },
{ "type": "Feature", "properties": { "decimalLatitude": 34.011264, "decimalLongitude": -116.167405, "eventDate": "2022-09-11T14:21:47Z", "countryCode": "US" }, "geometry": { "type": "Point", "coordinates": [ -116.167405, 34.011264 ] } },
{ "type": "Feature", "properties": { "decimalLatitude": 33.881475, "decimalLongitude": -111.963036, "eventDate": "2022-09-08T09:41:00Z", "countryCode": "US" }, "geometry": { "type": "Point", "coordinates": [ -111.963036, 33.881475 ] } },
{ "type": "Feature", "properties": { "decimalLatitude": 33.880972, "decimalLongitude": -111.962539, "eventDate": "2022-09-08T10:39:00Z", "countryCode": "US" }, "geometry": { "type": "Point", "coordinates": [ -111.962539, 33.880972 ] } },
{ "type": "Feature", "properties": { "decimalLatitude": 33.881486, "decimalLongitude": -111.959928, "eventDate": "2022-09-12T10:21:00Z", "countryCode": "US" }, "geometry": { "type": "Point", "coordinates": [ -111.959928, 33.881486 ] } },
{ "type": "Feature", "properties": { "decimalLatitude": 33.904031, "decimalLongitude": -111.833406, "eventDate": "2022-09-06T07:38:00Z", "countryCode": "US" }, "geometry": { "type": "Point", "coordinates": [ -111.833406, 33.904031 ] } },
{ "type": "Feature", "properties": { "decimalLatitude": 33.92106, "decimalLongitude": -112.138204, "eventDate": "2022-09-09T17:45:30Z", "countryCode": "US" }, "geometry": { "type": "Point", "coordinates": [ -112.138204, 33.92106 ] } },
{ "type": "Feature", "properties": { "decimalLatitude": 33.558047, "decimalLongitude": -111.58153, "eventDate": "2022-09-01T08:34:51Z", "countryCode": "US" }, "geometry": { "type": "Point", "coordinates": [ -111.58153, 33.558047 ] } },
{ "type": "Feature", "properties": { "decimalLatitude": 33.879861, "decimalLongitude": -111.965714, "eventDate": "2022-09-08T10:18:00Z", "countryCode": "US" }, "geometry": { "type": "Point", "coordinates": [ -111.965714, 33.879861 ] } },
{ "type": "Feature", "properties": { "decimalLatitude": 33.881481, "decimalLongitude": -111.963047, "eventDate": "2022-09-08T09:41:00Z", "countryCode": "US" }, "geometry": { "type": "Point", "coordinates": [ -111.963047, 33.881481 ] } },
{ "type": "Feature", "properties": { "decimalLatitude": 34.044002, "decimalLongitude": -116.564353, "eventDate": "2022-09-12T11:40:00Z", "countryCode": "US" }, "geometry": { "type": "Point", "coordinates": [ -116.564353, 34.044002 ] } },
{ "type": "Feature", "properties": { "decimalLatitude": 34.030833, "decimalLongitude": -116.146147, "eventDate": "2022-09-05T11:07:00Z", "countryCode": "US" }, "geometry": { "type": "Point", "coordinates": [ -116.146147, 34.030833 ] } },
{ "type": "Feature", "properties": { "decimalLatitude": 33.881356, "decimalLongitude": -111.957097, "eventDate": "2022-09-08T08:19:00Z", "countryCode": "US" }, "geometry": { "type": "Point", "coordinates": [ -111.957097, 33.881356 ] } },
{ "type": "Feature", "properties": { "decimalLatitude": 33.882569, "decimalLongitude": -111.957064, "eventDate": "2022-09-08T08:30:00Z", "countryCode": "US" }, "geometry": { "type": "Point", "coordinates": [ -111.957064, 33.882569 ] } },
{ "type": "Feature", "properties": { "decimalLatitude": 34.591122, "decimalLongitude": -112.429192, "eventDate": "2022-09-06T15:08:07Z", "countryCode": "US" }, "geometry": { "type": "Point", "coordinates": [ -112.429192, 34.591122 ] } },
{ "type": "Feature", "properties": { "decimalLatitude": 33.881711, "decimalLongitude": -111.962719, "eventDate": "2022-09-08T09:20:00Z", "countryCode": "US" }, "geometry": { "type": "Point", "coordinates": [ -111.962719, 33.881711 ] } },
{ "type": "Feature", "properties": { "decimalLatitude": 35.99081, "decimalLongitude": -115.254753, "eventDate": "2022-09-08T08:56:24Z", "countryCode": "US" }, "geometry": { "type": "Point", "coordinates": [ -115.254753, 35.99081 ] } },
{ "type": "Feature", "properties": { "decimalLatitude": 34.011283, "decimalLongitude": -116.167533, "eventDate": "2022-09-11T13:59:25Z", "countryCode": "US" }, "geometry": { "type": "Point", "coordinates": [ -116.167533, 34.011283 ] } },
{ "type": "Feature", "properties": { "decimalLatitude": 33.773545, "decimalLongitude": -111.902649, "eventDate": "2022-09-04T09:44:00Z", "countryCode": "US" }, "geometry": { "type": "Point", "coordinates": [ -111.902649, 33.773545 ] } },
{ "type": "Feature", "properties": { "decimalLatitude": 34.018332, "decimalLongitude": -116.382589, "eventDate": "2022-09-08T09:45:47Z", "countryCode": "US" }, "geometry": { "type": "Point", "coordinates": [ -116.382589, 34.018332 ] } },
{ "type": "Feature", "properties": { "decimalLatitude": 33.880253, "decimalLongitude": -111.965256, "eventDate": "2022-09-08T10:04:00Z", "countryCode": "US" }, "geometry": { "type": "Point", "coordinates": [ -111.965256, 33.880253 ] } },
{ "type": "Feature", "properties": { "decimalLatitude": 34.118115, "decimalLongitude": -116.415018, "eventDate": "2022-09-08T16:18:17Z", "countryCode": "US" }, "geometry": { "type": "Point", "coordinates": [ -116.415018, 34.118115 ] } },
{ "type": "Feature", "properties": { "decimalLatitude": 33.880486, "decimalLongitude": -111.965261, "eventDate": "2022-09-08T09:55:00Z", "countryCode": "US" }, "geometry": { "type": "Point", "coordinates": [ -111.965261, 33.880486 ] } },
{ "type": "Feature", "properties": { "decimalLatitude": 34.570052, "decimalLongitude": -112.520558, "eventDate": "2022-09-11T16:00:39Z", "countryCode": "US" }, "geometry": { "type": "Point", "coordinates": [ -112.520558, 34.570052 ] } },
{ "type": "Feature", "properties": { "decimalLatitude": 33.880133, "decimalLongitude": -111.965314, "eventDate": "2022-09-08T10:10:00Z", "countryCode": "US" }, "geometry": { "type": "Point", "coordinates": [ -111.965314, 33.880133 ] } },
{ "type": "Feature", "properties": { "decimalLatitude": 34.002628, "decimalLongitude": -112.772835, "eventDate": "2022-09-08T14:36:00Z", "countryCode": "US" }, "geometry": { "type": "Point", "coordinates": [ -112.772835, 34.002628 ] } },
{ "type": "Feature", "properties": { "decimalLatitude": 33.880133, "decimalLongitude": -111.965314, "eventDate": "2022-09-08T10:10:00Z", "countryCode": "US" }, "geometry": { "type": "Point", "coordinates": [ -111.965314, 33.880133 ] } },
{ "type": "Feature", "properties": { "decimalLatitude": 33.8807, "decimalLongitude": -111.963344, "eventDate": "2022-09-08T10:35:00Z", "countryCode": "US" }, "geometry": { "type": "Point", "coordinates": [ -111.963344, 33.8807 ] } },
{ "type": "Feature", "properties": { "decimalLatitude": 33.932872, "decimalLongitude": -112.694687, "eventDate": "2022-09-09T14:25:59Z", "countryCode": "US" }, "geometry": { "type": "Point", "coordinates": [ -112.694687, 33.932872 ] } },
{ "type": "Feature", "properties": { "decimalLatitude": 33.57188, "decimalLongitude": -112.013236, "eventDate": "2022-09-09T16:58:57Z", "countryCode": "US" }, "geometry": { "type": "Point", "coordinates": [ -112.013236, 33.57188 ] } },
{ "type": "Feature", "properties": { "decimalLatitude": 33.881703, "decimalLongitude": -111.962758, "eventDate": "2022-09-08T09:25:00Z", "countryCode": "US" }, "geometry": { "type": "Point", "coordinates": [ -111.962758, 33.881703 ] } },
{ "type": "Feature", "properties": { "decimalLatitude": 33.87925, "decimalLongitude": -111.965289, "eventDate": "2022-09-12T10:00:00Z", "countryCode": "US" }, "geometry": { "type": "Point", "coordinates": [ -111.965289, 33.87925 ] } },
{ "type": "Feature", "properties": { "decimalLatitude": 34.087117, "decimalLongitude": -116.139436, "eventDate": "2022-09-12T11:50:05Z", "countryCode": "US" }, "geometry": { "type": "Point", "coordinates": [ -116.139436, 34.087117 ] } },
{ "type": "Feature", "properties": { "decimalLatitude": 35.0328, "decimalLongitude": -114.127249, "eventDate": "2022-09-11T08:16:00Z", "countryCode": "US" }, "geometry": { "type": "Point", "coordinates": [ -114.127249, 35.0328 ] } },
{ "type": "Feature", "properties": { "decimalLatitude": 33.880147, "decimalLongitude": -111.965269, "eventDate": "2022-09-08T10:08:00Z", "countryCode": "US" }, "geometry": { "type": "Point", "coordinates": [ -111.965269, 33.880147 ] } },
{ "type": "Feature", "properties": { "decimalLatitude": 34.027411, "decimalLongitude": -116.143333, "eventDate": "2022-09-08T10:22:31Z", "countryCode": "US" }, "geometry": { "type": "Point", "coordinates": [ -116.143333, 34.027411 ] } },
{ "type": "Feature", "properties": { "decimalLatitude": 33.894212, "decimalLongitude": -112.779167, "eventDate": "2022-09-10T22:05:10Z", "countryCode": "US" }, "geometry": { "type": "Point", "coordinates": [ -112.779167, 33.894212 ] } },
{ "type": "Feature", "properties": { "decimalLatitude": 33.929538, "decimalLongitude": -112.689178, "eventDate": "2022-09-08T15:28:21Z", "countryCode": "US" }, "geometry": { "type": "Point", "coordinates": [ -112.689178, 33.929538 ] } },
{ "type": "Feature", "properties": { "decimalLatitude": 33.842548, "decimalLongitude": -115.818142, "eventDate": "2022-09-11T08:53:24Z", "countryCode": "US" }, "geometry": { "type": "Point", "coordinates": [ -115.818142, 33.842548 ] } },
{ "type": "Feature", "properties": { "decimalLatitude": 34.118846, "decimalLongitude": -116.308745, "eventDate": "2022-09-07T16:10:47Z", "countryCode": "US" }, "geometry": { "type": "Point", "coordinates": [ -116.308745, 34.118846 ] } },
{ "type": "Feature", "properties": { "decimalLatitude": 33.385781, "decimalLongitude": -112.366588, "eventDate": "2022-09-09T08:57:00Z", "countryCode": "US" }, "geometry": { "type": "Point", "coordinates": [ -112.366588, 33.385781 ] } },
{ "type": "Feature", "properties": { "decimalLatitude": 33.881406, "decimalLongitude": -111.962858, "eventDate": "2022-09-08T09:28:00Z", "countryCode": "US" }, "geometry": { "type": "Point", "coordinates": [ -111.962858, 33.881406 ] } },
{ "type": "Feature", "properties": { "decimalLatitude": 33.910747, "decimalLongitude": -112.682819, "eventDate": "2022-09-09T22:06:54Z", "countryCode": "US" }, "geometry": { "type": "Point", "coordinates": [ -112.682819, 33.910747 ] } },
{ "type": "Feature", "properties": { "decimalLatitude": 33.880519, "decimalLongitude": -111.965272, "eventDate": "2022-09-12T09:34:00Z", "countryCode": "US" }, "geometry": { "type": "Point", "coordinates": [ -111.965272, 33.880519 ] } },
{ "type": "Feature", "properties": { "decimalLatitude": 33.900072, "decimalLongitude": -115.860134, "eventDate": "2022-09-11T13:51:09Z", "countryCode": "US" }, "geometry": { "type": "Point", "coordinates": [ -115.860134, 33.900072 ] } },
{ "type": "Feature", "properties": { "decimalLatitude": 34.044002, "decimalLongitude": -116.564353, "eventDate": "2022-09-12T11:57:00Z", "countryCode": "US" }, "geometry": { "type": "Point", "coordinates": [ -116.564353, 34.044002 ] } },
{ "type": "Feature", "properties": { "decimalLatitude": 33.706303, "decimalLongitude": -112.031425, "eventDate": "2022-09-11T08:25:00Z", "countryCode": "US" }, "geometry": { "type": "Point", "coordinates": [ -112.031425, 33.706303 ] } },
{ "type": "Feature", "properties": { "decimalLatitude": 34.18034, "decimalLongitude": -116.374648, "eventDate": "2022-09-06T13:15:00Z", "countryCode": "US" }, "geometry": { "type": "Point", "coordinates": [ -116.374648, 34.18034 ] } },
{ "type": "Feature", "properties": { "decimalLatitude": 33.881711, "decimalLongitude": -111.962719, "eventDate": "2022-09-08T09:20:00Z", "countryCode": "US" }, "geometry": { "type": "Point", "coordinates": [ -111.962719, 33.881711 ] } },
{ "type": "Feature", "properties": { "decimalLatitude": 35.39221, "decimalLongitude": -114.015735, "eventDate": "2022-09-03T07:44:00Z", "countryCode": "US" }, "geometry": { "type": "Point", "coordinates": [ -114.015735, 35.39221 ] } },
{ "type": "Feature", "properties": { "decimalLatitude": 34.765492, "decimalLongitude": -112.425803, "eventDate": "2022-09-11T15:22:32Z", "countryCode": "US" }, "geometry": { "type": "Point", "coordinates": [ -112.425803, 34.765492 ] } },
{ "type": "Feature", "properties": { "decimalLatitude": 33.880058, "decimalLongitude": -111.965336, "eventDate": "2022-09-12T09:40:00Z", "countryCode": "US" }, "geometry": { "type": "Point", "coordinates": [ -111.965336, 33.880058 ] } },
{ "type": "Feature", "properties": { "decimalLatitude": 33.864567, "decimalLongitude": -113.263108, "eventDate": "2022-09-13T13:14:53Z", "countryCode": "US" }, "geometry": { "type": "Point", "coordinates": [ -113.263108, 33.864567 ] } },
{ "type": "Feature", "properties": { "decimalLatitude": 33.933007, "decimalLongitude": -112.69687, "eventDate": "2022-09-17T10:03:00Z", "countryCode": "US" }, "geometry": { "type": "Point", "coordinates": [ -112.69687, 33.933007 ] } },
{ "type": "Feature", "properties": { "decimalLatitude": 33.860618, "decimalLongitude": -112.25288, "eventDate": "2022-09-15T10:50:30Z", "countryCode": "US" }, "geometry": { "type": "Point", "coordinates": [ -112.25288, 33.860618 ] } },
{ "type": "Feature", "properties": { "decimalLatitude": 33.864655, "decimalLongitude": -113.258903, "eventDate": "2022-09-12T15:27:25Z", "countryCode": "US" }, "geometry": { "type": "Point", "coordinates": [ -113.258903, 33.864655 ] } },
{ "type": "Feature", "properties": { "decimalLatitude": 33.85093, "decimalLongitude": -111.81409, "eventDate": "2022-09-14T10:28:00Z", "countryCode": "US" }, "geometry": { "type": "Point", "coordinates": [ -111.81409, 33.85093 ] } },
{ "type": "Feature", "properties": { "decimalLatitude": 34.224098, "decimalLongitude": -112.0952, "eventDate": "2022-09-12T11:48:00Z", "countryCode": "US" }, "geometry": { "type": "Point", "coordinates": [ -112.0952, 34.224098 ] } },
{ "type": "Feature", "properties": { "decimalLatitude": 33.879986, "decimalLongitude": -111.965403, "eventDate": "2022-09-14T09:25:00Z", "countryCode": "US" }, "geometry": { "type": "Point", "coordinates": [ -111.965403, 33.879986 ] } },
{ "type": "Feature", "properties": { "decimalLatitude": 33.898885, "decimalLongitude": -112.032292, "eventDate": "2022-09-09T00:00:00Z", "countryCode": "US" }, "geometry": { "type": "Point", "coordinates": [ -112.032292, 33.898885 ] } },
{ "type": "Feature", "properties": { "decimalLatitude": 35.761933, "decimalLongitude": -115.159005, "eventDate": "2022-09-14T14:26:25Z", "countryCode": "US" }, "geometry": { "type": "Point", "coordinates": [ -115.159005, 35.761933 ] } },
{ "type": "Feature", "properties": { "decimalLatitude": 33.938991, "decimalLongitude": -115.752324, "eventDate": "2022-09-12T11:37:28Z", "countryCode": "US" }, "geometry": { "type": "Point", "coordinates": [ -115.752324, 33.938991 ] } },
{ "type": "Feature", "properties": { "decimalLatitude": 33.929918, "decimalLongitude": -112.689598, "eventDate": "2022-09-17T11:16:00Z", "countryCode": "US" }, "geometry": { "type": "Point", "coordinates": [ -112.689598, 33.929918 ] } },
{ "type": "Feature", "properties": { "decimalLatitude": 34.072803, "decimalLongitude": -116.392589, "eventDate": "2022-09-16T09:00:00Z", "countryCode": "US" }, "geometry": { "type": "Point", "coordinates": [ -116.392589, 34.072803 ] } },
{ "type": "Feature", "properties": { "decimalLatitude": 34.094531, "decimalLongitude": -116.228079, "eventDate": "2022-09-13T09:55:06Z", "countryCode": "US" }, "geometry": { "type": "Point", "coordinates": [ -116.228079, 34.094531 ] } },
{ "type": "Feature", "properties": { "decimalLatitude": 34.459176, "decimalLongitude": -112.524057, "eventDate": "2022-09-15T10:00:00Z", "countryCode": "US" }, "geometry": { "type": "Point", "coordinates": [ -112.524057, 34.459176 ] } },
{ "type": "Feature", "properties": { "decimalLatitude": 34.459214, "decimalLongitude": -112.442086, "eventDate": "2022-09-11T12:14:00Z", "countryCode": "US" }, "geometry": { "type": "Point", "coordinates": [ -112.442086, 34.459214 ] } },
{ "type": "Feature", "properties": { "decimalLatitude": 35.018865, "decimalLongitude": -114.896258, "eventDate": "2022-09-18T12:37:35Z", "countryCode": "US" }, "geometry": { "type": "Point", "coordinates": [ -114.896258, 35.018865 ] } },
{ "type": "Feature", "properties": { "decimalLatitude": 34.071475, "decimalLongitude": -116.391761, "eventDate": "2022-09-16T09:17:00Z", "countryCode": "US" }, "geometry": { "type": "Point", "coordinates": [ -116.391761, 34.071475 ] } },
{ "type": "Feature", "properties": { "decimalLatitude": 36.150111, "decimalLongitude": -115.038842, "eventDate": "2022-09-16T17:00:23Z", "countryCode": "US" }, "geometry": { "type": "Point", "coordinates": [ -115.038842, 36.150111 ] } },
{ "type": "Feature", "properties": { "decimalLatitude": 32.244113, "decimalLongitude": -111.165153, "eventDate": "2022-09-16T14:47:23Z", "countryCode": "US" }, "geometry": { "type": "Point", "coordinates": [ -111.165153, 32.244113 ] } },
{ "type": "Feature", "properties": { "decimalLatitude": 36.174208, "decimalLongitude": -115.1483, "eventDate": "2022-09-15T13:51:57Z", "countryCode": "US" }, "geometry": { "type": "Point", "coordinates": [ -115.1483, 36.174208 ] } },
{ "type": "Feature", "properties": { "decimalLatitude": 34.054024, "decimalLongitude": -116.396882, "eventDate": "2022-09-16T11:39:00Z", "countryCode": "US" }, "geometry": { "type": "Point", "coordinates": [ -116.396882, 34.054024 ] } },
{ "type": "Feature", "properties": { "decimalLatitude": 34.502048, "decimalLongitude": -111.635704, "eventDate": "2022-09-15T08:54:00Z", "countryCode": "US" }, "geometry": { "type": "Point", "coordinates": [ -111.635704, 34.502048 ] } },
{ "type": "Feature", "properties": { "decimalLatitude": 34.656953, "decimalLongitude": -112.520569, "eventDate": "2022-09-10T10:19:00Z", "countryCode": "US" }, "geometry": { "type": "Point", "coordinates": [ -112.520569, 34.656953 ] } },
{ "type": "Feature", "properties": { "decimalLatitude": 34.649053, "decimalLongitude": -112.332558, "eventDate": "2022-09-15T09:36:50Z", "countryCode": "US" }, "geometry": { "type": "Point", "coordinates": [ -112.332558, 34.649053 ] } },
{ "type": "Feature", "properties": { "decimalLatitude": 35.763295, "decimalLongitude": -115.163375, "eventDate": "2022-09-15T08:58:25Z", "countryCode": "US" }, "geometry": { "type": "Point", "coordinates": [ -115.163375, 35.763295 ] } },
{ "type": "Feature", "properties": { "decimalLatitude": 33.934675, "decimalLongitude": -112.69708, "eventDate": "2022-09-17T09:47:00Z", "countryCode": "US" }, "geometry": { "type": "Point", "coordinates": [ -112.69708, 33.934675 ] } },
{ "type": "Feature", "properties": { "decimalLatitude": 34.747764, "decimalLongitude": -112.667214, "eventDate": "2022-09-10T12:07:00Z", "countryCode": "US" }, "geometry": { "type": "Point", "coordinates": [ -112.667214, 34.747764 ] } },
{ "type": "Feature", "properties": { "decimalLatitude": 33.929898, "decimalLongitude": -112.689547, "eventDate": "2022-09-17T11:16:00Z", "countryCode": "US" }, "geometry": { "type": "Point", "coordinates": [ -112.689547, 33.929898 ] } },
{ "type": "Feature", "properties": { "decimalLatitude": 33.932728, "decimalLongitude": -112.69478, "eventDate": "2022-09-17T12:30:00Z", "countryCode": "US" }, "geometry": { "type": "Point", "coordinates": [ -112.69478, 33.932728 ] } },
{ "type": "Feature", "properties": { "decimalLatitude": 34.0654, "decimalLongitude": -116.389045, "eventDate": "2022-09-16T09:59:07Z", "countryCode": "US" }, "geometry": { "type": "Point", "coordinates": [ -116.389045, 34.0654 ] } },
{ "type": "Feature", "properties": { "decimalLatitude": 36.171657, "decimalLongitude": -115.342832, "eventDate": "2022-09-19T15:40:42Z", "countryCode": "US" }, "geometry": { "type": "Point", "coordinates": [ -115.342832, 36.171657 ] } },
{ "type": "Feature", "properties": { "decimalLatitude": 36.069639, "decimalLongitude": -115.46049, "eventDate": "2022-09-17T09:31:00Z", "countryCode": "US" }, "geometry": { "type": "Point", "coordinates": [ -115.46049, 36.069639 ] } },
{ "type": "Feature", "properties": { "decimalLatitude": 36.423843, "decimalLongitude": -112.627725, "eventDate": "2022-09-19T17:13:45Z", "countryCode": "US" }, "geometry": { "type": "Point", "coordinates": [ -112.627725, 36.423843 ] } },
{ "type": "Feature", "properties": { "decimalLatitude": 33.760329, "decimalLongitude": -111.841558, "eventDate": "2022-09-11T00:00:00Z", "countryCode": "US" }, "geometry": { "type": "Point", "coordinates": [ -111.841558, 33.760329 ] } },
{ "type": "Feature", "properties": { "decimalLatitude": 33.988318, "decimalLongitude": -116.655754, "eventDate": "2022-09-25T21:56:00Z", "countryCode": "US" }, "geometry": { "type": "Point", "coordinates": [ -116.655754, 33.988318 ] } },
{ "type": "Feature", "properties": { "decimalLatitude": 34.023661, "decimalLongitude": -116.077539, "eventDate": "2022-09-21T12:04:00Z", "countryCode": "US" }, "geometry": { "type": "Point", "coordinates": [ -116.077539, 34.023661 ] } },
{ "type": "Feature", "properties": { "decimalLatitude": 36.069773, "decimalLongitude": -115.460406, "eventDate": "2022-09-17T10:02:00Z", "countryCode": "US" }, "geometry": { "type": "Point", "coordinates": [ -115.460406, 36.069773 ] } },
{ "type": "Feature", "properties": { "decimalLatitude": 34.063306, "decimalLongitude": -116.209738, "eventDate": "2022-09-23T11:05:31Z", "countryCode": "US" }, "geometry": { "type": "Point", "coordinates": [ -116.209738, 34.063306 ] } },
{ "type": "Feature", "properties": { "decimalLatitude": 33.550553, "decimalLongitude": -111.57325, "eventDate": "2022-09-20T09:58:49Z", "countryCode": "US" }, "geometry": { "type": "Point", "coordinates": [ -111.57325, 33.550553 ] } },
{ "type": "Feature", "properties": { "decimalLatitude": 34.764164, "decimalLongitude": -112.029271, "eventDate": "2022-09-25T15:04:35Z", "countryCode": "US" }, "geometry": { "type": "Point", "coordinates": [ -112.029271, 34.764164 ] } },
{ "type": "Feature", "properties": { "decimalLatitude": 34.793512, "decimalLongitude": -112.521611, "eventDate": "2022-09-24T16:13:31Z", "countryCode": "US" }, "geometry": { "type": "Point", "coordinates": [ -112.521611, 34.793512 ] } },
{ "type": "Feature", "properties": { "decimalLatitude": 33.598054, "decimalLongitude": -116.43909, "eventDate": "2022-09-24T15:06:45Z", "countryCode": "US" }, "geometry": { "type": "Point", "coordinates": [ -116.43909, 33.598054 ] } },
{ "type": "Feature", "properties": { "decimalLatitude": 34.064364, "decimalLongitude": -116.219653, "eventDate": "2022-09-23T10:17:00Z", "countryCode": "US" }, "geometry": { "type": "Point", "coordinates": [ -116.219653, 34.064364 ] } },
{ "type": "Feature", "properties": { "decimalLatitude": 33.706592, "decimalLongitude": -112.031544, "eventDate": "2022-09-26T09:04:00Z", "countryCode": "US" }, "geometry": { "type": "Point", "coordinates": [ -112.031544, 33.706592 ] } },
{ "type": "Feature", "properties": { "decimalLatitude": 33.706453, "decimalLongitude": -112.031472, "eventDate": "2022-09-26T08:56:00Z", "countryCode": "US" }, "geometry": { "type": "Point", "coordinates": [ -112.031472, 33.706453 ] } },
{ "type": "Feature", "properties": { "decimalLatitude": 33.706381, "decimalLongitude": -112.031478, "eventDate": "2022-09-26T08:58:00Z", "countryCode": "US" }, "geometry": { "type": "Point", "coordinates": [ -112.031478, 33.706381 ] } },
{ "type": "Feature", "properties": { "decimalLatitude": 33.278736, "decimalLongitude": -111.159325, "eventDate": "2022-09-14T00:00:00Z", "countryCode": "US" }, "geometry": { "type": "Point", "coordinates": [ -111.159325, 33.278736 ] } },
{ "type": "Feature", "properties": { "decimalLatitude": 33.884073, "decimalLongitude": -111.954972, "eventDate": "2022-09-17T00:00:00Z", "countryCode": "US" }, "geometry": { "type": "Point", "coordinates": [ -111.954972, 33.884073 ] } },
{ "type": "Feature", "properties": { "decimalLatitude": 33.884073, "decimalLongitude": -111.954972, "eventDate": "2022-09-17T00:00:00Z", "countryCode": "US" }, "geometry": { "type": "Point", "coordinates": [ -111.954972, 33.884073 ] } },
{ "type": "Feature", "properties": { "decimalLatitude": 33.933643, "decimalLongitude": -112.696835, "eventDate": "2022-09-17T00:00:00Z", "countryCode": "US" }, "geometry": { "type": "Point", "coordinates": [ -112.696835, 33.933643 ] } },
{ "type": "Feature", "properties": { "decimalLatitude": 33.884073, "decimalLongitude": -111.954972, "eventDate": "2022-09-17T00:00:00Z", "countryCode": "US" }, "geometry": { "type": "Point", "coordinates": [ -111.954972, 33.884073 ] } },
{ "type": "Feature", "properties": { "decimalLatitude": 33.381853, "decimalLongitude": -112.380358, "eventDate": "2022-09-17T00:00:00Z", "countryCode": "US" }, "geometry": { "type": "Point", "coordinates": [ -112.380358, 33.381853 ] } },
{ "type": "Feature", "properties": { "decimalLatitude": 33.479814, "decimalLongitude": -111.616144, "eventDate": "2022-09-17T00:00:00Z", "countryCode": "US" }, "geometry": { "type": "Point", "coordinates": [ -111.616144, 33.479814 ] } },
{ "type": "Feature", "properties": { "decimalLatitude": 34.890965, "decimalLongitude": -111.818726, "eventDate": "2022-09-27T09:00:00Z", "countryCode": "US" }, "geometry": { "type": "Point", "coordinates": [ -111.818726, 34.890965 ] } },
{ "type": "Feature", "properties": { "decimalLatitude": 34.066331, "decimalLongitude": -116.210158, "eventDate": "2022-09-23T11:30:29Z", "countryCode": "US" }, "geometry": { "type": "Point", "coordinates": [ -116.210158, 34.066331 ] } },
{ "type": "Feature", "properties": { "decimalLatitude": 34.460459, "decimalLongitude": -114.37587, "eventDate": "2022-09-24T07:43:00Z", "countryCode": "US" }, "geometry": { "type": "Point", "coordinates": [ -114.37587, 34.460459 ] } },
{ "type": "Feature", "properties": { "decimalLatitude": 33.945414, "decimalLongitude": -116.144214, "eventDate": "2022-09-30T09:46:00Z", "countryCode": "US" }, "geometry": { "type": "Point", "coordinates": [ -116.144214, 33.945414 ] } },
{ "type": "Feature", "properties": { "decimalLatitude": 34.11248, "decimalLongitude": -116.107876, "eventDate": "2022-09-28T11:46:00Z", "countryCode": "US" }, "geometry": { "type": "Point", "coordinates": [ -116.107876, 34.11248 ] } },
{ "type": "Feature", "properties": { "decimalLatitude": 34.071172, "decimalLongitude": -112.151246, "eventDate": "2022-09-29T09:37:00Z", "countryCode": "US" }, "geometry": { "type": "Point", "coordinates": [ -112.151246, 34.071172 ] } },
{ "type": "Feature", "properties": { "decimalLatitude": 33.605805, "decimalLongitude": -116.438992, "eventDate": "2022-09-28T07:41:10Z", "countryCode": "US" }, "geometry": { "type": "Point", "coordinates": [ -116.438992, 33.605805 ] } },
{ "type": "Feature", "properties": { "decimalLatitude": 36.439617, "decimalLongitude": -115.360387, "eventDate": "2022-09-30T09:31:00Z", "countryCode": "US" }, "geometry": { "type": "Point", "coordinates": [ -115.360387, 36.439617 ] } },
{ "type": "Feature", "properties": { "decimalLatitude": 34.109336, "decimalLongitude": -116.107183, "eventDate": "2022-09-28T09:48:00Z", "countryCode": "US" }, "geometry": { "type": "Point", "coordinates": [ -116.107183, 34.109336 ] } },
{ "type": "Feature", "properties": { "decimalLatitude": 36.41316, "decimalLongitude": -116.295144, "eventDate": "2022-09-29T10:04:43Z", "countryCode": "US" }, "geometry": { "type": "Point", "coordinates": [ -116.295144, 36.41316 ] } },
{ "type": "Feature", "properties": { "decimalLatitude": 36.72478, "decimalLongitude": -114.71554, "eventDate": "2022-09-19T10:30:46Z", "countryCode": "US" }, "geometry": { "type": "Point", "coordinates": [ -114.71554, 36.72478 ] } },
{ "type": "Feature", "properties": { "decimalLatitude": 33.700008, "decimalLongitude": -112.07012, "eventDate": "2022-09-26T16:26:14Z", "countryCode": "US" }, "geometry": { "type": "Point", "coordinates": [ -112.07012, 33.700008 ] } },
{ "type": "Feature", "properties": { "decimalLatitude": 34.675173, "decimalLongitude": -112.053066, "eventDate": "2022-09-26T14:20:51Z", "countryCode": "US" }, "geometry": { "type": "Point", "coordinates": [ -112.053066, 34.675173 ] } },
{ "type": "Feature", "properties": { "decimalLatitude": 33.660572, "decimalLongitude": -116.505547, "eventDate": "2022-09-29T11:38:46Z", "countryCode": "US" }, "geometry": { "type": "Point", "coordinates": [ -116.505547, 33.660572 ] } },
{ "type": "Feature", "properties": { "decimalLatitude": 33.927696, "decimalLongitude": -116.14991, "eventDate": "2022-09-30T12:56:00Z", "countryCode": "US" }, "geometry": { "type": "Point", "coordinates": [ -116.14991, 33.927696 ] } },
{ "type": "Feature", "properties": { "decimalLatitude": 35.130109, "decimalLongitude": -114.119759, "eventDate": "2022-09-28T11:24:00Z", "countryCode": "US" }, "geometry": { "type": "Point", "coordinates": [ -114.119759, 35.130109 ] } },
{ "type": "Feature", "properties": { "decimalLatitude": 34.544463, "decimalLongitude": -114.220532, "eventDate": "2022-09-28T09:01:00Z", "countryCode": "US" }, "geometry": { "type": "Point", "coordinates": [ -114.220532, 34.544463 ] } },
{ "type": "Feature", "properties": { "decimalLatitude": 33.938892, "decimalLongitude": -116.157111, "eventDate": "2022-09-30T14:00:00Z", "countryCode": "US" }, "geometry": { "type": "Point", "coordinates": [ -116.157111, 33.938892 ] } },
{ "type": "Feature", "properties": { "decimalLatitude": 33.867595, "decimalLongitude": -112.316914, "eventDate": "2022-09-30T13:31:30Z", "countryCode": "US" }, "geometry": { "type": "Point", "coordinates": [ -112.316914, 33.867595 ] } },
{ "type": "Feature", "properties": { "decimalLatitude": 35.040567, "decimalLongitude": -114.373106, "eventDate": "2022-09-18T15:23:00Z", "countryCode": "US" }, "geometry": { "type": "Point", "coordinates": [ -114.373106, 35.040567 ] } },
{ "type": "Feature", "properties": { "decimalLatitude": 36.440743, "decimalLongitude": -115.362729, "eventDate": "2022-09-30T09:16:09Z", "countryCode": "US" }, "geometry": { "type": "Point", "coordinates": [ -115.362729, 36.440743 ] } },
{ "type": "Feature", "properties": { "decimalLatitude": 34.385018, "decimalLongitude": -112.137924, "eventDate": "2022-09-26T17:39:00Z", "countryCode": "US" }, "geometry": { "type": "Point", "coordinates": [ -112.137924, 34.385018 ] } },
{ "type": "Feature", "properties": { "decimalLatitude": 35.130341, "decimalLongitude": -115.435366, "eventDate": "2022-09-24T14:04:00Z", "countryCode": "US" }, "geometry": { "type": "Point", "coordinates": [ -115.435366, 35.130341 ] } },
{ "type": "Feature", "properties": { "decimalLatitude": 35.036745, "decimalLongitude": -114.435265, "eventDate": "2022-09-29T12:03:31Z", "countryCode": "US" }, "geometry": { "type": "Point", "coordinates": [ -114.435265, 35.036745 ] } },
{ "type": "Feature", "properties": { "decimalLatitude": 35.09822, "decimalLongitude": -113.882303, "eventDate": "2022-09-14T19:54:00Z", "countryCode": "US" }, "geometry": { "type": "Point", "coordinates": [ -113.882303, 35.09822 ] } },
{ "type": "Feature", "properties": { "decimalLatitude": 33.960566, "decimalLongitude": -111.845695, "eventDate": "2022-09-23T11:33:00Z", "countryCode": "US" }, "geometry": { "type": "Point", "coordinates": [ -111.845695, 33.960566 ] } },
{ "type": "Feature", "properties": { "decimalLatitude": 34.667691, "decimalLongitude": -111.717906, "eventDate": "2022-09-25T14:04:51Z", "countryCode": "US" }, "geometry": { "type": "Point", "coordinates": [ -111.717906, 34.667691 ] } },
{ "type": "Feature", "properties": { "decimalLatitude": 34.915562, "decimalLongitude": -115.551247, "eventDate": "2022-09-27T13:49:36Z", "countryCode": "US" }, "geometry": { "type": "Point", "coordinates": [ -115.551247, 34.915562 ] } },
{ "type": "Feature", "properties": { "decimalLatitude": 35.098796, "decimalLongitude": -113.883479, "eventDate": "2022-09-14T19:47:00Z", "countryCode": "US" }, "geometry": { "type": "Point", "coordinates": [ -113.883479, 35.098796 ] } },
{ "type": "Feature", "properties": { "decimalLatitude": 32.339298, "decimalLongitude": -110.981861, "eventDate": "2022-09-30T12:09:00Z", "countryCode": "US" }, "geometry": { "type": "Point", "coordinates": [ -110.981861, 32.339298 ] } },
{ "type": "Feature", "properties": { "decimalLatitude": 34.595469, "decimalLongitude": -112.434678, "eventDate": "2022-09-23T14:58:00Z", "countryCode": "US" }, "geometry": { "type": "Point", "coordinates": [ -112.434678, 34.595469 ] } },
{ "type": "Feature", "properties": { "decimalLatitude": 36.593921, "decimalLongitude": -114.476611, "eventDate": "2022-09-30T20:27:00Z", "countryCode": "US" }, "geometry": { "type": "Point", "coordinates": [ -114.476611, 36.593921 ] } },
{ "type": "Feature", "properties": { "decimalLatitude": 32.5411, "decimalLongitude": -110.733214, "eventDate": "2022-09-19T08:22:00Z", "countryCode": "US" }, "geometry": { "type": "Point", "coordinates": [ -110.733214, 32.5411 ] } },
{ "type": "Feature", "properties": { "decimalLatitude": 32.5411, "decimalLongitude": -110.733214, "eventDate": "2022-09-19T08:19:00Z", "countryCode": "US" }, "geometry": { "type": "Point", "coordinates": [ -110.733214, 32.5411 ] } },
{ "type": "Feature", "properties": { "decimalLatitude": 33.378075, "decimalLongitude": -112.381417, "eventDate": "2022-09-17T09:15:26Z", "countryCode": "US" }, "geometry": { "type": "Point", "coordinates": [ -112.381417, 33.378075 ] } },
{ "type": "Feature", "properties": { "decimalLatitude": 33.884073, "decimalLongitude": -111.954972, "eventDate": "2022-09-17T00:00:00Z", "countryCode": "US" }, "geometry": { "type": "Point", "coordinates": [ -111.954972, 33.884073 ] } },
{ "type": "Feature", "properties": { "decimalLatitude": 33.884073, "decimalLongitude": -111.954972, "eventDate": "2022-09-17T00:00:00Z", "countryCode": "US" }, "geometry": { "type": "Point", "coordinates": [ -111.954972, 33.884073 ] } },
{ "type": "Feature", "properties": { "decimalLatitude": 33.01387, "decimalLongitude": -116.446545, "eventDate": "2022-09-25T09:53:00Z", "countryCode": "US" }, "geometry": { "type": "Point", "coordinates": [ -116.446545, 33.01387 ] } },
{ "type": "Feature", "properties": { "decimalLatitude": 33.101473, "decimalLongitude": -116.474051, "eventDate": "2022-09-25T08:28:00Z", "countryCode": "US" }, "geometry": { "type": "Point", "coordinates": [ -116.474051, 33.101473 ] } },
{ "type": "Feature", "properties": { "decimalLatitude": 36.374673, "decimalLongitude": -116.274581, "eventDate": "2022-09-07T08:55:00Z", "countryCode": "US" }, "geometry": { "type": "Point", "coordinates": [ -116.274581, 36.374673 ] } },
{ "type": "Feature", "properties": { "decimalLatitude": 35.233017, "decimalLongitude": -115.341964, "eventDate": "2022-09-23T11:26:00Z", "countryCode": "US" }, "geometry": { "type": "Point", "coordinates": [ -115.341964, 35.233017 ] } },
{ "type": "Feature", "properties": { "decimalLatitude": 35.234653, "decimalLongitude": -115.503144, "eventDate": "2022-09-24T17:43:00Z", "countryCode": "US" }, "geometry": { "type": "Point", "coordinates": [ -115.503144, 35.234653 ] } },
{ "type": "Feature", "properties": { "decimalLatitude": 34.103087, "decimalLongitude": -116.285738, "eventDate": "2022-09-11T11:04:29Z", "countryCode": "US" }, "geometry": { "type": "Point", "coordinates": [ -116.285738, 34.103087 ] } },
{ "type": "Feature", "properties": { "decimalLatitude": 33.975571, "decimalLongitude": -112.132077, "eventDate": "2022-09-16T07:57:00Z", "countryCode": "US" }, "geometry": { "type": "Point", "coordinates": [ -112.132077, 33.975571 ] } },
{ "type": "Feature", "properties": { "decimalLatitude": 33.974318, "decimalLongitude": -112.130008, "eventDate": "2022-09-09T09:04:00Z", "countryCode": "US" }, "geometry": { "type": "Point", "coordinates": [ -112.130008, 33.974318 ] } },
{ "type": "Feature", "properties": { "decimalLatitude": 35.857783, "decimalLongitude": -114.350083, "eventDate": "2022-09-08T07:06:29Z", "countryCode": "US" }, "geometry": { "type": "Point", "coordinates": [ -114.350083, 35.857783 ] } },
{ "type": "Feature", "properties": { "decimalLatitude": 32.424469, "decimalLongitude": -110.99569, "eventDate": "2022-09-17T11:45:49Z", "countryCode": "US" }, "geometry": { "type": "Point", "coordinates": [ -110.99569, 32.424469 ] } },
{ "type": "Feature", "properties": { "decimalLatitude": 36.104882, "decimalLongitude": -114.930731, "eventDate": "2022-09-15T19:45:59Z", "countryCode": "US" }, "geometry": { "type": "Point", "coordinates": [ -114.930731, 36.104882 ] } },
{ "type": "Feature", "properties": { "decimalLatitude": 33.597962, "decimalLongitude": -116.438955, "eventDate": "2022-09-24T15:08:13Z", "countryCode": "US" }, "geometry": { "type": "Point", "coordinates": [ -116.438955, 33.597962 ] } },
{ "type": "Feature", "properties": { "decimalLatitude": 33.447558, "decimalLongitude": -112.525047, "eventDate": "2022-09-26T17:44:53Z", "countryCode": "US" }, "geometry": { "type": "Point", "coordinates": [ -112.525047, 33.447558 ] } },
{ "type": "Feature", "properties": { "decimalLatitude": 34.042951, "decimalLongitude": -117.049154, "eventDate": "2022-09-05T18:22:01Z", "countryCode": "US" }, "geometry": { "type": "Point", "coordinates": [ -117.049154, 34.042951 ] } },
{ "type": "Feature", "properties": { "decimalLatitude": 34.048128, "decimalLongitude": -117.032834, "eventDate": "2022-09-05T16:42:46Z", "countryCode": "US" }, "geometry": { "type": "Point", "coordinates": [ -117.032834, 34.048128 ] } },
{ "type": "Feature", "properties": { "decimalLatitude": 33.65971, "decimalLongitude": -112.076559, "eventDate": "2022-09-25T14:22:32Z", "countryCode": "US" }, "geometry": { "type": "Point", "coordinates": [ -112.076559, 33.65971 ] } },
{ "type": "Feature", "properties": { "decimalLatitude": 33.605133, "decimalLongitude": -116.439137, "eventDate": "2022-09-29T14:07:26Z", "countryCode": "US" }, "geometry": { "type": "Point", "coordinates": [ -116.439137, 33.605133 ] } },
{ "type": "Feature", "properties": { "decimalLatitude": 34.07355, "decimalLongitude": -116.390921, "eventDate": "2022-09-11T12:49:00Z", "countryCode": "US" }, "geometry": { "type": "Point", "coordinates": [ -116.390921, 34.07355 ] } },
{ "type": "Feature", "properties": { "decimalLatitude": 34.09679, "decimalLongitude": -116.169373, "eventDate": "2022-09-11T17:28:00Z", "countryCode": "US" }, "geometry": { "type": "Point", "coordinates": [ -116.169373, 34.09679 ] } },
{ "type": "Feature", "properties": { "decimalLatitude": 34.095036, "decimalLongitude": -116.168656, "eventDate": "2022-09-11T16:59:00Z", "countryCode": "US" }, "geometry": { "type": "Point", "coordinates": [ -116.168656, 34.095036 ] } },
{ "type": "Feature", "properties": { "decimalLatitude": 34.072788, "decimalLongitude": -116.387925, "eventDate": "2022-09-13T09:29:00Z", "countryCode": "US" }, "geometry": { "type": "Point", "coordinates": [ -116.387925, 34.072788 ] } },
{ "type": "Feature", "properties": { "decimalLatitude": 34.069177, "decimalLongitude": -116.392045, "eventDate": "2022-09-11T13:34:00Z", "countryCode": "US" }, "geometry": { "type": "Point", "coordinates": [ -116.392045, 34.069177 ] } },
{ "type": "Feature", "properties": { "decimalLatitude": 34.012734, "decimalLongitude": -116.165883, "eventDate": "2022-09-12T13:51:00Z", "countryCode": "US" }, "geometry": { "type": "Point", "coordinates": [ -116.165883, 34.012734 ] } },
{ "type": "Feature", "properties": { "decimalLatitude": 34.069231, "decimalLongitude": -116.392226, "eventDate": "2022-09-11T13:13:00Z", "countryCode": "US" }, "geometry": { "type": "Point", "coordinates": [ -116.392226, 34.069231 ] } },
{ "type": "Feature", "properties": { "decimalLatitude": 34.073395, "decimalLongitude": -116.390546, "eventDate": "2022-09-11T12:47:00Z", "countryCode": "US" }, "geometry": { "type": "Point", "coordinates": [ -116.390546, 34.073395 ] } },
{ "type": "Feature", "properties": { "decimalLatitude": 34.78138, "decimalLongitude": -115.65361, "eventDate": "2022-09-23T00:00:00Z", "countryCode": "US" }, "geometry": { "type": "Point", "coordinates": [ -115.65361, 34.78138 ] } },
{ "type": "Feature", "properties": { "decimalLatitude": 34.78138, "decimalLongitude": -115.65361, "eventDate": "2022-09-16T00:00:00Z", "countryCode": "US" }, "geometry": { "type": "Point", "coordinates": [ -115.65361, 34.78138 ] } },
{ "type": "Feature", "properties": { "decimalLatitude": 34.78277, "decimalLongitude": -115.65083, "eventDate": "2022-09-23T00:00:00Z", "countryCode": "US" }, "geometry": { "type": "Point", "coordinates": [ -115.65083, 34.78277 ] } },
{ "type": "Feature", "properties": { "decimalLatitude": 34.78138, "decimalLongitude": -115.65361, "eventDate": "2022-09-16T00:00:00Z", "countryCode": "US" }, "geometry": { "type": "Point", "coordinates": [ -115.65361, 34.78138 ] } },
{ "type": "Feature", "properties": { "decimalLatitude": 34.78277, "decimalLongitude": -115.65083, "eventDate": "2022-09-23T00:00:00Z", "countryCode": "US" }, "geometry": { "type": "Point", "coordinates": [ -115.65083, 34.78277 ] } },
{ "type": "Feature", "properties": { "decimalLatitude": 34.78138, "decimalLongitude": -115.65361, "eventDate": "2022-09-23T00:00:00Z", "countryCode": "US" }, "geometry": { "type": "Point", "coordinates": [ -115.65361, 34.78138 ] } },
{ "type": "Feature", "properties": { "decimalLatitude": 34.79562, "decimalLongitude": -112.058901, "eventDate": "2022-10-02T11:10:51Z", "countryCode": "US" }, "geometry": { "type": "Point", "coordinates": [ -112.058901, 34.79562 ] } },
{ "type": "Feature", "properties": { "decimalLatitude": 36.016025, "decimalLongitude": -114.741967, "eventDate": "2022-10-01T13:35:41Z", "countryCode": "US" }, "geometry": { "type": "Point", "coordinates": [ -114.741967, 36.016025 ] } },
{ "type": "Feature", "properties": { "decimalLatitude": 34.094055, "decimalLongitude": -116.131068, "eventDate": "2022-10-01T11:15:53Z", "countryCode": "US" }, "geometry": { "type": "Point", "coordinates": [ -116.131068, 34.094055 ] } },
{ "type": "Feature", "properties": { "decimalLatitude": 34.049293, "decimalLongitude": -116.570725, "eventDate": "2022-10-01T09:02:00Z", "countryCode": "US" }, "geometry": { "type": "Point", "coordinates": [ -116.570725, 34.049293 ] } },
{ "type": "Feature", "properties": { "decimalLatitude": 34.048413, "decimalLongitude": -116.571393, "eventDate": "2022-10-01T09:03:00Z", "countryCode": "US" }, "geometry": { "type": "Point", "coordinates": [ -116.571393, 34.048413 ] } },
{ "type": "Feature", "properties": { "decimalLatitude": 34.603283, "decimalLongitude": -112.307147, "eventDate": "2022-10-01T13:12:04Z", "countryCode": "US" }, "geometry": { "type": "Point", "coordinates": [ -112.307147, 34.603283 ] } },
{ "type": "Feature", "properties": { "decimalLatitude": 33.051031, "decimalLongitude": -116.30372, "eventDate": "2022-10-02T12:29:58Z", "countryCode": "US" }, "geometry": { "type": "Point", "coordinates": [ -116.30372, 33.051031 ] } },
{ "type": "Feature", "properties": { "decimalLatitude": 33.158436, "decimalLongitude": -116.496613, "eventDate": "2022-10-04T12:23:51Z", "countryCode": "US" }, "geometry": { "type": "Point", "coordinates": [ -116.496613, 33.158436 ] } },
{ "type": "Feature", "properties": { "decimalLatitude": 33.987664, "decimalLongitude": -116.657549, "eventDate": "2022-10-05T15:25:00Z", "countryCode": "US" }, "geometry": { "type": "Point", "coordinates": [ -116.657549, 33.987664 ] } },
{ "type": "Feature", "properties": { "decimalLatitude": 32.24398, "decimalLongitude": -111.166205, "eventDate": "2022-10-03T15:23:52Z", "countryCode": "US" }, "geometry": { "type": "Point", "coordinates": [ -111.166205, 32.24398 ] } },
{ "type": "Feature", "properties": { "decimalLatitude": 33.706439, "decimalLongitude": -112.031522, "eventDate": "2022-10-07T11:29:00Z", "countryCode": "US" }, "geometry": { "type": "Point", "coordinates": [ -112.031522, 33.706439 ] } },
{ "type": "Feature", "properties": { "decimalLatitude": 33.706397, "decimalLongitude": -112.031494, "eventDate": "2022-10-10T08:33:00Z", "countryCode": "US" }, "geometry": { "type": "Point", "coordinates": [ -112.031494, 33.706397 ] } },
{ "type": "Feature", "properties": { "decimalLatitude": 35.0437, "decimalLongitude": -115.396417, "eventDate": "2022-10-08T15:47:43Z", "countryCode": "US" }, "geometry": { "type": "Point", "coordinates": [ -115.396417, 35.0437 ] } },
{ "type": "Feature", "properties": { "decimalLatitude": 36.090907, "decimalLongitude": -115.099293, "eventDate": "2022-10-09T23:30:43Z", "countryCode": "US" }, "geometry": { "type": "Point", "coordinates": [ -115.099293, 36.090907 ] } },
{ "type": "Feature", "properties": { "decimalLatitude": 34.030824, "decimalLongitude": -116.146375, "eventDate": "2022-10-07T11:02:00Z", "countryCode": "US" }, "geometry": { "type": "Point", "coordinates": [ -116.146375, 34.030824 ] } },
{ "type": "Feature", "properties": { "decimalLatitude": 36.069757, "decimalLongitude": -115.460431, "eventDate": "2022-10-04T09:07:00Z", "countryCode": "US" }, "geometry": { "type": "Point", "coordinates": [ -115.460431, 36.069757 ] } },
{ "type": "Feature", "properties": { "decimalLatitude": 32.617787, "decimalLongitude": -116.187424, "eventDate": "2022-10-08T10:06:58Z", "countryCode": "US" }, "geometry": { "type": "Point", "coordinates": [ -116.187424, 32.617787 ] } },
{ "type": "Feature", "properties": { "decimalLatitude": 34.059326, "decimalLongitude": -116.22679, "eventDate": "2022-10-09T14:42:00Z", "countryCode": "US" }, "geometry": { "type": "Point", "coordinates": [ -116.22679, 34.059326 ] } },
{ "type": "Feature", "properties": { "decimalLatitude": 32.842987, "decimalLongitude": -116.227403, "eventDate": "2022-10-09T15:26:28Z", "countryCode": "US" }, "geometry": { "type": "Point", "coordinates": [ -116.227403, 32.842987 ] } },
{ "type": "Feature", "properties": { "decimalLatitude": 33.92646, "decimalLongitude": -116.187337, "eventDate": "2022-10-07T12:24:00Z", "countryCode": "US" }, "geometry": { "type": "Point", "coordinates": [ -116.187337, 33.92646 ] } },
{ "type": "Feature", "properties": { "decimalLatitude": 33.985845, "decimalLongitude": -116.654403, "eventDate": "2022-10-11T10:09:25Z", "countryCode": "US" }, "geometry": { "type": "Point", "coordinates": [ -116.654403, 33.985845 ] } },
{ "type": "Feature", "properties": { "decimalLatitude": 33.988166, "decimalLongitude": -116.656982, "eventDate": "2022-10-07T17:15:00Z", "countryCode": "US" }, "geometry": { "type": "Point", "coordinates": [ -116.656982, 33.988166 ] } },
{ "type": "Feature", "properties": { "decimalLatitude": 34.030843, "decimalLongitude": -116.146156, "eventDate": "2022-10-07T10:46:00Z", "countryCode": "US" }, "geometry": { "type": "Point", "coordinates": [ -116.146156, 34.030843 ] } },
{ "type": "Feature", "properties": { "decimalLatitude": 36.099763, "decimalLongitude": -112.112485, "eventDate": "2022-10-05T12:33:00Z", "countryCode": "US" }, "geometry": { "type": "Point", "coordinates": [ -112.112485, 36.099763 ] } },
{ "type": "Feature", "properties": { "decimalLatitude": 34.029481, "decimalLongitude": -116.147439, "eventDate": "2022-10-08T11:12:55Z", "countryCode": "US" }, "geometry": { "type": "Point", "coordinates": [ -116.147439, 34.029481 ] } },
{ "type": "Feature", "properties": { "decimalLatitude": 33.99548, "decimalLongitude": -118.446007, "eventDate": "2022-10-09T13:43:12Z", "countryCode": "US" }, "geometry": { "type": "Point", "coordinates": [ -118.446007, 33.99548 ] } },
{ "type": "Feature", "properties": { "decimalLatitude": 33.604899, "decimalLongitude": -116.438391, "eventDate": "2022-10-13T11:02:05Z", "countryCode": "US" }, "geometry": { "type": "Point", "coordinates": [ -116.438391, 33.604899 ] } },
{ "type": "Feature", "properties": { "decimalLatitude": 33.306464, "decimalLongitude": -111.273342, "eventDate": "2022-10-18T14:15:09Z", "countryCode": "US" }, "geometry": { "type": "Point", "coordinates": [ -111.273342, 33.306464 ] } },
{ "type": "Feature", "properties": { "decimalLatitude": 33.891527, "decimalLongitude": -116.425968, "eventDate": "2022-10-19T10:09:39Z", "countryCode": "US" }, "geometry": { "type": "Point", "coordinates": [ -116.425968, 33.891527 ] } },
{ "type": "Feature", "properties": { "decimalLatitude": 33.605103, "decimalLongitude": -116.439138, "eventDate": "2022-10-16T14:23:16Z", "countryCode": "US" }, "geometry": { "type": "Point", "coordinates": [ -116.439138, 33.605103 ] } },
{ "type": "Feature", "properties": { "decimalLatitude": 32.685622, "decimalLongitude": -116.196213, "eventDate": "2022-10-15T09:40:00Z", "countryCode": "US" }, "geometry": { "type": "Point", "coordinates": [ -116.196213, 32.685622 ] } },
{ "type": "Feature", "properties": { "decimalLatitude": 32.950749, "decimalLongitude": -116.305011, "eventDate": "2022-10-12T14:21:00Z", "countryCode": "US" }, "geometry": { "type": "Point", "coordinates": [ -116.305011, 32.950749 ] } },
{ "type": "Feature", "properties": { "decimalLatitude": 33.951994, "decimalLongitude": -117.264005, "eventDate": "2022-10-19T13:31:00Z", "countryCode": "US" }, "geometry": { "type": "Point", "coordinates": [ -117.264005, 33.951994 ] } },
{ "type": "Feature", "properties": { "decimalLatitude": 33.988845, "decimalLongitude": -116.655626, "eventDate": "2022-10-18T09:18:47Z", "countryCode": "US" }, "geometry": { "type": "Point", "coordinates": [ -116.655626, 33.988845 ] } },
{ "type": "Feature", "properties": { "decimalLatitude": 33.989034, "decimalLongitude": -116.660215, "eventDate": "2022-10-14T23:07:00Z", "countryCode": "US" }, "geometry": { "type": "Point", "coordinates": [ -116.660215, 33.989034 ] } },
{ "type": "Feature", "properties": { "decimalLatitude": 33.761026, "decimalLongitude": -116.440578, "eventDate": "2022-10-18T17:02:10Z", "countryCode": "US" }, "geometry": { "type": "Point", "coordinates": [ -116.440578, 33.761026 ] } },
{ "type": "Feature", "properties": { "decimalLatitude": 33.130258, "decimalLongitude": -117.307055, "eventDate": "2022-10-20T10:12:00Z", "countryCode": "US" }, "geometry": { "type": "Point", "coordinates": [ -117.307055, 33.130258 ] } },
{ "type": "Feature", "properties": { "decimalLatitude": 33.605072, "decimalLongitude": -116.438167, "eventDate": "2022-10-18T12:27:20Z", "countryCode": "US" }, "geometry": { "type": "Point", "coordinates": [ -116.438167, 33.605072 ] } },
{ "type": "Feature", "properties": { "decimalLatitude": 33.991705, "decimalLongitude": -116.663925, "eventDate": "2022-10-14T14:57:16Z", "countryCode": "US" }, "geometry": { "type": "Point", "coordinates": [ -116.663925, 33.991705 ] } },
{ "type": "Feature", "properties": { "decimalLatitude": 33.612305, "decimalLongitude": -116.429605, "eventDate": "2022-10-13T16:55:15Z", "countryCode": "US" }, "geometry": { "type": "Point", "coordinates": [ -116.429605, 33.612305 ] } },
{ "type": "Feature", "properties": { "decimalLatitude": 33.644725, "decimalLongitude": -116.408889, "eventDate": "2022-10-12T09:08:00Z", "countryCode": "US" }, "geometry": { "type": "Point", "coordinates": [ -116.408889, 33.644725 ] } },
{ "type": "Feature", "properties": { "decimalLatitude": 33.881053, "decimalLongitude": -111.961925, "eventDate": "2022-10-17T10:21:00Z", "countryCode": "US" }, "geometry": { "type": "Point", "coordinates": [ -111.961925, 33.881053 ] } },
{ "type": "Feature", "properties": { "decimalLatitude": 33.599245, "decimalLongitude": -116.439103, "eventDate": "2022-10-17T14:20:50Z", "countryCode": "US" }, "geometry": { "type": "Point", "coordinates": [ -116.439103, 33.599245 ] } },
{ "type": "Feature", "properties": { "decimalLatitude": 32.97717, "decimalLongitude": -116.41667, "eventDate": "2022-10-17T13:20:00Z", "countryCode": "US" }, "geometry": { "type": "Point", "coordinates": [ -116.41667, 32.97717 ] } },
{ "type": "Feature", "properties": { "decimalLatitude": 34.129883, "decimalLongitude": -116.049622, "eventDate": "2022-10-15T10:28:00Z", "countryCode": "US" }, "geometry": { "type": "Point", "coordinates": [ -116.049622, 34.129883 ] } },
{ "type": "Feature", "properties": { "decimalLatitude": 32.674145, "decimalLongitude": -116.193283, "eventDate": "2022-10-15T09:22:34Z", "countryCode": "US" }, "geometry": { "type": "Point", "coordinates": [ -116.193283, 32.674145 ] } },
{ "type": "Feature", "properties": { "decimalLatitude": 33.612183, "decimalLongitude": -116.430562, "eventDate": "2022-10-13T16:58:00Z", "countryCode": "US" }, "geometry": { "type": "Point", "coordinates": [ -116.430562, 33.612183 ] } },
{ "type": "Feature", "properties": { "decimalLatitude": 34.19601, "decimalLongitude": -116.282019, "eventDate": "2022-10-15T13:48:10Z", "countryCode": "US" }, "geometry": { "type": "Point", "coordinates": [ -116.282019, 34.19601 ] } },
{ "type": "Feature", "properties": { "decimalLatitude": 33.591613, "decimalLongitude": -116.440795, "eventDate": "2022-10-15T13:42:15Z", "countryCode": "US" }, "geometry": { "type": "Point", "coordinates": [ -116.440795, 33.591613 ] } },
{ "type": "Feature", "properties": { "decimalLatitude": 33.647153, "decimalLongitude": -116.409097, "eventDate": "2022-10-23T11:56:00Z", "countryCode": "US" }, "geometry": { "type": "Point", "coordinates": [ -116.409097, 33.647153 ] } },
{ "type": "Feature", "properties": { "decimalLatitude": 33.658263, "decimalLongitude": -116.405267, "eventDate": "2022-10-22T10:51:07Z", "countryCode": "US" }, "geometry": { "type": "Point", "coordinates": [ -116.405267, 33.658263 ] } },
{ "type": "Feature", "properties": { "decimalLatitude": 33.610812, "decimalLongitude": -116.439625, "eventDate": "2022-10-21T15:15:44Z", "countryCode": "US" }, "geometry": { "type": "Point", "coordinates": [ -116.439625, 33.610812 ] } },
{ "type": "Feature", "properties": { "decimalLatitude": 34.163594, "decimalLongitude": -116.579694, "eventDate": "2022-10-14T13:40:00Z", "countryCode": "US" }, "geometry": { "type": "Point", "coordinates": [ -116.579694, 34.163594 ] } },
{ "type": "Feature", "properties": { "decimalLatitude": 33.932979, "decimalLongitude": -112.694577, "eventDate": "2022-10-12T14:38:54Z", "countryCode": "US" }, "geometry": { "type": "Point", "coordinates": [ -112.694577, 33.932979 ] } },
{ "type": "Feature", "properties": { "decimalLatitude": 33.750337, "decimalLongitude": -116.873047, "eventDate": "2022-10-17T11:17:00Z", "countryCode": "US" }, "geometry": { "type": "Point", "coordinates": [ -116.873047, 33.750337 ] } },
{ "type": "Feature", "properties": { "decimalLatitude": 33.648743, "decimalLongitude": -116.408587, "eventDate": "2022-10-23T12:15:00Z", "countryCode": "US" }, "geometry": { "type": "Point", "coordinates": [ -116.408587, 33.648743 ] } },
{ "type": "Feature", "properties": { "decimalLatitude": 33.880582, "decimalLongitude": -117.264725, "eventDate": "2022-10-14T15:43:00Z", "countryCode": "US" }, "geometry": { "type": "Point", "coordinates": [ -117.264725, 33.880582 ] } },
{ "type": "Feature", "properties": { "decimalLatitude": 33.669094, "decimalLongitude": -116.404334, "eventDate": "2022-10-22T09:32:00Z", "countryCode": "US" }, "geometry": { "type": "Point", "coordinates": [ -116.404334, 33.669094 ] } },
{ "type": "Feature", "properties": { "decimalLatitude": 33.651352, "decimalLongitude": -116.40806, "eventDate": "2022-10-23T12:28:00Z", "countryCode": "US" }, "geometry": { "type": "Point", "coordinates": [ -116.40806, 33.651352 ] } },
{ "type": "Feature", "properties": { "decimalLatitude": 36.415619, "decimalLongitude": -114.616774, "eventDate": "2022-10-02T09:14:00Z", "countryCode": "US" }, "geometry": { "type": "Point", "coordinates": [ -114.616774, 36.415619 ] } },
{ "type": "Feature", "properties": { "decimalLatitude": 33.604583, "decimalLongitude": -116.43932, "eventDate": "2022-10-21T15:03:37Z", "countryCode": "US" }, "geometry": { "type": "Point", "coordinates": [ -116.43932, 33.604583 ] } },
{ "type": "Feature", "properties": { "decimalLatitude": 32.624355, "decimalLongitude": -116.110589, "eventDate": "2022-10-19T12:22:55Z", "countryCode": "US" }, "geometry": { "type": "Point", "coordinates": [ -116.110589, 32.624355 ] } },
{ "type": "Feature", "properties": { "decimalLatitude": 33.668137, "decimalLongitude": -116.51518, "eventDate": "2022-10-11T11:56:07Z", "countryCode": "US" }, "geometry": { "type": "Point", "coordinates": [ -116.51518, 33.668137 ] } },
{ "type": "Feature", "properties": { "decimalLatitude": 33.605103, "decimalLongitude": -116.439138, "eventDate": "2022-10-14T12:39:42Z", "countryCode": "US" }, "geometry": { "type": "Point", "coordinates": [ -116.439138, 33.605103 ] } },
{ "type": "Feature", "properties": { "decimalLatitude": 36.026875, "decimalLongitude": -115.044717, "eventDate": "2022-10-01T15:06:04Z", "countryCode": "US" }, "geometry": { "type": "Point", "coordinates": [ -115.044717, 36.026875 ] } },
{ "type": "Feature", "properties": { "decimalLatitude": 33.880961, "decimalLongitude": -111.962931, "eventDate": "2022-10-17T10:16:00Z", "countryCode": "US" }, "geometry": { "type": "Point", "coordinates": [ -111.962931, 33.880961 ] } },
{ "type": "Feature", "properties": { "decimalLatitude": 33.0163, "decimalLongitude": -116.49005, "eventDate": "2022-10-21T16:03:00Z", "countryCode": "US" }, "geometry": { "type": "Point", "coordinates": [ -116.49005, 33.0163 ] } },
{ "type": "Feature", "properties": { "decimalLatitude": 32.792343, "decimalLongitude": -117.188809, "eventDate": "2022-10-18T12:24:00Z", "countryCode": "US" }, "geometry": { "type": "Point", "coordinates": [ -117.188809, 32.792343 ] } },
{ "type": "Feature", "properties": { "decimalLatitude": 33.643583, "decimalLongitude": -116.40832, "eventDate": "2022-10-23T15:10:00Z", "countryCode": "US" }, "geometry": { "type": "Point", "coordinates": [ -116.40832, 33.643583 ] } },
{ "type": "Feature", "properties": { "decimalLatitude": 33.60443, "decimalLongitude": -116.438745, "eventDate": "2022-10-19T11:41:31Z", "countryCode": "US" }, "geometry": { "type": "Point", "coordinates": [ -116.438745, 33.60443 ] } },
{ "type": "Feature", "properties": { "decimalLatitude": 33.64388, "decimalLongitude": -116.408808, "eventDate": "2022-10-23T14:11:00Z", "countryCode": "US" }, "geometry": { "type": "Point", "coordinates": [ -116.408808, 33.64388 ] } },
{ "type": "Feature", "properties": { "decimalLatitude": 32.955655, "decimalLongitude": -116.585598, "eventDate": "2022-10-19T13:44:00Z", "countryCode": "US" }, "geometry": { "type": "Point", "coordinates": [ -116.585598, 32.955655 ] } },
{ "type": "Feature", "properties": { "decimalLatitude": 33.98873, "decimalLongitude": -116.656073, "eventDate": "2022-10-08T11:13:07Z", "countryCode": "US" }, "geometry": { "type": "Point", "coordinates": [ -116.656073, 33.98873 ] } },
{ "type": "Feature", "properties": { "decimalLatitude": 33.60422, "decimalLongitude": -116.44237, "eventDate": "2022-10-15T13:26:22Z", "countryCode": "US" }, "geometry": { "type": "Point", "coordinates": [ -116.44237, 33.60422 ] } },
{ "type": "Feature", "properties": { "decimalLatitude": 33.611755, "decimalLongitude": -116.428613, "eventDate": "2022-10-14T14:48:17Z", "countryCode": "US" }, "geometry": { "type": "Point", "coordinates": [ -116.428613, 33.611755 ] } },
{ "type": "Feature", "properties": { "decimalLatitude": 33.983005, "decimalLongitude": -116.013686, "eventDate": "2022-10-22T14:42:05Z", "countryCode": "US" }, "geometry": { "type": "Point", "coordinates": [ -116.013686, 33.983005 ] } },
{ "type": "Feature", "properties": { "decimalLatitude": 33.605131, "decimalLongitude": -116.439139, "eventDate": "2022-10-14T09:46:39Z", "countryCode": "US" }, "geometry": { "type": "Point", "coordinates": [ -116.439139, 33.605131 ] } },
{ "type": "Feature", "properties": { "decimalLatitude": 33.881311, "decimalLongitude": -111.9585, "eventDate": "2022-10-17T10:27:00Z", "countryCode": "US" }, "geometry": { "type": "Point", "coordinates": [ -111.9585, 33.881311 ] } },
{ "type": "Feature", "properties": { "decimalLatitude": 33.605131, "decimalLongitude": -116.439135, "eventDate": "2022-10-13T14:12:54Z", "countryCode": "US" }, "geometry": { "type": "Point", "coordinates": [ -116.439135, 33.605131 ] } },
{ "type": "Feature", "properties": { "decimalLatitude": 33.717983, "decimalLongitude": -115.809263, "eventDate": "2022-10-21T14:49:09Z", "countryCode": "US" }, "geometry": { "type": "Point", "coordinates": [ -115.809263, 33.717983 ] } },
{ "type": "Feature", "properties": { "decimalLatitude": 33.845665, "decimalLongitude": -115.780752, "eventDate": "2022-10-21T16:27:00Z", "countryCode": "US" }, "geometry": { "type": "Point", "coordinates": [ -115.780752, 33.845665 ] } },
{ "type": "Feature", "properties": { "decimalLatitude": 33.610047, "decimalLongitude": -116.439013, "eventDate": "2022-10-18T15:37:14Z", "countryCode": "US" }, "geometry": { "type": "Point", "coordinates": [ -116.439013, 33.610047 ] } },
{ "type": "Feature", "properties": { "decimalLatitude": 32.671398, "decimalLongitude": -116.085744, "eventDate": "2022-10-13T09:23:44Z", "countryCode": "US" }, "geometry": { "type": "Point", "coordinates": [ -116.085744, 32.671398 ] } },
{ "type": "Feature", "properties": { "decimalLatitude": 33.599822, "decimalLongitude": -116.441278, "eventDate": "2022-10-17T14:46:39Z", "countryCode": "US" }, "geometry": { "type": "Point", "coordinates": [ -116.441278, 33.599822 ] } },
{ "type": "Feature", "properties": { "decimalLatitude": 33.670134, "decimalLongitude": -116.406545, "eventDate": "2022-10-24T14:30:00Z", "countryCode": "US" }, "geometry": { "type": "Point", "coordinates": [ -116.406545, 33.670134 ] } },
{ "type": "Feature", "properties": { "decimalLatitude": 32.955428, "decimalLongitude": -116.585915, "eventDate": "2022-10-19T13:43:00Z", "countryCode": "US" }, "geometry": { "type": "Point", "coordinates": [ -116.585915, 32.955428 ] } },
{ "type": "Feature", "properties": { "decimalLatitude": 33.951994, "decimalLongitude": -117.264005, "eventDate": "2022-10-20T12:46:00Z", "countryCode": "US" }, "geometry": { "type": "Point", "coordinates": [ -117.264005, 33.951994 ] } },
{ "type": "Feature", "properties": { "decimalLatitude": 32.75732, "decimalLongitude": -117.11698, "eventDate": "2022-10-19T09:53:53Z", "countryCode": "US" }, "geometry": { "type": "Point", "coordinates": [ -117.11698, 32.75732 ] } },
{ "type": "Feature", "properties": { "decimalLatitude": 33.670864, "decimalLongitude": -116.411567, "eventDate": "2022-10-23T10:12:00Z", "countryCode": "US" }, "geometry": { "type": "Point", "coordinates": [ -116.411567, 33.670864 ] } },
{ "type": "Feature", "properties": { "decimalLatitude": 32.839514, "decimalLongitude": -117.04108, "eventDate": "2022-10-20T09:57:00Z", "countryCode": "US" }, "geometry": { "type": "Point", "coordinates": [ -117.04108, 32.839514 ] } },
{ "type": "Feature", "properties": { "decimalLatitude": 33.66875, "decimalLongitude": -116.404052, "eventDate": "2022-10-22T09:35:00Z", "countryCode": "US" }, "geometry": { "type": "Point", "coordinates": [ -116.404052, 33.66875 ] } },
{ "type": "Feature", "properties": { "decimalLatitude": 33.604828, "decimalLongitude": -116.438445, "eventDate": "2022-10-25T15:10:07Z", "countryCode": "US" }, "geometry": { "type": "Point", "coordinates": [ -116.438445, 33.604828 ] } },
{ "type": "Feature", "properties": { "decimalLatitude": 33.736895, "decimalLongitude": -115.810737, "eventDate": "2022-10-27T12:52:00Z", "countryCode": "US" }, "geometry": { "type": "Point", "coordinates": [ -115.810737, 33.736895 ] } },
{ "type": "Feature", "properties": { "decimalLatitude": 33.605653, "decimalLongitude": -116.439147, "eventDate": "2022-10-16T13:40:44Z", "countryCode": "US" }, "geometry": { "type": "Point", "coordinates": [ -116.439147, 33.605653 ] } },
{ "type": "Feature", "properties": { "decimalLatitude": 33.703353, "decimalLongitude": -116.370628, "eventDate": "2022-10-25T13:47:16Z", "countryCode": "US" }, "geometry": { "type": "Point", "coordinates": [ -116.370628, 33.703353 ] } },
{ "type": "Feature", "properties": { "decimalLatitude": 33.604553, "decimalLongitude": -116.439522, "eventDate": "2022-10-26T10:56:40Z", "countryCode": "US" }, "geometry": { "type": "Point", "coordinates": [ -116.439522, 33.604553 ] } },
{ "type": "Feature", "properties": { "decimalLatitude": 33.015422, "decimalLongitude": -116.475065, "eventDate": "2022-10-18T12:15:00Z", "countryCode": "US" }, "geometry": { "type": "Point", "coordinates": [ -116.475065, 33.015422 ] } },
{ "type": "Feature", "properties": { "decimalLatitude": 33.668656, "decimalLongitude": -116.405125, "eventDate": "2022-10-30T14:07:00Z", "countryCode": "US" }, "geometry": { "type": "Point", "coordinates": [ -116.405125, 33.668656 ] } },
{ "type": "Feature", "properties": { "decimalLatitude": 33.717731, "decimalLongitude": -116.340755, "eventDate": "2022-10-30T14:28:01Z", "countryCode": "US" }, "geometry": { "type": "Point", "coordinates": [ -116.340755, 33.717731 ] } },
{ "type": "Feature", "properties": { "decimalLatitude": 33.604492, "decimalLongitude": -116.435033, "eventDate": "2022-10-26T14:14:38Z", "countryCode": "US" }, "geometry": { "type": "Point", "coordinates": [ -116.435033, 33.604492 ] } },
{ "type": "Feature", "properties": { "decimalLatitude": 33.670203, "decimalLongitude": -116.413176, "eventDate": "2022-10-27T14:06:00Z", "countryCode": "US" }, "geometry": { "type": "Point", "coordinates": [ -116.413176, 33.670203 ] } },
{ "type": "Feature", "properties": { "decimalLatitude": 33.239539, "decimalLongitude": -116.431697, "eventDate": "2022-10-24T10:55:00Z", "countryCode": "US" }, "geometry": { "type": "Point", "coordinates": [ -116.431697, 33.239539 ] } },
{ "type": "Feature", "properties": { "decimalLatitude": 33.657207, "decimalLongitude": -116.315238, "eventDate": "2022-10-27T10:39:12Z", "countryCode": "US" }, "geometry": { "type": "Point", "coordinates": [ -116.315238, 33.657207 ] } },
{ "type": "Feature", "properties": { "decimalLatitude": 33.274, "decimalLongitude": -116.424911, "eventDate": "2022-10-23T15:03:00Z", "countryCode": "US" }, "geometry": { "type": "Point", "coordinates": [ -116.424911, 33.274 ] } },
{ "type": "Feature", "properties": { "decimalLatitude": 33.604492, "decimalLongitude": -116.435033, "eventDate": "2022-10-26T14:14:38Z", "countryCode": "US" }, "geometry": { "type": "Point", "coordinates": [ -116.435033, 33.604492 ] } },
{ "type": "Feature", "properties": { "decimalLatitude": 32.958743, "decimalLongitude": -116.361947, "eventDate": "2022-10-25T21:19:00Z", "countryCode": "US" }, "geometry": { "type": "Point", "coordinates": [ -116.361947, 32.958743 ] } },
{ "type": "Feature", "properties": { "decimalLatitude": 32.860906, "decimalLongitude": -116.462089, "eventDate": "2022-10-25T11:04:00Z", "countryCode": "US" }, "geometry": { "type": "Point", "coordinates": [ -116.462089, 32.860906 ] } },
{ "type": "Feature", "properties": { "decimalLatitude": 33.58667, "decimalLongitude": -116.441145, "eventDate": "2022-10-30T12:52:58Z", "countryCode": "US" }, "geometry": { "type": "Point", "coordinates": [ -116.441145, 33.58667 ] } },
{ "type": "Feature", "properties": { "decimalLatitude": 35.786274, "decimalLongitude": -113.49996, "eventDate": "2022-10-18T09:34:16Z", "countryCode": "US" }, "geometry": { "type": "Point", "coordinates": [ -113.49996, 35.786274 ] } },
{ "type": "Feature", "properties": { "decimalLatitude": 33.734188, "decimalLongitude": -116.426947, "eventDate": "2022-10-30T09:39:09Z", "countryCode": "US" }, "geometry": { "type": "Point", "coordinates": [ -116.426947, 33.734188 ] } },
{ "type": "Feature", "properties": { "decimalLatitude": 33.604553, "decimalLongitude": -116.439522, "eventDate": "2022-10-26T10:56:40Z", "countryCode": "US" }, "geometry": { "type": "Point", "coordinates": [ -116.439522, 33.604553 ] } },
{ "type": "Feature", "properties": { "decimalLatitude": 34.080932, "decimalLongitude": -113.552517, "eventDate": "2022-10-26T10:13:00Z", "countryCode": "US" }, "geometry": { "type": "Point", "coordinates": [ -113.552517, 34.080932 ] } },
{ "type": "Feature", "properties": { "decimalLatitude": 34.153954, "decimalLongitude": -113.217169, "eventDate": "2022-10-26T13:46:00Z", "countryCode": "US" }, "geometry": { "type": "Point", "coordinates": [ -113.217169, 34.153954 ] } },
{ "type": "Feature", "properties": { "decimalLatitude": 33.598905, "decimalLongitude": -116.437542, "eventDate": "2022-10-30T13:23:23Z", "countryCode": "US" }, "geometry": { "type": "Point", "coordinates": [ -116.437542, 33.598905 ] } },
{ "type": "Feature", "properties": { "decimalLatitude": 33.668835, "decimalLongitude": -116.405275, "eventDate": "2022-10-28T10:38:00Z", "countryCode": "US" }, "geometry": { "type": "Point", "coordinates": [ -116.405275, 33.668835 ] } },
{ "type": "Feature", "properties": { "decimalLatitude": 33.605133, "decimalLongitude": -116.439122, "eventDate": "2022-10-21T15:02:53Z", "countryCode": "US" }, "geometry": { "type": "Point", "coordinates": [ -116.439122, 33.605133 ] } },
{ "type": "Feature", "properties": { "decimalLatitude": 33.611158, "decimalLongitude": -116.321633, "eventDate": "2022-10-28T12:10:00Z", "countryCode": "US" }, "geometry": { "type": "Point", "coordinates": [ -116.321633, 33.611158 ] } },
{ "type": "Feature", "properties": { "decimalLatitude": 33.604737, "decimalLongitude": -116.438712, "eventDate": "2022-10-30T10:17:33Z", "countryCode": "US" }, "geometry": { "type": "Point", "coordinates": [ -116.438712, 33.604737 ] } },
{ "type": "Feature", "properties": { "decimalLatitude": 32.90412, "decimalLongitude": -116.454879, "eventDate": "2022-10-30T12:14:34Z", "countryCode": "US" }, "geometry": { "type": "Point", "coordinates": [ -116.454879, 32.90412 ] } },
{ "type": "Feature", "properties": { "decimalLatitude": 33.237394, "decimalLongitude": -116.438319, "eventDate": "2022-10-24T11:14:00Z", "countryCode": "US" }, "geometry": { "type": "Point", "coordinates": [ -116.438319, 33.237394 ] } },
{ "type": "Feature", "properties": { "decimalLatitude": 33.672002, "decimalLongitude": -116.408621, "eventDate": "2022-10-26T15:37:40Z", "countryCode": "US" }, "geometry": { "type": "Point", "coordinates": [ -116.408621, 33.672002 ] } },
{ "type": "Feature", "properties": { "decimalLatitude": 35.978655, "decimalLongitude": -114.839967, "eventDate": "2022-10-02T14:09:00Z", "countryCode": "US" }, "geometry": { "type": "Point", "coordinates": [ -114.839967, 35.978655 ] } },
{ "type": "Feature", "properties": { "decimalLatitude": 34.201589, "decimalLongitude": -112.765397, "eventDate": "2022-10-09T10:31:00Z", "countryCode": "US" }, "geometry": { "type": "Point", "coordinates": [ -112.765397, 34.201589 ] } },
{ "type": "Feature", "properties": { "decimalLatitude": 33.02039, "decimalLongitude": -116.454502, "eventDate": "2022-10-01T11:28:00Z", "countryCode": "US" }, "geometry": { "type": "Point", "coordinates": [ -116.454502, 33.02039 ] } },
{ "type": "Feature", "properties": { "decimalLatitude": 33.01387, "decimalLongitude": -116.446545, "eventDate": "2022-10-01T12:10:00Z", "countryCode": "US" }, "geometry": { "type": "Point", "coordinates": [ -116.446545, 33.01387 ] } },
{ "type": "Feature", "properties": { "decimalLatitude": 33.10415, "decimalLongitude": -116.473687, "eventDate": "2022-10-16T17:55:32Z", "countryCode": "US" }, "geometry": { "type": "Point", "coordinates": [ -116.473687, 33.10415 ] } },
{ "type": "Feature", "properties": { "decimalLatitude": 33.377524, "decimalLongitude": -111.406825, "eventDate": "2022-10-27T13:31:00Z", "countryCode": "US" }, "geometry": { "type": "Point", "coordinates": [ -111.406825, 33.377524 ] } },
{ "type": "Feature", "properties": { "decimalLatitude": 34.104347, "decimalLongitude": -112.997581, "eventDate": "2022-10-09T12:30:00Z", "countryCode": "US" }, "geometry": { "type": "Point", "coordinates": [ -112.997581, 34.104347 ] } },
{ "type": "Feature", "properties": { "decimalLatitude": 33.551088, "decimalLongitude": -111.573662, "eventDate": "2022-10-11T10:25:36Z", "countryCode": "US" }, "geometry": { "type": "Point", "coordinates": [ -111.573662, 33.551088 ] } },
{ "type": "Feature", "properties": { "decimalLatitude": 33.464313, "decimalLongitude": -117.582695, "eventDate": "2022-10-19T14:01:41Z", "countryCode": "US" }, "geometry": { "type": "Point", "coordinates": [ -117.582695, 33.464313 ] } },
{ "type": "Feature", "properties": { "decimalLatitude": 33.276007, "decimalLongitude": -116.42595, "eventDate": "2022-10-11T14:52:00Z", "countryCode": "US" }, "geometry": { "type": "Point", "coordinates": [ -116.42595, 33.276007 ] } },
{ "type": "Feature", "properties": { "decimalLatitude": 35.883343, "decimalLongitude": -114.814051, "eventDate": "2022-10-02T14:07:43Z", "countryCode": "US" }, "geometry": { "type": "Point", "coordinates": [ -114.814051, 35.883343 ] } },
{ "type": "Feature", "properties": { "decimalLatitude": 36.009357, "decimalLongitude": -114.78369, "eventDate": "2022-10-06T00:00:00Z", "countryCode": "US" }, "geometry": { "type": "Point", "coordinates": [ -114.78369, 36.009357 ] } },
{ "type": "Feature", "properties": { "decimalLatitude": 33.732209, "decimalLongitude": -116.535077, "eventDate": "2022-10-21T09:59:00Z", "countryCode": "US" }, "geometry": { "type": "Point", "coordinates": [ -116.535077, 33.732209 ] } },
{ "type": "Feature", "properties": { "decimalLatitude": 33.270308, "decimalLongitude": -116.418578, "eventDate": "2022-10-22T09:25:33Z", "countryCode": "US" }, "geometry": { "type": "Point", "coordinates": [ -116.418578, 33.270308 ] } },
{ "type": "Feature", "properties": { "decimalLatitude": 33.604613, "decimalLongitude": -116.438887, "eventDate": "2022-11-04T15:48:56Z", "countryCode": "US" }, "geometry": { "type": "Point", "coordinates": [ -116.438887, 33.604613 ] } },
{ "type": "Feature", "properties": { "decimalLatitude": 33.645947, "decimalLongitude": -116.408147, "eventDate": "2022-11-07T11:16:00Z", "countryCode": "US" }, "geometry": { "type": "Point", "coordinates": [ -116.408147, 33.645947 ] } },
{ "type": "Feature", "properties": { "decimalLatitude": 33.642194, "decimalLongitude": -116.407871, "eventDate": "2022-11-07T14:04:00Z", "countryCode": "US" }, "geometry": { "type": "Point", "coordinates": [ -116.407871, 33.642194 ] } },
{ "type": "Feature", "properties": { "decimalLatitude": 33.228262, "decimalLongitude": -116.462425, "eventDate": "2022-11-06T13:05:46Z", "countryCode": "US" }, "geometry": { "type": "Point", "coordinates": [ -116.462425, 33.228262 ] } },
{ "type": "Feature", "properties": { "decimalLatitude": 33.287053, "decimalLongitude": -116.398392, "eventDate": "2022-11-05T11:44:56Z", "countryCode": "US" }, "geometry": { "type": "Point", "coordinates": [ -116.398392, 33.287053 ] } },
{ "type": "Feature", "properties": { "decimalLatitude": 33.604553, "decimalLongitude": -116.438895, "eventDate": "2022-11-04T13:46:38Z", "countryCode": "US" }, "geometry": { "type": "Point", "coordinates": [ -116.438895, 33.604553 ] } },
{ "type": "Feature", "properties": { "decimalLatitude": 32.921112, "decimalLongitude": -116.296228, "eventDate": "2022-11-06T11:03:31Z", "countryCode": "US" }, "geometry": { "type": "Point", "coordinates": [ -116.296228, 32.921112 ] } },
{ "type": "Feature", "properties": { "decimalLatitude": 33.635911, "decimalLongitude": -116.402358, "eventDate": "2022-11-04T14:35:00Z", "countryCode": "US" }, "geometry": { "type": "Point", "coordinates": [ -116.402358, 33.635911 ] } },
{ "type": "Feature", "properties": { "decimalLatitude": 33.64402, "decimalLongitude": -116.408487, "eventDate": "2022-11-07T13:14:38Z", "countryCode": "US" }, "geometry": { "type": "Point", "coordinates": [ -116.408487, 33.64402 ] } },
{ "type": "Feature", "properties": { "decimalLatitude": 33.640987, "decimalLongitude": -116.409867, "eventDate": "2022-11-07T12:45:53Z", "countryCode": "US" }, "geometry": { "type": "Point", "coordinates": [ -116.409867, 33.640987 ] } },
{ "type": "Feature", "properties": { "decimalLatitude": 33.623607, "decimalLongitude": -116.350292, "eventDate": "2022-11-17T11:39:00Z", "countryCode": "US" }, "geometry": { "type": "Point", "coordinates": [ -116.350292, 33.623607 ] } },
{ "type": "Feature", "properties": { "decimalLatitude": 33.354786, "decimalLongitude": -116.398315, "eventDate": "2022-11-20T14:05:58Z", "countryCode": "US" }, "geometry": { "type": "Point", "coordinates": [ -116.398315, 33.354786 ] } },
{ "type": "Feature", "properties": { "decimalLatitude": 33.346469, "decimalLongitude": -116.200392, "eventDate": "2022-11-19T13:16:31Z", "countryCode": "US" }, "geometry": { "type": "Point", "coordinates": [ -116.200392, 33.346469 ] } },
{ "type": "Feature", "properties": { "decimalLatitude": 33.554466, "decimalLongitude": -116.194948, "eventDate": "2022-11-15T13:36:00Z", "countryCode": "US" }, "geometry": { "type": "Point", "coordinates": [ -116.194948, 33.554466 ] } },
{ "type": "Feature", "properties": { "decimalLatitude": 33.604583, "decimalLongitude": -116.438905, "eventDate": "2022-11-04T13:48:05Z", "countryCode": "US" }, "geometry": { "type": "Point", "coordinates": [ -116.438905, 33.604583 ] } },
{ "type": "Feature", "properties": { "decimalLatitude": 33.624025, "decimalLongitude": -116.348232, "eventDate": "2022-11-28T10:32:00Z", "countryCode": "US" }, "geometry": { "type": "Point", "coordinates": [ -116.348232, 33.624025 ] } },
{ "type": "Feature", "properties": { "decimalLatitude": 33.700325, "decimalLongitude": -116.374612, "eventDate": "2022-11-02T13:46:50Z", "countryCode": "US" }, "geometry": { "type": "Point", "coordinates": [ -116.374612, 33.700325 ] } },
{ "type": "Feature", "properties": { "decimalLatitude": 33.270064, "decimalLongitude": -116.418424, "eventDate": "2022-11-13T05:49:00Z", "countryCode": "US" }, "geometry": { "type": "Point", "coordinates": [ -116.418424, 33.270064 ] } },
{ "type": "Feature", "properties": { "decimalLatitude": 33.270383, "decimalLongitude": -116.421783, "eventDate": "2022-11-13T05:40:00Z", "countryCode": "US" }, "geometry": { "type": "Point", "coordinates": [ -116.421783, 33.270383 ] } },
{ "type": "Feature", "properties": { "decimalLatitude": 33.276397, "decimalLongitude": -116.427651, "eventDate": "2022-11-13T05:02:00Z", "countryCode": "US" }, "geometry": { "type": "Point", "coordinates": [ -116.427651, 33.276397 ] } },
{ "type": "Feature", "properties": { "decimalLatitude": 33.140657, "decimalLongitude": -116.375119, "eventDate": "2022-11-11T12:19:00Z", "countryCode": "US" }, "geometry": { "type": "Point", "coordinates": [ -116.375119, 33.140657 ] } },
{ "type": "Feature", "properties": { "decimalLatitude": 33.272535, "decimalLongitude": -116.423224, "eventDate": "2022-11-13T02:55:00Z", "countryCode": "US" }, "geometry": { "type": "Point", "coordinates": [ -116.423224, 33.272535 ] } },
{ "type": "Feature", "properties": { "decimalLatitude": 33.873835, "decimalLongitude": -115.900992, "eventDate": "2022-11-21T12:47:52Z", "countryCode": "US" }, "geometry": { "type": "Point", "coordinates": [ -115.900992, 33.873835 ] } },
{ "type": "Feature", "properties": { "decimalLatitude": 32.87045, "decimalLongitude": -116.234213, "eventDate": "2022-11-06T14:07:46Z", "countryCode": "US" }, "geometry": { "type": "Point", "coordinates": [ -116.234213, 32.87045 ] } },
{ "type": "Feature", "properties": { "decimalLatitude": 33.493796, "decimalLongitude": -111.439143, "eventDate": "2022-12-08T10:54:00Z", "countryCode": "US" }, "geometry": { "type": "Point", "coordinates": [ -111.439143, 33.493796 ] } },
{ "type": "Feature", "properties": { "decimalLatitude": 33.966837, "decimalLongitude": -112.15617, "eventDate": "2023-02-12T13:52:00Z", "countryCode": "US" }, "geometry": { "type": "Point", "coordinates": [ -112.15617, 33.966837 ] } },
{ "type": "Feature", "properties": { "decimalLatitude": 33.888665, "decimalLongitude": -111.950545, "eventDate": "2023-03-25T00:00:00Z", "countryCode": "US" }, "geometry": { "type": "Point", "coordinates": [ -111.950545, 33.888665 ] } },
{ "type": "Feature", "properties": { "decimalLatitude": 33.829574, "decimalLongitude": -112.822876, "eventDate": "2023-03-31T00:00:00Z", "countryCode": "US" }, "geometry": { "type": "Point", "coordinates": [ -112.822876, 33.829574 ] } },
{ "type": "Feature", "properties": { "decimalLatitude": 33.888665, "decimalLongitude": -111.950545, "eventDate": "2023-03-25T00:00:00Z", "countryCode": "US" }, "geometry": { "type": "Point", "coordinates": [ -111.950545, 33.888665 ] } },
{ "type": "Feature", "properties": { "decimalLatitude": 33.502824, "decimalLongitude": -111.544579, "eventDate": "2023-03-28T12:19:00Z", "countryCode": "US" }, "geometry": { "type": "Point", "coordinates": [ -111.544579, 33.502824 ] } },
{ "type": "Feature", "properties": { "decimalLatitude": 33.732461, "decimalLongitude": -112.161506, "eventDate": "2023-03-29T09:58:00Z", "countryCode": "US" }, "geometry": { "type": "Point", "coordinates": [ -112.161506, 33.732461 ] } },
{ "type": "Feature", "properties": { "decimalLatitude": 33.049835, "decimalLongitude": -116.270706, "eventDate": "2023-03-24T11:26:00Z", "countryCode": "US" }, "geometry": { "type": "Point", "coordinates": [ -116.270706, 33.049835 ] } },
{ "type": "Feature", "properties": { "decimalLatitude": 32.18542, "decimalLongitude": -112.921853, "eventDate": "2023-03-28T14:38:00Z", "countryCode": "US" }, "geometry": { "type": "Point", "coordinates": [ -112.921853, 32.18542 ] } },
{ "type": "Feature", "properties": { "decimalLatitude": 33.980521, "decimalLongitude": -116.660448, "eventDate": "2023-03-18T15:22:00Z", "countryCode": "US" }, "geometry": { "type": "Point", "coordinates": [ -116.660448, 33.980521 ] } },
{ "type": "Feature", "properties": { "decimalLatitude": 33.772025, "decimalLongitude": -111.4744, "eventDate": "2023-04-02T12:56:00Z", "countryCode": "US" }, "geometry": { "type": "Point", "coordinates": [ -111.4744, 33.772025 ] } },
{ "type": "Feature", "properties": { "decimalLatitude": 33.761358, "decimalLongitude": -111.843165, "eventDate": "2023-04-08T11:17:00Z", "countryCode": "US" }, "geometry": { "type": "Point", "coordinates": [ -111.843165, 33.761358 ] } },
{ "type": "Feature", "properties": { "decimalLatitude": 33.653982, "decimalLongitude": -111.790258, "eventDate": "2023-04-08T10:35:00Z", "countryCode": "US" }, "geometry": { "type": "Point", "coordinates": [ -111.790258, 33.653982 ] } },
{ "type": "Feature", "properties": { "decimalLatitude": 34.223013, "decimalLongitude": -112.0934, "eventDate": "2023-04-03T12:27:28Z", "countryCode": "US" }, "geometry": { "type": "Point", "coordinates": [ -112.0934, 34.223013 ] } },
{ "type": "Feature", "properties": { "decimalLatitude": 33.654849, "decimalLongitude": -111.78852, "eventDate": "2023-04-08T09:46:00Z", "countryCode": "US" }, "geometry": { "type": "Point", "coordinates": [ -111.78852, 33.654849 ] } },
{ "type": "Feature", "properties": { "decimalLatitude": 33.654018, "decimalLongitude": -111.790226, "eventDate": "2023-04-08T10:35:00Z", "countryCode": "US" }, "geometry": { "type": "Point", "coordinates": [ -111.790226, 33.654018 ] } },
{ "type": "Feature", "properties": { "decimalLatitude": 32.065869, "decimalLongitude": -112.713902, "eventDate": "2023-04-05T10:58:18Z", "countryCode": "US" }, "geometry": { "type": "Point", "coordinates": [ -112.713902, 32.065869 ] } },
{ "type": "Feature", "properties": { "decimalLatitude": 32.947665, "decimalLongitude": -116.303729, "eventDate": "2023-04-09T11:27:00Z", "countryCode": "US" }, "geometry": { "type": "Point", "coordinates": [ -116.303729, 32.947665 ] } },
{ "type": "Feature", "properties": { "decimalLatitude": 33.654157, "decimalLongitude": -111.790575, "eventDate": "2023-04-08T10:23:00Z", "countryCode": "US" }, "geometry": { "type": "Point", "coordinates": [ -111.790575, 33.654157 ] } },
{ "type": "Feature", "properties": { "decimalLatitude": 33.52152, "decimalLongitude": -111.569922, "eventDate": "2023-04-01T10:32:57Z", "countryCode": "US" }, "geometry": { "type": "Point", "coordinates": [ -111.569922, 33.52152 ] } },
{ "type": "Feature", "properties": { "decimalLatitude": 33.886023, "decimalLongitude": -111.816858, "eventDate": "2023-04-11T11:02:00Z", "countryCode": "US" }, "geometry": { "type": "Point", "coordinates": [ -111.816858, 33.886023 ] } },
{ "type": "Feature", "properties": { "decimalLatitude": 32.397565, "decimalLongitude": -113.056479, "eventDate": "2023-04-13T15:10:00Z", "countryCode": "US" }, "geometry": { "type": "Point", "coordinates": [ -113.056479, 32.397565 ] } },
{ "type": "Feature", "properties": { "decimalLatitude": 32.397438, "decimalLongitude": -113.056415, "eventDate": "2023-04-13T15:01:00Z", "countryCode": "US" }, "geometry": { "type": "Point", "coordinates": [ -113.056415, 32.397438 ] } },
{ "type": "Feature", "properties": { "decimalLatitude": 33.889097, "decimalLongitude": -111.815068, "eventDate": "2023-04-11T09:18:00Z", "countryCode": "US" }, "geometry": { "type": "Point", "coordinates": [ -111.815068, 33.889097 ] } },
{ "type": "Feature", "properties": { "decimalLatitude": 33.772025, "decimalLongitude": -111.4744, "eventDate": "2023-04-02T12:56:00Z", "countryCode": "US" }, "geometry": { "type": "Point", "coordinates": [ -111.4744, 33.772025 ] } },
{ "type": "Feature", "properties": { "decimalLatitude": 33.888564, "decimalLongitude": -111.815556, "eventDate": "2023-04-11T09:10:00Z", "countryCode": "US" }, "geometry": { "type": "Point", "coordinates": [ -111.815556, 33.888564 ] } },
{ "type": "Feature", "properties": { "decimalLatitude": 33.88644, "decimalLongitude": -111.817234, "eventDate": "2023-04-11T10:59:00Z", "countryCode": "US" }, "geometry": { "type": "Point", "coordinates": [ -111.817234, 33.88644 ] } },
{ "type": "Feature", "properties": { "decimalLatitude": 33.653683, "decimalLongitude": -111.786828, "eventDate": "2023-04-16T09:25:00Z", "countryCode": "US" }, "geometry": { "type": "Point", "coordinates": [ -111.786828, 33.653683 ] } },
{ "type": "Feature", "properties": { "decimalLatitude": 33.73128, "decimalLongitude": -115.800872, "eventDate": "2023-04-21T09:52:50Z", "countryCode": "US" }, "geometry": { "type": "Point", "coordinates": [ -115.800872, 33.73128 ] } },
{ "type": "Feature", "properties": { "decimalLatitude": 34.027963, "decimalLongitude": -116.138459, "eventDate": "2023-04-20T11:08:15Z", "countryCode": "US" }, "geometry": { "type": "Point", "coordinates": [ -116.138459, 34.027963 ] } },
{ "type": "Feature", "properties": { "decimalLatitude": 33.723805, "decimalLongitude": -115.786613, "eventDate": "2023-04-21T10:58:59Z", "countryCode": "US" }, "geometry": { "type": "Point", "coordinates": [ -115.786613, 33.723805 ] } },
{ "type": "Feature", "properties": { "decimalLatitude": 34.148228, "decimalLongitude": -116.452103, "eventDate": "2023-04-22T00:00:00Z", "countryCode": "US" }, "geometry": { "type": "Point", "coordinates": [ -116.452103, 34.148228 ] } },
{ "type": "Feature", "properties": { "decimalLatitude": 34.228185, "decimalLongitude": -112.098173, "eventDate": "2023-04-24T13:11:00Z", "countryCode": "US" }, "geometry": { "type": "Point", "coordinates": [ -112.098173, 34.228185 ] } },
{ "type": "Feature", "properties": { "decimalLatitude": 33.514767, "decimalLongitude": -111.961687, "eventDate": "2023-04-24T07:26:37Z", "countryCode": "US" }, "geometry": { "type": "Point", "coordinates": [ -111.961687, 33.514767 ] } },
{ "type": "Feature", "properties": { "decimalLatitude": 32.9504, "decimalLongitude": -116.304834, "eventDate": "2023-04-24T15:42:00Z", "countryCode": "US" }, "geometry": { "type": "Point", "coordinates": [ -116.304834, 32.9504 ] } },
{ "type": "Feature", "properties": { "decimalLatitude": 34.532405, "decimalLongitude": -115.200255, "eventDate": "2023-04-23T12:30:32Z", "countryCode": "US" }, "geometry": { "type": "Point", "coordinates": [ -115.200255, 34.532405 ] } },
{ "type": "Feature", "properties": { "decimalLatitude": 33.643087, "decimalLongitude": -111.767555, "eventDate": "2023-04-22T11:07:28Z", "countryCode": "US" }, "geometry": { "type": "Point", "coordinates": [ -111.767555, 33.643087 ] } },
{ "type": "Feature", "properties": { "decimalLatitude": 34.117322, "decimalLongitude": -112.151085, "eventDate": "2023-04-20T12:24:46Z", "countryCode": "US" }, "geometry": { "type": "Point", "coordinates": [ -112.151085, 34.117322 ] } },
{ "type": "Feature", "properties": { "decimalLatitude": 33.982742, "decimalLongitude": -116.658705, "eventDate": "2023-04-16T13:03:48Z", "countryCode": "US" }, "geometry": { "type": "Point", "coordinates": [ -116.658705, 33.982742 ] } },
{ "type": "Feature", "properties": { "decimalLatitude": 32.381026, "decimalLongitude": -112.904383, "eventDate": "2023-04-22T10:08:29Z", "countryCode": "US" }, "geometry": { "type": "Point", "coordinates": [ -112.904383, 32.381026 ] } },
{ "type": "Feature", "properties": { "decimalLatitude": 33.77675, "decimalLongitude": -112.044603, "eventDate": "2023-04-23T07:42:00Z", "countryCode": "US" }, "geometry": { "type": "Point", "coordinates": [ -112.044603, 33.77675 ] } },
{ "type": "Feature", "properties": { "decimalLatitude": 34.135431, "decimalLongitude": -116.351867, "eventDate": "2023-04-23T13:18:27Z", "countryCode": "US" }, "geometry": { "type": "Point", "coordinates": [ -116.351867, 34.135431 ] } },
{ "type": "Feature", "properties": { "decimalLatitude": 33.518967, "decimalLongitude": -112.345933, "eventDate": "2023-04-22T16:44:05Z", "countryCode": "US" }, "geometry": { "type": "Point", "coordinates": [ -112.345933, 33.518967 ] } },
{ "type": "Feature", "properties": { "decimalLatitude": 34.226959, "decimalLongitude": -112.083483, "eventDate": "2023-04-24T11:49:00Z", "countryCode": "US" }, "geometry": { "type": "Point", "coordinates": [ -112.083483, 34.226959 ] } },
{ "type": "Feature", "properties": { "decimalLatitude": 33.775242, "decimalLongitude": -111.863135, "eventDate": "2023-04-20T09:53:00Z", "countryCode": "US" }, "geometry": { "type": "Point", "coordinates": [ -111.863135, 33.775242 ] } },
{ "type": "Feature", "properties": { "decimalLatitude": 33.741888, "decimalLongitude": -115.826408, "eventDate": "2023-04-26T15:18:40Z", "countryCode": "US" }, "geometry": { "type": "Point", "coordinates": [ -115.826408, 33.741888 ] } },
{ "type": "Feature", "properties": { "decimalLatitude": 34.057472, "decimalLongitude": -116.39602, "eventDate": "2023-04-28T14:06:00Z", "countryCode": "US" }, "geometry": { "type": "Point", "coordinates": [ -116.39602, 34.057472 ] } },
{ "type": "Feature", "properties": { "decimalLatitude": 35.1958, "decimalLongitude": -114.084914, "eventDate": "2023-04-23T10:22:23Z", "countryCode": "US" }, "geometry": { "type": "Point", "coordinates": [ -114.084914, 35.1958 ] } },
{ "type": "Feature", "properties": { "decimalLatitude": 33.602557, "decimalLongitude": -116.440288, "eventDate": "2023-04-26T11:09:36Z", "countryCode": "US" }, "geometry": { "type": "Point", "coordinates": [ -116.440288, 33.602557 ] } },
{ "type": "Feature", "properties": { "decimalLatitude": 34.104633, "decimalLongitude": -116.320389, "eventDate": "2023-04-25T10:40:00Z", "countryCode": "US" }, "geometry": { "type": "Point", "coordinates": [ -116.320389, 34.104633 ] } },
{ "type": "Feature", "properties": { "decimalLatitude": 33.602675, "decimalLongitude": -116.440494, "eventDate": "2023-04-27T08:21:24Z", "countryCode": "US" }, "geometry": { "type": "Point", "coordinates": [ -116.440494, 33.602675 ] } },
{ "type": "Feature", "properties": { "decimalLatitude": 33.602474, "decimalLongitude": -116.440527, "eventDate": "2023-04-26T11:08:58Z", "countryCode": "US" }, "geometry": { "type": "Point", "coordinates": [ -116.440527, 33.602474 ] } },
{ "type": "Feature", "properties": { "decimalLatitude": 33.602133, "decimalLongitude": -116.440242, "eventDate": "2023-04-25T09:35:19Z", "countryCode": "US" }, "geometry": { "type": "Point", "coordinates": [ -116.440242, 33.602133 ] } },
{ "type": "Feature", "properties": { "decimalLatitude": 33.908298, "decimalLongitude": -112.675055, "eventDate": "2023-04-25T12:01:00Z", "countryCode": "US" }, "geometry": { "type": "Point", "coordinates": [ -112.675055, 33.908298 ] } },
{ "type": "Feature", "properties": { "decimalLatitude": 34.059228, "decimalLongitude": -116.395125, "eventDate": "2023-04-28T13:44:25Z", "countryCode": "US" }, "geometry": { "type": "Point", "coordinates": [ -116.395125, 34.059228 ] } },
{ "type": "Feature", "properties": { "decimalLatitude": 34.046876, "decimalLongitude": -116.56709, "eventDate": "2023-04-29T09:00:00Z", "countryCode": "US" }, "geometry": { "type": "Point", "coordinates": [ -116.56709, 34.046876 ] } },
{ "type": "Feature", "properties": { "decimalLatitude": 34.824537, "decimalLongitude": -111.775895, "eventDate": "2023-04-26T07:33:56Z", "countryCode": "US" }, "geometry": { "type": "Point", "coordinates": [ -111.775895, 34.824537 ] } },
{ "type": "Feature", "properties": { "decimalLatitude": 33.605096, "decimalLongitude": -116.438967, "eventDate": "2023-04-29T11:55:58Z", "countryCode": "US" }, "geometry": { "type": "Point", "coordinates": [ -116.438967, 33.605096 ] } },
{ "type": "Feature", "properties": { "decimalLatitude": 34.047732, "decimalLongitude": -116.566592, "eventDate": "2023-04-24T12:26:00Z", "countryCode": "US" }, "geometry": { "type": "Point", "coordinates": [ -116.566592, 34.047732 ] } },
{ "type": "Feature", "properties": { "decimalLatitude": 33.602344, "decimalLongitude": -116.439908, "eventDate": "2023-04-30T08:19:17Z", "countryCode": "US" }, "geometry": { "type": "Point", "coordinates": [ -116.439908, 33.602344 ] } },
{ "type": "Feature", "properties": { "decimalLatitude": 34.098735, "decimalLongitude": -117.026657, "eventDate": "2023-04-28T14:55:00Z", "countryCode": "US" }, "geometry": { "type": "Point", "coordinates": [ -117.026657, 34.098735 ] } },
{ "type": "Feature", "properties": { "decimalLatitude": 33.667316, "decimalLongitude": -114.216993, "eventDate": "2023-04-30T10:22:05Z", "countryCode": "US" }, "geometry": { "type": "Point", "coordinates": [ -114.216993, 33.667316 ] } },
{ "type": "Feature", "properties": { "decimalLatitude": 35.160968, "decimalLongitude": -115.585076, "eventDate": "2023-04-29T15:51:44Z", "countryCode": "US" }, "geometry": { "type": "Point", "coordinates": [ -115.585076, 35.160968 ] } },
{ "type": "Feature", "properties": { "decimalLatitude": 34.186444, "decimalLongitude": -117.314636, "eventDate": "2023-04-26T09:58:00Z", "countryCode": "US" }, "geometry": { "type": "Point", "coordinates": [ -117.314636, 34.186444 ] } },
{ "type": "Feature", "properties": { "decimalLatitude": 34.051312, "decimalLongitude": -116.56514, "eventDate": "2023-04-26T08:23:55Z", "countryCode": "US" }, "geometry": { "type": "Point", "coordinates": [ -116.56514, 34.051312 ] } },
{ "type": "Feature", "properties": { "decimalLatitude": 34.055764, "decimalLongitude": -116.396353, "eventDate": "2023-04-28T12:35:00Z", "countryCode": "US" }, "geometry": { "type": "Point", "coordinates": [ -116.396353, 34.055764 ] } },
{ "type": "Feature", "properties": { "decimalLatitude": 34.051314, "decimalLongitude": -116.565138, "eventDate": "2023-04-26T08:24:12Z", "countryCode": "US" }, "geometry": { "type": "Point", "coordinates": [ -116.565138, 34.051314 ] } },
{ "type": "Feature", "properties": { "decimalLatitude": 34.095539, "decimalLongitude": -116.321258, "eventDate": "2023-04-25T10:11:10Z", "countryCode": "US" }, "geometry": { "type": "Point", "coordinates": [ -116.321258, 34.095539 ] } },
{ "type": "Feature", "properties": { "decimalLatitude": 33.511017, "decimalLongitude": -115.913405, "eventDate": "2023-04-26T09:57:48Z", "countryCode": "US" }, "geometry": { "type": "Point", "coordinates": [ -115.913405, 33.511017 ] } },
{ "type": "Feature", "properties": { "decimalLatitude": 33.602238, "decimalLongitude": -116.439858, "eventDate": "2023-04-25T09:32:37Z", "countryCode": "US" }, "geometry": { "type": "Point", "coordinates": [ -116.439858, 33.602238 ] } },
{ "type": "Feature", "properties": { "decimalLatitude": 33.602378, "decimalLongitude": -116.439946, "eventDate": "2023-04-25T09:44:55Z", "countryCode": "US" }, "geometry": { "type": "Point", "coordinates": [ -116.439946, 33.602378 ] } },
{ "type": "Feature", "properties": { "decimalLatitude": 33.322647, "decimalLongitude": -112.021242, "eventDate": "2023-04-24T08:23:59Z", "countryCode": "US" }, "geometry": { "type": "Point", "coordinates": [ -112.021242, 33.322647 ] } },
{ "type": "Feature", "properties": { "decimalLatitude": 30.9865, "decimalLongitude": -115.6339, "eventDate": "2023-04-19T12:11:00Z", "countryCode": "MX" }, "geometry": { "type": "Point", "coordinates": [ -115.6339, 30.9865 ] } },
{ "type": "Feature", "properties": { "decimalLatitude": 33.602256, "decimalLongitude": -116.440924, "eventDate": "2023-04-29T08:33:06Z", "countryCode": "US" }, "geometry": { "type": "Point", "coordinates": [ -116.440924, 33.602256 ] } },
{ "type": "Feature", "properties": { "decimalLatitude": 32.776434, "decimalLongitude": -116.442782, "eventDate": "2023-04-29T11:09:22Z", "countryCode": "US" }, "geometry": { "type": "Point", "coordinates": [ -116.442782, 32.776434 ] } },
{ "type": "Feature", "properties": { "decimalLatitude": 34.045281, "decimalLongitude": -116.388313, "eventDate": "2023-04-28T12:17:25Z", "countryCode": "US" }, "geometry": { "type": "Point", "coordinates": [ -116.388313, 34.045281 ] } },
{ "type": "Feature", "properties": { "decimalLatitude": 34.058718, "decimalLongitude": -116.395626, "eventDate": "2023-04-28T12:13:00Z", "countryCode": "US" }, "geometry": { "type": "Point", "coordinates": [ -116.395626, 34.058718 ] } },
{ "type": "Feature", "properties": { "decimalLatitude": 34.045506, "decimalLongitude": -116.386642, "eventDate": "2023-04-28T12:11:15Z", "countryCode": "US" }, "geometry": { "type": "Point", "coordinates": [ -116.386642, 34.045506 ] } },
{ "type": "Feature", "properties": { "decimalLatitude": 33.810833, "decimalLongitude": -116.550788, "eventDate": "2023-04-30T09:37:00Z", "countryCode": "US" }, "geometry": { "type": "Point", "coordinates": [ -116.550788, 33.810833 ] } },
{ "type": "Feature", "properties": { "decimalLatitude": 34.922118, "decimalLongitude": -115.566589, "eventDate": "2023-04-29T16:50:59Z", "countryCode": "US" }, "geometry": { "type": "Point", "coordinates": [ -115.566589, 34.922118 ] } },
{ "type": "Feature", "properties": { "decimalLatitude": 34.070912, "decimalLongitude": -116.399292, "eventDate": "2023-04-29T13:20:00Z", "countryCode": "US" }, "geometry": { "type": "Point", "coordinates": [ -116.399292, 34.070912 ] } },
{ "type": "Feature", "properties": { "decimalLatitude": 34.059217, "decimalLongitude": -116.395125, "eventDate": "2023-04-28T13:41:03Z", "countryCode": "US" }, "geometry": { "type": "Point", "coordinates": [ -116.395125, 34.059217 ] } },
{ "type": "Feature", "properties": { "decimalLatitude": 31.730178, "decimalLongitude": -116.104683, "eventDate": "2023-04-30T13:10:00Z", "countryCode": "MX" }, "geometry": { "type": "Point", "coordinates": [ -116.104683, 31.730178 ] } },
{ "type": "Feature", "properties": { "decimalLatitude": 34.146204, "decimalLongitude": -116.452029, "eventDate": "2023-04-23T16:31:09Z", "countryCode": "US" }, "geometry": { "type": "Point", "coordinates": [ -116.452029, 34.146204 ] } },
{ "type": "Feature", "properties": { "decimalLatitude": 34.007127, "decimalLongitude": -116.621416, "eventDate": "2023-04-10T14:24:00Z", "countryCode": "US" }, "geometry": { "type": "Point", "coordinates": [ -116.621416, 34.007127 ] } },
{ "type": "Feature", "properties": { "decimalLatitude": 34.070847, "decimalLongitude": -116.399275, "eventDate": "2023-04-29T12:14:00Z", "countryCode": "US" }, "geometry": { "type": "Point", "coordinates": [ -116.399275, 34.070847 ] } },
{ "type": "Feature", "properties": { "decimalLatitude": 34.939433, "decimalLongitude": -115.512744, "eventDate": "2023-04-29T08:57:32Z", "countryCode": "US" }, "geometry": { "type": "Point", "coordinates": [ -115.512744, 34.939433 ] } },
{ "type": "Feature", "properties": { "decimalLatitude": 34.926567, "decimalLongitude": -115.602096, "eventDate": "2023-04-29T16:18:00Z", "countryCode": "US" }, "geometry": { "type": "Point", "coordinates": [ -115.602096, 34.926567 ] } },
{ "type": "Feature", "properties": { "decimalLatitude": 34.150076, "decimalLongitude": -116.452967, "eventDate": "2023-04-23T09:52:00Z", "countryCode": "US" }, "geometry": { "type": "Point", "coordinates": [ -116.452967, 34.150076 ] } },
{ "type": "Feature", "properties": { "decimalLatitude": 33.0297, "decimalLongitude": -116.340662, "eventDate": "2023-04-30T08:17:55Z", "countryCode": "US" }, "geometry": { "type": "Point", "coordinates": [ -116.340662, 33.0297 ] } },
{ "type": "Feature", "properties": { "decimalLatitude": 34.672161, "decimalLongitude": -116.775008, "eventDate": "2023-04-28T12:14:00Z", "countryCode": "US" }, "geometry": { "type": "Point", "coordinates": [ -116.775008, 34.672161 ] } },
{ "type": "Feature", "properties": { "decimalLatitude": 34.222478, "decimalLongitude": -116.484025, "eventDate": "2023-04-25T13:29:00Z", "countryCode": "US" }, "geometry": { "type": "Point", "coordinates": [ -116.484025, 34.222478 ] } },
{ "type": "Feature", "properties": { "decimalLatitude": 34.804604, "decimalLongitude": -111.7668, "eventDate": "2023-04-26T10:08:00Z", "countryCode": "US" }, "geometry": { "type": "Point", "coordinates": [ -111.7668, 34.804604 ] } },
{ "type": "Feature", "properties": { "decimalLatitude": 34.222785, "decimalLongitude": -116.486375, "eventDate": "2023-04-25T13:46:00Z", "countryCode": "US" }, "geometry": { "type": "Point", "coordinates": [ -116.486375, 34.222785 ] } },
{ "type": "Feature", "properties": { "decimalLatitude": 33.617928, "decimalLongitude": -116.427276, "eventDate": "2023-04-26T12:42:00Z", "countryCode": "US" }, "geometry": { "type": "Point", "coordinates": [ -116.427276, 33.617928 ] } },
{ "type": "Feature", "properties": { "decimalLatitude": 34.223392, "decimalLongitude": -116.485212, "eventDate": "2023-04-25T14:01:00Z", "countryCode": "US" }, "geometry": { "type": "Point", "coordinates": [ -116.485212, 34.223392 ] } },
{ "type": "Feature", "properties": { "decimalLatitude": 32.542931, "decimalLongitude": -110.715294, "eventDate": "2023-04-16T09:39:00Z", "countryCode": "US" }, "geometry": { "type": "Point", "coordinates": [ -110.715294, 32.542931 ] } },
{ "type": "Feature", "properties": { "decimalLatitude": 35.036824, "decimalLongitude": -114.332778, "eventDate": "2023-04-17T11:13:01Z", "countryCode": "US" }, "geometry": { "type": "Point", "coordinates": [ -114.332778, 35.036824 ] } },
{ "type": "Feature", "properties": { "decimalLatitude": 33.457549, "decimalLongitude": -111.472492, "eventDate": "2023-04-15T15:32:00Z", "countryCode": "US" }, "geometry": { "type": "Point", "coordinates": [ -111.472492, 33.457549 ] } },
{ "type": "Feature", "properties": { "decimalLatitude": 33.602541, "decimalLongitude": -112.503934, "eventDate": "2023-04-24T11:06:37Z", "countryCode": "US" }, "geometry": { "type": "Point", "coordinates": [ -112.503934, 33.602541 ] } },
{ "type": "Feature", "properties": { "decimalLatitude": 33.654245, "decimalLongitude": -111.787547, "eventDate": "2023-04-16T08:57:00Z", "countryCode": "US" }, "geometry": { "type": "Point", "coordinates": [ -111.787547, 33.654245 ] } },
{ "type": "Feature", "properties": { "decimalLatitude": 35.408757, "decimalLongitude": -114.871117, "eventDate": "2023-04-22T08:59:41Z", "countryCode": "US" }, "geometry": { "type": "Point", "coordinates": [ -114.871117, 35.408757 ] } },
{ "type": "Feature", "properties": { "decimalLatitude": 33.72955, "decimalLongitude": -115.796783, "eventDate": "2023-04-21T10:09:23Z", "countryCode": "US" }, "geometry": { "type": "Point", "coordinates": [ -115.796783, 33.72955 ] } },
{ "type": "Feature", "properties": { "decimalLatitude": 33.98268, "decimalLongitude": -116.658762, "eventDate": "2023-04-16T13:00:13Z", "countryCode": "US" }, "geometry": { "type": "Point", "coordinates": [ -116.658762, 33.98268 ] } },
{ "type": "Feature", "properties": { "decimalLatitude": 33.23742, "decimalLongitude": -116.438217, "eventDate": "2023-04-23T10:14:16Z", "countryCode": "US" }, "geometry": { "type": "Point", "coordinates": [ -116.438217, 33.23742 ] } },
{ "type": "Feature", "properties": { "decimalLatitude": 33.213229, "decimalLongitude": -116.423637, "eventDate": "2023-04-30T09:20:12Z", "countryCode": "US" }, "geometry": { "type": "Point", "coordinates": [ -116.423637, 33.213229 ] } },
{ "type": "Feature", "properties": { "decimalLatitude": 33.741458, "decimalLongitude": -115.825883, "eventDate": "2023-04-26T14:54:18Z", "countryCode": "US" }, "geometry": { "type": "Point", "coordinates": [ -115.825883, 33.741458 ] } },
{ "type": "Feature", "properties": { "decimalLatitude": 33.584611, "decimalLongitude": -116.499551, "eventDate": "2023-04-26T10:15:28Z", "countryCode": "US" }, "geometry": { "type": "Point", "coordinates": [ -116.499551, 33.584611 ] } },
{ "type": "Feature", "properties": { "decimalLatitude": 35.908709, "decimalLongitude": -115.124098, "eventDate": "2023-04-29T12:02:00Z", "countryCode": "US" }, "geometry": { "type": "Point", "coordinates": [ -115.124098, 35.908709 ] } },
{ "type": "Feature", "properties": { "decimalLatitude": 32.655497, "decimalLongitude": -116.135544, "eventDate": "2023-04-09T10:46:26Z", "countryCode": "US" }, "geometry": { "type": "Point", "coordinates": [ -116.135544, 32.655497 ] } },
{ "type": "Feature", "properties": { "decimalLatitude": 33.822379, "decimalLongitude": -115.904288, "eventDate": "2023-04-23T16:00:00Z", "countryCode": "US" }, "geometry": { "type": "Point", "coordinates": [ -115.904288, 33.822379 ] } },
{ "type": "Feature", "properties": { "decimalLatitude": 32.655503, "decimalLongitude": -116.135544, "eventDate": "2023-04-09T10:47:03Z", "countryCode": "US" }, "geometry": { "type": "Point", "coordinates": [ -116.135544, 32.655503 ] } },
{ "type": "Feature", "properties": { "decimalLatitude": 33.587253, "decimalLongitude": -116.498663, "eventDate": "2023-04-26T11:04:32Z", "countryCode": "US" }, "geometry": { "type": "Point", "coordinates": [ -116.498663, 33.587253 ] } },
{ "type": "Feature", "properties": { "decimalLatitude": 33.399147, "decimalLongitude": -116.478143, "eventDate": "2023-04-06T09:23:00Z", "countryCode": "US" }, "geometry": { "type": "Point", "coordinates": [ -116.478143, 33.399147 ] } },
{ "type": "Feature", "properties": { "decimalLatitude": 33.731297, "decimalLongitude": -115.800812, "eventDate": "2023-04-21T09:53:30Z", "countryCode": "US" }, "geometry": { "type": "Point", "coordinates": [ -115.800812, 33.731297 ] } },
{ "type": "Feature", "properties": { "decimalLatitude": 33.998263, "decimalLongitude": -116.050173, "eventDate": "2023-04-28T13:48:00Z", "countryCode": "US" }, "geometry": { "type": "Point", "coordinates": [ -116.050173, 33.998263 ] } },
{ "type": "Feature", "properties": { "decimalLatitude": 33.785363, "decimalLongitude": -115.795747, "eventDate": "2023-04-30T07:20:00Z", "countryCode": "US" }, "geometry": { "type": "Point", "coordinates": [ -115.795747, 33.785363 ] } },
{ "type": "Feature", "properties": { "decimalLatitude": 33.21376, "decimalLongitude": -116.423736, "eventDate": "2023-04-20T13:04:00Z", "countryCode": "US" }, "geometry": { "type": "Point", "coordinates": [ -116.423736, 33.21376 ] } },
{ "type": "Feature", "properties": { "decimalLatitude": 33.016466, "decimalLongitude": -116.450546, "eventDate": "2023-04-21T17:57:00Z", "countryCode": "US" }, "geometry": { "type": "Point", "coordinates": [ -116.450546, 33.016466 ] } },
{ "type": "Feature", "properties": { "decimalLatitude": 33.734019, "decimalLongitude": -116.537448, "eventDate": "2023-04-28T09:32:00Z", "countryCode": "US" }, "geometry": { "type": "Point", "coordinates": [ -116.537448, 33.734019 ] } },
{ "type": "Feature", "properties": { "decimalLatitude": 34.168328, "decimalLongitude": -116.357675, "eventDate": "2023-04-29T15:55:00Z", "countryCode": "US" }, "geometry": { "type": "Point", "coordinates": [ -116.357675, 34.168328 ] } },
{ "type": "Feature", "properties": { "decimalLatitude": 33.683592, "decimalLongitude": -116.439242, "eventDate": "2023-04-14T11:26:00Z", "countryCode": "US" }, "geometry": { "type": "Point", "coordinates": [ -116.439242, 33.683592 ] } },
{ "type": "Feature", "properties": { "decimalLatitude": 32.655503, "decimalLongitude": -116.135544, "eventDate": "2023-04-09T10:46:34Z", "countryCode": "US" }, "geometry": { "type": "Point", "coordinates": [ -116.135544, 32.655503 ] } },
{ "type": "Feature", "properties": { "decimalLatitude": 33.358857, "decimalLongitude": -114.105522, "eventDate": "2023-04-07T19:20:00Z", "countryCode": "US" }, "geometry": { "type": "Point", "coordinates": [ -114.105522, 33.358857 ] } },
{ "type": "Feature", "properties": { "decimalLatitude": 33.987196, "decimalLongitude": -116.654878, "eventDate": "2023-04-30T08:41:00Z", "countryCode": "US" }, "geometry": { "type": "Point", "coordinates": [ -116.654878, 33.987196 ] } },
{ "type": "Feature", "properties": { "decimalLatitude": 33.720616, "decimalLongitude": -116.346113, "eventDate": "2023-04-09T10:50:13Z", "countryCode": "US" }, "geometry": { "type": "Point", "coordinates": [ -116.346113, 33.720616 ] } },
{ "type": "Feature", "properties": { "decimalLatitude": 32.951689, "decimalLongitude": -116.302701, "eventDate": "2023-04-27T11:05:00Z", "countryCode": "US" }, "geometry": { "type": "Point", "coordinates": [ -116.302701, 32.951689 ] } },
{ "type": "Feature", "properties": { "decimalLatitude": 34.070606, "decimalLongitude": -116.239205, "eventDate": "2023-04-27T09:48:07Z", "countryCode": "US" }, "geometry": { "type": "Point", "coordinates": [ -116.239205, 34.070606 ] } },
{ "type": "Feature", "properties": { "decimalLatitude": 33.604994, "decimalLongitude": -116.438303, "eventDate": "2023-05-01T13:36:11Z", "countryCode": "US" }, "geometry": { "type": "Point", "coordinates": [ -116.438303, 33.604994 ] } },
{ "type": "Feature", "properties": { "decimalLatitude": 34.028606, "decimalLongitude": -116.127739, "eventDate": "2023-05-03T13:01:53Z", "countryCode": "US" }, "geometry": { "type": "Point", "coordinates": [ -116.127739, 34.028606 ] } },
{ "type": "Feature", "properties": { "decimalLatitude": 35.949607, "decimalLongitude": -115.118831, "eventDate": "2023-05-02T14:50:00Z", "countryCode": "US" }, "geometry": { "type": "Point", "coordinates": [ -115.118831, 35.949607 ] } },
{ "type": "Feature", "properties": { "decimalLatitude": 34.712953, "decimalLongitude": -115.674963, "eventDate": "2023-05-04T11:48:31Z", "countryCode": "US" }, "geometry": { "type": "Point", "coordinates": [ -115.674963, 34.712953 ] } },
{ "type": "Feature", "properties": { "decimalLatitude": 34.063779, "decimalLongitude": -116.161674, "eventDate": "2023-05-02T12:26:51Z", "countryCode": "US" }, "geometry": { "type": "Point", "coordinates": [ -116.161674, 34.063779 ] } },
{ "type": "Feature", "properties": { "decimalLatitude": 34.8673, "decimalLongitude": -111.763856, "eventDate": "2023-05-03T09:16:32Z", "countryCode": "US" }, "geometry": { "type": "Point", "coordinates": [ -111.763856, 34.8673 ] } },
{ "type": "Feature", "properties": { "decimalLatitude": 34.028432, "decimalLongitude": -116.652613, "eventDate": "2023-05-02T11:33:00Z", "countryCode": "US" }, "geometry": { "type": "Point", "coordinates": [ -116.652613, 34.028432 ] } },
{ "type": "Feature", "properties": { "decimalLatitude": 35.885808, "decimalLongitude": -115.516137, "eventDate": "2023-05-03T12:25:58Z", "countryCode": "US" }, "geometry": { "type": "Point", "coordinates": [ -115.516137, 35.885808 ] } },
{ "type": "Feature", "properties": { "decimalLatitude": 34.043461, "decimalLongitude": -116.116269, "eventDate": "2023-05-02T12:24:49Z", "countryCode": "US" }, "geometry": { "type": "Point", "coordinates": [ -116.116269, 34.043461 ] } },
{ "type": "Feature", "properties": { "decimalLatitude": 33.904761, "decimalLongitude": -111.832492, "eventDate": "2023-05-04T10:45:00Z", "countryCode": "US" }, "geometry": { "type": "Point", "coordinates": [ -111.832492, 33.904761 ] } },
{ "type": "Feature", "properties": { "decimalLatitude": 34.402887, "decimalLongitude": -117.626428, "eventDate": "2023-05-06T13:42:06Z", "countryCode": "US" }, "geometry": { "type": "Point", "coordinates": [ -117.626428, 34.402887 ] } },
{ "type": "Feature", "properties": { "decimalLatitude": 35.993395, "decimalLongitude": -111.937039, "eventDate": "2023-05-02T00:00:00Z", "countryCode": "US" }, "geometry": { "type": "Point", "coordinates": [ -111.937039, 35.993395 ] } },
{ "type": "Feature", "properties": { "decimalLatitude": 33.386872, "decimalLongitude": -116.802571, "eventDate": "2023-05-03T12:46:00Z", "countryCode": "US" }, "geometry": { "type": "Point", "coordinates": [ -116.802571, 33.386872 ] } },
{ "type": "Feature", "properties": { "decimalLatitude": 33.740322, "decimalLongitude": -115.80538, "eventDate": "2023-05-02T13:44:48Z", "countryCode": "US" }, "geometry": { "type": "Point", "coordinates": [ -115.80538, 33.740322 ] } },
{ "type": "Feature", "properties": { "decimalLatitude": 33.76918, "decimalLongitude": -111.486347, "eventDate": "2023-05-07T09:06:00Z", "countryCode": "US" }, "geometry": { "type": "Point", "coordinates": [ -111.486347, 33.76918 ] } },
{ "type": "Feature", "properties": { "decimalLatitude": 34.069717, "decimalLongitude": -116.211197, "eventDate": "2023-05-12T12:45:35Z", "countryCode": "US" }, "geometry": { "type": "Point", "coordinates": [ -116.211197, 34.069717 ] } },
{ "type": "Feature", "properties": { "decimalLatitude": 34.022067, "decimalLongitude": -116.654792, "eventDate": "2023-05-05T10:25:47Z", "countryCode": "US" }, "geometry": { "type": "Point", "coordinates": [ -116.654792, 34.022067 ] } },
{ "type": "Feature", "properties": { "decimalLatitude": 33.599366, "decimalLongitude": -116.437512, "eventDate": "2023-05-13T12:10:16Z", "countryCode": "US" }, "geometry": { "type": "Point", "coordinates": [ -116.437512, 33.599366 ] } },
{ "type": "Feature", "properties": { "decimalLatitude": 33.01387, "decimalLongitude": -116.446545, "eventDate": "2023-05-07T14:06:00Z", "countryCode": "US" }, "geometry": { "type": "Point", "coordinates": [ -116.446545, 33.01387 ] } },
{ "type": "Feature", "properties": { "decimalLatitude": 34.071822, "decimalLongitude": -116.22905, "eventDate": "2023-05-12T10:24:01Z", "countryCode": "US" }, "geometry": { "type": "Point", "coordinates": [ -116.22905, 34.071822 ] } },
{ "type": "Feature", "properties": { "decimalLatitude": 32.952616, "decimalLongitude": -116.305955, "eventDate": "2023-05-07T11:39:00Z", "countryCode": "US" }, "geometry": { "type": "Point", "coordinates": [ -116.305955, 32.952616 ] } },
{ "type": "Feature", "properties": { "decimalLatitude": 34.034818, "decimalLongitude": -116.943382, "eventDate": "2023-05-14T11:58:11Z", "countryCode": "US" }, "geometry": { "type": "Point", "coordinates": [ -116.943382, 34.034818 ] } },
{ "type": "Feature", "properties": { "decimalLatitude": 34.064167, "decimalLongitude": -117.063994, "eventDate": "2023-05-14T11:41:14Z", "countryCode": "US" }, "geometry": { "type": "Point", "coordinates": [ -117.063994, 34.064167 ] } },
{ "type": "Feature", "properties": { "decimalLatitude": 34.186431, "decimalLongitude": -117.314615, "eventDate": "2023-05-15T09:16:00Z", "countryCode": "US" }, "geometry": { "type": "Point", "coordinates": [ -117.314615, 34.186431 ] } },
{ "type": "Feature", "properties": { "decimalLatitude": 34.203677, "decimalLongitude": -112.773956, "eventDate": "2023-05-04T14:46:00Z", "countryCode": "US" }, "geometry": { "type": "Point", "coordinates": [ -112.773956, 34.203677 ] } },
{ "type": "Feature", "properties": { "decimalLatitude": 33.514993, "decimalLongitude": -111.881289, "eventDate": "2023-05-09T12:19:00Z", "countryCode": "US" }, "geometry": { "type": "Point", "coordinates": [ -111.881289, 33.514993 ] } },
{ "type": "Feature", "properties": { "decimalLatitude": 34.403221, "decimalLongitude": -117.624924, "eventDate": "2023-05-12T10:24:00Z", "countryCode": "US" }, "geometry": { "type": "Point", "coordinates": [ -117.624924, 34.403221 ] } },
{ "type": "Feature", "properties": { "decimalLatitude": 34.064678, "decimalLongitude": -116.20997, "eventDate": "2023-05-12T12:00:16Z", "countryCode": "US" }, "geometry": { "type": "Point", "coordinates": [ -116.20997, 34.064678 ] } },
{ "type": "Feature", "properties": { "decimalLatitude": 33.602343, "decimalLongitude": -116.440853, "eventDate": "2023-05-13T11:15:12Z", "countryCode": "US" }, "geometry": { "type": "Point", "coordinates": [ -116.440853, 33.602343 ] } },
{ "type": "Feature", "properties": { "decimalLatitude": 35.509593, "decimalLongitude": -115.554275, "eventDate": "2023-05-20T11:43:00Z", "countryCode": "US" }, "geometry": { "type": "Point", "coordinates": [ -115.554275, 35.509593 ] } },
{ "type": "Feature", "properties": { "decimalLatitude": 35.509568, "decimalLongitude": -115.554376, "eventDate": "2023-05-20T10:36:00Z", "countryCode": "US" }, "geometry": { "type": "Point", "coordinates": [ -115.554376, 35.509568 ] } },
{ "type": "Feature", "properties": { "decimalLatitude": 36.053435, "decimalLongitude": -112.143562, "eventDate": "2023-05-09T11:51:18Z", "countryCode": "US" }, "geometry": { "type": "Point", "coordinates": [ -112.143562, 36.053435 ] } },
{ "type": "Feature", "properties": { "decimalLatitude": 34.028982, "decimalLongitude": -116.100222, "eventDate": "2023-05-17T08:56:28Z", "countryCode": "US" }, "geometry": { "type": "Point", "coordinates": [ -116.100222, 34.028982 ] } },
{ "type": "Feature", "properties": { "decimalLatitude": 33.584252, "decimalLongitude": -116.431117, "eventDate": "2023-05-21T15:34:47Z", "countryCode": "US" }, "geometry": { "type": "Point", "coordinates": [ -116.431117, 33.584252 ] } },
{ "type": "Feature", "properties": { "decimalLatitude": 34.047083, "decimalLongitude": -116.56767, "eventDate": "2023-05-17T08:43:00Z", "countryCode": "US" }, "geometry": { "type": "Point", "coordinates": [ -116.56767, 34.047083 ] } },
{ "type": "Feature", "properties": { "decimalLatitude": 34.045822, "decimalLongitude": -116.567123, "eventDate": "2023-05-21T11:34:00Z", "countryCode": "US" }, "geometry": { "type": "Point", "coordinates": [ -116.567123, 34.045822 ] } },
{ "type": "Feature", "properties": { "decimalLatitude": 34.016537, "decimalLongitude": -116.628062, "eventDate": "2023-05-17T07:44:00Z", "countryCode": "US" }, "geometry": { "type": "Point", "coordinates": [ -116.628062, 34.016537 ] } },
{ "type": "Feature", "properties": { "decimalLatitude": 33.605333, "decimalLongitude": -116.439193, "eventDate": "2023-05-20T11:47:07Z", "countryCode": "US" }, "geometry": { "type": "Point", "coordinates": [ -116.439193, 33.605333 ] } },
{ "type": "Feature", "properties": { "decimalLatitude": 34.186465, "decimalLongitude": -117.314658, "eventDate": "2023-05-22T10:48:00Z", "countryCode": "US" }, "geometry": { "type": "Point", "coordinates": [ -117.314658, 34.186465 ] } },
{ "type": "Feature", "properties": { "decimalLatitude": 32.648267, "decimalLongitude": -116.107803, "eventDate": "2023-05-24T14:45:22Z", "countryCode": "US" }, "geometry": { "type": "Point", "coordinates": [ -116.107803, 32.648267 ] } },
{ "type": "Feature", "properties": { "decimalLatitude": 33.692892, "decimalLongitude": -116.710447, "eventDate": "2023-05-24T10:41:00Z", "countryCode": "US" }, "geometry": { "type": "Point", "coordinates": [ -116.710447, 33.692892 ] } },
{ "type": "Feature", "properties": { "decimalLatitude": 36.054504, "decimalLongitude": -112.143929, "eventDate": "2023-05-09T11:51:18Z", "countryCode": "US" }, "geometry": { "type": "Point", "coordinates": [ -112.143929, 36.054504 ] } },
{ "type": "Feature", "properties": { "decimalLatitude": 34.006722, "decimalLongitude": -116.571095, "eventDate": "2023-05-18T09:37:38Z", "countryCode": "US" }, "geometry": { "type": "Point", "coordinates": [ -116.571095, 34.006722 ] } },
{ "type": "Feature", "properties": { "decimalLatitude": 33.604863, "decimalLongitude": -116.438734, "eventDate": "2023-05-27T13:43:09Z", "countryCode": "US" }, "geometry": { "type": "Point", "coordinates": [ -116.438734, 33.604863 ] } },
{ "type": "Feature", "properties": { "decimalLatitude": 33.601101, "decimalLongitude": -116.430765, "eventDate": "2023-05-24T14:07:01Z", "countryCode": "US" }, "geometry": { "type": "Point", "coordinates": [ -116.430765, 33.601101 ] } },
{ "type": "Feature", "properties": { "decimalLatitude": 33.602324, "decimalLongitude": -116.440128, "eventDate": "2023-05-28T11:47:44Z", "countryCode": "US" }, "geometry": { "type": "Point", "coordinates": [ -116.440128, 33.602324 ] } },
{ "type": "Feature", "properties": { "decimalLatitude": 33.648655, "decimalLongitude": -116.424395, "eventDate": "2023-05-23T12:56:49Z", "countryCode": "US" }, "geometry": { "type": "Point", "coordinates": [ -116.424395, 33.648655 ] } },
{ "type": "Feature", "properties": { "decimalLatitude": 35.788931, "decimalLongitude": -115.869683, "eventDate": "2023-05-17T13:22:14Z", "countryCode": "US" }, "geometry": { "type": "Point", "coordinates": [ -115.869683, 35.788931 ] } },
{ "type": "Feature", "properties": { "decimalLatitude": 34.047443, "decimalLongitude": -116.56701, "eventDate": "2023-05-23T09:28:00Z", "countryCode": "US" }, "geometry": { "type": "Point", "coordinates": [ -116.56701, 34.047443 ] } },
{ "type": "Feature", "properties": { "decimalLatitude": 33.600274, "decimalLongitude": -116.437332, "eventDate": "2023-05-28T13:49:01Z", "countryCode": "US" }, "geometry": { "type": "Point", "coordinates": [ -116.437332, 33.600274 ] } },
{ "type": "Feature", "properties": { "decimalLatitude": 33.837134, "decimalLongitude": -116.614485, "eventDate": "2023-05-29T10:18:00Z", "countryCode": "US" }, "geometry": { "type": "Point", "coordinates": [ -116.614485, 33.837134 ] } },
{ "type": "Feature", "properties": { "decimalLatitude": 32.662997, "decimalLongitude": -116.136689, "eventDate": "2023-05-28T13:19:41Z", "countryCode": "US" }, "geometry": { "type": "Point", "coordinates": [ -116.136689, 32.662997 ] } },
{ "type": "Feature", "properties": { "decimalLatitude": 33.988007, "decimalLongitude": -116.658573, "eventDate": "2023-05-25T06:04:00Z", "countryCode": "US" }, "geometry": { "type": "Point", "coordinates": [ -116.658573, 33.988007 ] } },
{ "type": "Feature", "properties": { "decimalLatitude": 33.605185, "decimalLongitude": -116.438011, "eventDate": "2023-05-30T13:06:01Z", "countryCode": "US" }, "geometry": { "type": "Point", "coordinates": [ -116.438011, 33.605185 ] } },
{ "type": "Feature", "properties": { "decimalLatitude": 33.688615, "decimalLongitude": -116.388564, "eventDate": "2023-05-27T13:44:58Z", "countryCode": "US" }, "geometry": { "type": "Point", "coordinates": [ -116.388564, 33.688615 ] } },
{ "type": "Feature", "properties": { "decimalLatitude": 34.052758, "decimalLongitude": -116.567262, "eventDate": "2023-05-27T07:46:54Z", "countryCode": "US" }, "geometry": { "type": "Point", "coordinates": [ -116.567262, 34.052758 ] } },
{ "type": "Feature", "properties": { "decimalLatitude": 34.043941, "decimalLongitude": -116.567317, "eventDate": "2023-05-28T15:21:21Z", "countryCode": "US" }, "geometry": { "type": "Point", "coordinates": [ -116.567317, 34.043941 ] } },
{ "type": "Feature", "properties": { "decimalLatitude": 34.876866, "decimalLongitude": -115.042774, "eventDate": "2023-05-11T18:48:00Z", "countryCode": "US" }, "geometry": { "type": "Point", "coordinates": [ -115.042774, 34.876866 ] } },
{ "type": "Feature", "properties": { "decimalLatitude": 33.979405, "decimalLongitude": -116.654297, "eventDate": "2023-05-28T09:34:56Z", "countryCode": "US" }, "geometry": { "type": "Point", "coordinates": [ -116.654297, 33.979405 ] } },
{ "type": "Feature", "properties": { "decimalLatitude": 33.035647, "decimalLongitude": -116.587797, "eventDate": "2023-05-28T15:24:00Z", "countryCode": "US" }, "geometry": { "type": "Point", "coordinates": [ -116.587797, 33.035647 ] } },
{ "type": "Feature", "properties": { "decimalLatitude": 33.010864, "decimalLongitude": -116.395195, "eventDate": "2023-05-28T11:19:55Z", "countryCode": "US" }, "geometry": { "type": "Point", "coordinates": [ -116.395195, 33.010864 ] } },
{ "type": "Feature", "properties": { "decimalLatitude": 33.227119, "decimalLongitude": -116.462303, "eventDate": "2023-05-29T13:41:29Z", "countryCode": "US" }, "geometry": { "type": "Point", "coordinates": [ -116.462303, 33.227119 ] } },
{ "type": "Feature", "properties": { "decimalLatitude": 33.103357, "decimalLongitude": -116.424277, "eventDate": "2023-05-30T12:41:00Z", "countryCode": "US" }, "geometry": { "type": "Point", "coordinates": [ -116.424277, 33.103357 ] } },
{ "type": "Feature", "properties": { "decimalLatitude": 34.682711, "decimalLongitude": -115.131631, "eventDate": "2023-05-24T10:22:00Z", "countryCode": "US" }, "geometry": { "type": "Point", "coordinates": [ -115.131631, 34.682711 ] } },
{ "type": "Feature", "properties": { "decimalLatitude": 34.035364, "decimalLongitude": -116.563476, "eventDate": "2023-05-27T15:42:00Z", "countryCode": "US" }, "geometry": { "type": "Point", "coordinates": [ -116.563476, 34.035364 ] } },
{ "type": "Feature", "properties": { "decimalLatitude": 33.049764, "decimalLongitude": -116.568528, "eventDate": "2023-05-29T15:40:23Z", "countryCode": "US" }, "geometry": { "type": "Point", "coordinates": [ -116.568528, 33.049764 ] } },
{ "type": "Feature", "properties": { "decimalLatitude": 32.911567, "decimalLongitude": -116.454195, "eventDate": "2023-05-29T13:21:18Z", "countryCode": "US" }, "geometry": { "type": "Point", "coordinates": [ -116.454195, 32.911567 ] } },
{ "type": "Feature", "properties": { "decimalLatitude": 34.047583, "decimalLongitude": -116.566633, "eventDate": "2023-05-28T15:04:28Z", "countryCode": "US" }, "geometry": { "type": "Point", "coordinates": [ -116.566633, 34.047583 ] } },
{ "type": "Feature", "properties": { "decimalLatitude": 34.029867, "decimalLongitude": -116.555812, "eventDate": "2023-05-27T14:47:00Z", "countryCode": "US" }, "geometry": { "type": "Point", "coordinates": [ -116.555812, 34.029867 ] } },
{ "type": "Feature", "properties": { "decimalLatitude": 34.047774, "decimalLongitude": -116.566464, "eventDate": "2023-05-28T14:46:24Z", "countryCode": "US" }, "geometry": { "type": "Point", "coordinates": [ -116.566464, 34.047774 ] } },
{ "type": "Feature", "properties": { "decimalLatitude": 33.109588, "decimalLongitude": -116.431986, "eventDate": "2023-05-08T09:33:00Z", "countryCode": "US" }, "geometry": { "type": "Point", "coordinates": [ -116.431986, 33.109588 ] } },
{ "type": "Feature", "properties": { "decimalLatitude": 34.15385, "decimalLongitude": -116.53352, "eventDate": "2023-05-15T09:38:00Z", "countryCode": "US" }, "geometry": { "type": "Point", "coordinates": [ -116.53352, 34.15385 ] } },
{ "type": "Feature", "properties": { "decimalLatitude": 33.144836, "decimalLongitude": -116.539057, "eventDate": "2023-05-27T14:54:00Z", "countryCode": "US" }, "geometry": { "type": "Point", "coordinates": [ -116.539057, 33.144836 ] } },
{ "type": "Feature", "properties": { "decimalLatitude": 33.118586, "decimalLongitude": -116.435954, "eventDate": "2023-05-27T15:25:00Z", "countryCode": "US" }, "geometry": { "type": "Point", "coordinates": [ -116.435954, 33.118586 ] } },
{ "type": "Feature", "properties": { "decimalLatitude": 36.438193, "decimalLongitude": -115.358529, "eventDate": "2023-05-04T12:11:00Z", "countryCode": "US" }, "geometry": { "type": "Point", "coordinates": [ -115.358529, 36.438193 ] } },
{ "type": "Feature", "properties": { "decimalLatitude": 35.194024, "decimalLongitude": -114.078752, "eventDate": "2023-05-17T12:08:00Z", "countryCode": "US" }, "geometry": { "type": "Point", "coordinates": [ -114.078752, 35.194024 ] } },
{ "type": "Feature", "properties": { "decimalLatitude": 33.130014, "decimalLongitude": -116.430938, "eventDate": "2023-05-24T12:32:37Z", "countryCode": "US" }, "geometry": { "type": "Point", "coordinates": [ -116.430938, 33.130014 ] } },
{ "type": "Feature", "properties": { "decimalLatitude": 36.439541, "decimalLongitude": -115.360597, "eventDate": "2023-05-26T07:58:00Z", "countryCode": "US" }, "geometry": { "type": "Point", "coordinates": [ -115.360597, 36.439541 ] } },
{ "type": "Feature", "properties": { "decimalLatitude": 35.204145, "decimalLongitude": -114.082879, "eventDate": "2023-05-09T16:12:13Z", "countryCode": "US" }, "geometry": { "type": "Point", "coordinates": [ -114.082879, 35.204145 ] } },
{ "type": "Feature", "properties": { "decimalLatitude": 34.107108, "decimalLongitude": -116.334853, "eventDate": "2023-05-02T15:07:18Z", "countryCode": "US" }, "geometry": { "type": "Point", "coordinates": [ -116.334853, 34.107108 ] } },
{ "type": "Feature", "properties": { "decimalLatitude": 36.124986, "decimalLongitude": -115.477873, "eventDate": "2023-05-02T13:01:00Z", "countryCode": "US" }, "geometry": { "type": "Point", "coordinates": [ -115.477873, 36.124986 ] } },
{ "type": "Feature", "properties": { "decimalLatitude": 34.015481, "decimalLongitude": -116.074714, "eventDate": "2023-05-07T11:49:00Z", "countryCode": "US" }, "geometry": { "type": "Point", "coordinates": [ -116.074714, 34.015481 ] } },
{ "type": "Feature", "properties": { "decimalLatitude": 33.750356, "decimalLongitude": -116.548651, "eventDate": "2023-05-12T09:41:00Z", "countryCode": "US" }, "geometry": { "type": "Point", "coordinates": [ -116.548651, 33.750356 ] } },
{ "type": "Feature", "properties": { "decimalLatitude": 36.076458, "decimalLongitude": -115.002732, "eventDate": "2023-05-01T10:40:00Z", "countryCode": "US" }, "geometry": { "type": "Point", "coordinates": [ -115.002732, 36.076458 ] } },
{ "type": "Feature", "properties": { "decimalLatitude": 35.425527, "decimalLongitude": -114.18029, "eventDate": "2023-05-14T10:46:21Z", "countryCode": "US" }, "geometry": { "type": "Point", "coordinates": [ -114.18029, 35.425527 ] } },
{ "type": "Feature", "properties": { "decimalLatitude": 36.016244, "decimalLongitude": -114.930666, "eventDate": "2023-05-24T15:44:00Z", "countryCode": "US" }, "geometry": { "type": "Point", "coordinates": [ -114.930666, 36.016244 ] } },
{ "type": "Feature", "properties": { "decimalLatitude": 34.7828, "decimalLongitude": -115.6508, "eventDate": "2023-05-06T00:00:00Z", "countryCode": "US" }, "geometry": { "type": "Point", "coordinates": [ -115.6508, 34.7828 ] } },
{ "type": "Feature", "properties": { "decimalLatitude": 33.988318, "decimalLongitude": -116.655754, "eventDate": "2023-06-02T09:43:00Z", "countryCode": "US" }, "geometry": { "type": "Point", "coordinates": [ -116.655754, 33.988318 ] } },
{ "type": "Feature", "properties": { "decimalLatitude": 33.60507, "decimalLongitude": -116.438909, "eventDate": "2023-06-01T09:43:19Z", "countryCode": "US" }, "geometry": { "type": "Point", "coordinates": [ -116.438909, 33.60507 ] } },
{ "type": "Feature", "properties": { "decimalLatitude": 33.605125, "decimalLongitude": -116.439001, "eventDate": "2023-06-01T09:42:35Z", "countryCode": "US" }, "geometry": { "type": "Point", "coordinates": [ -116.439001, 33.605125 ] } },
{ "type": "Feature", "properties": { "decimalLatitude": 33.604841, "decimalLongitude": -116.439139, "eventDate": "2023-06-03T07:54:56Z", "countryCode": "US" }, "geometry": { "type": "Point", "coordinates": [ -116.439139, 33.604841 ] } },
{ "type": "Feature", "properties": { "decimalLatitude": 33.988318, "decimalLongitude": -116.655754, "eventDate": "2023-06-02T09:43:00Z", "countryCode": "US" }, "geometry": { "type": "Point", "coordinates": [ -116.655754, 33.988318 ] } },
{ "type": "Feature", "properties": { "decimalLatitude": 33.605266, "decimalLongitude": -116.439179, "eventDate": "2023-06-05T09:10:22Z", "countryCode": "US" }, "geometry": { "type": "Point", "coordinates": [ -116.439179, 33.605266 ] } },
{ "type": "Feature", "properties": { "decimalLatitude": 33.602187, "decimalLongitude": -116.440266, "eventDate": "2023-06-04T10:19:43Z", "countryCode": "US" }, "geometry": { "type": "Point", "coordinates": [ -116.440266, 33.602187 ] } },
{ "type": "Feature", "properties": { "decimalLatitude": 33.604766, "decimalLongitude": -116.43924, "eventDate": "2023-06-03T14:07:30Z", "countryCode": "US" }, "geometry": { "type": "Point", "coordinates": [ -116.43924, 33.604766 ] } },
{ "type": "Feature", "properties": { "decimalLatitude": 33.980422, "decimalLongitude": -116.659758, "eventDate": "2023-06-04T11:04:13Z", "countryCode": "US" }, "geometry": { "type": "Point", "coordinates": [ -116.659758, 33.980422 ] } },
{ "type": "Feature", "properties": { "decimalLatitude": 33.988318, "decimalLongitude": -116.655754, "eventDate": "2023-06-02T09:43:00Z", "countryCode": "US" }, "geometry": { "type": "Point", "coordinates": [ -116.655754, 33.988318 ] } },
{ "type": "Feature", "properties": { "decimalLatitude": 33.009258, "decimalLongitude": -116.536562, "eventDate": "2023-06-04T16:47:30Z", "countryCode": "US" }, "geometry": { "type": "Point", "coordinates": [ -116.536562, 33.009258 ] } },
{ "type": "Feature", "properties": { "decimalLatitude": 32.245327, "decimalLongitude": -115.993727, "eventDate": "2023-06-02T14:08:35Z", "countryCode": "MX" }, "geometry": { "type": "Point", "coordinates": [ -115.993727, 32.245327 ] } },
{ "type": "Feature", "properties": { "decimalLatitude": 34.237654, "decimalLongitude": -116.645549, "eventDate": "2023-06-05T20:40:06Z", "countryCode": "US" }, "geometry": { "type": "Point", "coordinates": [ -116.645549, 34.237654 ] } },
{ "type": "Feature", "properties": { "decimalLatitude": 33.775036, "decimalLongitude": -111.84616, "eventDate": "2023-06-03T00:00:00Z", "countryCode": "US" }, "geometry": { "type": "Point", "coordinates": [ -111.84616, 33.775036 ] } },
{ "type": "Feature", "properties": { "decimalLatitude": 33.604819, "decimalLongitude": -116.438918, "eventDate": "2023-06-05T13:22:50Z", "countryCode": "US" }, "geometry": { "type": "Point", "coordinates": [ -116.438918, 33.604819 ] } },
{ "type": "Feature", "properties": { "decimalLatitude": 33.980553, "decimalLongitude": -116.657928, "eventDate": "2023-06-04T10:42:57Z", "countryCode": "US" }, "geometry": { "type": "Point", "coordinates": [ -116.657928, 33.980553 ] } },
{ "type": "Feature", "properties": { "decimalLatitude": 37.141169, "decimalLongitude": -113.475494, "eventDate": "2023-06-06T00:00:00Z", "countryCode": "US" }, "geometry": { "type": "Point", "coordinates": [ -113.475494, 37.141169 ] } },
{ "type": "Feature", "properties": { "decimalLatitude": 33.261825, "decimalLongitude": -116.621758, "eventDate": "2023-06-05T13:09:22Z", "countryCode": "US" }, "geometry": { "type": "Point", "coordinates": [ -116.621758, 33.261825 ] } },
{ "type": "Feature", "properties": { "decimalLatitude": 34.121047, "decimalLongitude": -116.121137, "eventDate": "2023-06-07T14:49:00Z", "countryCode": "US" }, "geometry": { "type": "Point", "coordinates": [ -116.121137, 34.121047 ] } },
{ "type": "Feature", "properties": { "decimalLatitude": 33.015077, "decimalLongitude": -116.449739, "eventDate": "2023-06-11T13:02:00Z", "countryCode": "US" }, "geometry": { "type": "Point", "coordinates": [ -116.449739, 33.015077 ] } },
{ "type": "Feature", "properties": { "decimalLatitude": 33.604791, "decimalLongitude": -116.439144, "eventDate": "2023-06-06T12:08:37Z", "countryCode": "US" }, "geometry": { "type": "Point", "coordinates": [ -116.439144, 33.604791 ] } },
{ "type": "Feature", "properties": { "decimalLatitude": 34.116135, "decimalLongitude": -116.106723, "eventDate": "2023-06-07T16:10:00Z", "countryCode": "US" }, "geometry": { "type": "Point", "coordinates": [ -116.106723, 34.116135 ] } },
{ "type": "Feature", "properties": { "decimalLatitude": 34.118265, "decimalLongitude": -116.111912, "eventDate": "2023-06-11T08:58:23Z", "countryCode": "US" }, "geometry": { "type": "Point", "coordinates": [ -116.111912, 34.118265 ] } },
{ "type": "Feature", "properties": { "decimalLatitude": 33.403583, "decimalLongitude": -116.760583, "eventDate": "2023-06-09T09:42:02Z", "countryCode": "US" }, "geometry": { "type": "Point", "coordinates": [ -116.760583, 33.403583 ] } },
{ "type": "Feature", "properties": { "decimalLatitude": 33.009255, "decimalLongitude": -116.536602, "eventDate": "2023-06-07T10:35:00Z", "countryCode": "US" }, "geometry": { "type": "Point", "coordinates": [ -116.536602, 33.009255 ] } },
{ "type": "Feature", "properties": { "decimalLatitude": 32.800262, "decimalLongitude": -116.337172, "eventDate": "2023-06-07T12:30:59Z", "countryCode": "US" }, "geometry": { "type": "Point", "coordinates": [ -116.337172, 32.800262 ] } },
{ "type": "Feature", "properties": { "decimalLatitude": 33.604591, "decimalLongitude": -116.43868, "eventDate": "2023-06-08T08:42:51Z", "countryCode": "US" }, "geometry": { "type": "Point", "coordinates": [ -116.43868, 33.604591 ] } },
{ "type": "Feature", "properties": { "decimalLatitude": 34.109578, "decimalLongitude": -116.367999, "eventDate": "2023-06-05T10:01:47Z", "countryCode": "US" }, "geometry": { "type": "Point", "coordinates": [ -116.367999, 34.109578 ] } },
{ "type": "Feature", "properties": { "decimalLatitude": 34.068433, "decimalLongitude": -116.387157, "eventDate": "2023-06-06T10:44:00Z", "countryCode": "US" }, "geometry": { "type": "Point", "coordinates": [ -116.387157, 34.068433 ] } },
{ "type": "Feature", "properties": { "decimalLatitude": 33.602244, "decimalLongitude": -116.439941, "eventDate": "2023-06-07T11:04:53Z", "countryCode": "US" }, "geometry": { "type": "Point", "coordinates": [ -116.439941, 33.602244 ] } },
{ "type": "Feature", "properties": { "decimalLatitude": 33.604556, "decimalLongitude": -116.438647, "eventDate": "2023-06-08T08:42:51Z", "countryCode": "US" }, "geometry": { "type": "Point", "coordinates": [ -116.438647, 33.604556 ] } },
{ "type": "Feature", "properties": { "decimalLatitude": 34.118936, "decimalLongitude": -116.112109, "eventDate": "2023-06-07T15:37:00Z", "countryCode": "US" }, "geometry": { "type": "Point", "coordinates": [ -116.112109, 34.118936 ] } },
{ "type": "Feature", "properties": { "decimalLatitude": 33.663286, "decimalLongitude": -116.577469, "eventDate": "2023-06-09T13:31:00Z", "countryCode": "US" }, "geometry": { "type": "Point", "coordinates": [ -116.577469, 33.663286 ] } },
{ "type": "Feature", "properties": { "decimalLatitude": 32.895823, "decimalLongitude": -116.572743, "eventDate": "2023-06-09T00:00:00Z", "countryCode": "US" }, "geometry": { "type": "Point", "coordinates": [ -116.572743, 32.895823 ] } },
{ "type": "Feature", "properties": { "decimalLatitude": 34.305894, "decimalLongitude": -116.898567, "eventDate": "2023-06-09T14:49:03Z", "countryCode": "US" }, "geometry": { "type": "Point", "coordinates": [ -116.898567, 34.305894 ] } },
{ "type": "Feature", "properties": { "decimalLatitude": 33.60541, "decimalLongitude": -116.439183, "eventDate": "2023-06-09T08:59:47Z", "countryCode": "US" }, "geometry": { "type": "Point", "coordinates": [ -116.439183, 33.60541 ] } },
{ "type": "Feature", "properties": { "decimalLatitude": 33.015671, "decimalLongitude": -116.450034, "eventDate": "2023-06-11T13:35:00Z", "countryCode": "US" }, "geometry": { "type": "Point", "coordinates": [ -116.450034, 33.015671 ] } },
{ "type": "Feature", "properties": { "decimalLatitude": 33.10276, "decimalLongitude": -116.489878, "eventDate": "2023-06-11T10:49:00Z", "countryCode": "US" }, "geometry": { "type": "Point", "coordinates": [ -116.489878, 33.10276 ] } },
{ "type": "Feature", "properties": { "decimalLatitude": 33.672825, "decimalLongitude": -116.57573, "eventDate": "2023-06-09T12:10:31Z", "countryCode": "US" }, "geometry": { "type": "Point", "coordinates": [ -116.57573, 33.672825 ] } },
{ "type": "Feature", "properties": { "decimalLatitude": 34.121092, "decimalLongitude": -116.121223, "eventDate": "2023-06-07T14:50:00Z", "countryCode": "US" }, "geometry": { "type": "Point", "coordinates": [ -116.121223, 34.121092 ] } },
{ "type": "Feature", "properties": { "decimalLatitude": 32.89546, "decimalLongitude": -116.565145, "eventDate": "2023-06-09T00:00:00Z", "countryCode": "US" }, "geometry": { "type": "Point", "coordinates": [ -116.565145, 32.89546 ] } },
{ "type": "Feature", "properties": { "decimalLatitude": 34.001125, "decimalLongitude": -116.61318, "eventDate": "2023-06-11T15:29:05Z", "countryCode": "US" }, "geometry": { "type": "Point", "coordinates": [ -116.61318, 34.001125 ] } },
{ "type": "Feature", "properties": { "decimalLatitude": 33.60465, "decimalLongitude": -116.43868, "eventDate": "2023-06-12T11:08:31Z", "countryCode": "US" }, "geometry": { "type": "Point", "coordinates": [ -116.43868, 33.60465 ] } },
{ "type": "Feature", "properties": { "decimalLatitude": 33.6633, "decimalLongitude": -116.577462, "eventDate": "2023-06-09T14:31:42Z", "countryCode": "US" }, "geometry": { "type": "Point", "coordinates": [ -116.577462, 33.6633 ] } },
{ "type": "Feature", "properties": { "decimalLatitude": 33.665245, "decimalLongitude": -116.576072, "eventDate": "2023-06-09T11:13:26Z", "countryCode": "US" }, "geometry": { "type": "Point", "coordinates": [ -116.576072, 33.665245 ] } },
{ "type": "Feature", "properties": { "decimalLatitude": 33.607959, "decimalLongitude": -116.431111, "eventDate": "2023-06-14T09:56:42Z", "countryCode": "US" }, "geometry": { "type": "Point", "coordinates": [ -116.431111, 33.607959 ] } },
{ "type": "Feature", "properties": { "decimalLatitude": 33.846648, "decimalLongitude": -116.640057, "eventDate": "2023-06-02T16:44:14Z", "countryCode": "US" }, "geometry": { "type": "Point", "coordinates": [ -116.640057, 33.846648 ] } },
{ "type": "Feature", "properties": { "decimalLatitude": 36.616053, "decimalLongitude": -114.075686, "eventDate": "2023-06-07T13:17:23Z", "countryCode": "US" }, "geometry": { "type": "Point", "coordinates": [ -114.075686, 36.616053 ] } },
{ "type": "Feature", "properties": { "decimalLatitude": 34.129786, "decimalLongitude": -116.438806, "eventDate": "2023-06-10T13:26:00Z", "countryCode": "US" }, "geometry": { "type": "Point", "coordinates": [ -116.438806, 34.129786 ] } },
{ "type": "Feature", "properties": { "decimalLatitude": 32.809692, "decimalLongitude": -116.615908, "eventDate": "2023-06-17T14:13:36Z", "countryCode": "US" }, "geometry": { "type": "Point", "coordinates": [ -116.615908, 32.809692 ] } },
{ "type": "Feature", "properties": { "decimalLatitude": 34.829515, "decimalLongitude": -111.894888, "eventDate": "2023-06-15T11:48:00Z", "countryCode": "US" }, "geometry": { "type": "Point", "coordinates": [ -111.894888, 34.829515 ] } },
{ "type": "Feature", "properties": { "decimalLatitude": 32.940077, "decimalLongitude": -116.485869, "eventDate": "2023-06-14T02:07:56Z", "countryCode": "US" }, "geometry": { "type": "Point", "coordinates": [ -116.485869, 32.940077 ] } },
{ "type": "Feature", "properties": { "decimalLatitude": 34.047502, "decimalLongitude": -116.566772, "eventDate": "2023-06-11T11:32:00Z", "countryCode": "US" }, "geometry": { "type": "Point", "coordinates": [ -116.566772, 34.047502 ] } },
{ "type": "Feature", "properties": { "decimalLatitude": 36.139466, "decimalLongitude": -115.11544, "eventDate": "2023-06-16T14:59:35Z", "countryCode": "US" }, "geometry": { "type": "Point", "coordinates": [ -115.11544, 36.139466 ] } },
{ "type": "Feature", "properties": { "decimalLatitude": 33.602065, "decimalLongitude": -116.440357, "eventDate": "2023-06-14T14:31:49Z", "countryCode": "US" }, "geometry": { "type": "Point", "coordinates": [ -116.440357, 33.602065 ] } },
{ "type": "Feature", "properties": { "decimalLatitude": 34.074182, "decimalLongitude": -116.400607, "eventDate": "2023-06-13T09:26:00Z", "countryCode": "US" }, "geometry": { "type": "Point", "coordinates": [ -116.400607, 34.074182 ] } },
{ "type": "Feature", "properties": { "decimalLatitude": 35.408355, "decimalLongitude": -115.59002, "eventDate": "2023-06-13T15:34:15Z", "countryCode": "US" }, "geometry": { "type": "Point", "coordinates": [ -115.59002, 35.408355 ] } },
{ "type": "Feature", "properties": { "decimalLatitude": 32.840731, "decimalLongitude": -116.636227, "eventDate": "2023-06-21T10:49:00Z", "countryCode": "US" }, "geometry": { "type": "Point", "coordinates": [ -116.636227, 32.840731 ] } },
{ "type": "Feature", "properties": { "decimalLatitude": 33.605081, "decimalLongitude": -116.438976, "eventDate": "2023-06-18T11:00:41Z", "countryCode": "US" }, "geometry": { "type": "Point", "coordinates": [ -116.438976, 33.605081 ] } },
{ "type": "Feature", "properties": { "decimalLatitude": 33.093123, "decimalLongitude": -116.453604, "eventDate": "2023-06-17T11:51:35Z", "countryCode": "US" }, "geometry": { "type": "Point", "coordinates": [ -116.453604, 33.093123 ] } },
{ "type": "Feature", "properties": { "decimalLatitude": 34.781564, "decimalLongitude": -115.653722, "eventDate": "2023-06-17T14:55:00Z", "countryCode": "US" }, "geometry": { "type": "Point", "coordinates": [ -115.653722, 34.781564 ] } },
{ "type": "Feature", "properties": { "decimalLatitude": 32.827044, "decimalLongitude": -116.625332, "eventDate": "2023-06-17T11:56:00Z", "countryCode": "US" }, "geometry": { "type": "Point", "coordinates": [ -116.625332, 32.827044 ] } },
{ "type": "Feature", "properties": { "decimalLatitude": 32.747739, "decimalLongitude": -116.266572, "eventDate": "2023-06-14T11:58:00Z", "countryCode": "US" }, "geometry": { "type": "Point", "coordinates": [ -116.266572, 32.747739 ] } },
{ "type": "Feature", "properties": { "decimalLatitude": 32.966491, "decimalLongitude": -116.703646, "eventDate": "2023-06-17T09:57:00Z", "countryCode": "US" }, "geometry": { "type": "Point", "coordinates": [ -116.703646, 32.966491 ] } },
{ "type": "Feature", "properties": { "decimalLatitude": 32.872727, "decimalLongitude": -116.725021, "eventDate": "2023-06-17T09:56:00Z", "countryCode": "US" }, "geometry": { "type": "Point", "coordinates": [ -116.725021, 32.872727 ] } },
{ "type": "Feature", "properties": { "decimalLatitude": 32.859707, "decimalLongitude": -116.462832, "eventDate": "2023-06-17T09:46:00Z", "countryCode": "US" }, "geometry": { "type": "Point", "coordinates": [ -116.462832, 32.859707 ] } },
{ "type": "Feature", "properties": { "decimalLatitude": 32.976993, "decimalLongitude": -116.636728, "eventDate": "2023-06-17T10:56:00Z", "countryCode": "US" }, "geometry": { "type": "Point", "coordinates": [ -116.636728, 32.976993 ] } },
{ "type": "Feature", "properties": { "decimalLatitude": 37.101289, "decimalLongitude": -111.873209, "eventDate": "2023-06-12T09:26:00Z", "countryCode": "US" }, "geometry": { "type": "Point", "coordinates": [ -111.873209, 37.101289 ] } },
{ "type": "Feature", "properties": { "decimalLatitude": 36.36013, "decimalLongitude": -117.037896, "eventDate": "2023-06-22T12:59:00Z", "countryCode": "US" }, "geometry": { "type": "Point", "coordinates": [ -117.037896, 36.36013 ] } },
{ "type": "Feature", "properties": { "decimalLatitude": 33.210467, "decimalLongitude": -116.458705, "eventDate": "2023-06-01T14:41:38Z", "countryCode": "US" }, "geometry": { "type": "Point", "coordinates": [ -116.458705, 33.210467 ] } },
{ "type": "Feature", "properties": { "decimalLatitude": 32.867464, "decimalLongitude": -116.418793, "eventDate": "2023-06-10T13:10:29Z", "countryCode": "US" }, "geometry": { "type": "Point", "coordinates": [ -116.418793, 32.867464 ] } },
{ "type": "Feature", "properties": { "decimalLatitude": 33.100609, "decimalLongitude": -116.47898, "eventDate": "2023-06-15T08:52:00Z", "countryCode": "US" }, "geometry": { "type": "Point", "coordinates": [ -116.47898, 33.100609 ] } },
{ "type": "Feature", "properties": { "decimalLatitude": 32.818155, "decimalLongitude": -116.616831, "eventDate": "2023-06-17T10:01:00Z", "countryCode": "US" }, "geometry": { "type": "Point", "coordinates": [ -116.616831, 32.818155 ] } },
{ "type": "Feature", "properties": { "decimalLatitude": 32.956375, "decimalLongitude": -116.605068, "eventDate": "2023-06-03T14:43:00Z", "countryCode": "US" }, "geometry": { "type": "Point", "coordinates": [ -116.605068, 32.956375 ] } },
{ "type": "Feature", "properties": { "decimalLatitude": 32.820815, "decimalLongitude": -116.623371, "eventDate": "2023-06-15T09:31:00Z", "countryCode": "US" }, "geometry": { "type": "Point", "coordinates": [ -116.623371, 32.820815 ] } },
{ "type": "Feature", "properties": { "decimalLatitude": 32.896293, "decimalLongitude": -116.481114, "eventDate": "2023-06-18T10:52:09Z", "countryCode": "US" }, "geometry": { "type": "Point", "coordinates": [ -116.481114, 32.896293 ] } },
{ "type": "Feature", "properties": { "decimalLatitude": 33.632225, "decimalLongitude": -116.444862, "eventDate": "2023-06-17T13:33:57Z", "countryCode": "US" }, "geometry": { "type": "Point", "coordinates": [ -116.444862, 33.632225 ] } },
{ "type": "Feature", "properties": { "decimalLatitude": 33.632122, "decimalLongitude": -116.444826, "eventDate": "2023-06-17T13:33:39Z", "countryCode": "US" }, "geometry": { "type": "Point", "coordinates": [ -116.444826, 33.632122 ] } },
{ "type": "Feature", "properties": { "decimalLatitude": 32.889063, "decimalLongitude": -117.240414, "eventDate": "2023-06-09T16:33:59Z", "countryCode": "US" }, "geometry": { "type": "Point", "coordinates": [ -117.240414, 32.889063 ] } },
{ "type": "Feature", "properties": { "decimalLatitude": 33.648169, "decimalLongitude": -116.442704, "eventDate": "2023-06-17T13:32:52Z", "countryCode": "US" }, "geometry": { "type": "Point", "coordinates": [ -116.442704, 33.648169 ] } },
{ "type": "Feature", "properties": { "decimalLatitude": 36.157667, "decimalLongitude": -115.49246, "eventDate": "2023-06-16T13:59:50Z", "countryCode": "US" }, "geometry": { "type": "Point", "coordinates": [ -115.49246, 36.157667 ] } },
{ "type": "Feature", "properties": { "decimalLatitude": 33.279758, "decimalLongitude": -116.43219, "eventDate": "2023-06-14T08:40:00Z", "countryCode": "US" }, "geometry": { "type": "Point", "coordinates": [ -116.43219, 33.279758 ] } },
{ "type": "Feature", "properties": { "decimalLatitude": 33.80546, "decimalLongitude": -116.558734, "eventDate": "2023-06-22T10:25:00Z", "countryCode": "US" }, "geometry": { "type": "Point", "coordinates": [ -116.558734, 33.80546 ] } },
{ "type": "Feature", "properties": { "decimalLatitude": 33.278964, "decimalLongitude": -116.429559, "eventDate": "2023-06-11T10:04:00Z", "countryCode": "US" }, "geometry": { "type": "Point", "coordinates": [ -116.429559, 33.278964 ] } },
{ "type": "Feature", "properties": { "decimalLatitude": 32.806448, "decimalLongitude": -116.616588, "eventDate": "2023-06-17T14:15:51Z", "countryCode": "US" }, "geometry": { "type": "Point", "coordinates": [ -116.616588, 32.806448 ] } },
{ "type": "Feature", "properties": { "decimalLatitude": 35.449545, "decimalLongitude": -115.430861, "eventDate": "2023-06-13T15:36:00Z", "countryCode": "US" }, "geometry": { "type": "Point", "coordinates": [ -115.430861, 35.449545 ] } },
{ "type": "Feature", "properties": { "decimalLatitude": 33.998925, "decimalLongitude": -116.120589, "eventDate": "2023-06-09T16:00:00Z", "countryCode": "US" }, "geometry": { "type": "Point", "coordinates": [ -116.120589, 33.998925 ] } },
{ "type": "Feature", "properties": { "decimalLatitude": 34.7828, "decimalLongitude": -115.6508, "eventDate": "2023-06-13T00:00:00Z", "countryCode": "US" }, "geometry": { "type": "Point", "coordinates": [ -115.6508, 34.7828 ] } },
{ "type": "Feature", "properties": { "decimalLatitude": 34.7828, "decimalLongitude": -115.6508, "eventDate": "2023-06-13T00:00:00Z", "countryCode": "US" }, "geometry": { "type": "Point", "coordinates": [ -115.6508, 34.7828 ] } },
{ "type": "Feature", "properties": { "decimalLatitude": 34.7828, "decimalLongitude": -115.6508, "eventDate": "2023-06-13T00:00:00Z", "countryCode": "US" }, "geometry": { "type": "Point", "coordinates": [ -115.6508, 34.7828 ] } },
{ "type": "Feature", "properties": { "decimalLatitude": 34.7828, "decimalLongitude": -115.6508, "eventDate": "2023-06-13T00:00:00Z", "countryCode": "US" }, "geometry": { "type": "Point", "coordinates": [ -115.6508, 34.7828 ] } },
{ "type": "Feature", "properties": { "decimalLatitude": 34.7828, "decimalLongitude": -115.6508, "eventDate": "2023-06-13T00:00:00Z", "countryCode": "US" }, "geometry": { "type": "Point", "coordinates": [ -115.6508, 34.7828 ] } },
{ "type": "Feature", "properties": { "decimalLatitude": 34.7828, "decimalLongitude": -115.6508, "eventDate": "2023-06-13T00:00:00Z", "countryCode": "US" }, "geometry": { "type": "Point", "coordinates": [ -115.6508, 34.7828 ] } },
{ "type": "Feature", "properties": { "decimalLatitude": 34.7828, "decimalLongitude": -115.6508, "eventDate": "2023-06-13T00:00:00Z", "countryCode": "US" }, "geometry": { "type": "Point", "coordinates": [ -115.6508, 34.7828 ] } },
{ "type": "Feature", "properties": { "decimalLatitude": 34.7828, "decimalLongitude": -115.6508, "eventDate": "2023-06-13T00:00:00Z", "countryCode": "US" }, "geometry": { "type": "Point", "coordinates": [ -115.6508, 34.7828 ] } },
{ "type": "Feature", "properties": { "decimalLatitude": 34.149, "decimalLongitude": -116.456, "eventDate": "2023-06-17T00:00:00Z", "countryCode": "US" }, "geometry": { "type": "Point", "coordinates": [ -116.456, 34.149 ] } },
{ "type": "Feature", "properties": { "decimalLatitude": 34.048614, "decimalLongitude": -116.568875, "eventDate": "2023-06-07T14:46:00Z", "countryCode": "US" }, "geometry": { "type": "Point", "coordinates": [ -116.568875, 34.048614 ] } },
{ "type": "Feature", "properties": { "decimalLatitude": 32.542657, "decimalLongitude": -114.821317, "eventDate": "2023-07-11T14:18:00Z", "countryCode": "MX" }, "geometry": { "type": "Point", "coordinates": [ -114.821317, 32.542657 ] } },
{ "type": "Feature", "properties": { "decimalLatitude": 33.605076, "decimalLongitude": -116.439317, "eventDate": "2023-08-31T14:26:27Z", "countryCode": "US" }, "geometry": { "type": "Point", "coordinates": [ -116.439317, 33.605076 ] } },
{ "type": "Feature", "properties": { "decimalLatitude": 35.929954, "decimalLongitude": -114.868155, "eventDate": "2023-08-19T08:19:43Z", "countryCode": "US" }, "geometry": { "type": "Point", "coordinates": [ -114.868155, 35.929954 ] } },
{ "type": "Feature", "properties": { "decimalLatitude": 33.60528, "decimalLongitude": -116.439178, "eventDate": "2023-09-05T08:24:04Z", "countryCode": "US" }, "geometry": { "type": "Point", "coordinates": [ -116.439178, 33.60528 ] } },
{ "type": "Feature", "properties": { "decimalLatitude": 33.605272, "decimalLongitude": -116.439155, "eventDate": "2023-09-01T12:00:48Z", "countryCode": "US" }, "geometry": { "type": "Point", "coordinates": [ -116.439155, 33.605272 ] } },
{ "type": "Feature", "properties": { "decimalLatitude": 33.605236, "decimalLongitude": -116.439137, "eventDate": "2023-09-02T12:24:20Z", "countryCode": "US" }, "geometry": { "type": "Point", "coordinates": [ -116.439137, 33.605236 ] } },
{ "type": "Feature", "properties": { "decimalLatitude": 33.604839, "decimalLongitude": -116.439226, "eventDate": "2023-09-04T08:21:03Z", "countryCode": "US" }, "geometry": { "type": "Point", "coordinates": [ -116.439226, 33.604839 ] } },
{ "type": "Feature", "properties": { "decimalLatitude": 33.604953, "decimalLongitude": -116.439459, "eventDate": "2023-09-03T15:20:29Z", "countryCode": "US" }, "geometry": { "type": "Point", "coordinates": [ -116.439459, 33.604953 ] } },
{ "type": "Feature", "properties": { "decimalLatitude": 33.604826, "decimalLongitude": -116.439229, "eventDate": "2023-09-01T10:09:22Z", "countryCode": "US" }, "geometry": { "type": "Point", "coordinates": [ -116.439229, 33.604826 ] } },
{ "type": "Feature", "properties": { "decimalLatitude": 33.604823, "decimalLongitude": -116.439334, "eventDate": "2023-09-01T15:18:42Z", "countryCode": "US" }, "geometry": { "type": "Point", "coordinates": [ -116.439334, 33.604823 ] } },
{ "type": "Feature", "properties": { "decimalLatitude": 33.605084, "decimalLongitude": -116.439349, "eventDate": "2023-09-03T09:23:11Z", "countryCode": "US" }, "geometry": { "type": "Point", "coordinates": [ -116.439349, 33.605084 ] } },
{ "type": "Feature", "properties": { "decimalLatitude": 34.093464, "decimalLongitude": -116.265555, "eventDate": "2023-09-05T09:44:35Z", "countryCode": "US" }, "geometry": { "type": "Point", "coordinates": [ -116.265555, 34.093464 ] } },
{ "type": "Feature", "properties": { "decimalLatitude": 33.605271, "decimalLongitude": -116.439177, "eventDate": "2023-09-08T08:33:51Z", "countryCode": "US" }, "geometry": { "type": "Point", "coordinates": [ -116.439177, 33.605271 ] } },
{ "type": "Feature", "properties": { "decimalLatitude": 33.605294, "decimalLongitude": -116.439165, "eventDate": "2023-09-07T13:08:14Z", "countryCode": "US" }, "geometry": { "type": "Point", "coordinates": [ -116.439165, 33.605294 ] } },
{ "type": "Feature", "properties": { "decimalLatitude": 33.604725, "decimalLongitude": -116.438899, "eventDate": "2023-09-07T09:04:40Z", "countryCode": "US" }, "geometry": { "type": "Point", "coordinates": [ -116.438899, 33.604725 ] } },
{ "type": "Feature", "properties": { "decimalLatitude": 33.96542, "decimalLongitude": -116.079431, "eventDate": "2023-09-02T14:43:23Z", "countryCode": "US" }, "geometry": { "type": "Point", "coordinates": [ -116.079431, 33.96542 ] } },
{ "type": "Feature", "properties": { "decimalLatitude": 33.022075, "decimalLongitude": -116.45768, "eventDate": "2023-09-10T11:19:02Z", "countryCode": "US" }, "geometry": { "type": "Point", "coordinates": [ -116.45768, 33.022075 ] } },
{ "type": "Feature", "properties": { "decimalLatitude": 33.605176, "decimalLongitude": -116.439037, "eventDate": "2023-09-28T11:46:05Z", "countryCode": "US" }, "geometry": { "type": "Point", "coordinates": [ -116.439037, 33.605176 ] } },
{ "type": "Feature", "properties": { "decimalLatitude": 33.722657, "decimalLongitude": -115.686722, "eventDate": "2023-09-30T09:50:20Z", "countryCode": "US" }, "geometry": { "type": "Point", "coordinates": [ -115.686722, 33.722657 ] } },
{ "type": "Feature", "properties": { "decimalLatitude": 34.119216, "decimalLongitude": -116.112025, "eventDate": "2023-09-27T12:11:50Z", "countryCode": "US" }, "geometry": { "type": "Point", "coordinates": [ -116.112025, 34.119216 ] } },
{ "type": "Feature", "properties": { "decimalLatitude": 34.029708, "decimalLongitude": -116.555863, "eventDate": "2023-09-28T11:04:00Z", "countryCode": "US" }, "geometry": { "type": "Point", "coordinates": [ -116.555863, 34.029708 ] } },
{ "type": "Feature", "properties": { "decimalLatitude": 34.75497, "decimalLongitude": -115.105592, "eventDate": "2023-09-12T11:19:25Z", "countryCode": "US" }, "geometry": { "type": "Point", "coordinates": [ -115.105592, 34.75497 ] } },
{ "type": "Feature", "properties": { "decimalLatitude": 33.35307, "decimalLongitude": -115.646859, "eventDate": "2023-09-27T10:40:49Z", "countryCode": "US" }, "geometry": { "type": "Point", "coordinates": [ -115.646859, 33.35307 ] } },
{ "type": "Feature", "properties": { "decimalLatitude": 34.048581, "decimalLongitude": -116.569126, "eventDate": "2023-09-28T02:55:00Z", "countryCode": "US" }, "geometry": { "type": "Point", "coordinates": [ -116.569126, 34.048581 ] } },
{ "type": "Feature", "properties": { "decimalLatitude": 33.998396, "decimalLongitude": -116.061945, "eventDate": "2023-09-03T15:13:00Z", "countryCode": "US" }, "geometry": { "type": "Point", "coordinates": [ -116.061945, 33.998396 ] } },
{ "type": "Feature", "properties": { "decimalLatitude": 33.735297, "decimalLongitude": -116.5371, "eventDate": "2023-09-27T09:44:00Z", "countryCode": "US" }, "geometry": { "type": "Point", "coordinates": [ -116.5371, 33.735297 ] } },
{ "type": "Feature", "properties": { "decimalLatitude": 32.952495, "decimalLongitude": -116.307684, "eventDate": "2023-09-26T13:57:00Z", "countryCode": "US" }, "geometry": { "type": "Point", "coordinates": [ -116.307684, 32.952495 ] } },
{ "type": "Feature", "properties": { "decimalLatitude": 32.867081, "decimalLongitude": -116.222335, "eventDate": "2023-09-26T11:07:00Z", "countryCode": "US" }, "geometry": { "type": "Point", "coordinates": [ -116.222335, 32.867081 ] } },
{ "type": "Feature", "properties": { "decimalLatitude": 35.312453, "decimalLongitude": -115.272011, "eventDate": "2023-09-07T12:37:00Z", "countryCode": "US" }, "geometry": { "type": "Point", "coordinates": [ -115.272011, 35.312453 ] } },
{ "type": "Feature", "properties": { "decimalLatitude": 34.02944, "decimalLongitude": -116.138195, "eventDate": "2023-10-02T15:32:00Z", "countryCode": "US" }, "geometry": { "type": "Point", "coordinates": [ -116.138195, 34.02944 ] } },
{ "type": "Feature", "properties": { "decimalLatitude": 34.106236, "decimalLongitude": -116.105457, "eventDate": "2023-10-04T08:56:00Z", "countryCode": "US" }, "geometry": { "type": "Point", "coordinates": [ -116.105457, 34.106236 ] } },
{ "type": "Feature", "properties": { "decimalLatitude": 34.044002, "decimalLongitude": -116.564353, "eventDate": "2023-10-03T12:18:00Z", "countryCode": "US" }, "geometry": { "type": "Point", "coordinates": [ -116.564353, 34.044002 ] } },
{ "type": "Feature", "properties": { "decimalLatitude": 34.02141, "decimalLongitude": -116.296314, "eventDate": "2023-10-06T11:52:00Z", "countryCode": "US" }, "geometry": { "type": "Point", "coordinates": [ -116.296314, 34.02141 ] } },
{ "type": "Feature", "properties": { "decimalLatitude": 32.754871, "decimalLongitude": -117.249959, "eventDate": "2023-10-04T14:04:00Z", "countryCode": "US" }, "geometry": { "type": "Point", "coordinates": [ -117.249959, 32.754871 ] } },
{ "type": "Feature", "properties": { "decimalLatitude": 33.153089, "decimalLongitude": -116.477387, "eventDate": "2023-10-04T09:55:48Z", "countryCode": "US" }, "geometry": { "type": "Point", "coordinates": [ -116.477387, 33.153089 ] } },
{ "type": "Feature", "properties": { "decimalLatitude": 33.406774, "decimalLongitude": -117.589381, "eventDate": "2023-10-07T15:02:00Z", "countryCode": "US" }, "geometry": { "type": "Point", "coordinates": [ -117.589381, 33.406774 ] } },
{ "type": "Feature", "properties": { "decimalLatitude": 33.605032, "decimalLongitude": -116.439435, "eventDate": "2023-10-07T09:33:02Z", "countryCode": "US" }, "geometry": { "type": "Point", "coordinates": [ -116.439435, 33.605032 ] } },
{ "type": "Feature", "properties": { "decimalLatitude": 33.600489, "decimalLongitude": -116.437263, "eventDate": "2023-10-06T15:37:15Z", "countryCode": "US" }, "geometry": { "type": "Point", "coordinates": [ -116.437263, 33.600489 ] } },
{ "type": "Feature", "properties": { "decimalLatitude": 33.598321, "decimalLongitude": -116.437881, "eventDate": "2023-10-09T11:11:26Z", "countryCode": "US" }, "geometry": { "type": "Point", "coordinates": [ -116.437881, 33.598321 ] } },
{ "type": "Feature", "properties": { "decimalLatitude": 33.604926, "decimalLongitude": -116.439522, "eventDate": "2023-10-06T08:23:05Z", "countryCode": "US" }, "geometry": { "type": "Point", "coordinates": [ -116.439522, 33.604926 ] } },
{ "type": "Feature", "properties": { "decimalLatitude": 34.073067, "decimalLongitude": -116.390162, "eventDate": "2023-10-08T11:59:43Z", "countryCode": "US" }, "geometry": { "type": "Point", "coordinates": [ -116.390162, 34.073067 ] } },
{ "type": "Feature", "properties": { "decimalLatitude": 32.863512, "decimalLongitude": -116.560378, "eventDate": "2023-10-07T15:33:26Z", "countryCode": "US" }, "geometry": { "type": "Point", "coordinates": [ -116.560378, 32.863512 ] } },
{ "type": "Feature", "properties": { "decimalLatitude": 34.073192, "decimalLongitude": -116.237647, "eventDate": "2023-10-06T12:37:43Z", "countryCode": "US" }, "geometry": { "type": "Point", "coordinates": [ -116.237647, 34.073192 ] } },
{ "type": "Feature", "properties": { "decimalLatitude": 33.672072, "decimalLongitude": -116.256017, "eventDate": "2023-10-05T14:26:00Z", "countryCode": "US" }, "geometry": { "type": "Point", "coordinates": [ -116.256017, 33.672072 ] } },
{ "type": "Feature", "properties": { "decimalLatitude": 33.818838, "decimalLongitude": -116.34218, "eventDate": "2023-10-04T11:36:00Z", "countryCode": "US" }, "geometry": { "type": "Point", "coordinates": [ -116.34218, 33.818838 ] } },
{ "type": "Feature", "properties": { "decimalLatitude": 33.59856, "decimalLongitude": -116.437908, "eventDate": "2023-10-05T14:29:50Z", "countryCode": "US" }, "geometry": { "type": "Point", "coordinates": [ -116.437908, 33.59856 ] } },
{ "type": "Feature", "properties": { "decimalLatitude": 33.580147, "decimalLongitude": -116.447132, "eventDate": "2023-10-08T13:30:34Z", "countryCode": "US" }, "geometry": { "type": "Point", "coordinates": [ -116.447132, 33.580147 ] } },
{ "type": "Feature", "properties": { "decimalLatitude": 34.110933, "decimalLongitude": -116.107008, "eventDate": "2023-10-04T08:24:00Z", "countryCode": "US" }, "geometry": { "type": "Point", "coordinates": [ -116.107008, 34.110933 ] } },
{ "type": "Feature", "properties": { "decimalLatitude": 34.081242, "decimalLongitude": -116.242097, "eventDate": "2023-10-09T09:23:33Z", "countryCode": "US" }, "geometry": { "type": "Point", "coordinates": [ -116.242097, 34.081242 ] } },
{ "type": "Feature", "properties": { "decimalLatitude": 33.016573, "decimalLongitude": -116.450795, "eventDate": "2023-10-05T13:27:00Z", "countryCode": "US" }, "geometry": { "type": "Point", "coordinates": [ -116.450795, 33.016573 ] } },
{ "type": "Feature", "properties": { "decimalLatitude": 32.608817, "decimalLongitude": -116.941722, "eventDate": "2023-10-06T09:28:57Z", "countryCode": "US" }, "geometry": { "type": "Point", "coordinates": [ -116.941722, 32.608817 ] } },
{ "type": "Feature", "properties": { "decimalLatitude": 33.980693, "decimalLongitude": -116.014056, "eventDate": "2023-10-09T08:42:07Z", "countryCode": "US" }, "geometry": { "type": "Point", "coordinates": [ -116.014056, 33.980693 ] } },
{ "type": "Feature", "properties": { "decimalLatitude": 33.982574, "decimalLongitude": -116.014447, "eventDate": "2023-10-09T09:17:25Z", "countryCode": "US" }, "geometry": { "type": "Point", "coordinates": [ -116.014447, 33.982574 ] } },
{ "type": "Feature", "properties": { "decimalLatitude": 34.071617, "decimalLongitude": -116.241324, "eventDate": "2023-10-04T10:38:00Z", "countryCode": "US" }, "geometry": { "type": "Point", "coordinates": [ -116.241324, 34.071617 ] } },
{ "type": "Feature", "properties": { "decimalLatitude": 34.04705, "decimalLongitude": -116.569085, "eventDate": "2023-10-13T14:08:00Z", "countryCode": "US" }, "geometry": { "type": "Point", "coordinates": [ -116.569085, 34.04705 ] } },
{ "type": "Feature", "properties": { "decimalLatitude": 33.609883, "decimalLongitude": -116.439176, "eventDate": "2023-10-16T14:33:23Z", "countryCode": "US" }, "geometry": { "type": "Point", "coordinates": [ -116.439176, 33.609883 ] } },
{ "type": "Feature", "properties": { "decimalLatitude": 34.967718, "decimalLongitude": -115.644425, "eventDate": "2023-10-17T13:08:43Z", "countryCode": "US" }, "geometry": { "type": "Point", "coordinates": [ -115.644425, 34.967718 ] } },
{ "type": "Feature", "properties": { "decimalLatitude": 33.585575, "decimalLongitude": -116.424964, "eventDate": "2023-10-11T10:54:00Z", "countryCode": "US" }, "geometry": { "type": "Point", "coordinates": [ -116.424964, 33.585575 ] } },
{ "type": "Feature", "properties": { "decimalLatitude": 34.698415, "decimalLongitude": -115.919492, "eventDate": "2023-10-17T09:02:00Z", "countryCode": "US" }, "geometry": { "type": "Point", "coordinates": [ -115.919492, 34.698415 ] } },
{ "type": "Feature", "properties": { "decimalLatitude": 33.940245, "decimalLongitude": -116.137178, "eventDate": "2023-10-20T11:17:30Z", "countryCode": "US" }, "geometry": { "type": "Point", "coordinates": [ -116.137178, 33.940245 ] } },
{ "type": "Feature", "properties": { "decimalLatitude": 33.21315, "decimalLongitude": -116.423551, "eventDate": "2023-10-04T14:45:42Z", "countryCode": "US" }, "geometry": { "type": "Point", "coordinates": [ -116.423551, 33.21315 ] } },
{ "type": "Feature", "properties": { "decimalLatitude": 33.016468, "decimalLongitude": -116.450878, "eventDate": "2023-10-05T13:26:00Z", "countryCode": "US" }, "geometry": { "type": "Point", "coordinates": [ -116.450878, 33.016468 ] } },
{ "type": "Feature", "properties": { "decimalLatitude": 34.113839, "decimalLongitude": -116.295272, "eventDate": "2023-10-03T12:25:38Z", "countryCode": "US" }, "geometry": { "type": "Point", "coordinates": [ -116.295272, 34.113839 ] } },
{ "type": "Feature", "properties": { "decimalLatitude": 33.22418, "decimalLongitude": -116.461541, "eventDate": "2023-10-02T15:02:22Z", "countryCode": "US" }, "geometry": { "type": "Point", "coordinates": [ -116.461541, 33.22418 ] } },
{ "type": "Feature", "properties": { "decimalLatitude": 34.082353, "decimalLongitude": -116.241067, "eventDate": "2023-10-09T09:50:11Z", "countryCode": "US" }, "geometry": { "type": "Point", "coordinates": [ -116.241067, 34.082353 ] } },
{ "type": "Feature", "properties": { "decimalLatitude": 34.010843, "decimalLongitude": -116.049569, "eventDate": "2023-10-02T15:49:00Z", "countryCode": "US" }, "geometry": { "type": "Point", "coordinates": [ -116.049569, 34.010843 ] } },
{ "type": "Feature", "properties": { "decimalLatitude": 32.803228, "decimalLongitude": -116.891122, "eventDate": "2023-10-05T17:13:05Z", "countryCode": "US" }, "geometry": { "type": "Point", "coordinates": [ -116.891122, 32.803228 ] } },
{ "type": "Feature", "properties": { "decimalLatitude": 34.09612, "decimalLongitude": -116.169578, "eventDate": "2023-10-08T13:51:16Z", "countryCode": "US" }, "geometry": { "type": "Point", "coordinates": [ -116.169578, 34.09612 ] } },
{ "type": "Feature", "properties": { "decimalLatitude": 33.585517, "decimalLongitude": -116.424903, "eventDate": "2023-10-11T10:52:42Z", "countryCode": "US" }, "geometry": { "type": "Point", "coordinates": [ -116.424903, 33.585517 ] } },
{ "type": "Feature", "properties": { "decimalLatitude": 32.550872, "decimalLongitude": -117.098122, "eventDate": "2023-10-05T10:35:40Z", "countryCode": "US" }, "geometry": { "type": "Point", "coordinates": [ -117.098122, 32.550872 ] } },
{ "type": "Feature", "properties": { "decimalLatitude": 33.985278, "decimalLongitude": -116.016281, "eventDate": "2023-10-01T08:17:38Z", "countryCode": "US" }, "geometry": { "type": "Point", "coordinates": [ -116.016281, 33.985278 ] } },
{ "type": "Feature", "properties": { "decimalLatitude": 34.109211, "decimalLongitude": -116.107283, "eventDate": "2023-10-07T12:47:12Z", "countryCode": "US" }, "geometry": { "type": "Point", "coordinates": [ -116.107283, 34.109211 ] } },
{ "type": "Feature", "properties": { "decimalLatitude": 34.106442, "decimalLongitude": -116.1055, "eventDate": "2023-10-04T10:04:59Z", "countryCode": "US" }, "geometry": { "type": "Point", "coordinates": [ -116.1055, 34.106442 ] } },
{ "type": "Feature", "properties": { "decimalLatitude": 33.679136, "decimalLongitude": -116.206019, "eventDate": "2023-10-12T13:06:05Z", "countryCode": "US" }, "geometry": { "type": "Point", "coordinates": [ -116.206019, 33.679136 ] } },
{ "type": "Feature", "properties": { "decimalLatitude": 33.63765, "decimalLongitude": -116.477897, "eventDate": "2023-10-13T11:09:00Z", "countryCode": "US" }, "geometry": { "type": "Point", "coordinates": [ -116.477897, 33.63765 ] } },
{ "type": "Feature", "properties": { "decimalLatitude": 32.955676, "decimalLongitude": -116.301724, "eventDate": "2023-10-13T14:58:00Z", "countryCode": "US" }, "geometry": { "type": "Point", "coordinates": [ -116.301724, 32.955676 ] } },
{ "type": "Feature", "properties": { "decimalLatitude": 33.592142, "decimalLongitude": -116.44087, "eventDate": "2023-10-12T11:28:37Z", "countryCode": "US" }, "geometry": { "type": "Point", "coordinates": [ -116.44087, 33.592142 ] } },
{ "type": "Feature", "properties": { "decimalLatitude": 33.991938, "decimalLongitude": -116.060561, "eventDate": "2023-10-14T09:12:57Z", "countryCode": "US" }, "geometry": { "type": "Point", "coordinates": [ -116.060561, 33.991938 ] } },
{ "type": "Feature", "properties": { "decimalLatitude": 32.468045, "decimalLongitude": -114.759664, "eventDate": "2023-10-18T10:00:18Z", "countryCode": "MX" }, "geometry": { "type": "Point", "coordinates": [ -114.759664, 32.468045 ] } },
{ "type": "Feature", "properties": { "decimalLatitude": 33.356966, "decimalLongitude": -116.399558, "eventDate": "2023-10-06T15:10:59Z", "countryCode": "US" }, "geometry": { "type": "Point", "coordinates": [ -116.399558, 33.356966 ] } },
{ "type": "Feature", "properties": { "decimalLatitude": 33.733336, "decimalLongitude": -115.811981, "eventDate": "2023-10-22T16:23:00Z", "countryCode": "US" }, "geometry": { "type": "Point", "coordinates": [ -115.811981, 33.733336 ] } },
{ "type": "Feature", "properties": { "decimalLatitude": 34.943337, "decimalLongitude": -115.51348, "eventDate": "2023-10-27T13:53:30Z", "countryCode": "US" }, "geometry": { "type": "Point", "coordinates": [ -115.51348, 34.943337 ] } },
{ "type": "Feature", "properties": { "decimalLatitude": 33.73887, "decimalLongitude": -115.805898, "eventDate": "2023-10-02T09:37:00Z", "countryCode": "US" }, "geometry": { "type": "Point", "coordinates": [ -115.805898, 33.73887 ] } },
{ "type": "Feature", "properties": { "decimalLatitude": 33.996923, "decimalLongitude": -116.058297, "eventDate": "2023-10-02T13:06:00Z", "countryCode": "US" }, "geometry": { "type": "Point", "coordinates": [ -116.058297, 33.996923 ] } },
{ "type": "Feature", "properties": { "decimalLatitude": 33.73887, "decimalLongitude": -115.805898, "eventDate": "2023-10-02T08:54:00Z", "countryCode": "US" }, "geometry": { "type": "Point", "coordinates": [ -115.805898, 33.73887 ] } },
{ "type": "Feature", "properties": { "decimalLatitude": 33.73887, "decimalLongitude": -115.805898, "eventDate": "2023-10-02T09:07:00Z", "countryCode": "US" }, "geometry": { "type": "Point", "coordinates": [ -115.805898, 33.73887 ] } },
{ "type": "Feature", "properties": { "decimalLatitude": 33.996923, "decimalLongitude": -116.058297, "eventDate": "2023-10-02T11:36:00Z", "countryCode": "US" }, "geometry": { "type": "Point", "coordinates": [ -116.058297, 33.996923 ] } },
{ "type": "Feature", "properties": { "decimalLatitude": 33.996923, "decimalLongitude": -116.058297, "eventDate": "2023-10-02T12:58:00Z", "countryCode": "US" }, "geometry": { "type": "Point", "coordinates": [ -116.058297, 33.996923 ] } },
{ "type": "Feature", "properties": { "decimalLatitude": 33.73887, "decimalLongitude": -115.805898, "eventDate": "2023-10-02T09:33:00Z", "countryCode": "US" }, "geometry": { "type": "Point", "coordinates": [ -115.805898, 33.73887 ] } },
{ "type": "Feature", "properties": { "decimalLatitude": 33.73887, "decimalLongitude": -115.805898, "eventDate": "2023-10-02T08:54:00Z", "countryCode": "US" }, "geometry": { "type": "Point", "coordinates": [ -115.805898, 33.73887 ] } },
{ "type": "Feature", "properties": { "decimalLatitude": 33.92659, "decimalLongitude": -116.18756, "eventDate": "2023-10-11T12:20:00Z", "countryCode": "US" }, "geometry": { "type": "Point", "coordinates": [ -116.18756, 33.92659 ] } },
{ "type": "Feature", "properties": { "decimalLatitude": 34.042242, "decimalLongitude": -116.567467, "eventDate": "2023-10-10T13:23:00Z", "countryCode": "US" }, "geometry": { "type": "Point", "coordinates": [ -116.567467, 34.042242 ] } },
{ "type": "Feature", "properties": { "decimalLatitude": 34.047748, "decimalLongitude": -116.569837, "eventDate": "2023-10-10T14:13:00Z", "countryCode": "US" }, "geometry": { "type": "Point", "coordinates": [ -116.569837, 34.047748 ] } },
{ "type": "Feature", "properties": { "decimalLatitude": 35.707387, "decimalLongitude": -115.702605, "eventDate": "2023-10-03T10:21:00Z", "countryCode": "US" }, "geometry": { "type": "Point", "coordinates": [ -115.702605, 35.707387 ] } },
{ "type": "Feature", "properties": { "decimalLatitude": 35.2528, "decimalLongitude": -114.709726, "eventDate": "2023-10-25T11:46:46Z", "countryCode": "US" }, "geometry": { "type": "Point", "coordinates": [ -114.709726, 35.2528 ] } },
{ "type": "Feature", "properties": { "decimalLatitude": 34.034558, "decimalLongitude": -116.184463, "eventDate": "2023-10-09T09:28:39Z", "countryCode": "US" }, "geometry": { "type": "Point", "coordinates": [ -116.184463, 34.034558 ] } },
{ "type": "Feature", "properties": { "decimalLatitude": 34.017771, "decimalLongitude": -116.234012, "eventDate": "2023-10-16T08:22:00Z", "countryCode": "US" }, "geometry": { "type": "Point", "coordinates": [ -116.234012, 34.017771 ] } },
{ "type": "Feature", "properties": { "decimalLatitude": 33.835681, "decimalLongitude": -116.337916, "eventDate": "2023-10-10T09:20:00Z", "countryCode": "US" }, "geometry": { "type": "Point", "coordinates": [ -116.337916, 33.835681 ] } },
{ "type": "Feature", "properties": { "decimalLatitude": 34.006844, "decimalLongitude": -116.06628, "eventDate": "2023-10-11T12:18:52Z", "countryCode": "US" }, "geometry": { "type": "Point", "coordinates": [ -116.06628, 34.006844 ] } },
{ "type": "Feature", "properties": { "decimalLatitude": 33.659065, "decimalLongitude": -116.197899, "eventDate": "2023-10-07T13:52:39Z", "countryCode": "US" }, "geometry": { "type": "Point", "coordinates": [ -116.197899, 33.659065 ] } },
{ "type": "Feature", "properties": { "decimalLatitude": 33.975877, "decimalLongitude": -116.442741, "eventDate": "2023-12-04T16:26:00Z", "countryCode": "US" }, "geometry": { "type": "Point", "coordinates": [ -116.442741, 33.975877 ] } },
{ "type": "Feature", "properties": { "decimalLatitude": 33.116586, "decimalLongitude": -116.424869, "eventDate": "2024-03-11T14:11:00Z", "countryCode": "US" }, "geometry": { "type": "Point", "coordinates": [ -116.424869, 33.116586 ] } },
{ "type": "Feature", "properties": { "decimalLatitude": 33.119212, "decimalLongitude": -116.421374, "eventDate": "2024-03-16T15:28:00Z", "countryCode": "US" }, "geometry": { "type": "Point", "coordinates": [ -116.421374, 33.119212 ] } },
{ "type": "Feature", "properties": { "decimalLatitude": 33.236741, "decimalLongitude": -116.442044, "eventDate": "2024-03-17T14:19:04Z", "countryCode": "US" }, "geometry": { "type": "Point", "coordinates": [ -116.442044, 33.236741 ] } },
{ "type": "Feature", "properties": { "decimalLatitude": 33.470319, "decimalLongitude": -111.60912, "eventDate": "2024-03-23T00:00:00Z", "countryCode": "US" }, "geometry": { "type": "Point", "coordinates": [ -111.60912, 33.470319 ] } },
{ "type": "Feature", "properties": { "decimalLatitude": 33.013497, "decimalLongitude": -116.34125, "eventDate": "2024-03-23T17:39:00Z", "countryCode": "US" }, "geometry": { "type": "Point", "coordinates": [ -116.34125, 33.013497 ] } },
{ "type": "Feature", "properties": { "decimalLatitude": 33.889708, "decimalLongitude": -111.814692, "eventDate": "2024-03-22T00:00:00Z", "countryCode": "US" }, "geometry": { "type": "Point", "coordinates": [ -111.814692, 33.889708 ] } },
{ "type": "Feature", "properties": { "decimalLatitude": 33.887758, "decimalLongitude": -111.815344, "eventDate": "2024-03-22T09:21:00Z", "countryCode": "US" }, "geometry": { "type": "Point", "coordinates": [ -111.815344, 33.887758 ] } },
{ "type": "Feature", "properties": { "decimalLatitude": 33.468192, "decimalLongitude": -111.609322, "eventDate": "2024-03-23T11:41:38Z", "countryCode": "US" }, "geometry": { "type": "Point", "coordinates": [ -111.609322, 33.468192 ] } },
{ "type": "Feature", "properties": { "decimalLatitude": 33.101897, "decimalLongitude": -116.424263, "eventDate": "2024-03-25T13:19:00Z", "countryCode": "US" }, "geometry": { "type": "Point", "coordinates": [ -116.424263, 33.101897 ] } },
{ "type": "Feature", "properties": { "decimalLatitude": 33.468253, "decimalLongitude": -111.609383, "eventDate": "2024-03-23T11:37:50Z", "countryCode": "US" }, "geometry": { "type": "Point", "coordinates": [ -111.609383, 33.468253 ] } },
{ "type": "Feature", "properties": { "decimalLatitude": 33.817016, "decimalLongitude": -111.174595, "eventDate": "2024-03-22T14:44:00Z", "countryCode": "US" }, "geometry": { "type": "Point", "coordinates": [ -111.174595, 33.817016 ] } },
{ "type": "Feature", "properties": { "decimalLatitude": 33.118395, "decimalLongitude": -116.424522, "eventDate": "2024-03-19T14:37:00Z", "countryCode": "US" }, "geometry": { "type": "Point", "coordinates": [ -116.424522, 33.118395 ] } },
{ "type": "Feature", "properties": { "decimalLatitude": 33.1043, "decimalLongitude": -116.43399, "eventDate": "2024-03-20T11:35:00Z", "countryCode": "US" }, "geometry": { "type": "Point", "coordinates": [ -116.43399, 33.1043 ] } },
{ "type": "Feature", "properties": { "decimalLatitude": 33.887651, "decimalLongitude": -111.815429, "eventDate": "2024-03-22T09:49:00Z", "countryCode": "US" }, "geometry": { "type": "Point", "coordinates": [ -111.815429, 33.887651 ] } },
{ "type": "Feature", "properties": { "decimalLatitude": 33.736676, "decimalLongitude": -115.809711, "eventDate": "2024-03-25T17:34:00Z", "countryCode": "US" }, "geometry": { "type": "Point", "coordinates": [ -115.809711, 33.736676 ] } },
{ "type": "Feature", "properties": { "decimalLatitude": 33.134968, "decimalLongitude": -114.164393, "eventDate": "2024-03-22T13:48:04Z", "countryCode": "US" }, "geometry": { "type": "Point", "coordinates": [ -114.164393, 33.134968 ] } },
{ "type": "Feature", "properties": { "decimalLatitude": 32.941822, "decimalLongitude": -116.393604, "eventDate": "2024-03-22T13:43:51Z", "countryCode": "US" }, "geometry": { "type": "Point", "coordinates": [ -116.393604, 32.941822 ] } },
{ "type": "Feature", "properties": { "decimalLatitude": 33.013497, "decimalLongitude": -116.34125, "eventDate": "2024-03-23T17:39:00Z", "countryCode": "US" }, "geometry": { "type": "Point", "coordinates": [ -116.34125, 33.013497 ] } },
{ "type": "Feature", "properties": { "decimalLatitude": 33.423354, "decimalLongitude": -111.335205, "eventDate": "2024-03-14T14:15:00Z", "countryCode": "US" }, "geometry": { "type": "Point", "coordinates": [ -111.335205, 33.423354 ] } },
{ "type": "Feature", "properties": { "decimalLatitude": 34.048511, "decimalLongitude": -116.566709, "eventDate": "2024-03-28T15:21:00Z", "countryCode": "US" }, "geometry": { "type": "Point", "coordinates": [ -116.566709, 34.048511 ] } },
{ "type": "Feature", "properties": { "decimalLatitude": 33.889409, "decimalLongitude": -111.814945, "eventDate": "2024-03-27T13:41:00Z", "countryCode": "US" }, "geometry": { "type": "Point", "coordinates": [ -111.814945, 33.889409 ] } },
{ "type": "Feature", "properties": { "decimalLatitude": 33.843606, "decimalLongitude": -116.565253, "eventDate": "2024-03-27T09:28:24Z", "countryCode": "US" }, "geometry": { "type": "Point", "coordinates": [ -116.565253, 33.843606 ] } },
{ "type": "Feature", "properties": { "decimalLatitude": 33.129844, "decimalLongitude": -116.431675, "eventDate": "2024-03-27T16:05:00Z", "countryCode": "US" }, "geometry": { "type": "Point", "coordinates": [ -116.431675, 33.129844 ] } },
{ "type": "Feature", "properties": { "decimalLatitude": 33.236436, "decimalLongitude": -116.443253, "eventDate": "2024-03-28T12:53:02Z", "countryCode": "US" }, "geometry": { "type": "Point", "coordinates": [ -116.443253, 33.236436 ] } },
{ "type": "Feature", "properties": { "decimalLatitude": 33.125253, "decimalLongitude": -116.406487, "eventDate": "2024-03-17T00:00:00Z", "countryCode": "US" }, "geometry": { "type": "Point", "coordinates": [ -116.406487, 33.125253 ] } },
{ "type": "Feature", "properties": { "decimalLatitude": 33.732072, "decimalLongitude": -112.278328, "eventDate": "2024-03-29T13:23:22Z", "countryCode": "US" }, "geometry": { "type": "Point", "coordinates": [ -112.278328, 33.732072 ] } },
{ "type": "Feature", "properties": { "decimalLatitude": 33.873415, "decimalLongitude": -115.900992, "eventDate": "2024-03-25T17:52:00Z", "countryCode": "US" }, "geometry": { "type": "Point", "coordinates": [ -115.900992, 33.873415 ] } },
{ "type": "Feature", "properties": { "decimalLatitude": 33.112902, "decimalLongitude": -116.42939, "eventDate": "2024-03-17T12:18:00Z", "countryCode": "US" }, "geometry": { "type": "Point", "coordinates": [ -116.42939, 33.112902 ] } },
{ "type": "Feature", "properties": { "decimalLatitude": 33.017863, "decimalLongitude": -116.438458, "eventDate": "2024-03-22T09:43:26Z", "countryCode": "US" }, "geometry": { "type": "Point", "coordinates": [ -116.438458, 33.017863 ] } },
{ "type": "Feature", "properties": { "decimalLatitude": 34.001385, "decimalLongitude": -116.483453, "eventDate": "2024-03-20T09:42:00Z", "countryCode": "US" }, "geometry": { "type": "Point", "coordinates": [ -116.483453, 34.001385 ] } },
{ "type": "Feature", "properties": { "decimalLatitude": 34.000478, "decimalLongitude": -116.483963, "eventDate": "2024-03-20T09:11:00Z", "countryCode": "US" }, "geometry": { "type": "Point", "coordinates": [ -116.483963, 34.000478 ] } },
{ "type": "Feature", "properties": { "decimalLatitude": 33.467384, "decimalLongitude": -111.610457, "eventDate": "2024-04-03T09:04:04Z", "countryCode": "US" }, "geometry": { "type": "Point", "coordinates": [ -111.610457, 33.467384 ] } },
{ "type": "Feature", "properties": { "decimalLatitude": 35.195392, "decimalLongitude": -114.715983, "eventDate": "2024-04-02T16:49:23Z", "countryCode": "US" }, "geometry": { "type": "Point", "coordinates": [ -114.715983, 35.195392 ] } },
{ "type": "Feature", "properties": { "decimalLatitude": 33.736895, "decimalLongitude": -115.810737, "eventDate": "2024-04-06T12:03:00Z", "countryCode": "US" }, "geometry": { "type": "Point", "coordinates": [ -115.810737, 33.736895 ] } },
{ "type": "Feature", "properties": { "decimalLatitude": 33.980935, "decimalLongitude": -116.480964, "eventDate": "2024-04-02T12:12:00Z", "countryCode": "US" }, "geometry": { "type": "Point", "coordinates": [ -116.480964, 33.980935 ] } },
{ "type": "Feature", "properties": { "decimalLatitude": 33.273828, "decimalLongitude": -116.427989, "eventDate": "2024-04-06T00:00:00Z", "countryCode": "US" }, "geometry": { "type": "Point", "coordinates": [ -116.427989, 33.273828 ] } },
{ "type": "Feature", "properties": { "decimalLatitude": 33.706079, "decimalLongitude": -115.795889, "eventDate": "2024-04-07T11:14:00Z", "countryCode": "US" }, "geometry": { "type": "Point", "coordinates": [ -115.795889, 33.706079 ] } },
{ "type": "Feature", "properties": { "decimalLatitude": 34.004005, "decimalLongitude": -116.617205, "eventDate": "2024-04-10T10:52:00Z", "countryCode": "US" }, "geometry": { "type": "Point", "coordinates": [ -116.617205, 34.004005 ] } },
{ "type": "Feature", "properties": { "decimalLatitude": 34.093641, "decimalLongitude": -116.163615, "eventDate": "2024-04-03T20:13:00Z", "countryCode": "US" }, "geometry": { "type": "Point", "coordinates": [ -116.163615, 34.093641 ] } },
{ "type": "Feature", "properties": { "decimalLatitude": 33.110475, "decimalLongitude": -116.431391, "eventDate": "2024-04-07T15:37:00Z", "countryCode": "US" }, "geometry": { "type": "Point", "coordinates": [ -116.431391, 33.110475 ] } },
{ "type": "Feature", "properties": { "decimalLatitude": 34.016356, "decimalLongitude": -116.628392, "eventDate": "2024-04-10T09:27:00Z", "countryCode": "US" }, "geometry": { "type": "Point", "coordinates": [ -116.628392, 34.016356 ] } },
{ "type": "Feature", "properties": { "decimalLatitude": 33.992239, "decimalLongitude": -116.444029, "eventDate": "2024-04-03T18:14:00Z", "countryCode": "US" }, "geometry": { "type": "Point", "coordinates": [ -116.444029, 33.992239 ] } },
{ "type": "Feature", "properties": { "decimalLatitude": 34.016407, "decimalLongitude": -116.628487, "eventDate": "2024-04-10T09:29:00Z", "countryCode": "US" }, "geometry": { "type": "Point", "coordinates": [ -116.628487, 34.016407 ] } },
{ "type": "Feature", "properties": { "decimalLatitude": 33.27948, "decimalLongitude": -116.43156, "eventDate": "2024-04-06T00:00:00Z", "countryCode": "US" }, "geometry": { "type": "Point", "coordinates": [ -116.43156, 33.27948 ] } },
{ "type": "Feature", "properties": { "decimalLatitude": 33.047062, "decimalLongitude": -116.436112, "eventDate": "2024-04-07T10:29:00Z", "countryCode": "US" }, "geometry": { "type": "Point", "coordinates": [ -116.436112, 33.047062 ] } },
{ "type": "Feature", "properties": { "decimalLatitude": 33.734112, "decimalLongitude": -115.799033, "eventDate": "2024-04-10T10:22:12Z", "countryCode": "US" }, "geometry": { "type": "Point", "coordinates": [ -115.799033, 33.734112 ] } },
{ "type": "Feature", "properties": { "decimalLatitude": 32.017332, "decimalLongitude": -112.68419, "eventDate": "2024-04-04T10:59:00Z", "countryCode": "US" }, "geometry": { "type": "Point", "coordinates": [ -112.68419, 32.017332 ] } },
{ "type": "Feature", "properties": { "decimalLatitude": 33.227153, "decimalLongitude": -116.451363, "eventDate": "2024-04-13T10:47:57Z", "countryCode": "US" }, "geometry": { "type": "Point", "coordinates": [ -116.451363, 33.227153 ] } },
{ "type": "Feature", "properties": { "decimalLatitude": 32.020613, "decimalLongitude": -112.685508, "eventDate": "2024-04-04T13:09:00Z", "countryCode": "US" }, "geometry": { "type": "Point", "coordinates": [ -112.685508, 32.020613 ] } },
{ "type": "Feature", "properties": { "decimalLatitude": 33.645252, "decimalLongitude": -111.114815, "eventDate": "2024-04-15T10:55:00Z", "countryCode": "US" }, "geometry": { "type": "Point", "coordinates": [ -111.114815, 33.645252 ] } },
{ "type": "Feature", "properties": { "decimalLatitude": 33.874406, "decimalLongitude": -111.812487, "eventDate": "2024-04-14T12:42:00Z", "countryCode": "US" }, "geometry": { "type": "Point", "coordinates": [ -111.812487, 33.874406 ] } },
{ "type": "Feature", "properties": { "decimalLatitude": 33.685749, "decimalLongitude": -115.308104, "eventDate": "2024-04-10T12:24:00Z", "countryCode": "US" }, "geometry": { "type": "Point", "coordinates": [ -115.308104, 33.685749 ] } },
{ "type": "Feature", "properties": { "decimalLatitude": 33.517158, "decimalLongitude": -111.454931, "eventDate": "2024-04-09T10:11:00Z", "countryCode": "US" }, "geometry": { "type": "Point", "coordinates": [ -111.454931, 33.517158 ] } },
{ "type": "Feature", "properties": { "decimalLatitude": 34.089608, "decimalLongitude": -116.244694, "eventDate": "2024-04-17T00:00:00Z", "countryCode": "US" }, "geometry": { "type": "Point", "coordinates": [ -116.244694, 34.089608 ] } },
{ "type": "Feature", "properties": { "decimalLatitude": 33.719519, "decimalLongitude": -115.808525, "eventDate": "2024-04-17T00:00:00Z", "countryCode": "US" }, "geometry": { "type": "Point", "coordinates": [ -115.808525, 33.719519 ] } },
{ "type": "Feature", "properties": { "decimalLatitude": 34.076021, "decimalLongitude": -116.399304, "eventDate": "2024-04-18T00:00:00Z", "countryCode": "US" }, "geometry": { "type": "Point", "coordinates": [ -116.399304, 34.076021 ] } },
{ "type": "Feature", "properties": { "decimalLatitude": 34.058676, "decimalLongitude": -116.395687, "eventDate": "2024-04-15T14:05:00Z", "countryCode": "US" }, "geometry": { "type": "Point", "coordinates": [ -116.395687, 34.058676 ] } },
{ "type": "Feature", "properties": { "decimalLatitude": 33.273542, "decimalLongitude": -116.426723, "eventDate": "2024-04-21T08:28:00Z", "countryCode": "US" }, "geometry": { "type": "Point", "coordinates": [ -116.426723, 33.273542 ] } },
{ "type": "Feature", "properties": { "decimalLatitude": 33.931799, "decimalLongitude": -112.692293, "eventDate": "2024-04-19T11:50:00Z", "countryCode": "US" }, "geometry": { "type": "Point", "coordinates": [ -112.692293, 33.931799 ] } },
{ "type": "Feature", "properties": { "decimalLatitude": 34.944047, "decimalLongitude": -115.516878, "eventDate": "2024-04-18T11:39:23Z", "countryCode": "US" }, "geometry": { "type": "Point", "coordinates": [ -115.516878, 34.944047 ] } },
{ "type": "Feature", "properties": { "decimalLatitude": 33.213175, "decimalLongitude": -116.423602, "eventDate": "2024-04-20T09:03:00Z", "countryCode": "US" }, "geometry": { "type": "Point", "coordinates": [ -116.423602, 33.213175 ] } },
{ "type": "Feature", "properties": { "decimalLatitude": 34.085485, "decimalLongitude": -116.242548, "eventDate": "2024-04-17T10:35:00Z", "countryCode": "US" }, "geometry": { "type": "Point", "coordinates": [ -116.242548, 34.085485 ] } },
{ "type": "Feature", "properties": { "decimalLatitude": 34.939717, "decimalLongitude": -115.513405, "eventDate": "2024-04-17T10:47:37Z", "countryCode": "US" }, "geometry": { "type": "Point", "coordinates": [ -115.513405, 34.939717 ] } },
{ "type": "Feature", "properties": { "decimalLatitude": 34.186467, "decimalLongitude": -112.134803, "eventDate": "2024-04-23T09:37:14Z", "countryCode": "US" }, "geometry": { "type": "Point", "coordinates": [ -112.134803, 34.186467 ] } },
{ "type": "Feature", "properties": { "decimalLatitude": 34.002023, "decimalLongitude": -116.137739, "eventDate": "2024-04-27T09:57:43Z", "countryCode": "US" }, "geometry": { "type": "Point", "coordinates": [ -116.137739, 34.002023 ] } },
{ "type": "Feature", "properties": { "decimalLatitude": 34.119045, "decimalLongitude": -116.112198, "eventDate": "2024-04-19T08:42:00Z", "countryCode": "US" }, "geometry": { "type": "Point", "coordinates": [ -116.112198, 34.119045 ] } },
{ "type": "Feature", "properties": { "decimalLatitude": 34.939758, "decimalLongitude": -115.513367, "eventDate": "2024-04-17T10:47:51Z", "countryCode": "US" }, "geometry": { "type": "Point", "coordinates": [ -115.513367, 34.939758 ] } },
{ "type": "Feature", "properties": { "decimalLatitude": 33.605187, "decimalLongitude": -116.439093, "eventDate": "2024-04-23T11:36:53Z", "countryCode": "US" }, "geometry": { "type": "Point", "coordinates": [ -116.439093, 33.605187 ] } },
{ "type": "Feature", "properties": { "decimalLatitude": 33.108277, "decimalLongitude": -116.432833, "eventDate": "2024-04-23T13:11:17Z", "countryCode": "US" }, "geometry": { "type": "Point", "coordinates": [ -116.432833, 33.108277 ] } },
{ "type": "Feature", "properties": { "decimalLatitude": 34.072384, "decimalLongitude": -116.399084, "eventDate": "2024-04-18T16:15:00Z", "countryCode": "US" }, "geometry": { "type": "Point", "coordinates": [ -116.399084, 34.072384 ] } },
{ "type": "Feature", "properties": { "decimalLatitude": 34.040042, "decimalLongitude": -116.197163, "eventDate": "2024-04-23T11:24:10Z", "countryCode": "US" }, "geometry": { "type": "Point", "coordinates": [ -116.197163, 34.040042 ] } },
{ "type": "Feature", "properties": { "decimalLatitude": 34.944955, "decimalLongitude": -115.511303, "eventDate": "2024-04-17T14:50:58Z", "countryCode": "US" }, "geometry": { "type": "Point", "coordinates": [ -115.511303, 34.944955 ] } },
{ "type": "Feature", "properties": { "decimalLatitude": 33.911207, "decimalLongitude": -116.109325, "eventDate": "2024-04-19T10:26:03Z", "countryCode": "US" }, "geometry": { "type": "Point", "coordinates": [ -116.109325, 33.911207 ] } },
{ "type": "Feature", "properties": { "decimalLatitude": 34.943237, "decimalLongitude": -115.513344, "eventDate": "2024-04-18T11:07:21Z", "countryCode": "US" }, "geometry": { "type": "Point", "coordinates": [ -115.513344, 34.943237 ] } },
{ "type": "Feature", "properties": { "decimalLatitude": 33.719, "decimalLongitude": -115.81041, "eventDate": "2024-04-17T14:47:00Z", "countryCode": "US" }, "geometry": { "type": "Point", "coordinates": [ -115.81041, 33.719 ] } },
{ "type": "Feature", "properties": { "decimalLatitude": 33.734112, "decimalLongitude": -115.799033, "eventDate": "2024-04-10T10:22:11Z", "countryCode": "US" }, "geometry": { "type": "Point", "coordinates": [ -115.799033, 33.734112 ] } },
{ "type": "Feature", "properties": { "decimalLatitude": 33.719, "decimalLongitude": -115.81041, "eventDate": "2024-04-17T14:58:00Z", "countryCode": "US" }, "geometry": { "type": "Point", "coordinates": [ -115.81041, 33.719 ] } },
{ "type": "Feature", "properties": { "decimalLatitude": 34.07323, "decimalLongitude": -116.399572, "eventDate": "2024-04-18T13:14:00Z", "countryCode": "US" }, "geometry": { "type": "Point", "coordinates": [ -116.399572, 34.07323 ] } },
{ "type": "Feature", "properties": { "decimalLatitude": 33.018761, "decimalLongitude": -116.356856, "eventDate": "2024-04-24T10:00:39Z", "countryCode": "US" }, "geometry": { "type": "Point", "coordinates": [ -116.356856, 33.018761 ] } },
{ "type": "Feature", "properties": { "decimalLatitude": 34.066355, "decimalLongitude": -116.039615, "eventDate": "2024-04-27T13:29:39Z", "countryCode": "US" }, "geometry": { "type": "Point", "coordinates": [ -116.039615, 34.066355 ] } },
{ "type": "Feature", "properties": { "decimalLatitude": 33.036861, "decimalLongitude": -116.38648, "eventDate": "2024-04-28T11:23:57Z", "countryCode": "US" }, "geometry": { "type": "Point", "coordinates": [ -116.38648, 33.036861 ] } },
{ "type": "Feature", "properties": { "decimalLatitude": 34.751501, "decimalLongitude": -115.683805, "eventDate": "2024-04-28T17:24:00Z", "countryCode": "US" }, "geometry": { "type": "Point", "coordinates": [ -115.683805, 34.751501 ] } },
{ "type": "Feature", "properties": { "decimalLatitude": 33.107395, "decimalLongitude": -116.433084, "eventDate": "2024-04-28T12:35:00Z", "countryCode": "US" }, "geometry": { "type": "Point", "coordinates": [ -116.433084, 33.107395 ] } },
{ "type": "Feature", "properties": { "decimalLatitude": 34.31749, "decimalLongitude": -116.549164, "eventDate": "2024-04-16T12:05:00Z", "countryCode": "US" }, "geometry": { "type": "Point", "coordinates": [ -116.549164, 34.31749 ] } },
{ "type": "Feature", "properties": { "decimalLatitude": 34.070201, "decimalLongitude": -116.399442, "eventDate": "2024-04-18T15:54:00Z", "countryCode": "US" }, "geometry": { "type": "Point", "coordinates": [ -116.399442, 34.070201 ] } },
{ "type": "Feature", "properties": { "decimalLatitude": 33.726189, "decimalLongitude": -115.758003, "eventDate": "2024-04-13T15:26:00Z", "countryCode": "US" }, "geometry": { "type": "Point", "coordinates": [ -115.758003, 33.726189 ] } },
{ "type": "Feature", "properties": { "decimalLatitude": 36.273294, "decimalLongitude": -114.184652, "eventDate": "2024-04-17T10:33:20Z", "countryCode": "US" }, "geometry": { "type": "Point", "coordinates": [ -114.184652, 36.273294 ] } },
{ "type": "Feature", "properties": { "decimalLatitude": 34.025201, "decimalLongitude": -116.141931, "eventDate": "2024-04-16T11:36:00Z", "countryCode": "US" }, "geometry": { "type": "Point", "coordinates": [ -116.141931, 34.025201 ] } },
{ "type": "Feature", "properties": { "decimalLatitude": 33.605097, "decimalLongitude": -116.438978, "eventDate": "2024-04-20T12:37:58Z", "countryCode": "US" }, "geometry": { "type": "Point", "coordinates": [ -116.438978, 33.605097 ] } },
{ "type": "Feature", "properties": { "decimalLatitude": 33.723664, "decimalLongitude": -115.807332, "eventDate": "2024-04-17T17:59:00Z", "countryCode": "US" }, "geometry": { "type": "Point", "coordinates": [ -115.807332, 33.723664 ] } },
{ "type": "Feature", "properties": { "decimalLatitude": 33.605121, "decimalLongitude": -116.439006, "eventDate": "2024-04-23T11:37:24Z", "countryCode": "US" }, "geometry": { "type": "Point", "coordinates": [ -116.439006, 33.605121 ] } },
{ "type": "Feature", "properties": { "decimalLatitude": 34.016408, "decimalLongitude": -116.628378, "eventDate": "2024-04-19T09:40:16Z", "countryCode": "US" }, "geometry": { "type": "Point", "coordinates": [ -116.628378, 34.016408 ] } },
{ "type": "Feature", "properties": { "decimalLatitude": 35.590472, "decimalLongitude": -115.321251, "eventDate": "2024-04-25T16:30:00Z", "countryCode": "US" }, "geometry": { "type": "Point", "coordinates": [ -115.321251, 35.590472 ] } },
{ "type": "Feature", "properties": { "decimalLatitude": 34.030623, "decimalLongitude": -116.143987, "eventDate": "2024-04-29T11:43:00Z", "countryCode": "US" }, "geometry": { "type": "Point", "coordinates": [ -116.143987, 34.030623 ] } },
{ "type": "Feature", "properties": { "decimalLatitude": 34.227581, "decimalLongitude": -116.479839, "eventDate": "2024-04-27T14:16:00Z", "countryCode": "US" }, "geometry": { "type": "Point", "coordinates": [ -116.479839, 34.227581 ] } },
{ "type": "Feature", "properties": { "decimalLatitude": 33.514758, "decimalLongitude": -111.96157, "eventDate": "2024-04-20T10:14:41Z", "countryCode": "US" }, "geometry": { "type": "Point", "coordinates": [ -111.96157, 33.514758 ] } },
{ "type": "Feature", "properties": { "decimalLatitude": 34.227581, "decimalLongitude": -116.479839, "eventDate": "2024-04-27T11:37:00Z", "countryCode": "US" }, "geometry": { "type": "Point", "coordinates": [ -116.479839, 34.227581 ] } },
{ "type": "Feature", "properties": { "decimalLatitude": 34.227581, "decimalLongitude": -116.479839, "eventDate": "2024-04-27T15:22:00Z", "countryCode": "US" }, "geometry": { "type": "Point", "coordinates": [ -116.479839, 34.227581 ] } },
{ "type": "Feature", "properties": { "decimalLatitude": 33.221981, "decimalLongitude": -116.457931, "eventDate": "2024-04-29T11:28:06Z", "countryCode": "US" }, "geometry": { "type": "Point", "coordinates": [ -116.457931, 33.221981 ] } },
{ "type": "Feature", "properties": { "decimalLatitude": 33.733356, "decimalLongitude": -115.812394, "eventDate": "2024-04-27T15:38:00Z", "countryCode": "US" }, "geometry": { "type": "Point", "coordinates": [ -115.812394, 33.733356 ] } },
{ "type": "Feature", "properties": { "decimalLatitude": 34.220483, "decimalLongitude": -116.48472, "eventDate": "2024-04-27T14:05:00Z", "countryCode": "US" }, "geometry": { "type": "Point", "coordinates": [ -116.48472, 34.220483 ] } },
{ "type": "Feature", "properties": { "decimalLatitude": 34.035722, "decimalLongitude": -116.560913, "eventDate": "2024-04-27T16:19:00Z", "countryCode": "US" }, "geometry": { "type": "Point", "coordinates": [ -116.560913, 34.035722 ] } },
{ "type": "Feature", "properties": { "decimalLatitude": 34.227742, "decimalLongitude": -116.480072, "eventDate": "2024-04-27T11:55:00Z", "countryCode": "US" }, "geometry": { "type": "Point", "coordinates": [ -116.480072, 34.227742 ] } },
{ "type": "Feature", "properties": { "decimalLatitude": 33.734244, "decimalLongitude": -115.812181, "eventDate": "2024-04-27T15:48:00Z", "countryCode": "US" }, "geometry": { "type": "Point", "coordinates": [ -115.812181, 33.734244 ] } },
{ "type": "Feature", "properties": { "decimalLatitude": 33.773756, "decimalLongitude": -111.796277, "eventDate": "2024-04-07T13:33:00Z", "countryCode": "US" }, "geometry": { "type": "Point", "coordinates": [ -111.796277, 33.773756 ] } },
{ "type": "Feature", "properties": { "decimalLatitude": 34.106769, "decimalLongitude": -116.334377, "eventDate": "2024-04-16T13:03:27Z", "countryCode": "US" }, "geometry": { "type": "Point", "coordinates": [ -116.334377, 34.106769 ] } },
{ "type": "Feature", "properties": { "decimalLatitude": 34.985619, "decimalLongitude": -115.496736, "eventDate": "2024-04-30T04:30:00Z", "countryCode": "US" }, "geometry": { "type": "Point", "coordinates": [ -115.496736, 34.985619 ] } },
{ "type": "Feature", "properties": { "decimalLatitude": 34.984706, "decimalLongitude": -115.503861, "eventDate": "2024-04-30T05:37:00Z", "countryCode": "US" }, "geometry": { "type": "Point", "coordinates": [ -115.503861, 34.984706 ] } },
{ "type": "Feature", "properties": { "decimalLatitude": 34.984739, "decimalLongitude": -115.503256, "eventDate": "2024-04-30T05:28:00Z", "countryCode": "US" }, "geometry": { "type": "Point", "coordinates": [ -115.503256, 34.984739 ] } },
{ "type": "Feature", "properties": { "decimalLatitude": 34.984519, "decimalLongitude": -115.502936, "eventDate": "2024-04-30T05:19:00Z", "countryCode": "US" }, "geometry": { "type": "Point", "coordinates": [ -115.502936, 34.984519 ] } },
{ "type": "Feature", "properties": { "decimalLatitude": 34.031062, "decimalLongitude": -116.145625, "eventDate": "2024-04-29T14:49:00Z", "countryCode": "US" }, "geometry": { "type": "Point", "coordinates": [ -116.145625, 34.031062 ] } },
{ "type": "Feature", "properties": { "decimalLatitude": 34.025303, "decimalLongitude": -116.14203, "eventDate": "2024-04-25T17:28:00Z", "countryCode": "US" }, "geometry": { "type": "Point", "coordinates": [ -116.14203, 34.025303 ] } },
{ "type": "Feature", "properties": { "decimalLatitude": 34.026226, "decimalLongitude": -116.142665, "eventDate": "2024-04-25T16:53:00Z", "countryCode": "US" }, "geometry": { "type": "Point", "coordinates": [ -116.142665, 34.026226 ] } },
{ "type": "Feature", "properties": { "decimalLatitude": 33.805328, "decimalLongitude": -115.60647, "eventDate": "2024-04-07T14:47:00Z", "countryCode": "US" }, "geometry": { "type": "Point", "coordinates": [ -115.60647, 33.805328 ] } },
{ "type": "Feature", "properties": { "decimalLatitude": 34.984897, "decimalLongitude": -115.503958, "eventDate": "2024-04-30T14:46:00Z", "countryCode": "US" }, "geometry": { "type": "Point", "coordinates": [ -115.503958, 34.984897 ] } },
{ "type": "Feature", "properties": { "decimalLatitude": 34.98559, "decimalLongitude": -115.49723, "eventDate": "2024-04-30T14:06:00Z", "countryCode": "US" }, "geometry": { "type": "Point", "coordinates": [ -115.49723, 34.98559 ] } },
{ "type": "Feature", "properties": { "decimalLatitude": 34.984878, "decimalLongitude": -115.502422, "eventDate": "2024-04-30T14:14:00Z", "countryCode": "US" }, "geometry": { "type": "Point", "coordinates": [ -115.502422, 34.984878 ] } },
{ "type": "Feature", "properties": { "decimalLatitude": 34.9843, "decimalLongitude": -115.5028, "eventDate": "2024-04-30T00:00:00Z", "countryCode": "US" }, "geometry": { "type": "Point", "coordinates": [ -115.5028, 34.9843 ] } },
{ "type": "Feature", "properties": { "decimalLatitude": 34.320945, "decimalLongitude": -116.559085, "eventDate": "2024-04-17T12:08:00Z", "countryCode": "US" }, "geometry": { "type": "Point", "coordinates": [ -116.559085, 34.320945 ] } },
{ "type": "Feature", "properties": { "decimalLatitude": 33.89988, "decimalLongitude": -116.99156, "eventDate": "2024-04-01T16:30:00Z", "countryCode": "US" }, "geometry": { "type": "Point", "coordinates": [ -116.99156, 33.89988 ] } },
{ "type": "Feature", "properties": { "decimalLatitude": 33.862205, "decimalLongitude": -112.613803, "eventDate": "2024-04-09T12:03:00Z", "countryCode": "US" }, "geometry": { "type": "Point", "coordinates": [ -112.613803, 33.862205 ] } },
{ "type": "Feature", "properties": { "decimalLatitude": 33.734324, "decimalLongitude": -115.812148, "eventDate": "2024-05-01T19:02:00Z", "countryCode": "US" }, "geometry": { "type": "Point", "coordinates": [ -115.812148, 33.734324 ] } },
{ "type": "Feature", "properties": { "decimalLatitude": 34.093933, "decimalLongitude": -116.163994, "eventDate": "2024-05-04T13:37:41Z", "countryCode": "US" }, "geometry": { "type": "Point", "coordinates": [ -116.163994, 34.093933 ] } },
{ "type": "Feature", "properties": { "decimalLatitude": 33.733548, "decimalLongitude": -115.804215, "eventDate": "2024-05-01T19:43:00Z", "countryCode": "US" }, "geometry": { "type": "Point", "coordinates": [ -115.804215, 33.733548 ] } },
{ "type": "Feature", "properties": { "decimalLatitude": 33.733937, "decimalLongitude": -115.812341, "eventDate": "2024-05-01T19:03:00Z", "countryCode": "US" }, "geometry": { "type": "Point", "coordinates": [ -115.812341, 33.733937 ] } },
{ "type": "Feature", "properties": { "decimalLatitude": 33.725522, "decimalLongitude": -115.788612, "eventDate": "2024-05-03T09:47:00Z", "countryCode": "US" }, "geometry": { "type": "Point", "coordinates": [ -115.788612, 33.725522 ] } },
{ "type": "Feature", "properties": { "decimalLatitude": 33.533372, "decimalLongitude": -111.314014, "eventDate": "2024-05-05T12:09:57Z", "countryCode": "US" }, "geometry": { "type": "Point", "coordinates": [ -111.314014, 33.533372 ] } },
{ "type": "Feature", "properties": { "decimalLatitude": 33.723363, "decimalLongitude": -115.785187, "eventDate": "2024-05-03T10:57:07Z", "countryCode": "US" }, "geometry": { "type": "Point", "coordinates": [ -115.785187, 33.723363 ] } },
{ "type": "Feature", "properties": { "decimalLatitude": 33.734753, "decimalLongitude": -115.812034, "eventDate": "2024-05-01T19:01:00Z", "countryCode": "US" }, "geometry": { "type": "Point", "coordinates": [ -115.812034, 33.734753 ] } },
{ "type": "Feature", "properties": { "decimalLatitude": 33.723412, "decimalLongitude": -115.785195, "eventDate": "2024-05-03T10:57:08Z", "countryCode": "US" }, "geometry": { "type": "Point", "coordinates": [ -115.785195, 33.723412 ] } },
{ "type": "Feature", "properties": { "decimalLatitude": 33.735629, "decimalLongitude": -115.807072, "eventDate": "2024-05-03T13:30:00Z", "countryCode": "US" }, "geometry": { "type": "Point", "coordinates": [ -115.807072, 33.735629 ] } },
{ "type": "Feature", "properties": { "decimalLatitude": 33.723406, "decimalLongitude": -115.785183, "eventDate": "2024-05-03T09:56:00Z", "countryCode": "US" }, "geometry": { "type": "Point", "coordinates": [ -115.785183, 33.723406 ] } },
{ "type": "Feature", "properties": { "decimalLatitude": 33.718235, "decimalLongitude": -115.77568, "eventDate": "2024-05-03T10:38:00Z", "countryCode": "US" }, "geometry": { "type": "Point", "coordinates": [ -115.77568, 33.718235 ] } },
{ "type": "Feature", "properties": { "decimalLatitude": 33.933125, "decimalLongitude": -116.130189, "eventDate": "2024-05-10T10:50:10Z", "countryCode": "US" }, "geometry": { "type": "Point", "coordinates": [ -116.130189, 33.933125 ] } },
{ "type": "Feature", "properties": { "decimalLatitude": 33.933112, "decimalLongitude": -116.13018, "eventDate": "2024-05-10T10:50:07Z", "countryCode": "US" }, "geometry": { "type": "Point", "coordinates": [ -116.13018, 33.933112 ] } },
{ "type": "Feature", "properties": { "decimalLatitude": 34.117997, "decimalLongitude": -116.538681, "eventDate": "2024-05-07T10:39:00Z", "countryCode": "US" }, "geometry": { "type": "Point", "coordinates": [ -116.538681, 34.117997 ] } },
{ "type": "Feature", "properties": { "decimalLatitude": 33.929405, "decimalLongitude": -116.151292, "eventDate": "2024-05-10T11:58:27Z", "countryCode": "US" }, "geometry": { "type": "Point", "coordinates": [ -116.151292, 33.929405 ] } },
{ "type": "Feature", "properties": { "decimalLatitude": 34.814663, "decimalLongitude": -115.65142, "eventDate": "2024-05-08T16:33:54Z", "countryCode": "US" }, "geometry": { "type": "Point", "coordinates": [ -115.65142, 34.814663 ] } },
{ "type": "Feature", "properties": { "decimalLatitude": 34.814683, "decimalLongitude": -115.65145, "eventDate": "2024-05-08T16:44:42Z", "countryCode": "US" }, "geometry": { "type": "Point", "coordinates": [ -115.65145, 34.814683 ] } },
{ "type": "Feature", "properties": { "decimalLatitude": 34.118033, "decimalLongitude": -116.53868, "eventDate": "2024-05-07T11:40:45Z", "countryCode": "US" }, "geometry": { "type": "Point", "coordinates": [ -116.53868, 34.118033 ] } },
{ "type": "Feature", "properties": { "decimalLatitude": 34.115428, "decimalLongitude": -116.540672, "eventDate": "2024-05-07T12:44:00Z", "countryCode": "US" }, "geometry": { "type": "Point", "coordinates": [ -116.540672, 34.115428 ] } },
{ "type": "Feature", "properties": { "decimalLatitude": 33.009598, "decimalLongitude": -116.503037, "eventDate": "2024-05-09T08:38:00Z", "countryCode": "US" }, "geometry": { "type": "Point", "coordinates": [ -116.503037, 33.009598 ] } },
{ "type": "Feature", "properties": { "decimalLatitude": 33.053115, "decimalLongitude": -116.366077, "eventDate": "2024-05-09T14:59:00Z", "countryCode": "US" }, "geometry": { "type": "Point", "coordinates": [ -116.366077, 33.053115 ] } },
{ "type": "Feature", "properties": { "decimalLatitude": 33.984097, "decimalLongitude": -116.016564, "eventDate": "2024-05-03T13:32:39Z", "countryCode": "US" }, "geometry": { "type": "Point", "coordinates": [ -116.016564, 33.984097 ] } },
{ "type": "Feature", "properties": { "decimalLatitude": 33.986697, "decimalLongitude": -116.015946, "eventDate": "2024-05-26T14:03:52Z", "countryCode": "US" }, "geometry": { "type": "Point", "coordinates": [ -116.015946, 33.986697 ] } },
{ "type": "Feature", "properties": { "decimalLatitude": 34.9148, "decimalLongitude": -115.5462, "eventDate": "2024-05-03T00:00:00Z", "countryCode": "US" }, "geometry": { "type": "Point", "coordinates": [ -115.5462, 34.9148 ] } },
{ "type": "Feature", "properties": { "decimalLatitude": 36.226356, "decimalLongitude": -116.725722, "eventDate": "2024-05-14T10:12:00Z", "countryCode": "US" }, "geometry": { "type": "Point", "coordinates": [ -116.725722, 36.226356 ] } },
{ "type": "Feature", "properties": { "decimalLatitude": 33.989506, "decimalLongitude": -116.023033, "eventDate": "2024-05-03T13:45:00Z", "countryCode": "US" }, "geometry": { "type": "Point", "coordinates": [ -116.023033, 33.989506 ] } },
{ "type": "Feature", "properties": { "decimalLatitude": 34.754933, "decimalLongitude": -116.81613, "eventDate": "2024-05-13T11:56:28Z", "countryCode": "US" }, "geometry": { "type": "Point", "coordinates": [ -116.81613, 34.754933 ] } },
{ "type": "Feature", "properties": { "decimalLatitude": 34.755022, "decimalLongitude": -116.811295, "eventDate": "2024-05-13T13:16:24Z", "countryCode": "US" }, "geometry": { "type": "Point", "coordinates": [ -116.811295, 34.755022 ] } },
{ "type": "Feature", "properties": { "decimalLatitude": 34.980447, "decimalLongitude": -115.488462, "eventDate": "2024-05-01T09:26:00Z", "countryCode": "US" }, "geometry": { "type": "Point", "coordinates": [ -115.488462, 34.980447 ] } },
{ "type": "Feature", "properties": { "decimalLatitude": 34.916495, "decimalLongitude": -115.554115, "eventDate": "2024-05-03T11:24:00Z", "countryCode": "US" }, "geometry": { "type": "Point", "coordinates": [ -115.554115, 34.916495 ] } },
{ "type": "Feature", "properties": { "decimalLatitude": 33.105, "decimalLongitude": -116.433611, "eventDate": "2024-05-02T14:26:00Z", "countryCode": "US" }, "geometry": { "type": "Point", "coordinates": [ -116.433611, 33.105 ] } },
{ "type": "Feature", "properties": { "decimalLatitude": 34.916793, "decimalLongitude": -115.555898, "eventDate": "2024-05-03T11:44:00Z", "countryCode": "US" }, "geometry": { "type": "Point", "coordinates": [ -115.555898, 34.916793 ] } },
{ "type": "Feature", "properties": { "decimalLatitude": 34.916915, "decimalLongitude": -115.553848, "eventDate": "2024-05-03T11:26:00Z", "countryCode": "US" }, "geometry": { "type": "Point", "coordinates": [ -115.553848, 34.916915 ] } },
{ "type": "Feature", "properties": { "decimalLatitude": 34.917092, "decimalLongitude": -115.55405, "eventDate": "2024-05-03T11:32:00Z", "countryCode": "US" }, "geometry": { "type": "Point", "coordinates": [ -115.55405, 34.917092 ] } },
{ "type": "Feature", "properties": { "decimalLatitude": 34.976693, "decimalLongitude": -115.469197, "eventDate": "2024-05-04T08:59:00Z", "countryCode": "US" }, "geometry": { "type": "Point", "coordinates": [ -115.469197, 34.976693 ] } },
{ "type": "Feature", "properties": { "decimalLatitude": 32.890859, "decimalLongitude": -116.453336, "eventDate": "2024-05-12T14:41:00Z", "countryCode": "US" }, "geometry": { "type": "Point", "coordinates": [ -116.453336, 32.890859 ] } },
{ "type": "Feature", "properties": { "decimalLatitude": 33.775967, "decimalLongitude": -116.67923, "eventDate": "2024-06-28T10:26:40Z", "countryCode": "US" }, "geometry": { "type": "Point", "coordinates": [ -116.67923, 33.775967 ] } },
{ "type": "Feature", "properties": { "decimalLatitude": 33.572073, "decimalLongitude": -116.414138, "eventDate": "2024-07-29T13:10:00Z", "countryCode": "US" }, "geometry": { "type": "Point", "coordinates": [ -116.414138, 33.572073 ] } },
{ "type": "Feature", "properties": { "decimalLatitude": 35.039242, "decimalLongitude": -115.336314, "eventDate": "2025-03-22T11:49:00Z", "countryCode": "US" }, "geometry": { "type": "Point", "coordinates": [ -115.336314, 35.039242 ] } },
{ "type": "Feature", "properties": { "decimalLatitude": 34.062706, "decimalLongitude": -117.163261, "eventDate": "2025-03-28T22:05:00Z", "countryCode": "US" }, "geometry": { "type": "Point", "coordinates": [ -117.163261, 34.062706 ] } },
{ "type": "Feature", "properties": { "decimalLatitude": 33.24532, "decimalLongitude": -116.4239, "eventDate": "2025-04-07T11:09:00Z", "countryCode": "US" }, "geometry": { "type": "Point", "coordinates": [ -116.4239, 33.24532 ] } },
{ "type": "Feature", "properties": { "decimalLatitude": 33.24532, "decimalLongitude": -116.4239, "eventDate": "2025-04-07T10:51:00Z", "countryCode": "US" }, "geometry": { "type": "Point", "coordinates": [ -116.4239, 33.24532 ] } },
{ "type": "Feature", "properties": { "decimalLatitude": 33.605128, "decimalLongitude": -116.439013, "eventDate": "2025-04-11T10:49:57Z", "countryCode": "US" }, "geometry": { "type": "Point", "coordinates": [ -116.439013, 33.605128 ] } },
{ "type": "Feature", "properties": { "decimalLatitude": 34.270267, "decimalLongitude": -112.927574, "eventDate": "2025-04-09T14:04:42Z", "countryCode": "US" }, "geometry": { "type": "Point", "coordinates": [ -112.927574, 34.270267 ] } },
{ "type": "Feature", "properties": { "decimalLatitude": 33.991872, "decimalLongitude": -116.058205, "eventDate": "2025-04-12T12:38:54Z", "countryCode": "US" }, "geometry": { "type": "Point", "coordinates": [ -116.058205, 33.991872 ] } },
{ "type": "Feature", "properties": { "decimalLatitude": 34.085336, "decimalLongitude": -116.141067, "eventDate": "2025-04-16T11:16:55Z", "countryCode": "US" }, "geometry": { "type": "Point", "coordinates": [ -116.141067, 34.085336 ] } },
{ "type": "Feature", "properties": { "decimalLatitude": 33.102232, "decimalLongitude": -116.43702, "eventDate": "2025-04-07T15:37:00Z", "countryCode": "US" }, "geometry": { "type": "Point", "coordinates": [ -116.43702, 33.102232 ] } },
{ "type": "Feature", "properties": { "decimalLatitude": 34.087853, "decimalLongitude": -116.265601, "eventDate": "2025-04-06T14:08:00Z", "countryCode": "US" }, "geometry": { "type": "Point", "coordinates": [ -116.265601, 34.087853 ] } },
{ "type": "Feature", "properties": { "decimalLatitude": 33.237574, "decimalLongitude": -116.437755, "eventDate": "2025-04-07T12:15:00Z", "countryCode": "US" }, "geometry": { "type": "Point", "coordinates": [ -116.437755, 33.237574 ] } },
{ "type": "Feature", "properties": { "decimalLatitude": 34.096622, "decimalLongitude": -116.157861, "eventDate": "2025-04-22T11:02:59Z", "countryCode": "US" }, "geometry": { "type": "Point", "coordinates": [ -116.157861, 34.096622 ] } },
{ "type": "Feature", "properties": { "decimalLatitude": 33.733261, "decimalLongitude": -115.799066, "eventDate": "2025-04-19T15:32:00Z", "countryCode": "US" }, "geometry": { "type": "Point", "coordinates": [ -115.799066, 33.733261 ] } },
{ "type": "Feature", "properties": { "decimalLatitude": 34.115345, "decimalLongitude": -116.29229, "eventDate": "2025-04-21T10:12:00Z", "countryCode": "US" }, "geometry": { "type": "Point", "coordinates": [ -116.29229, 34.115345 ] } },
{ "type": "Feature", "properties": { "decimalLatitude": 35.40757, "decimalLongitude": -114.171342, "eventDate": "2025-04-30T14:08:12Z", "countryCode": "US" }, "geometry": { "type": "Point", "coordinates": [ -114.171342, 35.40757 ] } },
{ "type": "Feature", "properties": { "decimalLatitude": 34.026241, "decimalLongitude": -116.654466, "eventDate": "2025-04-19T12:51:31Z", "countryCode": "US" }, "geometry": { "type": "Point", "coordinates": [ -116.654466, 34.026241 ] } },
{ "type": "Feature", "properties": { "decimalLatitude": 33.913969, "decimalLongitude": -115.839756, "eventDate": "2025-04-22T07:38:16Z", "countryCode": "US" }, "geometry": { "type": "Point", "coordinates": [ -115.839756, 33.913969 ] } },
{ "type": "Feature", "properties": { "decimalLatitude": 34.027541, "decimalLongitude": -116.281706, "eventDate": "2025-05-09T14:32:00Z", "countryCode": "US" }, "geometry": { "type": "Point", "coordinates": [ -116.281706, 34.027541 ] } },
{ "type": "Feature", "properties": { "decimalLatitude": 33.740296, "decimalLongitude": -116.538045, "eventDate": "2025-09-15T08:40:50Z", "countryCode": "US" }, "geometry": { "type": "Point", "coordinates": [ -116.538045, 33.740296 ] } },
{ "type": "Feature", "properties": { "decimalLatitude": 33.605222, "decimalLongitude": -116.439135, "eventDate": "2025-09-20T14:27:41Z", "countryCode": "US" }, "geometry": { "type": "Point", "coordinates": [ -116.439135, 33.605222 ] } },
{ "type": "Feature", "properties": { "decimalLatitude": 33.605252, "decimalLongitude": -116.439174, "eventDate": "2025-09-20T17:47:28Z", "countryCode": "US" }, "geometry": { "type": "Point", "coordinates": [ -116.439174, 33.605252 ] } },
{ "type": "Feature", "properties": { "decimalLatitude": 33.605116, "decimalLongitude": -116.439053, "eventDate": "2025-09-22T12:22:39Z", "countryCode": "US" }, "geometry": { "type": "Point", "coordinates": [ -116.439053, 33.605116 ] } },
{ "type": "Feature", "properties": { "decimalLatitude": 33.605089, "decimalLongitude": -116.439009, "eventDate": "2025-09-19T13:05:15Z", "countryCode": "US" }, "geometry": { "type": "Point", "coordinates": [ -116.439009, 33.605089 ] } },
{ "type": "Feature", "properties": { "decimalLatitude": 33.605117, "decimalLongitude": -116.439063, "eventDate": "2025-09-19T12:57:53Z", "countryCode": "US" }, "geometry": { "type": "Point", "coordinates": [ -116.439063, 33.605117 ] } },
{ "type": "Feature", "properties": { "decimalLatitude": 33.605093, "decimalLongitude": -116.439002, "eventDate": "2025-09-22T12:20:08Z", "countryCode": "US" }, "geometry": { "type": "Point", "coordinates": [ -116.439002, 33.605093 ] } },
{ "type": "Feature", "properties": { "decimalLatitude": 33.605127, "decimalLongitude": -116.439069, "eventDate": "2025-09-22T10:36:48Z", "countryCode": "US" }, "geometry": { "type": "Point", "coordinates": [ -116.439069, 33.605127 ] } },
{ "type": "Feature", "properties": { "decimalLatitude": 33.605121, "decimalLongitude": -116.439058, "eventDate": "2025-09-19T11:35:58Z", "countryCode": "US" }, "geometry": { "type": "Point", "coordinates": [ -116.439058, 33.605121 ] } },
{ "type": "Feature", "properties": { "decimalLatitude": 34.032819, "decimalLongitude": -116.554739, "eventDate": "2025-09-19T14:42:00Z", "countryCode": "US" }, "geometry": { "type": "Point", "coordinates": [ -116.554739, 34.032819 ] } },
{ "type": "Feature", "properties": { "decimalLatitude": 32.942878, "decimalLongitude": -116.275742, "eventDate": "2025-10-03T12:10:00Z", "countryCode": "US" }, "geometry": { "type": "Point", "coordinates": [ -116.275742, 32.942878 ] } },
{ "type": "Feature", "properties": { "decimalLatitude": 33.605659, "decimalLongitude": -116.438982, "eventDate": "2025-10-06T15:20:52Z", "countryCode": "US" }, "geometry": { "type": "Point", "coordinates": [ -116.438982, 33.605659 ] } },
{ "type": "Feature", "properties": { "decimalLatitude": 33.653267, "decimalLongitude": -116.497397, "eventDate": "2025-10-06T13:52:38Z", "countryCode": "US" }, "geometry": { "type": "Point", "coordinates": [ -116.497397, 33.653267 ] } },
{ "type": "Feature", "properties": { "decimalLatitude": 33.735661, "decimalLongitude": -116.537238, "eventDate": "2025-10-02T10:05:00Z", "countryCode": "US" }, "geometry": { "type": "Point", "coordinates": [ -116.537238, 33.735661 ] } },
{ "type": "Feature", "properties": { "decimalLatitude": 33.715362, "decimalLongitude": -116.530396, "eventDate": "2025-10-06T09:55:42Z", "countryCode": "US" }, "geometry": { "type": "Point", "coordinates": [ -116.530396, 33.715362 ] } },
{ "type": "Feature", "properties": { "decimalLatitude": 33.763175, "decimalLongitude": -116.552803, "eventDate": "2025-10-05T14:01:13Z", "countryCode": "US" }, "geometry": { "type": "Point", "coordinates": [ -116.552803, 33.763175 ] } },
{ "type": "Feature", "properties": { "decimalLatitude": 33.899398, "decimalLongitude": -116.675136, "eventDate": "2025-10-12T16:38:00Z", "countryCode": "US" }, "geometry": { "type": "Point", "coordinates": [ -116.675136, 33.899398 ] } },
{ "type": "Feature", "properties": { "decimalLatitude": 33.732872, "decimalLongitude": -116.830262, "eventDate": "2025-10-09T12:03:16Z", "countryCode": "US" }, "geometry": { "type": "Point", "coordinates": [ -116.830262, 33.732872 ] } },
{ "type": "Feature", "properties": { "decimalLatitude": 34.106297, "decimalLongitude": -116.105133, "eventDate": "2025-10-11T12:36:34Z", "countryCode": "US" }, "geometry": { "type": "Point", "coordinates": [ -116.105133, 34.106297 ] } },
{ "type": "Feature", "properties": { "decimalLatitude": 32.066235, "decimalLongitude": -112.717121, "eventDate": "2025-10-04T10:02:00Z", "countryCode": "US" }, "geometry": { "type": "Point", "coordinates": [ -112.717121, 32.066235 ] } },
{ "type": "Feature", "properties": { "decimalLatitude": 34.120139, "decimalLongitude": -116.118903, "eventDate": "2025-10-09T16:29:06Z", "countryCode": "US" }, "geometry": { "type": "Point", "coordinates": [ -116.118903, 34.120139 ] } },
{ "type": "Feature", "properties": { "decimalLatitude": 33.606237, "decimalLongitude": -116.438147, "eventDate": "2025-10-10T12:56:17Z", "countryCode": "US" }, "geometry": { "type": "Point", "coordinates": [ -116.438147, 33.606237 ] } },
{ "type": "Feature", "properties": { "decimalLatitude": 33.763042, "decimalLongitude": -116.55262, "eventDate": "2025-10-09T14:45:26Z", "countryCode": "US" }, "geometry": { "type": "Point", "coordinates": [ -116.55262, 33.763042 ] } },
{ "type": "Feature", "properties": { "decimalLatitude": 33.606226, "decimalLongitude": -116.438144, "eventDate": "2025-10-09T13:25:21Z", "countryCode": "US" }, "geometry": { "type": "Point", "coordinates": [ -116.438144, 33.606226 ] } },
{ "type": "Feature", "properties": { "decimalLatitude": 33.834878, "decimalLongitude": -116.540066, "eventDate": "2025-10-05T08:45:00Z", "countryCode": "US" }, "geometry": { "type": "Point", "coordinates": [ -116.540066, 33.834878 ] } },
{ "type": "Feature", "properties": { "decimalLatitude": 34.070439, "decimalLongitude": -116.033683, "eventDate": "2025-10-10T11:55:49Z", "countryCode": "US" }, "geometry": { "type": "Point", "coordinates": [ -116.033683, 34.070439 ] } },
{ "type": "Feature", "properties": { "decimalLatitude": 34.118786, "decimalLongitude": -116.112161, "eventDate": "2025-10-09T16:47:37Z", "countryCode": "US" }, "geometry": { "type": "Point", "coordinates": [ -116.112161, 34.118786 ] } },
{ "type": "Feature", "properties": { "decimalLatitude": 34.117111, "decimalLongitude": -116.109847, "eventDate": "2025-10-09T17:14:22Z", "countryCode": "US" }, "geometry": { "type": "Point", "coordinates": [ -116.109847, 34.117111 ] } },
{ "type": "Feature", "properties": { "decimalLatitude": 34.293962, "decimalLongitude": -113.091255, "eventDate": "2025-10-15T12:44:31Z", "countryCode": "US" }, "geometry": { "type": "Point", "coordinates": [ -113.091255, 34.293962 ] } },
{ "type": "Feature", "properties": { "decimalLatitude": 34.130378, "decimalLongitude": -116.049225, "eventDate": "2025-10-18T09:29:00Z", "countryCode": "US" }, "geometry": { "type": "Point", "coordinates": [ -116.049225, 34.130378 ] } },
{ "type": "Feature", "properties": { "decimalLatitude": 33.644375, "decimalLongitude": -116.408211, "eventDate": "2025-10-15T11:02:00Z", "countryCode": "US" }, "geometry": { "type": "Point", "coordinates": [ -116.408211, 33.644375 ] } },
{ "type": "Feature", "properties": { "decimalLatitude": 33.639778, "decimalLongitude": -116.411047, "eventDate": "2025-10-15T10:16:13Z", "countryCode": "US" }, "geometry": { "type": "Point", "coordinates": [ -116.411047, 33.639778 ] } },
{ "type": "Feature", "properties": { "decimalLatitude": 33.643578, "decimalLongitude": -116.408257, "eventDate": "2025-10-15T10:15:00Z", "countryCode": "US" }, "geometry": { "type": "Point", "coordinates": [ -116.408257, 33.643578 ] } },
{ "type": "Feature", "properties": { "decimalLatitude": 33.644388, "decimalLongitude": -116.40822, "eventDate": "2025-10-15T11:01:44Z", "countryCode": "US" }, "geometry": { "type": "Point", "coordinates": [ -116.40822, 33.644388 ] } },
{ "type": "Feature", "properties": { "decimalLatitude": 32.975602, "decimalLongitude": -116.350466, "eventDate": "2025-10-17T12:15:00Z", "countryCode": "US" }, "geometry": { "type": "Point", "coordinates": [ -116.350466, 32.975602 ] } },
{ "type": "Feature", "properties": { "decimalLatitude": 37.187313, "decimalLongitude": -113.21982, "eventDate": "2025-10-15T15:57:32Z", "countryCode": "US" }, "geometry": { "type": "Point", "coordinates": [ -113.21982, 37.187313 ] } },
{ "type": "Feature", "properties": { "decimalLatitude": 33.643186, "decimalLongitude": -116.408651, "eventDate": "2025-10-15T09:30:00Z", "countryCode": "US" }, "geometry": { "type": "Point", "coordinates": [ -116.408651, 33.643186 ] } },
{ "type": "Feature", "properties": { "decimalLatitude": 33.644375, "decimalLongitude": -116.408194, "eventDate": "2025-10-15T11:02:36Z", "countryCode": "US" }, "geometry": { "type": "Point", "coordinates": [ -116.408194, 33.644375 ] } },
{ "type": "Feature", "properties": { "decimalLatitude": 33.644378, "decimalLongitude": -116.408208, "eventDate": "2025-10-15T11:02:00Z", "countryCode": "US" }, "geometry": { "type": "Point", "coordinates": [ -116.408208, 33.644378 ] } },
{ "type": "Feature", "properties": { "decimalLatitude": 33.664838, "decimalLongitude": -116.358863, "eventDate": "2025-10-15T11:01:44Z", "countryCode": "US" }, "geometry": { "type": "Point", "coordinates": [ -116.358863, 33.664838 ] } },
{ "type": "Feature", "properties": { "decimalLatitude": 33.644414, "decimalLongitude": -116.408264, "eventDate": "2025-10-15T11:00:00Z", "countryCode": "US" }, "geometry": { "type": "Point", "coordinates": [ -116.408264, 33.644414 ] } },
{ "type": "Feature", "properties": { "decimalLatitude": 33.226537, "decimalLongitude": -116.461975, "eventDate": "2025-10-21T10:10:24Z", "countryCode": "US" }, "geometry": { "type": "Point", "coordinates": [ -116.461975, 33.226537 ] } },
{ "type": "Feature", "properties": { "decimalLatitude": 34.130459, "decimalLongitude": -116.284396, "eventDate": "2025-10-26T13:09:21Z", "countryCode": "US" }, "geometry": { "type": "Point", "coordinates": [ -116.284396, 34.130459 ] } },
{ "type": "Feature", "properties": { "decimalLatitude": 33.226988, "decimalLongitude": -116.456227, "eventDate": "2025-10-28T14:48:00Z", "countryCode": "US" }, "geometry": { "type": "Point", "coordinates": [ -116.456227, 33.226988 ] } },
{ "type": "Feature", "properties": { "decimalLatitude": 33.225982, "decimalLongitude": -116.45042, "eventDate": "2025-10-28T12:15:00Z", "countryCode": "US" }, "geometry": { "type": "Point", "coordinates": [ -116.45042, 33.225982 ] } },
{ "type": "Feature", "properties": { "decimalLatitude": 33.228228, "decimalLongitude": -116.462438, "eventDate": "2025-10-28T13:57:00Z", "countryCode": "US" }, "geometry": { "type": "Point", "coordinates": [ -116.462438, 33.228228 ] } },
{ "type": "Feature", "properties": { "decimalLatitude": 33.225995, "decimalLongitude": -116.450495, "eventDate": "2025-10-28T11:58:00Z", "countryCode": "US" }, "geometry": { "type": "Point", "coordinates": [ -116.450495, 33.225995 ] } },
{ "type": "Feature", "properties": { "decimalLatitude": 33.22668, "decimalLongitude": -116.452113, "eventDate": "2025-10-28T12:31:00Z", "countryCode": "US" }, "geometry": { "type": "Point", "coordinates": [ -116.452113, 33.22668 ] } },
{ "type": "Feature", "properties": { "decimalLatitude": 33.2272, "decimalLongitude": -116.451558, "eventDate": "2025-10-28T11:44:00Z", "countryCode": "US" }, "geometry": { "type": "Point", "coordinates": [ -116.451558, 33.2272 ] } },
{ "type": "Feature", "properties": { "decimalLatitude": 33.227635, "decimalLongitude": -116.455598, "eventDate": "2025-10-27T16:49:00Z", "countryCode": "US" }, "geometry": { "type": "Point", "coordinates": [ -116.455598, 33.227635 ] } },
{ "type": "Feature", "properties": { "decimalLatitude": 34.069283, "decimalLongitude": -116.035164, "eventDate": "2025-10-28T12:05:00Z", "countryCode": "US" }, "geometry": { "type": "Point", "coordinates": [ -116.035164, 34.069283 ] } },
{ "type": "Feature", "properties": { "decimalLatitude": 33.99622, "decimalLongitude": -116.049659, "eventDate": "2025-10-28T11:36:00Z", "countryCode": "US" }, "geometry": { "type": "Point", "coordinates": [ -116.049659, 33.99622 ] } },
{ "type": "Feature", "properties": { "decimalLatitude": 34.066659, "decimalLongitude": -116.051211, "eventDate": "2025-10-31T09:46:00Z", "countryCode": "US" }, "geometry": { "type": "Point", "coordinates": [ -116.051211, 34.066659 ] } },
{ "type": "Feature", "properties": { "decimalLatitude": 34.066647, "decimalLongitude": -116.051173, "eventDate": "2025-10-31T09:49:00Z", "countryCode": "US" }, "geometry": { "type": "Point", "coordinates": [ -116.051173, 34.066647 ] } },
{ "type": "Feature", "properties": { "decimalLatitude": 34.067853, "decimalLongitude": -116.04831, "eventDate": "2025-10-28T11:57:00Z", "countryCode": "US" }, "geometry": { "type": "Point", "coordinates": [ -116.04831, 34.067853 ] } },
{ "type": "Feature", "properties": { "decimalLatitude": 34.067853, "decimalLongitude": -116.04831, "eventDate": "2025-10-28T11:56:00Z", "countryCode": "US" }, "geometry": { "type": "Point", "coordinates": [ -116.04831, 34.067853 ] } },
{ "type": "Feature", "properties": { "decimalLatitude": 34.113388, "decimalLongitude": -116.299665, "eventDate": "2025-11-01T10:09:00Z", "countryCode": "US" }, "geometry": { "type": "Point", "coordinates": [ -116.299665, 34.113388 ] } },
{ "type": "Feature", "properties": { "decimalLatitude": 34.11399, "decimalLongitude": -116.297333, "eventDate": "2025-11-01T10:52:00Z", "countryCode": "US" }, "geometry": { "type": "Point", "coordinates": [ -116.297333, 34.11399 ] } },
{ "type": "Feature", "properties": { "decimalLatitude": 34.113388, "decimalLongitude": -116.299665, "eventDate": "2025-11-01T09:54:00Z", "countryCode": "US" }, "geometry": { "type": "Point", "coordinates": [ -116.299665, 34.113388 ] } },
{ "type": "Feature", "properties": { "decimalLatitude": 33.984635, "decimalLongitude": -112.370163, "eventDate": "2025-11-02T11:00:22Z", "countryCode": "US" }, "geometry": { "type": "Point", "coordinates": [ -112.370163, 33.984635 ] } },
{ "type": "Feature", "properties": { "decimalLatitude": 34.248942, "decimalLongitude": -114.124312, "eventDate": "2025-11-09T12:27:00Z", "countryCode": "US" }, "geometry": { "type": "Point", "coordinates": [ -114.124312, 34.248942 ] } },
{ "type": "Feature", "properties": { "decimalLatitude": 33.860828, "decimalLongitude": -112.252608, "eventDate": "2025-11-24T15:02:59Z", "countryCode": "US" }, "geometry": { "type": "Point", "coordinates": [ -112.252608, 33.860828 ] } },
{ "type": "Feature", "properties": { "decimalLatitude": 33.538703, "decimalLongitude": -111.439318, "eventDate": "2025-11-04T12:37:00Z", "countryCode": "US" }, "geometry": { "type": "Point", "coordinates": [ -111.439318, 33.538703 ] } },
{ "type": "Feature", "properties": { "decimalLatitude": 33.439822, "decimalLongitude": -113.917675, "eventDate": "2025-11-28T14:36:00Z", "countryCode": "US" }, "geometry": { "type": "Point", "coordinates": [ -113.917675, 33.439822 ] } },
{ "type": "Feature", "properties": { "decimalLatitude": 33.27655, "decimalLongitude": -116.425453, "eventDate": "2025-12-28T14:47:50Z", "countryCode": "US" }, "geometry": { "type": "Point", "coordinates": [ -116.425453, 33.27655 ] } }
]
}
