{
"type": "FeatureCollection",
"name": "erynnis-baptisiae-gbif",
"crs": { "type": "name", "properties": { "name": "urn:ogc:def:crs:OGC:1.3:CRS84" } },
"features": [
{ "type": "Feature", "properties": { "decimalLatitude": 38.644208, "decimalLongitude": -77.236419, "eventDate": "2017-03-25T11:32:00Z", "countryCode": "US" }, "geometry": { "type": "Point", "coordinates": [ -77.236419, 38.644208 ] } },
{ "type": "Feature", "properties": { "decimalLatitude": 38.68113, "decimalLongitude": -77.253116, "eventDate": "2017-04-02T11:48:00Z", "countryCode": "US" }, "geometry": { "type": "Point", "coordinates": [ -77.253116, 38.68113 ] } },
{ "type": "Feature", "properties": { "decimalLatitude": 39.240164, "decimalLongitude": -76.858989, "eventDate": "2017-04-03T00:00:00Z", "countryCode": "US" }, "geometry": { "type": "Point", "coordinates": [ -76.858989, 39.240164 ] } },
{ "type": "Feature", "properties": { "decimalLatitude": 39.154158, "decimalLongitude": -76.8331, "eventDate": "2017-04-09T13:02:00Z", "countryCode": "US" }, "geometry": { "type": "Point", "coordinates": [ -76.8331, 39.154158 ] } },
{ "type": "Feature", "properties": { "decimalLatitude": 39.141512, "decimalLongitude": -76.832305, "eventDate": "2017-04-09T15:05:00Z", "countryCode": "US" }, "geometry": { "type": "Point", "coordinates": [ -76.832305, 39.141512 ] } },
{ "type": "Feature", "properties": { "decimalLatitude": 35.613582, "decimalLongitude": -82.56974, "eventDate": "2017-04-11T11:43:23Z", "countryCode": "US" }, "geometry": { "type": "Point", "coordinates": [ -82.56974, 35.613582 ] } },
{ "type": "Feature", "properties": { "decimalLatitude": 38.677465, "decimalLongitude": -77.226462, "eventDate": "2017-04-18T10:33:00Z", "countryCode": "US" }, "geometry": { "type": "Point", "coordinates": [ -77.226462, 38.677465 ] } },
{ "type": "Feature", "properties": { "decimalLatitude": 39.167028, "decimalLongitude": -76.846597, "eventDate": "2017-04-15T13:08:00Z", "countryCode": "US" }, "geometry": { "type": "Point", "coordinates": [ -76.846597, 39.167028 ] } },
{ "type": "Feature", "properties": { "decimalLatitude": 39.167028, "decimalLongitude": -76.846597, "eventDate": "2017-04-15T14:00:00Z", "countryCode": "US" }, "geometry": { "type": "Point", "coordinates": [ -76.846597, 39.167028 ] } },
{ "type": "Feature", "properties": { "decimalLatitude": 39.167028, "decimalLongitude": -76.846597, "eventDate": "2017-04-15T13:12:00Z", "countryCode": "US" }, "geometry": { "type": "Point", "coordinates": [ -76.846597, 39.167028 ] } },
{ "type": "Feature", "properties": { "decimalLatitude": 39.167028, "decimalLongitude": -76.846597, "eventDate": "2017-04-15T13:54:00Z", "countryCode": "US" }, "geometry": { "type": "Point", "coordinates": [ -76.846597, 39.167028 ] } },
{ "type": "Feature", "properties": { "decimalLatitude": 39.167028, "decimalLongitude": -76.846597, "eventDate": "2017-04-15T13:24:00Z", "countryCode": "US" }, "geometry": { "type": "Point", "coordinates": [ -76.846597, 39.167028 ] } },
{ "type": "Feature", "properties": { "decimalLatitude": 40.673214, "decimalLongitude": -81.335297, "eventDate": "2017-04-21T15:16:42Z", "countryCode": "US" }, "geometry": { "type": "Point", "coordinates": [ -81.335297, 40.673214 ] } },
{ "type": "Feature", "properties": { "decimalLatitude": 38.760517, "decimalLongitude": -77.292455, "eventDate": "2017-04-18T16:19:00Z", "countryCode": "US" }, "geometry": { "type": "Point", "coordinates": [ -77.292455, 38.760517 ] } },
{ "type": "Feature", "properties": { "decimalLatitude": 39.696067, "decimalLongitude": -75.768661, "eventDate": "2017-04-29T15:33:00Z", "countryCode": "US" }, "geometry": { "type": "Point", "coordinates": [ -75.768661, 39.696067 ] } },
{ "type": "Feature", "properties": { "decimalLatitude": 40.330617, "decimalLongitude": -80.099997, "eventDate": "2017-04-29T00:00:00Z", "countryCode": "US" }, "geometry": { "type": "Point", "coordinates": [ -80.099997, 40.330617 ] } },
{ "type": "Feature", "properties": { "decimalLatitude": 39.621899, "decimalLongitude": -75.630125, "eventDate": "2017-04-29T14:03:00Z", "countryCode": "US" }, "geometry": { "type": "Point", "coordinates": [ -75.630125, 39.621899 ] } },
{ "type": "Feature", "properties": { "decimalLatitude": 39.184286, "decimalLongitude": -76.774575, "eventDate": "2017-04-13T00:00:00Z", "countryCode": "US" }, "geometry": { "type": "Point", "coordinates": [ -76.774575, 39.184286 ] } },
{ "type": "Feature", "properties": { "decimalLatitude": 35.042819, "decimalLongitude": -79.62329, "eventDate": "2017-04-20T15:32:00Z", "countryCode": "US" }, "geometry": { "type": "Point", "coordinates": [ -79.62329, 35.042819 ] } },
{ "type": "Feature", "properties": { "decimalLatitude": 38.94136, "decimalLongitude": -79.938568, "eventDate": "2017-04-15T15:00:00Z", "countryCode": "US" }, "geometry": { "type": "Point", "coordinates": [ -79.938568, 38.94136 ] } },
{ "type": "Feature", "properties": { "decimalLatitude": 38.69329, "decimalLongitude": -77.255757, "eventDate": "2017-04-23T11:10:00Z", "countryCode": "US" }, "geometry": { "type": "Point", "coordinates": [ -77.255757, 38.69329 ] } },
{ "type": "Feature", "properties": { "decimalLatitude": 35.72905, "decimalLongitude": -82.707778, "eventDate": "2017-04-21T11:21:00Z", "countryCode": "US" }, "geometry": { "type": "Point", "coordinates": [ -82.707778, 35.72905 ] } },
{ "type": "Feature", "properties": { "decimalLatitude": 40.635874, "decimalLongitude": -74.49254, "eventDate": "2017-05-10T13:29:00Z", "countryCode": "US" }, "geometry": { "type": "Point", "coordinates": [ -74.49254, 40.635874 ] } },
{ "type": "Feature", "properties": { "decimalLatitude": 43.428237, "decimalLongitude": -80.253097, "eventDate": "2017-05-15T00:00:00Z", "countryCode": "CA" }, "geometry": { "type": "Point", "coordinates": [ -80.253097, 43.428237 ] } },
{ "type": "Feature", "properties": { "decimalLatitude": 40.861307, "decimalLongitude": -73.558459, "eventDate": "2017-05-18T10:35:30Z", "countryCode": "US" }, "geometry": { "type": "Point", "coordinates": [ -73.558459, 40.861307 ] } },
{ "type": "Feature", "properties": { "decimalLatitude": 43.428237, "decimalLongitude": -80.253097, "eventDate": "2017-05-19T00:00:00Z", "countryCode": "CA" }, "geometry": { "type": "Point", "coordinates": [ -80.253097, 43.428237 ] } },
{ "type": "Feature", "properties": { "decimalLatitude": 43.742996, "decimalLongitude": -79.799543, "eventDate": "2017-05-20T15:54:00Z", "countryCode": "CA" }, "geometry": { "type": "Point", "coordinates": [ -79.799543, 43.742996 ] } },
{ "type": "Feature", "properties": { "decimalLatitude": 42.25583, "decimalLongitude": -83.04822, "eventDate": "2017-05-17T12:16:00Z", "countryCode": "CA" }, "geometry": { "type": "Point", "coordinates": [ -83.04822, 42.25583 ] } },
{ "type": "Feature", "properties": { "decimalLatitude": 43.428237, "decimalLongitude": -80.253097, "eventDate": "2017-05-23T00:00:00Z", "countryCode": "CA" }, "geometry": { "type": "Point", "coordinates": [ -80.253097, 43.428237 ] } },
{ "type": "Feature", "properties": { "decimalLatitude": 42.264758, "decimalLongitude": -83.08209, "eventDate": "2017-05-26T10:45:00Z", "countryCode": "CA" }, "geometry": { "type": "Point", "coordinates": [ -83.08209, 42.264758 ] } },
{ "type": "Feature", "properties": { "decimalLatitude": 43.233175, "decimalLongitude": -81.858803, "eventDate": "2017-05-27T10:50:00Z", "countryCode": "CA" }, "geometry": { "type": "Point", "coordinates": [ -81.858803, 43.233175 ] } },
{ "type": "Feature", "properties": { "decimalLatitude": 43.223017, "decimalLongitude": -81.887517, "eventDate": "2017-05-29T14:27:00Z", "countryCode": "CA" }, "geometry": { "type": "Point", "coordinates": [ -81.887517, 43.223017 ] } },
{ "type": "Feature", "properties": { "decimalLatitude": 44.938724, "decimalLongitude": -73.092856, "eventDate": "2017-05-27T10:13:00Z", "countryCode": "US" }, "geometry": { "type": "Point", "coordinates": [ -73.092856, 44.938724 ] } },
{ "type": "Feature", "properties": { "decimalLatitude": 44.938724, "decimalLongitude": -73.092856, "eventDate": "2017-05-27T10:13:00Z", "countryCode": "US" }, "geometry": { "type": "Point", "coordinates": [ -73.092856, 44.938724 ] } },
{ "type": "Feature", "properties": { "decimalLatitude": 43.699024, "decimalLongitude": -79.390807, "eventDate": "2017-05-24T14:27:00Z", "countryCode": "CA" }, "geometry": { "type": "Point", "coordinates": [ -79.390807, 43.699024 ] } },
{ "type": "Feature", "properties": { "decimalLatitude": 40.138732, "decimalLongitude": -75.327112, "eventDate": "2017-05-03T00:00:00Z", "countryCode": "US" }, "geometry": { "type": "Point", "coordinates": [ -75.327112, 40.138732 ] } },
{ "type": "Feature", "properties": { "decimalLatitude": 43.336915, "decimalLongitude": -80.116425, "eventDate": "2017-05-19T14:36:00Z", "countryCode": "CA" }, "geometry": { "type": "Point", "coordinates": [ -80.116425, 43.336915 ] } },
{ "type": "Feature", "properties": { "decimalLatitude": 39.068413, "decimalLongitude": -76.797008, "eventDate": "2017-05-14T13:21:00Z", "countryCode": "US" }, "geometry": { "type": "Point", "coordinates": [ -76.797008, 39.068413 ] } },
{ "type": "Feature", "properties": { "decimalLatitude": 43.499429, "decimalLongitude": -79.777265, "eventDate": "2017-05-24T13:13:00Z", "countryCode": "CA" }, "geometry": { "type": "Point", "coordinates": [ -79.777265, 43.499429 ] } },
{ "type": "Feature", "properties": { "decimalLatitude": 41.63043, "decimalLongitude": -72.923205, "eventDate": "2017-05-12T02:58:00Z", "countryCode": "US" }, "geometry": { "type": "Point", "coordinates": [ -72.923205, 41.63043 ] } },
{ "type": "Feature", "properties": { "decimalLatitude": 41.751002, "decimalLongitude": -72.180502, "eventDate": "2017-05-24T02:42:00Z", "countryCode": "US" }, "geometry": { "type": "Point", "coordinates": [ -72.180502, 41.751002 ] } },
{ "type": "Feature", "properties": { "decimalLatitude": 41.749272, "decimalLongitude": -72.177246, "eventDate": "2017-05-24T03:43:00Z", "countryCode": "US" }, "geometry": { "type": "Point", "coordinates": [ -72.177246, 41.749272 ] } },
{ "type": "Feature", "properties": { "decimalLatitude": 39.07226, "decimalLongitude": -76.716147, "eventDate": "2017-05-19T11:57:00Z", "countryCode": "US" }, "geometry": { "type": "Point", "coordinates": [ -76.716147, 39.07226 ] } },
{ "type": "Feature", "properties": { "decimalLatitude": 41.751002, "decimalLongitude": -72.180459, "eventDate": "2017-05-24T02:42:00Z", "countryCode": "US" }, "geometry": { "type": "Point", "coordinates": [ -72.180459, 41.751002 ] } },
{ "type": "Feature", "properties": { "decimalLatitude": 43.499131, "decimalLongitude": -79.778317, "eventDate": "2017-05-24T13:13:00Z", "countryCode": "CA" }, "geometry": { "type": "Point", "coordinates": [ -79.778317, 43.499131 ] } },
{ "type": "Feature", "properties": { "decimalLatitude": 43.427941, "decimalLongitude": -80.258998, "eventDate": "2017-05-23T14:54:00Z", "countryCode": "CA" }, "geometry": { "type": "Point", "coordinates": [ -80.258998, 43.427941 ] } },
{ "type": "Feature", "properties": { "decimalLatitude": 43.427941, "decimalLongitude": -80.258998, "eventDate": "2017-05-20T14:56:00Z", "countryCode": "CA" }, "geometry": { "type": "Point", "coordinates": [ -80.258998, 43.427941 ] } },
{ "type": "Feature", "properties": { "decimalLatitude": 42.631754, "decimalLongitude": -80.567869, "eventDate": "2017-05-28T12:42:00Z", "countryCode": "CA" }, "geometry": { "type": "Point", "coordinates": [ -80.567869, 42.631754 ] } },
{ "type": "Feature", "properties": { "decimalLatitude": 38.69329, "decimalLongitude": -77.255757, "eventDate": "2017-05-08T12:22:00Z", "countryCode": "US" }, "geometry": { "type": "Point", "coordinates": [ -77.255757, 38.69329 ] } },
{ "type": "Feature", "properties": { "decimalLatitude": 43.325125, "decimalLongitude": -73.674576, "eventDate": "2017-05-28T13:19:00Z", "countryCode": "US" }, "geometry": { "type": "Point", "coordinates": [ -73.674576, 43.325125 ] } },
{ "type": "Feature", "properties": { "decimalLatitude": 39.654312, "decimalLongitude": -84.227112, "eventDate": "2017-06-18T13:05:23Z", "countryCode": "US" }, "geometry": { "type": "Point", "coordinates": [ -84.227112, 39.654312 ] } },
{ "type": "Feature", "properties": { "decimalLatitude": 42.23525, "decimalLongitude": -71.774838, "eventDate": "2017-06-21T12:50:00Z", "countryCode": "US" }, "geometry": { "type": "Point", "coordinates": [ -71.774838, 42.23525 ] } },
{ "type": "Feature", "properties": { "decimalLatitude": 39.696297, "decimalLongitude": -84.098354, "eventDate": "2017-06-22T09:24:10Z", "countryCode": "US" }, "geometry": { "type": "Point", "coordinates": [ -84.098354, 39.696297 ] } },
{ "type": "Feature", "properties": { "decimalLatitude": 35.547904, "decimalLongitude": -82.4737, "eventDate": "2017-06-21T15:44:10Z", "countryCode": "US" }, "geometry": { "type": "Point", "coordinates": [ -82.4737, 35.547904 ] } },
{ "type": "Feature", "properties": { "decimalLatitude": 39.074101, "decimalLongitude": -77.142906, "eventDate": "2017-06-29T16:12:00Z", "countryCode": "US" }, "geometry": { "type": "Point", "coordinates": [ -77.142906, 39.074101 ] } },
{ "type": "Feature", "properties": { "decimalLatitude": 39.190766, "decimalLongitude": -76.893972, "eventDate": "2017-06-22T11:05:03Z", "countryCode": "US" }, "geometry": { "type": "Point", "coordinates": [ -76.893972, 39.190766 ] } },
{ "type": "Feature", "properties": { "decimalLatitude": 43.346044, "decimalLongitude": -80.120534, "eventDate": "2017-06-02T16:34:00Z", "countryCode": "CA" }, "geometry": { "type": "Point", "coordinates": [ -80.120534, 43.346044 ] } },
{ "type": "Feature", "properties": { "decimalLatitude": 43.227573, "decimalLongitude": -81.912637, "eventDate": "2017-06-03T15:32:00Z", "countryCode": "CA" }, "geometry": { "type": "Point", "coordinates": [ -81.912637, 43.227573 ] } },
{ "type": "Feature", "properties": { "decimalLatitude": 39.19835, "decimalLongitude": -77.102844, "eventDate": "2017-06-25T09:41:00Z", "countryCode": "US" }, "geometry": { "type": "Point", "coordinates": [ -77.102844, 39.19835 ] } },
{ "type": "Feature", "properties": { "decimalLatitude": 44.757623, "decimalLongitude": -77.686448, "eventDate": "2017-06-12T12:38:00Z", "countryCode": "CA" }, "geometry": { "type": "Point", "coordinates": [ -77.686448, 44.757623 ] } },
{ "type": "Feature", "properties": { "decimalLatitude": 43.347128, "decimalLongitude": -80.11995, "eventDate": "2017-06-01T13:16:00Z", "countryCode": "CA" }, "geometry": { "type": "Point", "coordinates": [ -80.11995, 43.347128 ] } },
{ "type": "Feature", "properties": { "decimalLatitude": 39.077615, "decimalLongitude": -76.772013, "eventDate": "2017-06-27T09:56:00Z", "countryCode": "US" }, "geometry": { "type": "Point", "coordinates": [ -76.772013, 39.077615 ] } },
{ "type": "Feature", "properties": { "decimalLatitude": 43.36785, "decimalLongitude": -80.115895, "eventDate": "2017-06-27T12:09:00Z", "countryCode": "CA" }, "geometry": { "type": "Point", "coordinates": [ -80.115895, 43.36785 ] } },
{ "type": "Feature", "properties": { "decimalLatitude": 41.485921, "decimalLongitude": -73.050697, "eventDate": "2017-06-01T05:30:00Z", "countryCode": "US" }, "geometry": { "type": "Point", "coordinates": [ -73.050697, 41.485921 ] } },
{ "type": "Feature", "properties": { "decimalLatitude": 39.255271, "decimalLongitude": -84.426747, "eventDate": "2017-06-26T13:03:00Z", "countryCode": "US" }, "geometry": { "type": "Point", "coordinates": [ -84.426747, 39.255271 ] } },
{ "type": "Feature", "properties": { "decimalLatitude": 38.808547, "decimalLongitude": -82.633968, "eventDate": "2017-06-24T09:12:00Z", "countryCode": "US" }, "geometry": { "type": "Point", "coordinates": [ -82.633968, 38.808547 ] } },
{ "type": "Feature", "properties": { "decimalLatitude": 38.752339, "decimalLongitude": -83.225464, "eventDate": "2017-06-23T14:00:00Z", "countryCode": "US" }, "geometry": { "type": "Point", "coordinates": [ -83.225464, 38.752339 ] } },
{ "type": "Feature", "properties": { "decimalLatitude": 33.083513, "decimalLongitude": -96.888678, "eventDate": "2017-06-20T09:55:00Z", "countryCode": "US" }, "geometry": { "type": "Point", "coordinates": [ -96.888678, 33.083513 ] } },
{ "type": "Feature", "properties": { "decimalLatitude": 42.610572, "decimalLongitude": -73.154798, "eventDate": "2017-06-11T00:00:00Z", "countryCode": "US" }, "geometry": { "type": "Point", "coordinates": [ -73.154798, 42.610572 ] } },
{ "type": "Feature", "properties": { "decimalLatitude": 39.290097, "decimalLongitude": -84.534826, "eventDate": "2017-06-24T13:43:00Z", "countryCode": "US" }, "geometry": { "type": "Point", "coordinates": [ -84.534826, 39.290097 ] } },
{ "type": "Feature", "properties": { "decimalLatitude": 39.354756, "decimalLongitude": -84.520972, "eventDate": "2017-06-20T19:05:00Z", "countryCode": "US" }, "geometry": { "type": "Point", "coordinates": [ -84.520972, 39.354756 ] } },
{ "type": "Feature", "properties": { "decimalLatitude": 39.323689, "decimalLongitude": -77.736639, "eventDate": "2017-06-15T17:25:00Z", "countryCode": "US" }, "geometry": { "type": "Point", "coordinates": [ -77.736639, 39.323689 ] } },
{ "type": "Feature", "properties": { "decimalLatitude": 38.895189, "decimalLongitude": -78.689113, "eventDate": "2017-06-12T13:43:36Z", "countryCode": "US" }, "geometry": { "type": "Point", "coordinates": [ -78.689113, 38.895189 ] } },
{ "type": "Feature", "properties": { "decimalLatitude": 40.862779, "decimalLongitude": -73.878565, "eventDate": "2017-06-22T00:00:00Z", "countryCode": "US" }, "geometry": { "type": "Point", "coordinates": [ -73.878565, 40.862779 ] } },
{ "type": "Feature", "properties": { "decimalLatitude": 44.525884, "decimalLongitude": -72.945127, "eventDate": "2017-06-07T00:00:00Z", "countryCode": "US" }, "geometry": { "type": "Point", "coordinates": [ -72.945127, 44.525884 ] } },
{ "type": "Feature", "properties": { "decimalLatitude": 39.414965, "decimalLongitude": -76.552158, "eventDate": "2017-06-30T08:04:00Z", "countryCode": "US" }, "geometry": { "type": "Point", "coordinates": [ -76.552158, 39.414965 ] } },
{ "type": "Feature", "properties": { "decimalLatitude": 41.411111, "decimalLongitude": -81.889167, "eventDate": "2017-07-01T14:01:00Z", "countryCode": "US" }, "geometry": { "type": "Point", "coordinates": [ -81.889167, 41.411111 ] } },
{ "type": "Feature", "properties": { "decimalLatitude": 40.862714, "decimalLongitude": -73.878556, "eventDate": "2017-07-01T00:00:00Z", "countryCode": "US" }, "geometry": { "type": "Point", "coordinates": [ -73.878556, 40.862714 ] } },
{ "type": "Feature", "properties": { "decimalLatitude": 41.626183, "decimalLongitude": -76.79108, "eventDate": "2017-07-05T11:40:13Z", "countryCode": "US" }, "geometry": { "type": "Point", "coordinates": [ -76.79108, 41.626183 ] } },
{ "type": "Feature", "properties": { "decimalLatitude": 42.25583, "decimalLongitude": -83.04822, "eventDate": "2017-07-06T12:10:00Z", "countryCode": "CA" }, "geometry": { "type": "Point", "coordinates": [ -83.04822, 42.25583 ] } },
{ "type": "Feature", "properties": { "decimalLatitude": 40.339272, "decimalLongitude": -80.110542, "eventDate": "2017-07-08T11:28:48Z", "countryCode": "US" }, "geometry": { "type": "Point", "coordinates": [ -80.110542, 40.339272 ] } },
{ "type": "Feature", "properties": { "decimalLatitude": 40.338161, "decimalLongitude": -80.110901, "eventDate": "2017-07-08T00:00:00Z", "countryCode": "US" }, "geometry": { "type": "Point", "coordinates": [ -80.110901, 40.338161 ] } },
{ "type": "Feature", "properties": { "decimalLatitude": 42.25583, "decimalLongitude": -83.04822, "eventDate": "2017-07-12T12:17:00Z", "countryCode": "CA" }, "geometry": { "type": "Point", "coordinates": [ -83.04822, 42.25583 ] } },
{ "type": "Feature", "properties": { "decimalLatitude": 41.4175, "decimalLongitude": -81.886111, "eventDate": "2017-07-12T12:51:00Z", "countryCode": "US" }, "geometry": { "type": "Point", "coordinates": [ -81.886111, 41.4175 ] } },
{ "type": "Feature", "properties": { "decimalLatitude": 41.782045, "decimalLongitude": -87.573261, "eventDate": "2017-07-15T07:39:00Z", "countryCode": "US" }, "geometry": { "type": "Point", "coordinates": [ -87.573261, 41.782045 ] } },
{ "type": "Feature", "properties": { "decimalLatitude": 41.622372, "decimalLongitude": -83.7959, "eventDate": "2017-07-15T13:10:00Z", "countryCode": "US" }, "geometry": { "type": "Point", "coordinates": [ -83.7959, 41.622372 ] } },
{ "type": "Feature", "properties": { "decimalLatitude": 41.622372, "decimalLongitude": -83.7959, "eventDate": "2017-07-15T13:04:00Z", "countryCode": "US" }, "geometry": { "type": "Point", "coordinates": [ -83.7959, 41.622372 ] } },
{ "type": "Feature", "properties": { "decimalLatitude": 41.622372, "decimalLongitude": -83.7959, "eventDate": "2017-07-15T13:17:00Z", "countryCode": "US" }, "geometry": { "type": "Point", "coordinates": [ -83.7959, 41.622372 ] } },
{ "type": "Feature", "properties": { "decimalLatitude": 42.708804, "decimalLongitude": -80.452237, "eventDate": "2017-07-17T12:48:00Z", "countryCode": "CA" }, "geometry": { "type": "Point", "coordinates": [ -80.452237, 42.708804 ] } },
{ "type": "Feature", "properties": { "decimalLatitude": 41.783252, "decimalLongitude": -87.578253, "eventDate": "2017-07-18T11:11:00Z", "countryCode": "US" }, "geometry": { "type": "Point", "coordinates": [ -87.578253, 41.783252 ] } },
{ "type": "Feature", "properties": { "decimalLatitude": 38.591005, "decimalLongitude": -77.38285, "eventDate": "2017-07-21T10:28:00Z", "countryCode": "US" }, "geometry": { "type": "Point", "coordinates": [ -77.38285, 38.591005 ] } },
{ "type": "Feature", "properties": { "decimalLatitude": 42.263082, "decimalLongitude": -83.079686, "eventDate": "2017-07-29T00:42:00Z", "countryCode": "CA" }, "geometry": { "type": "Point", "coordinates": [ -83.079686, 42.263082 ] } },
{ "type": "Feature", "properties": { "decimalLatitude": 43.3482, "decimalLongitude": -80.1112, "eventDate": "2017-07-30T00:00:00Z", "countryCode": "CA" }, "geometry": { "type": "Point", "coordinates": [ -80.1112, 43.3482 ] } },
{ "type": "Feature", "properties": { "decimalLatitude": 38.982935, "decimalLongitude": -76.451727, "eventDate": "2017-07-30T12:37:00Z", "countryCode": "US" }, "geometry": { "type": "Point", "coordinates": [ -76.451727, 38.982935 ] } },
{ "type": "Feature", "properties": { "decimalLatitude": 37.294856, "decimalLongitude": -87.284292, "eventDate": "2017-07-27T12:46:00Z", "countryCode": "US" }, "geometry": { "type": "Point", "coordinates": [ -87.284292, 37.294856 ] } },
{ "type": "Feature", "properties": { "decimalLatitude": 41.010423, "decimalLongitude": -81.397717, "eventDate": "2017-07-11T11:47:00Z", "countryCode": "US" }, "geometry": { "type": "Point", "coordinates": [ -81.397717, 41.010423 ] } },
{ "type": "Feature", "properties": { "decimalLatitude": 39.185272, "decimalLongitude": -84.520338, "eventDate": "2017-07-26T18:08:05Z", "countryCode": "US" }, "geometry": { "type": "Point", "coordinates": [ -84.520338, 39.185272 ] } },
{ "type": "Feature", "properties": { "decimalLatitude": 39.690436, "decimalLongitude": -75.751106, "eventDate": "2017-07-09T15:23:00Z", "countryCode": "US" }, "geometry": { "type": "Point", "coordinates": [ -75.751106, 39.690436 ] } },
{ "type": "Feature", "properties": { "decimalLatitude": 42.466984, "decimalLongitude": -83.314133, "eventDate": "2017-07-23T08:58:00Z", "countryCode": "US" }, "geometry": { "type": "Point", "coordinates": [ -83.314133, 42.466984 ] } },
{ "type": "Feature", "properties": { "decimalLatitude": 41.711144, "decimalLongitude": -87.974457, "eventDate": "2017-07-15T00:00:00Z", "countryCode": "US" }, "geometry": { "type": "Point", "coordinates": [ -87.974457, 41.711144 ] } },
{ "type": "Feature", "properties": { "decimalLatitude": 43.592244, "decimalLongitude": -79.512866, "eventDate": "2017-07-30T12:35:00Z", "countryCode": "CA" }, "geometry": { "type": "Point", "coordinates": [ -79.512866, 43.592244 ] } },
{ "type": "Feature", "properties": { "decimalLatitude": 44.484413, "decimalLongitude": -77.294097, "eventDate": "2017-07-25T11:30:00Z", "countryCode": "CA" }, "geometry": { "type": "Point", "coordinates": [ -77.294097, 44.484413 ] } },
{ "type": "Feature", "properties": { "decimalLatitude": 43.20527, "decimalLongitude": -90.058183, "eventDate": "2017-07-16T16:47:00Z", "countryCode": "US" }, "geometry": { "type": "Point", "coordinates": [ -90.058183, 43.20527 ] } },
{ "type": "Feature", "properties": { "decimalLatitude": 43.592105, "decimalLongitude": -79.51231, "eventDate": "2017-07-30T11:44:00Z", "countryCode": "CA" }, "geometry": { "type": "Point", "coordinates": [ -79.51231, 43.592105 ] } },
{ "type": "Feature", "properties": { "decimalLatitude": 40.439811, "decimalLongitude": -76.598299, "eventDate": "2017-07-08T09:35:00Z", "countryCode": "US" }, "geometry": { "type": "Point", "coordinates": [ -76.598299, 40.439811 ] } },
{ "type": "Feature", "properties": { "decimalLatitude": 43.289214, "decimalLongitude": -79.886314, "eventDate": "2017-07-16T13:37:00Z", "countryCode": "CA" }, "geometry": { "type": "Point", "coordinates": [ -79.886314, 43.289214 ] } },
{ "type": "Feature", "properties": { "decimalLatitude": 42.704547, "decimalLongitude": -80.451937, "eventDate": "2017-07-17T12:47:00Z", "countryCode": "CA" }, "geometry": { "type": "Point", "coordinates": [ -80.451937, 42.704547 ] } },
{ "type": "Feature", "properties": { "decimalLatitude": 41.008584, "decimalLongitude": -81.396335, "eventDate": "2017-07-15T20:47:00Z", "countryCode": "US" }, "geometry": { "type": "Point", "coordinates": [ -81.396335, 41.008584 ] } },
{ "type": "Feature", "properties": { "decimalLatitude": 43.3514, "decimalLongitude": -80.112665, "eventDate": "2017-07-27T11:38:00Z", "countryCode": "CA" }, "geometry": { "type": "Point", "coordinates": [ -80.112665, 43.3514 ] } },
{ "type": "Feature", "properties": { "decimalLatitude": 40.433429, "decimalLongitude": -80.404236, "eventDate": "2017-07-05T00:00:00Z", "countryCode": "US" }, "geometry": { "type": "Point", "coordinates": [ -80.404236, 40.433429 ] } },
{ "type": "Feature", "properties": { "decimalLatitude": 41.577043, "decimalLongitude": -73.408546, "eventDate": "2017-07-16T03:53:00Z", "countryCode": "US" }, "geometry": { "type": "Point", "coordinates": [ -73.408546, 41.577043 ] } },
{ "type": "Feature", "properties": { "decimalLatitude": 42.178648, "decimalLongitude": -83.427434, "eventDate": "2017-07-28T00:00:00Z", "countryCode": "US" }, "geometry": { "type": "Point", "coordinates": [ -83.427434, 42.178648 ] } },
{ "type": "Feature", "properties": { "decimalLatitude": 39.657432, "decimalLongitude": -79.408532, "eventDate": "2017-07-08T11:45:00Z", "countryCode": "US" }, "geometry": { "type": "Point", "coordinates": [ -79.408532, 39.657432 ] } },
{ "type": "Feature", "properties": { "decimalLatitude": 40.851005, "decimalLongitude": -95.773788, "eventDate": "2017-07-26T12:51:00Z", "countryCode": "US" }, "geometry": { "type": "Point", "coordinates": [ -95.773788, 40.851005 ] } },
{ "type": "Feature", "properties": { "decimalLatitude": 40.328546, "decimalLongitude": -80.100168, "eventDate": "2017-07-08T00:00:00Z", "countryCode": "US" }, "geometry": { "type": "Point", "coordinates": [ -80.100168, 40.328546 ] } },
{ "type": "Feature", "properties": { "decimalLatitude": 38.951687, "decimalLongitude": -77.347391, "eventDate": "2017-07-08T00:00:00Z", "countryCode": "US" }, "geometry": { "type": "Point", "coordinates": [ -77.347391, 38.951687 ] } },
{ "type": "Feature", "properties": { "decimalLatitude": 38.951687, "decimalLongitude": -77.347391, "eventDate": "2017-07-08T00:00:00Z", "countryCode": "US" }, "geometry": { "type": "Point", "coordinates": [ -77.347391, 38.951687 ] } },
{ "type": "Feature", "properties": { "decimalLatitude": 43.353988, "decimalLongitude": -80.10383, "eventDate": "2017-07-29T11:18:00Z", "countryCode": "CA" }, "geometry": { "type": "Point", "coordinates": [ -80.10383, 43.353988 ] } },
{ "type": "Feature", "properties": { "decimalLatitude": 43.352128, "decimalLongitude": -80.103692, "eventDate": "2017-07-29T11:00:00Z", "countryCode": "CA" }, "geometry": { "type": "Point", "coordinates": [ -80.103692, 43.352128 ] } },
{ "type": "Feature", "properties": { "decimalLatitude": 43.35366, "decimalLongitude": -80.104254, "eventDate": "2017-07-29T11:01:00Z", "countryCode": "CA" }, "geometry": { "type": "Point", "coordinates": [ -80.104254, 43.35366 ] } },
{ "type": "Feature", "properties": { "decimalLatitude": 42.673642, "decimalLongitude": -80.480745, "eventDate": "2017-07-23T15:29:59Z", "countryCode": "CA" }, "geometry": { "type": "Point", "coordinates": [ -80.480745, 42.673642 ] } },
{ "type": "Feature", "properties": { "decimalLatitude": 36.034353, "decimalLongitude": -94.808239, "eventDate": "2017-07-06T16:30:00Z", "countryCode": "US" }, "geometry": { "type": "Point", "coordinates": [ -94.808239, 36.034353 ] } },
{ "type": "Feature", "properties": { "decimalLatitude": 41.271679, "decimalLongitude": -77.359488, "eventDate": "2017-07-26T12:08:00Z", "countryCode": "US" }, "geometry": { "type": "Point", "coordinates": [ -77.359488, 41.271679 ] } },
{ "type": "Feature", "properties": { "decimalLatitude": 43.383701, "decimalLongitude": -80.385047, "eventDate": "2017-07-25T10:45:00Z", "countryCode": "CA" }, "geometry": { "type": "Point", "coordinates": [ -80.385047, 43.383701 ] } },
{ "type": "Feature", "properties": { "decimalLatitude": 39.215722, "decimalLongitude": -84.513435, "eventDate": "2017-07-23T18:00:00Z", "countryCode": "US" }, "geometry": { "type": "Point", "coordinates": [ -84.513435, 39.215722 ] } },
{ "type": "Feature", "properties": { "decimalLatitude": 39.26331, "decimalLongitude": -84.564443, "eventDate": "2017-07-23T16:44:00Z", "countryCode": "US" }, "geometry": { "type": "Point", "coordinates": [ -84.564443, 39.26331 ] } },
{ "type": "Feature", "properties": { "decimalLatitude": 39.319138, "decimalLongitude": -84.496366, "eventDate": "2017-07-28T18:59:00Z", "countryCode": "US" }, "geometry": { "type": "Point", "coordinates": [ -84.496366, 39.319138 ] } },
{ "type": "Feature", "properties": { "decimalLatitude": 39.890168, "decimalLongitude": -75.505356, "eventDate": "2017-07-15T11:17:00Z", "countryCode": "US" }, "geometry": { "type": "Point", "coordinates": [ -75.505356, 39.890168 ] } },
{ "type": "Feature", "properties": { "decimalLatitude": 39.613967, "decimalLongitude": -76.659346, "eventDate": "2017-07-14T09:49:00Z", "countryCode": "US" }, "geometry": { "type": "Point", "coordinates": [ -76.659346, 39.613967 ] } },
{ "type": "Feature", "properties": { "decimalLatitude": 39.542342, "decimalLongitude": -77.056446, "eventDate": "2017-07-04T11:55:00Z", "countryCode": "US" }, "geometry": { "type": "Point", "coordinates": [ -77.056446, 39.542342 ] } },
{ "type": "Feature", "properties": { "decimalLatitude": 41.772586, "decimalLongitude": -87.864404, "eventDate": "2017-07-25T00:00:00Z", "countryCode": "US" }, "geometry": { "type": "Point", "coordinates": [ -87.864404, 41.772586 ] } },
{ "type": "Feature", "properties": { "decimalLatitude": 41.772698, "decimalLongitude": -87.864316, "eventDate": "2017-07-25T00:00:00Z", "countryCode": "US" }, "geometry": { "type": "Point", "coordinates": [ -87.864316, 41.772698 ] } },
{ "type": "Feature", "properties": { "decimalLatitude": 41.771763, "decimalLongitude": -87.864892, "eventDate": "2017-07-08T08:10:01Z", "countryCode": "US" }, "geometry": { "type": "Point", "coordinates": [ -87.864892, 41.771763 ] } },
{ "type": "Feature", "properties": { "decimalLatitude": 41.772816, "decimalLongitude": -87.864428, "eventDate": "2017-07-02T10:36:33Z", "countryCode": "US" }, "geometry": { "type": "Point", "coordinates": [ -87.864428, 41.772816 ] } },
{ "type": "Feature", "properties": { "decimalLatitude": 41.118958, "decimalLongitude": -76.703257, "eventDate": "2017-07-17T08:14:00Z", "countryCode": "US" }, "geometry": { "type": "Point", "coordinates": [ -76.703257, 41.118958 ] } },
{ "type": "Feature", "properties": { "decimalLatitude": 42.470593, "decimalLongitude": -83.31481, "eventDate": "2017-07-23T09:12:00Z", "countryCode": "US" }, "geometry": { "type": "Point", "coordinates": [ -83.31481, 42.470593 ] } },
{ "type": "Feature", "properties": { "decimalLatitude": 38.697515, "decimalLongitude": -83.16565, "eventDate": "2017-07-08T11:10:39Z", "countryCode": "US" }, "geometry": { "type": "Point", "coordinates": [ -83.16565, 38.697515 ] } },
{ "type": "Feature", "properties": { "decimalLatitude": 36.944631, "decimalLongitude": -80.321311, "eventDate": "2017-07-02T09:55:00Z", "countryCode": "US" }, "geometry": { "type": "Point", "coordinates": [ -80.321311, 36.944631 ] } },
{ "type": "Feature", "properties": { "decimalLatitude": 40.499769, "decimalLongitude": -75.045498, "eventDate": "2017-07-19T10:24:00Z", "countryCode": "US" }, "geometry": { "type": "Point", "coordinates": [ -75.045498, 40.499769 ] } },
{ "type": "Feature", "properties": { "decimalLatitude": 42.68674, "decimalLongitude": -73.91306, "eventDate": "2017-07-26T00:00:00Z", "countryCode": "US" }, "geometry": { "type": "Point", "coordinates": [ -73.91306, 42.68674 ] } },
{ "type": "Feature", "properties": { "decimalLatitude": 41.550671, "decimalLongitude": -88.07616, "eventDate": "2017-07-09T13:03:00Z", "countryCode": "US" }, "geometry": { "type": "Point", "coordinates": [ -88.07616, 41.550671 ] } },
{ "type": "Feature", "properties": { "decimalLatitude": 41.783631, "decimalLongitude": -76.790419, "eventDate": "2017-07-30T14:49:00Z", "countryCode": "US" }, "geometry": { "type": "Point", "coordinates": [ -76.790419, 41.783631 ] } },
{ "type": "Feature", "properties": { "decimalLatitude": 41.314888, "decimalLongitude": -77.311334, "eventDate": "2017-07-27T13:11:00Z", "countryCode": "US" }, "geometry": { "type": "Point", "coordinates": [ -77.311334, 41.314888 ] } },
{ "type": "Feature", "properties": { "decimalLatitude": 41.640068, "decimalLongitude": -70.559757, "eventDate": "2017-08-02T09:33:00Z", "countryCode": "US" }, "geometry": { "type": "Point", "coordinates": [ -70.559757, 41.640068 ] } },
{ "type": "Feature", "properties": { "decimalLatitude": 39.190147, "decimalLongitude": -76.89546, "eventDate": "2017-08-02T14:28:00Z", "countryCode": "US" }, "geometry": { "type": "Point", "coordinates": [ -76.89546, 39.190147 ] } },
{ "type": "Feature", "properties": { "decimalLatitude": 39.190147, "decimalLongitude": -76.89546, "eventDate": "2017-08-02T14:49:00Z", "countryCode": "US" }, "geometry": { "type": "Point", "coordinates": [ -76.89546, 39.190147 ] } },
{ "type": "Feature", "properties": { "decimalLatitude": 42.34086, "decimalLongitude": -73.23447, "eventDate": "2017-08-02T12:36:00Z", "countryCode": "US" }, "geometry": { "type": "Point", "coordinates": [ -73.23447, 42.34086 ] } },
{ "type": "Feature", "properties": { "decimalLatitude": 42.340938, "decimalLongitude": -73.234303, "eventDate": "2017-08-02T12:33:00Z", "countryCode": "US" }, "geometry": { "type": "Point", "coordinates": [ -73.234303, 42.340938 ] } },
{ "type": "Feature", "properties": { "decimalLatitude": 37.309867, "decimalLongitude": -82.288713, "eventDate": "2017-08-01T00:00:00Z", "countryCode": "US" }, "geometry": { "type": "Point", "coordinates": [ -82.288713, 37.309867 ] } },
{ "type": "Feature", "properties": { "decimalLatitude": 44.61, "decimalLongitude": -79.0, "eventDate": "2017-08-06T00:00:00Z", "countryCode": "CA" }, "geometry": { "type": "Point", "coordinates": [ -79.0, 44.61 ] } },
{ "type": "Feature", "properties": { "decimalLatitude": 44.643071, "decimalLongitude": -79.097652, "eventDate": "2017-08-06T00:00:00Z", "countryCode": "CA" }, "geometry": { "type": "Point", "coordinates": [ -79.097652, 44.643071 ] } },
{ "type": "Feature", "properties": { "decimalLatitude": 40.051796, "decimalLongitude": -75.716057, "eventDate": "2017-08-09T10:55:00Z", "countryCode": "US" }, "geometry": { "type": "Point", "coordinates": [ -75.716057, 40.051796 ] } },
{ "type": "Feature", "properties": { "decimalLatitude": 44.284797, "decimalLongitude": -72.575008, "eventDate": "2017-08-09T00:00:00Z", "countryCode": "US" }, "geometry": { "type": "Point", "coordinates": [ -72.575008, 44.284797 ] } },
{ "type": "Feature", "properties": { "decimalLatitude": 42.462997, "decimalLongitude": -71.1589, "eventDate": "2017-08-09T13:31:00Z", "countryCode": "US" }, "geometry": { "type": "Point", "coordinates": [ -71.1589, 42.462997 ] } },
{ "type": "Feature", "properties": { "decimalLatitude": 43.639722, "decimalLongitude": -70.229653, "eventDate": "2017-08-10T12:14:09Z", "countryCode": "US" }, "geometry": { "type": "Point", "coordinates": [ -70.229653, 43.639722 ] } },
{ "type": "Feature", "properties": { "decimalLatitude": 39.778824, "decimalLongitude": -75.758444, "eventDate": "2017-08-12T16:17:14Z", "countryCode": "US" }, "geometry": { "type": "Point", "coordinates": [ -75.758444, 39.778824 ] } },
{ "type": "Feature", "properties": { "decimalLatitude": 44.504628, "decimalLongitude": -73.160548, "eventDate": "2017-08-12T11:13:00Z", "countryCode": "US" }, "geometry": { "type": "Point", "coordinates": [ -73.160548, 44.504628 ] } },
{ "type": "Feature", "properties": { "decimalLatitude": 41.783252, "decimalLongitude": -87.578253, "eventDate": "2017-08-12T15:00:00Z", "countryCode": "US" }, "geometry": { "type": "Point", "coordinates": [ -87.578253, 41.783252 ] } },
{ "type": "Feature", "properties": { "decimalLatitude": 44.744218, "decimalLongitude": -73.318278, "eventDate": "2017-08-14T00:00:00Z", "countryCode": "US" }, "geometry": { "type": "Point", "coordinates": [ -73.318278, 44.744218 ] } },
{ "type": "Feature", "properties": { "decimalLatitude": 41.530403, "decimalLongitude": -88.033332, "eventDate": "2017-08-16T11:59:00Z", "countryCode": "US" }, "geometry": { "type": "Point", "coordinates": [ -88.033332, 41.530403 ] } },
{ "type": "Feature", "properties": { "decimalLatitude": 41.783252, "decimalLongitude": -87.578253, "eventDate": "2017-08-15T11:55:00Z", "countryCode": "US" }, "geometry": { "type": "Point", "coordinates": [ -87.578253, 41.783252 ] } },
{ "type": "Feature", "properties": { "decimalLatitude": 41.783252, "decimalLongitude": -87.578253, "eventDate": "2017-08-15T12:00:00Z", "countryCode": "US" }, "geometry": { "type": "Point", "coordinates": [ -87.578253, 41.783252 ] } },
{ "type": "Feature", "properties": { "decimalLatitude": 41.783252, "decimalLongitude": -87.578253, "eventDate": "2017-08-15T13:39:00Z", "countryCode": "US" }, "geometry": { "type": "Point", "coordinates": [ -87.578253, 41.783252 ] } },
{ "type": "Feature", "properties": { "decimalLatitude": 41.783252, "decimalLongitude": -87.578253, "eventDate": "2017-08-15T12:46:00Z", "countryCode": "US" }, "geometry": { "type": "Point", "coordinates": [ -87.578253, 41.783252 ] } },
{ "type": "Feature", "properties": { "decimalLatitude": 44.474405, "decimalLongitude": -73.136848, "eventDate": "2017-08-14T14:20:00Z", "countryCode": "US" }, "geometry": { "type": "Point", "coordinates": [ -73.136848, 44.474405 ] } },
{ "type": "Feature", "properties": { "decimalLatitude": 40.039723, "decimalLongitude": -75.602599, "eventDate": "2017-08-16T07:58:00Z", "countryCode": "US" }, "geometry": { "type": "Point", "coordinates": [ -75.602599, 40.039723 ] } },
{ "type": "Feature", "properties": { "decimalLatitude": 40.146795, "decimalLongitude": -75.225662, "eventDate": "2017-08-18T11:39:37Z", "countryCode": "US" }, "geometry": { "type": "Point", "coordinates": [ -75.225662, 40.146795 ] } },
{ "type": "Feature", "properties": { "decimalLatitude": 43.375072, "decimalLongitude": -80.348822, "eventDate": "2017-08-06T17:03:00Z", "countryCode": "CA" }, "geometry": { "type": "Point", "coordinates": [ -80.348822, 43.375072 ] } },
{ "type": "Feature", "properties": { "decimalLatitude": 41.783252, "decimalLongitude": -87.578253, "eventDate": "2017-08-19T10:03:00Z", "countryCode": "US" }, "geometry": { "type": "Point", "coordinates": [ -87.578253, 41.783252 ] } },
{ "type": "Feature", "properties": { "decimalLatitude": 41.783252, "decimalLongitude": -87.578253, "eventDate": "2017-08-19T10:06:00Z", "countryCode": "US" }, "geometry": { "type": "Point", "coordinates": [ -87.578253, 41.783252 ] } },
{ "type": "Feature", "properties": { "decimalLatitude": 41.783252, "decimalLongitude": -87.578253, "eventDate": "2017-08-19T13:08:00Z", "countryCode": "US" }, "geometry": { "type": "Point", "coordinates": [ -87.578253, 41.783252 ] } },
{ "type": "Feature", "properties": { "decimalLatitude": 41.783252, "decimalLongitude": -87.578253, "eventDate": "2017-08-19T14:22:00Z", "countryCode": "US" }, "geometry": { "type": "Point", "coordinates": [ -87.578253, 41.783252 ] } },
{ "type": "Feature", "properties": { "decimalLatitude": 42.033362, "decimalLongitude": -87.883399, "eventDate": "2017-08-22T10:12:00Z", "countryCode": "US" }, "geometry": { "type": "Point", "coordinates": [ -87.883399, 42.033362 ] } },
{ "type": "Feature", "properties": { "decimalLatitude": 41.977804, "decimalLongitude": -87.614324, "eventDate": "2017-08-23T10:08:52Z", "countryCode": "US" }, "geometry": { "type": "Point", "coordinates": [ -87.614324, 41.977804 ] } },
{ "type": "Feature", "properties": { "decimalLatitude": 44.508126, "decimalLongitude": -73.232685, "eventDate": "2017-08-22T14:54:00Z", "countryCode": "US" }, "geometry": { "type": "Point", "coordinates": [ -73.232685, 44.508126 ] } },
{ "type": "Feature", "properties": { "decimalLatitude": 44.14153, "decimalLongitude": -77.953445, "eventDate": "2017-08-23T10:40:42Z", "countryCode": "CA" }, "geometry": { "type": "Point", "coordinates": [ -77.953445, 44.14153 ] } },
{ "type": "Feature", "properties": { "decimalLatitude": 43.639797, "decimalLongitude": -70.22985, "eventDate": "2017-08-17T15:54:32Z", "countryCode": "US" }, "geometry": { "type": "Point", "coordinates": [ -70.22985, 43.639797 ] } },
{ "type": "Feature", "properties": { "decimalLatitude": 40.789805, "decimalLongitude": -73.931939, "eventDate": "2017-08-19T15:37:09Z", "countryCode": "US" }, "geometry": { "type": "Point", "coordinates": [ -73.931939, 40.789805 ] } },
{ "type": "Feature", "properties": { "decimalLatitude": 40.690561, "decimalLongitude": -74.014812, "eventDate": "2017-08-21T10:56:00Z", "countryCode": "US" }, "geometry": { "type": "Point", "coordinates": [ -74.014812, 40.690561 ] } },
{ "type": "Feature", "properties": { "decimalLatitude": 41.40889, "decimalLongitude": -81.883888, "eventDate": "2017-08-25T15:25:44Z", "countryCode": "US" }, "geometry": { "type": "Point", "coordinates": [ -81.883888, 41.40889 ] } },
{ "type": "Feature", "properties": { "decimalLatitude": 41.78323, "decimalLongitude": -76.790925, "eventDate": "2017-08-26T15:52:32Z", "countryCode": "US" }, "geometry": { "type": "Point", "coordinates": [ -76.790925, 41.78323 ] } },
{ "type": "Feature", "properties": { "decimalLatitude": 38.603074, "decimalLongitude": -92.29864, "eventDate": "2017-08-26T15:55:00Z", "countryCode": "US" }, "geometry": { "type": "Point", "coordinates": [ -92.29864, 38.603074 ] } },
{ "type": "Feature", "properties": { "decimalLatitude": 41.38923, "decimalLongitude": -81.695548, "eventDate": "2017-08-26T01:34:00Z", "countryCode": "US" }, "geometry": { "type": "Point", "coordinates": [ -81.695548, 41.38923 ] } },
{ "type": "Feature", "properties": { "decimalLatitude": 41.782045, "decimalLongitude": -87.573261, "eventDate": "2017-08-26T07:50:00Z", "countryCode": "US" }, "geometry": { "type": "Point", "coordinates": [ -87.573261, 41.782045 ] } },
{ "type": "Feature", "properties": { "decimalLatitude": 41.783252, "decimalLongitude": -87.578253, "eventDate": "2017-08-26T09:19:00Z", "countryCode": "US" }, "geometry": { "type": "Point", "coordinates": [ -87.578253, 41.783252 ] } },
{ "type": "Feature", "properties": { "decimalLatitude": 41.783252, "decimalLongitude": -87.578253, "eventDate": "2017-08-26T11:50:00Z", "countryCode": "US" }, "geometry": { "type": "Point", "coordinates": [ -87.578253, 41.783252 ] } },
{ "type": "Feature", "properties": { "decimalLatitude": 41.783252, "decimalLongitude": -87.578253, "eventDate": "2017-08-26T13:25:00Z", "countryCode": "US" }, "geometry": { "type": "Point", "coordinates": [ -87.578253, 41.783252 ] } },
{ "type": "Feature", "properties": { "decimalLatitude": 39.058618, "decimalLongitude": -77.03774, "eventDate": "2017-08-27T13:43:00Z", "countryCode": "US" }, "geometry": { "type": "Point", "coordinates": [ -77.03774, 39.058618 ] } },
{ "type": "Feature", "properties": { "decimalLatitude": 39.058698, "decimalLongitude": -77.035105, "eventDate": "2017-08-27T13:09:00Z", "countryCode": "US" }, "geometry": { "type": "Point", "coordinates": [ -77.035105, 39.058698 ] } },
{ "type": "Feature", "properties": { "decimalLatitude": 41.606671, "decimalLongitude": -87.686465, "eventDate": "2017-08-29T13:27:00Z", "countryCode": "US" }, "geometry": { "type": "Point", "coordinates": [ -87.686465, 41.606671 ] } },
{ "type": "Feature", "properties": { "decimalLatitude": 41.606671, "decimalLongitude": -87.686465, "eventDate": "2017-08-29T14:15:00Z", "countryCode": "US" }, "geometry": { "type": "Point", "coordinates": [ -87.686465, 41.606671 ] } },
{ "type": "Feature", "properties": { "decimalLatitude": 41.366913, "decimalLongitude": -81.606423, "eventDate": "2017-08-31T00:00:00Z", "countryCode": "US" }, "geometry": { "type": "Point", "coordinates": [ -81.606423, 41.366913 ] } },
{ "type": "Feature", "properties": { "decimalLatitude": 41.366913, "decimalLongitude": -81.606423, "eventDate": "2017-08-31T00:00:00Z", "countryCode": "US" }, "geometry": { "type": "Point", "coordinates": [ -81.606423, 41.366913 ] } },
{ "type": "Feature", "properties": { "decimalLatitude": 42.372208, "decimalLongitude": -76.873895, "eventDate": "2017-08-13T11:55:53Z", "countryCode": "US" }, "geometry": { "type": "Point", "coordinates": [ -76.873895, 42.372208 ] } },
{ "type": "Feature", "properties": { "decimalLatitude": 44.476436, "decimalLongitude": -77.313725, "eventDate": "2017-08-11T16:08:00Z", "countryCode": "CA" }, "geometry": { "type": "Point", "coordinates": [ -77.313725, 44.476436 ] } },
{ "type": "Feature", "properties": { "decimalLatitude": 44.500447, "decimalLongitude": -73.168506, "eventDate": "2017-08-12T12:54:00Z", "countryCode": "US" }, "geometry": { "type": "Point", "coordinates": [ -73.168506, 44.500447 ] } },
{ "type": "Feature", "properties": { "decimalLatitude": 39.135817, "decimalLongitude": -75.500008, "eventDate": "2017-08-06T11:14:00Z", "countryCode": "US" }, "geometry": { "type": "Point", "coordinates": [ -75.500008, 39.135817 ] } },
{ "type": "Feature", "properties": { "decimalLatitude": 39.776531, "decimalLongitude": -75.546415, "eventDate": "2017-08-19T14:21:17Z", "countryCode": "US" }, "geometry": { "type": "Point", "coordinates": [ -75.546415, 39.776531 ] } },
{ "type": "Feature", "properties": { "decimalLatitude": 43.482721, "decimalLongitude": -80.567753, "eventDate": "2017-08-18T10:15:00Z", "countryCode": "CA" }, "geometry": { "type": "Point", "coordinates": [ -80.567753, 43.482721 ] } },
{ "type": "Feature", "properties": { "decimalLatitude": 43.835528, "decimalLongitude": -79.587364, "eventDate": "2017-08-15T13:15:00Z", "countryCode": "CA" }, "geometry": { "type": "Point", "coordinates": [ -79.587364, 43.835528 ] } },
{ "type": "Feature", "properties": { "decimalLatitude": 43.264861, "decimalLongitude": -79.777306, "eventDate": "2017-08-31T13:38:00Z", "countryCode": "CA" }, "geometry": { "type": "Point", "coordinates": [ -79.777306, 43.264861 ] } },
{ "type": "Feature", "properties": { "decimalLatitude": 44.643077, "decimalLongitude": -79.097654, "eventDate": "2017-08-06T13:41:00Z", "countryCode": "CA" }, "geometry": { "type": "Point", "coordinates": [ -79.097654, 44.643077 ] } },
{ "type": "Feature", "properties": { "decimalLatitude": 43.660772, "decimalLongitude": -79.31592, "eventDate": "2017-08-24T09:51:00Z", "countryCode": "CA" }, "geometry": { "type": "Point", "coordinates": [ -79.31592, 43.660772 ] } },
{ "type": "Feature", "properties": { "decimalLatitude": 44.501007, "decimalLongitude": -80.323977, "eventDate": "2017-08-06T11:14:00Z", "countryCode": "CA" }, "geometry": { "type": "Point", "coordinates": [ -80.323977, 44.501007 ] } },
{ "type": "Feature", "properties": { "decimalLatitude": 42.817738, "decimalLongitude": -74.262356, "eventDate": "2017-08-19T14:48:16Z", "countryCode": "US" }, "geometry": { "type": "Point", "coordinates": [ -74.262356, 42.817738 ] } },
{ "type": "Feature", "properties": { "decimalLatitude": 43.694053, "decimalLongitude": -80.24818, "eventDate": "2017-08-08T14:10:00Z", "countryCode": "CA" }, "geometry": { "type": "Point", "coordinates": [ -80.24818, 43.694053 ] } },
{ "type": "Feature", "properties": { "decimalLatitude": 43.694511, "decimalLongitude": -80.24878, "eventDate": "2017-08-19T12:01:00Z", "countryCode": "CA" }, "geometry": { "type": "Point", "coordinates": [ -80.24878, 43.694511 ] } },
{ "type": "Feature", "properties": { "decimalLatitude": 43.407218, "decimalLongitude": -76.349062, "eventDate": "2017-08-06T11:33:00Z", "countryCode": "US" }, "geometry": { "type": "Point", "coordinates": [ -76.349062, 43.407218 ] } },
{ "type": "Feature", "properties": { "decimalLatitude": 43.266386, "decimalLongitude": -79.942888, "eventDate": "2017-08-04T15:03:00Z", "countryCode": "CA" }, "geometry": { "type": "Point", "coordinates": [ -79.942888, 43.266386 ] } },
{ "type": "Feature", "properties": { "decimalLatitude": 43.427941, "decimalLongitude": -80.258998, "eventDate": "2017-08-08T14:01:00Z", "countryCode": "CA" }, "geometry": { "type": "Point", "coordinates": [ -80.258998, 43.427941 ] } },
{ "type": "Feature", "properties": { "decimalLatitude": 43.302114, "decimalLongitude": -80.166345, "eventDate": "2017-08-21T11:58:00Z", "countryCode": "CA" }, "geometry": { "type": "Point", "coordinates": [ -80.166345, 43.302114 ] } },
{ "type": "Feature", "properties": { "decimalLatitude": 43.416268, "decimalLongitude": -80.110753, "eventDate": "2017-08-12T11:19:00Z", "countryCode": "CA" }, "geometry": { "type": "Point", "coordinates": [ -80.110753, 43.416268 ] } },
{ "type": "Feature", "properties": { "decimalLatitude": 42.148553, "decimalLongitude": -82.560408, "eventDate": "2017-08-22T15:14:00Z", "countryCode": "CA" }, "geometry": { "type": "Point", "coordinates": [ -82.560408, 42.148553 ] } },
{ "type": "Feature", "properties": { "decimalLatitude": 43.433989, "decimalLongitude": -80.053173, "eventDate": "2017-08-16T12:17:00Z", "countryCode": "CA" }, "geometry": { "type": "Point", "coordinates": [ -80.053173, 43.433989 ] } },
{ "type": "Feature", "properties": { "decimalLatitude": 43.410051, "decimalLongitude": -80.059554, "eventDate": "2017-08-16T12:11:00Z", "countryCode": "CA" }, "geometry": { "type": "Point", "coordinates": [ -80.059554, 43.410051 ] } },
{ "type": "Feature", "properties": { "decimalLatitude": 43.402048, "decimalLongitude": -80.160069, "eventDate": "2017-08-16T12:54:00Z", "countryCode": "CA" }, "geometry": { "type": "Point", "coordinates": [ -80.160069, 43.402048 ] } },
{ "type": "Feature", "properties": { "decimalLatitude": 43.394086, "decimalLongitude": -80.171056, "eventDate": "2017-08-16T12:57:00Z", "countryCode": "CA" }, "geometry": { "type": "Point", "coordinates": [ -80.171056, 43.394086 ] } },
{ "type": "Feature", "properties": { "decimalLatitude": 43.3482, "decimalLongitude": -80.1112, "eventDate": "2017-08-16T12:05:00Z", "countryCode": "CA" }, "geometry": { "type": "Point", "coordinates": [ -80.1112, 43.3482 ] } },
{ "type": "Feature", "properties": { "decimalLatitude": 39.287942, "decimalLongitude": -84.362748, "eventDate": "2017-08-15T13:04:00Z", "countryCode": "US" }, "geometry": { "type": "Point", "coordinates": [ -84.362748, 39.287942 ] } },
{ "type": "Feature", "properties": { "decimalLatitude": 43.73363, "decimalLongitude": -79.358292, "eventDate": "2017-08-07T18:08:39Z", "countryCode": "CA" }, "geometry": { "type": "Point", "coordinates": [ -79.358292, 43.73363 ] } },
{ "type": "Feature", "properties": { "decimalLatitude": 40.138537, "decimalLongitude": -83.024969, "eventDate": "2017-08-20T12:25:00Z", "countryCode": "US" }, "geometry": { "type": "Point", "coordinates": [ -83.024969, 40.138537 ] } },
{ "type": "Feature", "properties": { "decimalLatitude": 39.038318, "decimalLongitude": -76.221114, "eventDate": "2017-08-26T00:00:00Z", "countryCode": "US" }, "geometry": { "type": "Point", "coordinates": [ -76.221114, 39.038318 ] } },
{ "type": "Feature", "properties": { "decimalLatitude": 38.473203, "decimalLongitude": -90.814821, "eventDate": "2017-08-30T12:11:00Z", "countryCode": "US" }, "geometry": { "type": "Point", "coordinates": [ -90.814821, 38.473203 ] } },
{ "type": "Feature", "properties": { "decimalLatitude": 38.64466, "decimalLongitude": -77.234771, "eventDate": "2017-08-19T14:49:00Z", "countryCode": "US" }, "geometry": { "type": "Point", "coordinates": [ -77.234771, 38.64466 ] } },
{ "type": "Feature", "properties": { "decimalLatitude": 41.424148, "decimalLongitude": -81.734051, "eventDate": "2017-08-18T09:11:52Z", "countryCode": "US" }, "geometry": { "type": "Point", "coordinates": [ -81.734051, 41.424148 ] } },
{ "type": "Feature", "properties": { "decimalLatitude": 39.890312, "decimalLongitude": -75.259094, "eventDate": "2017-08-20T09:00:17Z", "countryCode": "US" }, "geometry": { "type": "Point", "coordinates": [ -75.259094, 39.890312 ] } },
{ "type": "Feature", "properties": { "decimalLatitude": 39.890312, "decimalLongitude": -75.259094, "eventDate": "2017-08-20T08:38:26Z", "countryCode": "US" }, "geometry": { "type": "Point", "coordinates": [ -75.259094, 39.890312 ] } },
{ "type": "Feature", "properties": { "decimalLatitude": 43.366624, "decimalLongitude": -80.095189, "eventDate": "2017-08-08T13:01:00Z", "countryCode": "CA" }, "geometry": { "type": "Point", "coordinates": [ -80.095189, 43.366624 ] } },
{ "type": "Feature", "properties": { "decimalLatitude": 43.365958, "decimalLongitude": -80.09597, "eventDate": "2017-08-08T12:56:00Z", "countryCode": "CA" }, "geometry": { "type": "Point", "coordinates": [ -80.09597, 43.365958 ] } },
{ "type": "Feature", "properties": { "decimalLatitude": 43.366024, "decimalLongitude": -80.096831, "eventDate": "2017-08-08T13:12:00Z", "countryCode": "CA" }, "geometry": { "type": "Point", "coordinates": [ -80.096831, 43.366024 ] } },
{ "type": "Feature", "properties": { "decimalLatitude": 35.899333, "decimalLongitude": -79.0326, "eventDate": "2017-08-24T12:49:37Z", "countryCode": "US" }, "geometry": { "type": "Point", "coordinates": [ -79.0326, 35.899333 ] } },
{ "type": "Feature", "properties": { "decimalLatitude": 39.644817, "decimalLongitude": -76.337514, "eventDate": "2017-08-21T13:13:00Z", "countryCode": "US" }, "geometry": { "type": "Point", "coordinates": [ -76.337514, 39.644817 ] } },
{ "type": "Feature", "properties": { "decimalLatitude": 44.272268, "decimalLongitude": -78.374024, "eventDate": "2017-08-10T16:13:00Z", "countryCode": "CA" }, "geometry": { "type": "Point", "coordinates": [ -78.374024, 44.272268 ] } },
{ "type": "Feature", "properties": { "decimalLatitude": 38.823928, "decimalLongitude": -77.156427, "eventDate": "2017-08-12T10:44:00Z", "countryCode": "US" }, "geometry": { "type": "Point", "coordinates": [ -77.156427, 38.823928 ] } },
{ "type": "Feature", "properties": { "decimalLatitude": 38.274457, "decimalLongitude": -78.418028, "eventDate": "2017-08-10T09:59:00Z", "countryCode": "US" }, "geometry": { "type": "Point", "coordinates": [ -78.418028, 38.274457 ] } },
{ "type": "Feature", "properties": { "decimalLatitude": 43.821227, "decimalLongitude": -79.163532, "eventDate": "2017-08-11T11:46:00Z", "countryCode": "CA" }, "geometry": { "type": "Point", "coordinates": [ -79.163532, 43.821227 ] } },
{ "type": "Feature", "properties": { "decimalLatitude": 38.911172, "decimalLongitude": -76.96455, "eventDate": "2017-08-24T00:00:00Z", "countryCode": "US" }, "geometry": { "type": "Point", "coordinates": [ -76.96455, 38.911172 ] } },
{ "type": "Feature", "properties": { "decimalLatitude": 37.233455, "decimalLongitude": -80.445428, "eventDate": "2017-08-03T16:35:20Z", "countryCode": "US" }, "geometry": { "type": "Point", "coordinates": [ -80.445428, 37.233455 ] } },
{ "type": "Feature", "properties": { "decimalLatitude": 39.644928, "decimalLongitude": -76.337662, "eventDate": "2017-08-21T13:14:00Z", "countryCode": "US" }, "geometry": { "type": "Point", "coordinates": [ -76.337662, 39.644928 ] } },
{ "type": "Feature", "properties": { "decimalLatitude": 39.644928, "decimalLongitude": -76.337662, "eventDate": "2017-08-21T13:11:00Z", "countryCode": "US" }, "geometry": { "type": "Point", "coordinates": [ -76.337662, 39.644928 ] } },
{ "type": "Feature", "properties": { "decimalLatitude": 38.612804, "decimalLongitude": -90.258431, "eventDate": "2017-08-17T10:12:00Z", "countryCode": "US" }, "geometry": { "type": "Point", "coordinates": [ -90.258431, 38.612804 ] } },
{ "type": "Feature", "properties": { "decimalLatitude": 40.096812, "decimalLongitude": -83.110274, "eventDate": "2017-08-20T10:52:00Z", "countryCode": "US" }, "geometry": { "type": "Point", "coordinates": [ -83.110274, 40.096812 ] } },
{ "type": "Feature", "properties": { "decimalLatitude": 40.507279, "decimalLongitude": -74.218014, "eventDate": "2017-08-24T13:17:00Z", "countryCode": "US" }, "geometry": { "type": "Point", "coordinates": [ -74.218014, 40.507279 ] } },
{ "type": "Feature", "properties": { "decimalLatitude": 43.692475, "decimalLongitude": -70.159308, "eventDate": "2017-08-07T17:06:39Z", "countryCode": "US" }, "geometry": { "type": "Point", "coordinates": [ -70.159308, 43.692475 ] } },
{ "type": "Feature", "properties": { "decimalLatitude": 39.111716, "decimalLongitude": -77.8315, "eventDate": "2017-08-20T12:36:32Z", "countryCode": "US" }, "geometry": { "type": "Point", "coordinates": [ -77.8315, 39.111716 ] } },
{ "type": "Feature", "properties": { "decimalLatitude": 43.182495, "decimalLongitude": -80.640655, "eventDate": "2017-08-12T11:22:00Z", "countryCode": "CA" }, "geometry": { "type": "Point", "coordinates": [ -80.640655, 43.182495 ] } },
{ "type": "Feature", "properties": { "decimalLatitude": 38.64466, "decimalLongitude": -77.234771, "eventDate": "2017-08-13T09:21:00Z", "countryCode": "US" }, "geometry": { "type": "Point", "coordinates": [ -77.234771, 38.64466 ] } },
{ "type": "Feature", "properties": { "decimalLatitude": 42.815297, "decimalLongitude": -85.687234, "eventDate": "2017-08-30T00:00:00Z", "countryCode": "US" }, "geometry": { "type": "Point", "coordinates": [ -85.687234, 42.815297 ] } },
{ "type": "Feature", "properties": { "decimalLatitude": 38.922788, "decimalLongitude": -90.220143, "eventDate": "2017-09-05T13:15:51Z", "countryCode": "US" }, "geometry": { "type": "Point", "coordinates": [ -90.220143, 38.922788 ] } },
{ "type": "Feature", "properties": { "decimalLatitude": 41.366913, "decimalLongitude": -81.606423, "eventDate": "2017-09-07T08:09:48Z", "countryCode": "US" }, "geometry": { "type": "Point", "coordinates": [ -81.606423, 41.366913 ] } },
{ "type": "Feature", "properties": { "decimalLatitude": 38.612735, "decimalLongitude": -90.26117, "eventDate": "2017-09-01T11:43:00Z", "countryCode": "US" }, "geometry": { "type": "Point", "coordinates": [ -90.26117, 38.612735 ] } },
{ "type": "Feature", "properties": { "decimalLatitude": 40.201263, "decimalLongitude": -75.459045, "eventDate": "2017-09-09T13:46:34Z", "countryCode": "US" }, "geometry": { "type": "Point", "coordinates": [ -75.459045, 40.201263 ] } },
{ "type": "Feature", "properties": { "decimalLatitude": 41.11117, "decimalLongitude": -81.942507, "eventDate": "2017-09-13T11:58:45Z", "countryCode": "US" }, "geometry": { "type": "Point", "coordinates": [ -81.942507, 41.11117 ] } },
{ "type": "Feature", "properties": { "decimalLatitude": 43.544408, "decimalLongitude": -79.589918, "eventDate": "2017-09-15T11:15:00Z", "countryCode": "CA" }, "geometry": { "type": "Point", "coordinates": [ -79.589918, 43.544408 ] } },
{ "type": "Feature", "properties": { "decimalLatitude": 36.08452, "decimalLongitude": -82.282591, "eventDate": "2017-09-16T17:32:11Z", "countryCode": "US" }, "geometry": { "type": "Point", "coordinates": [ -82.282591, 36.08452 ] } },
{ "type": "Feature", "properties": { "decimalLatitude": 40.154797, "decimalLongitude": -75.227312, "eventDate": "2017-09-12T15:12:09Z", "countryCode": "US" }, "geometry": { "type": "Point", "coordinates": [ -75.227312, 40.154797 ] } },
{ "type": "Feature", "properties": { "decimalLatitude": 38.64466, "decimalLongitude": -77.234771, "eventDate": "2017-09-08T14:56:00Z", "countryCode": "US" }, "geometry": { "type": "Point", "coordinates": [ -77.234771, 38.64466 ] } },
{ "type": "Feature", "properties": { "decimalLatitude": 40.665462, "decimalLongitude": -81.333482, "eventDate": "2017-09-16T12:00:00Z", "countryCode": "US" }, "geometry": { "type": "Point", "coordinates": [ -81.333482, 40.665462 ] } },
{ "type": "Feature", "properties": { "decimalLatitude": 41.783252, "decimalLongitude": -87.578253, "eventDate": "2017-09-23T12:38:00Z", "countryCode": "US" }, "geometry": { "type": "Point", "coordinates": [ -87.578253, 41.783252 ] } },
{ "type": "Feature", "properties": { "decimalLatitude": 40.339985, "decimalLongitude": -80.109035, "eventDate": "2017-09-30T15:06:00Z", "countryCode": "US" }, "geometry": { "type": "Point", "coordinates": [ -80.109035, 40.339985 ] } },
{ "type": "Feature", "properties": { "decimalLatitude": 41.388199, "decimalLongitude": -81.695368, "eventDate": "2017-09-13T15:14:01Z", "countryCode": "US" }, "geometry": { "type": "Point", "coordinates": [ -81.695368, 41.388199 ] } },
{ "type": "Feature", "properties": { "decimalLatitude": 38.636644, "decimalLongitude": -77.233949, "eventDate": "2017-09-19T11:19:00Z", "countryCode": "US" }, "geometry": { "type": "Point", "coordinates": [ -77.233949, 38.636644 ] } },
{ "type": "Feature", "properties": { "decimalLatitude": 43.313556, "decimalLongitude": -79.906889, "eventDate": "2017-09-26T12:53:00Z", "countryCode": "CA" }, "geometry": { "type": "Point", "coordinates": [ -79.906889, 43.313556 ] } },
{ "type": "Feature", "properties": { "decimalLatitude": 43.266333, "decimalLongitude": -79.942889, "eventDate": "2017-09-26T14:17:00Z", "countryCode": "CA" }, "geometry": { "type": "Point", "coordinates": [ -79.942889, 43.266333 ] } },
{ "type": "Feature", "properties": { "decimalLatitude": 44.141315, "decimalLongitude": -77.952745, "eventDate": "2017-09-05T13:03:00Z", "countryCode": "CA" }, "geometry": { "type": "Point", "coordinates": [ -77.952745, 44.141315 ] } },
{ "type": "Feature", "properties": { "decimalLatitude": 43.348238, "decimalLongitude": -80.10632, "eventDate": "2017-09-04T15:06:00Z", "countryCode": "CA" }, "geometry": { "type": "Point", "coordinates": [ -80.10632, 43.348238 ] } },
{ "type": "Feature", "properties": { "decimalLatitude": 39.762566, "decimalLongitude": -89.759993, "eventDate": "2017-09-17T11:51:34Z", "countryCode": "US" }, "geometry": { "type": "Point", "coordinates": [ -89.759993, 39.762566 ] } },
{ "type": "Feature", "properties": { "decimalLatitude": 38.870668, "decimalLongitude": -90.150204, "eventDate": "2017-09-02T14:00:46Z", "countryCode": "US" }, "geometry": { "type": "Point", "coordinates": [ -90.150204, 38.870668 ] } },
{ "type": "Feature", "properties": { "decimalLatitude": 43.27405, "decimalLongitude": -79.916354, "eventDate": "2017-09-17T17:11:00Z", "countryCode": "CA" }, "geometry": { "type": "Point", "coordinates": [ -79.916354, 43.27405 ] } },
{ "type": "Feature", "properties": { "decimalLatitude": 43.629382, "decimalLongitude": -79.327227, "eventDate": "2017-09-02T01:41:00Z", "countryCode": "CA" }, "geometry": { "type": "Point", "coordinates": [ -79.327227, 43.629382 ] } },
{ "type": "Feature", "properties": { "decimalLatitude": 41.278004, "decimalLongitude": -80.723511, "eventDate": "2017-09-03T17:06:12Z", "countryCode": "US" }, "geometry": { "type": "Point", "coordinates": [ -80.723511, 41.278004 ] } },
{ "type": "Feature", "properties": { "decimalLatitude": 43.289214, "decimalLongitude": -79.886314, "eventDate": "2017-09-18T15:16:00Z", "countryCode": "CA" }, "geometry": { "type": "Point", "coordinates": [ -79.886314, 43.289214 ] } },
{ "type": "Feature", "properties": { "decimalLatitude": 35.9613, "decimalLongitude": -82.557921, "eventDate": "2017-09-27T00:00:00Z", "countryCode": "US" }, "geometry": { "type": "Point", "coordinates": [ -82.557921, 35.9613 ] } },
{ "type": "Feature", "properties": { "decimalLatitude": 39.219261, "decimalLongitude": -84.431187, "eventDate": "2017-09-27T18:00:13Z", "countryCode": "US" }, "geometry": { "type": "Point", "coordinates": [ -84.431187, 39.219261 ] } },
{ "type": "Feature", "properties": { "decimalLatitude": 39.396781, "decimalLongitude": -84.590034, "eventDate": "2017-09-20T17:53:00Z", "countryCode": "US" }, "geometry": { "type": "Point", "coordinates": [ -84.590034, 39.396781 ] } },
{ "type": "Feature", "properties": { "decimalLatitude": 39.29275, "decimalLongitude": -84.521751, "eventDate": "2017-09-09T16:33:00Z", "countryCode": "US" }, "geometry": { "type": "Point", "coordinates": [ -84.521751, 39.29275 ] } },
{ "type": "Feature", "properties": { "decimalLatitude": 39.226345, "decimalLongitude": -84.526169, "eventDate": "2017-09-16T18:11:00Z", "countryCode": "US" }, "geometry": { "type": "Point", "coordinates": [ -84.526169, 39.226345 ] } },
{ "type": "Feature", "properties": { "decimalLatitude": 39.328083, "decimalLongitude": -84.519866, "eventDate": "2017-09-21T18:27:00Z", "countryCode": "US" }, "geometry": { "type": "Point", "coordinates": [ -84.519866, 39.328083 ] } },
{ "type": "Feature", "properties": { "decimalLatitude": 39.336451, "decimalLongitude": -84.5424, "eventDate": "2017-09-09T17:41:00Z", "countryCode": "US" }, "geometry": { "type": "Point", "coordinates": [ -84.5424, 39.336451 ] } },
{ "type": "Feature", "properties": { "decimalLatitude": 39.237581, "decimalLongitude": -84.525781, "eventDate": "2017-09-30T15:44:00Z", "countryCode": "US" }, "geometry": { "type": "Point", "coordinates": [ -84.525781, 39.237581 ] } },
{ "type": "Feature", "properties": { "decimalLatitude": 39.379632, "decimalLongitude": -84.457825, "eventDate": "2017-09-30T14:39:00Z", "countryCode": "US" }, "geometry": { "type": "Point", "coordinates": [ -84.457825, 39.379632 ] } },
{ "type": "Feature", "properties": { "decimalLatitude": 39.363538, "decimalLongitude": -77.33509, "eventDate": "2017-09-16T16:04:00Z", "countryCode": "US" }, "geometry": { "type": "Point", "coordinates": [ -77.33509, 39.363538 ] } },
{ "type": "Feature", "properties": { "decimalLatitude": 37.694802, "decimalLongitude": -82.754652, "eventDate": "2017-09-29T10:22:00Z", "countryCode": "US" }, "geometry": { "type": "Point", "coordinates": [ -82.754652, 37.694802 ] } },
{ "type": "Feature", "properties": { "decimalLatitude": 35.605878, "decimalLongitude": -77.363297, "eventDate": "2017-09-25T15:23:00Z", "countryCode": "US" }, "geometry": { "type": "Point", "coordinates": [ -77.363297, 35.605878 ] } },
{ "type": "Feature", "properties": { "decimalLatitude": 41.156972, "decimalLongitude": -96.164887, "eventDate": "2017-09-15T00:00:00Z", "countryCode": "US" }, "geometry": { "type": "Point", "coordinates": [ -96.164887, 41.156972 ] } },
{ "type": "Feature", "properties": { "decimalLatitude": 43.266386, "decimalLongitude": -79.942888, "eventDate": "2017-09-14T15:34:00Z", "countryCode": "CA" }, "geometry": { "type": "Point", "coordinates": [ -79.942888, 43.266386 ] } },
{ "type": "Feature", "properties": { "decimalLatitude": 41.46779, "decimalLongitude": -76.578966, "eventDate": "2017-09-04T12:15:00Z", "countryCode": "US" }, "geometry": { "type": "Point", "coordinates": [ -76.578966, 41.46779 ] } },
{ "type": "Feature", "properties": { "decimalLatitude": 38.613007, "decimalLongitude": -90.26119, "eventDate": "2017-09-01T11:38:00Z", "countryCode": "US" }, "geometry": { "type": "Point", "coordinates": [ -90.26119, 38.613007 ] } },
{ "type": "Feature", "properties": { "decimalLatitude": 41.318777, "decimalLongitude": -81.587587, "eventDate": "2017-09-13T09:18:00Z", "countryCode": "US" }, "geometry": { "type": "Point", "coordinates": [ -81.587587, 41.318777 ] } },
{ "type": "Feature", "properties": { "decimalLatitude": 38.802553, "decimalLongitude": -76.69161, "eventDate": "2017-09-22T11:49:00Z", "countryCode": "US" }, "geometry": { "type": "Point", "coordinates": [ -76.69161, 38.802553 ] } },
{ "type": "Feature", "properties": { "decimalLatitude": 38.802553, "decimalLongitude": -76.69161, "eventDate": "2017-09-22T11:53:00Z", "countryCode": "US" }, "geometry": { "type": "Point", "coordinates": [ -76.69161, 38.802553 ] } },
{ "type": "Feature", "properties": { "decimalLatitude": 42.705331, "decimalLongitude": -73.666036, "eventDate": "2017-10-10T10:27:00Z", "countryCode": "US" }, "geometry": { "type": "Point", "coordinates": [ -73.666036, 42.705331 ] } },
{ "type": "Feature", "properties": { "decimalLatitude": 43.267208, "decimalLongitude": -79.776435, "eventDate": "2017-10-02T11:12:00Z", "countryCode": "CA" }, "geometry": { "type": "Point", "coordinates": [ -79.776435, 43.267208 ] } },
{ "type": "Feature", "properties": { "decimalLatitude": 39.25395, "decimalLongitude": -84.541788, "eventDate": "2017-10-01T16:49:00Z", "countryCode": "US" }, "geometry": { "type": "Point", "coordinates": [ -84.541788, 39.25395 ] } },
{ "type": "Feature", "properties": { "decimalLatitude": 39.355255, "decimalLongitude": -84.44936, "eventDate": "2017-10-01T16:45:00Z", "countryCode": "US" }, "geometry": { "type": "Point", "coordinates": [ -84.44936, 39.355255 ] } },
{ "type": "Feature", "properties": { "decimalLatitude": 38.791907, "decimalLongitude": -76.973681, "eventDate": "2017-10-03T13:29:08Z", "countryCode": "US" }, "geometry": { "type": "Point", "coordinates": [ -76.973681, 38.791907 ] } },
{ "type": "Feature", "properties": { "decimalLatitude": 41.04504, "decimalLongitude": -73.505071, "eventDate": "2017-10-01T00:00:00Z", "countryCode": "US" }, "geometry": { "type": "Point", "coordinates": [ -73.505071, 41.04504 ] } },
{ "type": "Feature", "properties": { "decimalLatitude": 39.341079, "decimalLongitude": -84.527551, "eventDate": "2017-10-03T18:26:00Z", "countryCode": "US" }, "geometry": { "type": "Point", "coordinates": [ -84.527551, 39.341079 ] } },
{ "type": "Feature", "properties": { "decimalLatitude": 38.91058, "decimalLongitude": -76.952192, "eventDate": "2019-04-13T12:27:00Z", "countryCode": "US" }, "geometry": { "type": "Point", "coordinates": [ -76.952192, 38.91058 ] } },
{ "type": "Feature", "properties": { "decimalLatitude": 38.910217, "decimalLongitude": -76.952358, "eventDate": "2019-04-16T16:39:00Z", "countryCode": "US" }, "geometry": { "type": "Point", "coordinates": [ -76.952358, 38.910217 ] } },
{ "type": "Feature", "properties": { "decimalLatitude": 38.90877, "decimalLongitude": -76.964675, "eventDate": "2019-04-16T14:58:00Z", "countryCode": "US" }, "geometry": { "type": "Point", "coordinates": [ -76.964675, 38.90877 ] } },
{ "type": "Feature", "properties": { "decimalLatitude": 38.929833, "decimalLongitude": -77.093678, "eventDate": "2019-04-20T15:36:00Z", "countryCode": "US" }, "geometry": { "type": "Point", "coordinates": [ -77.093678, 38.929833 ] } },
{ "type": "Feature", "properties": { "decimalLatitude": 39.605228, "decimalLongitude": -76.642945, "eventDate": "2019-04-28T15:15:34Z", "countryCode": "US" }, "geometry": { "type": "Point", "coordinates": [ -76.642945, 39.605228 ] } },
{ "type": "Feature", "properties": { "decimalLatitude": 40.897021, "decimalLongitude": -79.467214, "eventDate": "2019-04-29T12:34:00Z", "countryCode": "US" }, "geometry": { "type": "Point", "coordinates": [ -79.467214, 40.897021 ] } },
{ "type": "Feature", "properties": { "decimalLatitude": 39.540047, "decimalLongitude": -75.766784, "eventDate": "2019-04-13T14:03:00Z", "countryCode": "US" }, "geometry": { "type": "Point", "coordinates": [ -75.766784, 39.540047 ] } },
{ "type": "Feature", "properties": { "decimalLatitude": 35.339248, "decimalLongitude": -94.247055, "eventDate": "2019-04-20T17:44:00Z", "countryCode": "US" }, "geometry": { "type": "Point", "coordinates": [ -94.247055, 35.339248 ] } },
{ "type": "Feature", "properties": { "decimalLatitude": 39.444908, "decimalLongitude": -76.317237, "eventDate": "2019-04-16T11:26:00Z", "countryCode": "US" }, "geometry": { "type": "Point", "coordinates": [ -76.317237, 39.444908 ] } },
{ "type": "Feature", "properties": { "decimalLatitude": 38.854765, "decimalLongitude": -76.126875, "eventDate": "2019-04-21T12:19:00Z", "countryCode": "US" }, "geometry": { "type": "Point", "coordinates": [ -76.126875, 38.854765 ] } },
{ "type": "Feature", "properties": { "decimalLatitude": 36.343045, "decimalLongitude": -82.255058, "eventDate": "2019-04-17T11:27:24Z", "countryCode": "US" }, "geometry": { "type": "Point", "coordinates": [ -82.255058, 36.343045 ] } },
{ "type": "Feature", "properties": { "decimalLatitude": 40.200908, "decimalLongitude": -80.028099, "eventDate": "2019-04-26T14:35:04Z", "countryCode": "US" }, "geometry": { "type": "Point", "coordinates": [ -80.028099, 40.200908 ] } },
{ "type": "Feature", "properties": { "decimalLatitude": 39.032507, "decimalLongitude": -77.520454, "eventDate": "2019-04-20T09:03:00Z", "countryCode": "US" }, "geometry": { "type": "Point", "coordinates": [ -77.520454, 39.032507 ] } },
{ "type": "Feature", "properties": { "decimalLatitude": 38.64466, "decimalLongitude": -77.234771, "eventDate": "2019-04-19T11:22:00Z", "countryCode": "US" }, "geometry": { "type": "Point", "coordinates": [ -77.234771, 38.64466 ] } },
{ "type": "Feature", "properties": { "decimalLatitude": 39.686367, "decimalLongitude": -78.454313, "eventDate": "2019-04-22T10:01:00Z", "countryCode": "US" }, "geometry": { "type": "Point", "coordinates": [ -78.454313, 39.686367 ] } },
{ "type": "Feature", "properties": { "decimalLatitude": 39.583896, "decimalLongitude": -76.363728, "eventDate": "2019-04-14T16:34:00Z", "countryCode": "US" }, "geometry": { "type": "Point", "coordinates": [ -76.363728, 39.583896 ] } },
{ "type": "Feature", "properties": { "decimalLatitude": 39.421569, "decimalLongitude": -76.502859, "eventDate": "2019-04-23T20:10:00Z", "countryCode": "US" }, "geometry": { "type": "Point", "coordinates": [ -76.502859, 39.421569 ] } },
{ "type": "Feature", "properties": { "decimalLatitude": 38.944777, "decimalLongitude": -76.859544, "eventDate": "2019-04-13T12:33:00Z", "countryCode": "US" }, "geometry": { "type": "Point", "coordinates": [ -76.859544, 38.944777 ] } },
{ "type": "Feature", "properties": { "decimalLatitude": 38.99269, "decimalLongitude": -76.83781, "eventDate": "2019-04-16T16:48:00Z", "countryCode": "US" }, "geometry": { "type": "Point", "coordinates": [ -76.83781, 38.99269 ] } },
{ "type": "Feature", "properties": { "decimalLatitude": 35.348052, "decimalLongitude": -94.022897, "eventDate": "2019-04-15T14:30:00Z", "countryCode": "US" }, "geometry": { "type": "Point", "coordinates": [ -94.022897, 35.348052 ] } },
{ "type": "Feature", "properties": { "decimalLatitude": 35.335525, "decimalLongitude": -94.03838, "eventDate": "2019-04-12T16:50:00Z", "countryCode": "US" }, "geometry": { "type": "Point", "coordinates": [ -94.03838, 35.335525 ] } },
{ "type": "Feature", "properties": { "decimalLatitude": 40.015361, "decimalLongitude": -75.044761, "eventDate": "2019-05-18T10:38:29Z", "countryCode": "US" }, "geometry": { "type": "Point", "coordinates": [ -75.044761, 40.015361 ] } },
{ "type": "Feature", "properties": { "decimalLatitude": 33.062418, "decimalLongitude": -96.980338, "eventDate": "2019-05-19T10:52:00Z", "countryCode": "US" }, "geometry": { "type": "Point", "coordinates": [ -96.980338, 33.062418 ] } },
{ "type": "Feature", "properties": { "decimalLatitude": 44.457786, "decimalLongitude": -78.126547, "eventDate": "2019-05-21T11:03:16Z", "countryCode": "CA" }, "geometry": { "type": "Point", "coordinates": [ -78.126547, 44.457786 ] } },
{ "type": "Feature", "properties": { "decimalLatitude": 44.632484, "decimalLongitude": -79.010193, "eventDate": "2019-05-24T13:35:18Z", "countryCode": "CA" }, "geometry": { "type": "Point", "coordinates": [ -79.010193, 44.632484 ] } },
{ "type": "Feature", "properties": { "decimalLatitude": 43.247806, "decimalLongitude": -79.752778, "eventDate": "2019-05-24T14:00:00Z", "countryCode": "CA" }, "geometry": { "type": "Point", "coordinates": [ -79.752778, 43.247806 ] } },
{ "type": "Feature", "properties": { "decimalLatitude": 42.644584, "decimalLongitude": -81.819318, "eventDate": "2019-05-23T10:53:00Z", "countryCode": "CA" }, "geometry": { "type": "Point", "coordinates": [ -81.819318, 42.644584 ] } },
{ "type": "Feature", "properties": { "decimalLatitude": 43.607435, "decimalLongitude": -73.185901, "eventDate": "2019-05-29T13:27:00Z", "countryCode": "US" }, "geometry": { "type": "Point", "coordinates": [ -73.185901, 43.607435 ] } },
{ "type": "Feature", "properties": { "decimalLatitude": 30.049002, "decimalLongitude": -97.172535, "eventDate": "2019-05-25T09:24:00Z", "countryCode": "US" }, "geometry": { "type": "Point", "coordinates": [ -97.172535, 30.049002 ] } },
{ "type": "Feature", "properties": { "decimalLatitude": 39.150235, "decimalLongitude": -76.9593, "eventDate": "2019-05-25T12:50:00Z", "countryCode": "US" }, "geometry": { "type": "Point", "coordinates": [ -76.9593, 39.150235 ] } },
{ "type": "Feature", "properties": { "decimalLatitude": 39.783511, "decimalLongitude": -74.393929, "eventDate": "2019-05-06T13:36:00Z", "countryCode": "US" }, "geometry": { "type": "Point", "coordinates": [ -74.393929, 39.783511 ] } },
{ "type": "Feature", "properties": { "decimalLatitude": 42.190899, "decimalLongitude": -74.0726, "eventDate": "2019-05-27T11:25:00Z", "countryCode": "US" }, "geometry": { "type": "Point", "coordinates": [ -74.0726, 42.190899 ] } },
{ "type": "Feature", "properties": { "decimalLatitude": 40.790058, "decimalLongitude": -73.925202, "eventDate": "2019-05-11T15:50:00Z", "countryCode": "US" }, "geometry": { "type": "Point", "coordinates": [ -73.925202, 40.790058 ] } },
{ "type": "Feature", "properties": { "decimalLatitude": 41.377973, "decimalLongitude": -72.110499, "eventDate": "2019-05-29T09:27:00Z", "countryCode": "US" }, "geometry": { "type": "Point", "coordinates": [ -72.110499, 41.377973 ] } },
{ "type": "Feature", "properties": { "decimalLatitude": 40.536114, "decimalLongitude": -76.925903, "eventDate": "2019-05-20T09:38:36Z", "countryCode": "US" }, "geometry": { "type": "Point", "coordinates": [ -76.925903, 40.536114 ] } },
{ "type": "Feature", "properties": { "decimalLatitude": 37.140015, "decimalLongitude": -82.807866, "eventDate": "2019-05-29T14:54:00Z", "countryCode": "US" }, "geometry": { "type": "Point", "coordinates": [ -82.807866, 37.140015 ] } },
{ "type": "Feature", "properties": { "decimalLatitude": 38.784928, "decimalLongitude": -77.210379, "eventDate": "2019-05-03T12:03:00Z", "countryCode": "US" }, "geometry": { "type": "Point", "coordinates": [ -77.210379, 38.784928 ] } },
{ "type": "Feature", "properties": { "decimalLatitude": 38.926819, "decimalLongitude": -76.809551, "eventDate": "2019-05-06T13:24:00Z", "countryCode": "US" }, "geometry": { "type": "Point", "coordinates": [ -76.809551, 38.926819 ] } },
{ "type": "Feature", "properties": { "decimalLatitude": 41.175083, "decimalLongitude": -76.074649, "eventDate": "2019-05-23T10:00:00Z", "countryCode": "US" }, "geometry": { "type": "Point", "coordinates": [ -76.074649, 41.175083 ] } },
{ "type": "Feature", "properties": { "decimalLatitude": 41.175083, "decimalLongitude": -76.074649, "eventDate": "2019-05-23T10:00:00Z", "countryCode": "US" }, "geometry": { "type": "Point", "coordinates": [ -76.074649, 41.175083 ] } },
{ "type": "Feature", "properties": { "decimalLatitude": 40.442649, "decimalLongitude": -73.987093, "eventDate": "2019-05-11T13:45:00Z", "countryCode": "US" }, "geometry": { "type": "Point", "coordinates": [ -73.987093, 40.442649 ] } },
{ "type": "Feature", "properties": { "decimalLatitude": 41.612266, "decimalLongitude": -83.807662, "eventDate": "2019-05-24T14:21:00Z", "countryCode": "US" }, "geometry": { "type": "Point", "coordinates": [ -83.807662, 41.612266 ] } },
{ "type": "Feature", "properties": { "decimalLatitude": 41.185163, "decimalLongitude": -76.059583, "eventDate": "2019-05-23T10:05:00Z", "countryCode": "US" }, "geometry": { "type": "Point", "coordinates": [ -76.059583, 41.185163 ] } },
{ "type": "Feature", "properties": { "decimalLatitude": 43.563398, "decimalLongitude": -79.672493, "eventDate": "2019-06-07T16:46:00Z", "countryCode": "CA" }, "geometry": { "type": "Point", "coordinates": [ -79.672493, 43.563398 ] } },
{ "type": "Feature", "properties": { "decimalLatitude": 43.354942, "decimalLongitude": -80.112275, "eventDate": "2019-06-11T13:01:00Z", "countryCode": "CA" }, "geometry": { "type": "Point", "coordinates": [ -80.112275, 43.354942 ] } },
{ "type": "Feature", "properties": { "decimalLatitude": 44.058926, "decimalLongitude": -79.315432, "eventDate": "2019-06-12T12:13:00Z", "countryCode": "CA" }, "geometry": { "type": "Point", "coordinates": [ -79.315432, 44.058926 ] } },
{ "type": "Feature", "properties": { "decimalLatitude": 44.058926, "decimalLongitude": -79.315432, "eventDate": "2019-06-12T10:29:00Z", "countryCode": "CA" }, "geometry": { "type": "Point", "coordinates": [ -79.315432, 44.058926 ] } },
{ "type": "Feature", "properties": { "decimalLatitude": 44.058926, "decimalLongitude": -79.315432, "eventDate": "2019-06-12T10:42:00Z", "countryCode": "CA" }, "geometry": { "type": "Point", "coordinates": [ -79.315432, 44.058926 ] } },
{ "type": "Feature", "properties": { "decimalLatitude": 44.4781, "decimalLongitude": -77.30116, "eventDate": "2019-06-15T11:45:00Z", "countryCode": "CA" }, "geometry": { "type": "Point", "coordinates": [ -77.30116, 44.4781 ] } },
{ "type": "Feature", "properties": { "decimalLatitude": 44.4853, "decimalLongitude": -77.29292, "eventDate": "2019-06-16T13:20:00Z", "countryCode": "CA" }, "geometry": { "type": "Point", "coordinates": [ -77.29292, 44.4853 ] } },
{ "type": "Feature", "properties": { "decimalLatitude": 43.162475, "decimalLongitude": -80.313058, "eventDate": "2019-06-18T17:10:30Z", "countryCode": "CA" }, "geometry": { "type": "Point", "coordinates": [ -80.313058, 43.162475 ] } },
{ "type": "Feature", "properties": { "decimalLatitude": 43.71316, "decimalLongitude": -79.342467, "eventDate": "2019-06-12T11:17:00Z", "countryCode": "CA" }, "geometry": { "type": "Point", "coordinates": [ -79.342467, 43.71316 ] } },
{ "type": "Feature", "properties": { "decimalLatitude": 43.350573, "decimalLongitude": -80.11251, "eventDate": "2019-06-16T12:44:19Z", "countryCode": "CA" }, "geometry": { "type": "Point", "coordinates": [ -80.11251, 43.350573 ] } },
{ "type": "Feature", "properties": { "decimalLatitude": 38.219539, "decimalLongitude": -85.686872, "eventDate": "2019-06-15T13:39:07Z", "countryCode": "US" }, "geometry": { "type": "Point", "coordinates": [ -85.686872, 38.219539 ] } },
{ "type": "Feature", "properties": { "decimalLatitude": 39.93169, "decimalLongitude": -75.142274, "eventDate": "2019-06-18T14:24:00Z", "countryCode": "US" }, "geometry": { "type": "Point", "coordinates": [ -75.142274, 39.93169 ] } },
{ "type": "Feature", "properties": { "decimalLatitude": 43.56324, "decimalLongitude": -79.672162, "eventDate": "2019-06-14T16:15:00Z", "countryCode": "CA" }, "geometry": { "type": "Point", "coordinates": [ -79.672162, 43.56324 ] } },
{ "type": "Feature", "properties": { "decimalLatitude": 44.590938, "decimalLongitude": -78.900736, "eventDate": "2019-06-05T10:04:33Z", "countryCode": "CA" }, "geometry": { "type": "Point", "coordinates": [ -78.900736, 44.590938 ] } },
{ "type": "Feature", "properties": { "decimalLatitude": 42.462562, "decimalLongitude": -71.158585, "eventDate": "2019-06-26T12:48:00Z", "countryCode": "US" }, "geometry": { "type": "Point", "coordinates": [ -71.158585, 42.462562 ] } },
{ "type": "Feature", "properties": { "decimalLatitude": 36.844776, "decimalLongitude": -96.427911, "eventDate": "2019-06-15T19:48:07Z", "countryCode": "US" }, "geometry": { "type": "Point", "coordinates": [ -96.427911, 36.844776 ] } },
{ "type": "Feature", "properties": { "decimalLatitude": 43.694428, "decimalLongitude": -80.248887, "eventDate": "2019-06-09T12:07:52Z", "countryCode": "CA" }, "geometry": { "type": "Point", "coordinates": [ -80.248887, 43.694428 ] } },
{ "type": "Feature", "properties": { "decimalLatitude": 43.648195, "decimalLongitude": -79.948086, "eventDate": "2019-06-18T11:00:00Z", "countryCode": "CA" }, "geometry": { "type": "Point", "coordinates": [ -79.948086, 43.648195 ] } },
{ "type": "Feature", "properties": { "decimalLatitude": 43.283177, "decimalLongitude": -79.924872, "eventDate": "2019-06-08T10:37:00Z", "countryCode": "CA" }, "geometry": { "type": "Point", "coordinates": [ -79.924872, 43.283177 ] } },
{ "type": "Feature", "properties": { "decimalLatitude": 43.350167, "decimalLongitude": -80.11236, "eventDate": "2019-06-18T10:29:00Z", "countryCode": "CA" }, "geometry": { "type": "Point", "coordinates": [ -80.11236, 43.350167 ] } },
{ "type": "Feature", "properties": { "decimalLatitude": 44.461245, "decimalLongitude": -72.411617, "eventDate": "2019-06-17T15:41:00Z", "countryCode": "US" }, "geometry": { "type": "Point", "coordinates": [ -72.411617, 44.461245 ] } },
{ "type": "Feature", "properties": { "decimalLatitude": 38.085329, "decimalLongitude": -78.929752, "eventDate": "2019-06-22T09:35:00Z", "countryCode": "US" }, "geometry": { "type": "Point", "coordinates": [ -78.929752, 38.085329 ] } },
{ "type": "Feature", "properties": { "decimalLatitude": 39.025893, "decimalLongitude": -77.03952, "eventDate": "2019-06-25T17:38:00Z", "countryCode": "US" }, "geometry": { "type": "Point", "coordinates": [ -77.03952, 39.025893 ] } },
{ "type": "Feature", "properties": { "decimalLatitude": 39.02679, "decimalLongitude": -77.039408, "eventDate": "2019-06-25T17:17:00Z", "countryCode": "US" }, "geometry": { "type": "Point", "coordinates": [ -77.039408, 39.02679 ] } },
{ "type": "Feature", "properties": { "decimalLatitude": 39.026437, "decimalLongitude": -77.038852, "eventDate": "2019-06-20T14:27:00Z", "countryCode": "US" }, "geometry": { "type": "Point", "coordinates": [ -77.038852, 39.026437 ] } },
{ "type": "Feature", "properties": { "decimalLatitude": 39.322823, "decimalLongitude": -77.729207, "eventDate": "2019-06-22T16:06:00Z", "countryCode": "US" }, "geometry": { "type": "Point", "coordinates": [ -77.729207, 39.322823 ] } },
{ "type": "Feature", "properties": { "decimalLatitude": 39.716288, "decimalLongitude": -75.658767, "eventDate": "2019-06-28T12:52:53Z", "countryCode": "US" }, "geometry": { "type": "Point", "coordinates": [ -75.658767, 39.716288 ] } },
{ "type": "Feature", "properties": { "decimalLatitude": 38.981375, "decimalLongitude": -76.451722, "eventDate": "2019-06-22T15:17:00Z", "countryCode": "US" }, "geometry": { "type": "Point", "coordinates": [ -76.451722, 38.981375 ] } },
{ "type": "Feature", "properties": { "decimalLatitude": 38.986863, "decimalLongitude": -76.4547, "eventDate": "2019-06-22T14:00:00Z", "countryCode": "US" }, "geometry": { "type": "Point", "coordinates": [ -76.4547, 38.986863 ] } },
{ "type": "Feature", "properties": { "decimalLatitude": 39.02679, "decimalLongitude": -77.039408, "eventDate": "2019-06-25T17:14:00Z", "countryCode": "US" }, "geometry": { "type": "Point", "coordinates": [ -77.039408, 39.02679 ] } },
{ "type": "Feature", "properties": { "decimalLatitude": 36.362343, "decimalLongitude": -96.030235, "eventDate": "2019-06-02T17:18:21Z", "countryCode": "US" }, "geometry": { "type": "Point", "coordinates": [ -96.030235, 36.362343 ] } },
{ "type": "Feature", "properties": { "decimalLatitude": 38.668673, "decimalLongitude": -77.188981, "eventDate": "2019-06-21T12:02:00Z", "countryCode": "US" }, "geometry": { "type": "Point", "coordinates": [ -77.188981, 38.668673 ] } },
{ "type": "Feature", "properties": { "decimalLatitude": 39.030279, "decimalLongitude": -77.495659, "eventDate": "2019-06-23T11:25:00Z", "countryCode": "US" }, "geometry": { "type": "Point", "coordinates": [ -77.495659, 39.030279 ] } },
{ "type": "Feature", "properties": { "decimalLatitude": 38.607428, "decimalLongitude": -77.282923, "eventDate": "2019-06-28T09:46:00Z", "countryCode": "US" }, "geometry": { "type": "Point", "coordinates": [ -77.282923, 38.607428 ] } },
{ "type": "Feature", "properties": { "decimalLatitude": 39.632974, "decimalLongitude": -78.107834, "eventDate": "2019-06-16T07:13:52Z", "countryCode": "US" }, "geometry": { "type": "Point", "coordinates": [ -78.107834, 39.632974 ] } },
{ "type": "Feature", "properties": { "decimalLatitude": 44.282808, "decimalLongitude": -72.569711, "eventDate": "2019-06-01T15:30:00Z", "countryCode": "US" }, "geometry": { "type": "Point", "coordinates": [ -72.569711, 44.282808 ] } },
{ "type": "Feature", "properties": { "decimalLatitude": 34.023189, "decimalLongitude": -95.368355, "eventDate": "2019-06-26T11:42:00Z", "countryCode": "US" }, "geometry": { "type": "Point", "coordinates": [ -95.368355, 34.023189 ] } },
{ "type": "Feature", "properties": { "decimalLatitude": 38.36246, "decimalLongitude": -79.205382, "eventDate": "2019-06-30T14:58:00Z", "countryCode": "US" }, "geometry": { "type": "Point", "coordinates": [ -79.205382, 38.36246 ] } },
{ "type": "Feature", "properties": { "decimalLatitude": 38.606328, "decimalLongitude": -77.281473, "eventDate": "2019-06-28T09:24:00Z", "countryCode": "US" }, "geometry": { "type": "Point", "coordinates": [ -77.281473, 38.606328 ] } },
{ "type": "Feature", "properties": { "decimalLatitude": 38.36246, "decimalLongitude": -79.205382, "eventDate": "2019-06-30T15:21:00Z", "countryCode": "US" }, "geometry": { "type": "Point", "coordinates": [ -79.205382, 38.36246 ] } },
{ "type": "Feature", "properties": { "decimalLatitude": 38.60542, "decimalLongitude": -77.277422, "eventDate": "2019-06-16T17:38:00Z", "countryCode": "US" }, "geometry": { "type": "Point", "coordinates": [ -77.277422, 38.60542 ] } },
{ "type": "Feature", "properties": { "decimalLatitude": 43.815078, "decimalLongitude": -79.167175, "eventDate": "2019-06-17T10:06:00Z", "countryCode": "CA" }, "geometry": { "type": "Point", "coordinates": [ -79.167175, 43.815078 ] } },
{ "type": "Feature", "properties": { "decimalLatitude": 44.748071, "decimalLongitude": -79.068065, "eventDate": "2019-06-14T12:19:27Z", "countryCode": "CA" }, "geometry": { "type": "Point", "coordinates": [ -79.068065, 44.748071 ] } },
{ "type": "Feature", "properties": { "decimalLatitude": 43.360737, "decimalLongitude": -71.996119, "eventDate": "2019-06-26T00:09:00Z", "countryCode": "US" }, "geometry": { "type": "Point", "coordinates": [ -71.996119, 43.360737 ] } },
{ "type": "Feature", "properties": { "decimalLatitude": 38.840922, "decimalLongitude": -77.054648, "eventDate": "2019-06-18T15:49:00Z", "countryCode": "US" }, "geometry": { "type": "Point", "coordinates": [ -77.054648, 38.840922 ] } },
{ "type": "Feature", "properties": { "decimalLatitude": 38.633382, "decimalLongitude": -77.216916, "eventDate": "2019-06-21T08:37:00Z", "countryCode": "US" }, "geometry": { "type": "Point", "coordinates": [ -77.216916, 38.633382 ] } },
{ "type": "Feature", "properties": { "decimalLatitude": 39.132778, "decimalLongitude": -84.41093, "eventDate": "2019-06-30T11:44:00Z", "countryCode": "US" }, "geometry": { "type": "Point", "coordinates": [ -84.41093, 39.132778 ] } },
{ "type": "Feature", "properties": { "decimalLatitude": 42.235967, "decimalLongitude": -71.775842, "eventDate": "2019-06-07T12:49:00Z", "countryCode": "US" }, "geometry": { "type": "Point", "coordinates": [ -71.775842, 42.235967 ] } },
{ "type": "Feature", "properties": { "decimalLatitude": 39.322823, "decimalLongitude": -77.729207, "eventDate": "2019-06-22T11:35:00Z", "countryCode": "US" }, "geometry": { "type": "Point", "coordinates": [ -77.729207, 39.322823 ] } },
{ "type": "Feature", "properties": { "decimalLatitude": 38.809048, "decimalLongitude": -77.061428, "eventDate": "2019-06-21T11:04:41Z", "countryCode": "US" }, "geometry": { "type": "Point", "coordinates": [ -77.061428, 38.809048 ] } },
{ "type": "Feature", "properties": { "decimalLatitude": 29.425943, "decimalLongitude": -94.958221, "eventDate": "2019-06-11T17:04:00Z", "countryCode": "US" }, "geometry": { "type": "Point", "coordinates": [ -94.958221, 29.425943 ] } },
{ "type": "Feature", "properties": { "decimalLatitude": 38.5791, "decimalLongitude": -90.39982, "eventDate": "2019-06-19T15:39:38Z", "countryCode": "US" }, "geometry": { "type": "Point", "coordinates": [ -90.39982, 38.5791 ] } },
{ "type": "Feature", "properties": { "decimalLatitude": 39.314588, "decimalLongitude": -76.875352, "eventDate": "2019-06-17T11:18:00Z", "countryCode": "US" }, "geometry": { "type": "Point", "coordinates": [ -76.875352, 39.314588 ] } },
{ "type": "Feature", "properties": { "decimalLatitude": 38.589438, "decimalLongitude": -92.232422, "eventDate": "2019-07-01T15:15:56Z", "countryCode": "US" }, "geometry": { "type": "Point", "coordinates": [ -92.232422, 38.589438 ] } },
{ "type": "Feature", "properties": { "decimalLatitude": 43.220347, "decimalLongitude": -81.86721, "eventDate": "2019-07-06T07:44:00Z", "countryCode": "CA" }, "geometry": { "type": "Point", "coordinates": [ -81.86721, 43.220347 ] } },
{ "type": "Feature", "properties": { "decimalLatitude": 40.40062, "decimalLongitude": -89.878576, "eventDate": "2019-07-05T12:09:00Z", "countryCode": "US" }, "geometry": { "type": "Point", "coordinates": [ -89.878576, 40.40062 ] } },
{ "type": "Feature", "properties": { "decimalLatitude": 40.757344, "decimalLongitude": -89.574933, "eventDate": "2019-07-04T08:56:00Z", "countryCode": "US" }, "geometry": { "type": "Point", "coordinates": [ -89.574933, 40.757344 ] } },
{ "type": "Feature", "properties": { "decimalLatitude": 38.991299, "decimalLongitude": -77.971359, "eventDate": "2019-07-10T09:41:00Z", "countryCode": "US" }, "geometry": { "type": "Point", "coordinates": [ -77.971359, 38.991299 ] } },
{ "type": "Feature", "properties": { "decimalLatitude": 40.450517, "decimalLongitude": -80.244466, "eventDate": "2019-07-14T12:16:00Z", "countryCode": "US" }, "geometry": { "type": "Point", "coordinates": [ -80.244466, 40.450517 ] } },
{ "type": "Feature", "properties": { "decimalLatitude": 38.773129, "decimalLongitude": -83.412967, "eventDate": "2019-07-12T12:47:00Z", "countryCode": "US" }, "geometry": { "type": "Point", "coordinates": [ -83.412967, 38.773129 ] } },
{ "type": "Feature", "properties": { "decimalLatitude": 41.917201, "decimalLongitude": -87.765972, "eventDate": "2019-07-19T10:44:23Z", "countryCode": "US" }, "geometry": { "type": "Point", "coordinates": [ -87.765972, 41.917201 ] } },
{ "type": "Feature", "properties": { "decimalLatitude": 40.940536, "decimalLongitude": -73.144498, "eventDate": "2019-07-19T21:24:27Z", "countryCode": "US" }, "geometry": { "type": "Point", "coordinates": [ -73.144498, 40.940536 ] } },
{ "type": "Feature", "properties": { "decimalLatitude": 42.401162, "decimalLongitude": -71.462005, "eventDate": "2019-07-20T09:44:47Z", "countryCode": "US" }, "geometry": { "type": "Point", "coordinates": [ -71.462005, 42.401162 ] } },
{ "type": "Feature", "properties": { "decimalLatitude": 41.276542, "decimalLongitude": -81.541534, "eventDate": "2019-07-20T08:37:00Z", "countryCode": "US" }, "geometry": { "type": "Point", "coordinates": [ -81.541534, 41.276542 ] } },
{ "type": "Feature", "properties": { "decimalLatitude": 37.467365, "decimalLongitude": -88.158717, "eventDate": "2019-07-20T12:50:00Z", "countryCode": "US" }, "geometry": { "type": "Point", "coordinates": [ -88.158717, 37.467365 ] } },
{ "type": "Feature", "properties": { "decimalLatitude": 44.473, "decimalLongitude": -77.30773, "eventDate": "2019-07-21T09:18:00Z", "countryCode": "CA" }, "geometry": { "type": "Point", "coordinates": [ -77.30773, 44.473 ] } },
{ "type": "Feature", "properties": { "decimalLatitude": 43.624315, "decimalLongitude": -72.504837, "eventDate": "2019-07-23T14:59:00Z", "countryCode": "US" }, "geometry": { "type": "Point", "coordinates": [ -72.504837, 43.624315 ] } },
{ "type": "Feature", "properties": { "decimalLatitude": 44.47783, "decimalLongitude": -77.30275, "eventDate": "2019-07-24T13:23:00Z", "countryCode": "CA" }, "geometry": { "type": "Point", "coordinates": [ -77.30275, 44.47783 ] } },
{ "type": "Feature", "properties": { "decimalLatitude": 40.450517, "decimalLongitude": -80.244466, "eventDate": "2019-07-14T12:22:00Z", "countryCode": "US" }, "geometry": { "type": "Point", "coordinates": [ -80.244466, 40.450517 ] } },
{ "type": "Feature", "properties": { "decimalLatitude": 38.901376, "decimalLongitude": -76.961549, "eventDate": "2019-07-24T00:00:00Z", "countryCode": "US" }, "geometry": { "type": "Point", "coordinates": [ -76.961549, 38.901376 ] } },
{ "type": "Feature", "properties": { "decimalLatitude": 43.528725, "decimalLongitude": -79.604647, "eventDate": "2019-07-25T14:57:12Z", "countryCode": "CA" }, "geometry": { "type": "Point", "coordinates": [ -79.604647, 43.528725 ] } },
{ "type": "Feature", "properties": { "decimalLatitude": 43.220347, "decimalLongitude": -81.86721, "eventDate": "2019-07-26T08:31:00Z", "countryCode": "CA" }, "geometry": { "type": "Point", "coordinates": [ -81.86721, 43.220347 ] } },
{ "type": "Feature", "properties": { "decimalLatitude": 44.28715, "decimalLongitude": -76.248165, "eventDate": "2019-07-26T10:19:00Z", "countryCode": "CA" }, "geometry": { "type": "Point", "coordinates": [ -76.248165, 44.28715 ] } },
{ "type": "Feature", "properties": { "decimalLatitude": 44.470305, "decimalLongitude": -78.285381, "eventDate": "2019-07-26T11:27:00Z", "countryCode": "CA" }, "geometry": { "type": "Point", "coordinates": [ -78.285381, 44.470305 ] } },
{ "type": "Feature", "properties": { "decimalLatitude": 39.45838, "decimalLongitude": -88.147523, "eventDate": "2019-07-27T16:52:47Z", "countryCode": "US" }, "geometry": { "type": "Point", "coordinates": [ -88.147523, 39.45838 ] } },
{ "type": "Feature", "properties": { "decimalLatitude": 45.318989, "decimalLongitude": -75.794342, "eventDate": "2019-07-28T12:02:25Z", "countryCode": "CA" }, "geometry": { "type": "Point", "coordinates": [ -75.794342, 45.318989 ] } },
{ "type": "Feature", "properties": { "decimalLatitude": 39.515151, "decimalLongitude": -79.295808, "eventDate": "2019-07-28T09:20:00Z", "countryCode": "US" }, "geometry": { "type": "Point", "coordinates": [ -79.295808, 39.515151 ] } },
{ "type": "Feature", "properties": { "decimalLatitude": 39.461155, "decimalLongitude": -88.155339, "eventDate": "2019-07-28T17:06:22Z", "countryCode": "US" }, "geometry": { "type": "Point", "coordinates": [ -88.155339, 39.461155 ] } },
{ "type": "Feature", "properties": { "decimalLatitude": 39.52132, "decimalLongitude": -88.108004, "eventDate": "2019-07-28T12:45:00Z", "countryCode": "US" }, "geometry": { "type": "Point", "coordinates": [ -88.108004, 39.52132 ] } },
{ "type": "Feature", "properties": { "decimalLatitude": 39.458252, "decimalLongitude": -88.147577, "eventDate": "2019-07-28T15:49:00Z", "countryCode": "US" }, "geometry": { "type": "Point", "coordinates": [ -88.147577, 39.458252 ] } },
{ "type": "Feature", "properties": { "decimalLatitude": 44.48094, "decimalLongitude": -77.30464, "eventDate": "2019-07-28T13:42:00Z", "countryCode": "CA" }, "geometry": { "type": "Point", "coordinates": [ -77.30464, 44.48094 ] } },
{ "type": "Feature", "properties": { "decimalLatitude": 43.250538, "decimalLongitude": -81.84942, "eventDate": "2019-07-29T11:46:30Z", "countryCode": "CA" }, "geometry": { "type": "Point", "coordinates": [ -81.84942, 43.250538 ] } },
{ "type": "Feature", "properties": { "decimalLatitude": 43.546647, "decimalLongitude": -79.65718, "eventDate": "2019-07-29T08:55:19Z", "countryCode": "CA" }, "geometry": { "type": "Point", "coordinates": [ -79.65718, 43.546647 ] } },
{ "type": "Feature", "properties": { "decimalLatitude": 44.118964, "decimalLongitude": -79.492653, "eventDate": "2019-07-28T11:26:30Z", "countryCode": "CA" }, "geometry": { "type": "Point", "coordinates": [ -79.492653, 44.118964 ] } },
{ "type": "Feature", "properties": { "decimalLatitude": 43.208065, "decimalLongitude": -71.49282, "eventDate": "2019-07-29T12:10:00Z", "countryCode": "US" }, "geometry": { "type": "Point", "coordinates": [ -71.49282, 43.208065 ] } },
{ "type": "Feature", "properties": { "decimalLatitude": 43.647809, "decimalLongitude": -72.952235, "eventDate": "2019-07-29T11:19:00Z", "countryCode": "US" }, "geometry": { "type": "Point", "coordinates": [ -72.952235, 43.647809 ] } },
{ "type": "Feature", "properties": { "decimalLatitude": 41.818432, "decimalLongitude": -88.064075, "eventDate": "2019-07-29T13:32:00Z", "countryCode": "US" }, "geometry": { "type": "Point", "coordinates": [ -88.064075, 41.818432 ] } },
{ "type": "Feature", "properties": { "decimalLatitude": 39.501891, "decimalLongitude": -79.325329, "eventDate": "2019-07-29T12:48:00Z", "countryCode": "US" }, "geometry": { "type": "Point", "coordinates": [ -79.325329, 39.501891 ] } },
{ "type": "Feature", "properties": { "decimalLatitude": 41.194288, "decimalLongitude": -73.78041, "eventDate": "2019-07-24T00:00:00Z", "countryCode": "US" }, "geometry": { "type": "Point", "coordinates": [ -73.78041, 41.194288 ] } },
{ "type": "Feature", "properties": { "decimalLatitude": 44.47101, "decimalLongitude": -77.31465, "eventDate": "2019-07-30T15:26:00Z", "countryCode": "CA" }, "geometry": { "type": "Point", "coordinates": [ -77.31465, 44.47101 ] } },
{ "type": "Feature", "properties": { "decimalLatitude": 43.55175, "decimalLongitude": -79.655067, "eventDate": "2019-07-31T11:29:39Z", "countryCode": "CA" }, "geometry": { "type": "Point", "coordinates": [ -79.655067, 43.55175 ] } },
{ "type": "Feature", "properties": { "decimalLatitude": 39.458523, "decimalLongitude": -88.147659, "eventDate": "2019-07-31T09:41:37Z", "countryCode": "US" }, "geometry": { "type": "Point", "coordinates": [ -88.147659, 39.458523 ] } },
{ "type": "Feature", "properties": { "decimalLatitude": 39.461235, "decimalLongitude": -88.155712, "eventDate": "2019-07-31T09:34:00Z", "countryCode": "US" }, "geometry": { "type": "Point", "coordinates": [ -88.155712, 39.461235 ] } },
{ "type": "Feature", "properties": { "decimalLatitude": 42.957307, "decimalLongitude": -81.321476, "eventDate": "2019-07-31T11:06:00Z", "countryCode": "CA" }, "geometry": { "type": "Point", "coordinates": [ -81.321476, 42.957307 ] } },
{ "type": "Feature", "properties": { "decimalLatitude": 40.524085, "decimalLongitude": -80.073837, "eventDate": "2019-07-31T15:39:18Z", "countryCode": "US" }, "geometry": { "type": "Point", "coordinates": [ -80.073837, 40.524085 ] } },
{ "type": "Feature", "properties": { "decimalLatitude": 44.48007, "decimalLongitude": -77.30427, "eventDate": "2019-07-31T10:56:00Z", "countryCode": "CA" }, "geometry": { "type": "Point", "coordinates": [ -77.30427, 44.48007 ] } },
{ "type": "Feature", "properties": { "decimalLatitude": 43.420153, "decimalLongitude": -80.12287, "eventDate": "2019-07-31T11:00:00Z", "countryCode": "CA" }, "geometry": { "type": "Point", "coordinates": [ -80.12287, 43.420153 ] } },
{ "type": "Feature", "properties": { "decimalLatitude": 43.419955, "decimalLongitude": -80.122797, "eventDate": "2019-07-31T10:59:00Z", "countryCode": "CA" }, "geometry": { "type": "Point", "coordinates": [ -80.122797, 43.419955 ] } },
{ "type": "Feature", "properties": { "decimalLatitude": 42.827202, "decimalLongitude": -81.145237, "eventDate": "2019-07-22T12:37:00Z", "countryCode": "CA" }, "geometry": { "type": "Point", "coordinates": [ -81.145237, 42.827202 ] } },
{ "type": "Feature", "properties": { "decimalLatitude": 43.746554, "decimalLongitude": -79.804063, "eventDate": "2019-07-27T17:10:00Z", "countryCode": "CA" }, "geometry": { "type": "Point", "coordinates": [ -79.804063, 43.746554 ] } },
{ "type": "Feature", "properties": { "decimalLatitude": 39.458247, "decimalLongitude": -88.14757, "eventDate": "2019-07-31T18:00:00Z", "countryCode": "US" }, "geometry": { "type": "Point", "coordinates": [ -88.14757, 39.458247 ] } },
{ "type": "Feature", "properties": { "decimalLatitude": 37.25227, "decimalLongitude": -78.322895, "eventDate": "2019-07-18T08:58:00Z", "countryCode": "US" }, "geometry": { "type": "Point", "coordinates": [ -78.322895, 37.25227 ] } },
{ "type": "Feature", "properties": { "decimalLatitude": 39.263104, "decimalLongitude": -76.584972, "eventDate": "2019-07-25T14:47:32Z", "countryCode": "US" }, "geometry": { "type": "Point", "coordinates": [ -76.584972, 39.263104 ] } },
{ "type": "Feature", "properties": { "decimalLatitude": 41.783252, "decimalLongitude": -87.578253, "eventDate": "2019-07-23T13:33:00Z", "countryCode": "US" }, "geometry": { "type": "Point", "coordinates": [ -87.578253, 41.783252 ] } },
{ "type": "Feature", "properties": { "decimalLatitude": 41.783252, "decimalLongitude": -87.578253, "eventDate": "2019-07-23T10:09:00Z", "countryCode": "US" }, "geometry": { "type": "Point", "coordinates": [ -87.578253, 41.783252 ] } },
{ "type": "Feature", "properties": { "decimalLatitude": 39.245987, "decimalLongitude": -84.418197, "eventDate": "2019-07-27T11:25:12Z", "countryCode": "US" }, "geometry": { "type": "Point", "coordinates": [ -84.418197, 39.245987 ] } },
{ "type": "Feature", "properties": { "decimalLatitude": 41.671753, "decimalLongitude": -87.868463, "eventDate": "2019-07-27T11:21:50Z", "countryCode": "US" }, "geometry": { "type": "Point", "coordinates": [ -87.868463, 41.671753 ] } },
{ "type": "Feature", "properties": { "decimalLatitude": 42.115695, "decimalLongitude": -71.908586, "eventDate": "2019-07-14T10:54:53Z", "countryCode": "US" }, "geometry": { "type": "Point", "coordinates": [ -71.908586, 42.115695 ] } },
{ "type": "Feature", "properties": { "decimalLatitude": 40.910507, "decimalLongitude": -81.467366, "eventDate": "2019-07-04T10:05:00Z", "countryCode": "US" }, "geometry": { "type": "Point", "coordinates": [ -81.467366, 40.910507 ] } },
{ "type": "Feature", "properties": { "decimalLatitude": 40.790023, "decimalLongitude": -73.92534, "eventDate": "2019-07-11T13:56:19Z", "countryCode": "US" }, "geometry": { "type": "Point", "coordinates": [ -73.92534, 40.790023 ] } },
{ "type": "Feature", "properties": { "decimalLatitude": 41.409233, "decimalLongitude": -81.884087, "eventDate": "2019-07-20T15:56:09Z", "countryCode": "US" }, "geometry": { "type": "Point", "coordinates": [ -81.884087, 41.409233 ] } },
{ "type": "Feature", "properties": { "decimalLatitude": 41.127984, "decimalLongitude": -77.411862, "eventDate": "2019-07-20T11:08:00Z", "countryCode": "US" }, "geometry": { "type": "Point", "coordinates": [ -77.411862, 41.127984 ] } },
{ "type": "Feature", "properties": { "decimalLatitude": 43.208728, "decimalLongitude": -71.494187, "eventDate": "2019-07-29T12:00:00Z", "countryCode": "US" }, "geometry": { "type": "Point", "coordinates": [ -71.494187, 43.208728 ] } },
{ "type": "Feature", "properties": { "decimalLatitude": 42.671299, "decimalLongitude": -80.40341, "eventDate": "2019-07-21T15:18:00Z", "countryCode": "CA" }, "geometry": { "type": "Point", "coordinates": [ -80.40341, 42.671299 ] } },
{ "type": "Feature", "properties": { "decimalLatitude": 35.2368, "decimalLongitude": -82.728547, "eventDate": "2019-07-21T11:07:00Z", "countryCode": "US" }, "geometry": { "type": "Point", "coordinates": [ -82.728547, 35.2368 ] } },
{ "type": "Feature", "properties": { "decimalLatitude": 39.932317, "decimalLongitude": -75.140817, "eventDate": "2019-07-05T14:38:00Z", "countryCode": "US" }, "geometry": { "type": "Point", "coordinates": [ -75.140817, 39.932317 ] } },
{ "type": "Feature", "properties": { "decimalLatitude": 43.367593, "decimalLongitude": -80.096038, "eventDate": "2019-07-31T12:53:00Z", "countryCode": "CA" }, "geometry": { "type": "Point", "coordinates": [ -80.096038, 43.367593 ] } },
{ "type": "Feature", "properties": { "decimalLatitude": 43.48666, "decimalLongitude": -80.56395, "eventDate": "2019-07-07T14:55:00Z", "countryCode": "CA" }, "geometry": { "type": "Point", "coordinates": [ -80.56395, 43.48666 ] } },
{ "type": "Feature", "properties": { "decimalLatitude": 43.250278, "decimalLongitude": -81.849444, "eventDate": "2019-07-31T14:19:00Z", "countryCode": "CA" }, "geometry": { "type": "Point", "coordinates": [ -81.849444, 43.250278 ] } },
{ "type": "Feature", "properties": { "decimalLatitude": 42.401533, "decimalLongitude": -71.461044, "eventDate": "2019-07-20T09:46:00Z", "countryCode": "US" }, "geometry": { "type": "Point", "coordinates": [ -71.461044, 42.401533 ] } },
{ "type": "Feature", "properties": { "decimalLatitude": 39.070823, "decimalLongitude": -76.776602, "eventDate": "2019-07-28T14:44:00Z", "countryCode": "US" }, "geometry": { "type": "Point", "coordinates": [ -76.776602, 39.070823 ] } },
{ "type": "Feature", "properties": { "decimalLatitude": 39.025362, "decimalLongitude": -77.038658, "eventDate": "2019-07-01T17:14:00Z", "countryCode": "US" }, "geometry": { "type": "Point", "coordinates": [ -77.038658, 39.025362 ] } },
{ "type": "Feature", "properties": { "decimalLatitude": 39.02664, "decimalLongitude": -77.039375, "eventDate": "2019-07-09T16:45:00Z", "countryCode": "US" }, "geometry": { "type": "Point", "coordinates": [ -77.039375, 39.02664 ] } },
{ "type": "Feature", "properties": { "decimalLatitude": 43.694578, "decimalLongitude": -79.391066, "eventDate": "2019-07-24T13:27:00Z", "countryCode": "CA" }, "geometry": { "type": "Point", "coordinates": [ -79.391066, 43.694578 ] } },
{ "type": "Feature", "properties": { "decimalLatitude": 44.501628, "decimalLongitude": -73.175916, "eventDate": "2019-07-28T12:59:00Z", "countryCode": "US" }, "geometry": { "type": "Point", "coordinates": [ -73.175916, 44.501628 ] } },
{ "type": "Feature", "properties": { "decimalLatitude": 42.388788, "decimalLongitude": -71.279997, "eventDate": "2019-07-19T10:16:00Z", "countryCode": "US" }, "geometry": { "type": "Point", "coordinates": [ -71.279997, 42.388788 ] } },
{ "type": "Feature", "properties": { "decimalLatitude": 42.445855, "decimalLongitude": -71.085844, "eventDate": "2019-07-29T09:42:04Z", "countryCode": "US" }, "geometry": { "type": "Point", "coordinates": [ -71.085844, 42.445855 ] } },
{ "type": "Feature", "properties": { "decimalLatitude": 42.463257, "decimalLongitude": -71.159267, "eventDate": "2019-07-26T11:37:00Z", "countryCode": "US" }, "geometry": { "type": "Point", "coordinates": [ -71.159267, 42.463257 ] } },
{ "type": "Feature", "properties": { "decimalLatitude": 42.462155, "decimalLongitude": -71.157202, "eventDate": "2019-07-15T13:34:00Z", "countryCode": "US" }, "geometry": { "type": "Point", "coordinates": [ -71.157202, 42.462155 ] } },
{ "type": "Feature", "properties": { "decimalLatitude": 42.30056, "decimalLongitude": -72.239806, "eventDate": "2019-07-20T13:49:00Z", "countryCode": "US" }, "geometry": { "type": "Point", "coordinates": [ -72.239806, 42.30056 ] } },
{ "type": "Feature", "properties": { "decimalLatitude": 41.507222, "decimalLongitude": -73.016503, "eventDate": "2019-07-26T15:52:38Z", "countryCode": "US" }, "geometry": { "type": "Point", "coordinates": [ -73.016503, 41.507222 ] } },
{ "type": "Feature", "properties": { "decimalLatitude": 39.550532, "decimalLongitude": -79.179838, "eventDate": "2019-07-27T13:19:00Z", "countryCode": "US" }, "geometry": { "type": "Point", "coordinates": [ -79.179838, 39.550532 ] } },
{ "type": "Feature", "properties": { "decimalLatitude": 39.059735, "decimalLongitude": -77.039021, "eventDate": "2019-07-05T17:36:00Z", "countryCode": "US" }, "geometry": { "type": "Point", "coordinates": [ -77.039021, 39.059735 ] } },
{ "type": "Feature", "properties": { "decimalLatitude": 43.595403, "decimalLongitude": -72.365535, "eventDate": "2019-07-27T13:44:46Z", "countryCode": "US" }, "geometry": { "type": "Point", "coordinates": [ -72.365535, 43.595403 ] } },
{ "type": "Feature", "properties": { "decimalLatitude": 40.628575, "decimalLongitude": -79.139533, "eventDate": "2019-07-12T16:18:55Z", "countryCode": "US" }, "geometry": { "type": "Point", "coordinates": [ -79.139533, 40.628575 ] } },
{ "type": "Feature", "properties": { "decimalLatitude": 39.735222, "decimalLongitude": -76.036555, "eventDate": "2019-07-20T11:35:00Z", "countryCode": "US" }, "geometry": { "type": "Point", "coordinates": [ -76.036555, 39.735222 ] } },
{ "type": "Feature", "properties": { "decimalLatitude": 41.620212, "decimalLongitude": -83.7914, "eventDate": "2019-07-14T11:44:00Z", "countryCode": "US" }, "geometry": { "type": "Point", "coordinates": [ -83.7914, 41.620212 ] } },
{ "type": "Feature", "properties": { "decimalLatitude": 41.115597, "decimalLongitude": -81.896195, "eventDate": "2019-07-25T13:43:14Z", "countryCode": "US" }, "geometry": { "type": "Point", "coordinates": [ -81.896195, 41.115597 ] } },
{ "type": "Feature", "properties": { "decimalLatitude": 42.08041, "decimalLongitude": -71.213806, "eventDate": "2019-07-31T09:28:00Z", "countryCode": "US" }, "geometry": { "type": "Point", "coordinates": [ -71.213806, 42.08041 ] } },
{ "type": "Feature", "properties": { "decimalLatitude": 40.006633, "decimalLongitude": -75.043878, "eventDate": "2019-07-07T15:38:00Z", "countryCode": "US" }, "geometry": { "type": "Point", "coordinates": [ -75.043878, 40.006633 ] } },
{ "type": "Feature", "properties": { "decimalLatitude": 44.684458, "decimalLongitude": -79.053932, "eventDate": "2019-07-20T14:54:00Z", "countryCode": "CA" }, "geometry": { "type": "Point", "coordinates": [ -79.053932, 44.684458 ] } },
{ "type": "Feature", "properties": { "decimalLatitude": 39.14333, "decimalLongitude": -84.508987, "eventDate": "2019-07-31T10:02:00Z", "countryCode": "US" }, "geometry": { "type": "Point", "coordinates": [ -84.508987, 39.14333 ] } },
{ "type": "Feature", "properties": { "decimalLatitude": 43.858995, "decimalLongitude": -91.302917, "eventDate": "2019-07-16T10:04:04Z", "countryCode": "US" }, "geometry": { "type": "Point", "coordinates": [ -91.302917, 43.858995 ] } },
{ "type": "Feature", "properties": { "decimalLatitude": 44.484823, "decimalLongitude": -73.194478, "eventDate": "2019-07-30T15:05:00Z", "countryCode": "US" }, "geometry": { "type": "Point", "coordinates": [ -73.194478, 44.484823 ] } },
{ "type": "Feature", "properties": { "decimalLatitude": 41.108108, "decimalLongitude": -75.454899, "eventDate": "2019-07-24T12:24:00Z", "countryCode": "US" }, "geometry": { "type": "Point", "coordinates": [ -75.454899, 41.108108 ] } },
{ "type": "Feature", "properties": { "decimalLatitude": 39.713823, "decimalLongitude": -76.813279, "eventDate": "2019-07-04T12:53:00Z", "countryCode": "US" }, "geometry": { "type": "Point", "coordinates": [ -76.813279, 39.713823 ] } },
{ "type": "Feature", "properties": { "decimalLatitude": 41.220276, "decimalLongitude": -75.840641, "eventDate": "2019-07-25T10:45:00Z", "countryCode": "US" }, "geometry": { "type": "Point", "coordinates": [ -75.840641, 41.220276 ] } },
{ "type": "Feature", "properties": { "decimalLatitude": 42.972032, "decimalLongitude": -71.396056, "eventDate": "2019-07-29T08:28:00Z", "countryCode": "US" }, "geometry": { "type": "Point", "coordinates": [ -71.396056, 42.972032 ] } },
{ "type": "Feature", "properties": { "decimalLatitude": 38.944365, "decimalLongitude": -76.776287, "eventDate": "2019-07-28T09:18:00Z", "countryCode": "US" }, "geometry": { "type": "Point", "coordinates": [ -76.776287, 38.944365 ] } },
{ "type": "Feature", "properties": { "decimalLatitude": 41.773199, "decimalLongitude": -87.864235, "eventDate": "2019-07-06T15:34:03Z", "countryCode": "US" }, "geometry": { "type": "Point", "coordinates": [ -87.864235, 41.773199 ] } },
{ "type": "Feature", "properties": { "decimalLatitude": 42.064772, "decimalLongitude": -82.895598, "eventDate": "2019-07-15T10:05:00Z", "countryCode": "CA" }, "geometry": { "type": "Point", "coordinates": [ -82.895598, 42.064772 ] } },
{ "type": "Feature", "properties": { "decimalLatitude": 42.209921, "decimalLongitude": -79.861407, "eventDate": "2019-07-25T10:00:00Z", "countryCode": "US" }, "geometry": { "type": "Point", "coordinates": [ -79.861407, 42.209921 ] } },
{ "type": "Feature", "properties": { "decimalLatitude": 41.221142, "decimalLongitude": -75.846322, "eventDate": "2019-07-25T10:45:00Z", "countryCode": "US" }, "geometry": { "type": "Point", "coordinates": [ -75.846322, 41.221142 ] } },
{ "type": "Feature", "properties": { "decimalLatitude": 37.226528, "decimalLongitude": -76.78059, "eventDate": "2019-07-20T09:46:00Z", "countryCode": "US" }, "geometry": { "type": "Point", "coordinates": [ -76.78059, 37.226528 ] } },
{ "type": "Feature", "properties": { "decimalLatitude": 40.461992, "decimalLongitude": -78.197778, "eventDate": "2019-07-13T10:42:58Z", "countryCode": "US" }, "geometry": { "type": "Point", "coordinates": [ -78.197778, 40.461992 ] } },
{ "type": "Feature", "properties": { "decimalLatitude": 39.698953, "decimalLongitude": -78.328285, "eventDate": "2019-07-06T12:12:00Z", "countryCode": "US" }, "geometry": { "type": "Point", "coordinates": [ -78.328285, 39.698953 ] } },
{ "type": "Feature", "properties": { "decimalLatitude": 40.445208, "decimalLongitude": -76.614323, "eventDate": "2019-07-12T10:20:00Z", "countryCode": "US" }, "geometry": { "type": "Point", "coordinates": [ -76.614323, 40.445208 ] } },
{ "type": "Feature", "properties": { "decimalLatitude": 43.382298, "decimalLongitude": -80.352885, "eventDate": "2019-07-28T10:30:00Z", "countryCode": "CA" }, "geometry": { "type": "Point", "coordinates": [ -80.352885, 43.382298 ] } },
{ "type": "Feature", "properties": { "decimalLatitude": 43.701324, "decimalLongitude": -79.396217, "eventDate": "2019-08-01T09:24:25Z", "countryCode": "CA" }, "geometry": { "type": "Point", "coordinates": [ -79.396217, 43.701324 ] } },
{ "type": "Feature", "properties": { "decimalLatitude": 39.460613, "decimalLongitude": -88.142856, "eventDate": "2019-08-01T09:01:00Z", "countryCode": "US" }, "geometry": { "type": "Point", "coordinates": [ -88.142856, 39.460613 ] } },
{ "type": "Feature", "properties": { "decimalLatitude": 39.460289, "decimalLongitude": -88.143324, "eventDate": "2019-08-01T08:54:00Z", "countryCode": "US" }, "geometry": { "type": "Point", "coordinates": [ -88.143324, 39.460289 ] } },
{ "type": "Feature", "properties": { "decimalLatitude": 39.462354, "decimalLongitude": -88.155687, "eventDate": "2019-08-01T10:58:00Z", "countryCode": "US" }, "geometry": { "type": "Point", "coordinates": [ -88.155687, 39.462354 ] } },
{ "type": "Feature", "properties": { "decimalLatitude": 44.615799, "decimalLongitude": -78.001868, "eventDate": "2019-08-01T14:48:14Z", "countryCode": "CA" }, "geometry": { "type": "Point", "coordinates": [ -78.001868, 44.615799 ] } },
{ "type": "Feature", "properties": { "decimalLatitude": 43.434511, "decimalLongitude": -80.300273, "eventDate": "2019-08-02T10:56:00Z", "countryCode": "CA" }, "geometry": { "type": "Point", "coordinates": [ -80.300273, 43.434511 ] } },
{ "type": "Feature", "properties": { "decimalLatitude": 39.459963, "decimalLongitude": -88.141242, "eventDate": "2019-08-01T12:27:00Z", "countryCode": "US" }, "geometry": { "type": "Point", "coordinates": [ -88.141242, 39.459963 ] } },
{ "type": "Feature", "properties": { "decimalLatitude": 44.485281, "decimalLongitude": -77.29303, "eventDate": "2019-08-02T12:01:00Z", "countryCode": "CA" }, "geometry": { "type": "Point", "coordinates": [ -77.29303, 44.485281 ] } },
{ "type": "Feature", "properties": { "decimalLatitude": 44.514687, "decimalLongitude": -78.358125, "eventDate": "2019-08-02T14:20:06Z", "countryCode": "CA" }, "geometry": { "type": "Point", "coordinates": [ -78.358125, 44.514687 ] } },
{ "type": "Feature", "properties": { "decimalLatitude": 39.458823, "decimalLongitude": -88.147883, "eventDate": "2019-08-02T13:52:00Z", "countryCode": "US" }, "geometry": { "type": "Point", "coordinates": [ -88.147883, 39.458823 ] } },
{ "type": "Feature", "properties": { "decimalLatitude": 43.24759, "decimalLongitude": -81.844008, "eventDate": "2019-08-02T21:43:13Z", "countryCode": "CA" }, "geometry": { "type": "Point", "coordinates": [ -81.844008, 43.24759 ] } },
{ "type": "Feature", "properties": { "decimalLatitude": 39.460445, "decimalLongitude": -88.163302, "eventDate": "2019-08-03T11:32:30Z", "countryCode": "US" }, "geometry": { "type": "Point", "coordinates": [ -88.163302, 39.460445 ] } },
{ "type": "Feature", "properties": { "decimalLatitude": 44.280515, "decimalLongitude": -76.510126, "eventDate": "2019-08-02T09:32:00Z", "countryCode": "CA" }, "geometry": { "type": "Point", "coordinates": [ -76.510126, 44.280515 ] } },
{ "type": "Feature", "properties": { "decimalLatitude": 39.458434, "decimalLongitude": -88.148002, "eventDate": "2019-08-03T12:31:15Z", "countryCode": "US" }, "geometry": { "type": "Point", "coordinates": [ -88.148002, 39.458434 ] } },
{ "type": "Feature", "properties": { "decimalLatitude": 43.311741, "decimalLongitude": -79.9086, "eventDate": "2019-08-03T12:32:24Z", "countryCode": "CA" }, "geometry": { "type": "Point", "coordinates": [ -79.9086, 43.311741 ] } },
{ "type": "Feature", "properties": { "decimalLatitude": 43.203987, "decimalLongitude": -80.367289, "eventDate": "2019-08-03T12:14:08Z", "countryCode": "CA" }, "geometry": { "type": "Point", "coordinates": [ -80.367289, 43.203987 ] } },
{ "type": "Feature", "properties": { "decimalLatitude": 39.462221, "decimalLongitude": -88.155622, "eventDate": "2019-08-04T09:20:00Z", "countryCode": "US" }, "geometry": { "type": "Point", "coordinates": [ -88.155622, 39.462221 ] } },
{ "type": "Feature", "properties": { "decimalLatitude": 39.461283, "decimalLongitude": -88.155707, "eventDate": "2019-08-04T08:22:00Z", "countryCode": "US" }, "geometry": { "type": "Point", "coordinates": [ -88.155707, 39.461283 ] } },
{ "type": "Feature", "properties": { "decimalLatitude": 39.462244, "decimalLongitude": -88.155595, "eventDate": "2019-08-04T09:10:00Z", "countryCode": "US" }, "geometry": { "type": "Point", "coordinates": [ -88.155595, 39.462244 ] } },
{ "type": "Feature", "properties": { "decimalLatitude": 39.462339, "decimalLongitude": -88.155546, "eventDate": "2019-08-04T09:23:00Z", "countryCode": "US" }, "geometry": { "type": "Point", "coordinates": [ -88.155546, 39.462339 ] } },
{ "type": "Feature", "properties": { "decimalLatitude": 39.461487, "decimalLongitude": -88.155814, "eventDate": "2019-08-04T12:18:35Z", "countryCode": "US" }, "geometry": { "type": "Point", "coordinates": [ -88.155814, 39.461487 ] } },
{ "type": "Feature", "properties": { "decimalLatitude": 43.348098, "decimalLongitude": -80.111485, "eventDate": "2019-08-03T09:38:00Z", "countryCode": "CA" }, "geometry": { "type": "Point", "coordinates": [ -80.111485, 43.348098 ] } },
{ "type": "Feature", "properties": { "decimalLatitude": 45.377495, "decimalLongitude": -75.758447, "eventDate": "2019-08-03T00:00:00Z", "countryCode": "CA" }, "geometry": { "type": "Point", "coordinates": [ -75.758447, 45.377495 ] } },
{ "type": "Feature", "properties": { "decimalLatitude": 42.995364, "decimalLongitude": -81.291814, "eventDate": "2019-08-04T19:35:00Z", "countryCode": "CA" }, "geometry": { "type": "Point", "coordinates": [ -81.291814, 42.995364 ] } },
{ "type": "Feature", "properties": { "decimalLatitude": 39.462213, "decimalLongitude": -88.155736, "eventDate": "2019-08-04T11:49:00Z", "countryCode": "US" }, "geometry": { "type": "Point", "coordinates": [ -88.155736, 39.462213 ] } },
{ "type": "Feature", "properties": { "decimalLatitude": 39.461453, "decimalLongitude": -88.155933, "eventDate": "2019-08-04T12:18:00Z", "countryCode": "US" }, "geometry": { "type": "Point", "coordinates": [ -88.155933, 39.461453 ] } },
{ "type": "Feature", "properties": { "decimalLatitude": 39.195327, "decimalLongitude": -76.75936, "eventDate": "2019-08-01T14:16:00Z", "countryCode": "US" }, "geometry": { "type": "Point", "coordinates": [ -76.75936, 39.195327 ] } },
{ "type": "Feature", "properties": { "decimalLatitude": 43.348177, "decimalLongitude": -80.11153, "eventDate": "2019-08-03T11:26:00Z", "countryCode": "CA" }, "geometry": { "type": "Point", "coordinates": [ -80.11153, 43.348177 ] } },
{ "type": "Feature", "properties": { "decimalLatitude": 39.421433, "decimalLongitude": -77.417005, "eventDate": "2019-08-02T15:41:00Z", "countryCode": "US" }, "geometry": { "type": "Point", "coordinates": [ -77.417005, 39.421433 ] } },
{ "type": "Feature", "properties": { "decimalLatitude": 43.349615, "decimalLongitude": -80.109678, "eventDate": "2019-08-03T09:28:00Z", "countryCode": "CA" }, "geometry": { "type": "Point", "coordinates": [ -80.109678, 43.349615 ] } },
{ "type": "Feature", "properties": { "decimalLatitude": 40.790032, "decimalLongitude": -73.925153, "eventDate": "2019-08-06T16:50:28Z", "countryCode": "US" }, "geometry": { "type": "Point", "coordinates": [ -73.925153, 40.790032 ] } },
{ "type": "Feature", "properties": { "decimalLatitude": 43.532981, "decimalLongitude": -80.259654, "eventDate": "2019-08-05T11:33:08Z", "countryCode": "CA" }, "geometry": { "type": "Point", "coordinates": [ -80.259654, 43.532981 ] } },
{ "type": "Feature", "properties": { "decimalLatitude": 43.004272, "decimalLongitude": -81.321096, "eventDate": "2019-08-06T13:57:00Z", "countryCode": "CA" }, "geometry": { "type": "Point", "coordinates": [ -81.321096, 43.004272 ] } },
{ "type": "Feature", "properties": { "decimalLatitude": 40.431492, "decimalLongitude": -79.972607, "eventDate": "2019-08-07T10:08:00Z", "countryCode": "US" }, "geometry": { "type": "Point", "coordinates": [ -79.972607, 40.431492 ] } },
{ "type": "Feature", "properties": { "decimalLatitude": 39.932328, "decimalLongitude": -75.140839, "eventDate": "2019-08-07T10:39:00Z", "countryCode": "US" }, "geometry": { "type": "Point", "coordinates": [ -75.140839, 39.932328 ] } },
{ "type": "Feature", "properties": { "decimalLatitude": 39.195118, "decimalLongitude": -76.760299, "eventDate": "2019-08-06T14:31:00Z", "countryCode": "US" }, "geometry": { "type": "Point", "coordinates": [ -76.760299, 39.195118 ] } },
{ "type": "Feature", "properties": { "decimalLatitude": 39.541134, "decimalLongitude": -79.483044, "eventDate": "2019-08-06T16:13:00Z", "countryCode": "US" }, "geometry": { "type": "Point", "coordinates": [ -79.483044, 39.541134 ] } },
{ "type": "Feature", "properties": { "decimalLatitude": 44.470454, "decimalLongitude": -78.285279, "eventDate": "2019-08-07T18:21:00Z", "countryCode": "CA" }, "geometry": { "type": "Point", "coordinates": [ -78.285279, 44.470454 ] } },
{ "type": "Feature", "properties": { "decimalLatitude": 43.694847, "decimalLongitude": -80.248353, "eventDate": "2019-08-08T10:20:50Z", "countryCode": "CA" }, "geometry": { "type": "Point", "coordinates": [ -80.248353, 43.694847 ] } },
{ "type": "Feature", "properties": { "decimalLatitude": 45.234075, "decimalLongitude": -75.75818, "eventDate": "2019-08-08T12:31:46Z", "countryCode": "CA" }, "geometry": { "type": "Point", "coordinates": [ -75.75818, 45.234075 ] } },
{ "type": "Feature", "properties": { "decimalLatitude": 41.638845, "decimalLongitude": -70.560348, "eventDate": "2019-08-02T13:02:00Z", "countryCode": "US" }, "geometry": { "type": "Point", "coordinates": [ -70.560348, 41.638845 ] } },
{ "type": "Feature", "properties": { "decimalLatitude": 38.818572, "decimalLongitude": -77.52645, "eventDate": "2019-08-08T13:49:56Z", "countryCode": "US" }, "geometry": { "type": "Point", "coordinates": [ -77.52645, 38.818572 ] } },
{ "type": "Feature", "properties": { "decimalLatitude": 38.590627, "decimalLongitude": -92.230528, "eventDate": "2019-08-08T14:09:45Z", "countryCode": "US" }, "geometry": { "type": "Point", "coordinates": [ -92.230528, 38.590627 ] } },
{ "type": "Feature", "properties": { "decimalLatitude": 44.475456, "decimalLongitude": -73.194456, "eventDate": "2019-08-02T13:53:00Z", "countryCode": "US" }, "geometry": { "type": "Point", "coordinates": [ -73.194456, 44.475456 ] } },
{ "type": "Feature", "properties": { "decimalLatitude": 37.744545, "decimalLongitude": -97.274187, "eventDate": "2019-08-09T12:14:17Z", "countryCode": "US" }, "geometry": { "type": "Point", "coordinates": [ -97.274187, 37.744545 ] } },
{ "type": "Feature", "properties": { "decimalLatitude": 42.444946, "decimalLongitude": -71.08338, "eventDate": "2019-08-09T11:09:18Z", "countryCode": "US" }, "geometry": { "type": "Point", "coordinates": [ -71.08338, 42.444946 ] } },
{ "type": "Feature", "properties": { "decimalLatitude": 43.222692, "decimalLongitude": -81.88617, "eventDate": "2019-08-10T10:01:14Z", "countryCode": "CA" }, "geometry": { "type": "Point", "coordinates": [ -81.88617, 43.222692 ] } },
{ "type": "Feature", "properties": { "decimalLatitude": 43.223427, "decimalLongitude": -81.887417, "eventDate": "2019-08-10T08:44:00Z", "countryCode": "CA" }, "geometry": { "type": "Point", "coordinates": [ -81.887417, 43.223427 ] } },
{ "type": "Feature", "properties": { "decimalLatitude": 39.003039, "decimalLongitude": -77.067761, "eventDate": "2019-08-09T00:00:00Z", "countryCode": "US" }, "geometry": { "type": "Point", "coordinates": [ -77.067761, 39.003039 ] } },
{ "type": "Feature", "properties": { "decimalLatitude": 39.493055, "decimalLongitude": -88.176451, "eventDate": "2019-08-10T13:20:16Z", "countryCode": "US" }, "geometry": { "type": "Point", "coordinates": [ -88.176451, 39.493055 ] } },
{ "type": "Feature", "properties": { "decimalLatitude": 43.423752, "decimalLongitude": -80.502535, "eventDate": "2019-08-10T14:50:00Z", "countryCode": "CA" }, "geometry": { "type": "Point", "coordinates": [ -80.502535, 43.423752 ] } },
{ "type": "Feature", "properties": { "decimalLatitude": 40.433777, "decimalLongitude": -79.915392, "eventDate": "2019-08-10T13:08:00Z", "countryCode": "US" }, "geometry": { "type": "Point", "coordinates": [ -79.915392, 40.433777 ] } },
{ "type": "Feature", "properties": { "decimalLatitude": 44.612297, "decimalLongitude": -79.060311, "eventDate": "2019-08-10T10:40:11Z", "countryCode": "CA" }, "geometry": { "type": "Point", "coordinates": [ -79.060311, 44.612297 ] } },
{ "type": "Feature", "properties": { "decimalLatitude": 44.60662, "decimalLongitude": -79.063665, "eventDate": "2019-08-10T10:00:00Z", "countryCode": "CA" }, "geometry": { "type": "Point", "coordinates": [ -79.063665, 44.60662 ] } },
{ "type": "Feature", "properties": { "decimalLatitude": 39.087714, "decimalLongitude": -77.126755, "eventDate": "2019-08-08T12:50:49Z", "countryCode": "US" }, "geometry": { "type": "Point", "coordinates": [ -77.126755, 39.087714 ] } },
{ "type": "Feature", "properties": { "decimalLatitude": 43.22134, "decimalLongitude": -81.88566, "eventDate": "2019-08-10T12:16:00Z", "countryCode": "CA" }, "geometry": { "type": "Point", "coordinates": [ -81.88566, 43.22134 ] } },
{ "type": "Feature", "properties": { "decimalLatitude": 39.025009, "decimalLongitude": -77.039287, "eventDate": "2019-08-11T12:03:10Z", "countryCode": "US" }, "geometry": { "type": "Point", "coordinates": [ -77.039287, 39.025009 ] } },
{ "type": "Feature", "properties": { "decimalLatitude": 44.469792, "decimalLongitude": -78.284855, "eventDate": "2019-08-10T10:13:00Z", "countryCode": "CA" }, "geometry": { "type": "Point", "coordinates": [ -78.284855, 44.469792 ] } },
{ "type": "Feature", "properties": { "decimalLatitude": 42.420405, "decimalLongitude": -87.808525, "eventDate": "2019-08-11T11:08:16Z", "countryCode": "US" }, "geometry": { "type": "Point", "coordinates": [ -87.808525, 42.420405 ] } },
{ "type": "Feature", "properties": { "decimalLatitude": 44.61646, "decimalLongitude": -75.722513, "eventDate": "2019-08-10T13:05:00Z", "countryCode": "CA" }, "geometry": { "type": "Point", "coordinates": [ -75.722513, 44.61646 ] } },
{ "type": "Feature", "properties": { "decimalLatitude": 44.616543, "decimalLongitude": -75.722352, "eventDate": "2019-08-10T13:04:00Z", "countryCode": "CA" }, "geometry": { "type": "Point", "coordinates": [ -75.722352, 44.616543 ] } },
{ "type": "Feature", "properties": { "decimalLatitude": 39.656028, "decimalLongitude": -84.227771, "eventDate": "2019-08-11T15:16:00Z", "countryCode": "US" }, "geometry": { "type": "Point", "coordinates": [ -84.227771, 39.656028 ] } },
{ "type": "Feature", "properties": { "decimalLatitude": 45.274373, "decimalLongitude": -75.86888, "eventDate": "2019-08-11T10:30:00Z", "countryCode": "CA" }, "geometry": { "type": "Point", "coordinates": [ -75.86888, 45.274373 ] } },
{ "type": "Feature", "properties": { "decimalLatitude": 44.61471, "decimalLongitude": -75.726299, "eventDate": "2019-08-10T13:28:00Z", "countryCode": "CA" }, "geometry": { "type": "Point", "coordinates": [ -75.726299, 44.61471 ] } },
{ "type": "Feature", "properties": { "decimalLatitude": 44.373535, "decimalLongitude": -79.675117, "eventDate": "2019-08-12T11:45:23Z", "countryCode": "CA" }, "geometry": { "type": "Point", "coordinates": [ -79.675117, 44.373535 ] } },
{ "type": "Feature", "properties": { "decimalLatitude": 43.129733, "decimalLongitude": -70.704925, "eventDate": "2019-08-12T10:18:36Z", "countryCode": "US" }, "geometry": { "type": "Point", "coordinates": [ -70.704925, 43.129733 ] } },
{ "type": "Feature", "properties": { "decimalLatitude": 39.193474, "decimalLongitude": -76.759807, "eventDate": "2019-08-12T14:32:00Z", "countryCode": "US" }, "geometry": { "type": "Point", "coordinates": [ -76.759807, 39.193474 ] } },
{ "type": "Feature", "properties": { "decimalLatitude": 36.413743, "decimalLongitude": -82.492267, "eventDate": "2019-08-13T08:27:00Z", "countryCode": "US" }, "geometry": { "type": "Point", "coordinates": [ -82.492267, 36.413743 ] } },
{ "type": "Feature", "properties": { "decimalLatitude": 42.572127, "decimalLongitude": -72.518184, "eventDate": "2019-08-13T15:47:00Z", "countryCode": "US" }, "geometry": { "type": "Point", "coordinates": [ -72.518184, 42.572127 ] } },
{ "type": "Feature", "properties": { "decimalLatitude": 40.398647, "decimalLongitude": -78.778467, "eventDate": "2019-08-03T16:20:00Z", "countryCode": "US" }, "geometry": { "type": "Point", "coordinates": [ -78.778467, 40.398647 ] } },
{ "type": "Feature", "properties": { "decimalLatitude": 42.209014, "decimalLongitude": -89.205717, "eventDate": "2019-08-13T16:23:56Z", "countryCode": "US" }, "geometry": { "type": "Point", "coordinates": [ -89.205717, 42.209014 ] } },
{ "type": "Feature", "properties": { "decimalLatitude": 39.173523, "decimalLongitude": -77.574623, "eventDate": "2019-08-14T17:03:06Z", "countryCode": "US" }, "geometry": { "type": "Point", "coordinates": [ -77.574623, 39.173523 ] } },
{ "type": "Feature", "properties": { "decimalLatitude": 40.022867, "decimalLongitude": -83.196962, "eventDate": "2019-08-14T14:28:50Z", "countryCode": "US" }, "geometry": { "type": "Point", "coordinates": [ -83.196962, 40.022867 ] } },
{ "type": "Feature", "properties": { "decimalLatitude": 43.651322, "decimalLongitude": -79.940422, "eventDate": "2019-08-14T17:43:04Z", "countryCode": "CA" }, "geometry": { "type": "Point", "coordinates": [ -79.940422, 43.651322 ] } },
{ "type": "Feature", "properties": { "decimalLatitude": 40.523802, "decimalLongitude": -80.074075, "eventDate": "2019-08-15T13:09:56Z", "countryCode": "US" }, "geometry": { "type": "Point", "coordinates": [ -80.074075, 40.523802 ] } },
{ "type": "Feature", "properties": { "decimalLatitude": 43.760014, "decimalLongitude": -79.245749, "eventDate": "2019-08-15T11:07:00Z", "countryCode": "CA" }, "geometry": { "type": "Point", "coordinates": [ -79.245749, 43.760014 ] } },
{ "type": "Feature", "properties": { "decimalLatitude": 44.740817, "decimalLongitude": -79.881504, "eventDate": "2019-08-15T14:47:00Z", "countryCode": "CA" }, "geometry": { "type": "Point", "coordinates": [ -79.881504, 44.740817 ] } },
{ "type": "Feature", "properties": { "decimalLatitude": 43.420717, "decimalLongitude": -80.122715, "eventDate": "2019-08-12T10:28:00Z", "countryCode": "CA" }, "geometry": { "type": "Point", "coordinates": [ -80.122715, 43.420717 ] } },
{ "type": "Feature", "properties": { "decimalLatitude": 44.740847, "decimalLongitude": -79.88123, "eventDate": "2019-08-15T14:30:00Z", "countryCode": "CA" }, "geometry": { "type": "Point", "coordinates": [ -79.88123, 44.740847 ] } },
{ "type": "Feature", "properties": { "decimalLatitude": 39.058453, "decimalLongitude": -77.035081, "eventDate": "2019-08-09T18:34:00Z", "countryCode": "US" }, "geometry": { "type": "Point", "coordinates": [ -77.035081, 39.058453 ] } },
{ "type": "Feature", "properties": { "decimalLatitude": 42.846536, "decimalLongitude": -97.480692, "eventDate": "2019-08-13T11:00:00Z", "countryCode": "US" }, "geometry": { "type": "Point", "coordinates": [ -97.480692, 42.846536 ] } },
{ "type": "Feature", "properties": { "decimalLatitude": 44.4719, "decimalLongitude": -77.31421, "eventDate": "2019-08-15T16:11:00Z", "countryCode": "CA" }, "geometry": { "type": "Point", "coordinates": [ -77.31421, 44.4719 ] } },
{ "type": "Feature", "properties": { "decimalLatitude": 40.429443, "decimalLongitude": -79.952774, "eventDate": "2019-08-16T11:39:12Z", "countryCode": "US" }, "geometry": { "type": "Point", "coordinates": [ -79.952774, 40.429443 ] } },
{ "type": "Feature", "properties": { "decimalLatitude": 43.13228, "decimalLongitude": -72.525717, "eventDate": "2019-08-16T14:23:00Z", "countryCode": "US" }, "geometry": { "type": "Point", "coordinates": [ -72.525717, 43.13228 ] } },
{ "type": "Feature", "properties": { "decimalLatitude": 38.612355, "decimalLongitude": -90.259622, "eventDate": "2019-08-16T10:56:35Z", "countryCode": "US" }, "geometry": { "type": "Point", "coordinates": [ -90.259622, 38.612355 ] } },
{ "type": "Feature", "properties": { "decimalLatitude": 44.620005, "decimalLongitude": -78.04832, "eventDate": "2019-08-14T12:38:00Z", "countryCode": "CA" }, "geometry": { "type": "Point", "coordinates": [ -78.04832, 44.620005 ] } },
{ "type": "Feature", "properties": { "decimalLatitude": 44.446291, "decimalLongitude": -73.121285, "eventDate": "2019-08-08T13:41:00Z", "countryCode": "US" }, "geometry": { "type": "Point", "coordinates": [ -73.121285, 44.446291 ] } },
{ "type": "Feature", "properties": { "decimalLatitude": 40.181066, "decimalLongitude": -83.191746, "eventDate": "2019-08-17T10:44:07Z", "countryCode": "US" }, "geometry": { "type": "Point", "coordinates": [ -83.191746, 40.181066 ] } },
{ "type": "Feature", "properties": { "decimalLatitude": 40.79325, "decimalLongitude": -73.952262, "eventDate": "2019-08-17T12:40:04Z", "countryCode": "US" }, "geometry": { "type": "Point", "coordinates": [ -73.952262, 40.79325 ] } },
{ "type": "Feature", "properties": { "decimalLatitude": 43.361621, "decimalLongitude": -80.314428, "eventDate": "2019-08-16T09:57:00Z", "countryCode": "CA" }, "geometry": { "type": "Point", "coordinates": [ -80.314428, 43.361621 ] } },
{ "type": "Feature", "properties": { "decimalLatitude": 43.484435, "decimalLongitude": -72.385473, "eventDate": "2019-08-18T18:42:00Z", "countryCode": "US" }, "geometry": { "type": "Point", "coordinates": [ -72.385473, 43.484435 ] } },
{ "type": "Feature", "properties": { "decimalLatitude": 44.55097, "decimalLongitude": -73.25185, "eventDate": "2019-08-14T13:57:00Z", "countryCode": "US" }, "geometry": { "type": "Point", "coordinates": [ -73.25185, 44.55097 ] } },
{ "type": "Feature", "properties": { "decimalLatitude": 43.361621, "decimalLongitude": -80.314428, "eventDate": "2019-08-16T11:36:00Z", "countryCode": "CA" }, "geometry": { "type": "Point", "coordinates": [ -80.314428, 43.361621 ] } },
{ "type": "Feature", "properties": { "decimalLatitude": 38.675383, "decimalLongitude": -77.24746, "eventDate": "2022-04-15T09:58:00Z", "countryCode": "US" }, "geometry": { "type": "Point", "coordinates": [ -77.24746, 38.675383 ] } },
{ "type": "Feature", "properties": { "decimalLatitude": 38.668699, "decimalLongitude": -77.187991, "eventDate": "2022-04-13T10:39:00Z", "countryCode": "US" }, "geometry": { "type": "Point", "coordinates": [ -77.187991, 38.668699 ] } },
{ "type": "Feature", "properties": { "decimalLatitude": 37.164152, "decimalLongitude": -80.453386, "eventDate": "2022-04-22T13:44:00Z", "countryCode": "US" }, "geometry": { "type": "Point", "coordinates": [ -80.453386, 37.164152 ] } },
{ "type": "Feature", "properties": { "decimalLatitude": 39.15068, "decimalLongitude": -77.253526, "eventDate": "2022-04-30T16:10:00Z", "countryCode": "US" }, "geometry": { "type": "Point", "coordinates": [ -77.253526, 39.15068 ] } },
{ "type": "Feature", "properties": { "decimalLatitude": 39.074408, "decimalLongitude": -76.754439, "eventDate": "2022-04-22T14:09:00Z", "countryCode": "US" }, "geometry": { "type": "Point", "coordinates": [ -76.754439, 39.074408 ] } },
{ "type": "Feature", "properties": { "decimalLatitude": 37.700925, "decimalLongitude": -97.467966, "eventDate": "2022-04-30T17:48:00Z", "countryCode": "US" }, "geometry": { "type": "Point", "coordinates": [ -97.467966, 37.700925 ] } },
{ "type": "Feature", "properties": { "decimalLatitude": 39.665797, "decimalLongitude": -78.463207, "eventDate": "2022-04-23T11:27:00Z", "countryCode": "US" }, "geometry": { "type": "Point", "coordinates": [ -78.463207, 39.665797 ] } },
{ "type": "Feature", "properties": { "decimalLatitude": 38.644217, "decimalLongitude": -77.237263, "eventDate": "2022-04-23T12:13:00Z", "countryCode": "US" }, "geometry": { "type": "Point", "coordinates": [ -77.237263, 38.644217 ] } },
{ "type": "Feature", "properties": { "decimalLatitude": 38.183246, "decimalLongitude": -79.827878, "eventDate": "2022-04-28T12:01:00Z", "countryCode": "US" }, "geometry": { "type": "Point", "coordinates": [ -79.827878, 38.183246 ] } },
{ "type": "Feature", "properties": { "decimalLatitude": 36.210038, "decimalLongitude": -81.671091, "eventDate": "2022-04-14T09:53:40Z", "countryCode": "US" }, "geometry": { "type": "Point", "coordinates": [ -81.671091, 36.210038 ] } },
{ "type": "Feature", "properties": { "decimalLatitude": 29.460788, "decimalLongitude": -95.051317, "eventDate": "2022-05-02T16:24:00Z", "countryCode": "US" }, "geometry": { "type": "Point", "coordinates": [ -95.051317, 29.460788 ] } },
{ "type": "Feature", "properties": { "decimalLatitude": 43.56437, "decimalLongitude": -79.670547, "eventDate": "2022-05-12T11:33:00Z", "countryCode": "CA" }, "geometry": { "type": "Point", "coordinates": [ -79.670547, 43.56437 ] } },
{ "type": "Feature", "properties": { "decimalLatitude": 41.191503, "decimalLongitude": -96.010276, "eventDate": "2022-05-01T16:12:00Z", "countryCode": "US" }, "geometry": { "type": "Point", "coordinates": [ -96.010276, 41.191503 ] } },
{ "type": "Feature", "properties": { "decimalLatitude": 42.984258, "decimalLongitude": -79.223442, "eventDate": "2022-05-14T07:37:29Z", "countryCode": "CA" }, "geometry": { "type": "Point", "coordinates": [ -79.223442, 42.984258 ] } },
{ "type": "Feature", "properties": { "decimalLatitude": 39.351829, "decimalLongitude": -76.895671, "eventDate": "2022-05-18T10:26:00Z", "countryCode": "US" }, "geometry": { "type": "Point", "coordinates": [ -76.895671, 39.351829 ] } },
{ "type": "Feature", "properties": { "decimalLatitude": 43.207899, "decimalLongitude": -79.810444, "eventDate": "2022-05-17T15:20:32Z", "countryCode": "CA" }, "geometry": { "type": "Point", "coordinates": [ -79.810444, 43.207899 ] } },
{ "type": "Feature", "properties": { "decimalLatitude": 39.770304, "decimalLongitude": -78.295937, "eventDate": "2022-05-14T11:05:27Z", "countryCode": "US" }, "geometry": { "type": "Point", "coordinates": [ -78.295937, 39.770304 ] } },
{ "type": "Feature", "properties": { "decimalLatitude": 36.197628, "decimalLongitude": -81.608843, "eventDate": "2022-05-15T12:30:00Z", "countryCode": "US" }, "geometry": { "type": "Point", "coordinates": [ -81.608843, 36.197628 ] } },
{ "type": "Feature", "properties": { "decimalLatitude": 41.813558, "decimalLongitude": -72.267396, "eventDate": "2022-05-18T16:15:00Z", "countryCode": "US" }, "geometry": { "type": "Point", "coordinates": [ -72.267396, 41.813558 ] } },
{ "type": "Feature", "properties": { "decimalLatitude": 41.63589, "decimalLongitude": -70.552049, "eventDate": "2022-05-18T12:35:00Z", "countryCode": "US" }, "geometry": { "type": "Point", "coordinates": [ -70.552049, 41.63589 ] } },
{ "type": "Feature", "properties": { "decimalLatitude": 43.893893, "decimalLongitude": -77.277715, "eventDate": "2022-05-20T13:12:09Z", "countryCode": "CA" }, "geometry": { "type": "Point", "coordinates": [ -77.277715, 43.893893 ] } },
{ "type": "Feature", "properties": { "decimalLatitude": 43.399418, "decimalLongitude": -80.126068, "eventDate": "2022-05-25T14:32:00Z", "countryCode": "CA" }, "geometry": { "type": "Point", "coordinates": [ -80.126068, 43.399418 ] } },
{ "type": "Feature", "properties": { "decimalLatitude": 43.700329, "decimalLongitude": -79.332237, "eventDate": "2022-05-21T09:49:00Z", "countryCode": "CA" }, "geometry": { "type": "Point", "coordinates": [ -79.332237, 43.700329 ] } },
{ "type": "Feature", "properties": { "decimalLatitude": 42.450008, "decimalLongitude": -71.543807, "eventDate": "2022-05-25T11:40:00Z", "countryCode": "US" }, "geometry": { "type": "Point", "coordinates": [ -71.543807, 42.450008 ] } },
{ "type": "Feature", "properties": { "decimalLatitude": 43.354222, "decimalLongitude": -80.112556, "eventDate": "2022-05-23T14:08:00Z", "countryCode": "CA" }, "geometry": { "type": "Point", "coordinates": [ -80.112556, 43.354222 ] } },
{ "type": "Feature", "properties": { "decimalLatitude": 42.281879, "decimalLongitude": -71.18021, "eventDate": "2022-05-24T15:57:00Z", "countryCode": "US" }, "geometry": { "type": "Point", "coordinates": [ -71.18021, 42.281879 ] } },
{ "type": "Feature", "properties": { "decimalLatitude": 43.350038, "decimalLongitude": -80.11235, "eventDate": "2022-05-25T00:00:00Z", "countryCode": "CA" }, "geometry": { "type": "Point", "coordinates": [ -80.11235, 43.350038 ] } },
{ "type": "Feature", "properties": { "decimalLatitude": 43.255378, "decimalLongitude": -80.353796, "eventDate": "2022-05-23T15:32:00Z", "countryCode": "CA" }, "geometry": { "type": "Point", "coordinates": [ -80.353796, 43.255378 ] } },
{ "type": "Feature", "properties": { "decimalLatitude": 43.354028, "decimalLongitude": -80.112694, "eventDate": "2022-05-23T13:59:00Z", "countryCode": "CA" }, "geometry": { "type": "Point", "coordinates": [ -80.112694, 43.354028 ] } },
{ "type": "Feature", "properties": { "decimalLatitude": 43.70555, "decimalLongitude": -79.23966, "eventDate": "2022-05-23T09:41:00Z", "countryCode": "CA" }, "geometry": { "type": "Point", "coordinates": [ -79.23966, 43.70555 ] } },
{ "type": "Feature", "properties": { "decimalLatitude": 42.449123, "decimalLongitude": -71.549097, "eventDate": "2022-05-25T12:05:00Z", "countryCode": "US" }, "geometry": { "type": "Point", "coordinates": [ -71.549097, 42.449123 ] } },
{ "type": "Feature", "properties": { "decimalLatitude": 43.396464, "decimalLongitude": -80.126676, "eventDate": "2022-05-25T14:49:19Z", "countryCode": "CA" }, "geometry": { "type": "Point", "coordinates": [ -80.126676, 43.396464 ] } },
{ "type": "Feature", "properties": { "decimalLatitude": 44.47923, "decimalLongitude": -77.30293, "eventDate": "2022-05-16T10:57:00Z", "countryCode": "CA" }, "geometry": { "type": "Point", "coordinates": [ -77.30293, 44.47923 ] } },
{ "type": "Feature", "properties": { "decimalLatitude": 43.144878, "decimalLongitude": -80.766378, "eventDate": "2022-05-21T09:42:39Z", "countryCode": "CA" }, "geometry": { "type": "Point", "coordinates": [ -80.766378, 43.144878 ] } },
{ "type": "Feature", "properties": { "decimalLatitude": 43.396528, "decimalLongitude": -80.126391, "eventDate": "2022-05-25T14:50:13Z", "countryCode": "CA" }, "geometry": { "type": "Point", "coordinates": [ -80.126391, 43.396528 ] } },
{ "type": "Feature", "properties": { "decimalLatitude": 43.348222, "decimalLongitude": -80.1115, "eventDate": "2022-05-23T13:20:00Z", "countryCode": "CA" }, "geometry": { "type": "Point", "coordinates": [ -80.1115, 43.348222 ] } },
{ "type": "Feature", "properties": { "decimalLatitude": 43.491614, "decimalLongitude": -80.192084, "eventDate": "2022-05-22T21:19:00Z", "countryCode": "CA" }, "geometry": { "type": "Point", "coordinates": [ -80.192084, 43.491614 ] } },
{ "type": "Feature", "properties": { "decimalLatitude": 43.880906, "decimalLongitude": -79.700205, "eventDate": "2022-05-23T12:43:00Z", "countryCode": "CA" }, "geometry": { "type": "Point", "coordinates": [ -79.700205, 43.880906 ] } },
{ "type": "Feature", "properties": { "decimalLatitude": 43.814855, "decimalLongitude": -79.374652, "eventDate": "2022-05-24T16:18:00Z", "countryCode": "CA" }, "geometry": { "type": "Point", "coordinates": [ -79.374652, 43.814855 ] } },
{ "type": "Feature", "properties": { "decimalLatitude": 43.349479, "decimalLongitude": -80.110998, "eventDate": "2022-05-25T00:00:00Z", "countryCode": "CA" }, "geometry": { "type": "Point", "coordinates": [ -80.110998, 43.349479 ] } },
{ "type": "Feature", "properties": { "decimalLatitude": 43.413005, "decimalLongitude": -80.114093, "eventDate": "2022-05-30T10:08:00Z", "countryCode": "CA" }, "geometry": { "type": "Point", "coordinates": [ -80.114093, 43.413005 ] } },
{ "type": "Feature", "properties": { "decimalLatitude": 41.575949, "decimalLongitude": -87.861399, "eventDate": "2022-05-28T11:33:00Z", "countryCode": "US" }, "geometry": { "type": "Point", "coordinates": [ -87.861399, 41.575949 ] } },
{ "type": "Feature", "properties": { "decimalLatitude": 43.413059, "decimalLongitude": -80.114271, "eventDate": "2022-05-30T10:04:00Z", "countryCode": "CA" }, "geometry": { "type": "Point", "coordinates": [ -80.114271, 43.413059 ] } },
{ "type": "Feature", "properties": { "decimalLatitude": 43.419884, "decimalLongitude": -80.104408, "eventDate": "2022-05-30T09:28:00Z", "countryCode": "CA" }, "geometry": { "type": "Point", "coordinates": [ -80.104408, 43.419884 ] } },
{ "type": "Feature", "properties": { "decimalLatitude": 42.903176, "decimalLongitude": -71.799894, "eventDate": "2022-05-27T14:10:16Z", "countryCode": "US" }, "geometry": { "type": "Point", "coordinates": [ -71.799894, 42.903176 ] } },
{ "type": "Feature", "properties": { "decimalLatitude": 43.413001, "decimalLongitude": -80.114179, "eventDate": "2022-05-30T10:05:00Z", "countryCode": "CA" }, "geometry": { "type": "Point", "coordinates": [ -80.114179, 43.413001 ] } },
{ "type": "Feature", "properties": { "decimalLatitude": 44.269102, "decimalLongitude": -72.573047, "eventDate": "2022-05-28T15:17:03Z", "countryCode": "US" }, "geometry": { "type": "Point", "coordinates": [ -72.573047, 44.269102 ] } },
{ "type": "Feature", "properties": { "decimalLatitude": 43.350153, "decimalLongitude": -80.111792, "eventDate": "2022-05-25T00:00:00Z", "countryCode": "CA" }, "geometry": { "type": "Point", "coordinates": [ -80.111792, 43.350153 ] } },
{ "type": "Feature", "properties": { "decimalLatitude": 42.984317, "decimalLongitude": -71.26602, "eventDate": "2022-05-23T14:02:00Z", "countryCode": "US" }, "geometry": { "type": "Point", "coordinates": [ -71.26602, 42.984317 ] } },
{ "type": "Feature", "properties": { "decimalLatitude": 43.349479, "decimalLongitude": -80.111599, "eventDate": "2022-05-25T00:00:00Z", "countryCode": "CA" }, "geometry": { "type": "Point", "coordinates": [ -80.111599, 43.349479 ] } },
{ "type": "Feature", "properties": { "decimalLatitude": 43.865772, "decimalLongitude": -79.525086, "eventDate": "2022-05-28T11:43:00Z", "countryCode": "CA" }, "geometry": { "type": "Point", "coordinates": [ -79.525086, 43.865772 ] } },
{ "type": "Feature", "properties": { "decimalLatitude": 43.629632, "decimalLongitude": -80.022644, "eventDate": "2022-05-29T16:34:45Z", "countryCode": "CA" }, "geometry": { "type": "Point", "coordinates": [ -80.022644, 43.629632 ] } },
{ "type": "Feature", "properties": { "decimalLatitude": 43.183887, "decimalLongitude": -80.242586, "eventDate": "2022-05-27T15:16:00Z", "countryCode": "CA" }, "geometry": { "type": "Point", "coordinates": [ -80.242586, 43.183887 ] } },
{ "type": "Feature", "properties": { "decimalLatitude": 39.440262, "decimalLongitude": -88.145094, "eventDate": "2022-05-08T11:45:20Z", "countryCode": "US" }, "geometry": { "type": "Point", "coordinates": [ -88.145094, 39.440262 ] } },
{ "type": "Feature", "properties": { "decimalLatitude": 37.203846, "decimalLongitude": -80.401264, "eventDate": "2022-05-12T12:09:00Z", "countryCode": "US" }, "geometry": { "type": "Point", "coordinates": [ -80.401264, 37.203846 ] } },
{ "type": "Feature", "properties": { "decimalLatitude": 45.199589, "decimalLongitude": -69.240148, "eventDate": "2022-05-22T10:22:00Z", "countryCode": "US" }, "geometry": { "type": "Point", "coordinates": [ -69.240148, 45.199589 ] } },
{ "type": "Feature", "properties": { "decimalLatitude": 40.315979, "decimalLongitude": -75.920755, "eventDate": "2022-05-19T14:52:00Z", "countryCode": "US" }, "geometry": { "type": "Point", "coordinates": [ -75.920755, 40.315979 ] } },
{ "type": "Feature", "properties": { "decimalLatitude": 40.316045, "decimalLongitude": -75.920669, "eventDate": "2022-05-19T15:33:00Z", "countryCode": "US" }, "geometry": { "type": "Point", "coordinates": [ -75.920669, 40.316045 ] } },
{ "type": "Feature", "properties": { "decimalLatitude": 44.592614, "decimalLongitude": -76.409139, "eventDate": "2022-05-15T08:22:00Z", "countryCode": "CA" }, "geometry": { "type": "Point", "coordinates": [ -76.409139, 44.592614 ] } },
{ "type": "Feature", "properties": { "decimalLatitude": 43.626844, "decimalLongitude": -79.330725, "eventDate": "2022-05-23T12:22:00Z", "countryCode": "CA" }, "geometry": { "type": "Point", "coordinates": [ -79.330725, 43.626844 ] } },
{ "type": "Feature", "properties": { "decimalLatitude": 40.813481, "decimalLongitude": -77.837093, "eventDate": "2022-05-15T10:28:46Z", "countryCode": "US" }, "geometry": { "type": "Point", "coordinates": [ -77.837093, 40.813481 ] } },
{ "type": "Feature", "properties": { "decimalLatitude": 40.290761, "decimalLongitude": -75.140298, "eventDate": "2022-05-09T14:28:00Z", "countryCode": "US" }, "geometry": { "type": "Point", "coordinates": [ -75.140298, 40.290761 ] } },
{ "type": "Feature", "properties": { "decimalLatitude": 41.447373, "decimalLongitude": -82.015838, "eventDate": "2022-05-19T14:27:00Z", "countryCode": "US" }, "geometry": { "type": "Point", "coordinates": [ -82.015838, 41.447373 ] } },
{ "type": "Feature", "properties": { "decimalLatitude": 41.215183, "decimalLongitude": -74.113628, "eventDate": "2022-05-27T11:32:00Z", "countryCode": "US" }, "geometry": { "type": "Point", "coordinates": [ -74.113628, 41.215183 ] } },
{ "type": "Feature", "properties": { "decimalLatitude": 41.041159, "decimalLongitude": -73.934892, "eventDate": "2022-05-26T13:35:29Z", "countryCode": "US" }, "geometry": { "type": "Point", "coordinates": [ -73.934892, 41.041159 ] } },
{ "type": "Feature", "properties": { "decimalLatitude": 41.432236, "decimalLongitude": -81.664665, "eventDate": "2022-05-07T14:18:00Z", "countryCode": "US" }, "geometry": { "type": "Point", "coordinates": [ -81.664665, 41.432236 ] } },
{ "type": "Feature", "properties": { "decimalLatitude": 42.08972, "decimalLongitude": -82.452527, "eventDate": "2022-05-15T16:04:00Z", "countryCode": "CA" }, "geometry": { "type": "Point", "coordinates": [ -82.452527, 42.08972 ] } },
{ "type": "Feature", "properties": { "decimalLatitude": 40.250018, "decimalLongitude": -76.580837, "eventDate": "2022-05-01T11:21:39Z", "countryCode": "US" }, "geometry": { "type": "Point", "coordinates": [ -76.580837, 40.250018 ] } },
{ "type": "Feature", "properties": { "decimalLatitude": 41.339404, "decimalLongitude": -82.033051, "eventDate": "2022-05-21T08:24:16Z", "countryCode": "US" }, "geometry": { "type": "Point", "coordinates": [ -82.033051, 41.339404 ] } },
{ "type": "Feature", "properties": { "decimalLatitude": 39.663676, "decimalLongitude": -78.361795, "eventDate": "2022-05-14T09:57:00Z", "countryCode": "US" }, "geometry": { "type": "Point", "coordinates": [ -78.361795, 39.663676 ] } },
{ "type": "Feature", "properties": { "decimalLatitude": 36.866691, "decimalLongitude": -88.083219, "eventDate": "2022-05-18T17:38:01Z", "countryCode": "US" }, "geometry": { "type": "Point", "coordinates": [ -88.083219, 36.866691 ] } },
{ "type": "Feature", "properties": { "decimalLatitude": 42.089523, "decimalLongitude": -82.453292, "eventDate": "2022-05-15T16:07:00Z", "countryCode": "CA" }, "geometry": { "type": "Point", "coordinates": [ -82.453292, 42.089523 ] } },
{ "type": "Feature", "properties": { "decimalLatitude": 40.622327, "decimalLongitude": -79.142014, "eventDate": "2022-05-19T15:03:52Z", "countryCode": "US" }, "geometry": { "type": "Point", "coordinates": [ -79.142014, 40.622327 ] } },
{ "type": "Feature", "properties": { "decimalLatitude": 43.907903, "decimalLongitude": -78.98294, "eventDate": "2022-05-23T13:41:00Z", "countryCode": "CA" }, "geometry": { "type": "Point", "coordinates": [ -78.98294, 43.907903 ] } },
{ "type": "Feature", "properties": { "decimalLatitude": 41.179753, "decimalLongitude": -95.917833, "eventDate": "2022-05-06T00:32:00Z", "countryCode": "US" }, "geometry": { "type": "Point", "coordinates": [ -95.917833, 41.179753 ] } },
{ "type": "Feature", "properties": { "decimalLatitude": 29.581926, "decimalLongitude": -95.414226, "eventDate": "2022-05-11T11:06:00Z", "countryCode": "US" }, "geometry": { "type": "Point", "coordinates": [ -95.414226, 29.581926 ] } },
{ "type": "Feature", "properties": { "decimalLatitude": 29.470634, "decimalLongitude": -95.123506, "eventDate": "2022-05-02T10:08:00Z", "countryCode": "US" }, "geometry": { "type": "Point", "coordinates": [ -95.123506, 29.470634 ] } },
{ "type": "Feature", "properties": { "decimalLatitude": 29.302415, "decimalLongitude": -95.764703, "eventDate": "2022-05-26T10:26:00Z", "countryCode": "US" }, "geometry": { "type": "Point", "coordinates": [ -95.764703, 29.302415 ] } },
{ "type": "Feature", "properties": { "decimalLatitude": 43.546696, "decimalLongitude": -80.179484, "eventDate": "2022-06-02T21:39:00Z", "countryCode": "CA" }, "geometry": { "type": "Point", "coordinates": [ -80.179484, 43.546696 ] } },
{ "type": "Feature", "properties": { "decimalLatitude": 43.011513, "decimalLongitude": -82.350286, "eventDate": "2022-06-07T17:55:00Z", "countryCode": "CA" }, "geometry": { "type": "Point", "coordinates": [ -82.350286, 43.011513 ] } },
{ "type": "Feature", "properties": { "decimalLatitude": 42.234778, "decimalLongitude": -71.774755, "eventDate": "2022-06-06T15:34:00Z", "countryCode": "US" }, "geometry": { "type": "Point", "coordinates": [ -71.774755, 42.234778 ] } },
{ "type": "Feature", "properties": { "decimalLatitude": 43.325995, "decimalLongitude": -79.809013, "eventDate": "2022-06-01T08:04:37Z", "countryCode": "CA" }, "geometry": { "type": "Point", "coordinates": [ -79.809013, 43.325995 ] } },
{ "type": "Feature", "properties": { "decimalLatitude": 38.675709, "decimalLongitude": -77.20123, "eventDate": "2022-06-24T09:00:00Z", "countryCode": "US" }, "geometry": { "type": "Point", "coordinates": [ -77.20123, 38.675709 ] } },
{ "type": "Feature", "properties": { "decimalLatitude": 38.808782, "decimalLongitude": -77.314657, "eventDate": "2022-06-19T13:34:00Z", "countryCode": "US" }, "geometry": { "type": "Point", "coordinates": [ -77.314657, 38.808782 ] } },
{ "type": "Feature", "properties": { "decimalLatitude": 40.719668, "decimalLongitude": -81.513342, "eventDate": "2022-06-29T12:14:00Z", "countryCode": "US" }, "geometry": { "type": "Point", "coordinates": [ -81.513342, 40.719668 ] } },
{ "type": "Feature", "properties": { "decimalLatitude": 39.294462, "decimalLongitude": -84.695247, "eventDate": "2022-06-19T15:02:00Z", "countryCode": "US" }, "geometry": { "type": "Point", "coordinates": [ -84.695247, 39.294462 ] } },
{ "type": "Feature", "properties": { "decimalLatitude": 39.947517, "decimalLongitude": -76.436407, "eventDate": "2022-06-27T12:42:24Z", "countryCode": "US" }, "geometry": { "type": "Point", "coordinates": [ -76.436407, 39.947517 ] } },
{ "type": "Feature", "properties": { "decimalLatitude": 39.164698, "decimalLongitude": -84.286579, "eventDate": "2022-06-28T14:55:00Z", "countryCode": "US" }, "geometry": { "type": "Point", "coordinates": [ -84.286579, 39.164698 ] } },
{ "type": "Feature", "properties": { "decimalLatitude": 29.718062, "decimalLongitude": -95.636246, "eventDate": "2022-06-17T08:17:00Z", "countryCode": "US" }, "geometry": { "type": "Point", "coordinates": [ -95.636246, 29.718062 ] } },
{ "type": "Feature", "properties": { "decimalLatitude": 38.263654, "decimalLongitude": -85.72101, "eventDate": "2022-06-19T13:39:00Z", "countryCode": "US" }, "geometry": { "type": "Point", "coordinates": [ -85.72101, 38.263654 ] } },
{ "type": "Feature", "properties": { "decimalLatitude": 43.040293, "decimalLongitude": -81.182003, "eventDate": "2022-06-11T13:09:00Z", "countryCode": "CA" }, "geometry": { "type": "Point", "coordinates": [ -81.182003, 43.040293 ] } },
{ "type": "Feature", "properties": { "decimalLatitude": 41.073363, "decimalLongitude": -81.431416, "eventDate": "2022-06-29T19:41:00Z", "countryCode": "US" }, "geometry": { "type": "Point", "coordinates": [ -81.431416, 41.073363 ] } },
{ "type": "Feature", "properties": { "decimalLatitude": 43.506338, "decimalLongitude": -79.96177, "eventDate": "2022-06-09T13:51:30Z", "countryCode": "CA" }, "geometry": { "type": "Point", "coordinates": [ -79.96177, 43.506338 ] } },
{ "type": "Feature", "properties": { "decimalLatitude": 39.95165, "decimalLongitude": -82.922299, "eventDate": "2022-06-25T10:10:38Z", "countryCode": "US" }, "geometry": { "type": "Point", "coordinates": [ -82.922299, 39.95165 ] } },
{ "type": "Feature", "properties": { "decimalLatitude": 30.346319, "decimalLongitude": -86.129059, "eventDate": "2022-06-29T09:33:00Z", "countryCode": "US" }, "geometry": { "type": "Point", "coordinates": [ -86.129059, 30.346319 ] } },
{ "type": "Feature", "properties": { "decimalLatitude": 43.961818, "decimalLongitude": -79.976902, "eventDate": "2022-06-05T00:00:00Z", "countryCode": "CA" }, "geometry": { "type": "Point", "coordinates": [ -79.976902, 43.961818 ] } },
{ "type": "Feature", "properties": { "decimalLatitude": 39.461285, "decimalLongitude": -88.155386, "eventDate": "2022-06-18T13:30:23Z", "countryCode": "US" }, "geometry": { "type": "Point", "coordinates": [ -88.155386, 39.461285 ] } },
{ "type": "Feature", "properties": { "decimalLatitude": 43.25497, "decimalLongitude": -79.963997, "eventDate": "2022-06-12T10:39:56Z", "countryCode": "CA" }, "geometry": { "type": "Point", "coordinates": [ -79.963997, 43.25497 ] } },
{ "type": "Feature", "properties": { "decimalLatitude": 38.215627, "decimalLongitude": -85.474931, "eventDate": "2022-06-26T11:52:13Z", "countryCode": "US" }, "geometry": { "type": "Point", "coordinates": [ -85.474931, 38.215627 ] } },
{ "type": "Feature", "properties": { "decimalLatitude": 39.839148, "decimalLongitude": -77.240732, "eventDate": "2022-06-29T13:01:49Z", "countryCode": "US" }, "geometry": { "type": "Point", "coordinates": [ -77.240732, 39.839148 ] } },
{ "type": "Feature", "properties": { "decimalLatitude": 39.275612, "decimalLongitude": -84.68967, "eventDate": "2022-06-25T12:40:00Z", "countryCode": "US" }, "geometry": { "type": "Point", "coordinates": [ -84.68967, 39.275612 ] } },
{ "type": "Feature", "properties": { "decimalLatitude": 39.225135, "decimalLongitude": -76.680208, "eventDate": "2022-06-18T07:44:00Z", "countryCode": "US" }, "geometry": { "type": "Point", "coordinates": [ -76.680208, 39.225135 ] } },
{ "type": "Feature", "properties": { "decimalLatitude": 39.081647, "decimalLongitude": -77.404131, "eventDate": "2022-06-25T10:37:00Z", "countryCode": "US" }, "geometry": { "type": "Point", "coordinates": [ -77.404131, 39.081647 ] } },
{ "type": "Feature", "properties": { "decimalLatitude": 39.080669, "decimalLongitude": -76.92324, "eventDate": "2022-06-27T10:44:00Z", "countryCode": "US" }, "geometry": { "type": "Point", "coordinates": [ -76.92324, 39.080669 ] } },
{ "type": "Feature", "properties": { "decimalLatitude": 38.64443, "decimalLongitude": -77.236809, "eventDate": "2022-06-24T09:10:00Z", "countryCode": "US" }, "geometry": { "type": "Point", "coordinates": [ -77.236809, 38.64443 ] } },
{ "type": "Feature", "properties": { "decimalLatitude": 38.706174, "decimalLongitude": -77.246192, "eventDate": "2022-06-25T10:29:00Z", "countryCode": "US" }, "geometry": { "type": "Point", "coordinates": [ -77.246192, 38.706174 ] } },
{ "type": "Feature", "properties": { "decimalLatitude": 38.381863, "decimalLongitude": -78.837523, "eventDate": "2022-06-25T19:41:00Z", "countryCode": "US" }, "geometry": { "type": "Point", "coordinates": [ -78.837523, 38.381863 ] } },
{ "type": "Feature", "properties": { "decimalLatitude": 37.250621, "decimalLongitude": -80.42602, "eventDate": "2022-06-24T12:42:00Z", "countryCode": "US" }, "geometry": { "type": "Point", "coordinates": [ -80.42602, 37.250621 ] } },
{ "type": "Feature", "properties": { "decimalLatitude": 38.69329, "decimalLongitude": -77.255757, "eventDate": "2022-06-19T12:47:00Z", "countryCode": "US" }, "geometry": { "type": "Point", "coordinates": [ -77.255757, 38.69329 ] } },
{ "type": "Feature", "properties": { "decimalLatitude": 39.209465, "decimalLongitude": -76.856151, "eventDate": "2022-06-02T10:41:00Z", "countryCode": "US" }, "geometry": { "type": "Point", "coordinates": [ -76.856151, 39.209465 ] } },
{ "type": "Feature", "properties": { "decimalLatitude": 39.041492, "decimalLongitude": -77.426262, "eventDate": "2022-06-27T15:57:22Z", "countryCode": "US" }, "geometry": { "type": "Point", "coordinates": [ -77.426262, 39.041492 ] } },
{ "type": "Feature", "properties": { "decimalLatitude": 37.233327, "decimalLongitude": -80.444649, "eventDate": "2022-06-23T11:24:00Z", "countryCode": "US" }, "geometry": { "type": "Point", "coordinates": [ -80.444649, 37.233327 ] } },
{ "type": "Feature", "properties": { "decimalLatitude": 38.647212, "decimalLongitude": -77.232302, "eventDate": "2022-06-25T11:11:00Z", "countryCode": "US" }, "geometry": { "type": "Point", "coordinates": [ -77.232302, 38.647212 ] } },
{ "type": "Feature", "properties": { "decimalLatitude": 38.641663, "decimalLongitude": -77.232697, "eventDate": "2022-06-26T08:48:27Z", "countryCode": "US" }, "geometry": { "type": "Point", "coordinates": [ -77.232697, 38.641663 ] } },
{ "type": "Feature", "properties": { "decimalLatitude": 37.208483, "decimalLongitude": -80.421746, "eventDate": "2022-06-29T10:45:00Z", "countryCode": "US" }, "geometry": { "type": "Point", "coordinates": [ -80.421746, 37.208483 ] } },
{ "type": "Feature", "properties": { "decimalLatitude": 39.879986, "decimalLongitude": -75.909986, "eventDate": "2022-06-22T10:20:00Z", "countryCode": "US" }, "geometry": { "type": "Point", "coordinates": [ -75.909986, 39.879986 ] } },
{ "type": "Feature", "properties": { "decimalLatitude": 38.64443, "decimalLongitude": -77.236809, "eventDate": "2022-06-17T08:47:00Z", "countryCode": "US" }, "geometry": { "type": "Point", "coordinates": [ -77.236809, 38.64443 ] } },
{ "type": "Feature", "properties": { "decimalLatitude": 37.210746, "decimalLongitude": -80.463839, "eventDate": "2022-06-21T14:14:00Z", "countryCode": "US" }, "geometry": { "type": "Point", "coordinates": [ -80.463839, 37.210746 ] } },
{ "type": "Feature", "properties": { "decimalLatitude": 38.693393, "decimalLongitude": -77.255925, "eventDate": "2022-06-18T11:17:00Z", "countryCode": "US" }, "geometry": { "type": "Point", "coordinates": [ -77.255925, 38.693393 ] } },
{ "type": "Feature", "properties": { "decimalLatitude": 37.34398, "decimalLongitude": -80.328419, "eventDate": "2022-06-21T09:45:00Z", "countryCode": "US" }, "geometry": { "type": "Point", "coordinates": [ -80.328419, 37.34398 ] } },
{ "type": "Feature", "properties": { "decimalLatitude": 38.643306, "decimalLongitude": -77.238424, "eventDate": "2022-06-17T10:47:00Z", "countryCode": "US" }, "geometry": { "type": "Point", "coordinates": [ -77.238424, 38.643306 ] } },
{ "type": "Feature", "properties": { "decimalLatitude": 38.69329, "decimalLongitude": -77.255757, "eventDate": "2022-06-10T13:24:00Z", "countryCode": "US" }, "geometry": { "type": "Point", "coordinates": [ -77.255757, 38.69329 ] } },
{ "type": "Feature", "properties": { "decimalLatitude": 37.403984, "decimalLongitude": -79.233792, "eventDate": "2022-06-20T13:49:00Z", "countryCode": "US" }, "geometry": { "type": "Point", "coordinates": [ -79.233792, 37.403984 ] } },
{ "type": "Feature", "properties": { "decimalLatitude": 39.143754, "decimalLongitude": -79.507369, "eventDate": "2022-06-10T14:06:00Z", "countryCode": "US" }, "geometry": { "type": "Point", "coordinates": [ -79.507369, 39.143754 ] } },
{ "type": "Feature", "properties": { "decimalLatitude": 35.92243, "decimalLongitude": -82.857373, "eventDate": "2022-06-11T11:46:00Z", "countryCode": "US" }, "geometry": { "type": "Point", "coordinates": [ -82.857373, 35.92243 ] } },
{ "type": "Feature", "properties": { "decimalLatitude": 35.921755, "decimalLongitude": -82.173845, "eventDate": "2022-06-29T12:38:27Z", "countryCode": "US" }, "geometry": { "type": "Point", "coordinates": [ -82.173845, 35.921755 ] } },
{ "type": "Feature", "properties": { "decimalLatitude": 43.517336, "decimalLongitude": -79.669972, "eventDate": "2022-06-05T15:14:00Z", "countryCode": "CA" }, "geometry": { "type": "Point", "coordinates": [ -79.669972, 43.517336 ] } },
{ "type": "Feature", "properties": { "decimalLatitude": 38.312616, "decimalLongitude": -82.35318, "eventDate": "2022-06-19T12:11:00Z", "countryCode": "US" }, "geometry": { "type": "Point", "coordinates": [ -82.35318, 38.312616 ] } },
{ "type": "Feature", "properties": { "decimalLatitude": 41.209888, "decimalLongitude": -75.393515, "eventDate": "2022-06-14T13:53:00Z", "countryCode": "US" }, "geometry": { "type": "Point", "coordinates": [ -75.393515, 41.209888 ] } },
{ "type": "Feature", "properties": { "decimalLatitude": 39.947382, "decimalLongitude": -76.436536, "eventDate": "2022-06-28T12:05:23Z", "countryCode": "US" }, "geometry": { "type": "Point", "coordinates": [ -76.436536, 39.947382 ] } },
{ "type": "Feature", "properties": { "decimalLatitude": 40.328416, "decimalLongitude": -76.779985, "eventDate": "2022-06-27T13:07:00Z", "countryCode": "US" }, "geometry": { "type": "Point", "coordinates": [ -76.779985, 40.328416 ] } },
{ "type": "Feature", "properties": { "decimalLatitude": 39.879986, "decimalLongitude": -75.909986, "eventDate": "2022-06-11T16:39:00Z", "countryCode": "US" }, "geometry": { "type": "Point", "coordinates": [ -75.909986, 39.879986 ] } },
{ "type": "Feature", "properties": { "decimalLatitude": 39.869587, "decimalLongitude": -90.402126, "eventDate": "2022-06-22T11:36:00Z", "countryCode": "US" }, "geometry": { "type": "Point", "coordinates": [ -90.402126, 39.869587 ] } },
{ "type": "Feature", "properties": { "decimalLatitude": 39.879986, "decimalLongitude": -75.909986, "eventDate": "2022-06-11T16:08:00Z", "countryCode": "US" }, "geometry": { "type": "Point", "coordinates": [ -75.909986, 39.879986 ] } },
{ "type": "Feature", "properties": { "decimalLatitude": 43.514175, "decimalLongitude": -72.119994, "eventDate": "2022-06-19T15:48:00Z", "countryCode": "US" }, "geometry": { "type": "Point", "coordinates": [ -72.119994, 43.514175 ] } },
{ "type": "Feature", "properties": { "decimalLatitude": 41.670038, "decimalLongitude": -70.563545, "eventDate": "2022-06-29T20:19:00Z", "countryCode": "US" }, "geometry": { "type": "Point", "coordinates": [ -70.563545, 41.670038 ] } },
{ "type": "Feature", "properties": { "decimalLatitude": 42.435467, "decimalLongitude": -71.199545, "eventDate": "2022-06-07T11:41:00Z", "countryCode": "US" }, "geometry": { "type": "Point", "coordinates": [ -71.199545, 42.435467 ] } },
{ "type": "Feature", "properties": { "decimalLatitude": 41.402383, "decimalLongitude": -70.593198, "eventDate": "2022-06-26T08:14:00Z", "countryCode": "US" }, "geometry": { "type": "Point", "coordinates": [ -70.593198, 41.402383 ] } },
{ "type": "Feature", "properties": { "decimalLatitude": 40.776326, "decimalLongitude": -77.780348, "eventDate": "2022-06-08T12:48:46Z", "countryCode": "US" }, "geometry": { "type": "Point", "coordinates": [ -77.780348, 40.776326 ] } },
{ "type": "Feature", "properties": { "decimalLatitude": 44.300266, "decimalLongitude": -72.581111, "eventDate": "2022-06-04T11:30:00Z", "countryCode": "US" }, "geometry": { "type": "Point", "coordinates": [ -72.581111, 44.300266 ] } },
{ "type": "Feature", "properties": { "decimalLatitude": 43.006872, "decimalLongitude": -82.353468, "eventDate": "2022-06-09T11:59:00Z", "countryCode": "CA" }, "geometry": { "type": "Point", "coordinates": [ -82.353468, 43.006872 ] } },
{ "type": "Feature", "properties": { "decimalLatitude": 40.065093, "decimalLongitude": -76.228308, "eventDate": "2022-06-27T12:14:24Z", "countryCode": "US" }, "geometry": { "type": "Point", "coordinates": [ -76.228308, 40.065093 ] } },
{ "type": "Feature", "properties": { "decimalLatitude": 40.680928, "decimalLongitude": -89.592815, "eventDate": "2022-06-25T14:58:40Z", "countryCode": "US" }, "geometry": { "type": "Point", "coordinates": [ -89.592815, 40.680928 ] } },
{ "type": "Feature", "properties": { "decimalLatitude": 38.822064, "decimalLongitude": -77.054054, "eventDate": "2022-06-21T11:40:16Z", "countryCode": "US" }, "geometry": { "type": "Point", "coordinates": [ -77.054054, 38.822064 ] } },
{ "type": "Feature", "properties": { "decimalLatitude": 41.234332, "decimalLongitude": -95.916497, "eventDate": "2022-06-20T11:15:00Z", "countryCode": "US" }, "geometry": { "type": "Point", "coordinates": [ -95.916497, 41.234332 ] } },
{ "type": "Feature", "properties": { "decimalLatitude": 41.234332, "decimalLongitude": -95.916497, "eventDate": "2022-06-20T11:14:00Z", "countryCode": "US" }, "geometry": { "type": "Point", "coordinates": [ -95.916497, 41.234332 ] } },
{ "type": "Feature", "properties": { "decimalLatitude": 38.650362, "decimalLongitude": -77.227582, "eventDate": "2022-06-25T11:01:00Z", "countryCode": "US" }, "geometry": { "type": "Point", "coordinates": [ -77.227582, 38.650362 ] } },
{ "type": "Feature", "properties": { "decimalLatitude": 29.510178, "decimalLongitude": -95.135129, "eventDate": "2022-06-07T18:57:00Z", "countryCode": "US" }, "geometry": { "type": "Point", "coordinates": [ -95.135129, 29.510178 ] } },
{ "type": "Feature", "properties": { "decimalLatitude": 40.138699, "decimalLongitude": -76.297187, "eventDate": "2022-07-02T09:39:19Z", "countryCode": "US" }, "geometry": { "type": "Point", "coordinates": [ -76.297187, 40.138699 ] } },
{ "type": "Feature", "properties": { "decimalLatitude": 39.054822, "decimalLongitude": -79.420847, "eventDate": "2022-07-02T13:17:00Z", "countryCode": "US" }, "geometry": { "type": "Point", "coordinates": [ -79.420847, 39.054822 ] } },
{ "type": "Feature", "properties": { "decimalLatitude": 40.671386, "decimalLongitude": -81.350524, "eventDate": "2022-07-04T11:52:00Z", "countryCode": "US" }, "geometry": { "type": "Point", "coordinates": [ -81.350524, 40.671386 ] } },
{ "type": "Feature", "properties": { "decimalLatitude": 40.623999, "decimalLongitude": -80.033439, "eventDate": "2022-07-01T13:49:00Z", "countryCode": "US" }, "geometry": { "type": "Point", "coordinates": [ -80.033439, 40.623999 ] } },
{ "type": "Feature", "properties": { "decimalLatitude": 41.762257, "decimalLongitude": -81.284723, "eventDate": "2022-07-02T12:32:40Z", "countryCode": "US" }, "geometry": { "type": "Point", "coordinates": [ -81.284723, 41.762257 ] } },
{ "type": "Feature", "properties": { "decimalLatitude": 41.606262, "decimalLongitude": -87.68831, "eventDate": "2022-07-02T13:10:00Z", "countryCode": "US" }, "geometry": { "type": "Point", "coordinates": [ -87.68831, 41.606262 ] } },
{ "type": "Feature", "properties": { "decimalLatitude": 41.250705, "decimalLongitude": -81.410003, "eventDate": "2022-07-06T13:16:07Z", "countryCode": "US" }, "geometry": { "type": "Point", "coordinates": [ -81.410003, 41.250705 ] } },
{ "type": "Feature", "properties": { "decimalLatitude": 39.939788, "decimalLongitude": -75.591668, "eventDate": "2022-07-05T10:15:00Z", "countryCode": "US" }, "geometry": { "type": "Point", "coordinates": [ -75.591668, 39.939788 ] } },
{ "type": "Feature", "properties": { "decimalLatitude": 41.607276, "decimalLongitude": -87.68454, "eventDate": "2022-07-02T12:36:13Z", "countryCode": "US" }, "geometry": { "type": "Point", "coordinates": [ -87.68454, 41.607276 ] } },
{ "type": "Feature", "properties": { "decimalLatitude": 41.008961, "decimalLongitude": -81.396223, "eventDate": "2022-07-13T11:38:00Z", "countryCode": "US" }, "geometry": { "type": "Point", "coordinates": [ -81.396223, 41.008961 ] } },
{ "type": "Feature", "properties": { "decimalLatitude": 40.078495, "decimalLongitude": -76.275581, "eventDate": "2022-07-08T10:21:06Z", "countryCode": "US" }, "geometry": { "type": "Point", "coordinates": [ -76.275581, 40.078495 ] } },
{ "type": "Feature", "properties": { "decimalLatitude": 41.627842, "decimalLongitude": -93.500345, "eventDate": "2022-07-07T11:44:00Z", "countryCode": "US" }, "geometry": { "type": "Point", "coordinates": [ -93.500345, 41.627842 ] } },
{ "type": "Feature", "properties": { "decimalLatitude": 42.231687, "decimalLongitude": -71.766175, "eventDate": "2022-07-07T14:04:00Z", "countryCode": "US" }, "geometry": { "type": "Point", "coordinates": [ -71.766175, 42.231687 ] } },
{ "type": "Feature", "properties": { "decimalLatitude": 43.517333, "decimalLongitude": -79.669632, "eventDate": "2022-07-09T15:31:00Z", "countryCode": "CA" }, "geometry": { "type": "Point", "coordinates": [ -79.669632, 43.517333 ] } },
{ "type": "Feature", "properties": { "decimalLatitude": 40.863702, "decimalLongitude": -73.878769, "eventDate": "2022-07-15T16:10:00Z", "countryCode": "US" }, "geometry": { "type": "Point", "coordinates": [ -73.878769, 40.863702 ] } },
{ "type": "Feature", "properties": { "decimalLatitude": 43.293919, "decimalLongitude": -79.884092, "eventDate": "2022-07-13T07:56:00Z", "countryCode": "CA" }, "geometry": { "type": "Point", "coordinates": [ -79.884092, 43.293919 ] } },
{ "type": "Feature", "properties": { "decimalLatitude": 43.392812, "decimalLongitude": -80.428791, "eventDate": "2022-07-21T12:46:24Z", "countryCode": "CA" }, "geometry": { "type": "Point", "coordinates": [ -80.428791, 43.392812 ] } },
{ "type": "Feature", "properties": { "decimalLatitude": 43.294413, "decimalLongitude": -79.92402, "eventDate": "2022-07-15T11:22:59Z", "countryCode": "CA" }, "geometry": { "type": "Point", "coordinates": [ -79.92402, 43.294413 ] } },
{ "type": "Feature", "properties": { "decimalLatitude": 42.998657, "decimalLongitude": -70.94363, "eventDate": "2022-07-22T17:00:29Z", "countryCode": "US" }, "geometry": { "type": "Point", "coordinates": [ -70.94363, 42.998657 ] } },
{ "type": "Feature", "properties": { "decimalLatitude": 43.596514, "decimalLongitude": -79.636124, "eventDate": "2022-07-22T11:52:25Z", "countryCode": "CA" }, "geometry": { "type": "Point", "coordinates": [ -79.636124, 43.596514 ] } },
{ "type": "Feature", "properties": { "decimalLatitude": 43.698297, "decimalLongitude": -79.304312, "eventDate": "2022-07-14T14:13:00Z", "countryCode": "CA" }, "geometry": { "type": "Point", "coordinates": [ -79.304312, 43.698297 ] } },
{ "type": "Feature", "properties": { "decimalLatitude": 41.815081, "decimalLongitude": -88.065875, "eventDate": "2022-07-09T16:35:00Z", "countryCode": "US" }, "geometry": { "type": "Point", "coordinates": [ -88.065875, 41.815081 ] } },
{ "type": "Feature", "properties": { "decimalLatitude": 41.750379, "decimalLongitude": -72.181017, "eventDate": "2022-07-13T17:16:00Z", "countryCode": "US" }, "geometry": { "type": "Point", "coordinates": [ -72.181017, 41.750379 ] } },
{ "type": "Feature", "properties": { "decimalLatitude": 43.821759, "decimalLongitude": -79.587781, "eventDate": "2022-07-25T10:57:00Z", "countryCode": "CA" }, "geometry": { "type": "Point", "coordinates": [ -79.587781, 43.821759 ] } },
{ "type": "Feature", "properties": { "decimalLatitude": 43.022621, "decimalLongitude": -82.239545, "eventDate": "2022-07-16T14:43:00Z", "countryCode": "CA" }, "geometry": { "type": "Point", "coordinates": [ -82.239545, 43.022621 ] } },
{ "type": "Feature", "properties": { "decimalLatitude": 40.669643, "decimalLongitude": -75.833207, "eventDate": "2022-07-25T12:46:10Z", "countryCode": "US" }, "geometry": { "type": "Point", "coordinates": [ -75.833207, 40.669643 ] } },
{ "type": "Feature", "properties": { "decimalLatitude": 41.750379, "decimalLongitude": -72.181017, "eventDate": "2022-07-13T16:57:00Z", "countryCode": "US" }, "geometry": { "type": "Point", "coordinates": [ -72.181017, 41.750379 ] } },
{ "type": "Feature", "properties": { "decimalLatitude": 41.102783, "decimalLongitude": -73.39595, "eventDate": "2022-07-14T11:39:41Z", "countryCode": "US" }, "geometry": { "type": "Point", "coordinates": [ -73.39595, 41.102783 ] } },
{ "type": "Feature", "properties": { "decimalLatitude": 43.255103, "decimalLongitude": -79.963905, "eventDate": "2022-07-12T12:07:20Z", "countryCode": "CA" }, "geometry": { "type": "Point", "coordinates": [ -79.963905, 43.255103 ] } },
{ "type": "Feature", "properties": { "decimalLatitude": 42.570808, "decimalLongitude": -72.406342, "eventDate": "2022-07-22T15:13:57Z", "countryCode": "US" }, "geometry": { "type": "Point", "coordinates": [ -72.406342, 42.570808 ] } },
{ "type": "Feature", "properties": { "decimalLatitude": 37.817187, "decimalLongitude": -84.763322, "eventDate": "2022-07-23T11:02:26Z", "countryCode": "US" }, "geometry": { "type": "Point", "coordinates": [ -84.763322, 37.817187 ] } },
{ "type": "Feature", "properties": { "decimalLatitude": 43.08709, "decimalLongitude": -72.51552, "eventDate": "2022-07-15T12:55:16Z", "countryCode": "US" }, "geometry": { "type": "Point", "coordinates": [ -72.51552, 43.08709 ] } },
{ "type": "Feature", "properties": { "decimalLatitude": 40.798811, "decimalLongitude": -96.649714, "eventDate": "2022-07-12T10:07:23Z", "countryCode": "US" }, "geometry": { "type": "Point", "coordinates": [ -96.649714, 40.798811 ] } },
{ "type": "Feature", "properties": { "decimalLatitude": 43.254953, "decimalLongitude": -79.96402, "eventDate": "2022-07-11T14:41:58Z", "countryCode": "CA" }, "geometry": { "type": "Point", "coordinates": [ -79.96402, 43.254953 ] } },
{ "type": "Feature", "properties": { "decimalLatitude": 44.600889, "decimalLongitude": -76.796343, "eventDate": "2022-07-11T13:25:00Z", "countryCode": "CA" }, "geometry": { "type": "Point", "coordinates": [ -76.796343, 44.600889 ] } },
{ "type": "Feature", "properties": { "decimalLatitude": 41.973147, "decimalLongitude": -87.988673, "eventDate": "2022-07-06T14:36:54Z", "countryCode": "US" }, "geometry": { "type": "Point", "coordinates": [ -87.988673, 41.973147 ] } },
{ "type": "Feature", "properties": { "decimalLatitude": 43.570245, "decimalLongitude": -79.690767, "eventDate": "2022-07-08T10:58:01Z", "countryCode": "CA" }, "geometry": { "type": "Point", "coordinates": [ -79.690767, 43.570245 ] } },
{ "type": "Feature", "properties": { "decimalLatitude": 41.34437, "decimalLongitude": -73.051505, "eventDate": "2022-07-09T13:36:00Z", "countryCode": "US" }, "geometry": { "type": "Point", "coordinates": [ -73.051505, 41.34437 ] } },
{ "type": "Feature", "properties": { "decimalLatitude": 39.716367, "decimalLongitude": -75.658858, "eventDate": "2022-07-10T11:27:17Z", "countryCode": "US" }, "geometry": { "type": "Point", "coordinates": [ -75.658858, 39.716367 ] } },
{ "type": "Feature", "properties": { "decimalLatitude": 40.711354, "decimalLongitude": -74.47349, "eventDate": "2022-07-15T13:32:00Z", "countryCode": "US" }, "geometry": { "type": "Point", "coordinates": [ -74.47349, 40.711354 ] } },
{ "type": "Feature", "properties": { "decimalLatitude": 41.617944, "decimalLongitude": -83.840774, "eventDate": "2022-07-10T08:57:33Z", "countryCode": "US" }, "geometry": { "type": "Point", "coordinates": [ -83.840774, 41.617944 ] } },
{ "type": "Feature", "properties": { "decimalLatitude": 41.859245, "decimalLongitude": -70.678017, "eventDate": "2022-07-17T13:37:49Z", "countryCode": "US" }, "geometry": { "type": "Point", "coordinates": [ -70.678017, 41.859245 ] } },
{ "type": "Feature", "properties": { "decimalLatitude": 42.94074, "decimalLongitude": -81.413247, "eventDate": "2022-07-14T11:01:00Z", "countryCode": "CA" }, "geometry": { "type": "Point", "coordinates": [ -81.413247, 42.94074 ] } },
{ "type": "Feature", "properties": { "decimalLatitude": 40.502012, "decimalLongitude": -75.047688, "eventDate": "2022-07-24T10:33:38Z", "countryCode": "US" }, "geometry": { "type": "Point", "coordinates": [ -75.047688, 40.502012 ] } },
{ "type": "Feature", "properties": { "decimalLatitude": 39.180772, "decimalLongitude": -84.571831, "eventDate": "2022-07-11T14:01:00Z", "countryCode": "US" }, "geometry": { "type": "Point", "coordinates": [ -84.571831, 39.180772 ] } },
{ "type": "Feature", "properties": { "decimalLatitude": 43.74768, "decimalLongitude": -79.643095, "eventDate": "2022-07-08T10:04:00Z", "countryCode": "CA" }, "geometry": { "type": "Point", "coordinates": [ -79.643095, 43.74768 ] } },
{ "type": "Feature", "properties": { "decimalLatitude": 42.977818, "decimalLongitude": -72.019773, "eventDate": "2022-07-23T10:55:00Z", "countryCode": "US" }, "geometry": { "type": "Point", "coordinates": [ -72.019773, 42.977818 ] } },
{ "type": "Feature", "properties": { "decimalLatitude": 41.410076, "decimalLongitude": -70.641591, "eventDate": "2022-07-26T19:25:50Z", "countryCode": "US" }, "geometry": { "type": "Point", "coordinates": [ -70.641591, 41.410076 ] } },
{ "type": "Feature", "properties": { "decimalLatitude": 40.12558, "decimalLongitude": -75.107541, "eventDate": "2022-07-11T11:58:03Z", "countryCode": "US" }, "geometry": { "type": "Point", "coordinates": [ -75.107541, 40.12558 ] } },
{ "type": "Feature", "properties": { "decimalLatitude": 43.325995, "decimalLongitude": -79.809013, "eventDate": "2022-07-20T16:28:49Z", "countryCode": "CA" }, "geometry": { "type": "Point", "coordinates": [ -79.809013, 43.325995 ] } },
{ "type": "Feature", "properties": { "decimalLatitude": 43.5965, "decimalLongitude": -79.636106, "eventDate": "2022-07-22T11:52:06Z", "countryCode": "CA" }, "geometry": { "type": "Point", "coordinates": [ -79.636106, 43.5965 ] } },
{ "type": "Feature", "properties": { "decimalLatitude": 43.7069, "decimalLongitude": -79.423667, "eventDate": "2022-07-19T10:42:32Z", "countryCode": "CA" }, "geometry": { "type": "Point", "coordinates": [ -79.423667, 43.7069 ] } },
{ "type": "Feature", "properties": { "decimalLatitude": 42.403557, "decimalLongitude": -76.433117, "eventDate": "2022-07-12T09:27:00Z", "countryCode": "US" }, "geometry": { "type": "Point", "coordinates": [ -76.433117, 42.403557 ] } },
{ "type": "Feature", "properties": { "decimalLatitude": 43.798228, "decimalLongitude": -79.191164, "eventDate": "2022-07-15T11:29:00Z", "countryCode": "CA" }, "geometry": { "type": "Point", "coordinates": [ -79.191164, 43.798228 ] } },
{ "type": "Feature", "properties": { "decimalLatitude": 43.567362, "decimalLongitude": -79.684897, "eventDate": "2022-07-08T12:59:43Z", "countryCode": "CA" }, "geometry": { "type": "Point", "coordinates": [ -79.684897, 43.567362 ] } },
{ "type": "Feature", "properties": { "decimalLatitude": 40.940309, "decimalLongitude": -76.890326, "eventDate": "2022-07-15T14:07:00Z", "countryCode": "US" }, "geometry": { "type": "Point", "coordinates": [ -76.890326, 40.940309 ] } },
{ "type": "Feature", "properties": { "decimalLatitude": 39.463378, "decimalLongitude": -88.161811, "eventDate": "2022-07-23T13:20:00Z", "countryCode": "US" }, "geometry": { "type": "Point", "coordinates": [ -88.161811, 39.463378 ] } },
{ "type": "Feature", "properties": { "decimalLatitude": 39.497915, "decimalLongitude": -88.135364, "eventDate": "2022-07-24T11:43:01Z", "countryCode": "US" }, "geometry": { "type": "Point", "coordinates": [ -88.135364, 39.497915 ] } },
{ "type": "Feature", "properties": { "decimalLatitude": 41.238238, "decimalLongitude": -81.355405, "eventDate": "2022-07-10T09:34:00Z", "countryCode": "US" }, "geometry": { "type": "Point", "coordinates": [ -81.355405, 41.238238 ] } },
{ "type": "Feature", "properties": { "decimalLatitude": 43.517061, "decimalLongitude": -79.670013, "eventDate": "2022-07-09T15:19:00Z", "countryCode": "CA" }, "geometry": { "type": "Point", "coordinates": [ -79.670013, 43.517061 ] } },
{ "type": "Feature", "properties": { "decimalLatitude": 40.270522, "decimalLongitude": -76.249108, "eventDate": "2022-07-09T10:26:00Z", "countryCode": "US" }, "geometry": { "type": "Point", "coordinates": [ -76.249108, 40.270522 ] } },
{ "type": "Feature", "properties": { "decimalLatitude": 43.574795, "decimalLongitude": -79.570787, "eventDate": "2022-07-23T14:23:04Z", "countryCode": "CA" }, "geometry": { "type": "Point", "coordinates": [ -79.570787, 43.574795 ] } },
{ "type": "Feature", "properties": { "decimalLatitude": 39.67598, "decimalLongitude": -78.360077, "eventDate": "2022-07-10T12:00:00Z", "countryCode": "US" }, "geometry": { "type": "Point", "coordinates": [ -78.360077, 39.67598 ] } },
{ "type": "Feature", "properties": { "decimalLatitude": 42.463252, "decimalLongitude": -71.159135, "eventDate": "2022-07-19T11:05:00Z", "countryCode": "US" }, "geometry": { "type": "Point", "coordinates": [ -71.159135, 42.463252 ] } },
{ "type": "Feature", "properties": { "decimalLatitude": 39.48261, "decimalLongitude": -74.567847, "eventDate": "2022-07-23T08:37:00Z", "countryCode": "US" }, "geometry": { "type": "Point", "coordinates": [ -74.567847, 39.48261 ] } },
{ "type": "Feature", "properties": { "decimalLatitude": 39.461111, "decimalLongitude": -88.155507, "eventDate": "2022-07-23T15:06:00Z", "countryCode": "US" }, "geometry": { "type": "Point", "coordinates": [ -88.155507, 39.461111 ] } },
{ "type": "Feature", "properties": { "decimalLatitude": 43.234771, "decimalLongitude": -79.926696, "eventDate": "2022-07-23T12:24:09Z", "countryCode": "CA" }, "geometry": { "type": "Point", "coordinates": [ -79.926696, 43.234771 ] } },
{ "type": "Feature", "properties": { "decimalLatitude": 43.293188, "decimalLongitude": -79.922517, "eventDate": "2022-07-15T12:00:15Z", "countryCode": "CA" }, "geometry": { "type": "Point", "coordinates": [ -79.922517, 43.293188 ] } },
{ "type": "Feature", "properties": { "decimalLatitude": 43.235674, "decimalLongitude": -79.772739, "eventDate": "2022-07-20T17:49:39Z", "countryCode": "CA" }, "geometry": { "type": "Point", "coordinates": [ -79.772739, 43.235674 ] } },
{ "type": "Feature", "properties": { "decimalLatitude": 39.48261, "decimalLongitude": -74.567847, "eventDate": "2022-07-23T08:53:00Z", "countryCode": "US" }, "geometry": { "type": "Point", "coordinates": [ -74.567847, 39.48261 ] } },
{ "type": "Feature", "properties": { "decimalLatitude": 39.863798, "decimalLongitude": -79.496337, "eventDate": "2022-07-09T13:48:00Z", "countryCode": "US" }, "geometry": { "type": "Point", "coordinates": [ -79.496337, 39.863798 ] } },
{ "type": "Feature", "properties": { "decimalLatitude": 40.337081, "decimalLongitude": -80.112219, "eventDate": "2022-07-09T21:58:00Z", "countryCode": "US" }, "geometry": { "type": "Point", "coordinates": [ -80.112219, 40.337081 ] } },
{ "type": "Feature", "properties": { "decimalLatitude": 39.754179, "decimalLongitude": -79.290537, "eventDate": "2022-07-24T11:07:15Z", "countryCode": "US" }, "geometry": { "type": "Point", "coordinates": [ -79.290537, 39.754179 ] } },
{ "type": "Feature", "properties": { "decimalLatitude": 43.220514, "decimalLongitude": -81.866775, "eventDate": "2022-07-23T11:21:00Z", "countryCode": "CA" }, "geometry": { "type": "Point", "coordinates": [ -81.866775, 43.220514 ] } },
{ "type": "Feature", "properties": { "decimalLatitude": 40.967592, "decimalLongitude": -76.881498, "eventDate": "2022-07-09T14:36:00Z", "countryCode": "US" }, "geometry": { "type": "Point", "coordinates": [ -76.881498, 40.967592 ] } },
{ "type": "Feature", "properties": { "decimalLatitude": 43.701508, "decimalLongitude": -79.319503, "eventDate": "2022-07-17T09:42:00Z", "countryCode": "CA" }, "geometry": { "type": "Point", "coordinates": [ -79.319503, 43.701508 ] } },
{ "type": "Feature", "properties": { "decimalLatitude": 42.463352, "decimalLongitude": -71.15886, "eventDate": "2022-07-19T11:11:00Z", "countryCode": "US" }, "geometry": { "type": "Point", "coordinates": [ -71.15886, 42.463352 ] } },
{ "type": "Feature", "properties": { "decimalLatitude": 40.786974, "decimalLongitude": -75.296748, "eventDate": "2022-07-12T13:25:00Z", "countryCode": "US" }, "geometry": { "type": "Point", "coordinates": [ -75.296748, 40.786974 ] } },
{ "type": "Feature", "properties": { "decimalLatitude": 43.137936, "decimalLongitude": -72.576809, "eventDate": "2022-07-22T11:59:00Z", "countryCode": "US" }, "geometry": { "type": "Point", "coordinates": [ -72.576809, 43.137936 ] } },
{ "type": "Feature", "properties": { "decimalLatitude": 43.13337, "decimalLongitude": -79.062862, "eventDate": "2022-07-17T11:01:51Z", "countryCode": "CA" }, "geometry": { "type": "Point", "coordinates": [ -79.062862, 43.13337 ] } },
{ "type": "Feature", "properties": { "decimalLatitude": 40.790119, "decimalLongitude": -73.925506, "eventDate": "2022-07-10T16:36:44Z", "countryCode": "US" }, "geometry": { "type": "Point", "coordinates": [ -73.925506, 40.790119 ] } },
{ "type": "Feature", "properties": { "decimalLatitude": 42.036702, "decimalLongitude": -82.825681, "eventDate": "2022-07-16T13:07:20Z", "countryCode": "CA" }, "geometry": { "type": "Point", "coordinates": [ -82.825681, 42.036702 ] } },
{ "type": "Feature", "properties": { "decimalLatitude": 40.972263, "decimalLongitude": -81.17609, "eventDate": "2022-07-08T12:47:00Z", "countryCode": "US" }, "geometry": { "type": "Point", "coordinates": [ -81.17609, 40.972263 ] } },
{ "type": "Feature", "properties": { "decimalLatitude": 41.47796, "decimalLongitude": -81.781674, "eventDate": "2022-07-09T11:32:05Z", "countryCode": "US" }, "geometry": { "type": "Point", "coordinates": [ -81.781674, 41.47796 ] } },
{ "type": "Feature", "properties": { "decimalLatitude": 43.699643, "decimalLongitude": -79.332652, "eventDate": "2022-07-13T09:06:16Z", "countryCode": "CA" }, "geometry": { "type": "Point", "coordinates": [ -79.332652, 43.699643 ] } },
{ "type": "Feature", "properties": { "decimalLatitude": 43.760559, "decimalLongitude": -79.258424, "eventDate": "2022-07-19T00:00:00Z", "countryCode": "CA" }, "geometry": { "type": "Point", "coordinates": [ -79.258424, 43.760559 ] } },
{ "type": "Feature", "properties": { "decimalLatitude": 39.463145, "decimalLongitude": -88.140754, "eventDate": "2022-07-24T10:50:00Z", "countryCode": "US" }, "geometry": { "type": "Point", "coordinates": [ -88.140754, 39.463145 ] } },
{ "type": "Feature", "properties": { "decimalLatitude": 41.143424, "decimalLongitude": -75.290585, "eventDate": "2022-07-16T07:03:20Z", "countryCode": "US" }, "geometry": { "type": "Point", "coordinates": [ -75.290585, 41.143424 ] } },
{ "type": "Feature", "properties": { "decimalLatitude": 40.788992, "decimalLongitude": -75.300964, "eventDate": "2022-07-10T14:46:44Z", "countryCode": "US" }, "geometry": { "type": "Point", "coordinates": [ -75.300964, 40.788992 ] } },
{ "type": "Feature", "properties": { "decimalLatitude": 41.538735, "decimalLongitude": -83.845232, "eventDate": "2022-07-09T10:33:00Z", "countryCode": "US" }, "geometry": { "type": "Point", "coordinates": [ -83.845232, 41.538735 ] } },
{ "type": "Feature", "properties": { "decimalLatitude": 43.518318, "decimalLongitude": -79.668883, "eventDate": "2022-07-13T10:26:00Z", "countryCode": "CA" }, "geometry": { "type": "Point", "coordinates": [ -79.668883, 43.518318 ] } },
{ "type": "Feature", "properties": { "decimalLatitude": 43.307028, "decimalLongitude": -79.861463, "eventDate": "2022-07-16T13:35:00Z", "countryCode": "CA" }, "geometry": { "type": "Point", "coordinates": [ -79.861463, 43.307028 ] } },
{ "type": "Feature", "properties": { "decimalLatitude": 41.272211, "decimalLongitude": -81.552351, "eventDate": "2022-07-25T14:31:00Z", "countryCode": "US" }, "geometry": { "type": "Point", "coordinates": [ -81.552351, 41.272211 ] } },
{ "type": "Feature", "properties": { "decimalLatitude": 41.141562, "decimalLongitude": -81.436336, "eventDate": "2022-07-20T12:53:00Z", "countryCode": "US" }, "geometry": { "type": "Point", "coordinates": [ -81.436336, 41.141562 ] } },
{ "type": "Feature", "properties": { "decimalLatitude": 43.605347, "decimalLongitude": -81.711245, "eventDate": "2022-07-24T13:31:00Z", "countryCode": "CA" }, "geometry": { "type": "Point", "coordinates": [ -81.711245, 43.605347 ] } },
{ "type": "Feature", "properties": { "decimalLatitude": 42.567515, "decimalLongitude": -72.217805, "eventDate": "2022-07-23T21:34:00Z", "countryCode": "US" }, "geometry": { "type": "Point", "coordinates": [ -72.217805, 42.567515 ] } },
{ "type": "Feature", "properties": { "decimalLatitude": 43.293973, "decimalLongitude": -79.884008, "eventDate": "2022-07-13T07:53:00Z", "countryCode": "CA" }, "geometry": { "type": "Point", "coordinates": [ -79.884008, 43.293973 ] } },
{ "type": "Feature", "properties": { "decimalLatitude": 43.791111, "decimalLongitude": -79.201142, "eventDate": "2022-07-15T10:29:00Z", "countryCode": "CA" }, "geometry": { "type": "Point", "coordinates": [ -79.201142, 43.791111 ] } },
{ "type": "Feature", "properties": { "decimalLatitude": 43.625767, "decimalLongitude": -79.715155, "eventDate": "2022-07-14T09:45:46Z", "countryCode": "CA" }, "geometry": { "type": "Point", "coordinates": [ -79.715155, 43.625767 ] } },
{ "type": "Feature", "properties": { "decimalLatitude": 37.81938, "decimalLongitude": -84.755067, "eventDate": "2022-07-23T09:23:44Z", "countryCode": "US" }, "geometry": { "type": "Point", "coordinates": [ -84.755067, 37.81938 ] } },
{ "type": "Feature", "properties": { "decimalLatitude": 43.112365, "decimalLongitude": -78.403582, "eventDate": "2022-07-11T18:07:00Z", "countryCode": "US" }, "geometry": { "type": "Point", "coordinates": [ -78.403582, 43.112365 ] } },
{ "type": "Feature", "properties": { "decimalLatitude": 42.26457, "decimalLongitude": -83.07495, "eventDate": "2022-07-21T14:26:39Z", "countryCode": "CA" }, "geometry": { "type": "Point", "coordinates": [ -83.07495, 42.26457 ] } },
{ "type": "Feature", "properties": { "decimalLatitude": 43.25248, "decimalLongitude": -81.824333, "eventDate": "2022-07-20T10:12:21Z", "countryCode": "CA" }, "geometry": { "type": "Point", "coordinates": [ -81.824333, 43.25248 ] } },
{ "type": "Feature", "properties": { "decimalLatitude": 43.517155, "decimalLongitude": -79.670212, "eventDate": "2022-07-16T09:42:00Z", "countryCode": "CA" }, "geometry": { "type": "Point", "coordinates": [ -79.670212, 43.517155 ] } },
{ "type": "Feature", "properties": { "decimalLatitude": 41.792347, "decimalLongitude": -76.784487, "eventDate": "2022-07-14T15:45:23Z", "countryCode": "US" }, "geometry": { "type": "Point", "coordinates": [ -76.784487, 41.792347 ] } },
{ "type": "Feature", "properties": { "decimalLatitude": 40.597187, "decimalLongitude": -74.129387, "eventDate": "2022-07-19T10:43:00Z", "countryCode": "US" }, "geometry": { "type": "Point", "coordinates": [ -74.129387, 40.597187 ] } },
{ "type": "Feature", "properties": { "decimalLatitude": 39.933989, "decimalLongitude": -75.519221, "eventDate": "2022-07-13T10:01:00Z", "countryCode": "US" }, "geometry": { "type": "Point", "coordinates": [ -75.519221, 39.933989 ] } },
{ "type": "Feature", "properties": { "decimalLatitude": 41.425843, "decimalLongitude": -81.638484, "eventDate": "2022-07-09T10:09:00Z", "countryCode": "US" }, "geometry": { "type": "Point", "coordinates": [ -81.638484, 41.425843 ] } },
{ "type": "Feature", "properties": { "decimalLatitude": 43.483663, "decimalLongitude": -80.493418, "eventDate": "2022-07-18T15:06:11Z", "countryCode": "CA" }, "geometry": { "type": "Point", "coordinates": [ -80.493418, 43.483663 ] } },
{ "type": "Feature", "properties": { "decimalLatitude": 40.597187, "decimalLongitude": -74.129387, "eventDate": "2022-07-19T11:00:00Z", "countryCode": "US" }, "geometry": { "type": "Point", "coordinates": [ -74.129387, 40.597187 ] } },
{ "type": "Feature", "properties": { "decimalLatitude": 41.572354, "decimalLongitude": -72.797246, "eventDate": "2022-07-16T10:12:00Z", "countryCode": "US" }, "geometry": { "type": "Point", "coordinates": [ -72.797246, 41.572354 ] } },
{ "type": "Feature", "properties": { "decimalLatitude": 40.775388, "decimalLongitude": -75.36877, "eventDate": "2022-07-18T12:44:24Z", "countryCode": "US" }, "geometry": { "type": "Point", "coordinates": [ -75.36877, 40.775388 ] } },
{ "type": "Feature", "properties": { "decimalLatitude": 41.135566, "decimalLongitude": -75.440011, "eventDate": "2022-07-25T14:37:11Z", "countryCode": "US" }, "geometry": { "type": "Point", "coordinates": [ -75.440011, 41.135566 ] } },
{ "type": "Feature", "properties": { "decimalLatitude": 43.253719, "decimalLongitude": -81.828902, "eventDate": "2022-07-29T12:32:00Z", "countryCode": "CA" }, "geometry": { "type": "Point", "coordinates": [ -81.828902, 43.253719 ] } },
{ "type": "Feature", "properties": { "decimalLatitude": 43.828171, "decimalLongitude": -79.189189, "eventDate": "2022-07-25T13:24:00Z", "countryCode": "CA" }, "geometry": { "type": "Point", "coordinates": [ -79.189189, 43.828171 ] } },
{ "type": "Feature", "properties": { "decimalLatitude": 43.236705, "decimalLongitude": -81.866006, "eventDate": "2022-07-22T17:57:00Z", "countryCode": "CA" }, "geometry": { "type": "Point", "coordinates": [ -81.866006, 43.236705 ] } },
{ "type": "Feature", "properties": { "decimalLatitude": 43.555417, "decimalLongitude": -80.192477, "eventDate": "2022-07-24T20:03:00Z", "countryCode": "CA" }, "geometry": { "type": "Point", "coordinates": [ -80.192477, 43.555417 ] } },
{ "type": "Feature", "properties": { "decimalLatitude": 43.551677, "decimalLongitude": -80.158485, "eventDate": "2022-07-29T11:13:00Z", "countryCode": "CA" }, "geometry": { "type": "Point", "coordinates": [ -80.158485, 43.551677 ] } },
{ "type": "Feature", "properties": { "decimalLatitude": 43.555407, "decimalLongitude": -80.192462, "eventDate": "2022-07-24T20:03:00Z", "countryCode": "CA" }, "geometry": { "type": "Point", "coordinates": [ -80.192462, 43.555407 ] } },
{ "type": "Feature", "properties": { "decimalLatitude": 39.469134, "decimalLongitude": -88.146218, "eventDate": "2022-07-28T10:21:09Z", "countryCode": "US" }, "geometry": { "type": "Point", "coordinates": [ -88.146218, 39.469134 ] } },
{ "type": "Feature", "properties": { "decimalLatitude": 43.696117, "decimalLongitude": -79.363857, "eventDate": "2022-07-29T12:48:00Z", "countryCode": "CA" }, "geometry": { "type": "Point", "coordinates": [ -79.363857, 43.696117 ] } },
{ "type": "Feature", "properties": { "decimalLatitude": 43.664486, "decimalLongitude": -70.350981, "eventDate": "2022-07-15T16:05:59Z", "countryCode": "US" }, "geometry": { "type": "Point", "coordinates": [ -70.350981, 43.664486 ] } },
{ "type": "Feature", "properties": { "decimalLatitude": 43.306998, "decimalLongitude": -79.861416, "eventDate": "2022-07-27T14:11:00Z", "countryCode": "CA" }, "geometry": { "type": "Point", "coordinates": [ -79.861416, 43.306998 ] } },
{ "type": "Feature", "properties": { "decimalLatitude": 43.237042, "decimalLongitude": -81.850927, "eventDate": "2022-07-23T17:06:50Z", "countryCode": "CA" }, "geometry": { "type": "Point", "coordinates": [ -81.850927, 43.237042 ] } },
{ "type": "Feature", "properties": { "decimalLatitude": 43.660085, "decimalLongitude": -79.307393, "eventDate": "2022-07-26T10:41:00Z", "countryCode": "CA" }, "geometry": { "type": "Point", "coordinates": [ -79.307393, 43.660085 ] } },
{ "type": "Feature", "properties": { "decimalLatitude": 44.144268, "decimalLongitude": -76.855164, "eventDate": "2022-07-25T12:35:00Z", "countryCode": "CA" }, "geometry": { "type": "Point", "coordinates": [ -76.855164, 44.144268 ] } },
{ "type": "Feature", "properties": { "decimalLatitude": 43.38105, "decimalLongitude": -80.356208, "eventDate": "2022-07-27T14:56:01Z", "countryCode": "CA" }, "geometry": { "type": "Point", "coordinates": [ -80.356208, 43.38105 ] } },
{ "type": "Feature", "properties": { "decimalLatitude": 43.19569, "decimalLongitude": -80.390458, "eventDate": "2022-07-28T16:36:18Z", "countryCode": "CA" }, "geometry": { "type": "Point", "coordinates": [ -80.390458, 43.19569 ] } },
{ "type": "Feature", "properties": { "decimalLatitude": 43.564442, "decimalLongitude": -79.670648, "eventDate": "2022-07-28T13:36:00Z", "countryCode": "CA" }, "geometry": { "type": "Point", "coordinates": [ -79.670648, 43.564442 ] } },
{ "type": "Feature", "properties": { "decimalLatitude": 45.455454, "decimalLongitude": -75.639409, "eventDate": "2022-07-30T15:29:00Z", "countryCode": "CA" }, "geometry": { "type": "Point", "coordinates": [ -75.639409, 45.455454 ] } },
{ "type": "Feature", "properties": { "decimalLatitude": 39.462103, "decimalLongitude": -88.155627, "eventDate": "2022-07-27T11:35:49Z", "countryCode": "US" }, "geometry": { "type": "Point", "coordinates": [ -88.155627, 39.462103 ] } },
{ "type": "Feature", "properties": { "decimalLatitude": 43.670801, "decimalLongitude": -79.513978, "eventDate": "2022-07-26T13:26:00Z", "countryCode": "CA" }, "geometry": { "type": "Point", "coordinates": [ -79.513978, 43.670801 ] } },
{ "type": "Feature", "properties": { "decimalLatitude": 43.708028, "decimalLongitude": -79.238967, "eventDate": "2022-07-29T15:08:07Z", "countryCode": "CA" }, "geometry": { "type": "Point", "coordinates": [ -79.238967, 43.708028 ] } },
{ "type": "Feature", "properties": { "decimalLatitude": 43.635248, "decimalLongitude": -80.015631, "eventDate": "2022-07-26T13:30:54Z", "countryCode": "CA" }, "geometry": { "type": "Point", "coordinates": [ -80.015631, 43.635248 ] } },
{ "type": "Feature", "properties": { "decimalLatitude": 39.462078, "decimalLongitude": -88.155617, "eventDate": "2022-07-27T10:59:41Z", "countryCode": "US" }, "geometry": { "type": "Point", "coordinates": [ -88.155617, 39.462078 ] } },
{ "type": "Feature", "properties": { "decimalLatitude": 44.47874, "decimalLongitude": -77.3103, "eventDate": "2022-07-22T10:43:00Z", "countryCode": "CA" }, "geometry": { "type": "Point", "coordinates": [ -77.3103, 44.47874 ] } },
{ "type": "Feature", "properties": { "decimalLatitude": 39.462172, "decimalLongitude": -88.155722, "eventDate": "2022-07-27T09:53:29Z", "countryCode": "US" }, "geometry": { "type": "Point", "coordinates": [ -88.155722, 39.462172 ] } },
{ "type": "Feature", "properties": { "decimalLatitude": 39.461202, "decimalLongitude": -88.155294, "eventDate": "2022-07-30T14:44:01Z", "countryCode": "US" }, "geometry": { "type": "Point", "coordinates": [ -88.155294, 39.461202 ] } },
{ "type": "Feature", "properties": { "decimalLatitude": 42.387897, "decimalLongitude": -71.25422, "eventDate": "2022-07-27T14:41:00Z", "countryCode": "US" }, "geometry": { "type": "Point", "coordinates": [ -71.25422, 42.387897 ] } },
{ "type": "Feature", "properties": { "decimalLatitude": 43.487177, "decimalLongitude": -80.567612, "eventDate": "2022-07-24T14:03:00Z", "countryCode": "CA" }, "geometry": { "type": "Point", "coordinates": [ -80.567612, 43.487177 ] } },
{ "type": "Feature", "properties": { "decimalLatitude": 43.419452, "decimalLongitude": -80.121698, "eventDate": "2022-07-25T10:51:00Z", "countryCode": "CA" }, "geometry": { "type": "Point", "coordinates": [ -80.121698, 43.419452 ] } },
{ "type": "Feature", "properties": { "decimalLatitude": 43.707025, "decimalLongitude": -79.239547, "eventDate": "2022-07-29T14:39:49Z", "countryCode": "CA" }, "geometry": { "type": "Point", "coordinates": [ -79.239547, 43.707025 ] } },
{ "type": "Feature", "properties": { "decimalLatitude": 43.564477, "decimalLongitude": -79.67057, "eventDate": "2022-07-29T15:26:00Z", "countryCode": "CA" }, "geometry": { "type": "Point", "coordinates": [ -79.67057, 43.564477 ] } },
{ "type": "Feature", "properties": { "decimalLatitude": 42.459593, "decimalLongitude": -76.477581, "eventDate": "2022-07-30T10:16:00Z", "countryCode": "US" }, "geometry": { "type": "Point", "coordinates": [ -76.477581, 42.459593 ] } },
{ "type": "Feature", "properties": { "decimalLatitude": 41.813392, "decimalLongitude": -72.266746, "eventDate": "2022-07-26T10:53:00Z", "countryCode": "US" }, "geometry": { "type": "Point", "coordinates": [ -72.266746, 41.813392 ] } },
{ "type": "Feature", "properties": { "decimalLatitude": 38.998552, "decimalLongitude": -95.746718, "eventDate": "2022-07-29T12:08:00Z", "countryCode": "US" }, "geometry": { "type": "Point", "coordinates": [ -95.746718, 38.998552 ] } },
{ "type": "Feature", "properties": { "decimalLatitude": 43.580943, "decimalLongitude": -79.56179, "eventDate": "2022-07-25T12:34:09Z", "countryCode": "CA" }, "geometry": { "type": "Point", "coordinates": [ -79.56179, 43.580943 ] } },
{ "type": "Feature", "properties": { "decimalLatitude": 43.671685, "decimalLongitude": -79.5143, "eventDate": "2022-07-22T14:45:00Z", "countryCode": "CA" }, "geometry": { "type": "Point", "coordinates": [ -79.5143, 43.671685 ] } },
{ "type": "Feature", "properties": { "decimalLatitude": 41.813392, "decimalLongitude": -72.266746, "eventDate": "2022-07-26T11:46:00Z", "countryCode": "US" }, "geometry": { "type": "Point", "coordinates": [ -72.266746, 41.813392 ] } },
{ "type": "Feature", "properties": { "decimalLatitude": 43.70882, "decimalLongitude": -79.239783, "eventDate": "2022-07-29T15:40:48Z", "countryCode": "CA" }, "geometry": { "type": "Point", "coordinates": [ -79.239783, 43.70882 ] } },
{ "type": "Feature", "properties": { "decimalLatitude": 44.564033, "decimalLongitude": -73.237579, "eventDate": "2022-07-28T10:00:00Z", "countryCode": "US" }, "geometry": { "type": "Point", "coordinates": [ -73.237579, 44.564033 ] } },
{ "type": "Feature", "properties": { "decimalLatitude": 39.454396, "decimalLongitude": -88.141811, "eventDate": "2022-07-28T10:17:58Z", "countryCode": "US" }, "geometry": { "type": "Point", "coordinates": [ -88.141811, 39.454396 ] } }
]
}
