{
"type": "FeatureCollection",
"name": "junonia-rhadama-gbif",
"crs": { "type": "name", "properties": { "name": "urn:ogc:def:crs:OGC:1.3:CRS84" } },
"features": [
{ "type": "Feature", "properties": { "decimalLatitude": 46.64237, "decimalLongitude": 2.194024, "eventDate": "2015-02-20T00:00:00Z", "countryCode": "FR" }, "geometry": { "type": "Point", "coordinates": [ 2.194024, 46.64237 ] } },
{ "type": "Feature", "properties": { "decimalLatitude": 46.64237, "decimalLongitude": 2.194024, "eventDate": "2015-02-20T00:00:00Z", "countryCode": "FR" }, "geometry": { "type": "Point", "coordinates": [ 2.194024, 46.64237 ] } },
{ "type": "Feature", "properties": { "decimalLatitude": -22.759722, "decimalLongitude": 44.715, "eventDate": "2015-03-14T00:00:00Z", "countryCode": "MG" }, "geometry": { "type": "Point", "coordinates": [ 44.715, -22.759722 ] } },
{ "type": "Feature", "properties": { "decimalLatitude": -20.064762, "decimalLongitude": 44.657126, "eventDate": "2015-05-16T21:12:00Z", "countryCode": "MG" }, "geometry": { "type": "Point", "coordinates": [ 44.657126, -20.064762 ] } },
{ "type": "Feature", "properties": { "decimalLatitude": -22.188944, "decimalLongitude": 46.884578, "eventDate": "2015-05-23T01:01:00Z", "countryCode": "MG" }, "geometry": { "type": "Point", "coordinates": [ 46.884578, -22.188944 ] } },
{ "type": "Feature", "properties": { "decimalLatitude": -20.064762, "decimalLongitude": 44.657126, "eventDate": "2015-05-16T20:48:00Z", "countryCode": "MG" }, "geometry": { "type": "Point", "coordinates": [ 44.657126, -20.064762 ] } },
{ "type": "Feature", "properties": { "decimalLatitude": -19.873472, "decimalLongitude": 47.02858, "eventDate": "2015-05-07T20:01:00Z", "countryCode": "MG" }, "geometry": { "type": "Point", "coordinates": [ 47.02858, -19.873472 ] } },
{ "type": "Feature", "properties": { "decimalLatitude": -18.645556, "decimalLongitude": 47.275556, "eventDate": "2015-05-13T00:00:00Z", "countryCode": "MG" }, "geometry": { "type": "Point", "coordinates": [ 47.275556, -18.645556 ] } },
{ "type": "Feature", "properties": { "decimalLatitude": -19.831124, "decimalLongitude": 46.854599, "eventDate": "2015-07-02T10:18:00Z", "countryCode": "MG" }, "geometry": { "type": "Point", "coordinates": [ 46.854599, -19.831124 ] } },
{ "type": "Feature", "properties": { "decimalLatitude": -22.093937, "decimalLongitude": 46.768751, "eventDate": "2015-07-05T09:23:00Z", "countryCode": "MG" }, "geometry": { "type": "Point", "coordinates": [ 46.768751, -22.093937 ] } },
{ "type": "Feature", "properties": { "decimalLatitude": -18.929538, "decimalLongitude": 47.527467, "eventDate": "2015-10-10T09:38:24Z", "countryCode": "MG" }, "geometry": { "type": "Point", "coordinates": [ 47.527467, -18.929538 ] } },
{ "type": "Feature", "properties": { "decimalLatitude": -18.91493, "decimalLongitude": 47.555668, "eventDate": "2015-10-17T13:35:00Z", "countryCode": "MG" }, "geometry": { "type": "Point", "coordinates": [ 47.555668, -18.91493 ] } },
{ "type": "Feature", "properties": { "decimalLatitude": -21.34171, "decimalLongitude": 55.51763, "eventDate": "2015-10-27T00:00:00Z", "countryCode": "RE" }, "geometry": { "type": "Point", "coordinates": [ 55.51763, -21.34171 ] } },
{ "type": "Feature", "properties": { "decimalLatitude": -22.884957, "decimalLongitude": 44.691252, "eventDate": "2015-10-02T09:56:00Z", "countryCode": "MG" }, "geometry": { "type": "Point", "coordinates": [ 44.691252, -22.884957 ] } },
{ "type": "Feature", "properties": { "decimalLatitude": -22.886576, "decimalLongitude": 44.689064, "eventDate": "2015-11-29T00:00:00Z", "countryCode": "MG" }, "geometry": { "type": "Point", "coordinates": [ 44.689064, -22.886576 ] } },
{ "type": "Feature", "properties": { "decimalLatitude": -22.886576, "decimalLongitude": 44.689064, "eventDate": "2015-11-29T00:00:00Z", "countryCode": "MG" }, "geometry": { "type": "Point", "coordinates": [ 44.689064, -22.886576 ] } },
{ "type": "Feature", "properties": { "decimalLatitude": -22.886576, "decimalLongitude": 44.689064, "eventDate": "2015-11-29T00:00:00Z", "countryCode": "MG" }, "geometry": { "type": "Point", "coordinates": [ 44.689064, -22.886576 ] } },
{ "type": "Feature", "properties": { "decimalLatitude": -20.88, "decimalLongitude": 55.453, "eventDate": "2015-12-07T00:00:00Z", "countryCode": "RE" }, "geometry": { "type": "Point", "coordinates": [ 55.453, -20.88 ] } },
{ "type": "Feature", "properties": { "decimalLatitude": -21.31231, "decimalLongitude": 55.49378, "eventDate": "2015-12-16T00:00:00Z", "countryCode": "RE" }, "geometry": { "type": "Point", "coordinates": [ 55.49378, -21.31231 ] } },
{ "type": "Feature", "properties": { "decimalLatitude": -21.31231, "decimalLongitude": 55.49378, "eventDate": "2015-12-16T00:00:00Z", "countryCode": "RE" }, "geometry": { "type": "Point", "coordinates": [ 55.49378, -21.31231 ] } },
{ "type": "Feature", "properties": { "decimalLatitude": -20.437793, "decimalLongitude": 57.352794, "eventDate": "2016-01-23T00:00:00Z", "countryCode": "MU" }, "geometry": { "type": "Point", "coordinates": [ 57.352794, -20.437793 ] } },
{ "type": "Feature", "properties": { "decimalLatitude": -20.437793, "decimalLongitude": 57.352794, "eventDate": "2016-01-25T00:00:00Z", "countryCode": "MU" }, "geometry": { "type": "Point", "coordinates": [ 57.352794, -20.437793 ] } },
{ "type": "Feature", "properties": { "decimalLatitude": -22.653445, "decimalLongitude": 45.328088, "eventDate": "2016-01-10T17:49:27Z", "countryCode": "MG" }, "geometry": { "type": "Point", "coordinates": [ 45.328088, -22.653445 ] } },
{ "type": "Feature", "properties": { "decimalLatitude": -22.644696, "decimalLongitude": 45.331408, "eventDate": "2016-01-10T15:48:00Z", "countryCode": "MG" }, "geometry": { "type": "Point", "coordinates": [ 45.331408, -22.644696 ] } },
{ "type": "Feature", "properties": { "decimalLatitude": -20.4378, "decimalLongitude": 57.3528, "eventDate": "2016-01-24T20:55:00Z", "countryCode": "MU" }, "geometry": { "type": "Point", "coordinates": [ 57.3528, -20.4378 ] } },
{ "type": "Feature", "properties": { "decimalLatitude": -20.4378, "decimalLongitude": 57.3528, "eventDate": "2016-01-25T20:57:00Z", "countryCode": "MU" }, "geometry": { "type": "Point", "coordinates": [ 57.3528, -20.4378 ] } },
{ "type": "Feature", "properties": { "decimalLatitude": -19.689117, "decimalLongitude": 63.399904, "eventDate": "2016-02-18T06:52:00Z", "countryCode": "MU" }, "geometry": { "type": "Point", "coordinates": [ 63.399904, -19.689117 ] } },
{ "type": "Feature", "properties": { "decimalLatitude": -18.932778, "decimalLongitude": 47.526503, "eventDate": "2016-04-23T13:29:00Z", "countryCode": "MG" }, "geometry": { "type": "Point", "coordinates": [ 47.526503, -18.932778 ] } },
{ "type": "Feature", "properties": { "decimalLatitude": -17.427292, "decimalLongitude": 48.608092, "eventDate": "2016-04-26T13:17:00Z", "countryCode": "MG" }, "geometry": { "type": "Point", "coordinates": [ 48.608092, -17.427292 ] } },
{ "type": "Feature", "properties": { "decimalLatitude": -23.414147, "decimalLongitude": 43.755461, "eventDate": "2016-05-09T17:34:00Z", "countryCode": "MG" }, "geometry": { "type": "Point", "coordinates": [ 43.755461, -23.414147 ] } },
{ "type": "Feature", "properties": { "decimalLatitude": -7.703592, "decimalLongitude": 39.682617, "eventDate": "2016-06-02T12:00:00Z", "countryCode": "TZ" }, "geometry": { "type": "Point", "coordinates": [ 39.682617, -7.703592 ] } },
{ "type": "Feature", "properties": { "decimalLatitude": -22.999168, "decimalLongitude": 43.82103, "eventDate": "2016-08-01T00:00:00Z", "countryCode": "MG" }, "geometry": { "type": "Point", "coordinates": [ 43.82103, -22.999168 ] } },
{ "type": "Feature", "properties": { "decimalLatitude": -20.93302, "decimalLongitude": 55.44699, "eventDate": "2016-08-08T00:00:00Z", "countryCode": "RE" }, "geometry": { "type": "Point", "coordinates": [ 55.44699, -20.93302 ] } },
{ "type": "Feature", "properties": { "decimalLatitude": -20.93302, "decimalLongitude": 55.44699, "eventDate": "2016-08-08T00:00:00Z", "countryCode": "RE" }, "geometry": { "type": "Point", "coordinates": [ 55.44699, -20.93302 ] } },
{ "type": "Feature", "properties": { "decimalLatitude": -19.684401, "decimalLongitude": 63.427696, "eventDate": "2016-09-02T10:03:00Z", "countryCode": "MU" }, "geometry": { "type": "Point", "coordinates": [ 63.427696, -19.684401 ] } },
{ "type": "Feature", "properties": { "decimalLatitude": -16.403514, "decimalLongitude": 45.301593, "eventDate": "2016-10-25T15:19:00Z", "countryCode": "MG" }, "geometry": { "type": "Point", "coordinates": [ 45.301593, -16.403514 ] } },
{ "type": "Feature", "properties": { "decimalLatitude": -22.465449, "decimalLongitude": 45.259668, "eventDate": "2016-11-20T21:48:00Z", "countryCode": "MG" }, "geometry": { "type": "Point", "coordinates": [ 45.259668, -22.465449 ] } },
{ "type": "Feature", "properties": { "decimalLatitude": -22.465449, "decimalLongitude": 45.259668, "eventDate": "2016-11-20T09:09:00Z", "countryCode": "MG" }, "geometry": { "type": "Point", "coordinates": [ 45.259668, -22.465449 ] } },
{ "type": "Feature", "properties": { "decimalLatitude": -20.92599, "decimalLongitude": 55.3387, "eventDate": "2016-11-04T00:00:00Z", "countryCode": "RE" }, "geometry": { "type": "Point", "coordinates": [ 55.3387, -20.92599 ] } },
{ "type": "Feature", "properties": { "decimalLatitude": -14.347909, "decimalLongitude": 47.608759, "eventDate": "2017-03-18T12:54:00Z", "countryCode": "MG" }, "geometry": { "type": "Point", "coordinates": [ 47.608759, -14.347909 ] } },
{ "type": "Feature", "properties": { "decimalLatitude": -14.289265, "decimalLongitude": 47.612538, "eventDate": "2017-03-18T11:51:00Z", "countryCode": "MG" }, "geometry": { "type": "Point", "coordinates": [ 47.612538, -14.289265 ] } },
{ "type": "Feature", "properties": { "decimalLatitude": -23.059327, "decimalLongitude": 43.592926, "eventDate": "2017-04-02T11:36:00Z", "countryCode": "MG" }, "geometry": { "type": "Point", "coordinates": [ 43.592926, -23.059327 ] } },
{ "type": "Feature", "properties": { "decimalLatitude": -23.060668, "decimalLongitude": 43.590965, "eventDate": "2017-04-02T11:30:00Z", "countryCode": "MG" }, "geometry": { "type": "Point", "coordinates": [ 43.590965, -23.060668 ] } },
{ "type": "Feature", "properties": { "decimalLatitude": -23.350044, "decimalLongitude": 43.659285, "eventDate": "2017-05-25T00:33:00Z", "countryCode": "MG" }, "geometry": { "type": "Point", "coordinates": [ 43.659285, -23.350044 ] } },
{ "type": "Feature", "properties": { "decimalLatitude": -21.31231, "decimalLongitude": 55.49378, "eventDate": "2017-06-14T00:00:00Z", "countryCode": "RE" }, "geometry": { "type": "Point", "coordinates": [ 55.49378, -21.31231 ] } },
{ "type": "Feature", "properties": { "decimalLatitude": -20.267468, "decimalLongitude": 57.479698, "eventDate": "2017-07-21T14:47:47Z", "countryCode": "MU" }, "geometry": { "type": "Point", "coordinates": [ 57.479698, -20.267468 ] } },
{ "type": "Feature", "properties": { "decimalLatitude": -20.183986, "decimalLongitude": 57.56385, "eventDate": "2017-07-27T11:37:29Z", "countryCode": "MU" }, "geometry": { "type": "Point", "coordinates": [ 57.56385, -20.183986 ] } },
{ "type": "Feature", "properties": { "decimalLatitude": -21.16607, "decimalLongitude": 55.33328, "eventDate": "2017-08-18T00:00:00Z", "countryCode": "RE" }, "geometry": { "type": "Point", "coordinates": [ 55.33328, -21.16607 ] } },
{ "type": "Feature", "properties": { "decimalLatitude": -21.16607, "decimalLongitude": 55.33328, "eventDate": "2017-08-22T00:00:00Z", "countryCode": "RE" }, "geometry": { "type": "Point", "coordinates": [ 55.33328, -21.16607 ] } },
{ "type": "Feature", "properties": { "decimalLatitude": -18.867503, "decimalLongitude": 47.521405, "eventDate": "2017-10-27T09:23:00Z", "countryCode": "MG" }, "geometry": { "type": "Point", "coordinates": [ 47.521405, -18.867503 ] } },
{ "type": "Feature", "properties": { "decimalLatitude": -18.823728, "decimalLongitude": 47.490882, "eventDate": "2017-11-29T10:53:00Z", "countryCode": "MG" }, "geometry": { "type": "Point", "coordinates": [ 47.490882, -18.823728 ] } },
{ "type": "Feature", "properties": { "decimalLatitude": -18.868657, "decimalLongitude": 47.518022, "eventDate": "2017-11-30T09:39:00Z", "countryCode": "MG" }, "geometry": { "type": "Point", "coordinates": [ 47.518022, -18.868657 ] } },
{ "type": "Feature", "properties": { "decimalLatitude": -18.90319, "decimalLongitude": 47.510375, "eventDate": "2017-11-23T00:00:00Z", "countryCode": "MG" }, "geometry": { "type": "Point", "coordinates": [ 47.510375, -18.90319 ] } },
{ "type": "Feature", "properties": { "decimalLatitude": -21.014801, "decimalLongitude": 55.26004, "eventDate": "2017-11-24T00:00:00Z", "countryCode": "RE" }, "geometry": { "type": "Point", "coordinates": [ 55.26004, -21.014801 ] } },
{ "type": "Feature", "properties": { "decimalLatitude": -18.868089, "decimalLongitude": 47.519662, "eventDate": "2017-11-05T13:43:00Z", "countryCode": "MG" }, "geometry": { "type": "Point", "coordinates": [ 47.519662, -18.868089 ] } },
{ "type": "Feature", "properties": { "decimalLatitude": -19.93195, "decimalLongitude": 47.05746, "eventDate": "2017-12-11T06:24:00Z", "countryCode": "MG" }, "geometry": { "type": "Point", "coordinates": [ 47.05746, -19.93195 ] } },
{ "type": "Feature", "properties": { "decimalLatitude": -21.13317, "decimalLongitude": 55.53241, "eventDate": "2017-12-01T00:00:00Z", "countryCode": "RE" }, "geometry": { "type": "Point", "coordinates": [ 55.53241, -21.13317 ] } },
{ "type": "Feature", "properties": { "decimalLatitude": -18.923679, "decimalLongitude": 47.532299, "eventDate": "2017-12-06T10:42:00Z", "countryCode": "MG" }, "geometry": { "type": "Point", "coordinates": [ 47.532299, -18.923679 ] } },
{ "type": "Feature", "properties": { "decimalLatitude": -20.99421, "decimalLongitude": 55.39769, "eventDate": "2019-01-25T00:00:00Z", "countryCode": "RE" }, "geometry": { "type": "Point", "coordinates": [ 55.39769, -20.99421 ] } },
{ "type": "Feature", "properties": { "decimalLatitude": -18.931935, "decimalLongitude": 47.950001, "eventDate": "2019-01-15T11:21:00Z", "countryCode": "MG" }, "geometry": { "type": "Point", "coordinates": [ 47.950001, -18.931935 ] } },
{ "type": "Feature", "properties": { "decimalLatitude": -23.122499, "decimalLongitude": 43.617049, "eventDate": "2019-02-09T09:10:00Z", "countryCode": "MG" }, "geometry": { "type": "Point", "coordinates": [ 43.617049, -23.122499 ] } },
{ "type": "Feature", "properties": { "decimalLatitude": -21.04448, "decimalLongitude": 55.32225, "eventDate": "2019-03-14T00:00:00Z", "countryCode": "RE" }, "geometry": { "type": "Point", "coordinates": [ 55.32225, -21.04448 ] } },
{ "type": "Feature", "properties": { "decimalLatitude": -23.351619, "decimalLongitude": 43.685494, "eventDate": "2019-03-01T08:06:00Z", "countryCode": "MG" }, "geometry": { "type": "Point", "coordinates": [ 43.685494, -23.351619 ] } },
{ "type": "Feature", "properties": { "decimalLatitude": -23.061323, "decimalLongitude": 43.586973, "eventDate": "2019-04-14T16:15:54Z", "countryCode": "MG" }, "geometry": { "type": "Point", "coordinates": [ 43.586973, -23.061323 ] } },
{ "type": "Feature", "properties": { "decimalLatitude": -22.931629, "decimalLongitude": 43.423619, "eventDate": "2019-04-01T00:00:00Z", "countryCode": "MG" }, "geometry": { "type": "Point", "coordinates": [ 43.423619, -22.931629 ] } },
{ "type": "Feature", "properties": { "decimalLatitude": -22.685829, "decimalLongitude": 45.251015, "eventDate": "2019-04-07T11:00:00Z", "countryCode": "MG" }, "geometry": { "type": "Point", "coordinates": [ 45.251015, -22.685829 ] } },
{ "type": "Feature", "properties": { "decimalLatitude": -18.866529, "decimalLongitude": 47.519173, "eventDate": "2019-05-04T10:27:00Z", "countryCode": "MG" }, "geometry": { "type": "Point", "coordinates": [ 47.519173, -18.866529 ] } },
{ "type": "Feature", "properties": { "decimalLatitude": -22.46434, "decimalLongitude": 45.260925, "eventDate": "2019-05-17T00:00:00Z", "countryCode": "MG" }, "geometry": { "type": "Point", "coordinates": [ 45.260925, -22.46434 ] } },
{ "type": "Feature", "properties": { "decimalLatitude": -17.420019, "decimalLongitude": 48.5878, "eventDate": "2019-05-20T08:22:00Z", "countryCode": "MG" }, "geometry": { "type": "Point", "coordinates": [ 48.5878, -17.420019 ] } },
{ "type": "Feature", "properties": { "decimalLatitude": -18.373428, "decimalLongitude": 47.500148, "eventDate": "2019-05-08T13:39:58Z", "countryCode": "MG" }, "geometry": { "type": "Point", "coordinates": [ 47.500148, -18.373428 ] } },
{ "type": "Feature", "properties": { "decimalLatitude": -21.31336, "decimalLongitude": 55.43809, "eventDate": "2019-06-06T00:00:00Z", "countryCode": "RE" }, "geometry": { "type": "Point", "coordinates": [ 55.43809, -21.31336 ] } },
{ "type": "Feature", "properties": { "decimalLatitude": -21.31231, "decimalLongitude": 55.49378, "eventDate": "2019-06-06T00:00:00Z", "countryCode": "RE" }, "geometry": { "type": "Point", "coordinates": [ 55.49378, -21.31231 ] } },
{ "type": "Feature", "properties": { "decimalLatitude": -21.31231, "decimalLongitude": 55.49378, "eventDate": "2019-06-06T00:00:00Z", "countryCode": "RE" }, "geometry": { "type": "Point", "coordinates": [ 55.49378, -21.31231 ] } },
{ "type": "Feature", "properties": { "decimalLatitude": -21.037873, "decimalLongitude": 55.503564, "eventDate": "2019-06-28T14:30:31Z", "countryCode": "RE" }, "geometry": { "type": "Point", "coordinates": [ 55.503564, -21.037873 ] } },
{ "type": "Feature", "properties": { "decimalLatitude": -18.86869, "decimalLongitude": 47.51784, "eventDate": "2019-07-31T15:10:00Z", "countryCode": "MG" }, "geometry": { "type": "Point", "coordinates": [ 47.51784, -18.86869 ] } },
{ "type": "Feature", "properties": { "decimalLatitude": -19.86444, "decimalLongitude": 47.03444, "eventDate": "2019-07-07T00:00:00Z", "countryCode": "MG" }, "geometry": { "type": "Point", "coordinates": [ 47.03444, -19.86444 ] } },
{ "type": "Feature", "properties": { "decimalLatitude": -17.430087, "decimalLongitude": 48.592364, "eventDate": "2019-07-31T07:44:00Z", "countryCode": "MG" }, "geometry": { "type": "Point", "coordinates": [ 48.592364, -17.430087 ] } },
{ "type": "Feature", "properties": { "decimalLatitude": -20.66861, "decimalLongitude": 44.21667, "eventDate": "2019-07-11T00:00:00Z", "countryCode": "MG" }, "geometry": { "type": "Point", "coordinates": [ 44.21667, -20.66861 ] } },
{ "type": "Feature", "properties": { "decimalLatitude": -23.180871, "decimalLongitude": 43.620991, "eventDate": "2019-07-06T16:37:00Z", "countryCode": "MG" }, "geometry": { "type": "Point", "coordinates": [ 43.620991, -23.180871 ] } },
{ "type": "Feature", "properties": { "decimalLatitude": -23.180163, "decimalLongitude": 43.620916, "eventDate": "2019-07-14T15:48:00Z", "countryCode": "MG" }, "geometry": { "type": "Point", "coordinates": [ 43.620916, -23.180163 ] } },
{ "type": "Feature", "properties": { "decimalLatitude": -23.181616, "decimalLongitude": 43.620605, "eventDate": "2019-07-17T14:03:00Z", "countryCode": "MG" }, "geometry": { "type": "Point", "coordinates": [ 43.620605, -23.181616 ] } },
{ "type": "Feature", "properties": { "decimalLatitude": -23.180744, "decimalLongitude": 43.621374, "eventDate": "2019-07-17T13:47:00Z", "countryCode": "MG" }, "geometry": { "type": "Point", "coordinates": [ 43.621374, -23.180744 ] } },
{ "type": "Feature", "properties": { "decimalLatitude": -18.868711, "decimalLongitude": 47.518188, "eventDate": "2019-08-02T16:02:41Z", "countryCode": "MG" }, "geometry": { "type": "Point", "coordinates": [ 47.518188, -18.868711 ] } },
{ "type": "Feature", "properties": { "decimalLatitude": -20.138615, "decimalLongitude": 57.732325, "eventDate": "2019-08-31T14:20:00Z", "countryCode": "MU" }, "geometry": { "type": "Point", "coordinates": [ 57.732325, -20.138615 ] } },
{ "type": "Feature", "properties": { "decimalLatitude": -18.866816, "decimalLongitude": 47.51895, "eventDate": "2019-08-04T14:56:00Z", "countryCode": "MG" }, "geometry": { "type": "Point", "coordinates": [ 47.51895, -18.866816 ] } },
{ "type": "Feature", "properties": { "decimalLatitude": -20.380947, "decimalLongitude": 57.36425, "eventDate": "2019-08-30T15:03:00Z", "countryCode": "MU" }, "geometry": { "type": "Point", "coordinates": [ 57.36425, -20.380947 ] } },
{ "type": "Feature", "properties": { "decimalLatitude": -25.005944, "decimalLongitude": 46.303344, "eventDate": "2019-08-08T14:13:18Z", "countryCode": "MG" }, "geometry": { "type": "Point", "coordinates": [ 46.303344, -25.005944 ] } },
{ "type": "Feature", "properties": { "decimalLatitude": -18.87919, "decimalLongitude": 47.507906, "eventDate": "2019-08-19T23:57:00Z", "countryCode": "MG" }, "geometry": { "type": "Point", "coordinates": [ 47.507906, -18.87919 ] } },
{ "type": "Feature", "properties": { "decimalLatitude": -18.868713, "decimalLongitude": 47.517425, "eventDate": "2019-10-09T05:26:00Z", "countryCode": "MG" }, "geometry": { "type": "Point", "coordinates": [ 47.517425, -18.868713 ] } },
{ "type": "Feature", "properties": { "decimalLatitude": -18.97412, "decimalLongitude": 48.350585, "eventDate": "2019-10-05T12:41:00Z", "countryCode": "MG" }, "geometry": { "type": "Point", "coordinates": [ 48.350585, -18.97412 ] } },
{ "type": "Feature", "properties": { "decimalLatitude": -22.592063, "decimalLongitude": 45.392208, "eventDate": "2019-10-03T03:45:00Z", "countryCode": "MG" }, "geometry": { "type": "Point", "coordinates": [ 45.392208, -22.592063 ] } },
{ "type": "Feature", "properties": { "decimalLatitude": -22.539797, "decimalLongitude": 45.381358, "eventDate": "2019-10-03T23:20:00Z", "countryCode": "MG" }, "geometry": { "type": "Point", "coordinates": [ 45.381358, -22.539797 ] } },
{ "type": "Feature", "properties": { "decimalLatitude": -18.894991, "decimalLongitude": 48.138596, "eventDate": "2019-10-24T11:59:00Z", "countryCode": "MG" }, "geometry": { "type": "Point", "coordinates": [ 48.138596, -18.894991 ] } },
{ "type": "Feature", "properties": { "decimalLatitude": -20.06952, "decimalLongitude": 44.583139, "eventDate": "2019-10-05T10:27:00Z", "countryCode": "MG" }, "geometry": { "type": "Point", "coordinates": [ 44.583139, -20.06952 ] } },
{ "type": "Feature", "properties": { "decimalLatitude": -22.884082, "decimalLongitude": 44.69294, "eventDate": "2019-10-15T09:34:00Z", "countryCode": "MG" }, "geometry": { "type": "Point", "coordinates": [ 44.69294, -22.884082 ] } },
{ "type": "Feature", "properties": { "decimalLatitude": -18.868395, "decimalLongitude": 47.518508, "eventDate": "2019-10-23T18:04:00Z", "countryCode": "MG" }, "geometry": { "type": "Point", "coordinates": [ 47.518508, -18.868395 ] } },
{ "type": "Feature", "properties": { "decimalLatitude": -18.868431, "decimalLongitude": 47.518318, "eventDate": "2019-10-23T17:58:00Z", "countryCode": "MG" }, "geometry": { "type": "Point", "coordinates": [ 47.518318, -18.868431 ] } },
{ "type": "Feature", "properties": { "decimalLatitude": -18.868632, "decimalLongitude": 47.517528, "eventDate": "2019-10-23T14:26:00Z", "countryCode": "MG" }, "geometry": { "type": "Point", "coordinates": [ 47.517528, -18.868632 ] } },
{ "type": "Feature", "properties": { "decimalLatitude": -18.868362, "decimalLongitude": 47.518624, "eventDate": "2019-10-23T11:14:00Z", "countryCode": "MG" }, "geometry": { "type": "Point", "coordinates": [ 47.518624, -18.868362 ] } },
{ "type": "Feature", "properties": { "decimalLatitude": -24.945575, "decimalLongitude": 46.629661, "eventDate": "2019-11-06T09:53:00Z", "countryCode": "MG" }, "geometry": { "type": "Point", "coordinates": [ 46.629661, -24.945575 ] } },
{ "type": "Feature", "properties": { "decimalLatitude": -18.994585, "decimalLongitude": 46.908078, "eventDate": "2019-11-17T09:23:00Z", "countryCode": "MG" }, "geometry": { "type": "Point", "coordinates": [ 46.908078, -18.994585 ] } },
{ "type": "Feature", "properties": { "decimalLatitude": -18.867834, "decimalLongitude": 47.519347, "eventDate": "2019-11-04T00:00:00Z", "countryCode": "MG" }, "geometry": { "type": "Point", "coordinates": [ 47.519347, -18.867834 ] } },
{ "type": "Feature", "properties": { "decimalLatitude": -19.871749, "decimalLongitude": 46.963576, "eventDate": "2019-11-04T01:09:00Z", "countryCode": "MG" }, "geometry": { "type": "Point", "coordinates": [ 46.963576, -19.871749 ] } },
{ "type": "Feature", "properties": { "decimalLatitude": -22.539814, "decimalLongitude": 45.383497, "eventDate": "2019-12-31T08:33:00Z", "countryCode": "MG" }, "geometry": { "type": "Point", "coordinates": [ 45.383497, -22.539814 ] } },
{ "type": "Feature", "properties": { "decimalLatitude": -12.91917, "decimalLongitude": 45.1487, "eventDate": "2021-01-25T00:00:00Z", "countryCode": "YT" }, "geometry": { "type": "Point", "coordinates": [ 45.1487, -12.91917 ] } },
{ "type": "Feature", "properties": { "decimalLatitude": -12.91917, "decimalLongitude": 45.1487, "eventDate": "2021-01-25T00:00:00Z", "countryCode": "YT" }, "geometry": { "type": "Point", "coordinates": [ 45.1487, -12.91917 ] } },
{ "type": "Feature", "properties": { "decimalLatitude": -12.77824, "decimalLongitude": 45.28237, "eventDate": "2021-01-30T00:00:00Z", "countryCode": "YT" }, "geometry": { "type": "Point", "coordinates": [ 45.28237, -12.77824 ] } },
{ "type": "Feature", "properties": { "decimalLatitude": -12.77824, "decimalLongitude": 45.28237, "eventDate": "2021-01-29T00:00:00Z", "countryCode": "YT" }, "geometry": { "type": "Point", "coordinates": [ 45.28237, -12.77824 ] } },
{ "type": "Feature", "properties": { "decimalLatitude": -12.77824, "decimalLongitude": 45.28237, "eventDate": "2021-01-28T00:00:00Z", "countryCode": "YT" }, "geometry": { "type": "Point", "coordinates": [ 45.28237, -12.77824 ] } },
{ "type": "Feature", "properties": { "decimalLatitude": -12.77824, "decimalLongitude": 45.28237, "eventDate": "2021-01-30T00:00:00Z", "countryCode": "YT" }, "geometry": { "type": "Point", "coordinates": [ 45.28237, -12.77824 ] } },
{ "type": "Feature", "properties": { "decimalLatitude": -20.459466, "decimalLongitude": 57.32731, "eventDate": "2021-03-05T08:46:00Z", "countryCode": "MU" }, "geometry": { "type": "Point", "coordinates": [ 57.32731, -20.459466 ] } },
{ "type": "Feature", "properties": { "decimalLatitude": -20.459173, "decimalLongitude": 57.327278, "eventDate": "2021-03-05T08:47:00Z", "countryCode": "MU" }, "geometry": { "type": "Point", "coordinates": [ 57.327278, -20.459173 ] } },
{ "type": "Feature", "properties": { "decimalLatitude": -18.937393, "decimalLongitude": 47.555106, "eventDate": "2021-03-12T15:49:31Z", "countryCode": "MG" }, "geometry": { "type": "Point", "coordinates": [ 47.555106, -18.937393 ] } },
{ "type": "Feature", "properties": { "decimalLatitude": -18.933308, "decimalLongitude": 47.568606, "eventDate": "2021-04-18T15:57:00Z", "countryCode": "MG" }, "geometry": { "type": "Point", "coordinates": [ 47.568606, -18.933308 ] } },
{ "type": "Feature", "properties": { "decimalLatitude": -12.98065, "decimalLongitude": 45.13831, "eventDate": "2021-04-28T00:00:00Z", "countryCode": "YT" }, "geometry": { "type": "Point", "coordinates": [ 45.13831, -12.98065 ] } },
{ "type": "Feature", "properties": { "decimalLatitude": -20.88278, "decimalLongitude": 55.500782, "eventDate": "2021-06-22T12:35:11Z", "countryCode": "RE" }, "geometry": { "type": "Point", "coordinates": [ 55.500782, -20.88278 ] } },
{ "type": "Feature", "properties": { "decimalLatitude": -20.877324, "decimalLongitude": 55.436849, "eventDate": "2021-06-24T14:36:00Z", "countryCode": "RE" }, "geometry": { "type": "Point", "coordinates": [ 55.436849, -20.877324 ] } },
{ "type": "Feature", "properties": { "decimalLatitude": -20.267468, "decimalLongitude": 57.479698, "eventDate": "2021-07-15T14:05:46Z", "countryCode": "MU" }, "geometry": { "type": "Point", "coordinates": [ 57.479698, -20.267468 ] } },
{ "type": "Feature", "properties": { "decimalLatitude": -20.241892, "decimalLongitude": 57.4896, "eventDate": "2021-07-05T09:15:06Z", "countryCode": "MU" }, "geometry": { "type": "Point", "coordinates": [ 57.4896, -20.241892 ] } },
{ "type": "Feature", "properties": { "decimalLatitude": -20.241892, "decimalLongitude": 57.4896, "eventDate": "2021-07-07T09:41:24Z", "countryCode": "MU" }, "geometry": { "type": "Point", "coordinates": [ 57.4896, -20.241892 ] } },
{ "type": "Feature", "properties": { "decimalLatitude": -20.267468, "decimalLongitude": 57.479698, "eventDate": "2021-07-16T08:00:21Z", "countryCode": "MU" }, "geometry": { "type": "Point", "coordinates": [ 57.479698, -20.267468 ] } },
{ "type": "Feature", "properties": { "decimalLatitude": -20.89027, "decimalLongitude": 55.51822, "eventDate": "2021-07-22T00:00:00Z", "countryCode": "RE" }, "geometry": { "type": "Point", "coordinates": [ 55.51822, -20.89027 ] } },
{ "type": "Feature", "properties": { "decimalLatitude": -12.837932, "decimalLongitude": 45.181649, "eventDate": "2021-08-11T15:06:00Z", "countryCode": "YT" }, "geometry": { "type": "Point", "coordinates": [ 45.181649, -12.837932 ] } },
{ "type": "Feature", "properties": { "decimalLatitude": -11.468822, "decimalLongitude": 43.360964, "eventDate": "2021-09-03T14:07:00Z", "countryCode": "KM" }, "geometry": { "type": "Point", "coordinates": [ 43.360964, -11.468822 ] } },
{ "type": "Feature", "properties": { "decimalLatitude": -20.142873, "decimalLongitude": 57.729702, "eventDate": "2021-10-21T00:00:00Z", "countryCode": "MU" }, "geometry": { "type": "Point", "coordinates": [ 57.729702, -20.142873 ] } },
{ "type": "Feature", "properties": { "decimalLatitude": -21.077402, "decimalLongitude": 55.229546, "eventDate": "2021-10-15T00:00:00Z", "countryCode": "RE" }, "geometry": { "type": "Point", "coordinates": [ 55.229546, -21.077402 ] } },
{ "type": "Feature", "properties": { "decimalLatitude": -20.90774, "decimalLongitude": 55.448558, "eventDate": "2021-11-21T06:27:00Z", "countryCode": "RE" }, "geometry": { "type": "Point", "coordinates": [ 55.448558, -20.90774 ] } },
{ "type": "Feature", "properties": { "decimalLatitude": -20.5369, "decimalLongitude": 47.242031, "eventDate": "2021-12-04T11:20:44Z", "countryCode": "MG" }, "geometry": { "type": "Point", "coordinates": [ 47.242031, -20.5369 ] } },
{ "type": "Feature", "properties": { "decimalLatitude": -20.949139, "decimalLongitude": 55.301222, "eventDate": "2021-12-13T10:38:00Z", "countryCode": "RE" }, "geometry": { "type": "Point", "coordinates": [ 55.301222, -20.949139 ] } },
{ "type": "Feature", "properties": { "decimalLatitude": -20.89651, "decimalLongitude": 55.52735, "eventDate": "2022-02-15T00:00:00Z", "countryCode": "RE" }, "geometry": { "type": "Point", "coordinates": [ 55.52735, -20.89651 ] } },
{ "type": "Feature", "properties": { "decimalLatitude": -20.88967, "decimalLongitude": 55.51774, "eventDate": "2022-02-17T00:00:00Z", "countryCode": "RE" }, "geometry": { "type": "Point", "coordinates": [ 55.51774, -20.88967 ] } },
{ "type": "Feature", "properties": { "decimalLatitude": -20.460592, "decimalLongitude": 57.310167, "eventDate": "2022-03-10T16:43:28Z", "countryCode": "MU" }, "geometry": { "type": "Point", "coordinates": [ 57.310167, -20.460592 ] } },
{ "type": "Feature", "properties": { "decimalLatitude": -18.808397, "decimalLongitude": 47.464332, "eventDate": "2022-04-01T11:15:00Z", "countryCode": "MG" }, "geometry": { "type": "Point", "coordinates": [ 47.464332, -18.808397 ] } },
{ "type": "Feature", "properties": { "decimalLatitude": -20.267383, "decimalLongitude": 57.479698, "eventDate": "2022-05-12T08:45:08Z", "countryCode": "MU" }, "geometry": { "type": "Point", "coordinates": [ 57.479698, -20.267383 ] } },
{ "type": "Feature", "properties": { "decimalLatitude": -20.296058, "decimalLongitude": 57.363644, "eventDate": "2022-05-23T09:26:13Z", "countryCode": "MU" }, "geometry": { "type": "Point", "coordinates": [ 57.363644, -20.296058 ] } },
{ "type": "Feature", "properties": { "decimalLatitude": -20.452406, "decimalLongitude": 57.314332, "eventDate": "2022-05-28T12:43:00Z", "countryCode": "MU" }, "geometry": { "type": "Point", "coordinates": [ 57.314332, -20.452406 ] } },
{ "type": "Feature", "properties": { "decimalLatitude": -11.653558, "decimalLongitude": 43.326587, "eventDate": "2022-05-18T12:18:00Z", "countryCode": "KM" }, "geometry": { "type": "Point", "coordinates": [ 43.326587, -11.653558 ] } },
{ "type": "Feature", "properties": { "decimalLatitude": -21.140742, "decimalLongitude": 55.279182, "eventDate": "2022-06-13T16:16:00Z", "countryCode": "RE" }, "geometry": { "type": "Point", "coordinates": [ 55.279182, -21.140742 ] } },
{ "type": "Feature", "properties": { "decimalLatitude": -22.732573, "decimalLongitude": 43.343231, "eventDate": "2022-06-17T11:19:00Z", "countryCode": "MG" }, "geometry": { "type": "Point", "coordinates": [ 43.343231, -22.732573 ] } },
{ "type": "Feature", "properties": { "decimalLatitude": -19.704332, "decimalLongitude": 63.448838, "eventDate": "2022-06-16T12:14:00Z", "countryCode": "MU" }, "geometry": { "type": "Point", "coordinates": [ 63.448838, -19.704332 ] } },
{ "type": "Feature", "properties": { "decimalLatitude": -20.178287, "decimalLongitude": 57.500887, "eventDate": "2022-07-02T12:42:00Z", "countryCode": "MU" }, "geometry": { "type": "Point", "coordinates": [ 57.500887, -20.178287 ] } },
{ "type": "Feature", "properties": { "decimalLatitude": -20.452222, "decimalLongitude": 57.328453, "eventDate": "2022-07-15T14:02:25Z", "countryCode": "MU" }, "geometry": { "type": "Point", "coordinates": [ 57.328453, -20.452222 ] } },
{ "type": "Feature", "properties": { "decimalLatitude": -19.851364, "decimalLongitude": 44.647564, "eventDate": "2022-07-21T10:20:00Z", "countryCode": "MG" }, "geometry": { "type": "Point", "coordinates": [ 44.647564, -19.851364 ] } },
{ "type": "Feature", "properties": { "decimalLatitude": -21.290057, "decimalLongitude": 55.39039, "eventDate": "2022-07-05T12:04:00Z", "countryCode": "RE" }, "geometry": { "type": "Point", "coordinates": [ 55.39039, -21.290057 ] } },
{ "type": "Feature", "properties": { "decimalLatitude": -19.709328, "decimalLongitude": 63.370555, "eventDate": "2022-07-15T09:05:00Z", "countryCode": "MU" }, "geometry": { "type": "Point", "coordinates": [ 63.370555, -19.709328 ] } },
{ "type": "Feature", "properties": { "decimalLatitude": -19.701055, "decimalLongitude": 63.407274, "eventDate": "2022-07-15T10:11:00Z", "countryCode": "MU" }, "geometry": { "type": "Point", "coordinates": [ 63.407274, -19.701055 ] } },
{ "type": "Feature", "properties": { "decimalLatitude": -21.289794, "decimalLongitude": 55.391002, "eventDate": "2022-07-10T08:53:00Z", "countryCode": "RE" }, "geometry": { "type": "Point", "coordinates": [ 55.391002, -21.289794 ] } },
{ "type": "Feature", "properties": { "decimalLatitude": -21.109436, "decimalLongitude": 55.261003, "eventDate": "2022-08-14T15:39:32Z", "countryCode": "RE" }, "geometry": { "type": "Point", "coordinates": [ 55.261003, -21.109436 ] } },
{ "type": "Feature", "properties": { "decimalLatitude": -20.744255, "decimalLongitude": 45.542216, "eventDate": "2022-08-30T09:12:00Z", "countryCode": "MG" }, "geometry": { "type": "Point", "coordinates": [ 45.542216, -20.744255 ] } },
{ "type": "Feature", "properties": { "decimalLatitude": -20.009094, "decimalLongitude": 57.662774, "eventDate": "2022-08-03T13:07:52Z", "countryCode": "MU" }, "geometry": { "type": "Point", "coordinates": [ 57.662774, -20.009094 ] } },
{ "type": "Feature", "properties": { "decimalLatitude": -22.095551, "decimalLongitude": 46.78072, "eventDate": "2022-08-06T10:00:00Z", "countryCode": "MG" }, "geometry": { "type": "Point", "coordinates": [ 46.78072, -22.095551 ] } },
{ "type": "Feature", "properties": { "decimalLatitude": -22.533298, "decimalLongitude": 45.467365, "eventDate": "2022-08-21T00:00:00Z", "countryCode": "MG" }, "geometry": { "type": "Point", "coordinates": [ 45.467365, -22.533298 ] } },
{ "type": "Feature", "properties": { "decimalLatitude": -21.22115, "decimalLongitude": 45.332935, "eventDate": "2022-08-12T16:13:00Z", "countryCode": "MG" }, "geometry": { "type": "Point", "coordinates": [ 45.332935, -21.22115 ] } },
{ "type": "Feature", "properties": { "decimalLatitude": -19.879746, "decimalLongitude": 46.966621, "eventDate": "2022-09-18T00:00:00Z", "countryCode": "MG" }, "geometry": { "type": "Point", "coordinates": [ 46.966621, -19.879746 ] } },
{ "type": "Feature", "properties": { "decimalLatitude": -22.603314, "decimalLongitude": 45.139509, "eventDate": "2022-09-20T00:00:00Z", "countryCode": "MG" }, "geometry": { "type": "Point", "coordinates": [ 45.139509, -22.603314 ] } },
{ "type": "Feature", "properties": { "decimalLatitude": -18.867261, "decimalLongitude": 47.521336, "eventDate": "2022-09-10T11:53:00Z", "countryCode": "MG" }, "geometry": { "type": "Point", "coordinates": [ 47.521336, -18.867261 ] } },
{ "type": "Feature", "properties": { "decimalLatitude": -18.806629, "decimalLongitude": 47.47103, "eventDate": "2022-10-31T09:30:00Z", "countryCode": "MG" }, "geometry": { "type": "Point", "coordinates": [ 47.47103, -18.806629 ] } },
{ "type": "Feature", "properties": { "decimalLatitude": -25.006082, "decimalLongitude": 46.309189, "eventDate": "2022-10-07T08:18:00Z", "countryCode": "MG" }, "geometry": { "type": "Point", "coordinates": [ 46.309189, -25.006082 ] } },
{ "type": "Feature", "properties": { "decimalLatitude": -25.005329, "decimalLongitude": 46.31433, "eventDate": "2022-10-07T09:01:00Z", "countryCode": "MG" }, "geometry": { "type": "Point", "coordinates": [ 46.31433, -25.005329 ] } },
{ "type": "Feature", "properties": { "decimalLatitude": -25.003455, "decimalLongitude": 46.30068, "eventDate": "2022-10-06T16:01:00Z", "countryCode": "MG" }, "geometry": { "type": "Point", "coordinates": [ 46.30068, -25.003455 ] } },
{ "type": "Feature", "properties": { "decimalLatitude": -18.868036, "decimalLongitude": 47.519088, "eventDate": "2022-10-26T08:22:00Z", "countryCode": "MG" }, "geometry": { "type": "Point", "coordinates": [ 47.519088, -18.868036 ] } },
{ "type": "Feature", "properties": { "decimalLatitude": -22.465614, "decimalLongitude": 45.261771, "eventDate": "2022-10-18T08:40:00Z", "countryCode": "MG" }, "geometry": { "type": "Point", "coordinates": [ 45.261771, -22.465614 ] } },
{ "type": "Feature", "properties": { "decimalLatitude": -25.004952, "decimalLongitude": 46.320273, "eventDate": "2022-10-23T07:18:00Z", "countryCode": "MG" }, "geometry": { "type": "Point", "coordinates": [ 46.320273, -25.004952 ] } },
{ "type": "Feature", "properties": { "decimalLatitude": -20.0091, "decimalLongitude": 57.561714, "eventDate": "2022-10-10T00:00:00Z", "countryCode": "MU" }, "geometry": { "type": "Point", "coordinates": [ 57.561714, -20.0091 ] } },
{ "type": "Feature", "properties": { "decimalLatitude": -16.314249, "decimalLongitude": 46.811124, "eventDate": "2022-11-29T09:28:00Z", "countryCode": "MG" }, "geometry": { "type": "Point", "coordinates": [ 46.811124, -16.314249 ] } },
{ "type": "Feature", "properties": { "decimalLatitude": -16.299314, "decimalLongitude": 46.815287, "eventDate": "2022-11-29T05:06:00Z", "countryCode": "MG" }, "geometry": { "type": "Point", "coordinates": [ 46.815287, -16.299314 ] } },
{ "type": "Feature", "properties": { "decimalLatitude": -22.537932, "decimalLongitude": 45.354781, "eventDate": "2022-11-04T07:38:00Z", "countryCode": "MG" }, "geometry": { "type": "Point", "coordinates": [ 45.354781, -22.537932 ] } },
{ "type": "Feature", "properties": { "decimalLatitude": -20.433636, "decimalLongitude": 57.354533, "eventDate": "2022-11-27T14:18:00Z", "countryCode": "MU" }, "geometry": { "type": "Point", "coordinates": [ 57.354533, -20.433636 ] } },
{ "type": "Feature", "properties": { "decimalLatitude": -20.141617, "decimalLongitude": 57.734918, "eventDate": "2022-11-18T11:02:00Z", "countryCode": "MU" }, "geometry": { "type": "Point", "coordinates": [ 57.734918, -20.141617 ] } },
{ "type": "Feature", "properties": { "decimalLatitude": -23.06193, "decimalLongitude": 43.5882, "eventDate": "2022-12-17T19:04:00Z", "countryCode": "MG" }, "geometry": { "type": "Point", "coordinates": [ 43.5882, -23.06193 ] } },
{ "type": "Feature", "properties": { "decimalLatitude": -22.645485, "decimalLongitude": 45.33453, "eventDate": "2022-12-25T12:18:00Z", "countryCode": "MG" }, "geometry": { "type": "Point", "coordinates": [ 45.33453, -22.645485 ] } },
{ "type": "Feature", "properties": { "decimalLatitude": -23.674153, "decimalLongitude": 43.649346, "eventDate": "2023-01-05T08:46:00Z", "countryCode": "MG" }, "geometry": { "type": "Point", "coordinates": [ 43.649346, -23.674153 ] } },
{ "type": "Feature", "properties": { "decimalLatitude": -23.674863, "decimalLongitude": 43.649939, "eventDate": "2023-01-05T09:16:00Z", "countryCode": "MG" }, "geometry": { "type": "Point", "coordinates": [ 43.649939, -23.674863 ] } },
{ "type": "Feature", "properties": { "decimalLatitude": -22.655629, "decimalLongitude": 43.321501, "eventDate": "2023-01-04T17:30:00Z", "countryCode": "MG" }, "geometry": { "type": "Point", "coordinates": [ 43.321501, -22.655629 ] } },
{ "type": "Feature", "properties": { "decimalLatitude": -21.446124, "decimalLongitude": 47.06166, "eventDate": "2023-01-09T20:40:00Z", "countryCode": "MG" }, "geometry": { "type": "Point", "coordinates": [ 47.06166, -21.446124 ] } },
{ "type": "Feature", "properties": { "decimalLatitude": -19.020451, "decimalLongitude": 47.220903, "eventDate": "2023-02-01T05:39:00Z", "countryCode": "MG" }, "geometry": { "type": "Point", "coordinates": [ 47.220903, -19.020451 ] } },
{ "type": "Feature", "properties": { "decimalLatitude": -20.972933, "decimalLongitude": 55.318528, "eventDate": "2023-03-09T09:50:41Z", "countryCode": "RE" }, "geometry": { "type": "Point", "coordinates": [ 55.318528, -20.972933 ] } },
{ "type": "Feature", "properties": { "decimalLatitude": -20.200083, "decimalLongitude": 57.527817, "eventDate": "2023-03-12T14:11:04Z", "countryCode": "MU" }, "geometry": { "type": "Point", "coordinates": [ 57.527817, -20.200083 ] } },
{ "type": "Feature", "properties": { "decimalLatitude": -17.430187, "decimalLongitude": 48.592362, "eventDate": "2023-03-30T09:05:12Z", "countryCode": "MG" }, "geometry": { "type": "Point", "coordinates": [ 48.592362, -17.430187 ] } },
{ "type": "Feature", "properties": { "decimalLatitude": -20.85195, "decimalLongitude": 55.283312, "eventDate": "2023-03-05T00:00:00Z", "countryCode": "RE" }, "geometry": { "type": "Point", "coordinates": [ 55.283312, -20.85195 ] } },
{ "type": "Feature", "properties": { "decimalLatitude": -18.760322, "decimalLongitude": 47.56185, "eventDate": "2023-04-21T03:39:00Z", "countryCode": "MG" }, "geometry": { "type": "Point", "coordinates": [ 47.56185, -18.760322 ] } },
{ "type": "Feature", "properties": { "decimalLatitude": -18.760625, "decimalLongitude": 47.562572, "eventDate": "2023-04-21T03:21:00Z", "countryCode": "MG" }, "geometry": { "type": "Point", "coordinates": [ 47.562572, -18.760625 ] } },
{ "type": "Feature", "properties": { "decimalLatitude": -18.760414, "decimalLongitude": 47.562231, "eventDate": "2023-04-21T02:33:00Z", "countryCode": "MG" }, "geometry": { "type": "Point", "coordinates": [ 47.562231, -18.760414 ] } },
{ "type": "Feature", "properties": { "decimalLatitude": -21.007986, "decimalLongitude": 55.291653, "eventDate": "2023-04-10T12:07:00Z", "countryCode": "RE" }, "geometry": { "type": "Point", "coordinates": [ 55.291653, -21.007986 ] } },
{ "type": "Feature", "properties": { "decimalLatitude": -20.205475, "decimalLongitude": 57.786873, "eventDate": "2023-05-18T15:25:05Z", "countryCode": "MU" }, "geometry": { "type": "Point", "coordinates": [ 57.786873, -20.205475 ] } },
{ "type": "Feature", "properties": { "decimalLatitude": -18.867497, "decimalLongitude": 47.518376, "eventDate": "2023-05-25T10:06:40Z", "countryCode": "MG" }, "geometry": { "type": "Point", "coordinates": [ 47.518376, -18.867497 ] } },
{ "type": "Feature", "properties": { "decimalLatitude": -18.235628, "decimalLongitude": 47.411499, "eventDate": "2023-05-17T00:00:00Z", "countryCode": "MG" }, "geometry": { "type": "Point", "coordinates": [ 47.411499, -18.235628 ] } },
{ "type": "Feature", "properties": { "decimalLatitude": -22.110503, "decimalLongitude": 43.250053, "eventDate": "2023-05-10T11:05:49Z", "countryCode": "MG" }, "geometry": { "type": "Point", "coordinates": [ 43.250053, -22.110503 ] } },
{ "type": "Feature", "properties": { "decimalLatitude": -18.8673, "decimalLongitude": 47.521443, "eventDate": "2023-05-24T10:43:00Z", "countryCode": "MG" }, "geometry": { "type": "Point", "coordinates": [ 47.521443, -18.8673 ] } },
{ "type": "Feature", "properties": { "decimalLatitude": -23.415142, "decimalLongitude": 43.755881, "eventDate": "2023-05-14T01:48:00Z", "countryCode": "MG" }, "geometry": { "type": "Point", "coordinates": [ 43.755881, -23.415142 ] } },
{ "type": "Feature", "properties": { "decimalLatitude": -23.12345, "decimalLongitude": 43.625189, "eventDate": "2023-05-15T03:31:00Z", "countryCode": "MG" }, "geometry": { "type": "Point", "coordinates": [ 43.625189, -23.12345 ] } },
{ "type": "Feature", "properties": { "decimalLatitude": -23.426077, "decimalLongitude": 43.826328, "eventDate": "2023-05-20T12:30:00Z", "countryCode": "MG" }, "geometry": { "type": "Point", "coordinates": [ 43.826328, -23.426077 ] } },
{ "type": "Feature", "properties": { "decimalLatitude": -18.943625, "decimalLongitude": 46.905999, "eventDate": "2023-06-18T12:39:00Z", "countryCode": "MG" }, "geometry": { "type": "Point", "coordinates": [ 46.905999, -18.943625 ] } },
{ "type": "Feature", "properties": { "decimalLatitude": -18.867666, "decimalLongitude": 47.519173, "eventDate": "2023-06-16T09:16:00Z", "countryCode": "MG" }, "geometry": { "type": "Point", "coordinates": [ 47.519173, -18.867666 ] } },
{ "type": "Feature", "properties": { "decimalLatitude": -20.038907, "decimalLongitude": 57.545617, "eventDate": "2023-06-16T00:00:00Z", "countryCode": "MU" }, "geometry": { "type": "Point", "coordinates": [ 57.545617, -20.038907 ] } },
{ "type": "Feature", "properties": { "decimalLatitude": -20.039119, "decimalLongitude": 57.546014, "eventDate": "2023-06-28T00:00:00Z", "countryCode": "MU" }, "geometry": { "type": "Point", "coordinates": [ 57.546014, -20.039119 ] } },
{ "type": "Feature", "properties": { "decimalLatitude": -20.173292, "decimalLongitude": 57.492639, "eventDate": "2023-07-20T06:08:00Z", "countryCode": "MU" }, "geometry": { "type": "Point", "coordinates": [ 57.492639, -20.173292 ] } },
{ "type": "Feature", "properties": { "decimalLatitude": -20.451834, "decimalLongitude": 57.320059, "eventDate": "2023-07-12T14:48:26Z", "countryCode": "MU" }, "geometry": { "type": "Point", "coordinates": [ 57.320059, -20.451834 ] } },
{ "type": "Feature", "properties": { "decimalLatitude": -20.362447, "decimalLongitude": 57.392784, "eventDate": "2023-07-18T07:47:00Z", "countryCode": "MU" }, "geometry": { "type": "Point", "coordinates": [ 57.392784, -20.362447 ] } },
{ "type": "Feature", "properties": { "decimalLatitude": -20.170951, "decimalLongitude": 57.770125, "eventDate": "2023-07-14T10:35:00Z", "countryCode": "MU" }, "geometry": { "type": "Point", "coordinates": [ 57.770125, -20.170951 ] } },
{ "type": "Feature", "properties": { "decimalLatitude": -18.954326, "decimalLongitude": 47.3592, "eventDate": "2023-07-15T11:52:00Z", "countryCode": "MG" }, "geometry": { "type": "Point", "coordinates": [ 47.3592, -18.954326 ] } },
{ "type": "Feature", "properties": { "decimalLatitude": -22.562386, "decimalLongitude": 43.304668, "eventDate": "2023-07-28T05:14:00Z", "countryCode": "MG" }, "geometry": { "type": "Point", "coordinates": [ 43.304668, -22.562386 ] } },
{ "type": "Feature", "properties": { "decimalLatitude": -23.123081, "decimalLongitude": 43.62347, "eventDate": "2023-07-17T16:25:00Z", "countryCode": "MG" }, "geometry": { "type": "Point", "coordinates": [ 43.62347, -23.123081 ] } },
{ "type": "Feature", "properties": { "decimalLatitude": -22.39809, "decimalLongitude": 45.296203, "eventDate": "2023-07-05T10:37:00Z", "countryCode": "MG" }, "geometry": { "type": "Point", "coordinates": [ 45.296203, -22.39809 ] } },
{ "type": "Feature", "properties": { "decimalLatitude": -18.907922, "decimalLongitude": 47.518792, "eventDate": "2023-08-18T10:40:09Z", "countryCode": "MG" }, "geometry": { "type": "Point", "coordinates": [ 47.518792, -18.907922 ] } },
{ "type": "Feature", "properties": { "decimalLatitude": -22.566162, "decimalLongitude": 45.366256, "eventDate": "2023-08-08T13:24:00Z", "countryCode": "MG" }, "geometry": { "type": "Point", "coordinates": [ 45.366256, -22.566162 ] } },
{ "type": "Feature", "properties": { "decimalLatitude": -20.024902, "decimalLongitude": 57.551455, "eventDate": "2023-08-11T00:00:00Z", "countryCode": "MU" }, "geometry": { "type": "Point", "coordinates": [ 57.551455, -20.024902 ] } },
{ "type": "Feature", "properties": { "decimalLatitude": -18.867625, "decimalLongitude": 47.51868, "eventDate": "2023-08-22T09:47:00Z", "countryCode": "MG" }, "geometry": { "type": "Point", "coordinates": [ 47.51868, -18.867625 ] } },
{ "type": "Feature", "properties": { "decimalLatitude": -18.868666, "decimalLongitude": 47.517375, "eventDate": "2023-08-21T12:14:31Z", "countryCode": "MG" }, "geometry": { "type": "Point", "coordinates": [ 47.517375, -18.868666 ] } },
{ "type": "Feature", "properties": { "decimalLatitude": -21.388126, "decimalLongitude": 55.645677, "eventDate": "2023-09-27T14:04:35Z", "countryCode": "RE" }, "geometry": { "type": "Point", "coordinates": [ 55.645677, -21.388126 ] } },
{ "type": "Feature", "properties": { "decimalLatitude": -18.931651, "decimalLongitude": 47.950087, "eventDate": "2023-09-13T00:00:00Z", "countryCode": "MG" }, "geometry": { "type": "Point", "coordinates": [ 47.950087, -18.931651 ] } },
{ "type": "Feature", "properties": { "decimalLatitude": -20.087467, "decimalLongitude": 57.515992, "eventDate": "2023-10-05T20:27:05Z", "countryCode": "MU" }, "geometry": { "type": "Point", "coordinates": [ 57.515992, -20.087467 ] } },
{ "type": "Feature", "properties": { "decimalLatitude": -20.137922, "decimalLongitude": 57.733067, "eventDate": "2023-10-08T10:39:00Z", "countryCode": "MU" }, "geometry": { "type": "Point", "coordinates": [ 57.733067, -20.137922 ] } },
{ "type": "Feature", "properties": { "decimalLatitude": -21.281922, "decimalLongitude": 55.507545, "eventDate": "2023-10-14T16:34:20Z", "countryCode": "RE" }, "geometry": { "type": "Point", "coordinates": [ 55.507545, -21.281922 ] } },
{ "type": "Feature", "properties": { "decimalLatitude": -18.867488, "decimalLongitude": 47.519207, "eventDate": "2023-10-22T10:34:00Z", "countryCode": "MG" }, "geometry": { "type": "Point", "coordinates": [ 47.519207, -18.867488 ] } },
{ "type": "Feature", "properties": { "decimalLatitude": -18.867711, "decimalLongitude": 47.519314, "eventDate": "2023-10-22T15:57:00Z", "countryCode": "MG" }, "geometry": { "type": "Point", "coordinates": [ 47.519314, -18.867711 ] } },
{ "type": "Feature", "properties": { "decimalLatitude": -18.858881, "decimalLongitude": 47.46814, "eventDate": "2023-10-05T10:01:00Z", "countryCode": "MG" }, "geometry": { "type": "Point", "coordinates": [ 47.46814, -18.858881 ] } },
{ "type": "Feature", "properties": { "decimalLatitude": -22.887839, "decimalLongitude": 44.695153, "eventDate": "2023-10-09T12:31:00Z", "countryCode": "MG" }, "geometry": { "type": "Point", "coordinates": [ 44.695153, -22.887839 ] } },
{ "type": "Feature", "properties": { "decimalLatitude": -18.760235, "decimalLongitude": 47.562537, "eventDate": "2023-10-28T12:19:44Z", "countryCode": "MG" }, "geometry": { "type": "Point", "coordinates": [ 47.562537, -18.760235 ] } },
{ "type": "Feature", "properties": { "decimalLatitude": -20.527685, "decimalLongitude": 47.244629, "eventDate": "2023-10-29T00:00:00Z", "countryCode": "MG" }, "geometry": { "type": "Point", "coordinates": [ 47.244629, -20.527685 ] } },
{ "type": "Feature", "properties": { "decimalLatitude": -20.527685, "decimalLongitude": 47.244629, "eventDate": "2023-10-29T00:00:00Z", "countryCode": "MG" }, "geometry": { "type": "Point", "coordinates": [ 47.244629, -20.527685 ] } },
{ "type": "Feature", "properties": { "decimalLatitude": -20.109267, "decimalLongitude": 57.578607, "eventDate": "2023-10-20T12:50:00Z", "countryCode": "MU" }, "geometry": { "type": "Point", "coordinates": [ 57.578607, -20.109267 ] } },
{ "type": "Feature", "properties": { "decimalLatitude": -18.867711, "decimalLongitude": 47.519314, "eventDate": "2023-10-20T23:05:00Z", "countryCode": "MG" }, "geometry": { "type": "Point", "coordinates": [ 47.519314, -18.867711 ] } },
{ "type": "Feature", "properties": { "decimalLatitude": -19.87122, "decimalLongitude": 46.976737, "eventDate": "2023-10-31T10:19:00Z", "countryCode": "MG" }, "geometry": { "type": "Point", "coordinates": [ 46.976737, -19.87122 ] } },
{ "type": "Feature", "properties": { "decimalLatitude": -18.867691, "decimalLongitude": 47.51793, "eventDate": "2023-10-24T10:07:00Z", "countryCode": "MG" }, "geometry": { "type": "Point", "coordinates": [ 47.51793, -18.867691 ] } },
{ "type": "Feature", "properties": { "decimalLatitude": -23.125049, "decimalLongitude": 43.62091, "eventDate": "2023-10-21T07:06:00Z", "countryCode": "MG" }, "geometry": { "type": "Point", "coordinates": [ 43.62091, -23.125049 ] } },
{ "type": "Feature", "properties": { "decimalLatitude": -21.136813, "decimalLongitude": 55.295887, "eventDate": "2023-11-08T13:14:00Z", "countryCode": "RE" }, "geometry": { "type": "Point", "coordinates": [ 55.295887, -21.136813 ] } },
{ "type": "Feature", "properties": { "decimalLatitude": -21.318424, "decimalLongitude": 55.486291, "eventDate": "2023-11-03T06:55:00Z", "countryCode": "RE" }, "geometry": { "type": "Point", "coordinates": [ 55.486291, -21.318424 ] } },
{ "type": "Feature", "properties": { "decimalLatitude": -18.874114, "decimalLongitude": 47.515268, "eventDate": "2023-11-13T05:50:00Z", "countryCode": "MG" }, "geometry": { "type": "Point", "coordinates": [ 47.515268, -18.874114 ] } },
{ "type": "Feature", "properties": { "decimalLatitude": -18.867582, "decimalLongitude": 47.518945, "eventDate": "2023-11-15T10:51:00Z", "countryCode": "MG" }, "geometry": { "type": "Point", "coordinates": [ 47.518945, -18.867582 ] } },
{ "type": "Feature", "properties": { "decimalLatitude": -16.314467, "decimalLongitude": 46.815303, "eventDate": "2023-11-17T10:34:00Z", "countryCode": "MG" }, "geometry": { "type": "Point", "coordinates": [ 46.815303, -16.314467 ] } },
{ "type": "Feature", "properties": { "decimalLatitude": -22.539072, "decimalLongitude": 45.378071, "eventDate": "2023-11-26T14:22:00Z", "countryCode": "MG" }, "geometry": { "type": "Point", "coordinates": [ 45.378071, -22.539072 ] } },
{ "type": "Feature", "properties": { "decimalLatitude": -18.868672, "decimalLongitude": 47.519422, "eventDate": "2023-11-11T08:37:00Z", "countryCode": "MG" }, "geometry": { "type": "Point", "coordinates": [ 47.519422, -18.868672 ] } },
{ "type": "Feature", "properties": { "decimalLatitude": -18.157202, "decimalLongitude": 47.210384, "eventDate": "2023-11-16T12:37:00Z", "countryCode": "MG" }, "geometry": { "type": "Point", "coordinates": [ 47.210384, -18.157202 ] } },
{ "type": "Feature", "properties": { "decimalLatitude": -21.044519, "decimalLongitude": 55.248637, "eventDate": "2023-11-10T00:00:00Z", "countryCode": "RE" }, "geometry": { "type": "Point", "coordinates": [ 55.248637, -21.044519 ] } },
{ "type": "Feature", "properties": { "decimalLatitude": -22.896102, "decimalLongitude": 44.695473, "eventDate": "2023-11-15T00:00:00Z", "countryCode": "MG" }, "geometry": { "type": "Point", "coordinates": [ 44.695473, -22.896102 ] } },
{ "type": "Feature", "properties": { "decimalLatitude": -22.883821, "decimalLongitude": 44.692547, "eventDate": "2023-11-03T00:00:00Z", "countryCode": "MG" }, "geometry": { "type": "Point", "coordinates": [ 44.692547, -22.883821 ] } },
{ "type": "Feature", "properties": { "decimalLatitude": -22.538689, "decimalLongitude": 45.380895, "eventDate": "2023-11-26T00:00:00Z", "countryCode": "MG" }, "geometry": { "type": "Point", "coordinates": [ 45.380895, -22.538689 ] } },
{ "type": "Feature", "properties": { "decimalLatitude": -22.538643, "decimalLongitude": 45.374379, "eventDate": "2023-11-17T00:00:00Z", "countryCode": "MG" }, "geometry": { "type": "Point", "coordinates": [ 45.374379, -22.538643 ] } },
{ "type": "Feature", "properties": { "decimalLatitude": -20.139047, "decimalLongitude": 57.735658, "eventDate": "2023-11-29T00:00:00Z", "countryCode": "MU" }, "geometry": { "type": "Point", "coordinates": [ 57.735658, -20.139047 ] } },
{ "type": "Feature", "properties": { "decimalLatitude": -22.896102, "decimalLongitude": 44.695473, "eventDate": "2023-11-15T00:00:00Z", "countryCode": "MG" }, "geometry": { "type": "Point", "coordinates": [ 44.695473, -22.896102 ] } },
{ "type": "Feature", "properties": { "decimalLatitude": -22.53977, "decimalLongitude": 45.383072, "eventDate": "2023-11-17T00:00:00Z", "countryCode": "MG" }, "geometry": { "type": "Point", "coordinates": [ 45.383072, -22.53977 ] } },
{ "type": "Feature", "properties": { "decimalLatitude": -21.240812, "decimalLongitude": 47.385432, "eventDate": "2023-11-29T08:38:00Z", "countryCode": "MG" }, "geometry": { "type": "Point", "coordinates": [ 47.385432, -21.240812 ] } },
{ "type": "Feature", "properties": { "decimalLatitude": -20.160891, "decimalLongitude": 57.501222, "eventDate": "2023-12-03T09:12:00Z", "countryCode": "MU" }, "geometry": { "type": "Point", "coordinates": [ 57.501222, -20.160891 ] } },
{ "type": "Feature", "properties": { "decimalLatitude": -18.868476, "decimalLongitude": 47.518295, "eventDate": "2023-12-08T11:39:00Z", "countryCode": "MG" }, "geometry": { "type": "Point", "coordinates": [ 47.518295, -18.868476 ] } },
{ "type": "Feature", "properties": { "decimalLatitude": -20.456888, "decimalLongitude": 57.325648, "eventDate": "2023-12-16T14:02:00Z", "countryCode": "MU" }, "geometry": { "type": "Point", "coordinates": [ 57.325648, -20.456888 ] } },
{ "type": "Feature", "properties": { "decimalLatitude": -20.452508, "decimalLongitude": 57.31437, "eventDate": "2023-12-11T00:00:00Z", "countryCode": "MU" }, "geometry": { "type": "Point", "coordinates": [ 57.31437, -20.452508 ] } },
{ "type": "Feature", "properties": { "decimalLatitude": -18.86863, "decimalLongitude": 47.518777, "eventDate": "2023-12-08T00:00:00Z", "countryCode": "MG" }, "geometry": { "type": "Point", "coordinates": [ 47.518777, -18.86863 ] } },
{ "type": "Feature", "properties": { "decimalLatitude": -21.104294, "decimalLongitude": 55.288337, "eventDate": "2024-01-23T18:47:00Z", "countryCode": "RE" }, "geometry": { "type": "Point", "coordinates": [ 55.288337, -21.104294 ] } },
{ "type": "Feature", "properties": { "decimalLatitude": -20.528395, "decimalLongitude": 47.244646, "eventDate": "2024-01-30T08:14:00Z", "countryCode": "MG" }, "geometry": { "type": "Point", "coordinates": [ 47.244646, -20.528395 ] } },
{ "type": "Feature", "properties": { "decimalLatitude": -17.430088, "decimalLongitude": 48.592312, "eventDate": "2024-02-13T09:09:27Z", "countryCode": "MG" }, "geometry": { "type": "Point", "coordinates": [ 48.592312, -17.430088 ] } },
{ "type": "Feature", "properties": { "decimalLatitude": -20.336438, "decimalLongitude": 57.462927, "eventDate": "2024-02-20T06:39:00Z", "countryCode": "MU" }, "geometry": { "type": "Point", "coordinates": [ 57.462927, -20.336438 ] } },
{ "type": "Feature", "properties": { "decimalLatitude": -18.833178, "decimalLongitude": 47.472391, "eventDate": "2024-02-22T10:49:00Z", "countryCode": "MG" }, "geometry": { "type": "Point", "coordinates": [ 47.472391, -18.833178 ] } },
{ "type": "Feature", "properties": { "decimalLatitude": -20.439063, "decimalLongitude": 57.374571, "eventDate": "2024-02-23T15:53:27Z", "countryCode": "MU" }, "geometry": { "type": "Point", "coordinates": [ 57.374571, -20.439063 ] } },
{ "type": "Feature", "properties": { "decimalLatitude": -21.294013, "decimalLongitude": 55.503992, "eventDate": "2024-02-14T00:00:00Z", "countryCode": "RE" }, "geometry": { "type": "Point", "coordinates": [ 55.503992, -21.294013 ] } },
{ "type": "Feature", "properties": { "decimalLatitude": -21.294013, "decimalLongitude": 55.503992, "eventDate": "2024-02-12T00:00:00Z", "countryCode": "RE" }, "geometry": { "type": "Point", "coordinates": [ 55.503992, -21.294013 ] } },
{ "type": "Feature", "properties": { "decimalLatitude": -18.910629, "decimalLongitude": 47.555753, "eventDate": "2024-02-21T10:21:00Z", "countryCode": "MG" }, "geometry": { "type": "Point", "coordinates": [ 47.555753, -18.910629 ] } },
{ "type": "Feature", "properties": { "decimalLatitude": -23.520942, "decimalLongitude": 43.752418, "eventDate": "2024-02-27T07:10:00Z", "countryCode": "MG" }, "geometry": { "type": "Point", "coordinates": [ 43.752418, -23.520942 ] } },
{ "type": "Feature", "properties": { "decimalLatitude": -23.64755, "decimalLongitude": 43.603762, "eventDate": "2024-03-04T06:23:00Z", "countryCode": "MG" }, "geometry": { "type": "Point", "coordinates": [ 43.603762, -23.64755 ] } },
{ "type": "Feature", "properties": { "decimalLatitude": -19.881135, "decimalLongitude": 57.66475, "eventDate": "2024-03-10T14:26:10Z", "countryCode": "MU" }, "geometry": { "type": "Point", "coordinates": [ 57.66475, -19.881135 ] } },
{ "type": "Feature", "properties": { "decimalLatitude": -20.949879, "decimalLongitude": 55.664116, "eventDate": "2024-03-21T10:15:49Z", "countryCode": "RE" }, "geometry": { "type": "Point", "coordinates": [ 55.664116, -20.949879 ] } },
{ "type": "Feature", "properties": { "decimalLatitude": -18.913499, "decimalLongitude": 47.52137, "eventDate": "2024-03-30T10:38:30Z", "countryCode": "MG" }, "geometry": { "type": "Point", "coordinates": [ 47.52137, -18.913499 ] } },
{ "type": "Feature", "properties": { "decimalLatitude": -18.912823, "decimalLongitude": 47.529799, "eventDate": "2024-03-24T10:06:00Z", "countryCode": "MG" }, "geometry": { "type": "Point", "coordinates": [ 47.529799, -18.912823 ] } },
{ "type": "Feature", "properties": { "decimalLatitude": -18.912716, "decimalLongitude": 47.529209, "eventDate": "2024-03-24T09:55:00Z", "countryCode": "MG" }, "geometry": { "type": "Point", "coordinates": [ 47.529209, -18.912716 ] } },
{ "type": "Feature", "properties": { "decimalLatitude": -18.91216, "decimalLongitude": 47.529257, "eventDate": "2024-03-24T10:11:00Z", "countryCode": "MG" }, "geometry": { "type": "Point", "coordinates": [ 47.529257, -18.91216 ] } },
{ "type": "Feature", "properties": { "decimalLatitude": -19.016985, "decimalLongitude": 47.126153, "eventDate": "2024-03-23T11:02:00Z", "countryCode": "MG" }, "geometry": { "type": "Point", "coordinates": [ 47.126153, -19.016985 ] } },
{ "type": "Feature", "properties": { "decimalLatitude": -19.878516, "decimalLongitude": 46.973269, "eventDate": "2024-04-04T12:43:06Z", "countryCode": "MG" }, "geometry": { "type": "Point", "coordinates": [ 46.973269, -19.878516 ] } },
{ "type": "Feature", "properties": { "decimalLatitude": -22.53972, "decimalLongitude": 45.38158, "eventDate": "2024-04-16T13:48:47Z", "countryCode": "MG" }, "geometry": { "type": "Point", "coordinates": [ 45.38158, -22.53972 ] } },
{ "type": "Feature", "properties": { "decimalLatitude": -18.811711, "decimalLongitude": 47.456111, "eventDate": "2024-04-27T13:41:58Z", "countryCode": "MG" }, "geometry": { "type": "Point", "coordinates": [ 47.456111, -18.811711 ] } },
{ "type": "Feature", "properties": { "decimalLatitude": -23.07734, "decimalLongitude": 43.621415, "eventDate": "2024-04-28T07:04:00Z", "countryCode": "MG" }, "geometry": { "type": "Point", "coordinates": [ 43.621415, -23.07734 ] } },
{ "type": "Feature", "properties": { "decimalLatitude": -23.11493, "decimalLongitude": 43.632863, "eventDate": "2024-04-06T00:00:00Z", "countryCode": "MG" }, "geometry": { "type": "Point", "coordinates": [ 43.632863, -23.11493 ] } },
{ "type": "Feature", "properties": { "decimalLatitude": -19.83189, "decimalLongitude": 46.861883, "eventDate": "2024-04-01T00:00:00Z", "countryCode": "MG" }, "geometry": { "type": "Point", "coordinates": [ 46.861883, -19.83189 ] } },
{ "type": "Feature", "properties": { "decimalLatitude": -23.415117, "decimalLongitude": 43.756598, "eventDate": "2024-04-05T00:00:00Z", "countryCode": "MG" }, "geometry": { "type": "Point", "coordinates": [ 43.756598, -23.415117 ] } },
{ "type": "Feature", "properties": { "decimalLatitude": -19.827357, "decimalLongitude": 46.873882, "eventDate": "2024-04-01T00:00:00Z", "countryCode": "MG" }, "geometry": { "type": "Point", "coordinates": [ 46.873882, -19.827357 ] } },
{ "type": "Feature", "properties": { "decimalLatitude": -24.99239, "decimalLongitude": 46.540117, "eventDate": "2024-04-02T14:51:00Z", "countryCode": "MG" }, "geometry": { "type": "Point", "coordinates": [ 46.540117, -24.99239 ] } },
{ "type": "Feature", "properties": { "decimalLatitude": -18.91709, "decimalLongitude": 47.522179, "eventDate": "2024-05-26T10:15:47Z", "countryCode": "MG" }, "geometry": { "type": "Point", "coordinates": [ 47.522179, -18.91709 ] } },
{ "type": "Feature", "properties": { "decimalLatitude": -18.826042, "decimalLongitude": 47.721386, "eventDate": "2024-05-20T14:12:51Z", "countryCode": "MG" }, "geometry": { "type": "Point", "coordinates": [ 47.721386, -18.826042 ] } },
{ "type": "Feature", "properties": { "decimalLatitude": -20.299999, "decimalLongitude": 57.583333, "eventDate": "2024-05-28T06:24:27Z", "countryCode": "MU" }, "geometry": { "type": "Point", "coordinates": [ 57.583333, -20.299999 ] } },
{ "type": "Feature", "properties": { "decimalLatitude": -22.213625, "decimalLongitude": 46.922245, "eventDate": "2024-05-07T08:43:00Z", "countryCode": "MG" }, "geometry": { "type": "Point", "coordinates": [ 46.922245, -22.213625 ] } },
{ "type": "Feature", "properties": { "decimalLatitude": -20.45273, "decimalLongitude": 57.352432, "eventDate": "2024-05-19T12:40:57Z", "countryCode": "MU" }, "geometry": { "type": "Point", "coordinates": [ 57.352432, -20.45273 ] } },
{ "type": "Feature", "properties": { "decimalLatitude": -18.948903, "decimalLongitude": 48.224427, "eventDate": "2024-05-02T10:02:00Z", "countryCode": "MG" }, "geometry": { "type": "Point", "coordinates": [ 48.224427, -18.948903 ] } },
{ "type": "Feature", "properties": { "decimalLatitude": -18.9136, "decimalLongitude": 47.551606, "eventDate": "2024-05-15T08:03:00Z", "countryCode": "MG" }, "geometry": { "type": "Point", "coordinates": [ 47.551606, -18.9136 ] } },
{ "type": "Feature", "properties": { "decimalLatitude": -22.465614, "decimalLongitude": 45.261771, "eventDate": "2024-05-09T12:29:00Z", "countryCode": "MG" }, "geometry": { "type": "Point", "coordinates": [ 45.261771, -22.465614 ] } },
{ "type": "Feature", "properties": { "decimalLatitude": -23.168984, "decimalLongitude": 43.60977, "eventDate": "2024-05-11T16:45:00Z", "countryCode": "MG" }, "geometry": { "type": "Point", "coordinates": [ 43.60977, -23.168984 ] } },
{ "type": "Feature", "properties": { "decimalLatitude": -18.769152, "decimalLongitude": 47.557011, "eventDate": "2024-06-29T06:54:00Z", "countryCode": "MG" }, "geometry": { "type": "Point", "coordinates": [ 47.557011, -18.769152 ] } },
{ "type": "Feature", "properties": { "decimalLatitude": -21.161661, "decimalLongitude": 55.309319, "eventDate": "2024-07-11T13:48:25Z", "countryCode": "RE" }, "geometry": { "type": "Point", "coordinates": [ 55.309319, -21.161661 ] } },
{ "type": "Feature", "properties": { "decimalLatitude": -19.929817, "decimalLongitude": 46.925411, "eventDate": "2024-07-12T00:00:00Z", "countryCode": "MG" }, "geometry": { "type": "Point", "coordinates": [ 46.925411, -19.929817 ] } },
{ "type": "Feature", "properties": { "decimalLatitude": -22.543753, "decimalLongitude": 45.377888, "eventDate": "2024-07-26T00:00:00Z", "countryCode": "MG" }, "geometry": { "type": "Point", "coordinates": [ 45.377888, -22.543753 ] } },
{ "type": "Feature", "properties": { "decimalLatitude": -22.539971, "decimalLongitude": 45.384197, "eventDate": "2024-07-31T12:05:00Z", "countryCode": "MG" }, "geometry": { "type": "Point", "coordinates": [ 45.384197, -22.539971 ] } },
{ "type": "Feature", "properties": { "decimalLatitude": -21.051069, "decimalLongitude": 55.227117, "eventDate": "2024-08-29T12:02:48Z", "countryCode": "RE" }, "geometry": { "type": "Point", "coordinates": [ 55.227117, -21.051069 ] } },
{ "type": "Feature", "properties": { "decimalLatitude": -21.051074, "decimalLongitude": 55.227134, "eventDate": "2024-08-29T12:03:04Z", "countryCode": "RE" }, "geometry": { "type": "Point", "coordinates": [ 55.227134, -21.051074 ] } },
{ "type": "Feature", "properties": { "decimalLatitude": -21.051029, "decimalLongitude": 55.22702, "eventDate": "2024-08-29T12:06:10Z", "countryCode": "RE" }, "geometry": { "type": "Point", "coordinates": [ 55.22702, -21.051029 ] } },
{ "type": "Feature", "properties": { "decimalLatitude": -21.05104, "decimalLongitude": 55.227002, "eventDate": "2024-08-29T12:07:24Z", "countryCode": "RE" }, "geometry": { "type": "Point", "coordinates": [ 55.227002, -21.05104 ] } },
{ "type": "Feature", "properties": { "decimalLatitude": -21.051041, "decimalLongitude": 55.227073, "eventDate": "2024-08-25T12:45:00Z", "countryCode": "RE" }, "geometry": { "type": "Point", "coordinates": [ 55.227073, -21.051041 ] } },
{ "type": "Feature", "properties": { "decimalLatitude": -21.051074, "decimalLongitude": 55.227128, "eventDate": "2024-08-29T12:05:35Z", "countryCode": "RE" }, "geometry": { "type": "Point", "coordinates": [ 55.227128, -21.051074 ] } },
{ "type": "Feature", "properties": { "decimalLatitude": -21.051073, "decimalLongitude": 55.227129, "eventDate": "2024-08-29T11:10:55Z", "countryCode": "RE" }, "geometry": { "type": "Point", "coordinates": [ 55.227129, -21.051073 ] } },
{ "type": "Feature", "properties": { "decimalLatitude": -21.051087, "decimalLongitude": 55.227129, "eventDate": "2024-08-29T11:11:12Z", "countryCode": "RE" }, "geometry": { "type": "Point", "coordinates": [ 55.227129, -21.051087 ] } },
{ "type": "Feature", "properties": { "decimalLatitude": -21.051077, "decimalLongitude": 55.22711, "eventDate": "2024-08-29T11:10:06Z", "countryCode": "RE" }, "geometry": { "type": "Point", "coordinates": [ 55.22711, -21.051077 ] } },
{ "type": "Feature", "properties": { "decimalLatitude": -21.051064, "decimalLongitude": 55.227129, "eventDate": "2024-08-25T12:57:41Z", "countryCode": "RE" }, "geometry": { "type": "Point", "coordinates": [ 55.227129, -21.051064 ] } },
{ "type": "Feature", "properties": { "decimalLatitude": -20.139205, "decimalLongitude": 57.729696, "eventDate": "2024-08-11T10:55:00Z", "countryCode": "MU" }, "geometry": { "type": "Point", "coordinates": [ 57.729696, -20.139205 ] } },
{ "type": "Feature", "properties": { "decimalLatitude": -20.456007, "decimalLongitude": 57.328375, "eventDate": "2024-08-31T09:31:59Z", "countryCode": "MU" }, "geometry": { "type": "Point", "coordinates": [ 57.328375, -20.456007 ] } },
{ "type": "Feature", "properties": { "decimalLatitude": -22.086382, "decimalLongitude": 46.770957, "eventDate": "2024-08-19T12:20:00Z", "countryCode": "MG" }, "geometry": { "type": "Point", "coordinates": [ 46.770957, -22.086382 ] } },
{ "type": "Feature", "properties": { "decimalLatitude": -18.868639, "decimalLongitude": 47.518324, "eventDate": "2024-08-25T11:44:00Z", "countryCode": "MG" }, "geometry": { "type": "Point", "coordinates": [ 47.518324, -18.868639 ] } },
{ "type": "Feature", "properties": { "decimalLatitude": -20.1424, "decimalLongitude": 57.730029, "eventDate": "2024-09-17T10:38:00Z", "countryCode": "MU" }, "geometry": { "type": "Point", "coordinates": [ 57.730029, -20.1424 ] } },
{ "type": "Feature", "properties": { "decimalLatitude": -20.142621, "decimalLongitude": 57.72915, "eventDate": "2024-09-17T10:35:00Z", "countryCode": "MU" }, "geometry": { "type": "Point", "coordinates": [ 57.72915, -20.142621 ] } },
{ "type": "Feature", "properties": { "decimalLatitude": -20.380886, "decimalLongitude": 57.449372, "eventDate": "2024-09-20T10:22:00Z", "countryCode": "MU" }, "geometry": { "type": "Point", "coordinates": [ 57.449372, -20.380886 ] } },
{ "type": "Feature", "properties": { "decimalLatitude": -20.891746, "decimalLongitude": 55.499678, "eventDate": "2024-09-29T11:45:00Z", "countryCode": "RE" }, "geometry": { "type": "Point", "coordinates": [ 55.499678, -20.891746 ] } },
{ "type": "Feature", "properties": { "decimalLatitude": -18.806711, "decimalLongitude": 47.471283, "eventDate": "2024-09-26T13:26:25Z", "countryCode": "MG" }, "geometry": { "type": "Point", "coordinates": [ 47.471283, -18.806711 ] } },
{ "type": "Feature", "properties": { "decimalLatitude": -20.891864, "decimalLongitude": 55.499315, "eventDate": "2024-09-29T11:42:00Z", "countryCode": "RE" }, "geometry": { "type": "Point", "coordinates": [ 55.499315, -20.891864 ] } },
{ "type": "Feature", "properties": { "decimalLatitude": -20.142571, "decimalLongitude": 57.731351, "eventDate": "2024-09-17T10:47:00Z", "countryCode": "MU" }, "geometry": { "type": "Point", "coordinates": [ 57.731351, -20.142571 ] } },
{ "type": "Feature", "properties": { "decimalLatitude": -18.868585, "decimalLongitude": 47.520367, "eventDate": "2024-09-25T12:34:00Z", "countryCode": "MG" }, "geometry": { "type": "Point", "coordinates": [ 47.520367, -18.868585 ] } },
{ "type": "Feature", "properties": { "decimalLatitude": -18.868584, "decimalLongitude": 47.520818, "eventDate": "2024-09-25T10:48:00Z", "countryCode": "MG" }, "geometry": { "type": "Point", "coordinates": [ 47.520818, -18.868584 ] } },
{ "type": "Feature", "properties": { "decimalLatitude": -18.868412, "decimalLongitude": 47.518393, "eventDate": "2024-09-04T13:00:00Z", "countryCode": "MG" }, "geometry": { "type": "Point", "coordinates": [ 47.518393, -18.868412 ] } },
{ "type": "Feature", "properties": { "decimalLatitude": -22.566455, "decimalLongitude": 45.363827, "eventDate": "2024-09-28T00:00:00Z", "countryCode": "MG" }, "geometry": { "type": "Point", "coordinates": [ 45.363827, -22.566455 ] } },
{ "type": "Feature", "properties": { "decimalLatitude": -23.116236, "decimalLongitude": 43.627614, "eventDate": "2024-10-07T16:19:10Z", "countryCode": "MG" }, "geometry": { "type": "Point", "coordinates": [ 43.627614, -23.116236 ] } },
{ "type": "Feature", "properties": { "decimalLatitude": -22.53978, "decimalLongitude": 45.383178, "eventDate": "2024-10-09T13:27:45Z", "countryCode": "MG" }, "geometry": { "type": "Point", "coordinates": [ 45.383178, -22.53978 ] } },
{ "type": "Feature", "properties": { "decimalLatitude": -18.868442, "decimalLongitude": 47.518208, "eventDate": "2024-10-14T09:35:49Z", "countryCode": "MG" }, "geometry": { "type": "Point", "coordinates": [ 47.518208, -18.868442 ] } },
{ "type": "Feature", "properties": { "decimalLatitude": -22.539789, "decimalLongitude": 45.383192, "eventDate": "2024-10-09T13:27:46Z", "countryCode": "MG" }, "geometry": { "type": "Point", "coordinates": [ 45.383192, -22.539789 ] } },
{ "type": "Feature", "properties": { "decimalLatitude": -20.367981, "decimalLongitude": 57.389198, "eventDate": "2024-10-20T17:44:02Z", "countryCode": "MU" }, "geometry": { "type": "Point", "coordinates": [ 57.389198, -20.367981 ] } },
{ "type": "Feature", "properties": { "decimalLatitude": -18.918461, "decimalLongitude": 47.521129, "eventDate": "2024-10-01T00:00:00Z", "countryCode": "MG" }, "geometry": { "type": "Point", "coordinates": [ 47.521129, -18.918461 ] } },
{ "type": "Feature", "properties": { "decimalLatitude": -21.26163, "decimalLongitude": 47.45302, "eventDate": "2024-10-16T13:45:24Z", "countryCode": "MG" }, "geometry": { "type": "Point", "coordinates": [ 47.45302, -21.26163 ] } },
{ "type": "Feature", "properties": { "decimalLatitude": -18.918461, "decimalLongitude": 47.521129, "eventDate": "2024-10-01T00:00:00Z", "countryCode": "MG" }, "geometry": { "type": "Point", "coordinates": [ 47.521129, -18.918461 ] } },
{ "type": "Feature", "properties": { "decimalLatitude": -18.867711, "decimalLongitude": 47.519314, "eventDate": "2024-10-01T00:00:00Z", "countryCode": "MG" }, "geometry": { "type": "Point", "coordinates": [ 47.519314, -18.867711 ] } },
{ "type": "Feature", "properties": { "decimalLatitude": -20.44151, "decimalLongitude": 57.348266, "eventDate": "2024-10-13T00:00:00Z", "countryCode": "MU" }, "geometry": { "type": "Point", "coordinates": [ 57.348266, -20.44151 ] } },
{ "type": "Feature", "properties": { "decimalLatitude": -22.539049, "decimalLongitude": 45.376427, "eventDate": "2024-10-31T00:00:00Z", "countryCode": "MG" }, "geometry": { "type": "Point", "coordinates": [ 45.376427, -22.539049 ] } },
{ "type": "Feature", "properties": { "decimalLatitude": -22.540022, "decimalLongitude": 45.384087, "eventDate": "2024-10-21T00:00:00Z", "countryCode": "MG" }, "geometry": { "type": "Point", "coordinates": [ 45.384087, -22.540022 ] } },
{ "type": "Feature", "properties": { "decimalLatitude": -18.867957, "decimalLongitude": 47.519371, "eventDate": "2024-10-18T09:37:00Z", "countryCode": "MG" }, "geometry": { "type": "Point", "coordinates": [ 47.519371, -18.867957 ] } },
{ "type": "Feature", "properties": { "decimalLatitude": -20.415255, "decimalLongitude": 57.367708, "eventDate": "2024-10-16T00:00:00Z", "countryCode": "MU" }, "geometry": { "type": "Point", "coordinates": [ 57.367708, -20.415255 ] } },
{ "type": "Feature", "properties": { "decimalLatitude": -18.917583, "decimalLongitude": 47.52165, "eventDate": "2024-10-04T09:49:00Z", "countryCode": "MG" }, "geometry": { "type": "Point", "coordinates": [ 47.52165, -18.917583 ] } },
{ "type": "Feature", "properties": { "decimalLatitude": -22.540022, "decimalLongitude": 45.384087, "eventDate": "2024-10-21T00:00:00Z", "countryCode": "MG" }, "geometry": { "type": "Point", "coordinates": [ 45.384087, -22.540022 ] } },
{ "type": "Feature", "properties": { "decimalLatitude": -19.73868, "decimalLongitude": 45.43652, "eventDate": "2024-10-10T12:35:00Z", "countryCode": "MG" }, "geometry": { "type": "Point", "coordinates": [ 45.43652, -19.73868 ] } },
{ "type": "Feature", "properties": { "decimalLatitude": -18.867774, "decimalLongitude": 47.519328, "eventDate": "2024-10-18T09:33:00Z", "countryCode": "MG" }, "geometry": { "type": "Point", "coordinates": [ 47.519328, -18.867774 ] } },
{ "type": "Feature", "properties": { "decimalLatitude": -18.86592, "decimalLongitude": 47.51934, "eventDate": "2024-11-14T10:45:29Z", "countryCode": "MG" }, "geometry": { "type": "Point", "coordinates": [ 47.51934, -18.86592 ] } },
{ "type": "Feature", "properties": { "decimalLatitude": -22.885178, "decimalLongitude": 44.693203, "eventDate": "2024-11-18T00:00:00Z", "countryCode": "MG" }, "geometry": { "type": "Point", "coordinates": [ 44.693203, -22.885178 ] } },
{ "type": "Feature", "properties": { "decimalLatitude": -22.885283, "decimalLongitude": 44.693081, "eventDate": "2024-11-01T00:00:00Z", "countryCode": "MG" }, "geometry": { "type": "Point", "coordinates": [ 44.693081, -22.885283 ] } },
{ "type": "Feature", "properties": { "decimalLatitude": -18.865964, "decimalLongitude": 47.519297, "eventDate": "2024-11-14T10:44:00Z", "countryCode": "MG" }, "geometry": { "type": "Point", "coordinates": [ 47.519297, -18.865964 ] } },
{ "type": "Feature", "properties": { "decimalLatitude": -22.888935, "decimalLongitude": 44.680327, "eventDate": "2024-11-18T11:35:00Z", "countryCode": "MG" }, "geometry": { "type": "Point", "coordinates": [ 44.680327, -22.888935 ] } },
{ "type": "Feature", "properties": { "decimalLatitude": -20.394583, "decimalLongitude": 57.455223, "eventDate": "2024-11-23T11:27:42Z", "countryCode": "MU" }, "geometry": { "type": "Point", "coordinates": [ 57.455223, -20.394583 ] } },
{ "type": "Feature", "properties": { "decimalLatitude": -11.470212, "decimalLongitude": 43.341553, "eventDate": "2024-11-12T12:34:00Z", "countryCode": "KM" }, "geometry": { "type": "Point", "coordinates": [ 43.341553, -11.470212 ] } },
{ "type": "Feature", "properties": { "decimalLatitude": -19.872994, "decimalLongitude": 47.029116, "eventDate": "2024-11-11T00:19:15Z", "countryCode": "MG" }, "geometry": { "type": "Point", "coordinates": [ 47.029116, -19.872994 ] } },
{ "type": "Feature", "properties": { "decimalLatitude": -11.474818, "decimalLongitude": 43.352715, "eventDate": "2024-11-14T12:41:00Z", "countryCode": "KM" }, "geometry": { "type": "Point", "coordinates": [ 43.352715, -11.474818 ] } },
{ "type": "Feature", "properties": { "decimalLatitude": -11.469282, "decimalLongitude": 43.357993, "eventDate": "2024-11-14T13:24:00Z", "countryCode": "KM" }, "geometry": { "type": "Point", "coordinates": [ 43.357993, -11.469282 ] } },
{ "type": "Feature", "properties": { "decimalLatitude": -18.931016, "decimalLongitude": 47.525766, "eventDate": "2024-11-21T04:01:00Z", "countryCode": "MG" }, "geometry": { "type": "Point", "coordinates": [ 47.525766, -18.931016 ] } },
{ "type": "Feature", "properties": { "decimalLatitude": -24.958362, "decimalLongitude": 46.217587, "eventDate": "2024-12-24T09:47:51Z", "countryCode": "MG" }, "geometry": { "type": "Point", "coordinates": [ 46.217587, -24.958362 ] } },
{ "type": "Feature", "properties": { "decimalLatitude": -18.86688, "decimalLongitude": 47.51779, "eventDate": "2024-12-03T00:00:00Z", "countryCode": "MG" }, "geometry": { "type": "Point", "coordinates": [ 47.51779, -18.86688 ] } },
{ "type": "Feature", "properties": { "decimalLatitude": -18.867123, "decimalLongitude": 47.518211, "eventDate": "2024-12-03T07:56:00Z", "countryCode": "MG" }, "geometry": { "type": "Point", "coordinates": [ 47.518211, -18.867123 ] } },
{ "type": "Feature", "properties": { "decimalLatitude": -20.430158, "decimalLongitude": 57.37882, "eventDate": "2025-01-06T14:55:08Z", "countryCode": "MU" }, "geometry": { "type": "Point", "coordinates": [ 57.37882, -20.430158 ] } },
{ "type": "Feature", "properties": { "decimalLatitude": -18.868587, "decimalLongitude": 47.519245, "eventDate": "2025-01-04T09:53:24Z", "countryCode": "MG" }, "geometry": { "type": "Point", "coordinates": [ 47.519245, -18.868587 ] } },
{ "type": "Feature", "properties": { "decimalLatitude": -20.141064, "decimalLongitude": 57.733967, "eventDate": "2025-01-11T12:05:14Z", "countryCode": "MU" }, "geometry": { "type": "Point", "coordinates": [ 57.733967, -20.141064 ] } },
{ "type": "Feature", "properties": { "decimalLatitude": -20.383625, "decimalLongitude": 57.424518, "eventDate": "2025-01-21T10:29:46Z", "countryCode": "MU" }, "geometry": { "type": "Point", "coordinates": [ 57.424518, -20.383625 ] } },
{ "type": "Feature", "properties": { "decimalLatitude": -20.059649, "decimalLongitude": 44.641172, "eventDate": "2025-01-09T15:37:00Z", "countryCode": "MG" }, "geometry": { "type": "Point", "coordinates": [ 44.641172, -20.059649 ] } },
{ "type": "Feature", "properties": { "decimalLatitude": -18.933, "decimalLongitude": 47.951498, "eventDate": "2025-01-19T13:03:00Z", "countryCode": "MG" }, "geometry": { "type": "Point", "coordinates": [ 47.951498, -18.933 ] } },
{ "type": "Feature", "properties": { "decimalLatitude": -22.539624, "decimalLongitude": 45.381767, "eventDate": "2025-01-25T13:02:00Z", "countryCode": "MG" }, "geometry": { "type": "Point", "coordinates": [ 45.381767, -22.539624 ] } },
{ "type": "Feature", "properties": { "decimalLatitude": -20.138622, "decimalLongitude": 57.734836, "eventDate": "2025-01-09T11:31:47Z", "countryCode": "MU" }, "geometry": { "type": "Point", "coordinates": [ 57.734836, -20.138622 ] } },
{ "type": "Feature", "properties": { "decimalLatitude": -20.435962, "decimalLongitude": 57.371037, "eventDate": "2025-02-02T15:46:41Z", "countryCode": "MU" }, "geometry": { "type": "Point", "coordinates": [ 57.371037, -20.435962 ] } },
{ "type": "Feature", "properties": { "decimalLatitude": -20.435958, "decimalLongitude": 57.371033, "eventDate": "2025-02-02T14:59:50Z", "countryCode": "MU" }, "geometry": { "type": "Point", "coordinates": [ 57.371033, -20.435958 ] } },
{ "type": "Feature", "properties": { "decimalLatitude": -18.925561, "decimalLongitude": 47.562666, "eventDate": "2025-02-08T13:40:06Z", "countryCode": "MG" }, "geometry": { "type": "Point", "coordinates": [ 47.562666, -18.925561 ] } },
{ "type": "Feature", "properties": { "decimalLatitude": -23.078916, "decimalLongitude": 43.611475, "eventDate": "2025-02-22T10:03:00Z", "countryCode": "MG" }, "geometry": { "type": "Point", "coordinates": [ 43.611475, -23.078916 ] } },
{ "type": "Feature", "properties": { "decimalLatitude": -23.078642, "decimalLongitude": 43.612528, "eventDate": "2025-02-22T12:55:00Z", "countryCode": "MG" }, "geometry": { "type": "Point", "coordinates": [ 43.612528, -23.078642 ] } },
{ "type": "Feature", "properties": { "decimalLatitude": -23.078776, "decimalLongitude": 43.612117, "eventDate": "2025-02-22T12:24:00Z", "countryCode": "MG" }, "geometry": { "type": "Point", "coordinates": [ 43.612117, -23.078776 ] } },
{ "type": "Feature", "properties": { "decimalLatitude": -23.416197, "decimalLongitude": 43.756923, "eventDate": "2025-02-23T09:40:00Z", "countryCode": "MG" }, "geometry": { "type": "Point", "coordinates": [ 43.756923, -23.416197 ] } },
{ "type": "Feature", "properties": { "decimalLatitude": -22.890193, "decimalLongitude": 44.371294, "eventDate": "2025-02-20T10:57:00Z", "countryCode": "MG" }, "geometry": { "type": "Point", "coordinates": [ 44.371294, -22.890193 ] } },
{ "type": "Feature", "properties": { "decimalLatitude": -12.243452, "decimalLongitude": 49.010348, "eventDate": "2025-02-24T17:02:00Z", "countryCode": "MG" }, "geometry": { "type": "Point", "coordinates": [ 49.010348, -12.243452 ] } },
{ "type": "Feature", "properties": { "decimalLatitude": -18.925633, "decimalLongitude": 47.562671, "eventDate": "2025-03-15T11:56:49Z", "countryCode": "MG" }, "geometry": { "type": "Point", "coordinates": [ 47.562671, -18.925633 ] } },
{ "type": "Feature", "properties": { "decimalLatitude": -18.925651, "decimalLongitude": 47.562651, "eventDate": "2025-03-15T11:53:16Z", "countryCode": "MG" }, "geometry": { "type": "Point", "coordinates": [ 47.562651, -18.925651 ] } },
{ "type": "Feature", "properties": { "decimalLatitude": -12.791016, "decimalLongitude": 45.100282, "eventDate": "2025-03-16T10:52:00Z", "countryCode": "YT" }, "geometry": { "type": "Point", "coordinates": [ 45.100282, -12.791016 ] } },
{ "type": "Feature", "properties": { "decimalLatitude": -18.93092, "decimalLongitude": 47.526261, "eventDate": "2025-03-07T08:07:06Z", "countryCode": "MG" }, "geometry": { "type": "Point", "coordinates": [ 47.526261, -18.93092 ] } },
{ "type": "Feature", "properties": { "decimalLatitude": -12.795842, "decimalLongitude": 45.119414, "eventDate": "2025-03-09T11:33:44Z", "countryCode": "YT" }, "geometry": { "type": "Point", "coordinates": [ 45.119414, -12.795842 ] } },
{ "type": "Feature", "properties": { "decimalLatitude": -21.025475, "decimalLongitude": 55.351365, "eventDate": "2025-03-16T12:12:50Z", "countryCode": "RE" }, "geometry": { "type": "Point", "coordinates": [ 55.351365, -21.025475 ] } },
{ "type": "Feature", "properties": { "decimalLatitude": -23.122763, "decimalLongitude": 43.620505, "eventDate": "2025-03-20T07:46:00Z", "countryCode": "MG" }, "geometry": { "type": "Point", "coordinates": [ 43.620505, -23.122763 ] } },
{ "type": "Feature", "properties": { "decimalLatitude": -17.4276, "decimalLongitude": 48.593999, "eventDate": "2025-04-14T14:15:41Z", "countryCode": "MG" }, "geometry": { "type": "Point", "coordinates": [ 48.593999, -17.4276 ] } },
{ "type": "Feature", "properties": { "decimalLatitude": -17.430138, "decimalLongitude": 48.592513, "eventDate": "2025-04-15T10:37:40Z", "countryCode": "MG" }, "geometry": { "type": "Point", "coordinates": [ 48.592513, -17.430138 ] } },
{ "type": "Feature", "properties": { "decimalLatitude": -18.92564, "decimalLongitude": 47.562526, "eventDate": "2025-04-05T14:09:08Z", "countryCode": "MG" }, "geometry": { "type": "Point", "coordinates": [ 47.562526, -18.92564 ] } },
{ "type": "Feature", "properties": { "decimalLatitude": -23.16867, "decimalLongitude": 43.609405, "eventDate": "2025-04-21T12:57:16Z", "countryCode": "MG" }, "geometry": { "type": "Point", "coordinates": [ 43.609405, -23.16867 ] } },
{ "type": "Feature", "properties": { "decimalLatitude": -17.427595, "decimalLongitude": 48.593996, "eventDate": "2025-04-23T10:08:55Z", "countryCode": "MG" }, "geometry": { "type": "Point", "coordinates": [ 48.593996, -17.427595 ] } },
{ "type": "Feature", "properties": { "decimalLatitude": -17.427619, "decimalLongitude": 48.593995, "eventDate": "2025-04-23T10:12:33Z", "countryCode": "MG" }, "geometry": { "type": "Point", "coordinates": [ 48.593995, -17.427619 ] } },
{ "type": "Feature", "properties": { "decimalLatitude": -18.759773, "decimalLongitude": 47.563324, "eventDate": "2025-04-15T10:51:57Z", "countryCode": "MG" }, "geometry": { "type": "Point", "coordinates": [ 47.563324, -18.759773 ] } },
{ "type": "Feature", "properties": { "decimalLatitude": -17.427609, "decimalLongitude": 48.593994, "eventDate": "2025-04-26T11:54:27Z", "countryCode": "MG" }, "geometry": { "type": "Point", "coordinates": [ 48.593994, -17.427609 ] } },
{ "type": "Feature", "properties": { "decimalLatitude": -17.42761, "decimalLongitude": 48.593996, "eventDate": "2025-04-27T12:11:31Z", "countryCode": "MG" }, "geometry": { "type": "Point", "coordinates": [ 48.593996, -17.42761 ] } },
{ "type": "Feature", "properties": { "decimalLatitude": -12.797092, "decimalLongitude": 45.121863, "eventDate": "2025-04-27T11:28:00Z", "countryCode": "YT" }, "geometry": { "type": "Point", "coordinates": [ 45.121863, -12.797092 ] } },
{ "type": "Feature", "properties": { "decimalLatitude": -23.122806, "decimalLongitude": 43.617289, "eventDate": "2025-04-06T00:00:00Z", "countryCode": "MG" }, "geometry": { "type": "Point", "coordinates": [ 43.617289, -23.122806 ] } },
{ "type": "Feature", "properties": { "decimalLatitude": -25.041768, "decimalLongitude": 46.995515, "eventDate": "2025-04-30T00:00:00Z", "countryCode": "MG" }, "geometry": { "type": "Point", "coordinates": [ 46.995515, -25.041768 ] } },
{ "type": "Feature", "properties": { "decimalLatitude": -25.041768, "decimalLongitude": 46.995515, "eventDate": "2025-04-30T12:48:00Z", "countryCode": "MG" }, "geometry": { "type": "Point", "coordinates": [ 46.995515, -25.041768 ] } },
{ "type": "Feature", "properties": { "decimalLatitude": -22.87559, "decimalLongitude": 44.709339, "eventDate": "2025-04-23T10:34:56Z", "countryCode": "MG" }, "geometry": { "type": "Point", "coordinates": [ 44.709339, -22.87559 ] } },
{ "type": "Feature", "properties": { "decimalLatitude": -23.116368, "decimalLongitude": 43.624437, "eventDate": "2025-05-08T11:05:51Z", "countryCode": "MG" }, "geometry": { "type": "Point", "coordinates": [ 43.624437, -23.116368 ] } },
{ "type": "Feature", "properties": { "decimalLatitude": -12.785432, "decimalLongitude": 45.142873, "eventDate": "2025-05-10T08:47:00Z", "countryCode": "YT" }, "geometry": { "type": "Point", "coordinates": [ 45.142873, -12.785432 ] } },
{ "type": "Feature", "properties": { "decimalLatitude": -25.005243, "decimalLongitude": 46.302813, "eventDate": "2025-05-04T00:00:00Z", "countryCode": "MG" }, "geometry": { "type": "Point", "coordinates": [ 46.302813, -25.005243 ] } },
{ "type": "Feature", "properties": { "decimalLatitude": -25.005243, "decimalLongitude": 46.302813, "eventDate": "2025-05-04T10:11:00Z", "countryCode": "MG" }, "geometry": { "type": "Point", "coordinates": [ 46.302813, -25.005243 ] } },
{ "type": "Feature", "properties": { "decimalLatitude": -19.702688, "decimalLongitude": 63.378705, "eventDate": "2025-05-16T09:02:00Z", "countryCode": "MU" }, "geometry": { "type": "Point", "coordinates": [ 63.378705, -19.702688 ] } },
{ "type": "Feature", "properties": { "decimalLatitude": -19.737118, "decimalLongitude": 63.446841, "eventDate": "2025-05-13T12:11:00Z", "countryCode": "MU" }, "geometry": { "type": "Point", "coordinates": [ 63.446841, -19.737118 ] } },
{ "type": "Feature", "properties": { "decimalLatitude": -23.112294, "decimalLongitude": 43.691772, "eventDate": "2025-05-16T07:53:00Z", "countryCode": "MG" }, "geometry": { "type": "Point", "coordinates": [ 43.691772, -23.112294 ] } },
{ "type": "Feature", "properties": { "decimalLatitude": -20.242537, "decimalLongitude": 44.424377, "eventDate": "2025-05-26T06:22:00Z", "countryCode": "MG" }, "geometry": { "type": "Point", "coordinates": [ 44.424377, -20.242537 ] } },
{ "type": "Feature", "properties": { "decimalLatitude": -21.358686, "decimalLongitude": 55.567955, "eventDate": "2025-05-23T12:16:00Z", "countryCode": "RE" }, "geometry": { "type": "Point", "coordinates": [ 55.567955, -21.358686 ] } },
{ "type": "Feature", "properties": { "decimalLatitude": -22.539484, "decimalLongitude": 45.381241, "eventDate": "2025-05-04T00:00:00Z", "countryCode": "MG" }, "geometry": { "type": "Point", "coordinates": [ 45.381241, -22.539484 ] } },
{ "type": "Feature", "properties": { "decimalLatitude": -19.814795, "decimalLongitude": 44.634595, "eventDate": "2025-05-05T10:51:29Z", "countryCode": "MG" }, "geometry": { "type": "Point", "coordinates": [ 44.634595, -19.814795 ] } },
{ "type": "Feature", "properties": { "decimalLatitude": -20.440838, "decimalLongitude": 57.373277, "eventDate": "2025-06-02T12:41:00Z", "countryCode": "MU" }, "geometry": { "type": "Point", "coordinates": [ 57.373277, -20.440838 ] } },
{ "type": "Feature", "properties": { "decimalLatitude": -18.929936, "decimalLongitude": 47.525446, "eventDate": "2025-06-22T10:26:00Z", "countryCode": "MG" }, "geometry": { "type": "Point", "coordinates": [ 47.525446, -18.929936 ] } },
{ "type": "Feature", "properties": { "decimalLatitude": -21.278991, "decimalLongitude": 55.339197, "eventDate": "2025-06-20T12:37:30Z", "countryCode": "RE" }, "geometry": { "type": "Point", "coordinates": [ 55.339197, -21.278991 ] } },
{ "type": "Feature", "properties": { "decimalLatitude": -22.539959, "decimalLongitude": 45.384424, "eventDate": "2025-06-21T02:56:16Z", "countryCode": "MG" }, "geometry": { "type": "Point", "coordinates": [ 45.384424, -22.539959 ] } },
{ "type": "Feature", "properties": { "decimalLatitude": -22.539725, "decimalLongitude": 45.382183, "eventDate": "2025-06-18T13:48:45Z", "countryCode": "MG" }, "geometry": { "type": "Point", "coordinates": [ 45.382183, -22.539725 ] } },
{ "type": "Feature", "properties": { "decimalLatitude": -20.431555, "decimalLongitude": 57.3736, "eventDate": "2025-06-30T11:54:32Z", "countryCode": "MU" }, "geometry": { "type": "Point", "coordinates": [ 57.3736, -20.431555 ] } },
{ "type": "Feature", "properties": { "decimalLatitude": -21.306899, "decimalLongitude": 55.423616, "eventDate": "2025-06-19T11:23:00Z", "countryCode": "RE" }, "geometry": { "type": "Point", "coordinates": [ 55.423616, -21.306899 ] } },
{ "type": "Feature", "properties": { "decimalLatitude": -18.915041, "decimalLongitude": 47.554749, "eventDate": "2025-06-20T08:18:00Z", "countryCode": "MG" }, "geometry": { "type": "Point", "coordinates": [ 47.554749, -18.915041 ] } },
{ "type": "Feature", "properties": { "decimalLatitude": -22.465614, "decimalLongitude": 45.261771, "eventDate": "2025-06-12T05:51:00Z", "countryCode": "MG" }, "geometry": { "type": "Point", "coordinates": [ 45.261771, -22.465614 ] } },
{ "type": "Feature", "properties": { "decimalLatitude": -18.867711, "decimalLongitude": 47.519314, "eventDate": "2025-06-04T04:15:00Z", "countryCode": "MG" }, "geometry": { "type": "Point", "coordinates": [ 47.519314, -18.867711 ] } },
{ "type": "Feature", "properties": { "decimalLatitude": -18.867711, "decimalLongitude": 47.519314, "eventDate": "2025-06-04T05:05:00Z", "countryCode": "MG" }, "geometry": { "type": "Point", "coordinates": [ 47.519314, -18.867711 ] } },
{ "type": "Feature", "properties": { "decimalLatitude": -18.867711, "decimalLongitude": 47.519314, "eventDate": "2025-06-04T05:01:00Z", "countryCode": "MG" }, "geometry": { "type": "Point", "coordinates": [ 47.519314, -18.867711 ] } },
{ "type": "Feature", "properties": { "decimalLatitude": -18.867711, "decimalLongitude": 47.519314, "eventDate": "2025-06-04T03:54:00Z", "countryCode": "MG" }, "geometry": { "type": "Point", "coordinates": [ 47.519314, -18.867711 ] } },
{ "type": "Feature", "properties": { "decimalLatitude": -18.868503, "decimalLongitude": 47.518078, "eventDate": "2025-06-28T12:39:00Z", "countryCode": "MG" }, "geometry": { "type": "Point", "coordinates": [ 47.518078, -18.868503 ] } },
{ "type": "Feature", "properties": { "decimalLatitude": -18.868494, "decimalLongitude": 47.518066, "eventDate": "2025-06-28T10:41:00Z", "countryCode": "MG" }, "geometry": { "type": "Point", "coordinates": [ 47.518066, -18.868494 ] } },
{ "type": "Feature", "properties": { "decimalLatitude": -18.868502, "decimalLongitude": 47.518083, "eventDate": "2025-06-28T11:13:00Z", "countryCode": "MG" }, "geometry": { "type": "Point", "coordinates": [ 47.518083, -18.868502 ] } },
{ "type": "Feature", "properties": { "decimalLatitude": -22.465614, "decimalLongitude": 45.261771, "eventDate": "2025-06-12T05:15:00Z", "countryCode": "MG" }, "geometry": { "type": "Point", "coordinates": [ 45.261771, -22.465614 ] } },
{ "type": "Feature", "properties": { "decimalLatitude": -20.431122, "decimalLongitude": 57.373695, "eventDate": "2025-07-04T13:14:29Z", "countryCode": "MU" }, "geometry": { "type": "Point", "coordinates": [ 57.373695, -20.431122 ] } },
{ "type": "Feature", "properties": { "decimalLatitude": -20.528282, "decimalLongitude": 47.244846, "eventDate": "2025-07-12T15:41:33Z", "countryCode": "MG" }, "geometry": { "type": "Point", "coordinates": [ 47.244846, -20.528282 ] } },
{ "type": "Feature", "properties": { "decimalLatitude": -18.867887, "decimalLongitude": 47.51811, "eventDate": "2025-07-20T17:05:00Z", "countryCode": "MG" }, "geometry": { "type": "Point", "coordinates": [ 47.51811, -18.867887 ] } },
{ "type": "Feature", "properties": { "decimalLatitude": -21.33129, "decimalLongitude": 55.455058, "eventDate": "2025-07-10T13:09:23Z", "countryCode": "RE" }, "geometry": { "type": "Point", "coordinates": [ 55.455058, -21.33129 ] } },
{ "type": "Feature", "properties": { "decimalLatitude": -12.793889, "decimalLongitude": 45.119167, "eventDate": "2025-07-10T08:21:17Z", "countryCode": "YT" }, "geometry": { "type": "Point", "coordinates": [ 45.119167, -12.793889 ] } },
{ "type": "Feature", "properties": { "decimalLatitude": -21.382515, "decimalLongitude": 55.61294, "eventDate": "2025-07-24T14:41:28Z", "countryCode": "RE" }, "geometry": { "type": "Point", "coordinates": [ 55.61294, -21.382515 ] } },
{ "type": "Feature", "properties": { "decimalLatitude": -18.866471, "decimalLongitude": 47.51863, "eventDate": "2025-07-06T09:46:00Z", "countryCode": "MG" }, "geometry": { "type": "Point", "coordinates": [ 47.51863, -18.866471 ] } },
{ "type": "Feature", "properties": { "decimalLatitude": -20.518756, "decimalLongitude": 47.265538, "eventDate": "2025-07-22T00:00:00Z", "countryCode": "MG" }, "geometry": { "type": "Point", "coordinates": [ 47.265538, -20.518756 ] } },
{ "type": "Feature", "properties": { "decimalLatitude": -21.308564, "decimalLongitude": 55.43893, "eventDate": "2025-07-12T15:33:13Z", "countryCode": "RE" }, "geometry": { "type": "Point", "coordinates": [ 55.43893, -21.308564 ] } },
{ "type": "Feature", "properties": { "decimalLatitude": -21.387104, "decimalLongitude": 55.64834, "eventDate": "2025-07-19T10:05:00Z", "countryCode": "RE" }, "geometry": { "type": "Point", "coordinates": [ 55.64834, -21.387104 ] } },
{ "type": "Feature", "properties": { "decimalLatitude": -18.868477, "decimalLongitude": 47.518018, "eventDate": "2025-07-07T16:32:00Z", "countryCode": "MG" }, "geometry": { "type": "Point", "coordinates": [ 47.518018, -18.868477 ] } },
{ "type": "Feature", "properties": { "decimalLatitude": -23.415666, "decimalLongitude": 43.756545, "eventDate": "2025-07-17T13:32:00Z", "countryCode": "MG" }, "geometry": { "type": "Point", "coordinates": [ 43.756545, -23.415666 ] } },
{ "type": "Feature", "properties": { "decimalLatitude": -23.415502, "decimalLongitude": 43.756355, "eventDate": "2025-07-17T12:41:00Z", "countryCode": "MG" }, "geometry": { "type": "Point", "coordinates": [ 43.756355, -23.415502 ] } },
{ "type": "Feature", "properties": { "decimalLatitude": -21.049894, "decimalLongitude": 55.235336, "eventDate": "2025-08-11T10:15:23Z", "countryCode": "RE" }, "geometry": { "type": "Point", "coordinates": [ 55.235336, -21.049894 ] } },
{ "type": "Feature", "properties": { "decimalLatitude": -22.128967, "decimalLongitude": 46.8932, "eventDate": "2025-08-03T11:31:10Z", "countryCode": "MG" }, "geometry": { "type": "Point", "coordinates": [ 46.8932, -22.128967 ] } },
{ "type": "Feature", "properties": { "decimalLatitude": -22.128758, "decimalLongitude": 46.915342, "eventDate": "2025-08-03T09:54:40Z", "countryCode": "MG" }, "geometry": { "type": "Point", "coordinates": [ 46.915342, -22.128758 ] } },
{ "type": "Feature", "properties": { "decimalLatitude": -21.049894, "decimalLongitude": 55.235336, "eventDate": "2025-08-11T09:44:35Z", "countryCode": "RE" }, "geometry": { "type": "Point", "coordinates": [ 55.235336, -21.049894 ] } },
{ "type": "Feature", "properties": { "decimalLatitude": -22.092733, "decimalLongitude": 46.776755, "eventDate": "2025-08-08T06:08:27Z", "countryCode": "MG" }, "geometry": { "type": "Point", "coordinates": [ 46.776755, -22.092733 ] } },
{ "type": "Feature", "properties": { "decimalLatitude": -22.457772, "decimalLongitude": 45.290774, "eventDate": "2025-08-06T11:24:00Z", "countryCode": "MG" }, "geometry": { "type": "Point", "coordinates": [ 45.290774, -22.457772 ] } },
{ "type": "Feature", "properties": { "decimalLatitude": -20.902356, "decimalLongitude": 55.469029, "eventDate": "2025-08-24T12:20:44Z", "countryCode": "RE" }, "geometry": { "type": "Point", "coordinates": [ 55.469029, -20.902356 ] } },
{ "type": "Feature", "properties": { "decimalLatitude": -18.868931, "decimalLongitude": 47.519456, "eventDate": "2025-08-30T00:00:00Z", "countryCode": "MG" }, "geometry": { "type": "Point", "coordinates": [ 47.519456, -18.868931 ] } },
{ "type": "Feature", "properties": { "decimalLatitude": -18.867816, "decimalLongitude": 47.518989, "eventDate": "2025-08-29T04:48:00Z", "countryCode": "MG" }, "geometry": { "type": "Point", "coordinates": [ 47.518989, -18.867816 ] } },
{ "type": "Feature", "properties": { "decimalLatitude": -22.566667, "decimalLongitude": 45.364167, "eventDate": "2025-08-10T12:16:00Z", "countryCode": "MG" }, "geometry": { "type": "Point", "coordinates": [ 45.364167, -22.566667 ] } },
{ "type": "Feature", "properties": { "decimalLatitude": -18.917675, "decimalLongitude": 47.521653, "eventDate": "2025-08-08T12:18:00Z", "countryCode": "MG" }, "geometry": { "type": "Point", "coordinates": [ 47.521653, -18.917675 ] } },
{ "type": "Feature", "properties": { "decimalLatitude": -18.917606, "decimalLongitude": 47.52153, "eventDate": "2025-08-08T12:24:00Z", "countryCode": "MG" }, "geometry": { "type": "Point", "coordinates": [ 47.52153, -18.917606 ] } },
{ "type": "Feature", "properties": { "decimalLatitude": -22.129051, "decimalLongitude": 46.893222, "eventDate": "2025-08-03T11:31:51Z", "countryCode": "MG" }, "geometry": { "type": "Point", "coordinates": [ 46.893222, -22.129051 ] } },
{ "type": "Feature", "properties": { "decimalLatitude": -20.067047, "decimalLongitude": 44.657555, "eventDate": "2025-08-28T00:00:00Z", "countryCode": "MG" }, "geometry": { "type": "Point", "coordinates": [ 44.657555, -20.067047 ] } },
{ "type": "Feature", "properties": { "decimalLatitude": -20.452508, "decimalLongitude": 57.314365, "eventDate": "2025-08-15T13:23:00Z", "countryCode": "MU" }, "geometry": { "type": "Point", "coordinates": [ 57.314365, -20.452508 ] } },
{ "type": "Feature", "properties": { "decimalLatitude": -24.807704, "decimalLongitude": 46.154809, "eventDate": "2025-09-06T09:48:35Z", "countryCode": "MG" }, "geometry": { "type": "Point", "coordinates": [ 46.154809, -24.807704 ] } },
{ "type": "Feature", "properties": { "decimalLatitude": -18.858543, "decimalLongitude": 47.520179, "eventDate": "2025-09-14T15:14:00Z", "countryCode": "MG" }, "geometry": { "type": "Point", "coordinates": [ 47.520179, -18.858543 ] } },
{ "type": "Feature", "properties": { "decimalLatitude": -18.859843, "decimalLongitude": 47.518697, "eventDate": "2025-09-14T15:51:00Z", "countryCode": "MG" }, "geometry": { "type": "Point", "coordinates": [ 47.518697, -18.859843 ] } },
{ "type": "Feature", "properties": { "decimalLatitude": -18.867711, "decimalLongitude": 47.519314, "eventDate": "2025-09-14T14:14:00Z", "countryCode": "MG" }, "geometry": { "type": "Point", "coordinates": [ 47.519314, -18.867711 ] } },
{ "type": "Feature", "properties": { "decimalLatitude": -18.868534, "decimalLongitude": 47.518026, "eventDate": "2025-09-14T07:09:24Z", "countryCode": "MG" }, "geometry": { "type": "Point", "coordinates": [ 47.518026, -18.868534 ] } },
{ "type": "Feature", "properties": { "decimalLatitude": -21.371124, "decimalLongitude": 55.552096, "eventDate": "2025-09-13T10:52:08Z", "countryCode": "RE" }, "geometry": { "type": "Point", "coordinates": [ 55.552096, -21.371124 ] } },
{ "type": "Feature", "properties": { "decimalLatitude": -20.067068, "decimalLongitude": 44.657523, "eventDate": "2025-09-09T09:17:00Z", "countryCode": "MG" }, "geometry": { "type": "Point", "coordinates": [ 44.657523, -20.067068 ] } },
{ "type": "Feature", "properties": { "decimalLatitude": -21.369503, "decimalLongitude": 55.550276, "eventDate": "2025-09-07T13:05:11Z", "countryCode": "RE" }, "geometry": { "type": "Point", "coordinates": [ 55.550276, -21.369503 ] } },
{ "type": "Feature", "properties": { "decimalLatitude": -22.581071, "decimalLongitude": 46.708653, "eventDate": "2025-09-18T07:45:00Z", "countryCode": "MG" }, "geometry": { "type": "Point", "coordinates": [ 46.708653, -22.581071 ] } },
{ "type": "Feature", "properties": { "decimalLatitude": -25.010579, "decimalLongitude": 46.308368, "eventDate": "2025-10-03T10:28:00Z", "countryCode": "MG" }, "geometry": { "type": "Point", "coordinates": [ 46.308368, -25.010579 ] } },
{ "type": "Feature", "properties": { "decimalLatitude": -22.53979, "decimalLongitude": 45.383205, "eventDate": "2025-10-25T12:08:00Z", "countryCode": "MG" }, "geometry": { "type": "Point", "coordinates": [ 45.383205, -22.53979 ] } },
{ "type": "Feature", "properties": { "decimalLatitude": -18.868625, "decimalLongitude": 47.520292, "eventDate": "2025-10-22T13:52:55Z", "countryCode": "MG" }, "geometry": { "type": "Point", "coordinates": [ 47.520292, -18.868625 ] } },
{ "type": "Feature", "properties": { "decimalLatitude": -20.140262, "decimalLongitude": 57.731093, "eventDate": "2025-10-23T07:56:52Z", "countryCode": "MU" }, "geometry": { "type": "Point", "coordinates": [ 57.731093, -20.140262 ] } },
{ "type": "Feature", "properties": { "decimalLatitude": -18.868422, "decimalLongitude": 47.518262, "eventDate": "2025-10-12T14:14:00Z", "countryCode": "MG" }, "geometry": { "type": "Point", "coordinates": [ 47.518262, -18.868422 ] } },
{ "type": "Feature", "properties": { "decimalLatitude": -13.372051, "decimalLongitude": 48.317062, "eventDate": "2025-10-02T13:21:00Z", "countryCode": "MG" }, "geometry": { "type": "Point", "coordinates": [ 48.317062, -13.372051 ] } },
{ "type": "Feature", "properties": { "decimalLatitude": -25.006159, "decimalLongitude": 46.305097, "eventDate": "2025-10-20T10:57:00Z", "countryCode": "MG" }, "geometry": { "type": "Point", "coordinates": [ 46.305097, -25.006159 ] } },
{ "type": "Feature", "properties": { "decimalLatitude": -18.867711, "decimalLongitude": 47.519314, "eventDate": "2025-10-13T08:40:00Z", "countryCode": "MG" }, "geometry": { "type": "Point", "coordinates": [ 47.519314, -18.867711 ] } },
{ "type": "Feature", "properties": { "decimalLatitude": -22.539362, "decimalLongitude": 45.377449, "eventDate": "2025-10-25T12:05:00Z", "countryCode": "MG" }, "geometry": { "type": "Point", "coordinates": [ 45.377449, -22.539362 ] } },
{ "type": "Feature", "properties": { "decimalLatitude": -16.316726, "decimalLongitude": 46.809392, "eventDate": "2025-10-12T12:06:00Z", "countryCode": "MG" }, "geometry": { "type": "Point", "coordinates": [ 46.809392, -16.316726 ] } },
{ "type": "Feature", "properties": { "decimalLatitude": -20.070346, "decimalLongitude": 44.66116, "eventDate": "2025-10-02T09:27:00Z", "countryCode": "MG" }, "geometry": { "type": "Point", "coordinates": [ 44.66116, -20.070346 ] } },
{ "type": "Feature", "properties": { "decimalLatitude": -20.431742, "decimalLongitude": 57.359818, "eventDate": "2025-11-08T15:46:00Z", "countryCode": "MU" }, "geometry": { "type": "Point", "coordinates": [ 57.359818, -20.431742 ] } },
{ "type": "Feature", "properties": { "decimalLatitude": -18.930542, "decimalLongitude": 47.52594, "eventDate": "2025-11-06T14:12:00Z", "countryCode": "MG" }, "geometry": { "type": "Point", "coordinates": [ 47.52594, -18.930542 ] } },
{ "type": "Feature", "properties": { "decimalLatitude": -18.929702, "decimalLongitude": 47.527552, "eventDate": "2025-11-07T14:17:00Z", "countryCode": "MG" }, "geometry": { "type": "Point", "coordinates": [ 47.527552, -18.929702 ] } },
{ "type": "Feature", "properties": { "decimalLatitude": -20.46031, "decimalLongitude": 57.332615, "eventDate": "2025-11-09T11:13:00Z", "countryCode": "MU" }, "geometry": { "type": "Point", "coordinates": [ 57.332615, -20.46031 ] } },
{ "type": "Feature", "properties": { "decimalLatitude": -20.900417, "decimalLongitude": 55.452959, "eventDate": "2025-11-11T12:49:05Z", "countryCode": "RE" }, "geometry": { "type": "Point", "coordinates": [ 55.452959, -20.900417 ] } },
{ "type": "Feature", "properties": { "decimalLatitude": -20.382307, "decimalLongitude": 57.371312, "eventDate": "2025-11-11T14:23:00Z", "countryCode": "MU" }, "geometry": { "type": "Point", "coordinates": [ 57.371312, -20.382307 ] } },
{ "type": "Feature", "properties": { "decimalLatitude": -22.11808, "decimalLongitude": 46.924387, "eventDate": "2025-11-01T08:46:27Z", "countryCode": "MG" }, "geometry": { "type": "Point", "coordinates": [ 46.924387, -22.11808 ] } },
{ "type": "Feature", "properties": { "decimalLatitude": -20.142422, "decimalLongitude": 57.728985, "eventDate": "2025-11-12T00:00:00Z", "countryCode": "MU" }, "geometry": { "type": "Point", "coordinates": [ 57.728985, -20.142422 ] } },
{ "type": "Feature", "properties": { "decimalLatitude": -18.86798, "decimalLongitude": 47.519109, "eventDate": "2025-11-17T00:00:00Z", "countryCode": "MG" }, "geometry": { "type": "Point", "coordinates": [ 47.519109, -18.86798 ] } },
{ "type": "Feature", "properties": { "decimalLatitude": -18.868546, "decimalLongitude": 47.518625, "eventDate": "2025-11-17T00:00:00Z", "countryCode": "MG" }, "geometry": { "type": "Point", "coordinates": [ 47.518625, -18.868546 ] } },
{ "type": "Feature", "properties": { "decimalLatitude": -18.867874, "decimalLongitude": 47.517854, "eventDate": "2025-11-06T00:00:00Z", "countryCode": "MG" }, "geometry": { "type": "Point", "coordinates": [ 47.517854, -18.867874 ] } },
{ "type": "Feature", "properties": { "decimalLatitude": -22.605114, "decimalLongitude": 46.113919, "eventDate": "2025-11-26T12:11:24Z", "countryCode": "MG" }, "geometry": { "type": "Point", "coordinates": [ 46.113919, -22.605114 ] } },
{ "type": "Feature", "properties": { "decimalLatitude": -20.458973, "decimalLongitude": 57.330652, "eventDate": "2025-11-09T10:11:00Z", "countryCode": "MU" }, "geometry": { "type": "Point", "coordinates": [ 57.330652, -20.458973 ] } },
{ "type": "Feature", "properties": { "decimalLatitude": -20.44271, "decimalLongitude": 57.359208, "eventDate": "2025-11-08T14:43:00Z", "countryCode": "MU" }, "geometry": { "type": "Point", "coordinates": [ 57.359208, -20.44271 ] } },
{ "type": "Feature", "properties": { "decimalLatitude": -22.73658, "decimalLongitude": 46.157012, "eventDate": "2025-11-26T16:36:00Z", "countryCode": "MG" }, "geometry": { "type": "Point", "coordinates": [ 46.157012, -22.73658 ] } },
{ "type": "Feature", "properties": { "decimalLatitude": -20.381291, "decimalLongitude": 57.366813, "eventDate": "2025-11-11T13:22:00Z", "countryCode": "MU" }, "geometry": { "type": "Point", "coordinates": [ 57.366813, -20.381291 ] } },
{ "type": "Feature", "properties": { "decimalLatitude": -22.605114, "decimalLongitude": 46.113919, "eventDate": "2025-11-26T12:11:31Z", "countryCode": "MG" }, "geometry": { "type": "Point", "coordinates": [ 46.113919, -22.605114 ] } },
{ "type": "Feature", "properties": { "decimalLatitude": -18.867819, "decimalLongitude": 47.517679, "eventDate": "2025-11-25T00:00:00Z", "countryCode": "MG" }, "geometry": { "type": "Point", "coordinates": [ 47.517679, -18.867819 ] } },
{ "type": "Feature", "properties": { "decimalLatitude": -20.915349, "decimalLongitude": 55.646006, "eventDate": "2025-12-09T08:32:00Z", "countryCode": "RE" }, "geometry": { "type": "Point", "coordinates": [ 55.646006, -20.915349 ] } },
{ "type": "Feature", "properties": { "decimalLatitude": -20.090003, "decimalLongitude": 57.511772, "eventDate": "2025-12-21T11:04:02Z", "countryCode": "MU" }, "geometry": { "type": "Point", "coordinates": [ 57.511772, -20.090003 ] } },
{ "type": "Feature", "properties": { "decimalLatitude": -20.478415, "decimalLongitude": 47.256177, "eventDate": "2025-12-23T10:14:00Z", "countryCode": "MG" }, "geometry": { "type": "Point", "coordinates": [ 47.256177, -20.478415 ] } },
{ "type": "Feature", "properties": { "decimalLatitude": -20.524093, "decimalLongitude": 47.242505, "eventDate": "2025-12-28T15:23:00Z", "countryCode": "MG" }, "geometry": { "type": "Point", "coordinates": [ 47.242505, -20.524093 ] } },
{ "type": "Feature", "properties": { "decimalLatitude": -18.867318, "decimalLongitude": 47.518909, "eventDate": "2025-12-22T15:21:00Z", "countryCode": "MG" }, "geometry": { "type": "Point", "coordinates": [ 47.518909, -18.867318 ] } },
{ "type": "Feature", "properties": { "decimalLatitude": -18.868303, "decimalLongitude": 47.518863, "eventDate": "2025-12-22T15:22:00Z", "countryCode": "MG" }, "geometry": { "type": "Point", "coordinates": [ 47.518863, -18.868303 ] } },
{ "type": "Feature", "properties": { "decimalLatitude": -22.54135, "decimalLongitude": 45.379457, "eventDate": "2018-02-03T11:49:00Z", "countryCode": "MG" }, "geometry": { "type": "Point", "coordinates": [ 45.379457, -22.54135 ] } },
{ "type": "Feature", "properties": { "decimalLatitude": -22.539678, "decimalLongitude": 45.373164, "eventDate": "2018-02-03T14:46:00Z", "countryCode": "MG" }, "geometry": { "type": "Point", "coordinates": [ 45.373164, -22.539678 ] } },
{ "type": "Feature", "properties": { "decimalLatitude": -22.883706, "decimalLongitude": 44.693662, "eventDate": "2018-02-04T11:32:00Z", "countryCode": "MG" }, "geometry": { "type": "Point", "coordinates": [ 44.693662, -22.883706 ] } },
{ "type": "Feature", "properties": { "decimalLatitude": -21.04448, "decimalLongitude": 55.32225, "eventDate": "2018-02-05T00:00:00Z", "countryCode": "RE" }, "geometry": { "type": "Point", "coordinates": [ 55.32225, -21.04448 ] } },
{ "type": "Feature", "properties": { "decimalLatitude": -20.458866, "decimalLongitude": 57.321274, "eventDate": "2018-03-09T00:00:00Z", "countryCode": "MU" }, "geometry": { "type": "Point", "coordinates": [ 57.321274, -20.458866 ] } },
{ "type": "Feature", "properties": { "decimalLatitude": -18.870978, "decimalLongitude": 47.514221, "eventDate": "2018-04-15T13:32:00Z", "countryCode": "MG" }, "geometry": { "type": "Point", "coordinates": [ 47.514221, -18.870978 ] } },
{ "type": "Feature", "properties": { "decimalLatitude": -17.430078, "decimalLongitude": 48.592369, "eventDate": "2018-05-28T11:59:00Z", "countryCode": "MG" }, "geometry": { "type": "Point", "coordinates": [ 48.592369, -17.430078 ] } },
{ "type": "Feature", "properties": { "decimalLatitude": -17.430119, "decimalLongitude": 48.592322, "eventDate": "2018-05-21T18:10:00Z", "countryCode": "MG" }, "geometry": { "type": "Point", "coordinates": [ 48.592322, -17.430119 ] } },
{ "type": "Feature", "properties": { "decimalLatitude": -21.31231, "decimalLongitude": 55.49378, "eventDate": "2018-05-16T00:00:00Z", "countryCode": "RE" }, "geometry": { "type": "Point", "coordinates": [ 55.49378, -21.31231 ] } },
{ "type": "Feature", "properties": { "decimalLatitude": -21.31231, "decimalLongitude": 55.49378, "eventDate": "2018-05-16T00:00:00Z", "countryCode": "RE" }, "geometry": { "type": "Point", "coordinates": [ 55.49378, -21.31231 ] } },
{ "type": "Feature", "properties": { "decimalLatitude": -21.31231, "decimalLongitude": 55.49378, "eventDate": "2018-05-16T00:00:00Z", "countryCode": "RE" }, "geometry": { "type": "Point", "coordinates": [ 55.49378, -21.31231 ] } },
{ "type": "Feature", "properties": { "decimalLatitude": -18.866712, "decimalLongitude": 47.51919, "eventDate": "2018-06-30T12:53:00Z", "countryCode": "MG" }, "geometry": { "type": "Point", "coordinates": [ 47.51919, -18.866712 ] } },
{ "type": "Feature", "properties": { "decimalLatitude": -22.081113, "decimalLongitude": 46.779027, "eventDate": "2018-07-25T00:00:00Z", "countryCode": "MG" }, "geometry": { "type": "Point", "coordinates": [ 46.779027, -22.081113 ] } },
{ "type": "Feature", "properties": { "decimalLatitude": -20.317864, "decimalLongitude": 57.375931, "eventDate": "2018-09-23T09:48:00Z", "countryCode": "MU" }, "geometry": { "type": "Point", "coordinates": [ 57.375931, -20.317864 ] } },
{ "type": "Feature", "properties": { "decimalLatitude": -12.79033, "decimalLongitude": 45.19437, "eventDate": "2018-09-19T00:00:00Z", "countryCode": "YT" }, "geometry": { "type": "Point", "coordinates": [ 45.19437, -12.79033 ] } },
{ "type": "Feature", "properties": { "decimalLatitude": -23.118851, "decimalLongitude": 43.628769, "eventDate": "2018-09-09T10:28:00Z", "countryCode": "MG" }, "geometry": { "type": "Point", "coordinates": [ 43.628769, -23.118851 ] } },
{ "type": "Feature", "properties": { "decimalLatitude": -23.141948, "decimalLongitude": 43.611098, "eventDate": "2018-10-17T18:33:09Z", "countryCode": "MG" }, "geometry": { "type": "Point", "coordinates": [ 43.611098, -23.141948 ] } },
{ "type": "Feature", "properties": { "decimalLatitude": -23.11817, "decimalLongitude": 43.610563, "eventDate": "2018-10-16T14:35:00Z", "countryCode": "MG" }, "geometry": { "type": "Point", "coordinates": [ 43.610563, -23.11817 ] } },
{ "type": "Feature", "properties": { "decimalLatitude": -18.834172, "decimalLongitude": 47.462267, "eventDate": "2018-10-20T11:17:37Z", "countryCode": "MG" }, "geometry": { "type": "Point", "coordinates": [ 47.462267, -18.834172 ] } },
{ "type": "Feature", "properties": { "decimalLatitude": -23.17939, "decimalLongitude": 43.616494, "eventDate": "2018-10-17T17:48:14Z", "countryCode": "MG" }, "geometry": { "type": "Point", "coordinates": [ 43.616494, -23.17939 ] } },
{ "type": "Feature", "properties": { "decimalLatitude": -25.006647, "decimalLongitude": 46.301581, "eventDate": "2018-10-26T07:24:16Z", "countryCode": "MG" }, "geometry": { "type": "Point", "coordinates": [ 46.301581, -25.006647 ] } },
{ "type": "Feature", "properties": { "decimalLatitude": -18.867113, "decimalLongitude": 47.518519, "eventDate": "2018-10-30T16:53:01Z", "countryCode": "MG" }, "geometry": { "type": "Point", "coordinates": [ 47.518519, -18.867113 ] } },
{ "type": "Feature", "properties": { "decimalLatitude": -23.1421, "decimalLongitude": 43.611538, "eventDate": "2018-10-17T12:10:32Z", "countryCode": "MG" }, "geometry": { "type": "Point", "coordinates": [ 43.611538, -23.1421 ] } },
{ "type": "Feature", "properties": { "decimalLatitude": -22.882248, "decimalLongitude": 44.692829, "eventDate": "2018-10-25T00:00:00Z", "countryCode": "MG" }, "geometry": { "type": "Point", "coordinates": [ 44.692829, -22.882248 ] } },
{ "type": "Feature", "properties": { "decimalLatitude": -18.870942, "decimalLongitude": 47.514204, "eventDate": "2018-11-17T13:56:00Z", "countryCode": "MG" }, "geometry": { "type": "Point", "coordinates": [ 47.514204, -18.870942 ] } },
{ "type": "Feature", "properties": { "decimalLatitude": -23.043822, "decimalLongitude": 43.573358, "eventDate": "2018-11-29T00:00:00Z", "countryCode": "MG" }, "geometry": { "type": "Point", "coordinates": [ 43.573358, -23.043822 ] } },
{ "type": "Feature", "properties": { "decimalLatitude": -18.867121, "decimalLongitude": 47.518398, "eventDate": "2018-11-16T00:00:00Z", "countryCode": "MG" }, "geometry": { "type": "Point", "coordinates": [ 47.518398, -18.867121 ] } },
{ "type": "Feature", "properties": { "decimalLatitude": -22.884593, "decimalLongitude": 44.692728, "eventDate": "2018-11-08T00:00:00Z", "countryCode": "MG" }, "geometry": { "type": "Point", "coordinates": [ 44.692728, -22.884593 ] } },
{ "type": "Feature", "properties": { "decimalLatitude": -22.465614, "decimalLongitude": 45.261771, "eventDate": "2018-11-14T04:33:00Z", "countryCode": "MG" }, "geometry": { "type": "Point", "coordinates": [ 45.261771, -22.465614 ] } },
{ "type": "Feature", "properties": { "decimalLatitude": -20.90244, "decimalLongitude": 55.50427, "eventDate": "2018-11-28T00:00:00Z", "countryCode": "RE" }, "geometry": { "type": "Point", "coordinates": [ 55.50427, -20.90244 ] } },
{ "type": "Feature", "properties": { "decimalLatitude": -20.536457, "decimalLongitude": 47.268116, "eventDate": "2018-11-11T08:11:00Z", "countryCode": "MG" }, "geometry": { "type": "Point", "coordinates": [ 47.268116, -20.536457 ] } },
{ "type": "Feature", "properties": { "decimalLatitude": -22.893561, "decimalLongitude": 44.68938, "eventDate": "2018-11-12T12:19:00Z", "countryCode": "MG" }, "geometry": { "type": "Point", "coordinates": [ 44.68938, -22.893561 ] } },
{ "type": "Feature", "properties": { "decimalLatitude": -20.455273, "decimalLongitude": 57.319715, "eventDate": "2018-12-24T00:00:00Z", "countryCode": "MU" }, "geometry": { "type": "Point", "coordinates": [ 57.319715, -20.455273 ] } },
{ "type": "Feature", "properties": { "decimalLatitude": -22.888256, "decimalLongitude": 44.692894, "eventDate": "2018-12-20T00:00:00Z", "countryCode": "MG" }, "geometry": { "type": "Point", "coordinates": [ 44.692894, -22.888256 ] } },
{ "type": "Feature", "properties": { "decimalLatitude": -20.44, "decimalLongitude": 57.35, "eventDate": "2018-12-08T00:00:00Z", "countryCode": "MU" }, "geometry": { "type": "Point", "coordinates": [ 57.35, -20.44 ] } },
{ "type": "Feature", "properties": { "decimalLatitude": -16.317352, "decimalLongitude": 46.809364, "eventDate": "2018-12-12T00:00:00Z", "countryCode": "MG" }, "geometry": { "type": "Point", "coordinates": [ 46.809364, -16.317352 ] } },
{ "type": "Feature", "properties": { "decimalLatitude": -20.93209, "decimalLongitude": 55.34185, "eventDate": "2018-12-04T00:00:00Z", "countryCode": "RE" }, "geometry": { "type": "Point", "coordinates": [ 55.34185, -20.93209 ] } },
{ "type": "Feature", "properties": { "decimalLatitude": -20.9323, "decimalLongitude": 55.3398, "eventDate": "2018-12-04T00:00:00Z", "countryCode": "RE" }, "geometry": { "type": "Point", "coordinates": [ 55.3398, -20.9323 ] } },
{ "type": "Feature", "properties": { "decimalLatitude": -20.93267, "decimalLongitude": 55.3402, "eventDate": "2018-12-04T00:00:00Z", "countryCode": "RE" }, "geometry": { "type": "Point", "coordinates": [ 55.3402, -20.93267 ] } },
{ "type": "Feature", "properties": { "decimalLatitude": -20.29382, "decimalLongitude": 57.406218, "eventDate": "2020-01-20T11:24:00Z", "countryCode": "MU" }, "geometry": { "type": "Point", "coordinates": [ 57.406218, -20.29382 ] } },
{ "type": "Feature", "properties": { "decimalLatitude": -20.246035, "decimalLongitude": 57.431377, "eventDate": "2020-01-19T11:28:00Z", "countryCode": "MU" }, "geometry": { "type": "Point", "coordinates": [ 57.431377, -20.246035 ] } },
{ "type": "Feature", "properties": { "decimalLatitude": -20.294057, "decimalLongitude": 57.40612, "eventDate": "2020-01-20T11:26:00Z", "countryCode": "MU" }, "geometry": { "type": "Point", "coordinates": [ 57.40612, -20.294057 ] } },
{ "type": "Feature", "properties": { "decimalLatitude": -19.929075, "decimalLongitude": 46.926265, "eventDate": "2020-01-20T02:22:00Z", "countryCode": "MG" }, "geometry": { "type": "Point", "coordinates": [ 46.926265, -19.929075 ] } },
{ "type": "Feature", "properties": { "decimalLatitude": -11.722414, "decimalLongitude": 43.30171, "eventDate": "2020-01-26T07:01:00Z", "countryCode": "KM" }, "geometry": { "type": "Point", "coordinates": [ 43.30171, -11.722414 ] } },
{ "type": "Feature", "properties": { "decimalLatitude": -18.867449, "decimalLongitude": 47.519814, "eventDate": "2020-01-24T11:34:00Z", "countryCode": "MG" }, "geometry": { "type": "Point", "coordinates": [ 47.519814, -18.867449 ] } },
{ "type": "Feature", "properties": { "decimalLatitude": -20.383155, "decimalLongitude": 57.378025, "eventDate": "2020-02-15T09:11:20Z", "countryCode": "MU" }, "geometry": { "type": "Point", "coordinates": [ 57.378025, -20.383155 ] } },
{ "type": "Feature", "properties": { "decimalLatitude": -21.358665, "decimalLongitude": 55.567763, "eventDate": "2020-02-20T10:43:00Z", "countryCode": "RE" }, "geometry": { "type": "Point", "coordinates": [ 55.567763, -21.358665 ] } },
{ "type": "Feature", "properties": { "decimalLatitude": -19.884857, "decimalLongitude": 57.768348, "eventDate": "2020-02-26T17:26:00Z", "countryCode": "MU" }, "geometry": { "type": "Point", "coordinates": [ 57.768348, -19.884857 ] } },
{ "type": "Feature", "properties": { "decimalLatitude": -21.017439, "decimalLongitude": 55.316139, "eventDate": "2020-03-03T00:00:00Z", "countryCode": "RE" }, "geometry": { "type": "Point", "coordinates": [ 55.316139, -21.017439 ] } },
{ "type": "Feature", "properties": { "decimalLatitude": -20.35514, "decimalLongitude": 57.466713, "eventDate": "2020-06-13T15:47:00Z", "countryCode": "MU" }, "geometry": { "type": "Point", "coordinates": [ 57.466713, -20.35514 ] } },
{ "type": "Feature", "properties": { "decimalLatitude": -20.278644, "decimalLongitude": 57.786689, "eventDate": "2020-06-24T14:51:44Z", "countryCode": "MU" }, "geometry": { "type": "Point", "coordinates": [ 57.786689, -20.278644 ] } },
{ "type": "Feature", "properties": { "decimalLatitude": -12.158367, "decimalLongitude": 49.308902, "eventDate": "2020-09-26T11:44:00Z", "countryCode": "MG" }, "geometry": { "type": "Point", "coordinates": [ 49.308902, -12.158367 ] } },
{ "type": "Feature", "properties": { "decimalLatitude": -12.13353, "decimalLongitude": 49.316107, "eventDate": "2020-09-26T11:15:00Z", "countryCode": "MG" }, "geometry": { "type": "Point", "coordinates": [ 49.316107, -12.13353 ] } },
{ "type": "Feature", "properties": { "decimalLatitude": -12.91917, "decimalLongitude": 45.1487, "eventDate": "2020-09-01T00:00:00Z", "countryCode": "YT" }, "geometry": { "type": "Point", "coordinates": [ 45.1487, -12.91917 ] } },
{ "type": "Feature", "properties": { "decimalLatitude": -12.91917, "decimalLongitude": 45.1487, "eventDate": "2020-09-01T00:00:00Z", "countryCode": "YT" }, "geometry": { "type": "Point", "coordinates": [ 45.1487, -12.91917 ] } },
{ "type": "Feature", "properties": { "decimalLatitude": -12.91917, "decimalLongitude": 45.1487, "eventDate": "2020-09-01T00:00:00Z", "countryCode": "YT" }, "geometry": { "type": "Point", "coordinates": [ 45.1487, -12.91917 ] } },
{ "type": "Feature", "properties": { "decimalLatitude": -12.91917, "decimalLongitude": 45.1487, "eventDate": "2020-09-01T00:00:00Z", "countryCode": "YT" }, "geometry": { "type": "Point", "coordinates": [ 45.1487, -12.91917 ] } },
{ "type": "Feature", "properties": { "decimalLatitude": -12.85314, "decimalLongitude": 45.17606, "eventDate": "2020-12-02T00:00:00Z", "countryCode": "YT" }, "geometry": { "type": "Point", "coordinates": [ 45.17606, -12.85314 ] } }
]
}
