{
"type": "FeatureCollection",
"name": "lexias-pardalis-gbif",
"crs": { "type": "name", "properties": { "name": "urn:ogc:def:crs:OGC:1.3:CRS84" } },
"features": [
{ "type": "Feature", "properties": { "decimalLatitude": 18.787747, "decimalLongitude": 98.993128, "eventDate": "2015-01-01T11:15:00Z", "countryCode": "TH" }, "geometry": { "type": "Point", "coordinates": [ 98.993128, 18.787747 ] } },
{ "type": "Feature", "properties": { "decimalLatitude": 18.804795, "decimalLongitude": 98.917008, "eventDate": "2015-02-25T14:27:00Z", "countryCode": "TH" }, "geometry": { "type": "Point", "coordinates": [ 98.917008, 18.804795 ] } },
{ "type": "Feature", "properties": { "decimalLatitude": 17.765244, "decimalLongitude": 99.669525, "eventDate": "2015-02-16T00:00:00Z", "countryCode": "TH" }, "geometry": { "type": "Point", "coordinates": [ 99.669525, 17.765244 ] } },
{ "type": "Feature", "properties": { "decimalLatitude": 18.810402, "decimalLongitude": 98.938729, "eventDate": "2015-03-28T14:09:00Z", "countryCode": "TH" }, "geometry": { "type": "Point", "coordinates": [ 98.938729, 18.810402 ] } },
{ "type": "Feature", "properties": { "decimalLatitude": 26.662599, "decimalLongitude": 94.353601, "eventDate": "2015-03-13T07:48:00Z", "countryCode": "IN" }, "geometry": { "type": "Point", "coordinates": [ 94.353601, 26.662599 ] } },
{ "type": "Feature", "properties": { "decimalLatitude": 26.662599, "decimalLongitude": 94.353601, "eventDate": "2015-03-13T11:25:00Z", "countryCode": "IN" }, "geometry": { "type": "Point", "coordinates": [ 94.353601, 26.662599 ] } },
{ "type": "Feature", "properties": { "decimalLatitude": 26.662599, "decimalLongitude": 94.353601, "eventDate": "2015-03-12T10:59:00Z", "countryCode": "IN" }, "geometry": { "type": "Point", "coordinates": [ 94.353601, 26.662599 ] } },
{ "type": "Feature", "properties": { "decimalLatitude": 23.571116, "decimalLongitude": 92.50243, "eventDate": "2015-03-16T14:00:00Z", "countryCode": "IN" }, "geometry": { "type": "Point", "coordinates": [ 92.50243, 23.571116 ] } },
{ "type": "Feature", "properties": { "decimalLatitude": 23.547398, "decimalLongitude": 92.534797, "eventDate": "2015-03-16T16:35:00Z", "countryCode": "IN" }, "geometry": { "type": "Point", "coordinates": [ 92.534797, 23.547398 ] } },
{ "type": "Feature", "properties": { "decimalLatitude": 4.048384, "decimalLongitude": 114.82387, "eventDate": "2015-03-10T09:43:00Z", "countryCode": "MY" }, "geometry": { "type": "Point", "coordinates": [ 114.82387, 4.048384 ] } },
{ "type": "Feature", "properties": { "decimalLatitude": 1.381828, "decimalLongitude": 110.224395, "eventDate": "2015-04-14T02:19:00Z", "countryCode": "MY" }, "geometry": { "type": "Point", "coordinates": [ 110.224395, 1.381828 ] } },
{ "type": "Feature", "properties": { "decimalLatitude": 4.385195, "decimalLongitude": 102.399393, "eventDate": "2015-05-17T07:38:00Z", "countryCode": "MY" }, "geometry": { "type": "Point", "coordinates": [ 102.399393, 4.385195 ] } },
{ "type": "Feature", "properties": { "decimalLatitude": 1.344762, "decimalLongitude": 103.822351, "eventDate": "2015-06-13T13:36:00Z", "countryCode": "SG" }, "geometry": { "type": "Point", "coordinates": [ 103.822351, 1.344762 ] } },
{ "type": "Feature", "properties": { "decimalLatitude": 1.364018, "decimalLongitude": 103.776397, "eventDate": "2015-06-06T08:13:00Z", "countryCode": "SG" }, "geometry": { "type": "Point", "coordinates": [ 103.776397, 1.364018 ] } },
{ "type": "Feature", "properties": { "decimalLatitude": 1.866935, "decimalLongitude": 103.884615, "eventDate": "2015-08-18T13:59:00Z", "countryCode": "MY" }, "geometry": { "type": "Point", "coordinates": [ 103.884615, 1.866935 ] } },
{ "type": "Feature", "properties": { "decimalLatitude": 1.358545, "decimalLongitude": 103.777358, "eventDate": "2015-08-29T11:31:38Z", "countryCode": "SG" }, "geometry": { "type": "Point", "coordinates": [ 103.777358, 1.358545 ] } },
{ "type": "Feature", "properties": { "decimalLatitude": 0.218684, "decimalLongitude": 100.970806, "eventDate": "2015-08-30T11:24:00Z", "countryCode": "ID" }, "geometry": { "type": "Point", "coordinates": [ 100.970806, 0.218684 ] } },
{ "type": "Feature", "properties": { "decimalLatitude": 4.390512, "decimalLongitude": 102.402419, "eventDate": "2015-09-05T14:54:00Z", "countryCode": "MY" }, "geometry": { "type": "Point", "coordinates": [ 102.402419, 4.390512 ] } },
{ "type": "Feature", "properties": { "decimalLatitude": 6.075313, "decimalLongitude": 116.558824, "eventDate": "2015-09-18T09:52:00Z", "countryCode": "MY" }, "geometry": { "type": "Point", "coordinates": [ 116.558824, 6.075313 ] } },
{ "type": "Feature", "properties": { "decimalLatitude": 16.79582, "decimalLongitude": 103.856458, "eventDate": "2015-09-16T11:06:00Z", "countryCode": "TH" }, "geometry": { "type": "Point", "coordinates": [ 103.856458, 16.79582 ] } },
{ "type": "Feature", "properties": { "decimalLatitude": 8.913903, "decimalLongitude": 98.52581, "eventDate": "2015-09-02T00:00:00Z", "countryCode": "TH" }, "geometry": { "type": "Point", "coordinates": [ 98.52581, 8.913903 ] } },
{ "type": "Feature", "properties": { "decimalLatitude": 0.512892, "decimalLongitude": 102.713512, "eventDate": "2015-11-21T14:36:00Z", "countryCode": "ID" }, "geometry": { "type": "Point", "coordinates": [ 102.713512, 0.512892 ] } },
{ "type": "Feature", "properties": { "decimalLatitude": 22.274959, "decimalLongitude": 113.897519, "eventDate": "2015-11-24T15:15:00Z", "countryCode": "HK" }, "geometry": { "type": "Point", "coordinates": [ 113.897519, 22.274959 ] } },
{ "type": "Feature", "properties": { "decimalLatitude": 12.811803, "decimalLongitude": 99.39214, "eventDate": "2015-11-18T00:12:00Z", "countryCode": "TH" }, "geometry": { "type": "Point", "coordinates": [ 99.39214, 12.811803 ] } },
{ "type": "Feature", "properties": { "decimalLatitude": 1.725297, "decimalLongitude": 110.44851, "eventDate": "2015-11-06T17:52:00Z", "countryCode": "MY" }, "geometry": { "type": "Point", "coordinates": [ 110.44851, 1.725297 ] } },
{ "type": "Feature", "properties": { "decimalLatitude": 18.706064, "decimalLongitude": 98.981716, "eventDate": "2015-12-19T10:13:00Z", "countryCode": "TH" }, "geometry": { "type": "Point", "coordinates": [ 98.981716, 18.706064 ] } },
{ "type": "Feature", "properties": { "decimalLatitude": 8.917038, "decimalLongitude": 98.527439, "eventDate": "2015-12-05T16:01:00Z", "countryCode": "TH" }, "geometry": { "type": "Point", "coordinates": [ 98.527439, 8.917038 ] } },
{ "type": "Feature", "properties": { "decimalLatitude": 18.706064, "decimalLongitude": 98.981716, "eventDate": "2015-12-19T10:14:00Z", "countryCode": "TH" }, "geometry": { "type": "Point", "coordinates": [ 98.981716, 18.706064 ] } },
{ "type": "Feature", "properties": { "decimalLatitude": 18.251564, "decimalLongitude": 98.209201, "eventDate": "2015-12-31T15:11:00Z", "countryCode": "TH" }, "geometry": { "type": "Point", "coordinates": [ 98.209201, 18.251564 ] } },
{ "type": "Feature", "properties": { "decimalLatitude": 17.833966, "decimalLongitude": 97.696155, "eventDate": "2015-12-01T14:56:00Z", "countryCode": "TH" }, "geometry": { "type": "Point", "coordinates": [ 97.696155, 17.833966 ] } },
{ "type": "Feature", "properties": { "decimalLatitude": 5.394283, "decimalLongitude": 100.263015, "eventDate": "2015-12-02T14:21:00Z", "countryCode": "MY" }, "geometry": { "type": "Point", "coordinates": [ 100.263015, 5.394283 ] } },
{ "type": "Feature", "properties": { "decimalLatitude": 5.394283, "decimalLongitude": 100.263015, "eventDate": "2015-12-02T12:40:00Z", "countryCode": "MY" }, "geometry": { "type": "Point", "coordinates": [ 100.263015, 5.394283 ] } },
{ "type": "Feature", "properties": { "decimalLatitude": 5.394283, "decimalLongitude": 100.263015, "eventDate": "2015-12-02T14:22:00Z", "countryCode": "MY" }, "geometry": { "type": "Point", "coordinates": [ 100.263015, 5.394283 ] } },
{ "type": "Feature", "properties": { "decimalLatitude": 5.394283, "decimalLongitude": 100.263015, "eventDate": "2015-12-02T14:23:00Z", "countryCode": "MY" }, "geometry": { "type": "Point", "coordinates": [ 100.263015, 5.394283 ] } },
{ "type": "Feature", "properties": { "decimalLatitude": 5.967993, "decimalLongitude": 116.097883, "eventDate": "2015-12-02T00:00:00Z", "countryCode": "MY" }, "geometry": { "type": "Point", "coordinates": [ 116.097883, 5.967993 ] } },
{ "type": "Feature", "properties": { "decimalLatitude": 18.751, "decimalLongitude": 98.925, "eventDate": "2016-01-21T15:38:00Z", "countryCode": "TH" }, "geometry": { "type": "Point", "coordinates": [ 98.925, 18.751 ] } },
{ "type": "Feature", "properties": { "decimalLatitude": 18.787747, "decimalLongitude": 98.993128, "eventDate": "2016-01-16T00:00:00Z", "countryCode": "TH" }, "geometry": { "type": "Point", "coordinates": [ 98.993128, 18.787747 ] } },
{ "type": "Feature", "properties": { "decimalLatitude": 18.810321, "decimalLongitude": 98.947228, "eventDate": "2016-01-11T12:06:00Z", "countryCode": "TH" }, "geometry": { "type": "Point", "coordinates": [ 98.947228, 18.810321 ] } },
{ "type": "Feature", "properties": { "decimalLatitude": 18.541519, "decimalLongitude": 98.599406, "eventDate": "2016-01-04T00:56:00Z", "countryCode": "TH" }, "geometry": { "type": "Point", "coordinates": [ 98.599406, 18.541519 ] } },
{ "type": "Feature", "properties": { "decimalLatitude": 13.566578, "decimalLongitude": 104.102736, "eventDate": "2016-02-20T12:19:00Z", "countryCode": "KH" }, "geometry": { "type": "Point", "coordinates": [ 104.102736, 13.566578 ] } },
{ "type": "Feature", "properties": { "decimalLatitude": 13.5666, "decimalLongitude": 104.102716, "eventDate": "2016-02-20T12:16:00Z", "countryCode": "KH" }, "geometry": { "type": "Point", "coordinates": [ 104.102716, 13.5666 ] } },
{ "type": "Feature", "properties": { "decimalLatitude": 24.316987, "decimalLongitude": 92.321377, "eventDate": "2016-03-16T09:34:45Z", "countryCode": "IN" }, "geometry": { "type": "Point", "coordinates": [ 92.321377, 24.316987 ] } },
{ "type": "Feature", "properties": { "decimalLatitude": 12.866754, "decimalLongitude": 99.400443, "eventDate": "2016-04-08T14:01:00Z", "countryCode": "TH" }, "geometry": { "type": "Point", "coordinates": [ 99.400443, 12.866754 ] } },
{ "type": "Feature", "properties": { "decimalLatitude": 11.423231, "decimalLongitude": 107.428715, "eventDate": "2016-04-18T00:00:00Z", "countryCode": "VN" }, "geometry": { "type": "Point", "coordinates": [ 107.428715, 11.423231 ] } },
{ "type": "Feature", "properties": { "decimalLatitude": 22.408791, "decimalLongitude": 113.469556, "eventDate": "2016-04-28T00:00:00Z", "countryCode": "CN" }, "geometry": { "type": "Point", "coordinates": [ 113.469556, 22.408791 ] } },
{ "type": "Feature", "properties": { "decimalLatitude": 9.731875, "decimalLongitude": 100.013593, "eventDate": "2016-04-13T12:34:00Z", "countryCode": "TH" }, "geometry": { "type": "Point", "coordinates": [ 100.013593, 9.731875 ] } },
{ "type": "Feature", "properties": { "decimalLatitude": 5.424446, "decimalLongitude": 100.267164, "eventDate": "2016-05-27T17:36:00Z", "countryCode": "MY" }, "geometry": { "type": "Point", "coordinates": [ 100.267164, 5.424446 ] } },
{ "type": "Feature", "properties": { "decimalLatitude": 5.502485, "decimalLongitude": 118.210821, "eventDate": "2016-05-13T10:53:00Z", "countryCode": "MY" }, "geometry": { "type": "Point", "coordinates": [ 118.210821, 5.502485 ] } },
{ "type": "Feature", "properties": { "decimalLatitude": 22.26063, "decimalLongitude": 113.581354, "eventDate": "2016-06-22T13:55:00Z", "countryCode": "CN" }, "geometry": { "type": "Point", "coordinates": [ 113.581354, 22.26063 ] } },
{ "type": "Feature", "properties": { "decimalLatitude": 22.287174, "decimalLongitude": 113.545809, "eventDate": "2016-06-26T16:45:00Z", "countryCode": "CN" }, "geometry": { "type": "Point", "coordinates": [ 113.545809, 22.287174 ] } },
{ "type": "Feature", "properties": { "decimalLatitude": 4.3887, "decimalLongitude": 102.4016, "eventDate": "2016-06-18T11:02:00Z", "countryCode": "MY" }, "geometry": { "type": "Point", "coordinates": [ 102.4016, 4.3887 ] } },
{ "type": "Feature", "properties": { "decimalLatitude": 4.3859, "decimalLongitude": 102.4003, "eventDate": "2016-06-19T16:49:00Z", "countryCode": "MY" }, "geometry": { "type": "Point", "coordinates": [ 102.4003, 4.3859 ] } },
{ "type": "Feature", "properties": { "decimalLatitude": 22.269758, "decimalLongitude": 113.897289, "eventDate": "2016-07-16T11:57:33Z", "countryCode": "HK" }, "geometry": { "type": "Point", "coordinates": [ 113.897289, 22.269758 ] } },
{ "type": "Feature", "properties": { "decimalLatitude": 19.278, "decimalLongitude": 98.042, "eventDate": "2016-07-26T07:39:00Z", "countryCode": "TH" }, "geometry": { "type": "Point", "coordinates": [ 98.042, 19.278 ] } },
{ "type": "Feature", "properties": { "decimalLatitude": 6.422604, "decimalLongitude": 99.670448, "eventDate": "2016-07-24T13:53:00Z", "countryCode": "MY" }, "geometry": { "type": "Point", "coordinates": [ 99.670448, 6.422604 ] } },
{ "type": "Feature", "properties": { "decimalLatitude": 3.933947, "decimalLongitude": 102.031556, "eventDate": "2016-07-05T12:51:00Z", "countryCode": "MY" }, "geometry": { "type": "Point", "coordinates": [ 102.031556, 3.933947 ] } },
{ "type": "Feature", "properties": { "decimalLatitude": 3.933947, "decimalLongitude": 102.031556, "eventDate": "2016-07-05T12:48:00Z", "countryCode": "MY" }, "geometry": { "type": "Point", "coordinates": [ 102.031556, 3.933947 ] } },
{ "type": "Feature", "properties": { "decimalLatitude": 21.919279, "decimalLongitude": 101.26884, "eventDate": "2016-08-11T21:29:00Z", "countryCode": "CN" }, "geometry": { "type": "Point", "coordinates": [ 101.26884, 21.919279 ] } },
{ "type": "Feature", "properties": { "decimalLatitude": 21.919058, "decimalLongitude": 101.26914, "eventDate": "2016-08-09T00:27:00Z", "countryCode": "CN" }, "geometry": { "type": "Point", "coordinates": [ 101.26914, 21.919058 ] } },
{ "type": "Feature", "properties": { "decimalLatitude": 11.452916, "decimalLongitude": 107.389297, "eventDate": "2016-09-26T20:11:00Z", "countryCode": "VN" }, "geometry": { "type": "Point", "coordinates": [ 107.389297, 11.452916 ] } },
{ "type": "Feature", "properties": { "decimalLatitude": 4.384781, "decimalLongitude": 102.400507, "eventDate": "2016-09-11T23:35:00Z", "countryCode": "MY" }, "geometry": { "type": "Point", "coordinates": [ 102.400507, 4.384781 ] } },
{ "type": "Feature", "properties": { "decimalLatitude": 18.252847, "decimalLongitude": 109.511909, "eventDate": "2016-10-04T08:10:00Z", "countryCode": "CN" }, "geometry": { "type": "Point", "coordinates": [ 109.511909, 18.252847 ] } },
{ "type": "Feature", "properties": { "decimalLatitude": 5.487914, "decimalLongitude": 118.227192, "eventDate": "2016-10-09T04:11:00Z", "countryCode": "MY" }, "geometry": { "type": "Point", "coordinates": [ 118.227192, 5.487914 ] } },
{ "type": "Feature", "properties": { "decimalLatitude": 21.919041, "decimalLongitude": 101.271527, "eventDate": "2016-10-13T11:24:00Z", "countryCode": "CN" }, "geometry": { "type": "Point", "coordinates": [ 101.271527, 21.919041 ] } },
{ "type": "Feature", "properties": { "decimalLatitude": 21.919041, "decimalLongitude": 101.271527, "eventDate": "2016-10-10T11:38:00Z", "countryCode": "CN" }, "geometry": { "type": "Point", "coordinates": [ 101.271527, 21.919041 ] } },
{ "type": "Feature", "properties": { "decimalLatitude": 21.919041, "decimalLongitude": 101.271527, "eventDate": "2016-10-07T14:44:00Z", "countryCode": "CN" }, "geometry": { "type": "Point", "coordinates": [ 101.271527, 21.919041 ] } },
{ "type": "Feature", "properties": { "decimalLatitude": 21.919041, "decimalLongitude": 101.271527, "eventDate": "2016-10-07T14:43:00Z", "countryCode": "CN" }, "geometry": { "type": "Point", "coordinates": [ 101.271527, 21.919041 ] } },
{ "type": "Feature", "properties": { "decimalLatitude": 7.514285, "decimalLongitude": 99.085324, "eventDate": "2016-11-05T15:15:05Z", "countryCode": "TH" }, "geometry": { "type": "Point", "coordinates": [ 99.085324, 7.514285 ] } },
{ "type": "Feature", "properties": { "decimalLatitude": 8.914157, "decimalLongitude": 98.507452, "eventDate": "2016-11-18T10:14:00Z", "countryCode": "TH" }, "geometry": { "type": "Point", "coordinates": [ 98.507452, 8.914157 ] } },
{ "type": "Feature", "properties": { "decimalLatitude": 11.580345, "decimalLongitude": 103.127955, "eventDate": "2016-11-28T10:13:00Z", "countryCode": "KH" }, "geometry": { "type": "Point", "coordinates": [ 103.127955, 11.580345 ] } },
{ "type": "Feature", "properties": { "decimalLatitude": 15.635003, "decimalLongitude": 99.261245, "eventDate": "2016-11-14T13:11:00Z", "countryCode": "TH" }, "geometry": { "type": "Point", "coordinates": [ 99.261245, 15.635003 ] } },
{ "type": "Feature", "properties": { "decimalLatitude": 5.497754, "decimalLongitude": 118.282928, "eventDate": "2016-12-23T23:02:00Z", "countryCode": "MY" }, "geometry": { "type": "Point", "coordinates": [ 118.282928, 5.497754 ] } },
{ "type": "Feature", "properties": { "decimalLatitude": 1.359792, "decimalLongitude": 103.776491, "eventDate": "2016-12-03T17:14:00Z", "countryCode": "SG" }, "geometry": { "type": "Point", "coordinates": [ 103.776491, 1.359792 ] } },
{ "type": "Feature", "properties": { "decimalLatitude": 18.811831, "decimalLongitude": 98.944512, "eventDate": "2016-12-18T02:38:00Z", "countryCode": "TH" }, "geometry": { "type": "Point", "coordinates": [ 98.944512, 18.811831 ] } },
{ "type": "Feature", "properties": { "decimalLatitude": 19.756005, "decimalLongitude": 101.99618, "eventDate": "2016-12-25T15:23:00Z", "countryCode": "LA" }, "geometry": { "type": "Point", "coordinates": [ 101.99618, 19.756005 ] } },
{ "type": "Feature", "properties": { "decimalLatitude": 19.879518, "decimalLongitude": 102.143189, "eventDate": "2016-12-29T01:59:00Z", "countryCode": "LA" }, "geometry": { "type": "Point", "coordinates": [ 102.143189, 19.879518 ] } },
{ "type": "Feature", "properties": { "decimalLatitude": 19.402443, "decimalLongitude": 98.917787, "eventDate": "2016-12-04T11:24:00Z", "countryCode": "TH" }, "geometry": { "type": "Point", "coordinates": [ 98.917787, 19.402443 ] } },
{ "type": "Feature", "properties": { "decimalLatitude": 24.33826, "decimalLongitude": 92.341762, "eventDate": "2016-12-18T09:25:38Z", "countryCode": "IN" }, "geometry": { "type": "Point", "coordinates": [ 92.341762, 24.33826 ] } },
{ "type": "Feature", "properties": { "decimalLatitude": 8.942169, "decimalLongitude": 98.572941, "eventDate": "2016-12-10T04:40:00Z", "countryCode": "TH" }, "geometry": { "type": "Point", "coordinates": [ 98.572941, 8.942169 ] } },
{ "type": "Feature", "properties": { "decimalLatitude": 8.977713, "decimalLongitude": 98.638188, "eventDate": "2016-12-10T06:47:00Z", "countryCode": "TH" }, "geometry": { "type": "Point", "coordinates": [ 98.638188, 8.977713 ] } },
{ "type": "Feature", "properties": { "decimalLatitude": 8.977713, "decimalLongitude": 98.638188, "eventDate": "2016-12-10T06:45:00Z", "countryCode": "TH" }, "geometry": { "type": "Point", "coordinates": [ 98.638188, 8.977713 ] } },
{ "type": "Feature", "properties": { "decimalLatitude": 8.507998, "decimalLongitude": 98.541465, "eventDate": "2017-01-15T14:51:00Z", "countryCode": "TH" }, "geometry": { "type": "Point", "coordinates": [ 98.541465, 8.507998 ] } },
{ "type": "Feature", "properties": { "decimalLatitude": 8.209337, "decimalLongitude": 98.94185, "eventDate": "2017-01-17T13:14:00Z", "countryCode": "TH" }, "geometry": { "type": "Point", "coordinates": [ 98.94185, 8.209337 ] } },
{ "type": "Feature", "properties": { "decimalLatitude": 20.598087, "decimalLongitude": 96.529515, "eventDate": "2017-01-21T09:58:00Z", "countryCode": "MM" }, "geometry": { "type": "Point", "coordinates": [ 96.529515, 20.598087 ] } },
{ "type": "Feature", "properties": { "decimalLatitude": 18.535626, "decimalLongitude": 98.522124, "eventDate": "2017-01-20T10:35:00Z", "countryCode": "TH" }, "geometry": { "type": "Point", "coordinates": [ 98.522124, 18.535626 ] } },
{ "type": "Feature", "properties": { "decimalLatitude": 3.683701, "decimalLongitude": 97.645917, "eventDate": "2017-01-18T13:29:07Z", "countryCode": "ID" }, "geometry": { "type": "Point", "coordinates": [ 97.645917, 3.683701 ] } },
{ "type": "Feature", "properties": { "decimalLatitude": 10.442174, "decimalLongitude": 119.115802, "eventDate": "2017-01-14T17:19:00Z", "countryCode": "PH" }, "geometry": { "type": "Point", "coordinates": [ 119.115802, 10.442174 ] } },
{ "type": "Feature", "properties": { "decimalLatitude": 18.812261, "decimalLongitude": 98.941637, "eventDate": "2017-02-24T21:30:00Z", "countryCode": "TH" }, "geometry": { "type": "Point", "coordinates": [ 98.941637, 18.812261 ] } },
{ "type": "Feature", "properties": { "decimalLatitude": 18.812261, "decimalLongitude": 98.941637, "eventDate": "2017-02-24T20:30:00Z", "countryCode": "TH" }, "geometry": { "type": "Point", "coordinates": [ 98.941637, 18.812261 ] } },
{ "type": "Feature", "properties": { "decimalLatitude": 12.866754, "decimalLongitude": 99.400443, "eventDate": "2017-02-14T12:15:00Z", "countryCode": "TH" }, "geometry": { "type": "Point", "coordinates": [ 99.400443, 12.866754 ] } },
{ "type": "Feature", "properties": { "decimalLatitude": 13.566048, "decimalLongitude": 104.104873, "eventDate": "2017-02-23T22:52:00Z", "countryCode": "KH" }, "geometry": { "type": "Point", "coordinates": [ 104.104873, 13.566048 ] } },
{ "type": "Feature", "properties": { "decimalLatitude": 13.477788, "decimalLongitude": 104.228924, "eventDate": "2017-02-27T12:14:00Z", "countryCode": "KH" }, "geometry": { "type": "Point", "coordinates": [ 104.228924, 13.477788 ] } },
{ "type": "Feature", "properties": { "decimalLatitude": 13.430417, "decimalLongitude": 103.899737, "eventDate": "2017-02-22T11:59:00Z", "countryCode": "KH" }, "geometry": { "type": "Point", "coordinates": [ 103.899737, 13.430417 ] } },
{ "type": "Feature", "properties": { "decimalLatitude": 3.693509, "decimalLongitude": 97.662699, "eventDate": "2017-02-05T14:22:52Z", "countryCode": "ID" }, "geometry": { "type": "Point", "coordinates": [ 97.662699, 3.693509 ] } },
{ "type": "Feature", "properties": { "decimalLatitude": 3.68499, "decimalLongitude": 98.074066, "eventDate": "2017-02-05T17:59:00Z", "countryCode": "ID" }, "geometry": { "type": "Point", "coordinates": [ 98.074066, 3.68499 ] } },
{ "type": "Feature", "properties": { "decimalLatitude": 18.524202, "decimalLongitude": 98.651811, "eventDate": "2017-03-04T11:46:00Z", "countryCode": "TH" }, "geometry": { "type": "Point", "coordinates": [ 98.651811, 18.524202 ] } },
{ "type": "Feature", "properties": { "decimalLatitude": 18.524202, "decimalLongitude": 98.651811, "eventDate": "2017-03-04T11:48:00Z", "countryCode": "TH" }, "geometry": { "type": "Point", "coordinates": [ 98.651811, 18.524202 ] } },
{ "type": "Feature", "properties": { "decimalLatitude": 18.869853, "decimalLongitude": 98.937288, "eventDate": "2017-03-03T00:20:00Z", "countryCode": "TH" }, "geometry": { "type": "Point", "coordinates": [ 98.937288, 18.869853 ] } },
{ "type": "Feature", "properties": { "decimalLatitude": 18.8916, "decimalLongitude": 98.86306, "eventDate": "2017-03-15T05:15:00Z", "countryCode": "TH" }, "geometry": { "type": "Point", "coordinates": [ 98.86306, 18.8916 ] } },
{ "type": "Feature", "properties": { "decimalLatitude": 18.757228, "decimalLongitude": 98.921668, "eventDate": "2017-03-02T10:02:00Z", "countryCode": "TH" }, "geometry": { "type": "Point", "coordinates": [ 98.921668, 18.757228 ] } },
{ "type": "Feature", "properties": { "decimalLatitude": 18.907079, "decimalLongitude": 98.892719, "eventDate": "2017-03-01T10:26:00Z", "countryCode": "TH" }, "geometry": { "type": "Point", "coordinates": [ 98.892719, 18.907079 ] } },
{ "type": "Feature", "properties": { "decimalLatitude": 1.348393, "decimalLongitude": 103.777463, "eventDate": "2017-04-07T13:58:00Z", "countryCode": "SG" }, "geometry": { "type": "Point", "coordinates": [ 103.777463, 1.348393 ] } },
{ "type": "Feature", "properties": { "decimalLatitude": 1.348393, "decimalLongitude": 103.777463, "eventDate": "2017-04-07T15:40:00Z", "countryCode": "SG" }, "geometry": { "type": "Point", "coordinates": [ 103.777463, 1.348393 ] } },
{ "type": "Feature", "properties": { "decimalLatitude": 1.361879, "decimalLongitude": 103.775315, "eventDate": "2017-04-19T13:52:00Z", "countryCode": "SG" }, "geometry": { "type": "Point", "coordinates": [ 103.775315, 1.361879 ] } },
{ "type": "Feature", "properties": { "decimalLatitude": 1.39854, "decimalLongitude": 103.805993, "eventDate": "2017-04-22T14:20:12Z", "countryCode": "SG" }, "geometry": { "type": "Point", "coordinates": [ 103.805993, 1.39854 ] } },
{ "type": "Feature", "properties": { "decimalLatitude": 18.706064, "decimalLongitude": 98.981716, "eventDate": "2017-04-09T22:39:00Z", "countryCode": "TH" }, "geometry": { "type": "Point", "coordinates": [ 98.981716, 18.706064 ] } },
{ "type": "Feature", "properties": { "decimalLatitude": 18.706064, "decimalLongitude": 98.981716, "eventDate": "2017-04-09T22:40:00Z", "countryCode": "TH" }, "geometry": { "type": "Point", "coordinates": [ 98.981716, 18.706064 ] } },
{ "type": "Feature", "properties": { "decimalLatitude": 17.993276, "decimalLongitude": 99.561542, "eventDate": "2017-04-16T15:37:24Z", "countryCode": "TH" }, "geometry": { "type": "Point", "coordinates": [ 99.561542, 17.993276 ] } },
{ "type": "Feature", "properties": { "decimalLatitude": 3.693015, "decimalLongitude": 97.722005, "eventDate": "2017-04-15T17:01:00Z", "countryCode": "ID" }, "geometry": { "type": "Point", "coordinates": [ 97.722005, 3.693015 ] } },
{ "type": "Feature", "properties": { "decimalLatitude": 22.433523, "decimalLongitude": 114.118245, "eventDate": "2017-04-30T14:22:00Z", "countryCode": "HK" }, "geometry": { "type": "Point", "coordinates": [ 114.118245, 22.433523 ] } },
{ "type": "Feature", "properties": { "decimalLatitude": 22.426273, "decimalLongitude": 114.120693, "eventDate": "2017-04-30T15:37:00Z", "countryCode": "HK" }, "geometry": { "type": "Point", "coordinates": [ 114.120693, 22.426273 ] } },
{ "type": "Feature", "properties": { "decimalLatitude": 22.433503, "decimalLongitude": 114.118159, "eventDate": "2017-04-30T14:35:00Z", "countryCode": "HK" }, "geometry": { "type": "Point", "coordinates": [ 114.118159, 22.433503 ] } },
{ "type": "Feature", "properties": { "decimalLatitude": 1.360116, "decimalLongitude": 103.777088, "eventDate": "2017-05-01T08:55:31Z", "countryCode": "SG" }, "geometry": { "type": "Point", "coordinates": [ 103.777088, 1.360116 ] } },
{ "type": "Feature", "properties": { "decimalLatitude": 1.361879, "decimalLongitude": 103.775315, "eventDate": "2017-05-02T12:51:00Z", "countryCode": "SG" }, "geometry": { "type": "Point", "coordinates": [ 103.775315, 1.361879 ] } },
{ "type": "Feature", "properties": { "decimalLatitude": 1.361833, "decimalLongitude": 103.775318, "eventDate": "2017-05-20T00:00:00Z", "countryCode": "SG" }, "geometry": { "type": "Point", "coordinates": [ 103.775318, 1.361833 ] } },
{ "type": "Feature", "properties": { "decimalLatitude": 1.396874, "decimalLongitude": 103.803271, "eventDate": "2017-05-09T13:50:00Z", "countryCode": "SG" }, "geometry": { "type": "Point", "coordinates": [ 103.803271, 1.396874 ] } },
{ "type": "Feature", "properties": { "decimalLatitude": 1.361879, "decimalLongitude": 103.775315, "eventDate": "2017-06-09T11:46:00Z", "countryCode": "SG" }, "geometry": { "type": "Point", "coordinates": [ 103.775315, 1.361879 ] } },
{ "type": "Feature", "properties": { "decimalLatitude": 1.361879, "decimalLongitude": 103.775315, "eventDate": "2017-06-15T00:00:00Z", "countryCode": "SG" }, "geometry": { "type": "Point", "coordinates": [ 103.775315, 1.361879 ] } },
{ "type": "Feature", "properties": { "decimalLatitude": 1.362741, "decimalLongitude": 103.777324, "eventDate": "2017-06-21T09:27:41Z", "countryCode": "SG" }, "geometry": { "type": "Point", "coordinates": [ 103.777324, 1.362741 ] } },
{ "type": "Feature", "properties": { "decimalLatitude": 1.359305, "decimalLongitude": 103.823588, "eventDate": "2017-06-25T00:00:00Z", "countryCode": "SG" }, "geometry": { "type": "Point", "coordinates": [ 103.823588, 1.359305 ] } },
{ "type": "Feature", "properties": { "decimalLatitude": -3.723546, "decimalLongitude": 115.336031, "eventDate": "2017-06-10T13:08:00Z", "countryCode": "ID" }, "geometry": { "type": "Point", "coordinates": [ 115.336031, -3.723546 ] } },
{ "type": "Feature", "properties": { "decimalLatitude": -3.723222, "decimalLongitude": 115.335636, "eventDate": "2017-06-10T13:09:00Z", "countryCode": "ID" }, "geometry": { "type": "Point", "coordinates": [ 115.335636, -3.723222 ] } },
{ "type": "Feature", "properties": { "decimalLatitude": 1.350082, "decimalLongitude": 103.830762, "eventDate": "2017-07-12T18:17:00Z", "countryCode": "SG" }, "geometry": { "type": "Point", "coordinates": [ 103.830762, 1.350082 ] } },
{ "type": "Feature", "properties": { "decimalLatitude": 1.361897, "decimalLongitude": 103.775311, "eventDate": "2017-07-19T00:00:00Z", "countryCode": "SG" }, "geometry": { "type": "Point", "coordinates": [ 103.775311, 1.361897 ] } },
{ "type": "Feature", "properties": { "decimalLatitude": 1.352742, "decimalLongitude": 103.805957, "eventDate": "2017-07-21T08:59:00Z", "countryCode": "SG" }, "geometry": { "type": "Point", "coordinates": [ 103.805957, 1.352742 ] } },
{ "type": "Feature", "properties": { "decimalLatitude": 1.397468, "decimalLongitude": 103.805737, "eventDate": "2017-07-22T13:16:00Z", "countryCode": "SG" }, "geometry": { "type": "Point", "coordinates": [ 103.805737, 1.397468 ] } },
{ "type": "Feature", "properties": { "decimalLatitude": 1.397468, "decimalLongitude": 103.805737, "eventDate": "2017-07-22T13:19:00Z", "countryCode": "SG" }, "geometry": { "type": "Point", "coordinates": [ 103.805737, 1.397468 ] } },
{ "type": "Feature", "properties": { "decimalLatitude": 22.243376, "decimalLongitude": 113.975349, "eventDate": "2017-07-26T00:00:00Z", "countryCode": "HK" }, "geometry": { "type": "Point", "coordinates": [ 113.975349, 22.243376 ] } },
{ "type": "Feature", "properties": { "decimalLatitude": 22.243376, "decimalLongitude": 113.975349, "eventDate": "2017-07-26T00:00:00Z", "countryCode": "HK" }, "geometry": { "type": "Point", "coordinates": [ 113.975349, 22.243376 ] } },
{ "type": "Feature", "properties": { "decimalLatitude": 22.243376, "decimalLongitude": 113.975349, "eventDate": "2017-07-26T00:00:00Z", "countryCode": "HK" }, "geometry": { "type": "Point", "coordinates": [ 113.975349, 22.243376 ] } },
{ "type": "Feature", "properties": { "decimalLatitude": 13.855976, "decimalLongitude": 102.52038, "eventDate": "2017-07-02T14:47:00Z", "countryCode": "TH" }, "geometry": { "type": "Point", "coordinates": [ 102.52038, 13.855976 ] } },
{ "type": "Feature", "properties": { "decimalLatitude": 1.335772, "decimalLongitude": 103.824574, "eventDate": "2017-07-30T14:39:03Z", "countryCode": "SG" }, "geometry": { "type": "Point", "coordinates": [ 103.824574, 1.335772 ] } },
{ "type": "Feature", "properties": { "decimalLatitude": 16.243477, "decimalLongitude": 107.866868, "eventDate": "2017-07-13T04:18:00Z", "countryCode": "VN" }, "geometry": { "type": "Point", "coordinates": [ 107.866868, 16.243477 ] } },
{ "type": "Feature", "properties": { "decimalLatitude": 1.356332, "decimalLongitude": 103.802472, "eventDate": "2017-08-04T00:00:00Z", "countryCode": "SG" }, "geometry": { "type": "Point", "coordinates": [ 103.802472, 1.356332 ] } },
{ "type": "Feature", "properties": { "decimalLatitude": 1.356332, "decimalLongitude": 103.802472, "eventDate": "2017-08-04T00:00:00Z", "countryCode": "SG" }, "geometry": { "type": "Point", "coordinates": [ 103.802472, 1.356332 ] } },
{ "type": "Feature", "properties": { "decimalLatitude": 1.383272, "decimalLongitude": 103.818072, "eventDate": "2017-08-16T09:04:00Z", "countryCode": "SG" }, "geometry": { "type": "Point", "coordinates": [ 103.818072, 1.383272 ] } },
{ "type": "Feature", "properties": { "decimalLatitude": 1.349653, "decimalLongitude": 103.804755, "eventDate": "2017-08-25T09:49:00Z", "countryCode": "SG" }, "geometry": { "type": "Point", "coordinates": [ 103.804755, 1.349653 ] } },
{ "type": "Feature", "properties": { "decimalLatitude": 1.341416, "decimalLongitude": 103.813167, "eventDate": "2017-08-25T10:12:00Z", "countryCode": "SG" }, "geometry": { "type": "Point", "coordinates": [ 103.813167, 1.341416 ] } },
{ "type": "Feature", "properties": { "decimalLatitude": 21.926175, "decimalLongitude": 101.254472, "eventDate": "2017-08-10T21:02:00Z", "countryCode": "CN" }, "geometry": { "type": "Point", "coordinates": [ 101.254472, 21.926175 ] } },
{ "type": "Feature", "properties": { "decimalLatitude": 13.363253, "decimalLongitude": 103.856403, "eventDate": "2017-08-18T08:22:00Z", "countryCode": "KH" }, "geometry": { "type": "Point", "coordinates": [ 103.856403, 13.363253 ] } },
{ "type": "Feature", "properties": { "decimalLatitude": 21.387537, "decimalLongitude": 105.712845, "eventDate": "2017-08-05T00:48:34Z", "countryCode": "VN" }, "geometry": { "type": "Point", "coordinates": [ 105.712845, 21.387537 ] } },
{ "type": "Feature", "properties": { "decimalLatitude": 5.457711, "decimalLongitude": 100.244339, "eventDate": "2017-09-03T09:53:00Z", "countryCode": "MY" }, "geometry": { "type": "Point", "coordinates": [ 100.244339, 5.457711 ] } },
{ "type": "Feature", "properties": { "decimalLatitude": 1.386812, "decimalLongitude": 103.815776, "eventDate": "2017-09-25T08:24:00Z", "countryCode": "SG" }, "geometry": { "type": "Point", "coordinates": [ 103.815776, 1.386812 ] } },
{ "type": "Feature", "properties": { "decimalLatitude": 1.386797, "decimalLongitude": 103.81578, "eventDate": "2017-09-25T08:24:00Z", "countryCode": "SG" }, "geometry": { "type": "Point", "coordinates": [ 103.81578, 1.386797 ] } },
{ "type": "Feature", "properties": { "decimalLatitude": 1.371857, "decimalLongitude": 103.825156, "eventDate": "2017-09-16T14:36:00Z", "countryCode": "SG" }, "geometry": { "type": "Point", "coordinates": [ 103.825156, 1.371857 ] } },
{ "type": "Feature", "properties": { "decimalLatitude": 4.96184, "decimalLongitude": 117.689217, "eventDate": "2017-09-08T03:59:00Z", "countryCode": "MY" }, "geometry": { "type": "Point", "coordinates": [ 117.689217, 4.96184 ] } },
{ "type": "Feature", "properties": { "decimalLatitude": 1.355945, "decimalLongitude": 103.800556, "eventDate": "2017-10-20T00:00:00Z", "countryCode": "SG" }, "geometry": { "type": "Point", "coordinates": [ 103.800556, 1.355945 ] } },
{ "type": "Feature", "properties": { "decimalLatitude": 24.325321, "decimalLongitude": 94.291939, "eventDate": "2017-10-28T12:44:00Z", "countryCode": "IN" }, "geometry": { "type": "Point", "coordinates": [ 94.291939, 24.325321 ] } },
{ "type": "Feature", "properties": { "decimalLatitude": 21.919041, "decimalLongitude": 101.271527, "eventDate": "2017-10-31T12:53:00Z", "countryCode": "CN" }, "geometry": { "type": "Point", "coordinates": [ 101.271527, 21.919041 ] } },
{ "type": "Feature", "properties": { "decimalLatitude": 1.347561, "decimalLongitude": 103.803229, "eventDate": "2017-11-10T09:12:00Z", "countryCode": "SG" }, "geometry": { "type": "Point", "coordinates": [ 103.803229, 1.347561 ] } },
{ "type": "Feature", "properties": { "decimalLatitude": 1.349335, "decimalLongitude": 103.833497, "eventDate": "2017-11-24T11:02:00Z", "countryCode": "SG" }, "geometry": { "type": "Point", "coordinates": [ 103.833497, 1.349335 ] } },
{ "type": "Feature", "properties": { "decimalLatitude": 22.409731, "decimalLongitude": 113.963546, "eventDate": "2017-11-02T09:31:00Z", "countryCode": "HK" }, "geometry": { "type": "Point", "coordinates": [ 113.963546, 22.409731 ] } },
{ "type": "Feature", "properties": { "decimalLatitude": 13.482745, "decimalLongitude": 120.916162, "eventDate": "2017-11-07T07:53:00Z", "countryCode": "PH" }, "geometry": { "type": "Point", "coordinates": [ 120.916162, 13.482745 ] } },
{ "type": "Feature", "properties": { "decimalLatitude": 26.665398, "decimalLongitude": 94.352709, "eventDate": "2017-12-22T12:01:00Z", "countryCode": "IN" }, "geometry": { "type": "Point", "coordinates": [ 94.352709, 26.665398 ] } },
{ "type": "Feature", "properties": { "decimalLatitude": 8.998206, "decimalLongitude": 98.460347, "eventDate": "2017-12-26T11:52:00Z", "countryCode": "TH" }, "geometry": { "type": "Point", "coordinates": [ 98.460347, 8.998206 ] } },
{ "type": "Feature", "properties": { "decimalLatitude": 1.360128, "decimalLongitude": 103.825659, "eventDate": "2018-01-23T11:30:00Z", "countryCode": "SG" }, "geometry": { "type": "Point", "coordinates": [ 103.825659, 1.360128 ] } },
{ "type": "Feature", "properties": { "decimalLatitude": 1.371299, "decimalLongitude": 103.779453, "eventDate": "2018-01-01T15:16:00Z", "countryCode": "SG" }, "geometry": { "type": "Point", "coordinates": [ 103.779453, 1.371299 ] } },
{ "type": "Feature", "properties": { "decimalLatitude": 9.489488, "decimalLongitude": 100.060488, "eventDate": "2018-01-10T06:25:00Z", "countryCode": "TH" }, "geometry": { "type": "Point", "coordinates": [ 100.060488, 9.489488 ] } },
{ "type": "Feature", "properties": { "decimalLatitude": 9.489602, "decimalLongitude": 100.060643, "eventDate": "2018-01-10T06:36:00Z", "countryCode": "TH" }, "geometry": { "type": "Point", "coordinates": [ 100.060643, 9.489602 ] } },
{ "type": "Feature", "properties": { "decimalLatitude": 9.489557, "decimalLongitude": 100.060606, "eventDate": "2018-01-10T07:10:00Z", "countryCode": "TH" }, "geometry": { "type": "Point", "coordinates": [ 100.060606, 9.489557 ] } },
{ "type": "Feature", "properties": { "decimalLatitude": 5.972936, "decimalLongitude": 116.075794, "eventDate": "2018-01-27T00:00:00Z", "countryCode": "MY" }, "geometry": { "type": "Point", "coordinates": [ 116.075794, 5.972936 ] } },
{ "type": "Feature", "properties": { "decimalLatitude": 5.972982, "decimalLongitude": 116.075864, "eventDate": "2018-01-27T12:15:00Z", "countryCode": "MY" }, "geometry": { "type": "Point", "coordinates": [ 116.075864, 5.972982 ] } },
{ "type": "Feature", "properties": { "decimalLatitude": 17.93244, "decimalLongitude": 99.561225, "eventDate": "2018-01-10T05:05:00Z", "countryCode": "TH" }, "geometry": { "type": "Point", "coordinates": [ 99.561225, 17.93244 ] } },
{ "type": "Feature", "properties": { "decimalLatitude": 1.360128, "decimalLongitude": 103.825659, "eventDate": "2018-02-14T15:18:00Z", "countryCode": "SG" }, "geometry": { "type": "Point", "coordinates": [ 103.825659, 1.360128 ] } },
{ "type": "Feature", "properties": { "decimalLatitude": 1.357924, "decimalLongitude": 103.823212, "eventDate": "2018-02-03T14:47:00Z", "countryCode": "SG" }, "geometry": { "type": "Point", "coordinates": [ 103.823212, 1.357924 ] } },
{ "type": "Feature", "properties": { "decimalLatitude": 1.344762, "decimalLongitude": 103.822351, "eventDate": "2018-02-12T13:17:00Z", "countryCode": "SG" }, "geometry": { "type": "Point", "coordinates": [ 103.822351, 1.344762 ] } },
{ "type": "Feature", "properties": { "decimalLatitude": 1.344762, "decimalLongitude": 103.822351, "eventDate": "2018-02-09T13:25:00Z", "countryCode": "SG" }, "geometry": { "type": "Point", "coordinates": [ 103.822351, 1.344762 ] } },
{ "type": "Feature", "properties": { "decimalLatitude": 1.361879, "decimalLongitude": 103.775315, "eventDate": "2018-02-06T12:44:00Z", "countryCode": "SG" }, "geometry": { "type": "Point", "coordinates": [ 103.775315, 1.361879 ] } },
{ "type": "Feature", "properties": { "decimalLatitude": 1.354056, "decimalLongitude": 103.776945, "eventDate": "2018-02-28T11:45:00Z", "countryCode": "SG" }, "geometry": { "type": "Point", "coordinates": [ 103.776945, 1.354056 ] } },
{ "type": "Feature", "properties": { "decimalLatitude": 19.977528, "decimalLongitude": 99.847247, "eventDate": "2018-02-19T10:54:00Z", "countryCode": "TH" }, "geometry": { "type": "Point", "coordinates": [ 99.847247, 19.977528 ] } },
{ "type": "Feature", "properties": { "decimalLatitude": 24.351319, "decimalLongitude": 92.341461, "eventDate": "2018-02-25T09:55:42Z", "countryCode": "IN" }, "geometry": { "type": "Point", "coordinates": [ 92.341461, 24.351319 ] } },
{ "type": "Feature", "properties": { "decimalLatitude": 4.405, "decimalLongitude": 102.403, "eventDate": "2018-03-20T13:17:00Z", "countryCode": "MY" }, "geometry": { "type": "Point", "coordinates": [ 102.403, 4.405 ] } },
{ "type": "Feature", "properties": { "decimalLatitude": 3.725, "decimalLongitude": 101.713, "eventDate": "2018-03-13T13:26:00Z", "countryCode": "MY" }, "geometry": { "type": "Point", "coordinates": [ 101.713, 3.725 ] } },
{ "type": "Feature", "properties": { "decimalLatitude": 1.353915, "decimalLongitude": 103.793575, "eventDate": "2018-03-21T00:00:00Z", "countryCode": "SG" }, "geometry": { "type": "Point", "coordinates": [ 103.793575, 1.353915 ] } },
{ "type": "Feature", "properties": { "decimalLatitude": 3.725, "decimalLongitude": 101.714445, "eventDate": "2018-03-13T13:26:00Z", "countryCode": "MY" }, "geometry": { "type": "Point", "coordinates": [ 101.714445, 3.725 ] } },
{ "type": "Feature", "properties": { "decimalLatitude": 22.212245, "decimalLongitude": 113.915081, "eventDate": "2018-04-05T12:58:00Z", "countryCode": "HK" }, "geometry": { "type": "Point", "coordinates": [ 113.915081, 22.212245 ] } },
{ "type": "Feature", "properties": { "decimalLatitude": 22.219642, "decimalLongitude": 113.913571, "eventDate": "2018-04-23T13:13:00Z", "countryCode": "HK" }, "geometry": { "type": "Point", "coordinates": [ 113.913571, 22.219642 ] } },
{ "type": "Feature", "properties": { "decimalLatitude": 22.219642, "decimalLongitude": 113.913571, "eventDate": "2018-04-23T13:11:00Z", "countryCode": "HK" }, "geometry": { "type": "Point", "coordinates": [ 113.913571, 22.219642 ] } },
{ "type": "Feature", "properties": { "decimalLatitude": 22.409597, "decimalLongitude": 113.963629, "eventDate": "2018-04-10T15:06:00Z", "countryCode": "HK" }, "geometry": { "type": "Point", "coordinates": [ 113.963629, 22.409597 ] } },
{ "type": "Feature", "properties": { "decimalLatitude": 22.415383, "decimalLongitude": 114.079769, "eventDate": "2018-04-29T10:49:06Z", "countryCode": "HK" }, "geometry": { "type": "Point", "coordinates": [ 114.079769, 22.415383 ] } },
{ "type": "Feature", "properties": { "decimalLatitude": 22.423838, "decimalLongitude": 114.09986, "eventDate": "2018-04-29T10:59:39Z", "countryCode": "HK" }, "geometry": { "type": "Point", "coordinates": [ 114.09986, 22.423838 ] } },
{ "type": "Feature", "properties": { "decimalLatitude": 22.233054, "decimalLongitude": 113.85273, "eventDate": "2018-04-29T08:38:56Z", "countryCode": "HK" }, "geometry": { "type": "Point", "coordinates": [ 113.85273, 22.233054 ] } },
{ "type": "Feature", "properties": { "decimalLatitude": 22.583858, "decimalLongitude": 114.08615, "eventDate": "2018-04-30T13:36:08Z", "countryCode": "HK" }, "geometry": { "type": "Point", "coordinates": [ 114.08615, 22.583858 ] } },
{ "type": "Feature", "properties": { "decimalLatitude": 26.681948, "decimalLongitude": 94.34067, "eventDate": "2018-04-01T09:34:43Z", "countryCode": "IN" }, "geometry": { "type": "Point", "coordinates": [ 94.34067, 26.681948 ] } },
{ "type": "Feature", "properties": { "decimalLatitude": 1.361888, "decimalLongitude": 103.775243, "eventDate": "2018-04-01T10:31:00Z", "countryCode": "SG" }, "geometry": { "type": "Point", "coordinates": [ 103.775243, 1.361888 ] } },
{ "type": "Feature", "properties": { "decimalLatitude": 20.849534, "decimalLongitude": 101.317978, "eventDate": "2018-04-06T15:31:36Z", "countryCode": "LA" }, "geometry": { "type": "Point", "coordinates": [ 101.317978, 20.849534 ] } },
{ "type": "Feature", "properties": { "decimalLatitude": 20.248008, "decimalLongitude": 105.715505, "eventDate": "2018-04-22T09:22:36Z", "countryCode": "VN" }, "geometry": { "type": "Point", "coordinates": [ 105.715505, 20.248008 ] } },
{ "type": "Feature", "properties": { "decimalLatitude": 26.692864, "decimalLongitude": 94.345093, "eventDate": "2018-04-01T09:34:00Z", "countryCode": "IN" }, "geometry": { "type": "Point", "coordinates": [ 94.345093, 26.692864 ] } },
{ "type": "Feature", "properties": { "decimalLatitude": 22.211936, "decimalLongitude": 113.915108, "eventDate": "2018-04-05T12:30:00Z", "countryCode": "HK" }, "geometry": { "type": "Point", "coordinates": [ 113.915108, 22.211936 ] } },
{ "type": "Feature", "properties": { "decimalLatitude": 22.211947, "decimalLongitude": 113.915947, "eventDate": "2018-04-05T13:00:00Z", "countryCode": "HK" }, "geometry": { "type": "Point", "coordinates": [ 113.915947, 22.211947 ] } },
{ "type": "Feature", "properties": { "decimalLatitude": 22.386486, "decimalLongitude": 114.144483, "eventDate": "2018-04-14T00:00:00Z", "countryCode": "HK" }, "geometry": { "type": "Point", "coordinates": [ 114.144483, 22.386486 ] } },
{ "type": "Feature", "properties": { "decimalLatitude": 21.31354, "decimalLongitude": 105.652888, "eventDate": "2018-04-03T20:19:00Z", "countryCode": "VN" }, "geometry": { "type": "Point", "coordinates": [ 105.652888, 21.31354 ] } },
{ "type": "Feature", "properties": { "decimalLatitude": 18.64564, "decimalLongitude": 100.975439, "eventDate": "2018-04-13T00:00:00Z", "countryCode": "TH" }, "geometry": { "type": "Point", "coordinates": [ 100.975439, 18.64564 ] } },
{ "type": "Feature", "properties": { "decimalLatitude": 1.355153, "decimalLongitude": 103.797202, "eventDate": "2018-05-12T11:33:00Z", "countryCode": "SG" }, "geometry": { "type": "Point", "coordinates": [ 103.797202, 1.355153 ] } },
{ "type": "Feature", "properties": { "decimalLatitude": 22.320371, "decimalLongitude": 113.896271, "eventDate": "2018-05-28T15:16:56Z", "countryCode": "HK" }, "geometry": { "type": "Point", "coordinates": [ 113.896271, 22.320371 ] } },
{ "type": "Feature", "properties": { "decimalLatitude": 1.359929, "decimalLongitude": 103.827263, "eventDate": "2018-05-17T14:02:00Z", "countryCode": "SG" }, "geometry": { "type": "Point", "coordinates": [ 103.827263, 1.359929 ] } },
{ "type": "Feature", "properties": { "decimalLatitude": 4.045347, "decimalLongitude": 114.824485, "eventDate": "2018-05-17T14:13:00Z", "countryCode": "MY" }, "geometry": { "type": "Point", "coordinates": [ 114.824485, 4.045347 ] } },
{ "type": "Feature", "properties": { "decimalLatitude": 1.360162, "decimalLongitude": 103.77707, "eventDate": "2018-05-08T12:29:00Z", "countryCode": "SG" }, "geometry": { "type": "Point", "coordinates": [ 103.77707, 1.360162 ] } },
{ "type": "Feature", "properties": { "decimalLatitude": 4.467892, "decimalLongitude": 101.384787, "eventDate": "2018-05-05T16:47:00Z", "countryCode": "MY" }, "geometry": { "type": "Point", "coordinates": [ 101.384787, 4.467892 ] } },
{ "type": "Feature", "properties": { "decimalLatitude": 6.045724, "decimalLongitude": 116.70336, "eventDate": "2018-05-26T14:45:00Z", "countryCode": "MY" }, "geometry": { "type": "Point", "coordinates": [ 116.70336, 6.045724 ] } },
{ "type": "Feature", "properties": { "decimalLatitude": 22.387353, "decimalLongitude": 114.145221, "eventDate": "2018-05-20T12:01:00Z", "countryCode": "HK" }, "geometry": { "type": "Point", "coordinates": [ 114.145221, 22.387353 ] } },
{ "type": "Feature", "properties": { "decimalLatitude": 22.387869, "decimalLongitude": 114.145414, "eventDate": "2018-05-20T11:57:00Z", "countryCode": "HK" }, "geometry": { "type": "Point", "coordinates": [ 114.145414, 22.387869 ] } },
{ "type": "Feature", "properties": { "decimalLatitude": 1.361879, "decimalLongitude": 103.775315, "eventDate": "2018-06-13T12:40:00Z", "countryCode": "SG" }, "geometry": { "type": "Point", "coordinates": [ 103.775315, 1.361879 ] } },
{ "type": "Feature", "properties": { "decimalLatitude": 22.453104, "decimalLongitude": 114.070083, "eventDate": "2018-06-27T08:04:16Z", "countryCode": "HK" }, "geometry": { "type": "Point", "coordinates": [ 114.070083, 22.453104 ] } },
{ "type": "Feature", "properties": { "decimalLatitude": 1.888518, "decimalLongitude": 103.897467, "eventDate": "2018-06-23T12:53:00Z", "countryCode": "MY" }, "geometry": { "type": "Point", "coordinates": [ 103.897467, 1.888518 ] } },
{ "type": "Feature", "properties": { "decimalLatitude": 1.406617, "decimalLongitude": 103.78995, "eventDate": "2018-06-30T10:59:00Z", "countryCode": "SG" }, "geometry": { "type": "Point", "coordinates": [ 103.78995, 1.406617 ] } },
{ "type": "Feature", "properties": { "decimalLatitude": 22.243376, "decimalLongitude": 113.975349, "eventDate": "2018-06-05T00:00:00Z", "countryCode": "HK" }, "geometry": { "type": "Point", "coordinates": [ 113.975349, 22.243376 ] } },
{ "type": "Feature", "properties": { "decimalLatitude": 12.441923, "decimalLongitude": 107.159905, "eventDate": "2018-06-23T09:06:00Z", "countryCode": "KH" }, "geometry": { "type": "Point", "coordinates": [ 107.159905, 12.441923 ] } },
{ "type": "Feature", "properties": { "decimalLatitude": 13.516376, "decimalLongitude": 104.123536, "eventDate": "2018-06-30T17:06:00Z", "countryCode": "KH" }, "geometry": { "type": "Point", "coordinates": [ 104.123536, 13.516376 ] } },
{ "type": "Feature", "properties": { "decimalLatitude": 22.265013, "decimalLongitude": 113.576285, "eventDate": "2018-06-15T10:37:00Z", "countryCode": "CN" }, "geometry": { "type": "Point", "coordinates": [ 113.576285, 22.265013 ] } },
{ "type": "Feature", "properties": { "decimalLatitude": 22.394543, "decimalLongitude": 113.980051, "eventDate": "2018-07-04T15:31:19Z", "countryCode": "HK" }, "geometry": { "type": "Point", "coordinates": [ 113.980051, 22.394543 ] } },
{ "type": "Feature", "properties": { "decimalLatitude": 22.437062, "decimalLongitude": 114.134989, "eventDate": "2018-07-28T13:31:43Z", "countryCode": "HK" }, "geometry": { "type": "Point", "coordinates": [ 114.134989, 22.437062 ] } },
{ "type": "Feature", "properties": { "decimalLatitude": 22.436649, "decimalLongitude": 114.13502, "eventDate": "2018-07-28T13:40:53Z", "countryCode": "HK" }, "geometry": { "type": "Point", "coordinates": [ 114.13502, 22.436649 ] } },
{ "type": "Feature", "properties": { "decimalLatitude": 22.280597, "decimalLongitude": 113.925347, "eventDate": "2018-07-27T15:11:00Z", "countryCode": "HK" }, "geometry": { "type": "Point", "coordinates": [ 113.925347, 22.280597 ] } },
{ "type": "Feature", "properties": { "decimalLatitude": 6.008702, "decimalLongitude": 116.542944, "eventDate": "2018-07-28T00:00:00Z", "countryCode": "MY" }, "geometry": { "type": "Point", "coordinates": [ 116.542944, 6.008702 ] } },
{ "type": "Feature", "properties": { "decimalLatitude": 18.371536, "decimalLongitude": 102.592892, "eventDate": "2018-07-29T15:48:00Z", "countryCode": "LA" }, "geometry": { "type": "Point", "coordinates": [ 102.592892, 18.371536 ] } },
{ "type": "Feature", "properties": { "decimalLatitude": 6.007106, "decimalLongitude": 116.542212, "eventDate": "2018-07-25T07:29:00Z", "countryCode": "MY" }, "geometry": { "type": "Point", "coordinates": [ 116.542212, 6.007106 ] } },
{ "type": "Feature", "properties": { "decimalLatitude": 18.371486, "decimalLongitude": 102.593314, "eventDate": "2018-07-29T15:50:00Z", "countryCode": "LA" }, "geometry": { "type": "Point", "coordinates": [ 102.593314, 18.371486 ] } },
{ "type": "Feature", "properties": { "decimalLatitude": 5.320589, "decimalLongitude": 115.665818, "eventDate": "2018-07-05T12:22:00Z", "countryCode": "MY" }, "geometry": { "type": "Point", "coordinates": [ 115.665818, 5.320589 ] } },
{ "type": "Feature", "properties": { "decimalLatitude": 22.401733, "decimalLongitude": 114.203247, "eventDate": "2018-08-05T22:51:39Z", "countryCode": "HK" }, "geometry": { "type": "Point", "coordinates": [ 114.203247, 22.401733 ] } },
{ "type": "Feature", "properties": { "decimalLatitude": 22.422778, "decimalLongitude": 114.063339, "eventDate": "2018-08-07T15:26:16Z", "countryCode": "HK" }, "geometry": { "type": "Point", "coordinates": [ 114.063339, 22.422778 ] } },
{ "type": "Feature", "properties": { "decimalLatitude": 5.43529, "decimalLongitude": 100.282286, "eventDate": "2018-08-06T21:32:00Z", "countryCode": "MY" }, "geometry": { "type": "Point", "coordinates": [ 100.282286, 5.43529 ] } },
{ "type": "Feature", "properties": { "decimalLatitude": 22.422012, "decimalLongitude": 114.101601, "eventDate": "2018-08-16T08:10:55Z", "countryCode": "HK" }, "geometry": { "type": "Point", "coordinates": [ 114.101601, 22.422012 ] } },
{ "type": "Feature", "properties": { "decimalLatitude": 22.275967, "decimalLongitude": 114.121554, "eventDate": "2018-08-15T14:44:00Z", "countryCode": "HK" }, "geometry": { "type": "Point", "coordinates": [ 114.121554, 22.275967 ] } },
{ "type": "Feature", "properties": { "decimalLatitude": 5.451763, "decimalLongitude": 100.215719, "eventDate": "2018-08-08T16:01:00Z", "countryCode": "MY" }, "geometry": { "type": "Point", "coordinates": [ 100.215719, 5.451763 ] } },
{ "type": "Feature", "properties": { "decimalLatitude": 5.451763, "decimalLongitude": 100.215719, "eventDate": "2018-08-08T16:02:00Z", "countryCode": "MY" }, "geometry": { "type": "Point", "coordinates": [ 100.215719, 5.451763 ] } },
{ "type": "Feature", "properties": { "decimalLatitude": 5.451763, "decimalLongitude": 100.215719, "eventDate": "2018-08-08T16:33:00Z", "countryCode": "MY" }, "geometry": { "type": "Point", "coordinates": [ 100.215719, 5.451763 ] } },
{ "type": "Feature", "properties": { "decimalLatitude": 1.342527, "decimalLongitude": 103.823578, "eventDate": "2018-08-16T15:33:00Z", "countryCode": "SG" }, "geometry": { "type": "Point", "coordinates": [ 103.823578, 1.342527 ] } },
{ "type": "Feature", "properties": { "decimalLatitude": 5.437839, "decimalLongitude": 100.289261, "eventDate": "2018-08-12T13:29:00Z", "countryCode": "MY" }, "geometry": { "type": "Point", "coordinates": [ 100.289261, 5.437839 ] } },
{ "type": "Feature", "properties": { "decimalLatitude": 17.986256, "decimalLongitude": 102.43026, "eventDate": "2018-08-05T14:11:21Z", "countryCode": "LA" }, "geometry": { "type": "Point", "coordinates": [ 102.43026, 17.986256 ] } },
{ "type": "Feature", "properties": { "decimalLatitude": 1.340345, "decimalLongitude": 103.828534, "eventDate": "2018-08-27T13:20:00Z", "countryCode": "SG" }, "geometry": { "type": "Point", "coordinates": [ 103.828534, 1.340345 ] } },
{ "type": "Feature", "properties": { "decimalLatitude": 1.340345, "decimalLongitude": 103.828534, "eventDate": "2018-08-27T12:56:00Z", "countryCode": "SG" }, "geometry": { "type": "Point", "coordinates": [ 103.828534, 1.340345 ] } },
{ "type": "Feature", "properties": { "decimalLatitude": 1.383876, "decimalLongitude": 103.798431, "eventDate": "2018-08-31T11:29:00Z", "countryCode": "SG" }, "geometry": { "type": "Point", "coordinates": [ 103.798431, 1.383876 ] } },
{ "type": "Feature", "properties": { "decimalLatitude": 6.048137, "decimalLongitude": 116.701558, "eventDate": "2018-08-03T03:27:00Z", "countryCode": "MY" }, "geometry": { "type": "Point", "coordinates": [ 116.701558, 6.048137 ] } },
{ "type": "Feature", "properties": { "decimalLatitude": 1.360128, "decimalLongitude": 103.825659, "eventDate": "2018-08-27T00:00:00Z", "countryCode": "SG" }, "geometry": { "type": "Point", "coordinates": [ 103.825659, 1.360128 ] } },
{ "type": "Feature", "properties": { "decimalLatitude": 1.71756, "decimalLongitude": 110.44916, "eventDate": "2018-08-28T13:18:01Z", "countryCode": "MY" }, "geometry": { "type": "Point", "coordinates": [ 110.44916, 1.71756 ] } },
{ "type": "Feature", "properties": { "decimalLatitude": 22.454334, "decimalLongitude": 114.027443, "eventDate": "2018-08-07T00:00:00Z", "countryCode": "HK" }, "geometry": { "type": "Point", "coordinates": [ 114.027443, 22.454334 ] } },
{ "type": "Feature", "properties": { "decimalLatitude": 1.349822, "decimalLongitude": 103.776198, "eventDate": "2018-08-05T00:00:00Z", "countryCode": "SG" }, "geometry": { "type": "Point", "coordinates": [ 103.776198, 1.349822 ] } },
{ "type": "Feature", "properties": { "decimalLatitude": 0.216777, "decimalLongitude": 117.280143, "eventDate": "2018-08-07T15:32:00Z", "countryCode": "ID" }, "geometry": { "type": "Point", "coordinates": [ 117.280143, 0.216777 ] } },
{ "type": "Feature", "properties": { "decimalLatitude": 0.213653, "decimalLongitude": 117.277881, "eventDate": "2018-08-09T15:13:00Z", "countryCode": "ID" }, "geometry": { "type": "Point", "coordinates": [ 117.277881, 0.213653 ] } },
{ "type": "Feature", "properties": { "decimalLatitude": 1.361279, "decimalLongitude": 103.778297, "eventDate": "2018-09-09T10:07:00Z", "countryCode": "SG" }, "geometry": { "type": "Point", "coordinates": [ 103.778297, 1.361279 ] } },
{ "type": "Feature", "properties": { "decimalLatitude": 1.361279, "decimalLongitude": 103.778297, "eventDate": "2018-09-09T10:09:00Z", "countryCode": "SG" }, "geometry": { "type": "Point", "coordinates": [ 103.778297, 1.361279 ] } },
{ "type": "Feature", "properties": { "decimalLatitude": 22.424577, "decimalLongitude": 114.096133, "eventDate": "2018-09-18T08:45:00Z", "countryCode": "HK" }, "geometry": { "type": "Point", "coordinates": [ 114.096133, 22.424577 ] } },
{ "type": "Feature", "properties": { "decimalLatitude": 22.425596, "decimalLongitude": 114.097993, "eventDate": "2018-09-19T07:30:00Z", "countryCode": "HK" }, "geometry": { "type": "Point", "coordinates": [ 114.097993, 22.425596 ] } },
{ "type": "Feature", "properties": { "decimalLatitude": 22.365498, "decimalLongitude": 114.141198, "eventDate": "2018-09-19T17:00:10Z", "countryCode": "HK" }, "geometry": { "type": "Point", "coordinates": [ 114.141198, 22.365498 ] } },
{ "type": "Feature", "properties": { "decimalLatitude": 1.361052, "decimalLongitude": 103.7773, "eventDate": "2018-09-29T12:08:00Z", "countryCode": "SG" }, "geometry": { "type": "Point", "coordinates": [ 103.7773, 1.361052 ] } },
{ "type": "Feature", "properties": { "decimalLatitude": 22.387697, "decimalLongitude": 114.049991, "eventDate": "2018-09-30T09:30:00Z", "countryCode": "HK" }, "geometry": { "type": "Point", "coordinates": [ 114.049991, 22.387697 ] } },
{ "type": "Feature", "properties": { "decimalLatitude": 22.26783, "decimalLongitude": 113.993813, "eventDate": "2018-09-14T09:30:40Z", "countryCode": "HK" }, "geometry": { "type": "Point", "coordinates": [ 113.993813, 22.26783 ] } },
{ "type": "Feature", "properties": { "decimalLatitude": 22.415692, "decimalLongitude": 114.085849, "eventDate": "2018-10-03T09:30:00Z", "countryCode": "HK" }, "geometry": { "type": "Point", "coordinates": [ 114.085849, 22.415692 ] } },
{ "type": "Feature", "properties": { "decimalLatitude": 22.416117, "decimalLongitude": 114.066452, "eventDate": "2018-10-06T09:34:30Z", "countryCode": "HK" }, "geometry": { "type": "Point", "coordinates": [ 114.066452, 22.416117 ] } },
{ "type": "Feature", "properties": { "decimalLatitude": 22.350078, "decimalLongitude": 114.098108, "eventDate": "2018-10-12T14:32:31Z", "countryCode": "HK" }, "geometry": { "type": "Point", "coordinates": [ 114.098108, 22.350078 ] } },
{ "type": "Feature", "properties": { "decimalLatitude": 1.35389, "decimalLongitude": 103.805418, "eventDate": "2018-10-21T11:19:26Z", "countryCode": "SG" }, "geometry": { "type": "Point", "coordinates": [ 103.805418, 1.35389 ] } },
{ "type": "Feature", "properties": { "decimalLatitude": 22.394343, "decimalLongitude": 113.981375, "eventDate": "2018-10-21T12:59:25Z", "countryCode": "HK" }, "geometry": { "type": "Point", "coordinates": [ 113.981375, 22.394343 ] } },
{ "type": "Feature", "properties": { "decimalLatitude": 22.483881, "decimalLongitude": 114.172229, "eventDate": "2018-10-27T00:00:00Z", "countryCode": "HK" }, "geometry": { "type": "Point", "coordinates": [ 114.172229, 22.483881 ] } },
{ "type": "Feature", "properties": { "decimalLatitude": 25.266069, "decimalLongitude": 96.356964, "eventDate": "2018-10-16T10:45:00Z", "countryCode": "MM" }, "geometry": { "type": "Point", "coordinates": [ 96.356964, 25.266069 ] } },
{ "type": "Feature", "properties": { "decimalLatitude": 18.71976, "decimalLongitude": 99.075133, "eventDate": "2018-10-04T14:09:00Z", "countryCode": "TH" }, "geometry": { "type": "Point", "coordinates": [ 99.075133, 18.71976 ] } },
{ "type": "Feature", "properties": { "decimalLatitude": 17.521666, "decimalLongitude": 103.804859, "eventDate": "2018-10-30T10:44:00Z", "countryCode": "TH" }, "geometry": { "type": "Point", "coordinates": [ 103.804859, 17.521666 ] } },
{ "type": "Feature", "properties": { "decimalLatitude": 18.90897, "decimalLongitude": 99.128589, "eventDate": "2018-11-17T15:44:00Z", "countryCode": "TH" }, "geometry": { "type": "Point", "coordinates": [ 99.128589, 18.90897 ] } },
{ "type": "Feature", "properties": { "decimalLatitude": 18.90897, "decimalLongitude": 99.128589, "eventDate": "2018-11-17T15:56:00Z", "countryCode": "TH" }, "geometry": { "type": "Point", "coordinates": [ 99.128589, 18.90897 ] } },
{ "type": "Feature", "properties": { "decimalLatitude": 5.481009, "decimalLongitude": 101.359358, "eventDate": "2018-11-30T15:56:00Z", "countryCode": "MY" }, "geometry": { "type": "Point", "coordinates": [ 101.359358, 5.481009 ] } },
{ "type": "Feature", "properties": { "decimalLatitude": 5.481009, "decimalLongitude": 101.359358, "eventDate": "2018-11-30T15:53:00Z", "countryCode": "MY" }, "geometry": { "type": "Point", "coordinates": [ 101.359358, 5.481009 ] } },
{ "type": "Feature", "properties": { "decimalLatitude": 18.898912, "decimalLongitude": 99.290582, "eventDate": "2018-11-05T09:55:00Z", "countryCode": "TH" }, "geometry": { "type": "Point", "coordinates": [ 99.290582, 18.898912 ] } },
{ "type": "Feature", "properties": { "decimalLatitude": 19.162639, "decimalLongitude": 100.950399, "eventDate": "2018-11-14T11:45:00Z", "countryCode": "TH" }, "geometry": { "type": "Point", "coordinates": [ 100.950399, 19.162639 ] } },
{ "type": "Feature", "properties": { "decimalLatitude": 13.688172, "decimalLongitude": 104.0149, "eventDate": "2018-11-06T12:32:00Z", "countryCode": "KH" }, "geometry": { "type": "Point", "coordinates": [ 104.0149, 13.688172 ] } },
{ "type": "Feature", "properties": { "decimalLatitude": 18.543517, "decimalLongitude": 98.579903, "eventDate": "2018-12-01T10:42:56Z", "countryCode": "TH" }, "geometry": { "type": "Point", "coordinates": [ 98.579903, 18.543517 ] } },
{ "type": "Feature", "properties": { "decimalLatitude": 18.43963, "decimalLongitude": 98.59388, "eventDate": "2018-12-02T11:58:27Z", "countryCode": "TH" }, "geometry": { "type": "Point", "coordinates": [ 98.59388, 18.43963 ] } },
{ "type": "Feature", "properties": { "decimalLatitude": 1.361879, "decimalLongitude": 103.775314, "eventDate": "2018-12-13T17:44:00Z", "countryCode": "SG" }, "geometry": { "type": "Point", "coordinates": [ 103.775314, 1.361879 ] } },
{ "type": "Feature", "properties": { "decimalLatitude": 1.359055, "decimalLongitude": 103.778064, "eventDate": "2018-12-14T20:51:00Z", "countryCode": "SG" }, "geometry": { "type": "Point", "coordinates": [ 103.778064, 1.359055 ] } },
{ "type": "Feature", "properties": { "decimalLatitude": -1.136107, "decimalLongitude": 100.366877, "eventDate": "2018-12-27T12:30:00Z", "countryCode": "ID" }, "geometry": { "type": "Point", "coordinates": [ 100.366877, -1.136107 ] } },
{ "type": "Feature", "properties": { "decimalLatitude": 5.481009, "decimalLongitude": 101.359358, "eventDate": "2018-12-02T16:40:00Z", "countryCode": "MY" }, "geometry": { "type": "Point", "coordinates": [ 101.359358, 5.481009 ] } },
{ "type": "Feature", "properties": { "decimalLatitude": -1.136107, "decimalLongitude": 100.366877, "eventDate": "2018-12-27T12:30:00Z", "countryCode": "ID" }, "geometry": { "type": "Point", "coordinates": [ 100.366877, -1.136107 ] } },
{ "type": "Feature", "properties": { "decimalLatitude": -1.136107, "decimalLongitude": 100.366877, "eventDate": "2018-12-27T12:30:00Z", "countryCode": "ID" }, "geometry": { "type": "Point", "coordinates": [ 100.366877, -1.136107 ] } },
{ "type": "Feature", "properties": { "decimalLatitude": 5.533951, "decimalLongitude": 100.39126, "eventDate": "2018-12-10T20:34:00Z", "countryCode": "MY" }, "geometry": { "type": "Point", "coordinates": [ 100.39126, 5.533951 ] } },
{ "type": "Feature", "properties": { "decimalLatitude": 13.530698, "decimalLongitude": 104.146218, "eventDate": "2018-12-07T12:02:00Z", "countryCode": "KH" }, "geometry": { "type": "Point", "coordinates": [ 104.146218, 13.530698 ] } },
{ "type": "Feature", "properties": { "decimalLatitude": 7.915834, "decimalLongitude": 98.773186, "eventDate": "2018-12-27T00:00:00Z", "countryCode": "TH" }, "geometry": { "type": "Point", "coordinates": [ 98.773186, 7.915834 ] } },
{ "type": "Feature", "properties": { "decimalLatitude": 1.715095, "decimalLongitude": 110.456626, "eventDate": "2018-12-18T15:23:00Z", "countryCode": "MY" }, "geometry": { "type": "Point", "coordinates": [ 110.456626, 1.715095 ] } },
{ "type": "Feature", "properties": { "decimalLatitude": 5.961045, "decimalLongitude": 116.071399, "eventDate": "2019-01-03T16:36:00Z", "countryCode": "MY" }, "geometry": { "type": "Point", "coordinates": [ 116.071399, 5.961045 ] } },
{ "type": "Feature", "properties": { "decimalLatitude": 1.364186, "decimalLongitude": 103.776505, "eventDate": "2019-01-26T11:05:00Z", "countryCode": "SG" }, "geometry": { "type": "Point", "coordinates": [ 103.776505, 1.364186 ] } },
{ "type": "Feature", "properties": { "decimalLatitude": 1.361879, "decimalLongitude": 103.775315, "eventDate": "2019-01-25T12:45:00Z", "countryCode": "SG" }, "geometry": { "type": "Point", "coordinates": [ 103.775315, 1.361879 ] } },
{ "type": "Feature", "properties": { "decimalLatitude": 1.355153, "decimalLongitude": 103.797202, "eventDate": "2019-01-28T11:50:00Z", "countryCode": "SG" }, "geometry": { "type": "Point", "coordinates": [ 103.797202, 1.355153 ] } },
{ "type": "Feature", "properties": { "decimalLatitude": 1.364388, "decimalLongitude": 103.773958, "eventDate": "2019-02-03T13:12:01Z", "countryCode": "SG" }, "geometry": { "type": "Point", "coordinates": [ 103.773958, 1.364388 ] } },
{ "type": "Feature", "properties": { "decimalLatitude": 1.348145, "decimalLongitude": 103.777705, "eventDate": "2019-02-02T14:36:34Z", "countryCode": "SG" }, "geometry": { "type": "Point", "coordinates": [ 103.777705, 1.348145 ] } },
{ "type": "Feature", "properties": { "decimalLatitude": 1.34818, "decimalLongitude": 103.777728, "eventDate": "2019-02-02T14:40:28Z", "countryCode": "SG" }, "geometry": { "type": "Point", "coordinates": [ 103.777728, 1.34818 ] } },
{ "type": "Feature", "properties": { "decimalLatitude": 5.996276, "decimalLongitude": 116.086135, "eventDate": "2019-02-15T09:33:00Z", "countryCode": "MY" }, "geometry": { "type": "Point", "coordinates": [ 116.086135, 5.996276 ] } },
{ "type": "Feature", "properties": { "decimalLatitude": 5.996669, "decimalLongitude": 116.086749, "eventDate": "2019-02-15T10:55:00Z", "countryCode": "MY" }, "geometry": { "type": "Point", "coordinates": [ 116.086749, 5.996669 ] } },
{ "type": "Feature", "properties": { "decimalLatitude": 4.200558, "decimalLongitude": 114.04532, "eventDate": "2019-02-25T13:10:00Z", "countryCode": "MY" }, "geometry": { "type": "Point", "coordinates": [ 114.04532, 4.200558 ] } },
{ "type": "Feature", "properties": { "decimalLatitude": 19.965944, "decimalLongitude": 99.155265, "eventDate": "2019-02-21T09:04:00Z", "countryCode": "TH" }, "geometry": { "type": "Point", "coordinates": [ 99.155265, 19.965944 ] } },
{ "type": "Feature", "properties": { "decimalLatitude": -2.577077, "decimalLongitude": 114.950637, "eventDate": "2019-02-23T09:22:41Z", "countryCode": "ID" }, "geometry": { "type": "Point", "coordinates": [ 114.950637, -2.577077 ] } },
{ "type": "Feature", "properties": { "decimalLatitude": 1.396874, "decimalLongitude": 103.803271, "eventDate": "2019-03-09T12:55:00Z", "countryCode": "SG" }, "geometry": { "type": "Point", "coordinates": [ 103.803271, 1.396874 ] } },
{ "type": "Feature", "properties": { "decimalLatitude": 1.396874, "decimalLongitude": 103.803271, "eventDate": "2019-03-09T15:04:00Z", "countryCode": "SG" }, "geometry": { "type": "Point", "coordinates": [ 103.803271, 1.396874 ] } },
{ "type": "Feature", "properties": { "decimalLatitude": 1.361879, "decimalLongitude": 103.775315, "eventDate": "2019-03-10T15:48:00Z", "countryCode": "SG" }, "geometry": { "type": "Point", "coordinates": [ 103.775315, 1.361879 ] } },
{ "type": "Feature", "properties": { "decimalLatitude": 22.227877, "decimalLongitude": 113.925523, "eventDate": "2019-03-22T14:25:19Z", "countryCode": "HK" }, "geometry": { "type": "Point", "coordinates": [ 113.925523, 22.227877 ] } },
{ "type": "Feature", "properties": { "decimalLatitude": 22.218284, "decimalLongitude": 113.926055, "eventDate": "2019-03-22T14:26:28Z", "countryCode": "HK" }, "geometry": { "type": "Point", "coordinates": [ 113.926055, 22.218284 ] } },
{ "type": "Feature", "properties": { "decimalLatitude": 22.42906, "decimalLongitude": 114.11409, "eventDate": "2019-03-22T13:55:31Z", "countryCode": "HK" }, "geometry": { "type": "Point", "coordinates": [ 114.11409, 22.42906 ] } },
{ "type": "Feature", "properties": { "decimalLatitude": 22.394488, "decimalLongitude": 113.979067, "eventDate": "2019-03-28T12:25:21Z", "countryCode": "HK" }, "geometry": { "type": "Point", "coordinates": [ 113.979067, 22.394488 ] } },
{ "type": "Feature", "properties": { "decimalLatitude": 22.394735, "decimalLongitude": 113.984121, "eventDate": "2019-03-28T10:55:18Z", "countryCode": "HK" }, "geometry": { "type": "Point", "coordinates": [ 113.984121, 22.394735 ] } },
{ "type": "Feature", "properties": { "decimalLatitude": 22.353174, "decimalLongitude": 114.096413, "eventDate": "2019-03-24T13:01:08Z", "countryCode": "HK" }, "geometry": { "type": "Point", "coordinates": [ 114.096413, 22.353174 ] } },
{ "type": "Feature", "properties": { "decimalLatitude": 1.359929, "decimalLongitude": 103.827263, "eventDate": "2019-03-02T11:23:00Z", "countryCode": "SG" }, "geometry": { "type": "Point", "coordinates": [ 103.827263, 1.359929 ] } },
{ "type": "Feature", "properties": { "decimalLatitude": 22.565017, "decimalLongitude": 114.072839, "eventDate": "2019-03-28T13:49:09Z", "countryCode": "CN" }, "geometry": { "type": "Point", "coordinates": [ 114.072839, 22.565017 ] } },
{ "type": "Feature", "properties": { "decimalLatitude": 22.54633, "decimalLongitude": 114.101944, "eventDate": "2019-03-26T12:59:00Z", "countryCode": "CN" }, "geometry": { "type": "Point", "coordinates": [ 114.101944, 22.54633 ] } },
{ "type": "Feature", "properties": { "decimalLatitude": -1.136107, "decimalLongitude": 100.366877, "eventDate": "2019-03-06T14:17:00Z", "countryCode": "ID" }, "geometry": { "type": "Point", "coordinates": [ 100.366877, -1.136107 ] } },
{ "type": "Feature", "properties": { "decimalLatitude": -1.136107, "decimalLongitude": 100.366877, "eventDate": "2019-03-06T14:17:00Z", "countryCode": "ID" }, "geometry": { "type": "Point", "coordinates": [ 100.366877, -1.136107 ] } },
{ "type": "Feature", "properties": { "decimalLatitude": 12.383293, "decimalLongitude": 103.053423, "eventDate": "2019-03-18T06:51:00Z", "countryCode": "KH" }, "geometry": { "type": "Point", "coordinates": [ 103.053423, 12.383293 ] } },
{ "type": "Feature", "properties": { "decimalLatitude": 22.466917, "decimalLongitude": 114.18012, "eventDate": "2019-03-14T00:00:00Z", "countryCode": "HK" }, "geometry": { "type": "Point", "coordinates": [ 114.18012, 22.466917 ] } },
{ "type": "Feature", "properties": { "decimalLatitude": 22.407495, "decimalLongitude": 114.07612, "eventDate": "2019-04-04T08:33:36Z", "countryCode": "HK" }, "geometry": { "type": "Point", "coordinates": [ 114.07612, 22.407495 ] } },
{ "type": "Feature", "properties": { "decimalLatitude": 22.528235, "decimalLongitude": 114.221195, "eventDate": "2019-04-05T12:00:42Z", "countryCode": "HK" }, "geometry": { "type": "Point", "coordinates": [ 114.221195, 22.528235 ] } },
{ "type": "Feature", "properties": { "decimalLatitude": 22.262074, "decimalLongitude": 114.001804, "eventDate": "2019-04-07T16:03:29Z", "countryCode": "HK" }, "geometry": { "type": "Point", "coordinates": [ 114.001804, 22.262074 ] } },
{ "type": "Feature", "properties": { "decimalLatitude": 22.425361, "decimalLongitude": 114.183979, "eventDate": "2019-04-06T00:00:00Z", "countryCode": "HK" }, "geometry": { "type": "Point", "coordinates": [ 114.183979, 22.425361 ] } },
{ "type": "Feature", "properties": { "decimalLatitude": 22.261891, "decimalLongitude": 114.001646, "eventDate": "2019-04-07T15:59:00Z", "countryCode": "HK" }, "geometry": { "type": "Point", "coordinates": [ 114.001646, 22.261891 ] } },
{ "type": "Feature", "properties": { "decimalLatitude": 22.581158, "decimalLongitude": 114.069892, "eventDate": "2019-04-08T11:51:09Z", "countryCode": "CN" }, "geometry": { "type": "Point", "coordinates": [ 114.069892, 22.581158 ] } },
{ "type": "Feature", "properties": { "decimalLatitude": 22.389401, "decimalLongitude": 113.983169, "eventDate": "2019-04-07T13:16:21Z", "countryCode": "HK" }, "geometry": { "type": "Point", "coordinates": [ 113.983169, 22.389401 ] } },
{ "type": "Feature", "properties": { "decimalLatitude": 22.507085, "decimalLongitude": 114.242796, "eventDate": "2019-04-09T09:07:00Z", "countryCode": "HK" }, "geometry": { "type": "Point", "coordinates": [ 114.242796, 22.507085 ] } },
{ "type": "Feature", "properties": { "decimalLatitude": 22.509254, "decimalLongitude": 114.243844, "eventDate": "2019-04-09T08:37:00Z", "countryCode": "HK" }, "geometry": { "type": "Point", "coordinates": [ 114.243844, 22.509254 ] } },
{ "type": "Feature", "properties": { "decimalLatitude": 22.507672, "decimalLongitude": 114.243004, "eventDate": "2019-04-09T08:21:00Z", "countryCode": "HK" }, "geometry": { "type": "Point", "coordinates": [ 114.243004, 22.507672 ] } },
{ "type": "Feature", "properties": { "decimalLatitude": 22.507084, "decimalLongitude": 114.24277, "eventDate": "2019-04-09T09:07:00Z", "countryCode": "HK" }, "geometry": { "type": "Point", "coordinates": [ 114.24277, 22.507084 ] } },
{ "type": "Feature", "properties": { "decimalLatitude": 22.499508, "decimalLongitude": 114.26247, "eventDate": "2019-04-08T15:37:22Z", "countryCode": "HK" }, "geometry": { "type": "Point", "coordinates": [ 114.26247, 22.499508 ] } },
{ "type": "Feature", "properties": { "decimalLatitude": 22.385658, "decimalLongitude": 114.100573, "eventDate": "2019-04-10T11:11:21Z", "countryCode": "HK" }, "geometry": { "type": "Point", "coordinates": [ 114.100573, 22.385658 ] } },
{ "type": "Feature", "properties": { "decimalLatitude": 22.52599, "decimalLongitude": 114.127789, "eventDate": "2019-04-11T13:46:40Z", "countryCode": "HK" }, "geometry": { "type": "Point", "coordinates": [ 114.127789, 22.52599 ] } },
{ "type": "Feature", "properties": { "decimalLatitude": 22.394084, "decimalLongitude": 113.982578, "eventDate": "2019-04-16T16:34:01Z", "countryCode": "HK" }, "geometry": { "type": "Point", "coordinates": [ 113.982578, 22.394084 ] } },
{ "type": "Feature", "properties": { "decimalLatitude": 22.329871, "decimalLongitude": 114.220819, "eventDate": "2019-04-20T11:15:00Z", "countryCode": "HK" }, "geometry": { "type": "Point", "coordinates": [ 114.220819, 22.329871 ] } },
{ "type": "Feature", "properties": { "decimalLatitude": 22.499135, "decimalLongitude": 114.179332, "eventDate": "2019-04-21T12:15:06Z", "countryCode": "HK" }, "geometry": { "type": "Point", "coordinates": [ 114.179332, 22.499135 ] } },
{ "type": "Feature", "properties": { "decimalLatitude": 22.329911, "decimalLongitude": 114.220819, "eventDate": "2019-04-21T12:19:00Z", "countryCode": "HK" }, "geometry": { "type": "Point", "coordinates": [ 114.220819, 22.329911 ] } },
{ "type": "Feature", "properties": { "decimalLatitude": 22.297376, "decimalLongitude": 113.958131, "eventDate": "2019-04-16T09:43:14Z", "countryCode": "HK" }, "geometry": { "type": "Point", "coordinates": [ 113.958131, 22.297376 ] } },
{ "type": "Feature", "properties": { "decimalLatitude": 22.407315, "decimalLongitude": 113.962811, "eventDate": "2019-04-05T13:06:00Z", "countryCode": "HK" }, "geometry": { "type": "Point", "coordinates": [ 113.962811, 22.407315 ] } },
{ "type": "Feature", "properties": { "decimalLatitude": 22.279313, "decimalLongitude": 113.988978, "eventDate": "2019-04-15T00:00:00Z", "countryCode": "HK" }, "geometry": { "type": "Point", "coordinates": [ 113.988978, 22.279313 ] } },
{ "type": "Feature", "properties": { "decimalLatitude": 22.39083, "decimalLongitude": 113.972513, "eventDate": "2019-04-24T11:12:00Z", "countryCode": "HK" }, "geometry": { "type": "Point", "coordinates": [ 113.972513, 22.39083 ] } },
{ "type": "Feature", "properties": { "decimalLatitude": 22.39083, "decimalLongitude": 113.972513, "eventDate": "2019-04-24T12:45:00Z", "countryCode": "HK" }, "geometry": { "type": "Point", "coordinates": [ 113.972513, 22.39083 ] } },
{ "type": "Feature", "properties": { "decimalLatitude": 22.554133, "decimalLongitude": 114.196737, "eventDate": "2019-04-25T11:03:36Z", "countryCode": "HK" }, "geometry": { "type": "Point", "coordinates": [ 114.196737, 22.554133 ] } },
{ "type": "Feature", "properties": { "decimalLatitude": 22.39083, "decimalLongitude": 113.972513, "eventDate": "2019-04-25T15:18:00Z", "countryCode": "HK" }, "geometry": { "type": "Point", "coordinates": [ 113.972513, 22.39083 ] } },
{ "type": "Feature", "properties": { "decimalLatitude": 22.39083, "decimalLongitude": 113.972513, "eventDate": "2019-04-25T14:15:00Z", "countryCode": "HK" }, "geometry": { "type": "Point", "coordinates": [ 113.972513, 22.39083 ] } },
{ "type": "Feature", "properties": { "decimalLatitude": 22.373916, "decimalLongitude": 114.265032, "eventDate": "2019-04-25T12:52:00Z", "countryCode": "HK" }, "geometry": { "type": "Point", "coordinates": [ 114.265032, 22.373916 ] } },
{ "type": "Feature", "properties": { "decimalLatitude": 22.332205, "decimalLongitude": 114.244387, "eventDate": "2019-04-27T11:28:23Z", "countryCode": "HK" }, "geometry": { "type": "Point", "coordinates": [ 114.244387, 22.332205 ] } },
{ "type": "Feature", "properties": { "decimalLatitude": 22.401106, "decimalLongitude": 114.201393, "eventDate": "2019-04-27T10:07:12Z", "countryCode": "HK" }, "geometry": { "type": "Point", "coordinates": [ 114.201393, 22.401106 ] } },
{ "type": "Feature", "properties": { "decimalLatitude": 22.220189, "decimalLongitude": 113.913265, "eventDate": "2019-04-28T12:21:39Z", "countryCode": "HK" }, "geometry": { "type": "Point", "coordinates": [ 113.913265, 22.220189 ] } },
{ "type": "Feature", "properties": { "decimalLatitude": 22.408807, "decimalLongitude": 114.072799, "eventDate": "2019-04-28T10:00:00Z", "countryCode": "HK" }, "geometry": { "type": "Point", "coordinates": [ 114.072799, 22.408807 ] } },
{ "type": "Feature", "properties": { "decimalLatitude": 22.43255, "decimalLongitude": 114.118552, "eventDate": "2019-04-28T13:17:00Z", "countryCode": "HK" }, "geometry": { "type": "Point", "coordinates": [ 114.118552, 22.43255 ] } },
{ "type": "Feature", "properties": { "decimalLatitude": 22.438055, "decimalLongitude": 114.124168, "eventDate": "2019-04-29T13:48:00Z", "countryCode": "HK" }, "geometry": { "type": "Point", "coordinates": [ 114.124168, 22.438055 ] } },
{ "type": "Feature", "properties": { "decimalLatitude": 22.43343, "decimalLongitude": 114.118236, "eventDate": "2019-04-28T13:48:13Z", "countryCode": "HK" }, "geometry": { "type": "Point", "coordinates": [ 114.118236, 22.43343 ] } },
{ "type": "Feature", "properties": { "decimalLatitude": 22.220513, "decimalLongitude": 113.914063, "eventDate": "2019-04-26T13:14:00Z", "countryCode": "HK" }, "geometry": { "type": "Point", "coordinates": [ 113.914063, 22.220513 ] } },
{ "type": "Feature", "properties": { "decimalLatitude": 22.498681, "decimalLongitude": 114.178076, "eventDate": "2019-04-29T14:18:00Z", "countryCode": "HK" }, "geometry": { "type": "Point", "coordinates": [ 114.178076, 22.498681 ] } },
{ "type": "Feature", "properties": { "decimalLatitude": 22.498834, "decimalLongitude": 114.178679, "eventDate": "2019-04-29T14:38:00Z", "countryCode": "HK" }, "geometry": { "type": "Point", "coordinates": [ 114.178679, 22.498834 ] } },
{ "type": "Feature", "properties": { "decimalLatitude": 22.220868, "decimalLongitude": 113.913576, "eventDate": "2019-04-26T14:11:00Z", "countryCode": "HK" }, "geometry": { "type": "Point", "coordinates": [ 113.913576, 22.220868 ] } },
{ "type": "Feature", "properties": { "decimalLatitude": 22.523393, "decimalLongitude": 114.215854, "eventDate": "2019-04-27T12:52:00Z", "countryCode": "HK" }, "geometry": { "type": "Point", "coordinates": [ 114.215854, 22.523393 ] } },
{ "type": "Feature", "properties": { "decimalLatitude": 22.500964, "decimalLongitude": 114.177169, "eventDate": "2019-04-29T14:16:00Z", "countryCode": "HK" }, "geometry": { "type": "Point", "coordinates": [ 114.177169, 22.500964 ] } },
{ "type": "Feature", "properties": { "decimalLatitude": 22.332215, "decimalLongitude": 114.244467, "eventDate": "2019-04-27T11:29:38Z", "countryCode": "HK" }, "geometry": { "type": "Point", "coordinates": [ 114.244467, 22.332215 ] } },
{ "type": "Feature", "properties": { "decimalLatitude": 22.295188, "decimalLongitude": 114.018678, "eventDate": "2019-04-03T16:16:53Z", "countryCode": "HK" }, "geometry": { "type": "Point", "coordinates": [ 114.018678, 22.295188 ] } },
{ "type": "Feature", "properties": { "decimalLatitude": 22.410642, "decimalLongitude": 114.274743, "eventDate": "2019-04-21T13:34:09Z", "countryCode": "HK" }, "geometry": { "type": "Point", "coordinates": [ 114.274743, 22.410642 ] } },
{ "type": "Feature", "properties": { "decimalLatitude": 22.410713, "decimalLongitude": 114.274756, "eventDate": "2019-04-21T13:21:28Z", "countryCode": "HK" }, "geometry": { "type": "Point", "coordinates": [ 114.274756, 22.410713 ] } },
{ "type": "Feature", "properties": { "decimalLatitude": 22.332224, "decimalLongitude": 114.244468, "eventDate": "2019-04-27T11:29:00Z", "countryCode": "HK" }, "geometry": { "type": "Point", "coordinates": [ 114.244468, 22.332224 ] } },
{ "type": "Feature", "properties": { "decimalLatitude": 22.520737, "decimalLongitude": 114.21589, "eventDate": "2019-04-05T11:30:00Z", "countryCode": "HK" }, "geometry": { "type": "Point", "coordinates": [ 114.21589, 22.520737 ] } },
{ "type": "Feature", "properties": { "decimalLatitude": 18.795746, "decimalLongitude": 98.97438, "eventDate": "2019-04-08T03:06:00Z", "countryCode": "TH" }, "geometry": { "type": "Point", "coordinates": [ 98.97438, 18.795746 ] } },
{ "type": "Feature", "properties": { "decimalLatitude": 22.467136, "decimalLongitude": 114.179491, "eventDate": "2019-04-04T12:17:00Z", "countryCode": "HK" }, "geometry": { "type": "Point", "coordinates": [ 114.179491, 22.467136 ] } },
{ "type": "Feature", "properties": { "decimalLatitude": 22.467136, "decimalLongitude": 114.179491, "eventDate": "2019-04-04T12:12:00Z", "countryCode": "HK" }, "geometry": { "type": "Point", "coordinates": [ 114.179491, 22.467136 ] } },
{ "type": "Feature", "properties": { "decimalLatitude": 22.467136, "decimalLongitude": 114.179491, "eventDate": "2019-04-04T12:14:00Z", "countryCode": "HK" }, "geometry": { "type": "Point", "coordinates": [ 114.179491, 22.467136 ] } },
{ "type": "Feature", "properties": { "decimalLatitude": 22.215064, "decimalLongitude": 113.909743, "eventDate": "2019-04-17T16:18:00Z", "countryCode": "HK" }, "geometry": { "type": "Point", "coordinates": [ 113.909743, 22.215064 ] } },
{ "type": "Feature", "properties": { "decimalLatitude": 22.443273, "decimalLongitude": 114.291405, "eventDate": "2019-04-04T21:29:00Z", "countryCode": "HK" }, "geometry": { "type": "Point", "coordinates": [ 114.291405, 22.443273 ] } },
{ "type": "Feature", "properties": { "decimalLatitude": 22.443273, "decimalLongitude": 114.291405, "eventDate": "2019-04-04T21:29:00Z", "countryCode": "HK" }, "geometry": { "type": "Point", "coordinates": [ 114.291405, 22.443273 ] } },
{ "type": "Feature", "properties": { "decimalLatitude": 22.385424, "decimalLongitude": 114.068057, "eventDate": "2019-04-27T15:14:00Z", "countryCode": "HK" }, "geometry": { "type": "Point", "coordinates": [ 114.068057, 22.385424 ] } },
{ "type": "Feature", "properties": { "decimalLatitude": 22.383638, "decimalLongitude": 114.107667, "eventDate": "2019-04-01T16:08:29Z", "countryCode": "HK" }, "geometry": { "type": "Point", "coordinates": [ 114.107667, 22.383638 ] } },
{ "type": "Feature", "properties": { "decimalLatitude": 22.520874, "decimalLongitude": 114.164398, "eventDate": "2019-04-06T12:49:27Z", "countryCode": "HK" }, "geometry": { "type": "Point", "coordinates": [ 114.164398, 22.520874 ] } },
{ "type": "Feature", "properties": { "decimalLatitude": 22.216812, "decimalLongitude": 113.914936, "eventDate": "2019-04-17T12:53:00Z", "countryCode": "HK" }, "geometry": { "type": "Point", "coordinates": [ 113.914936, 22.216812 ] } },
{ "type": "Feature", "properties": { "decimalLatitude": 22.415711, "decimalLongitude": 114.208816, "eventDate": "2019-04-03T15:31:00Z", "countryCode": "HK" }, "geometry": { "type": "Point", "coordinates": [ 114.208816, 22.415711 ] } },
{ "type": "Feature", "properties": { "decimalLatitude": 22.415741, "decimalLongitude": 114.208881, "eventDate": "2019-04-03T15:33:00Z", "countryCode": "HK" }, "geometry": { "type": "Point", "coordinates": [ 114.208881, 22.415741 ] } },
{ "type": "Feature", "properties": { "decimalLatitude": 22.430551, "decimalLongitude": 114.110254, "eventDate": "2019-04-28T14:45:00Z", "countryCode": "HK" }, "geometry": { "type": "Point", "coordinates": [ 114.110254, 22.430551 ] } },
{ "type": "Feature", "properties": { "decimalLatitude": 22.467136, "decimalLongitude": 114.179491, "eventDate": "2019-04-05T16:01:06Z", "countryCode": "HK" }, "geometry": { "type": "Point", "coordinates": [ 114.179491, 22.467136 ] } },
{ "type": "Feature", "properties": { "decimalLatitude": 22.467136, "decimalLongitude": 114.179491, "eventDate": "2019-04-05T15:31:56Z", "countryCode": "HK" }, "geometry": { "type": "Point", "coordinates": [ 114.179491, 22.467136 ] } },
{ "type": "Feature", "properties": { "decimalLatitude": 18.809884, "decimalLongitude": 98.950574, "eventDate": "2019-04-06T14:45:00Z", "countryCode": "TH" }, "geometry": { "type": "Point", "coordinates": [ 98.950574, 18.809884 ] } },
{ "type": "Feature", "properties": { "decimalLatitude": 22.548542, "decimalLongitude": 114.219424, "eventDate": "2019-04-22T00:00:00Z", "countryCode": "HK" }, "geometry": { "type": "Point", "coordinates": [ 114.219424, 22.548542 ] } },
{ "type": "Feature", "properties": { "decimalLatitude": 2.554214, "decimalLongitude": 102.198301, "eventDate": "2019-04-20T22:10:00Z", "countryCode": "MY" }, "geometry": { "type": "Point", "coordinates": [ 102.198301, 2.554214 ] } },
{ "type": "Feature", "properties": { "decimalLatitude": 22.371915, "decimalLongitude": 114.096734, "eventDate": "2019-04-28T12:41:20Z", "countryCode": "HK" }, "geometry": { "type": "Point", "coordinates": [ 114.096734, 22.371915 ] } },
{ "type": "Feature", "properties": { "decimalLatitude": 22.276069, "decimalLongitude": 113.940507, "eventDate": "2019-05-01T00:00:00Z", "countryCode": "HK" }, "geometry": { "type": "Point", "coordinates": [ 113.940507, 22.276069 ] } },
{ "type": "Feature", "properties": { "decimalLatitude": 22.390169, "decimalLongitude": 113.983106, "eventDate": "2019-05-05T15:20:50Z", "countryCode": "HK" }, "geometry": { "type": "Point", "coordinates": [ 113.983106, 22.390169 ] } },
{ "type": "Feature", "properties": { "decimalLatitude": 22.39083, "decimalLongitude": 113.972513, "eventDate": "2019-05-08T11:09:00Z", "countryCode": "HK" }, "geometry": { "type": "Point", "coordinates": [ 113.972513, 22.39083 ] } },
{ "type": "Feature", "properties": { "decimalLatitude": 3.1556, "decimalLongitude": 101.611429, "eventDate": "2019-05-10T11:40:33Z", "countryCode": "MY" }, "geometry": { "type": "Point", "coordinates": [ 101.611429, 3.1556 ] } },
{ "type": "Feature", "properties": { "decimalLatitude": 22.39452, "decimalLongitude": 113.982396, "eventDate": "2019-05-12T12:54:08Z", "countryCode": "HK" }, "geometry": { "type": "Point", "coordinates": [ 113.982396, 22.39452 ] } },
{ "type": "Feature", "properties": { "decimalLatitude": 22.401334, "decimalLongitude": 114.0789, "eventDate": "2019-05-13T16:07:05Z", "countryCode": "HK" }, "geometry": { "type": "Point", "coordinates": [ 114.0789, 22.401334 ] } },
{ "type": "Feature", "properties": { "decimalLatitude": 22.425361, "decimalLongitude": 114.183979, "eventDate": "2019-05-12T00:00:00Z", "countryCode": "HK" }, "geometry": { "type": "Point", "coordinates": [ 114.183979, 22.425361 ] } },
{ "type": "Feature", "properties": { "decimalLatitude": 22.44914, "decimalLongitude": 114.145634, "eventDate": "2019-05-14T18:54:00Z", "countryCode": "HK" }, "geometry": { "type": "Point", "coordinates": [ 114.145634, 22.44914 ] } },
{ "type": "Feature", "properties": { "decimalLatitude": 22.425361, "decimalLongitude": 114.183979, "eventDate": "2019-05-12T00:00:00Z", "countryCode": "HK" }, "geometry": { "type": "Point", "coordinates": [ 114.183979, 22.425361 ] } },
{ "type": "Feature", "properties": { "decimalLatitude": 22.425361, "decimalLongitude": 114.183979, "eventDate": "2019-05-12T00:00:00Z", "countryCode": "HK" }, "geometry": { "type": "Point", "coordinates": [ 114.183979, 22.425361 ] } },
{ "type": "Feature", "properties": { "decimalLatitude": 22.425361, "decimalLongitude": 114.183979, "eventDate": "2019-05-12T00:00:00Z", "countryCode": "HK" }, "geometry": { "type": "Point", "coordinates": [ 114.183979, 22.425361 ] } },
{ "type": "Feature", "properties": { "decimalLatitude": 22.452766, "decimalLongitude": 114.005872, "eventDate": "2019-05-13T09:11:56Z", "countryCode": "HK" }, "geometry": { "type": "Point", "coordinates": [ 114.005872, 22.452766 ] } },
{ "type": "Feature", "properties": { "decimalLatitude": 22.328296, "decimalLongitude": 113.910994, "eventDate": "2019-05-18T13:22:50Z", "countryCode": "HK" }, "geometry": { "type": "Point", "coordinates": [ 113.910994, 22.328296 ] } },
{ "type": "Feature", "properties": { "decimalLatitude": 22.280039, "decimalLongitude": 113.929012, "eventDate": "2019-05-18T13:09:00Z", "countryCode": "HK" }, "geometry": { "type": "Point", "coordinates": [ 113.929012, 22.280039 ] } },
{ "type": "Feature", "properties": { "decimalLatitude": 22.308246, "decimalLongitude": 113.923741, "eventDate": "2019-05-18T13:08:00Z", "countryCode": "HK" }, "geometry": { "type": "Point", "coordinates": [ 113.923741, 22.308246 ] } },
{ "type": "Feature", "properties": { "decimalLatitude": 22.280043, "decimalLongitude": 113.929014, "eventDate": "2019-05-18T13:09:00Z", "countryCode": "HK" }, "geometry": { "type": "Point", "coordinates": [ 113.929014, 22.280043 ] } },
{ "type": "Feature", "properties": { "decimalLatitude": 22.280042, "decimalLongitude": 113.929011, "eventDate": "2019-05-18T13:09:00Z", "countryCode": "HK" }, "geometry": { "type": "Point", "coordinates": [ 113.929011, 22.280042 ] } },
{ "type": "Feature", "properties": { "decimalLatitude": 22.374107, "decimalLongitude": 114.265044, "eventDate": "2019-05-18T11:49:00Z", "countryCode": "HK" }, "geometry": { "type": "Point", "coordinates": [ 114.265044, 22.374107 ] } },
{ "type": "Feature", "properties": { "decimalLatitude": 22.26831, "decimalLongitude": 113.931755, "eventDate": "2019-05-22T00:00:00Z", "countryCode": "HK" }, "geometry": { "type": "Point", "coordinates": [ 113.931755, 22.26831 ] } },
{ "type": "Feature", "properties": { "decimalLatitude": 22.264999, "decimalLongitude": 113.995277, "eventDate": "2019-05-22T00:00:00Z", "countryCode": "HK" }, "geometry": { "type": "Point", "coordinates": [ 113.995277, 22.264999 ] } },
{ "type": "Feature", "properties": { "decimalLatitude": 22.386636, "decimalLongitude": 114.25574, "eventDate": "2019-05-22T13:15:00Z", "countryCode": "HK" }, "geometry": { "type": "Point", "coordinates": [ 114.25574, 22.386636 ] } },
{ "type": "Feature", "properties": { "decimalLatitude": 22.23853, "decimalLongitude": 113.991128, "eventDate": "2019-05-25T12:26:34Z", "countryCode": "HK" }, "geometry": { "type": "Point", "coordinates": [ 113.991128, 22.23853 ] } },
{ "type": "Feature", "properties": { "decimalLatitude": 22.280275, "decimalLongitude": 114.119086, "eventDate": "2019-05-25T12:08:28Z", "countryCode": "HK" }, "geometry": { "type": "Point", "coordinates": [ 114.119086, 22.280275 ] } },
{ "type": "Feature", "properties": { "decimalLatitude": 22.471234, "decimalLongitude": 114.195343, "eventDate": "2019-05-25T14:46:27Z", "countryCode": "HK" }, "geometry": { "type": "Point", "coordinates": [ 114.195343, 22.471234 ] } },
{ "type": "Feature", "properties": { "decimalLatitude": 22.372012, "decimalLongitude": 114.132705, "eventDate": "2019-05-25T16:46:15Z", "countryCode": "HK" }, "geometry": { "type": "Point", "coordinates": [ 114.132705, 22.372012 ] } },
{ "type": "Feature", "properties": { "decimalLatitude": 22.367684, "decimalLongitude": 114.258182, "eventDate": "2019-05-26T15:33:23Z", "countryCode": "HK" }, "geometry": { "type": "Point", "coordinates": [ 114.258182, 22.367684 ] } },
{ "type": "Feature", "properties": { "decimalLatitude": 22.284289, "decimalLongitude": 113.978143, "eventDate": "2019-05-27T08:32:00Z", "countryCode": "HK" }, "geometry": { "type": "Point", "coordinates": [ 113.978143, 22.284289 ] } },
{ "type": "Feature", "properties": { "decimalLatitude": 22.304691, "decimalLongitude": 114.014495, "eventDate": "2019-05-25T20:51:00Z", "countryCode": "HK" }, "geometry": { "type": "Point", "coordinates": [ 114.014495, 22.304691 ] } },
{ "type": "Feature", "properties": { "decimalLatitude": 22.394005, "decimalLongitude": 113.981883, "eventDate": "2019-05-24T12:56:43Z", "countryCode": "HK" }, "geometry": { "type": "Point", "coordinates": [ 113.981883, 22.394005 ] } },
{ "type": "Feature", "properties": { "decimalLatitude": 22.39301, "decimalLongitude": 113.926969, "eventDate": "2019-05-18T10:59:00Z", "countryCode": "HK" }, "geometry": { "type": "Point", "coordinates": [ 113.926969, 22.39301 ] } },
{ "type": "Feature", "properties": { "decimalLatitude": 22.472349, "decimalLongitude": 114.220907, "eventDate": "2019-05-26T06:35:08Z", "countryCode": "HK" }, "geometry": { "type": "Point", "coordinates": [ 114.220907, 22.472349 ] } },
{ "type": "Feature", "properties": { "decimalLatitude": 22.402335, "decimalLongitude": 113.961867, "eventDate": "2019-05-17T10:20:00Z", "countryCode": "HK" }, "geometry": { "type": "Point", "coordinates": [ 113.961867, 22.402335 ] } },
{ "type": "Feature", "properties": { "decimalLatitude": 22.487531, "decimalLongitude": 114.188301, "eventDate": "2019-05-13T00:00:00Z", "countryCode": "HK" }, "geometry": { "type": "Point", "coordinates": [ 114.188301, 22.487531 ] } },
{ "type": "Feature", "properties": { "decimalLatitude": 26.662599, "decimalLongitude": 94.35361, "eventDate": "2019-05-24T00:00:00Z", "countryCode": "IN" }, "geometry": { "type": "Point", "coordinates": [ 94.35361, 26.662599 ] } },
{ "type": "Feature", "properties": { "decimalLatitude": 22.491271, "decimalLongitude": 114.167238, "eventDate": "2019-05-18T13:48:00Z", "countryCode": "HK" }, "geometry": { "type": "Point", "coordinates": [ 114.167238, 22.491271 ] } },
{ "type": "Feature", "properties": { "decimalLatitude": 22.273193, "decimalLongitude": 114.002704, "eventDate": "2019-05-22T17:47:00Z", "countryCode": "HK" }, "geometry": { "type": "Point", "coordinates": [ 114.002704, 22.273193 ] } },
{ "type": "Feature", "properties": { "decimalLatitude": 22.221584, "decimalLongitude": 113.9144, "eventDate": "2019-05-13T13:59:00Z", "countryCode": "HK" }, "geometry": { "type": "Point", "coordinates": [ 113.9144, 22.221584 ] } },
{ "type": "Feature", "properties": { "decimalLatitude": 22.334206, "decimalLongitude": 114.184979, "eventDate": "2019-05-25T14:30:00Z", "countryCode": "HK" }, "geometry": { "type": "Point", "coordinates": [ 114.184979, 22.334206 ] } },
{ "type": "Feature", "properties": { "decimalLatitude": 5.463128, "decimalLongitude": 100.191661, "eventDate": "2019-05-26T18:22:00Z", "countryCode": "MY" }, "geometry": { "type": "Point", "coordinates": [ 100.191661, 5.463128 ] } },
{ "type": "Feature", "properties": { "decimalLatitude": 22.222109, "decimalLongitude": 113.915088, "eventDate": "2019-05-19T00:00:00Z", "countryCode": "HK" }, "geometry": { "type": "Point", "coordinates": [ 113.915088, 22.222109 ] } },
{ "type": "Feature", "properties": { "decimalLatitude": 3.692971, "decimalLongitude": 97.897794, "eventDate": "2019-05-12T07:49:00Z", "countryCode": "ID" }, "geometry": { "type": "Point", "coordinates": [ 97.897794, 3.692971 ] } },
{ "type": "Feature", "properties": { "decimalLatitude": 22.458816, "decimalLongitude": 114.015041, "eventDate": "2019-06-01T13:07:00Z", "countryCode": "HK" }, "geometry": { "type": "Point", "coordinates": [ 114.015041, 22.458816 ] } },
{ "type": "Feature", "properties": { "decimalLatitude": 22.46433, "decimalLongitude": 114.055629, "eventDate": "2019-06-01T17:15:14Z", "countryCode": "HK" }, "geometry": { "type": "Point", "coordinates": [ 114.055629, 22.46433 ] } },
{ "type": "Feature", "properties": { "decimalLatitude": 22.43256, "decimalLongitude": 114.117821, "eventDate": "2019-06-01T14:31:05Z", "countryCode": "HK" }, "geometry": { "type": "Point", "coordinates": [ 114.117821, 22.43256 ] } },
{ "type": "Feature", "properties": { "decimalLatitude": 22.464546, "decimalLongitude": 114.056555, "eventDate": "2019-06-01T17:14:42Z", "countryCode": "HK" }, "geometry": { "type": "Point", "coordinates": [ 114.056555, 22.464546 ] } },
{ "type": "Feature", "properties": { "decimalLatitude": 22.357254, "decimalLongitude": 114.139412, "eventDate": "2019-06-02T15:14:49Z", "countryCode": "HK" }, "geometry": { "type": "Point", "coordinates": [ 114.139412, 22.357254 ] } },
{ "type": "Feature", "properties": { "decimalLatitude": 22.329871, "decimalLongitude": 114.220819, "eventDate": "2019-06-01T14:56:00Z", "countryCode": "HK" }, "geometry": { "type": "Point", "coordinates": [ 114.220819, 22.329871 ] } },
{ "type": "Feature", "properties": { "decimalLatitude": 22.257966, "decimalLongitude": 113.58308, "eventDate": "2019-06-03T12:13:45Z", "countryCode": "CN" }, "geometry": { "type": "Point", "coordinates": [ 113.58308, 22.257966 ] } },
{ "type": "Feature", "properties": { "decimalLatitude": 22.425361, "decimalLongitude": 114.183979, "eventDate": "2019-06-02T00:00:00Z", "countryCode": "HK" }, "geometry": { "type": "Point", "coordinates": [ 114.183979, 22.425361 ] } },
{ "type": "Feature", "properties": { "decimalLatitude": 22.315177, "decimalLongitude": 114.277665, "eventDate": "2019-06-04T14:37:00Z", "countryCode": "HK" }, "geometry": { "type": "Point", "coordinates": [ 114.277665, 22.315177 ] } },
{ "type": "Feature", "properties": { "decimalLatitude": 22.432819, "decimalLongitude": 114.116928, "eventDate": "2019-06-05T12:09:57Z", "countryCode": "HK" }, "geometry": { "type": "Point", "coordinates": [ 114.116928, 22.432819 ] } },
{ "type": "Feature", "properties": { "decimalLatitude": 22.315177, "decimalLongitude": 114.277665, "eventDate": "2019-06-05T15:41:00Z", "countryCode": "HK" }, "geometry": { "type": "Point", "coordinates": [ 114.277665, 22.315177 ] } },
{ "type": "Feature", "properties": { "decimalLatitude": 22.453572, "decimalLongitude": 114.070707, "eventDate": "2019-06-05T08:15:39Z", "countryCode": "HK" }, "geometry": { "type": "Point", "coordinates": [ 114.070707, 22.453572 ] } },
{ "type": "Feature", "properties": { "decimalLatitude": 22.277237, "decimalLongitude": 114.213735, "eventDate": "2019-06-06T13:06:00Z", "countryCode": "HK" }, "geometry": { "type": "Point", "coordinates": [ 114.213735, 22.277237 ] } },
{ "type": "Feature", "properties": { "decimalLatitude": 22.365491, "decimalLongitude": 114.198526, "eventDate": "2019-06-07T00:00:00Z", "countryCode": "HK" }, "geometry": { "type": "Point", "coordinates": [ 114.198526, 22.365491 ] } },
{ "type": "Feature", "properties": { "decimalLatitude": 22.282543, "decimalLongitude": 113.895409, "eventDate": "2019-06-07T16:00:13Z", "countryCode": "HK" }, "geometry": { "type": "Point", "coordinates": [ 113.895409, 22.282543 ] } },
{ "type": "Feature", "properties": { "decimalLatitude": 22.257599, "decimalLongitude": 113.86203, "eventDate": "2019-06-07T12:18:40Z", "countryCode": "HK" }, "geometry": { "type": "Point", "coordinates": [ 113.86203, 22.257599 ] } },
{ "type": "Feature", "properties": { "decimalLatitude": 22.427366, "decimalLongitude": 114.06364, "eventDate": "2019-06-08T14:02:00Z", "countryCode": "HK" }, "geometry": { "type": "Point", "coordinates": [ 114.06364, 22.427366 ] } },
{ "type": "Feature", "properties": { "decimalLatitude": 22.257529, "decimalLongitude": 113.861922, "eventDate": "2019-06-07T12:18:26Z", "countryCode": "HK" }, "geometry": { "type": "Point", "coordinates": [ 113.861922, 22.257529 ] } },
{ "type": "Feature", "properties": { "decimalLatitude": 22.429928, "decimalLongitude": 114.180816, "eventDate": "2019-06-08T13:02:00Z", "countryCode": "HK" }, "geometry": { "type": "Point", "coordinates": [ 114.180816, 22.429928 ] } },
{ "type": "Feature", "properties": { "decimalLatitude": 22.407433, "decimalLongitude": 114.32125, "eventDate": "2019-06-09T08:19:09Z", "countryCode": "HK" }, "geometry": { "type": "Point", "coordinates": [ 114.32125, 22.407433 ] } },
{ "type": "Feature", "properties": { "decimalLatitude": 22.315177, "decimalLongitude": 114.277665, "eventDate": "2019-06-10T11:50:00Z", "countryCode": "HK" }, "geometry": { "type": "Point", "coordinates": [ 114.277665, 22.315177 ] } },
{ "type": "Feature", "properties": { "decimalLatitude": 22.365491, "decimalLongitude": 114.198526, "eventDate": "2019-06-14T00:00:00Z", "countryCode": "HK" }, "geometry": { "type": "Point", "coordinates": [ 114.198526, 22.365491 ] } },
{ "type": "Feature", "properties": { "decimalLatitude": 22.365491, "decimalLongitude": 114.198526, "eventDate": "2019-06-14T00:00:00Z", "countryCode": "HK" }, "geometry": { "type": "Point", "coordinates": [ 114.198526, 22.365491 ] } },
{ "type": "Feature", "properties": { "decimalLatitude": 22.315177, "decimalLongitude": 114.277665, "eventDate": "2019-06-14T18:32:00Z", "countryCode": "HK" }, "geometry": { "type": "Point", "coordinates": [ 114.277665, 22.315177 ] } },
{ "type": "Feature", "properties": { "decimalLatitude": 22.425747, "decimalLongitude": 114.181209, "eventDate": "2019-06-15T12:09:00Z", "countryCode": "HK" }, "geometry": { "type": "Point", "coordinates": [ 114.181209, 22.425747 ] } },
{ "type": "Feature", "properties": { "decimalLatitude": 22.398682, "decimalLongitude": 114.199446, "eventDate": "2019-06-15T17:18:00Z", "countryCode": "HK" }, "geometry": { "type": "Point", "coordinates": [ 114.199446, 22.398682 ] } },
{ "type": "Feature", "properties": { "decimalLatitude": 22.352165, "decimalLongitude": 114.140605, "eventDate": "2019-06-16T09:28:42Z", "countryCode": "HK" }, "geometry": { "type": "Point", "coordinates": [ 114.140605, 22.352165 ] } },
{ "type": "Feature", "properties": { "decimalLatitude": 22.461613, "decimalLongitude": 114.330413, "eventDate": "2019-06-20T15:58:49Z", "countryCode": "HK" }, "geometry": { "type": "Point", "coordinates": [ 114.330413, 22.461613 ] } },
{ "type": "Feature", "properties": { "decimalLatitude": 22.359125, "decimalLongitude": 114.095645, "eventDate": "2019-06-22T07:16:49Z", "countryCode": "HK" }, "geometry": { "type": "Point", "coordinates": [ 114.095645, 22.359125 ] } },
{ "type": "Feature", "properties": { "decimalLatitude": 22.365491, "decimalLongitude": 114.198526, "eventDate": "2019-06-21T00:00:00Z", "countryCode": "HK" }, "geometry": { "type": "Point", "coordinates": [ 114.198526, 22.365491 ] } },
{ "type": "Feature", "properties": { "decimalLatitude": 24.352674, "decimalLongitude": 92.344815, "eventDate": "2019-06-18T08:58:00Z", "countryCode": "IN" }, "geometry": { "type": "Point", "coordinates": [ 92.344815, 24.352674 ] } },
{ "type": "Feature", "properties": { "decimalLatitude": 22.371311, "decimalLongitude": 114.137986, "eventDate": "2019-06-25T09:06:58Z", "countryCode": "HK" }, "geometry": { "type": "Point", "coordinates": [ 114.137986, 22.371311 ] } },
{ "type": "Feature", "properties": { "decimalLatitude": 6.00353, "decimalLongitude": 116.594384, "eventDate": "2019-06-25T10:52:40Z", "countryCode": "MY" }, "geometry": { "type": "Point", "coordinates": [ 116.594384, 6.00353 ] } },
{ "type": "Feature", "properties": { "decimalLatitude": 22.576946, "decimalLongitude": 114.050647, "eventDate": "2019-06-06T10:25:00Z", "countryCode": "CN" }, "geometry": { "type": "Point", "coordinates": [ 114.050647, 22.576946 ] } },
{ "type": "Feature", "properties": { "decimalLatitude": 22.651621, "decimalLongitude": 114.293361, "eventDate": "2019-06-17T12:55:00Z", "countryCode": "CN" }, "geometry": { "type": "Point", "coordinates": [ 114.293361, 22.651621 ] } },
{ "type": "Feature", "properties": { "decimalLatitude": 22.42329, "decimalLongitude": 114.237557, "eventDate": "2019-06-29T12:38:00Z", "countryCode": "HK" }, "geometry": { "type": "Point", "coordinates": [ 114.237557, 22.42329 ] } },
{ "type": "Feature", "properties": { "decimalLatitude": 4.474469, "decimalLongitude": 101.166182, "eventDate": "2019-06-14T11:10:02Z", "countryCode": "MY" }, "geometry": { "type": "Point", "coordinates": [ 101.166182, 4.474469 ] } },
{ "type": "Feature", "properties": { "decimalLatitude": 1.361879, "decimalLongitude": 103.775315, "eventDate": "2019-06-11T13:43:00Z", "countryCode": "SG" }, "geometry": { "type": "Point", "coordinates": [ 103.775315, 1.361879 ] } },
{ "type": "Feature", "properties": { "decimalLatitude": 22.404567, "decimalLongitude": 113.958917, "eventDate": "2019-06-26T15:41:00Z", "countryCode": "HK" }, "geometry": { "type": "Point", "coordinates": [ 113.958917, 22.404567 ] } },
{ "type": "Feature", "properties": { "decimalLatitude": 22.495313, "decimalLongitude": 114.169312, "eventDate": "2019-06-26T17:14:20Z", "countryCode": "HK" }, "geometry": { "type": "Point", "coordinates": [ 114.169312, 22.495313 ] } },
{ "type": "Feature", "properties": { "decimalLatitude": 22.327845, "decimalLongitude": 114.257593, "eventDate": "2019-06-09T12:10:13Z", "countryCode": "HK" }, "geometry": { "type": "Point", "coordinates": [ 114.257593, 22.327845 ] } },
{ "type": "Feature", "properties": { "decimalLatitude": 22.422086, "decimalLongitude": 114.186027, "eventDate": "2019-06-09T18:35:46Z", "countryCode": "HK" }, "geometry": { "type": "Point", "coordinates": [ 114.186027, 22.422086 ] } },
{ "type": "Feature", "properties": { "decimalLatitude": 22.392825, "decimalLongitude": 114.263447, "eventDate": "2019-06-16T18:24:04Z", "countryCode": "HK" }, "geometry": { "type": "Point", "coordinates": [ 114.263447, 22.392825 ] } },
{ "type": "Feature", "properties": { "decimalLatitude": 22.299995, "decimalLongitude": 114.012833, "eventDate": "2019-06-14T13:41:08Z", "countryCode": "HK" }, "geometry": { "type": "Point", "coordinates": [ 114.012833, 22.299995 ] } },
{ "type": "Feature", "properties": { "decimalLatitude": 1.364018, "decimalLongitude": 103.776397, "eventDate": "2019-06-20T05:54:00Z", "countryCode": "SG" }, "geometry": { "type": "Point", "coordinates": [ 103.776397, 1.364018 ] } },
{ "type": "Feature", "properties": { "decimalLatitude": 22.392656, "decimalLongitude": 113.922113, "eventDate": "2019-06-01T00:00:00Z", "countryCode": "HK" }, "geometry": { "type": "Point", "coordinates": [ 113.922113, 22.392656 ] } },
{ "type": "Feature", "properties": { "decimalLatitude": 1.362497, "decimalLongitude": 103.945089, "eventDate": "2019-06-07T12:26:53Z", "countryCode": "SG" }, "geometry": { "type": "Point", "coordinates": [ 103.945089, 1.362497 ] } },
{ "type": "Feature", "properties": { "decimalLatitude": 22.315177, "decimalLongitude": 114.277665, "eventDate": "2019-07-05T16:36:00Z", "countryCode": "HK" }, "geometry": { "type": "Point", "coordinates": [ 114.277665, 22.315177 ] } },
{ "type": "Feature", "properties": { "decimalLatitude": 22.548792, "decimalLongitude": 114.219295, "eventDate": "2019-07-06T07:43:35Z", "countryCode": "HK" }, "geometry": { "type": "Point", "coordinates": [ 114.219295, 22.548792 ] } },
{ "type": "Feature", "properties": { "decimalLatitude": 22.563138, "decimalLongitude": 114.081698, "eventDate": "2019-07-06T07:02:13Z", "countryCode": "CN" }, "geometry": { "type": "Point", "coordinates": [ 114.081698, 22.563138 ] } },
{ "type": "Feature", "properties": { "decimalLatitude": 22.389213, "decimalLongitude": 113.983294, "eventDate": "2019-07-14T14:31:04Z", "countryCode": "HK" }, "geometry": { "type": "Point", "coordinates": [ 113.983294, 22.389213 ] } },
{ "type": "Feature", "properties": { "decimalLatitude": 22.355476, "decimalLongitude": 114.090497, "eventDate": "2019-07-15T17:45:04Z", "countryCode": "HK" }, "geometry": { "type": "Point", "coordinates": [ 114.090497, 22.355476 ] } },
{ "type": "Feature", "properties": { "decimalLatitude": 22.485905, "decimalLongitude": 114.187991, "eventDate": "2019-07-16T12:20:00Z", "countryCode": "HK" }, "geometry": { "type": "Point", "coordinates": [ 114.187991, 22.485905 ] } },
{ "type": "Feature", "properties": { "decimalLatitude": 2.285225, "decimalLongitude": 102.299989, "eventDate": "2019-07-17T12:49:03Z", "countryCode": "MY" }, "geometry": { "type": "Point", "coordinates": [ 102.299989, 2.285225 ] } },
{ "type": "Feature", "properties": { "decimalLatitude": 22.309534, "decimalLongitude": 114.26199, "eventDate": "2019-07-18T15:20:54Z", "countryCode": "HK" }, "geometry": { "type": "Point", "coordinates": [ 114.26199, 22.309534 ] } },
{ "type": "Feature", "properties": { "decimalLatitude": 22.310378, "decimalLongitude": 114.260473, "eventDate": "2019-07-18T09:03:39Z", "countryCode": "HK" }, "geometry": { "type": "Point", "coordinates": [ 114.260473, 22.310378 ] } },
{ "type": "Feature", "properties": { "decimalLatitude": 22.420891, "decimalLongitude": 114.241716, "eventDate": "2019-07-18T11:45:00Z", "countryCode": "HK" }, "geometry": { "type": "Point", "coordinates": [ 114.241716, 22.420891 ] } },
{ "type": "Feature", "properties": { "decimalLatitude": 22.383666, "decimalLongitude": 114.197024, "eventDate": "2019-07-26T00:00:00Z", "countryCode": "HK" }, "geometry": { "type": "Point", "coordinates": [ 114.197024, 22.383666 ] } },
{ "type": "Feature", "properties": { "decimalLatitude": 3.234805, "decimalLongitude": 101.629191, "eventDate": "2019-07-26T05:42:00Z", "countryCode": "MY" }, "geometry": { "type": "Point", "coordinates": [ 101.629191, 3.234805 ] } },
{ "type": "Feature", "properties": { "decimalLatitude": 22.39083, "decimalLongitude": 113.972513, "eventDate": "2019-07-28T17:04:00Z", "countryCode": "HK" }, "geometry": { "type": "Point", "coordinates": [ 113.972513, 22.39083 ] } },
{ "type": "Feature", "properties": { "decimalLatitude": 22.39083, "decimalLongitude": 113.972513, "eventDate": "2019-07-28T16:03:00Z", "countryCode": "HK" }, "geometry": { "type": "Point", "coordinates": [ 113.972513, 22.39083 ] } },
{ "type": "Feature", "properties": { "decimalLatitude": 22.394978, "decimalLongitude": 113.982551, "eventDate": "2019-07-24T16:38:14Z", "countryCode": "HK" }, "geometry": { "type": "Point", "coordinates": [ 113.982551, 22.394978 ] } },
{ "type": "Feature", "properties": { "decimalLatitude": 22.382553, "decimalLongitude": 113.983965, "eventDate": "2019-07-14T14:29:48Z", "countryCode": "HK" }, "geometry": { "type": "Point", "coordinates": [ 113.983965, 22.382553 ] } },
{ "type": "Feature", "properties": { "decimalLatitude": 22.445157, "decimalLongitude": 114.137162, "eventDate": "2019-07-20T17:40:00Z", "countryCode": "HK" }, "geometry": { "type": "Point", "coordinates": [ 114.137162, 22.445157 ] } },
{ "type": "Feature", "properties": { "decimalLatitude": 6.009929, "decimalLongitude": 116.542025, "eventDate": "2019-07-31T15:50:59Z", "countryCode": "MY" }, "geometry": { "type": "Point", "coordinates": [ 116.542025, 6.009929 ] } },
{ "type": "Feature", "properties": { "decimalLatitude": 22.30625, "decimalLongitude": 114.242181, "eventDate": "2019-07-26T11:09:00Z", "countryCode": "HK" }, "geometry": { "type": "Point", "coordinates": [ 114.242181, 22.30625 ] } },
{ "type": "Feature", "properties": { "decimalLatitude": 22.35222, "decimalLongitude": 114.196062, "eventDate": "2019-07-25T15:01:09Z", "countryCode": "HK" }, "geometry": { "type": "Point", "coordinates": [ 114.196062, 22.35222 ] } },
{ "type": "Feature", "properties": { "decimalLatitude": 22.445127, "decimalLongitude": 114.137048, "eventDate": "2019-07-20T17:41:00Z", "countryCode": "HK" }, "geometry": { "type": "Point", "coordinates": [ 114.137048, 22.445127 ] } },
{ "type": "Feature", "properties": { "decimalLatitude": 22.384631, "decimalLongitude": 114.143646, "eventDate": "2019-07-20T16:21:00Z", "countryCode": "HK" }, "geometry": { "type": "Point", "coordinates": [ 114.143646, 22.384631 ] } },
{ "type": "Feature", "properties": { "decimalLatitude": 19.414155, "decimalLongitude": 98.914851, "eventDate": "2019-07-28T15:34:00Z", "countryCode": "TH" }, "geometry": { "type": "Point", "coordinates": [ 98.914851, 19.414155 ] } },
{ "type": "Feature", "properties": { "decimalLatitude": 19.968981, "decimalLongitude": 99.152704, "eventDate": "2019-07-21T14:18:00Z", "countryCode": "TH" }, "geometry": { "type": "Point", "coordinates": [ 99.152704, 19.968981 ] } },
{ "type": "Feature", "properties": { "decimalLatitude": 3.702986, "decimalLongitude": 97.673101, "eventDate": "2019-07-29T09:49:00Z", "countryCode": "ID" }, "geometry": { "type": "Point", "coordinates": [ 97.673101, 3.702986 ] } },
{ "type": "Feature", "properties": { "decimalLatitude": 22.440268, "decimalLongitude": 114.321897, "eventDate": "2019-07-28T10:33:00Z", "countryCode": "HK" }, "geometry": { "type": "Point", "coordinates": [ 114.321897, 22.440268 ] } },
{ "type": "Feature", "properties": { "decimalLatitude": 22.440268, "decimalLongitude": 114.321897, "eventDate": "2019-07-28T10:31:00Z", "countryCode": "HK" }, "geometry": { "type": "Point", "coordinates": [ 114.321897, 22.440268 ] } },
{ "type": "Feature", "properties": { "decimalLatitude": 1.398866, "decimalLongitude": 103.795957, "eventDate": "2019-08-03T06:10:00Z", "countryCode": "SG" }, "geometry": { "type": "Point", "coordinates": [ 103.795957, 1.398866 ] } },
{ "type": "Feature", "properties": { "decimalLatitude": 1.398866, "decimalLongitude": 103.795957, "eventDate": "2019-08-03T06:26:00Z", "countryCode": "SG" }, "geometry": { "type": "Point", "coordinates": [ 103.795957, 1.398866 ] } },
{ "type": "Feature", "properties": { "decimalLatitude": 1.352083, "decimalLongitude": 103.819836, "eventDate": "2019-08-02T11:24:00Z", "countryCode": "SG" }, "geometry": { "type": "Point", "coordinates": [ 103.819836, 1.352083 ] } },
{ "type": "Feature", "properties": { "decimalLatitude": 1.364308, "decimalLongitude": 103.776273, "eventDate": "2019-08-07T12:54:00Z", "countryCode": "SG" }, "geometry": { "type": "Point", "coordinates": [ 103.776273, 1.364308 ] } },
{ "type": "Feature", "properties": { "decimalLatitude": 22.581562, "decimalLongitude": 114.172662, "eventDate": "2019-08-09T15:58:47Z", "countryCode": "CN" }, "geometry": { "type": "Point", "coordinates": [ 114.172662, 22.581562 ] } },
{ "type": "Feature", "properties": { "decimalLatitude": 22.375394, "decimalLongitude": 114.263836, "eventDate": "2019-08-07T13:24:18Z", "countryCode": "HK" }, "geometry": { "type": "Point", "coordinates": [ 114.263836, 22.375394 ] } },
{ "type": "Feature", "properties": { "decimalLatitude": 22.374758, "decimalLongitude": 114.263783, "eventDate": "2019-08-07T13:26:00Z", "countryCode": "HK" }, "geometry": { "type": "Point", "coordinates": [ 114.263783, 22.374758 ] } },
{ "type": "Feature", "properties": { "decimalLatitude": 22.503009, "decimalLongitude": 114.237441, "eventDate": "2019-08-11T15:19:00Z", "countryCode": "HK" }, "geometry": { "type": "Point", "coordinates": [ 114.237441, 22.503009 ] } },
{ "type": "Feature", "properties": { "decimalLatitude": 22.467136, "decimalLongitude": 114.179491, "eventDate": "2019-08-11T11:44:00Z", "countryCode": "HK" }, "geometry": { "type": "Point", "coordinates": [ 114.179491, 22.467136 ] } },
{ "type": "Feature", "properties": { "decimalLatitude": 22.429849, "decimalLongitude": 114.121207, "eventDate": "2019-08-12T10:38:00Z", "countryCode": "HK" }, "geometry": { "type": "Point", "coordinates": [ 114.121207, 22.429849 ] } },
{ "type": "Feature", "properties": { "decimalLatitude": 22.383666, "decimalLongitude": 114.197024, "eventDate": "2019-08-19T00:00:00Z", "countryCode": "HK" }, "geometry": { "type": "Point", "coordinates": [ 114.197024, 22.383666 ] } },
{ "type": "Feature", "properties": { "decimalLatitude": 22.383666, "decimalLongitude": 114.197024, "eventDate": "2019-08-19T00:00:00Z", "countryCode": "HK" }, "geometry": { "type": "Point", "coordinates": [ 114.197024, 22.383666 ] } },
{ "type": "Feature", "properties": { "decimalLatitude": 22.383666, "decimalLongitude": 114.197024, "eventDate": "2019-08-20T00:00:00Z", "countryCode": "HK" }, "geometry": { "type": "Point", "coordinates": [ 114.197024, 22.383666 ] } },
{ "type": "Feature", "properties": { "decimalLatitude": 22.383666, "decimalLongitude": 114.197024, "eventDate": "2019-08-23T00:00:00Z", "countryCode": "HK" }, "geometry": { "type": "Point", "coordinates": [ 114.197024, 22.383666 ] } },
{ "type": "Feature", "properties": { "decimalLatitude": 22.26698, "decimalLongitude": 113.928863, "eventDate": "2019-08-27T16:36:36Z", "countryCode": "HK" }, "geometry": { "type": "Point", "coordinates": [ 113.928863, 22.26698 ] } },
{ "type": "Feature", "properties": { "decimalLatitude": 22.389464, "decimalLongitude": 113.983268, "eventDate": "2019-08-28T16:19:26Z", "countryCode": "HK" }, "geometry": { "type": "Point", "coordinates": [ 113.983268, 22.389464 ] } },
{ "type": "Feature", "properties": { "decimalLatitude": 22.572755, "decimalLongitude": 109.867098, "eventDate": "2019-08-15T00:00:00Z", "countryCode": "CN" }, "geometry": { "type": "Point", "coordinates": [ 109.867098, 22.572755 ] } },
{ "type": "Feature", "properties": { "decimalLatitude": 1.396874, "decimalLongitude": 103.803271, "eventDate": "2019-08-31T13:20:00Z", "countryCode": "SG" }, "geometry": { "type": "Point", "coordinates": [ 103.803271, 1.396874 ] } },
{ "type": "Feature", "properties": { "decimalLatitude": 22.391953, "decimalLongitude": 114.147774, "eventDate": "2019-08-16T00:00:00Z", "countryCode": "HK" }, "geometry": { "type": "Point", "coordinates": [ 114.147774, 22.391953 ] } },
{ "type": "Feature", "properties": { "decimalLatitude": 22.391953, "decimalLongitude": 114.147774, "eventDate": "2019-08-16T00:00:00Z", "countryCode": "HK" }, "geometry": { "type": "Point", "coordinates": [ 114.147774, 22.391953 ] } },
{ "type": "Feature", "properties": { "decimalLatitude": 22.43102, "decimalLongitude": 114.18142, "eventDate": "2019-08-06T14:33:04Z", "countryCode": "HK" }, "geometry": { "type": "Point", "coordinates": [ 114.18142, 22.43102 ] } },
{ "type": "Feature", "properties": { "decimalLatitude": 22.408945, "decimalLongitude": 114.27603, "eventDate": "2019-08-07T12:26:24Z", "countryCode": "HK" }, "geometry": { "type": "Point", "coordinates": [ 114.27603, 22.408945 ] } },
{ "type": "Feature", "properties": { "decimalLatitude": 22.431063, "decimalLongitude": 114.18145, "eventDate": "2019-08-06T14:32:50Z", "countryCode": "HK" }, "geometry": { "type": "Point", "coordinates": [ 114.18145, 22.431063 ] } },
{ "type": "Feature", "properties": { "decimalLatitude": 3.219358, "decimalLongitude": 98.488319, "eventDate": "2019-08-01T00:00:00Z", "countryCode": "ID" }, "geometry": { "type": "Point", "coordinates": [ 98.488319, 3.219358 ] } },
{ "type": "Feature", "properties": { "decimalLatitude": 22.168989, "decimalLongitude": 100.86041, "eventDate": "2019-08-27T14:10:00Z", "countryCode": "CN" }, "geometry": { "type": "Point", "coordinates": [ 100.86041, 22.168989 ] } },
{ "type": "Feature", "properties": { "decimalLatitude": 22.168989, "decimalLongitude": 100.86041, "eventDate": "2019-08-27T14:10:00Z", "countryCode": "CN" }, "geometry": { "type": "Point", "coordinates": [ 100.86041, 22.168989 ] } },
{ "type": "Feature", "properties": { "decimalLatitude": 22.659478, "decimalLongitude": 114.39939, "eventDate": "2019-08-30T21:36:00Z", "countryCode": "CN" }, "geometry": { "type": "Point", "coordinates": [ 114.39939, 22.659478 ] } },
{ "type": "Feature", "properties": { "decimalLatitude": 22.383666, "decimalLongitude": 114.197024, "eventDate": "2019-09-06T00:00:00Z", "countryCode": "HK" }, "geometry": { "type": "Point", "coordinates": [ 114.197024, 22.383666 ] } },
{ "type": "Feature", "properties": { "decimalLatitude": 1.355492, "decimalLongitude": 103.799334, "eventDate": "2019-09-13T10:15:00Z", "countryCode": "SG" }, "geometry": { "type": "Point", "coordinates": [ 103.799334, 1.355492 ] } },
{ "type": "Feature", "properties": { "decimalLatitude": 1.39848, "decimalLongitude": 103.807545, "eventDate": "2019-09-15T12:56:00Z", "countryCode": "SG" }, "geometry": { "type": "Point", "coordinates": [ 103.807545, 1.39848 ] } },
{ "type": "Feature", "properties": { "decimalLatitude": 1.399232, "decimalLongitude": 103.8075, "eventDate": "2019-09-15T13:00:00Z", "countryCode": "SG" }, "geometry": { "type": "Point", "coordinates": [ 103.8075, 1.399232 ] } },
{ "type": "Feature", "properties": { "decimalLatitude": 22.383666, "decimalLongitude": 114.197024, "eventDate": "2019-09-17T00:00:00Z", "countryCode": "HK" }, "geometry": { "type": "Point", "coordinates": [ 114.197024, 22.383666 ] } },
{ "type": "Feature", "properties": { "decimalLatitude": 1.399019, "decimalLongitude": 103.805743, "eventDate": "2019-09-22T09:33:00Z", "countryCode": "SG" }, "geometry": { "type": "Point", "coordinates": [ 103.805743, 1.399019 ] } },
{ "type": "Feature", "properties": { "decimalLatitude": 22.341041, "decimalLongitude": 114.103271, "eventDate": "2019-09-23T13:02:01Z", "countryCode": "HK" }, "geometry": { "type": "Point", "coordinates": [ 114.103271, 22.341041 ] } },
{ "type": "Feature", "properties": { "decimalLatitude": 21.928969, "decimalLongitude": 101.257522, "eventDate": "2019-09-23T06:02:18Z", "countryCode": "CN" }, "geometry": { "type": "Point", "coordinates": [ 101.257522, 21.928969 ] } },
{ "type": "Feature", "properties": { "decimalLatitude": 22.393293, "decimalLongitude": 114.233252, "eventDate": "2019-09-27T00:00:00Z", "countryCode": "HK" }, "geometry": { "type": "Point", "coordinates": [ 114.233252, 22.393293 ] } },
{ "type": "Feature", "properties": { "decimalLatitude": 22.393293, "decimalLongitude": 114.233252, "eventDate": "2019-09-27T00:00:00Z", "countryCode": "HK" }, "geometry": { "type": "Point", "coordinates": [ 114.233252, 22.393293 ] } },
{ "type": "Feature", "properties": { "decimalLatitude": 22.365491, "decimalLongitude": 114.198526, "eventDate": "2019-09-30T00:00:00Z", "countryCode": "HK" }, "geometry": { "type": "Point", "coordinates": [ 114.198526, 22.365491 ] } },
{ "type": "Feature", "properties": { "decimalLatitude": 22.201886, "decimalLongitude": 113.851438, "eventDate": "2019-09-22T08:12:00Z", "countryCode": "HK" }, "geometry": { "type": "Point", "coordinates": [ 113.851438, 22.201886 ] } },
{ "type": "Feature", "properties": { "decimalLatitude": 22.348727, "decimalLongitude": 113.883296, "eventDate": "2019-09-20T00:00:00Z", "countryCode": "HK" }, "geometry": { "type": "Point", "coordinates": [ 113.883296, 22.348727 ] } },
{ "type": "Feature", "properties": { "decimalLatitude": 22.319039, "decimalLongitude": 113.904635, "eventDate": "2019-09-20T00:00:00Z", "countryCode": "HK" }, "geometry": { "type": "Point", "coordinates": [ 113.904635, 22.319039 ] } },
{ "type": "Feature", "properties": { "decimalLatitude": 18.035875, "decimalLongitude": 102.369775, "eventDate": "2019-09-29T07:57:20Z", "countryCode": "LA" }, "geometry": { "type": "Point", "coordinates": [ 102.369775, 18.035875 ] } },
{ "type": "Feature", "properties": { "decimalLatitude": 1.352083, "decimalLongitude": 103.819836, "eventDate": "2019-10-02T11:57:00Z", "countryCode": "SG" }, "geometry": { "type": "Point", "coordinates": [ 103.819836, 1.352083 ] } },
{ "type": "Feature", "properties": { "decimalLatitude": 22.393293, "decimalLongitude": 114.233252, "eventDate": "2019-10-04T00:00:00Z", "countryCode": "HK" }, "geometry": { "type": "Point", "coordinates": [ 114.233252, 22.393293 ] } },
{ "type": "Feature", "properties": { "decimalLatitude": 22.393293, "decimalLongitude": 114.233252, "eventDate": "2019-10-04T00:00:00Z", "countryCode": "HK" }, "geometry": { "type": "Point", "coordinates": [ 114.233252, 22.393293 ] } },
{ "type": "Feature", "properties": { "decimalLatitude": 2.803716, "decimalLongitude": 102.019799, "eventDate": "2019-10-05T15:26:00Z", "countryCode": "MY" }, "geometry": { "type": "Point", "coordinates": [ 102.019799, 2.803716 ] } },
{ "type": "Feature", "properties": { "decimalLatitude": 22.381458, "decimalLongitude": 114.221145, "eventDate": "2019-10-11T00:00:00Z", "countryCode": "HK" }, "geometry": { "type": "Point", "coordinates": [ 114.221145, 22.381458 ] } },
{ "type": "Feature", "properties": { "decimalLatitude": 22.381458, "decimalLongitude": 114.221145, "eventDate": "2019-10-11T00:00:00Z", "countryCode": "HK" }, "geometry": { "type": "Point", "coordinates": [ 114.221145, 22.381458 ] } },
{ "type": "Feature", "properties": { "decimalLatitude": 1.396874, "decimalLongitude": 103.803271, "eventDate": "2019-10-12T11:45:00Z", "countryCode": "SG" }, "geometry": { "type": "Point", "coordinates": [ 103.803271, 1.396874 ] } },
{ "type": "Feature", "properties": { "decimalLatitude": 22.381458, "decimalLongitude": 114.221145, "eventDate": "2019-10-17T00:00:00Z", "countryCode": "HK" }, "geometry": { "type": "Point", "coordinates": [ 114.221145, 22.381458 ] } },
{ "type": "Feature", "properties": { "decimalLatitude": 22.381458, "decimalLongitude": 114.221145, "eventDate": "2019-10-17T00:00:00Z", "countryCode": "HK" }, "geometry": { "type": "Point", "coordinates": [ 114.221145, 22.381458 ] } },
{ "type": "Feature", "properties": { "decimalLatitude": 1.354816, "decimalLongitude": 103.776299, "eventDate": "2019-10-20T11:55:00Z", "countryCode": "SG" }, "geometry": { "type": "Point", "coordinates": [ 103.776299, 1.354816 ] } },
{ "type": "Feature", "properties": { "decimalLatitude": 22.381458, "decimalLongitude": 114.221145, "eventDate": "2019-10-17T00:00:00Z", "countryCode": "HK" }, "geometry": { "type": "Point", "coordinates": [ 114.221145, 22.381458 ] } },
{ "type": "Feature", "properties": { "decimalLatitude": 22.381458, "decimalLongitude": 114.221145, "eventDate": "2019-10-17T00:00:00Z", "countryCode": "HK" }, "geometry": { "type": "Point", "coordinates": [ 114.221145, 22.381458 ] } },
{ "type": "Feature", "properties": { "decimalLatitude": 22.381458, "decimalLongitude": 114.221145, "eventDate": "2019-10-22T00:00:00Z", "countryCode": "HK" }, "geometry": { "type": "Point", "coordinates": [ 114.221145, 22.381458 ] } },
{ "type": "Feature", "properties": { "decimalLatitude": 22.381458, "decimalLongitude": 114.221145, "eventDate": "2019-10-17T00:00:00Z", "countryCode": "HK" }, "geometry": { "type": "Point", "coordinates": [ 114.221145, 22.381458 ] } },
{ "type": "Feature", "properties": { "decimalLatitude": 22.381458, "decimalLongitude": 114.221145, "eventDate": "2019-10-17T00:00:00Z", "countryCode": "HK" }, "geometry": { "type": "Point", "coordinates": [ 114.221145, 22.381458 ] } },
{ "type": "Feature", "properties": { "decimalLatitude": 22.339712, "decimalLongitude": 114.210342, "eventDate": "2019-10-23T10:08:44Z", "countryCode": "HK" }, "geometry": { "type": "Point", "coordinates": [ 114.210342, 22.339712 ] } },
{ "type": "Feature", "properties": { "decimalLatitude": 22.524065, "decimalLongitude": 114.257123, "eventDate": "2019-10-24T15:44:32Z", "countryCode": "HK" }, "geometry": { "type": "Point", "coordinates": [ 114.257123, 22.524065 ] } },
{ "type": "Feature", "properties": { "decimalLatitude": 22.381458, "decimalLongitude": 114.221145, "eventDate": "2019-10-25T00:00:00Z", "countryCode": "HK" }, "geometry": { "type": "Point", "coordinates": [ 114.221145, 22.381458 ] } },
{ "type": "Feature", "properties": { "decimalLatitude": 22.381458, "decimalLongitude": 114.221145, "eventDate": "2019-10-25T00:00:00Z", "countryCode": "HK" }, "geometry": { "type": "Point", "coordinates": [ 114.221145, 22.381458 ] } },
{ "type": "Feature", "properties": { "decimalLatitude": 22.381458, "decimalLongitude": 114.221145, "eventDate": "2019-10-30T00:00:00Z", "countryCode": "HK" }, "geometry": { "type": "Point", "coordinates": [ 114.221145, 22.381458 ] } },
{ "type": "Feature", "properties": { "decimalLatitude": 3.423876, "decimalLongitude": 115.148004, "eventDate": "2019-10-10T12:08:00Z", "countryCode": "MY" }, "geometry": { "type": "Point", "coordinates": [ 115.148004, 3.423876 ] } },
{ "type": "Feature", "properties": { "decimalLatitude": 3.424416, "decimalLongitude": 115.147199, "eventDate": "2019-10-10T21:17:00Z", "countryCode": "MY" }, "geometry": { "type": "Point", "coordinates": [ 115.147199, 3.424416 ] } },
{ "type": "Feature", "properties": { "decimalLatitude": 22.28243, "decimalLongitude": 114.198257, "eventDate": "2019-10-12T10:52:00Z", "countryCode": "HK" }, "geometry": { "type": "Point", "coordinates": [ 114.198257, 22.28243 ] } },
{ "type": "Feature", "properties": { "decimalLatitude": 18.804651, "decimalLongitude": 98.955013, "eventDate": "2019-10-04T11:50:00Z", "countryCode": "TH" }, "geometry": { "type": "Point", "coordinates": [ 98.955013, 18.804651 ] } },
{ "type": "Feature", "properties": { "decimalLatitude": 18.807005, "decimalLongitude": 98.916091, "eventDate": "2019-10-09T13:13:00Z", "countryCode": "TH" }, "geometry": { "type": "Point", "coordinates": [ 98.916091, 18.807005 ] } },
{ "type": "Feature", "properties": { "decimalLatitude": 24.370106, "decimalLongitude": 92.348675, "eventDate": "2019-10-30T08:42:00Z", "countryCode": "IN" }, "geometry": { "type": "Point", "coordinates": [ 92.348675, 24.370106 ] } },
{ "type": "Feature", "properties": { "decimalLatitude": 22.343137, "decimalLongitude": 114.104375, "eventDate": "2019-10-23T09:52:00Z", "countryCode": "HK" }, "geometry": { "type": "Point", "coordinates": [ 114.104375, 22.343137 ] } },
{ "type": "Feature", "properties": { "decimalLatitude": 22.381458, "decimalLongitude": 114.221145, "eventDate": "2019-11-01T00:00:00Z", "countryCode": "HK" }, "geometry": { "type": "Point", "coordinates": [ 114.221145, 22.381458 ] } },
{ "type": "Feature", "properties": { "decimalLatitude": 22.381458, "decimalLongitude": 114.221145, "eventDate": "2019-11-04T00:00:00Z", "countryCode": "HK" }, "geometry": { "type": "Point", "coordinates": [ 114.221145, 22.381458 ] } },
{ "type": "Feature", "properties": { "decimalLatitude": 22.58147, "decimalLongitude": 114.042175, "eventDate": "2019-11-05T13:41:01Z", "countryCode": "CN" }, "geometry": { "type": "Point", "coordinates": [ 114.042175, 22.58147 ] } },
{ "type": "Feature", "properties": { "decimalLatitude": 22.381458, "decimalLongitude": 114.221145, "eventDate": "2019-11-07T00:00:00Z", "countryCode": "HK" }, "geometry": { "type": "Point", "coordinates": [ 114.221145, 22.381458 ] } },
{ "type": "Feature", "properties": { "decimalLatitude": 2.897121, "decimalLongitude": 101.92466, "eventDate": "2019-11-10T11:53:00Z", "countryCode": "MY" }, "geometry": { "type": "Point", "coordinates": [ 101.92466, 2.897121 ] } },
{ "type": "Feature", "properties": { "decimalLatitude": 22.381458, "decimalLongitude": 114.221145, "eventDate": "2019-11-29T00:00:00Z", "countryCode": "HK" }, "geometry": { "type": "Point", "coordinates": [ 114.221145, 22.381458 ] } },
{ "type": "Feature", "properties": { "decimalLatitude": 22.503625, "decimalLongitude": 114.240303, "eventDate": "2019-11-17T14:42:11Z", "countryCode": "HK" }, "geometry": { "type": "Point", "coordinates": [ 114.240303, 22.503625 ] } },
{ "type": "Feature", "properties": { "decimalLatitude": 22.287824, "decimalLongitude": 113.90291, "eventDate": "2019-11-27T14:14:00Z", "countryCode": "HK" }, "geometry": { "type": "Point", "coordinates": [ 113.90291, 22.287824 ] } },
{ "type": "Feature", "properties": { "decimalLatitude": 11.423231, "decimalLongitude": 107.428715, "eventDate": "2019-11-19T17:49:00Z", "countryCode": "VN" }, "geometry": { "type": "Point", "coordinates": [ 107.428715, 11.423231 ] } },
{ "type": "Feature", "properties": { "decimalLatitude": 18.43, "decimalLongitude": 98.59, "eventDate": "2019-11-20T11:04:00Z", "countryCode": "TH" }, "geometry": { "type": "Point", "coordinates": [ 98.59, 18.43 ] } },
{ "type": "Feature", "properties": { "decimalLatitude": 18.43, "decimalLongitude": 98.59, "eventDate": "2019-11-20T11:04:00Z", "countryCode": "TH" }, "geometry": { "type": "Point", "coordinates": [ 98.59, 18.43 ] } },
{ "type": "Feature", "properties": { "decimalLatitude": 19.410961, "decimalLongitude": 98.92572, "eventDate": "2019-11-25T14:26:00Z", "countryCode": "TH" }, "geometry": { "type": "Point", "coordinates": [ 98.92572, 19.410961 ] } },
{ "type": "Feature", "properties": { "decimalLatitude": 22.402038, "decimalLongitude": 113.961449, "eventDate": "2019-11-07T10:50:00Z", "countryCode": "HK" }, "geometry": { "type": "Point", "coordinates": [ 113.961449, 22.402038 ] } },
{ "type": "Feature", "properties": { "decimalLatitude": 6.009622, "decimalLongitude": 116.540358, "eventDate": "2019-11-15T11:51:47Z", "countryCode": "MY" }, "geometry": { "type": "Point", "coordinates": [ 116.540358, 6.009622 ] } },
{ "type": "Feature", "properties": { "decimalLatitude": 1.341887, "decimalLongitude": 103.83445, "eventDate": "2019-11-13T19:53:00Z", "countryCode": "SG" }, "geometry": { "type": "Point", "coordinates": [ 103.83445, 1.341887 ] } },
{ "type": "Feature", "properties": { "decimalLatitude": 1.827961, "decimalLongitude": 103.941865, "eventDate": "2019-11-02T11:45:00Z", "countryCode": "MY" }, "geometry": { "type": "Point", "coordinates": [ 103.941865, 1.827961 ] } },
{ "type": "Feature", "properties": { "decimalLatitude": 1.905496, "decimalLongitude": 103.800863, "eventDate": "2019-11-02T12:30:00Z", "countryCode": "MY" }, "geometry": { "type": "Point", "coordinates": [ 103.800863, 1.905496 ] } },
{ "type": "Feature", "properties": { "decimalLatitude": 18.43, "decimalLongitude": 98.59, "eventDate": "2019-11-20T11:04:00Z", "countryCode": "TH" }, "geometry": { "type": "Point", "coordinates": [ 98.59, 18.43 ] } },
{ "type": "Feature", "properties": { "decimalLatitude": 20.654345, "decimalLongitude": 105.074846, "eventDate": "2019-11-09T23:22:00Z", "countryCode": "VN" }, "geometry": { "type": "Point", "coordinates": [ 105.074846, 20.654345 ] } },
{ "type": "Feature", "properties": { "decimalLatitude": 9.798709, "decimalLongitude": 100.016914, "eventDate": "2019-11-23T15:52:00Z", "countryCode": "TH" }, "geometry": { "type": "Point", "coordinates": [ 100.016914, 9.798709 ] } },
{ "type": "Feature", "properties": { "decimalLatitude": 19.629515, "decimalLongitude": 98.955048, "eventDate": "2019-11-26T12:33:00Z", "countryCode": "TH" }, "geometry": { "type": "Point", "coordinates": [ 98.955048, 19.629515 ] } },
{ "type": "Feature", "properties": { "decimalLatitude": 19.629515, "decimalLongitude": 98.955048, "eventDate": "2019-11-26T12:33:00Z", "countryCode": "TH" }, "geometry": { "type": "Point", "coordinates": [ 98.955048, 19.629515 ] } },
{ "type": "Feature", "properties": { "decimalLatitude": 1.352999, "decimalLongitude": 103.778118, "eventDate": "2019-12-19T09:15:10Z", "countryCode": "SG" }, "geometry": { "type": "Point", "coordinates": [ 103.778118, 1.352999 ] } },
{ "type": "Feature", "properties": { "decimalLatitude": 13.330549, "decimalLongitude": 105.609548, "eventDate": "2019-12-06T13:51:00Z", "countryCode": "KH" }, "geometry": { "type": "Point", "coordinates": [ 105.609548, 13.330549 ] } },
{ "type": "Feature", "properties": { "decimalLatitude": 13.44759, "decimalLongitude": 105.5346, "eventDate": "2019-12-07T10:27:00Z", "countryCode": "KH" }, "geometry": { "type": "Point", "coordinates": [ 105.5346, 13.44759 ] } },
{ "type": "Feature", "properties": { "decimalLatitude": 19.367814, "decimalLongitude": 98.964902, "eventDate": "2019-12-24T09:46:00Z", "countryCode": "TH" }, "geometry": { "type": "Point", "coordinates": [ 98.964902, 19.367814 ] } },
{ "type": "Feature", "properties": { "decimalLatitude": 18.014172, "decimalLongitude": 102.46048, "eventDate": "2019-12-08T14:12:00Z", "countryCode": "LA" }, "geometry": { "type": "Point", "coordinates": [ 102.46048, 18.014172 ] } },
{ "type": "Feature", "properties": { "decimalLatitude": 13.44867, "decimalLongitude": 105.54211, "eventDate": "2019-12-07T13:44:00Z", "countryCode": "KH" }, "geometry": { "type": "Point", "coordinates": [ 105.54211, 13.44867 ] } },
{ "type": "Feature", "properties": { "decimalLatitude": 18.224658, "decimalLongitude": 103.020278, "eventDate": "2019-12-29T12:12:44Z", "countryCode": "LA" }, "geometry": { "type": "Point", "coordinates": [ 103.020278, 18.224658 ] } },
{ "type": "Feature", "properties": { "decimalLatitude": 9.030966, "decimalLongitude": 98.605118, "eventDate": "2020-01-10T13:27:00Z", "countryCode": "TH" }, "geometry": { "type": "Point", "coordinates": [ 98.605118, 9.030966 ] } },
{ "type": "Feature", "properties": { "decimalLatitude": 5.963646, "decimalLongitude": 116.089266, "eventDate": "2020-01-09T14:30:00Z", "countryCode": "MY" }, "geometry": { "type": "Point", "coordinates": [ 116.089266, 5.963646 ] } },
{ "type": "Feature", "properties": { "decimalLatitude": 17.411804, "decimalLongitude": 99.235478, "eventDate": "2020-01-06T13:08:00Z", "countryCode": "TH" }, "geometry": { "type": "Point", "coordinates": [ 99.235478, 17.411804 ] } },
{ "type": "Feature", "properties": { "decimalLatitude": 18.817425, "decimalLongitude": 98.920286, "eventDate": "2020-01-26T21:56:00Z", "countryCode": "TH" }, "geometry": { "type": "Point", "coordinates": [ 98.920286, 18.817425 ] } },
{ "type": "Feature", "properties": { "decimalLatitude": 6.128924, "decimalLongitude": 116.345309, "eventDate": "2020-01-31T14:58:00Z", "countryCode": "MY" }, "geometry": { "type": "Point", "coordinates": [ 116.345309, 6.128924 ] } },
{ "type": "Feature", "properties": { "decimalLatitude": 12.538475, "decimalLongitude": 99.463529, "eventDate": "2020-01-15T09:55:00Z", "countryCode": "TH" }, "geometry": { "type": "Point", "coordinates": [ 99.463529, 12.538475 ] } },
{ "type": "Feature", "properties": { "decimalLatitude": 9.029281, "decimalLongitude": 98.607977, "eventDate": "2020-01-10T13:19:00Z", "countryCode": "TH" }, "geometry": { "type": "Point", "coordinates": [ 98.607977, 9.029281 ] } },
{ "type": "Feature", "properties": { "decimalLatitude": 19.743669, "decimalLongitude": 101.996886, "eventDate": "2020-02-14T20:42:00Z", "countryCode": "LA" }, "geometry": { "type": "Point", "coordinates": [ 101.996886, 19.743669 ] } },
{ "type": "Feature", "properties": { "decimalLatitude": 18.871627, "decimalLongitude": 98.9372, "eventDate": "2020-02-07T11:57:00Z", "countryCode": "TH" }, "geometry": { "type": "Point", "coordinates": [ 98.9372, 18.871627 ] } },
{ "type": "Feature", "properties": { "decimalLatitude": 5.439722, "decimalLongitude": 100.285351, "eventDate": "2020-02-17T06:10:12Z", "countryCode": "MY" }, "geometry": { "type": "Point", "coordinates": [ 100.285351, 5.439722 ] } },
{ "type": "Feature", "properties": { "decimalLatitude": 5.796971, "decimalLongitude": 116.408255, "eventDate": "2020-02-12T21:59:00Z", "countryCode": "MY" }, "geometry": { "type": "Point", "coordinates": [ 116.408255, 5.796971 ] } },
{ "type": "Feature", "properties": { "decimalLatitude": 6.009954, "decimalLongitude": 116.542087, "eventDate": "2020-02-24T21:12:00Z", "countryCode": "MY" }, "geometry": { "type": "Point", "coordinates": [ 116.542087, 6.009954 ] } },
{ "type": "Feature", "properties": { "decimalLatitude": 22.462878, "decimalLongitude": 114.138571, "eventDate": "2020-03-15T08:39:08Z", "countryCode": "HK" }, "geometry": { "type": "Point", "coordinates": [ 114.138571, 22.462878 ] } },
{ "type": "Feature", "properties": { "decimalLatitude": 22.369696, "decimalLongitude": 114.176054, "eventDate": "2020-03-25T14:52:00Z", "countryCode": "HK" }, "geometry": { "type": "Point", "coordinates": [ 114.176054, 22.369696 ] } },
{ "type": "Feature", "properties": { "decimalLatitude": 22.381458, "decimalLongitude": 114.221145, "eventDate": "2020-03-25T00:00:00Z", "countryCode": "HK" }, "geometry": { "type": "Point", "coordinates": [ 114.221145, 22.381458 ] } },
{ "type": "Feature", "properties": { "decimalLatitude": 22.404301, "decimalLongitude": 114.233358, "eventDate": "2020-03-22T12:47:27Z", "countryCode": "HK" }, "geometry": { "type": "Point", "coordinates": [ 114.233358, 22.404301 ] } },
{ "type": "Feature", "properties": { "decimalLatitude": 22.467045, "decimalLongitude": 114.179753, "eventDate": "2020-03-22T20:36:58Z", "countryCode": "HK" }, "geometry": { "type": "Point", "coordinates": [ 114.179753, 22.467045 ] } },
{ "type": "Feature", "properties": { "decimalLatitude": 22.269987, "decimalLongitude": 114.006486, "eventDate": "2020-03-26T16:52:35Z", "countryCode": "HK" }, "geometry": { "type": "Point", "coordinates": [ 114.006486, 22.269987 ] } },
{ "type": "Feature", "properties": { "decimalLatitude": 22.381458, "decimalLongitude": 114.221145, "eventDate": "2020-03-23T00:00:00Z", "countryCode": "HK" }, "geometry": { "type": "Point", "coordinates": [ 114.221145, 22.381458 ] } },
{ "type": "Feature", "properties": { "decimalLatitude": 22.270333, "decimalLongitude": 114.006256, "eventDate": "2020-03-26T15:02:07Z", "countryCode": "HK" }, "geometry": { "type": "Point", "coordinates": [ 114.006256, 22.270333 ] } },
{ "type": "Feature", "properties": { "decimalLatitude": 22.381458, "decimalLongitude": 114.221145, "eventDate": "2020-03-25T00:00:00Z", "countryCode": "HK" }, "geometry": { "type": "Point", "coordinates": [ 114.221145, 22.381458 ] } },
{ "type": "Feature", "properties": { "decimalLatitude": 18.724392, "decimalLongitude": 102.525437, "eventDate": "2020-03-06T11:59:00Z", "countryCode": "LA" }, "geometry": { "type": "Point", "coordinates": [ 102.525437, 18.724392 ] } },
{ "type": "Feature", "properties": { "decimalLatitude": 22.241176, "decimalLongitude": 114.152157, "eventDate": "2020-03-22T11:13:53Z", "countryCode": "HK" }, "geometry": { "type": "Point", "coordinates": [ 114.152157, 22.241176 ] } },
{ "type": "Feature", "properties": { "decimalLatitude": 22.436478, "decimalLongitude": 114.127878, "eventDate": "2020-03-24T12:12:00Z", "countryCode": "HK" }, "geometry": { "type": "Point", "coordinates": [ 114.127878, 22.436478 ] } },
{ "type": "Feature", "properties": { "decimalLatitude": 24.352674, "decimalLongitude": 92.344815, "eventDate": "2020-03-31T00:00:00Z", "countryCode": "IN" }, "geometry": { "type": "Point", "coordinates": [ 92.344815, 24.352674 ] } },
{ "type": "Feature", "properties": { "decimalLatitude": 24.352674, "decimalLongitude": 92.344815, "eventDate": "2020-03-31T00:00:00Z", "countryCode": "IN" }, "geometry": { "type": "Point", "coordinates": [ 92.344815, 24.352674 ] } },
{ "type": "Feature", "properties": { "decimalLatitude": 24.352674, "decimalLongitude": 92.344815, "eventDate": "2020-03-29T00:00:00Z", "countryCode": "IN" }, "geometry": { "type": "Point", "coordinates": [ 92.344815, 24.352674 ] } },
{ "type": "Feature", "properties": { "decimalLatitude": 24.352674, "decimalLongitude": 92.344815, "eventDate": "2020-03-12T00:00:00Z", "countryCode": "IN" }, "geometry": { "type": "Point", "coordinates": [ 92.344815, 24.352674 ] } },
{ "type": "Feature", "properties": { "decimalLatitude": 24.352674, "decimalLongitude": 92.344815, "eventDate": "2020-03-12T00:00:00Z", "countryCode": "IN" }, "geometry": { "type": "Point", "coordinates": [ 92.344815, 24.352674 ] } },
{ "type": "Feature", "properties": { "decimalLatitude": 22.386243, "decimalLongitude": 114.144926, "eventDate": "2020-03-26T15:27:00Z", "countryCode": "HK" }, "geometry": { "type": "Point", "coordinates": [ 114.144926, 22.386243 ] } },
{ "type": "Feature", "properties": { "decimalLatitude": 22.491265, "decimalLongitude": 114.167104, "eventDate": "2020-03-25T14:16:00Z", "countryCode": "HK" }, "geometry": { "type": "Point", "coordinates": [ 114.167104, 22.491265 ] } },
{ "type": "Feature", "properties": { "decimalLatitude": 22.227034, "decimalLongitude": 113.904568, "eventDate": "2020-03-14T07:27:00Z", "countryCode": "HK" }, "geometry": { "type": "Point", "coordinates": [ 113.904568, 22.227034 ] } },
{ "type": "Feature", "properties": { "decimalLatitude": 6.889992, "decimalLongitude": 100.529612, "eventDate": "2020-03-01T12:58:00Z", "countryCode": "TH" }, "geometry": { "type": "Point", "coordinates": [ 100.529612, 6.889992 ] } },
{ "type": "Feature", "properties": { "decimalLatitude": 22.298405, "decimalLongitude": 114.276266, "eventDate": "2020-04-02T15:20:20Z", "countryCode": "HK" }, "geometry": { "type": "Point", "coordinates": [ 114.276266, 22.298405 ] } },
{ "type": "Feature", "properties": { "decimalLatitude": 22.416724, "decimalLongitude": 114.106493, "eventDate": "2020-04-03T13:54:00Z", "countryCode": "HK" }, "geometry": { "type": "Point", "coordinates": [ 114.106493, 22.416724 ] } },
{ "type": "Feature", "properties": { "decimalLatitude": 22.3736, "decimalLongitude": 114.262639, "eventDate": "2020-04-04T15:22:43Z", "countryCode": "HK" }, "geometry": { "type": "Point", "coordinates": [ 114.262639, 22.3736 ] } },
{ "type": "Feature", "properties": { "decimalLatitude": 22.221417, "decimalLongitude": 113.917053, "eventDate": "2020-04-07T18:05:43Z", "countryCode": "HK" }, "geometry": { "type": "Point", "coordinates": [ 113.917053, 22.221417 ] } },
{ "type": "Feature", "properties": { "decimalLatitude": 22.419386, "decimalLongitude": 114.249097, "eventDate": "2020-04-04T22:47:55Z", "countryCode": "HK" }, "geometry": { "type": "Point", "coordinates": [ 114.249097, 22.419386 ] } },
{ "type": "Feature", "properties": { "decimalLatitude": 22.476756, "decimalLongitude": 114.224595, "eventDate": "2020-04-05T10:41:30Z", "countryCode": "HK" }, "geometry": { "type": "Point", "coordinates": [ 114.224595, 22.476756 ] } },
{ "type": "Feature", "properties": { "decimalLatitude": 22.381458, "decimalLongitude": 114.221145, "eventDate": "2020-04-01T00:00:00Z", "countryCode": "HK" }, "geometry": { "type": "Point", "coordinates": [ 114.221145, 22.381458 ] } },
{ "type": "Feature", "properties": { "decimalLatitude": 22.428309, "decimalLongitude": 114.355331, "eventDate": "2020-04-08T14:45:59Z", "countryCode": "HK" }, "geometry": { "type": "Point", "coordinates": [ 114.355331, 22.428309 ] } },
{ "type": "Feature", "properties": { "decimalLatitude": 22.22142, "decimalLongitude": 113.91358, "eventDate": "2020-04-08T14:57:15Z", "countryCode": "HK" }, "geometry": { "type": "Point", "coordinates": [ 113.91358, 22.22142 ] } },
{ "type": "Feature", "properties": { "decimalLatitude": 22.448233, "decimalLongitude": 114.319083, "eventDate": "2020-04-11T14:18:21Z", "countryCode": "HK" }, "geometry": { "type": "Point", "coordinates": [ 114.319083, 22.448233 ] } },
{ "type": "Feature", "properties": { "decimalLatitude": 22.394266, "decimalLongitude": 113.98203, "eventDate": "2020-04-10T13:16:10Z", "countryCode": "HK" }, "geometry": { "type": "Point", "coordinates": [ 113.98203, 22.394266 ] } },
{ "type": "Feature", "properties": { "decimalLatitude": 22.381458, "decimalLongitude": 114.221145, "eventDate": "2020-04-09T00:00:00Z", "countryCode": "HK" }, "geometry": { "type": "Point", "coordinates": [ 114.221145, 22.381458 ] } },
{ "type": "Feature", "properties": { "decimalLatitude": 22.391531, "decimalLongitude": 114.297369, "eventDate": "2020-04-10T10:31:21Z", "countryCode": "HK" }, "geometry": { "type": "Point", "coordinates": [ 114.297369, 22.391531 ] } },
{ "type": "Feature", "properties": { "decimalLatitude": 22.381458, "decimalLongitude": 114.221145, "eventDate": "2020-04-08T00:00:00Z", "countryCode": "HK" }, "geometry": { "type": "Point", "coordinates": [ 114.221145, 22.381458 ] } },
{ "type": "Feature", "properties": { "decimalLatitude": 22.381458, "decimalLongitude": 114.221145, "eventDate": "2020-04-09T00:00:00Z", "countryCode": "HK" }, "geometry": { "type": "Point", "coordinates": [ 114.221145, 22.381458 ] } },
{ "type": "Feature", "properties": { "decimalLatitude": 22.419867, "decimalLongitude": 114.36948, "eventDate": "2020-04-15T20:27:00Z", "countryCode": "HK" }, "geometry": { "type": "Point", "coordinates": [ 114.36948, 22.419867 ] } },
{ "type": "Feature", "properties": { "decimalLatitude": 22.419884, "decimalLongitude": 114.368974, "eventDate": "2020-04-15T09:51:45Z", "countryCode": "HK" }, "geometry": { "type": "Point", "coordinates": [ 114.368974, 22.419884 ] } },
{ "type": "Feature", "properties": { "decimalLatitude": 22.33054, "decimalLongitude": 114.259344, "eventDate": "2020-04-17T14:25:00Z", "countryCode": "HK" }, "geometry": { "type": "Point", "coordinates": [ 114.259344, 22.33054 ] } },
{ "type": "Feature", "properties": { "decimalLatitude": 24.352678, "decimalLongitude": 92.344814, "eventDate": "2020-04-01T11:59:00Z", "countryCode": "IN" }, "geometry": { "type": "Point", "coordinates": [ 92.344814, 24.352678 ] } },
{ "type": "Feature", "properties": { "decimalLatitude": 22.273134, "decimalLongitude": 113.991547, "eventDate": "2020-04-23T18:26:13Z", "countryCode": "HK" }, "geometry": { "type": "Point", "coordinates": [ 113.991547, 22.273134 ] } },
{ "type": "Feature", "properties": { "decimalLatitude": 22.510337, "decimalLongitude": 114.205088, "eventDate": "2020-04-09T11:49:28Z", "countryCode": "HK" }, "geometry": { "type": "Point", "coordinates": [ 114.205088, 22.510337 ] } },
{ "type": "Feature", "properties": { "decimalLatitude": 22.398325, "decimalLongitude": 114.214886, "eventDate": "2020-04-17T09:15:41Z", "countryCode": "HK" }, "geometry": { "type": "Point", "coordinates": [ 114.214886, 22.398325 ] } },
{ "type": "Feature", "properties": { "decimalLatitude": 22.381458, "decimalLongitude": 114.221145, "eventDate": "2020-04-15T00:00:00Z", "countryCode": "HK" }, "geometry": { "type": "Point", "coordinates": [ 114.221145, 22.381458 ] } },
{ "type": "Feature", "properties": { "decimalLatitude": 22.404125, "decimalLongitude": 113.962898, "eventDate": "2020-04-25T12:24:00Z", "countryCode": "HK" }, "geometry": { "type": "Point", "coordinates": [ 113.962898, 22.404125 ] } },
{ "type": "Feature", "properties": { "decimalLatitude": 22.644096, "decimalLongitude": 114.495781, "eventDate": "2020-04-24T15:43:00Z", "countryCode": "CN" }, "geometry": { "type": "Point", "coordinates": [ 114.495781, 22.644096 ] } },
{ "type": "Feature", "properties": { "decimalLatitude": 22.229977, "decimalLongitude": 113.939926, "eventDate": "2020-04-30T14:22:27Z", "countryCode": "HK" }, "geometry": { "type": "Point", "coordinates": [ 113.939926, 22.229977 ] } },
{ "type": "Feature", "properties": { "decimalLatitude": 22.427392, "decimalLongitude": 114.296353, "eventDate": "2020-04-27T11:22:14Z", "countryCode": "HK" }, "geometry": { "type": "Point", "coordinates": [ 114.296353, 22.427392 ] } },
{ "type": "Feature", "properties": { "decimalLatitude": 22.434211, "decimalLongitude": 114.130006, "eventDate": "2020-04-27T09:32:00Z", "countryCode": "HK" }, "geometry": { "type": "Point", "coordinates": [ 114.130006, 22.434211 ] } },
{ "type": "Feature", "properties": { "decimalLatitude": 22.506372, "decimalLongitude": 114.243276, "eventDate": "2020-04-27T11:31:00Z", "countryCode": "HK" }, "geometry": { "type": "Point", "coordinates": [ 114.243276, 22.506372 ] } },
{ "type": "Feature", "properties": { "decimalLatitude": 22.242881, "decimalLongitude": 113.980955, "eventDate": "2020-04-27T12:19:00Z", "countryCode": "HK" }, "geometry": { "type": "Point", "coordinates": [ 113.980955, 22.242881 ] } },
{ "type": "Feature", "properties": { "decimalLatitude": 22.506566, "decimalLongitude": 114.243468, "eventDate": "2020-04-27T11:31:00Z", "countryCode": "HK" }, "geometry": { "type": "Point", "coordinates": [ 114.243468, 22.506566 ] } },
{ "type": "Feature", "properties": { "decimalLatitude": 22.43304, "decimalLongitude": 114.189069, "eventDate": "2020-04-26T16:33:00Z", "countryCode": "HK" }, "geometry": { "type": "Point", "coordinates": [ 114.189069, 22.43304 ] } },
{ "type": "Feature", "properties": { "decimalLatitude": 22.509542, "decimalLongitude": 114.243314, "eventDate": "2020-04-27T10:06:00Z", "countryCode": "HK" }, "geometry": { "type": "Point", "coordinates": [ 114.243314, 22.509542 ] } },
{ "type": "Feature", "properties": { "decimalLatitude": 22.272071, "decimalLongitude": 113.991943, "eventDate": "2020-04-26T19:33:00Z", "countryCode": "HK" }, "geometry": { "type": "Point", "coordinates": [ 113.991943, 22.272071 ] } },
{ "type": "Feature", "properties": { "decimalLatitude": 22.460602, "decimalLongitude": 114.327616, "eventDate": "2020-04-27T14:06:36Z", "countryCode": "HK" }, "geometry": { "type": "Point", "coordinates": [ 114.327616, 22.460602 ] } },
{ "type": "Feature", "properties": { "decimalLatitude": 22.461835, "decimalLongitude": 114.327068, "eventDate": "2020-04-27T15:04:00Z", "countryCode": "HK" }, "geometry": { "type": "Point", "coordinates": [ 114.327068, 22.461835 ] } },
{ "type": "Feature", "properties": { "decimalLatitude": 22.44407, "decimalLongitude": 114.126861, "eventDate": "2020-04-18T09:32:31Z", "countryCode": "HK" }, "geometry": { "type": "Point", "coordinates": [ 114.126861, 22.44407 ] } },
{ "type": "Feature", "properties": { "decimalLatitude": 22.406826, "decimalLongitude": 114.274838, "eventDate": "2020-04-27T21:25:38Z", "countryCode": "HK" }, "geometry": { "type": "Point", "coordinates": [ 114.274838, 22.406826 ] } },
{ "type": "Feature", "properties": { "decimalLatitude": 22.507444, "decimalLongitude": 114.243002, "eventDate": "2020-04-27T11:28:00Z", "countryCode": "HK" }, "geometry": { "type": "Point", "coordinates": [ 114.243002, 22.507444 ] } },
{ "type": "Feature", "properties": { "decimalLatitude": 22.507444, "decimalLongitude": 114.243002, "eventDate": "2020-04-27T11:26:00Z", "countryCode": "HK" }, "geometry": { "type": "Point", "coordinates": [ 114.243002, 22.507444 ] } },
{ "type": "Feature", "properties": { "decimalLatitude": 22.374941, "decimalLongitude": 114.264171, "eventDate": "2020-04-30T11:56:00Z", "countryCode": "HK" }, "geometry": { "type": "Point", "coordinates": [ 114.264171, 22.374941 ] } },
{ "type": "Feature", "properties": { "decimalLatitude": 22.317163, "decimalLongitude": 114.253175, "eventDate": "2020-04-19T11:34:45Z", "countryCode": "HK" }, "geometry": { "type": "Point", "coordinates": [ 114.253175, 22.317163 ] } },
{ "type": "Feature", "properties": { "decimalLatitude": 22.495242, "decimalLongitude": 114.198311, "eventDate": "2020-04-10T11:36:08Z", "countryCode": "HK" }, "geometry": { "type": "Point", "coordinates": [ 114.198311, 22.495242 ] } },
{ "type": "Feature", "properties": { "decimalLatitude": 22.254586, "decimalLongitude": 114.008998, "eventDate": "2020-04-18T13:36:44Z", "countryCode": "HK" }, "geometry": { "type": "Point", "coordinates": [ 114.008998, 22.254586 ] } },
{ "type": "Feature", "properties": { "decimalLatitude": 22.254634, "decimalLongitude": 114.008972, "eventDate": "2020-04-18T13:39:17Z", "countryCode": "HK" }, "geometry": { "type": "Point", "coordinates": [ 114.008972, 22.254634 ] } },
{ "type": "Feature", "properties": { "decimalLatitude": 22.287351, "decimalLongitude": 113.922646, "eventDate": "2020-04-19T10:17:00Z", "countryCode": "HK" }, "geometry": { "type": "Point", "coordinates": [ 113.922646, 22.287351 ] } },
{ "type": "Feature", "properties": { "decimalLatitude": 22.404661, "decimalLongitude": 113.958614, "eventDate": "2020-04-10T09:13:00Z", "countryCode": "HK" }, "geometry": { "type": "Point", "coordinates": [ 113.958614, 22.404661 ] } },
{ "type": "Feature", "properties": { "decimalLatitude": 22.430118, "decimalLongitude": 114.183356, "eventDate": "2020-04-10T13:11:00Z", "countryCode": "HK" }, "geometry": { "type": "Point", "coordinates": [ 114.183356, 22.430118 ] } },
{ "type": "Feature", "properties": { "decimalLatitude": 20.794584, "decimalLongitude": 106.987279, "eventDate": "2020-04-23T16:29:00Z", "countryCode": "VN" }, "geometry": { "type": "Point", "coordinates": [ 106.987279, 20.794584 ] } },
{ "type": "Feature", "properties": { "decimalLatitude": 22.490527, "decimalLongitude": 114.181965, "eventDate": "2020-04-28T14:04:00Z", "countryCode": "HK" }, "geometry": { "type": "Point", "coordinates": [ 114.181965, 22.490527 ] } },
{ "type": "Feature", "properties": { "decimalLatitude": 22.506565, "decimalLongitude": 114.269998, "eventDate": "2020-04-08T13:12:24Z", "countryCode": "HK" }, "geometry": { "type": "Point", "coordinates": [ 114.269998, 22.506565 ] } },
{ "type": "Feature", "properties": { "decimalLatitude": 22.508699, "decimalLongitude": 114.243426, "eventDate": "2020-04-08T09:56:00Z", "countryCode": "HK" }, "geometry": { "type": "Point", "coordinates": [ 114.243426, 22.508699 ] } },
{ "type": "Feature", "properties": { "decimalLatitude": 22.212838, "decimalLongitude": 113.906118, "eventDate": "2020-04-17T12:06:00Z", "countryCode": "HK" }, "geometry": { "type": "Point", "coordinates": [ 113.906118, 22.212838 ] } },
{ "type": "Feature", "properties": { "decimalLatitude": 22.212838, "decimalLongitude": 113.906118, "eventDate": "2020-04-17T12:27:00Z", "countryCode": "HK" }, "geometry": { "type": "Point", "coordinates": [ 113.906118, 22.212838 ] } },
{ "type": "Feature", "properties": { "decimalLatitude": 22.465268, "decimalLongitude": 114.199112, "eventDate": "2020-04-27T11:21:32Z", "countryCode": "HK" }, "geometry": { "type": "Point", "coordinates": [ 114.199112, 22.465268 ] } },
{ "type": "Feature", "properties": { "decimalLatitude": 22.4162, "decimalLongitude": 114.210368, "eventDate": "2020-04-26T11:30:00Z", "countryCode": "HK" }, "geometry": { "type": "Point", "coordinates": [ 114.210368, 22.4162 ] } },
{ "type": "Feature", "properties": { "decimalLatitude": 22.467142, "decimalLongitude": 114.179205, "eventDate": "2020-05-06T13:31:00Z", "countryCode": "HK" }, "geometry": { "type": "Point", "coordinates": [ 114.179205, 22.467142 ] } },
{ "type": "Feature", "properties": { "decimalLatitude": 22.246303, "decimalLongitude": 113.875216, "eventDate": "2020-05-16T13:14:35Z", "countryCode": "HK" }, "geometry": { "type": "Point", "coordinates": [ 113.875216, 22.246303 ] } },
{ "type": "Feature", "properties": { "decimalLatitude": 22.374195, "decimalLongitude": 114.265319, "eventDate": "2020-05-16T13:24:00Z", "countryCode": "HK" }, "geometry": { "type": "Point", "coordinates": [ 114.265319, 22.374195 ] } },
{ "type": "Feature", "properties": { "decimalLatitude": 22.246229, "decimalLongitude": 113.875551, "eventDate": "2020-05-16T13:12:35Z", "countryCode": "HK" }, "geometry": { "type": "Point", "coordinates": [ 113.875551, 22.246229 ] } },
{ "type": "Feature", "properties": { "decimalLatitude": 22.381458, "decimalLongitude": 114.221145, "eventDate": "2020-05-18T00:00:00Z", "countryCode": "HK" }, "geometry": { "type": "Point", "coordinates": [ 114.221145, 22.381458 ] } },
{ "type": "Feature", "properties": { "decimalLatitude": 22.381458, "decimalLongitude": 114.221145, "eventDate": "2020-05-15T00:00:00Z", "countryCode": "HK" }, "geometry": { "type": "Point", "coordinates": [ 114.221145, 22.381458 ] } },
{ "type": "Feature", "properties": { "decimalLatitude": 22.381458, "decimalLongitude": 114.221145, "eventDate": "2020-05-21T00:00:00Z", "countryCode": "HK" }, "geometry": { "type": "Point", "coordinates": [ 114.221145, 22.381458 ] } },
{ "type": "Feature", "properties": { "decimalLatitude": 22.381458, "decimalLongitude": 114.221145, "eventDate": "2020-05-29T00:00:00Z", "countryCode": "HK" }, "geometry": { "type": "Point", "coordinates": [ 114.221145, 22.381458 ] } },
{ "type": "Feature", "properties": { "decimalLatitude": 22.453943, "decimalLongitude": 114.164082, "eventDate": "2020-05-07T13:47:44Z", "countryCode": "HK" }, "geometry": { "type": "Point", "coordinates": [ 114.164082, 22.453943 ] } },
{ "type": "Feature", "properties": { "decimalLatitude": 22.315177, "decimalLongitude": 114.277665, "eventDate": "2020-05-27T14:21:00Z", "countryCode": "HK" }, "geometry": { "type": "Point", "coordinates": [ 114.277665, 22.315177 ] } },
{ "type": "Feature", "properties": { "decimalLatitude": 22.266892, "decimalLongitude": 113.991545, "eventDate": "2020-05-27T20:01:16Z", "countryCode": "HK" }, "geometry": { "type": "Point", "coordinates": [ 113.991545, 22.266892 ] } },
{ "type": "Feature", "properties": { "decimalLatitude": 22.289287, "decimalLongitude": 113.949883, "eventDate": "2020-05-24T11:16:36Z", "countryCode": "HK" }, "geometry": { "type": "Point", "coordinates": [ 113.949883, 22.289287 ] } },
{ "type": "Feature", "properties": { "decimalLatitude": 22.281198, "decimalLongitude": 113.893771, "eventDate": "2020-05-17T15:12:00Z", "countryCode": "HK" }, "geometry": { "type": "Point", "coordinates": [ 113.893771, 22.281198 ] } },
{ "type": "Feature", "properties": { "decimalLatitude": 22.260576, "decimalLongitude": 114.142946, "eventDate": "2020-05-04T14:03:00Z", "countryCode": "HK" }, "geometry": { "type": "Point", "coordinates": [ 114.142946, 22.260576 ] } },
{ "type": "Feature", "properties": { "decimalLatitude": 22.392179, "decimalLongitude": 114.148158, "eventDate": "2020-05-09T14:07:00Z", "countryCode": "HK" }, "geometry": { "type": "Point", "coordinates": [ 114.148158, 22.392179 ] } },
{ "type": "Feature", "properties": { "decimalLatitude": 22.112222, "decimalLongitude": 113.554444, "eventDate": "2020-05-24T14:37:00Z", "countryCode": "MO" }, "geometry": { "type": "Point", "coordinates": [ 113.554444, 22.112222 ] } },
{ "type": "Feature", "properties": { "decimalLatitude": 22.43716, "decimalLongitude": 114.182843, "eventDate": "2020-05-03T15:57:27Z", "countryCode": "HK" }, "geometry": { "type": "Point", "coordinates": [ 114.182843, 22.43716 ] } },
{ "type": "Feature", "properties": { "decimalLatitude": 22.287901, "decimalLongitude": 113.92146, "eventDate": "2020-05-07T07:26:00Z", "countryCode": "HK" }, "geometry": { "type": "Point", "coordinates": [ 113.92146, 22.287901 ] } },
{ "type": "Feature", "properties": { "decimalLatitude": 22.274475, "decimalLongitude": 114.117395, "eventDate": "2020-05-16T14:53:05Z", "countryCode": "HK" }, "geometry": { "type": "Point", "coordinates": [ 114.117395, 22.274475 ] } },
{ "type": "Feature", "properties": { "decimalLatitude": 22.381458, "decimalLongitude": 114.221145, "eventDate": "2020-05-27T00:00:00Z", "countryCode": "HK" }, "geometry": { "type": "Point", "coordinates": [ 114.221145, 22.381458 ] } },
{ "type": "Feature", "properties": { "decimalLatitude": 22.487583, "decimalLongitude": 114.182183, "eventDate": "2020-05-16T06:02:27Z", "countryCode": "HK" }, "geometry": { "type": "Point", "coordinates": [ 114.182183, 22.487583 ] } },
{ "type": "Feature", "properties": { "decimalLatitude": 22.324441, "decimalLongitude": 114.217502, "eventDate": "2020-05-08T08:35:00Z", "countryCode": "HK" }, "geometry": { "type": "Point", "coordinates": [ 114.217502, 22.324441 ] } },
{ "type": "Feature", "properties": { "decimalLatitude": 22.531772, "decimalLongitude": 114.368044, "eventDate": "2020-05-04T00:00:00Z", "countryCode": "HK" }, "geometry": { "type": "Point", "coordinates": [ 114.368044, 22.531772 ] } },
{ "type": "Feature", "properties": { "decimalLatitude": 22.375164, "decimalLongitude": 114.26438, "eventDate": "2020-05-10T06:47:00Z", "countryCode": "HK" }, "geometry": { "type": "Point", "coordinates": [ 114.26438, 22.375164 ] } },
{ "type": "Feature", "properties": { "decimalLatitude": 22.366909, "decimalLongitude": 114.271103, "eventDate": "2020-06-02T14:29:00Z", "countryCode": "HK" }, "geometry": { "type": "Point", "coordinates": [ 114.271103, 22.366909 ] } },
{ "type": "Feature", "properties": { "decimalLatitude": 22.381458, "decimalLongitude": 114.221145, "eventDate": "2020-06-01T00:00:00Z", "countryCode": "HK" }, "geometry": { "type": "Point", "coordinates": [ 114.221145, 22.381458 ] } },
{ "type": "Feature", "properties": { "decimalLatitude": 22.381458, "decimalLongitude": 114.221145, "eventDate": "2020-06-01T00:00:00Z", "countryCode": "HK" }, "geometry": { "type": "Point", "coordinates": [ 114.221145, 22.381458 ] } },
{ "type": "Feature", "properties": { "decimalLatitude": 22.381458, "decimalLongitude": 114.221145, "eventDate": "2020-06-05T00:00:00Z", "countryCode": "HK" }, "geometry": { "type": "Point", "coordinates": [ 114.221145, 22.381458 ] } },
{ "type": "Feature", "properties": { "decimalLatitude": 22.381458, "decimalLongitude": 114.221145, "eventDate": "2020-06-03T00:00:00Z", "countryCode": "HK" }, "geometry": { "type": "Point", "coordinates": [ 114.221145, 22.381458 ] } },
{ "type": "Feature", "properties": { "decimalLatitude": 22.381458, "decimalLongitude": 114.221145, "eventDate": "2020-06-11T00:00:00Z", "countryCode": "HK" }, "geometry": { "type": "Point", "coordinates": [ 114.221145, 22.381458 ] } },
{ "type": "Feature", "properties": { "decimalLatitude": 22.381458, "decimalLongitude": 114.221145, "eventDate": "2020-06-11T00:00:00Z", "countryCode": "HK" }, "geometry": { "type": "Point", "coordinates": [ 114.221145, 22.381458 ] } },
{ "type": "Feature", "properties": { "decimalLatitude": 22.381458, "decimalLongitude": 114.221145, "eventDate": "2020-06-16T00:00:00Z", "countryCode": "HK" }, "geometry": { "type": "Point", "coordinates": [ 114.221145, 22.381458 ] } },
{ "type": "Feature", "properties": { "decimalLatitude": 22.243876, "decimalLongitude": 113.978821, "eventDate": "2020-06-19T11:07:25Z", "countryCode": "HK" }, "geometry": { "type": "Point", "coordinates": [ 113.978821, 22.243876 ] } },
{ "type": "Feature", "properties": { "decimalLatitude": 22.385391, "decimalLongitude": 114.149282, "eventDate": "2020-06-17T15:15:00Z", "countryCode": "HK" }, "geometry": { "type": "Point", "coordinates": [ 114.149282, 22.385391 ] } },
{ "type": "Feature", "properties": { "decimalLatitude": 22.279868, "decimalLongitude": 113.933149, "eventDate": "2020-06-19T00:00:00Z", "countryCode": "HK" }, "geometry": { "type": "Point", "coordinates": [ 113.933149, 22.279868 ] } },
{ "type": "Feature", "properties": { "decimalLatitude": 22.381458, "decimalLongitude": 114.221145, "eventDate": "2020-06-16T00:00:00Z", "countryCode": "HK" }, "geometry": { "type": "Point", "coordinates": [ 114.221145, 22.381458 ] } },
{ "type": "Feature", "properties": { "decimalLatitude": 1.353189, "decimalLongitude": 103.777582, "eventDate": "2020-06-19T11:28:13Z", "countryCode": "SG" }, "geometry": { "type": "Point", "coordinates": [ 103.777582, 1.353189 ] } },
{ "type": "Feature", "properties": { "decimalLatitude": 1.364046, "decimalLongitude": 103.772331, "eventDate": "2020-06-21T11:14:46Z", "countryCode": "SG" }, "geometry": { "type": "Point", "coordinates": [ 103.772331, 1.364046 ] } },
{ "type": "Feature", "properties": { "decimalLatitude": 22.288094, "decimalLongitude": 113.937615, "eventDate": "2020-06-19T10:46:16Z", "countryCode": "HK" }, "geometry": { "type": "Point", "coordinates": [ 113.937615, 22.288094 ] } },
{ "type": "Feature", "properties": { "decimalLatitude": 22.381458, "decimalLongitude": 114.221145, "eventDate": "2020-06-18T00:00:00Z", "countryCode": "HK" }, "geometry": { "type": "Point", "coordinates": [ 114.221145, 22.381458 ] } },
{ "type": "Feature", "properties": { "decimalLatitude": 22.381458, "decimalLongitude": 114.221145, "eventDate": "2020-06-23T00:00:00Z", "countryCode": "HK" }, "geometry": { "type": "Point", "coordinates": [ 114.221145, 22.381458 ] } },
{ "type": "Feature", "properties": { "decimalLatitude": 22.27968, "decimalLongitude": 113.932795, "eventDate": "2020-06-19T00:00:00Z", "countryCode": "HK" }, "geometry": { "type": "Point", "coordinates": [ 113.932795, 22.27968 ] } },
{ "type": "Feature", "properties": { "decimalLatitude": 22.242712, "decimalLongitude": 113.979614, "eventDate": "2020-06-19T10:08:05Z", "countryCode": "HK" }, "geometry": { "type": "Point", "coordinates": [ 113.979614, 22.242712 ] } },
{ "type": "Feature", "properties": { "decimalLatitude": 22.381458, "decimalLongitude": 114.221145, "eventDate": "2020-06-16T00:00:00Z", "countryCode": "HK" }, "geometry": { "type": "Point", "coordinates": [ 114.221145, 22.381458 ] } },
{ "type": "Feature", "properties": { "decimalLatitude": 22.381458, "decimalLongitude": 114.221145, "eventDate": "2020-06-16T00:00:00Z", "countryCode": "HK" }, "geometry": { "type": "Point", "coordinates": [ 114.221145, 22.381458 ] } },
{ "type": "Feature", "properties": { "decimalLatitude": 22.381458, "decimalLongitude": 114.221145, "eventDate": "2020-06-22T00:00:00Z", "countryCode": "HK" }, "geometry": { "type": "Point", "coordinates": [ 114.221145, 22.381458 ] } },
{ "type": "Feature", "properties": { "decimalLatitude": 22.381458, "decimalLongitude": 114.221145, "eventDate": "2020-06-22T00:00:00Z", "countryCode": "HK" }, "geometry": { "type": "Point", "coordinates": [ 114.221145, 22.381458 ] } },
{ "type": "Feature", "properties": { "decimalLatitude": 22.288097, "decimalLongitude": 113.937496, "eventDate": "2020-06-19T10:43:50Z", "countryCode": "HK" }, "geometry": { "type": "Point", "coordinates": [ 113.937496, 22.288097 ] } },
{ "type": "Feature", "properties": { "decimalLatitude": 22.381458, "decimalLongitude": 114.221145, "eventDate": "2020-06-15T00:00:00Z", "countryCode": "HK" }, "geometry": { "type": "Point", "coordinates": [ 114.221145, 22.381458 ] } },
{ "type": "Feature", "properties": { "decimalLatitude": 22.27892, "decimalLongitude": 113.931133, "eventDate": "2020-06-20T00:00:00Z", "countryCode": "HK" }, "geometry": { "type": "Point", "coordinates": [ 113.931133, 22.27892 ] } },
{ "type": "Feature", "properties": { "decimalLatitude": 22.242203, "decimalLongitude": 113.97995, "eventDate": "2020-06-19T10:02:25Z", "countryCode": "HK" }, "geometry": { "type": "Point", "coordinates": [ 113.97995, 22.242203 ] } },
{ "type": "Feature", "properties": { "decimalLatitude": 22.234796, "decimalLongitude": 114.115419, "eventDate": "2020-06-20T13:49:00Z", "countryCode": "HK" }, "geometry": { "type": "Point", "coordinates": [ 114.115419, 22.234796 ] } },
{ "type": "Feature", "properties": { "decimalLatitude": 22.381458, "decimalLongitude": 114.221145, "eventDate": "2020-06-15T00:00:00Z", "countryCode": "HK" }, "geometry": { "type": "Point", "coordinates": [ 114.221145, 22.381458 ] } },
{ "type": "Feature", "properties": { "decimalLatitude": 22.381458, "decimalLongitude": 114.221145, "eventDate": "2020-06-22T00:00:00Z", "countryCode": "HK" }, "geometry": { "type": "Point", "coordinates": [ 114.221145, 22.381458 ] } },
{ "type": "Feature", "properties": { "decimalLatitude": 22.381458, "decimalLongitude": 114.221145, "eventDate": "2020-06-30T00:00:00Z", "countryCode": "HK" }, "geometry": { "type": "Point", "coordinates": [ 114.221145, 22.381458 ] } },
{ "type": "Feature", "properties": { "decimalLatitude": 22.381458, "decimalLongitude": 114.221145, "eventDate": "2020-06-30T00:00:00Z", "countryCode": "HK" }, "geometry": { "type": "Point", "coordinates": [ 114.221145, 22.381458 ] } },
{ "type": "Feature", "properties": { "decimalLatitude": 22.381458, "decimalLongitude": 114.221145, "eventDate": "2020-06-30T00:00:00Z", "countryCode": "HK" }, "geometry": { "type": "Point", "coordinates": [ 114.221145, 22.381458 ] } },
{ "type": "Feature", "properties": { "decimalLatitude": 22.381458, "decimalLongitude": 114.221145, "eventDate": "2020-06-26T00:00:00Z", "countryCode": "HK" }, "geometry": { "type": "Point", "coordinates": [ 114.221145, 22.381458 ] } },
{ "type": "Feature", "properties": { "decimalLatitude": 22.381458, "decimalLongitude": 114.221145, "eventDate": "2020-06-30T00:00:00Z", "countryCode": "HK" }, "geometry": { "type": "Point", "coordinates": [ 114.221145, 22.381458 ] } },
{ "type": "Feature", "properties": { "decimalLatitude": 22.381458, "decimalLongitude": 114.221145, "eventDate": "2020-06-30T00:00:00Z", "countryCode": "HK" }, "geometry": { "type": "Point", "coordinates": [ 114.221145, 22.381458 ] } },
{ "type": "Feature", "properties": { "decimalLatitude": 22.381458, "decimalLongitude": 114.221145, "eventDate": "2020-06-30T00:00:00Z", "countryCode": "HK" }, "geometry": { "type": "Point", "coordinates": [ 114.221145, 22.381458 ] } },
{ "type": "Feature", "properties": { "decimalLatitude": 22.381458, "decimalLongitude": 114.221145, "eventDate": "2020-06-30T00:00:00Z", "countryCode": "HK" }, "geometry": { "type": "Point", "coordinates": [ 114.221145, 22.381458 ] } },
{ "type": "Feature", "properties": { "decimalLatitude": 22.404661, "decimalLongitude": 113.958614, "eventDate": "2020-06-23T11:11:00Z", "countryCode": "HK" }, "geometry": { "type": "Point", "coordinates": [ 113.958614, 22.404661 ] } },
{ "type": "Feature", "properties": { "decimalLatitude": 22.404408, "decimalLongitude": 113.958663, "eventDate": "2020-06-24T12:44:00Z", "countryCode": "HK" }, "geometry": { "type": "Point", "coordinates": [ 113.958663, 22.404408 ] } },
{ "type": "Feature", "properties": { "decimalLatitude": 22.375113, "decimalLongitude": 114.263612, "eventDate": "2020-06-23T14:55:34Z", "countryCode": "HK" }, "geometry": { "type": "Point", "coordinates": [ 114.263612, 22.375113 ] } },
{ "type": "Feature", "properties": { "decimalLatitude": 22.381458, "decimalLongitude": 114.221145, "eventDate": "2020-06-29T00:00:00Z", "countryCode": "HK" }, "geometry": { "type": "Point", "coordinates": [ 114.221145, 22.381458 ] } },
{ "type": "Feature", "properties": { "decimalLatitude": 22.37499, "decimalLongitude": 114.265266, "eventDate": "2020-06-29T12:49:32Z", "countryCode": "HK" }, "geometry": { "type": "Point", "coordinates": [ 114.265266, 22.37499 ] } },
{ "type": "Feature", "properties": { "decimalLatitude": 22.278053, "decimalLongitude": 114.120017, "eventDate": "2020-07-09T10:57:30Z", "countryCode": "HK" }, "geometry": { "type": "Point", "coordinates": [ 114.120017, 22.278053 ] } },
{ "type": "Feature", "properties": { "decimalLatitude": 22.381458, "decimalLongitude": 114.221145, "eventDate": "2020-07-06T00:00:00Z", "countryCode": "HK" }, "geometry": { "type": "Point", "coordinates": [ 114.221145, 22.381458 ] } },
{ "type": "Feature", "properties": { "decimalLatitude": 22.254774, "decimalLongitude": 114.008786, "eventDate": "2020-07-02T11:24:00Z", "countryCode": "HK" }, "geometry": { "type": "Point", "coordinates": [ 114.008786, 22.254774 ] } },
{ "type": "Feature", "properties": { "decimalLatitude": 22.461573, "decimalLongitude": 114.333694, "eventDate": "2020-07-12T14:24:47Z", "countryCode": "HK" }, "geometry": { "type": "Point", "coordinates": [ 114.333694, 22.461573 ] } },
{ "type": "Feature", "properties": { "decimalLatitude": 22.381458, "decimalLongitude": 114.221145, "eventDate": "2020-07-14T00:00:00Z", "countryCode": "HK" }, "geometry": { "type": "Point", "coordinates": [ 114.221145, 22.381458 ] } },
{ "type": "Feature", "properties": { "decimalLatitude": 22.381458, "decimalLongitude": 114.221145, "eventDate": "2020-07-14T00:00:00Z", "countryCode": "HK" }, "geometry": { "type": "Point", "coordinates": [ 114.221145, 22.381458 ] } },
{ "type": "Feature", "properties": { "decimalLatitude": 22.381458, "decimalLongitude": 114.221145, "eventDate": "2020-07-13T00:00:00Z", "countryCode": "HK" }, "geometry": { "type": "Point", "coordinates": [ 114.221145, 22.381458 ] } },
{ "type": "Feature", "properties": { "decimalLatitude": 22.565304, "decimalLongitude": 114.085559, "eventDate": "2020-07-12T07:25:09Z", "countryCode": "CN" }, "geometry": { "type": "Point", "coordinates": [ 114.085559, 22.565304 ] } },
{ "type": "Feature", "properties": { "decimalLatitude": 22.254615, "decimalLongitude": 114.159719, "eventDate": "2020-07-10T22:31:41Z", "countryCode": "HK" }, "geometry": { "type": "Point", "coordinates": [ 114.159719, 22.254615 ] } },
{ "type": "Feature", "properties": { "decimalLatitude": 22.315177, "decimalLongitude": 114.277665, "eventDate": "2020-07-11T15:14:00Z", "countryCode": "HK" }, "geometry": { "type": "Point", "coordinates": [ 114.277665, 22.315177 ] } },
{ "type": "Feature", "properties": { "decimalLatitude": 22.315177, "decimalLongitude": 114.277665, "eventDate": "2020-07-11T15:11:00Z", "countryCode": "HK" }, "geometry": { "type": "Point", "coordinates": [ 114.277665, 22.315177 ] } },
{ "type": "Feature", "properties": { "decimalLatitude": 22.381458, "decimalLongitude": 114.221145, "eventDate": "2020-07-15T00:00:00Z", "countryCode": "HK" }, "geometry": { "type": "Point", "coordinates": [ 114.221145, 22.381458 ] } },
{ "type": "Feature", "properties": { "decimalLatitude": 22.381458, "decimalLongitude": 114.221145, "eventDate": "2020-07-15T00:00:00Z", "countryCode": "HK" }, "geometry": { "type": "Point", "coordinates": [ 114.221145, 22.381458 ] } },
{ "type": "Feature", "properties": { "decimalLatitude": 22.381458, "decimalLongitude": 114.221145, "eventDate": "2020-07-14T00:00:00Z", "countryCode": "HK" }, "geometry": { "type": "Point", "coordinates": [ 114.221145, 22.381458 ] } },
{ "type": "Feature", "properties": { "decimalLatitude": 1.399172, "decimalLongitude": 103.806589, "eventDate": "2020-07-19T11:36:44Z", "countryCode": "SG" }, "geometry": { "type": "Point", "coordinates": [ 103.806589, 1.399172 ] } },
{ "type": "Feature", "properties": { "decimalLatitude": 22.381458, "decimalLongitude": 114.221145, "eventDate": "2020-07-21T00:00:00Z", "countryCode": "HK" }, "geometry": { "type": "Point", "coordinates": [ 114.221145, 22.381458 ] } },
{ "type": "Feature", "properties": { "decimalLatitude": 22.381458, "decimalLongitude": 114.221145, "eventDate": "2020-07-20T00:00:00Z", "countryCode": "HK" }, "geometry": { "type": "Point", "coordinates": [ 114.221145, 22.381458 ] } },
{ "type": "Feature", "properties": { "decimalLatitude": 22.381458, "decimalLongitude": 114.221145, "eventDate": "2020-07-21T00:00:00Z", "countryCode": "HK" }, "geometry": { "type": "Point", "coordinates": [ 114.221145, 22.381458 ] } },
{ "type": "Feature", "properties": { "decimalLatitude": 22.440702, "decimalLongitude": 113.979464, "eventDate": "2020-07-19T13:12:00Z", "countryCode": "HK" }, "geometry": { "type": "Point", "coordinates": [ 113.979464, 22.440702 ] } },
{ "type": "Feature", "properties": { "decimalLatitude": 22.381458, "decimalLongitude": 114.221145, "eventDate": "2020-07-20T00:00:00Z", "countryCode": "HK" }, "geometry": { "type": "Point", "coordinates": [ 114.221145, 22.381458 ] } },
{ "type": "Feature", "properties": { "decimalLatitude": 22.381458, "decimalLongitude": 114.221145, "eventDate": "2020-07-21T00:00:00Z", "countryCode": "HK" }, "geometry": { "type": "Point", "coordinates": [ 114.221145, 22.381458 ] } },
{ "type": "Feature", "properties": { "decimalLatitude": 1.569775, "decimalLongitude": 103.633113, "eventDate": "2020-07-21T09:45:00Z", "countryCode": "MY" }, "geometry": { "type": "Point", "coordinates": [ 103.633113, 1.569775 ] } },
{ "type": "Feature", "properties": { "decimalLatitude": 22.381458, "decimalLongitude": 114.221145, "eventDate": "2020-07-20T00:00:00Z", "countryCode": "HK" }, "geometry": { "type": "Point", "coordinates": [ 114.221145, 22.381458 ] } },
{ "type": "Feature", "properties": { "decimalLatitude": 22.381458, "decimalLongitude": 114.221145, "eventDate": "2020-07-20T00:00:00Z", "countryCode": "HK" }, "geometry": { "type": "Point", "coordinates": [ 114.221145, 22.381458 ] } },
{ "type": "Feature", "properties": { "decimalLatitude": 22.381458, "decimalLongitude": 114.221145, "eventDate": "2020-07-20T00:00:00Z", "countryCode": "HK" }, "geometry": { "type": "Point", "coordinates": [ 114.221145, 22.381458 ] } },
{ "type": "Feature", "properties": { "decimalLatitude": 22.381458, "decimalLongitude": 114.221145, "eventDate": "2020-07-20T00:00:00Z", "countryCode": "HK" }, "geometry": { "type": "Point", "coordinates": [ 114.221145, 22.381458 ] } },
{ "type": "Feature", "properties": { "decimalLatitude": 22.381458, "decimalLongitude": 114.221145, "eventDate": "2020-07-20T00:00:00Z", "countryCode": "HK" }, "geometry": { "type": "Point", "coordinates": [ 114.221145, 22.381458 ] } },
{ "type": "Feature", "properties": { "decimalLatitude": 22.381458, "decimalLongitude": 114.221145, "eventDate": "2020-07-29T00:00:00Z", "countryCode": "HK" }, "geometry": { "type": "Point", "coordinates": [ 114.221145, 22.381458 ] } },
{ "type": "Feature", "properties": { "decimalLatitude": 22.381458, "decimalLongitude": 114.221145, "eventDate": "2020-07-28T00:00:00Z", "countryCode": "HK" }, "geometry": { "type": "Point", "coordinates": [ 114.221145, 22.381458 ] } },
{ "type": "Feature", "properties": { "decimalLatitude": 22.381458, "decimalLongitude": 114.221145, "eventDate": "2020-07-28T00:00:00Z", "countryCode": "HK" }, "geometry": { "type": "Point", "coordinates": [ 114.221145, 22.381458 ] } },
{ "type": "Feature", "properties": { "decimalLatitude": 1.348909, "decimalLongitude": 103.775735, "eventDate": "2020-07-17T16:04:00Z", "countryCode": "SG" }, "geometry": { "type": "Point", "coordinates": [ 103.775735, 1.348909 ] } },
{ "type": "Feature", "properties": { "decimalLatitude": 22.381458, "decimalLongitude": 114.221145, "eventDate": "2020-07-29T00:00:00Z", "countryCode": "HK" }, "geometry": { "type": "Point", "coordinates": [ 114.221145, 22.381458 ] } },
{ "type": "Feature", "properties": { "decimalLatitude": 22.381458, "decimalLongitude": 114.221145, "eventDate": "2020-07-29T00:00:00Z", "countryCode": "HK" }, "geometry": { "type": "Point", "coordinates": [ 114.221145, 22.381458 ] } },
{ "type": "Feature", "properties": { "decimalLatitude": 22.284204, "decimalLongitude": 114.044061, "eventDate": "2020-07-13T15:21:19Z", "countryCode": "HK" }, "geometry": { "type": "Point", "coordinates": [ 114.044061, 22.284204 ] } },
{ "type": "Feature", "properties": { "decimalLatitude": 22.381458, "decimalLongitude": 114.221145, "eventDate": "2020-07-28T00:00:00Z", "countryCode": "HK" }, "geometry": { "type": "Point", "coordinates": [ 114.221145, 22.381458 ] } },
{ "type": "Feature", "properties": { "decimalLatitude": 22.381458, "decimalLongitude": 114.221145, "eventDate": "2020-07-27T00:00:00Z", "countryCode": "HK" }, "geometry": { "type": "Point", "coordinates": [ 114.221145, 22.381458 ] } },
{ "type": "Feature", "properties": { "decimalLatitude": 22.381458, "decimalLongitude": 114.221145, "eventDate": "2020-07-28T00:00:00Z", "countryCode": "HK" }, "geometry": { "type": "Point", "coordinates": [ 114.221145, 22.381458 ] } },
{ "type": "Feature", "properties": { "decimalLatitude": 22.381458, "decimalLongitude": 114.221145, "eventDate": "2020-07-29T00:00:00Z", "countryCode": "HK" }, "geometry": { "type": "Point", "coordinates": [ 114.221145, 22.381458 ] } },
{ "type": "Feature", "properties": { "decimalLatitude": 22.381458, "decimalLongitude": 114.221145, "eventDate": "2020-07-28T00:00:00Z", "countryCode": "HK" }, "geometry": { "type": "Point", "coordinates": [ 114.221145, 22.381458 ] } },
{ "type": "Feature", "properties": { "decimalLatitude": 22.381458, "decimalLongitude": 114.221145, "eventDate": "2020-07-27T00:00:00Z", "countryCode": "HK" }, "geometry": { "type": "Point", "coordinates": [ 114.221145, 22.381458 ] } },
{ "type": "Feature", "properties": { "decimalLatitude": 22.566862, "decimalLongitude": 114.20948, "eventDate": "2020-07-19T13:14:14Z", "countryCode": "CN" }, "geometry": { "type": "Point", "coordinates": [ 114.20948, 22.566862 ] } },
{ "type": "Feature", "properties": { "decimalLatitude": 1.360469, "decimalLongitude": 103.777214, "eventDate": "2020-07-05T12:26:50Z", "countryCode": "SG" }, "geometry": { "type": "Point", "coordinates": [ 103.777214, 1.360469 ] } },
{ "type": "Feature", "properties": { "decimalLatitude": 22.487534, "decimalLongitude": 114.182412, "eventDate": "2020-07-04T13:01:00Z", "countryCode": "HK" }, "geometry": { "type": "Point", "coordinates": [ 114.182412, 22.487534 ] } },
{ "type": "Feature", "properties": { "decimalLatitude": 1.348909, "decimalLongitude": 103.775735, "eventDate": "2020-07-17T14:29:00Z", "countryCode": "SG" }, "geometry": { "type": "Point", "coordinates": [ 103.775735, 1.348909 ] } },
{ "type": "Feature", "properties": { "decimalLatitude": 7.1362, "decimalLongitude": 100.01094, "eventDate": "2020-07-07T00:00:00Z", "countryCode": "TH" }, "geometry": { "type": "Point", "coordinates": [ 100.01094, 7.1362 ] } },
{ "type": "Feature", "properties": { "decimalLatitude": 22.389187, "decimalLongitude": 114.145242, "eventDate": "2020-07-11T11:51:06Z", "countryCode": "HK" }, "geometry": { "type": "Point", "coordinates": [ 114.145242, 22.389187 ] } },
{ "type": "Feature", "properties": { "decimalLatitude": 22.654839, "decimalLongitude": 114.398786, "eventDate": "2020-07-22T11:15:00Z", "countryCode": "CN" }, "geometry": { "type": "Point", "coordinates": [ 114.398786, 22.654839 ] } },
{ "type": "Feature", "properties": { "decimalLatitude": 5.675967, "decimalLongitude": 100.81073, "eventDate": "2020-07-11T13:24:53Z", "countryCode": "MY" }, "geometry": { "type": "Point", "coordinates": [ 100.81073, 5.675967 ] } },
{ "type": "Feature", "properties": { "decimalLatitude": 7.135519, "decimalLongitude": 100.011455, "eventDate": "2020-07-07T00:00:00Z", "countryCode": "TH" }, "geometry": { "type": "Point", "coordinates": [ 100.011455, 7.135519 ] } },
{ "type": "Feature", "properties": { "decimalLatitude": 1.350127, "decimalLongitude": 103.807274, "eventDate": "2020-08-01T15:19:00Z", "countryCode": "SG" }, "geometry": { "type": "Point", "coordinates": [ 103.807274, 1.350127 ] } },
{ "type": "Feature", "properties": { "decimalLatitude": 22.351853, "decimalLongitude": 114.136966, "eventDate": "2020-08-02T16:08:04Z", "countryCode": "HK" }, "geometry": { "type": "Point", "coordinates": [ 114.136966, 22.351853 ] } },
{ "type": "Feature", "properties": { "decimalLatitude": 1.356286, "decimalLongitude": 103.801672, "eventDate": "2020-08-01T09:47:00Z", "countryCode": "SG" }, "geometry": { "type": "Point", "coordinates": [ 103.801672, 1.356286 ] } },
{ "type": "Feature", "properties": { "decimalLatitude": 1.398898, "decimalLongitude": 103.80663, "eventDate": "2020-08-02T11:15:35Z", "countryCode": "SG" }, "geometry": { "type": "Point", "coordinates": [ 103.80663, 1.398898 ] } },
{ "type": "Feature", "properties": { "decimalLatitude": 1.399005, "decimalLongitude": 103.80596, "eventDate": "2020-08-02T10:31:32Z", "countryCode": "SG" }, "geometry": { "type": "Point", "coordinates": [ 103.80596, 1.399005 ] } },
{ "type": "Feature", "properties": { "decimalLatitude": 1.398806, "decimalLongitude": 103.807104, "eventDate": "2020-08-10T12:12:00Z", "countryCode": "SG" }, "geometry": { "type": "Point", "coordinates": [ 103.807104, 1.398806 ] } },
{ "type": "Feature", "properties": { "decimalLatitude": 1.400879, "decimalLongitude": 103.807041, "eventDate": "2020-08-10T15:04:00Z", "countryCode": "SG" }, "geometry": { "type": "Point", "coordinates": [ 103.807041, 1.400879 ] } },
{ "type": "Feature", "properties": { "decimalLatitude": 1.400879, "decimalLongitude": 103.807041, "eventDate": "2020-08-08T14:09:00Z", "countryCode": "SG" }, "geometry": { "type": "Point", "coordinates": [ 103.807041, 1.400879 ] } },
{ "type": "Feature", "properties": { "decimalLatitude": 1.400879, "decimalLongitude": 103.807041, "eventDate": "2020-08-08T14:02:00Z", "countryCode": "SG" }, "geometry": { "type": "Point", "coordinates": [ 103.807041, 1.400879 ] } },
{ "type": "Feature", "properties": { "decimalLatitude": 1.400879, "decimalLongitude": 103.807041, "eventDate": "2020-08-08T13:50:00Z", "countryCode": "SG" }, "geometry": { "type": "Point", "coordinates": [ 103.807041, 1.400879 ] } },
{ "type": "Feature", "properties": { "decimalLatitude": 1.39967, "decimalLongitude": 103.808134, "eventDate": "2020-08-04T12:51:00Z", "countryCode": "SG" }, "geometry": { "type": "Point", "coordinates": [ 103.808134, 1.39967 ] } },
{ "type": "Feature", "properties": { "decimalLatitude": 1.400879, "decimalLongitude": 103.807041, "eventDate": "2020-08-08T15:41:00Z", "countryCode": "SG" }, "geometry": { "type": "Point", "coordinates": [ 103.807041, 1.400879 ] } },
{ "type": "Feature", "properties": { "decimalLatitude": 1.400879, "decimalLongitude": 103.807041, "eventDate": "2020-08-08T15:41:00Z", "countryCode": "SG" }, "geometry": { "type": "Point", "coordinates": [ 103.807041, 1.400879 ] } },
{ "type": "Feature", "properties": { "decimalLatitude": 22.521018, "decimalLongitude": 114.215533, "eventDate": "2020-08-09T13:34:00Z", "countryCode": "HK" }, "geometry": { "type": "Point", "coordinates": [ 114.215533, 22.521018 ] } },
{ "type": "Feature", "properties": { "decimalLatitude": 1.400879, "decimalLongitude": 103.807041, "eventDate": "2020-08-09T12:12:00Z", "countryCode": "SG" }, "geometry": { "type": "Point", "coordinates": [ 103.807041, 1.400879 ] } },
{ "type": "Feature", "properties": { "decimalLatitude": 1.400879, "decimalLongitude": 103.807041, "eventDate": "2020-08-09T12:15:00Z", "countryCode": "SG" }, "geometry": { "type": "Point", "coordinates": [ 103.807041, 1.400879 ] } },
{ "type": "Feature", "properties": { "decimalLatitude": 22.287108, "decimalLongitude": 114.142404, "eventDate": "2020-08-05T14:28:45Z", "countryCode": "HK" }, "geometry": { "type": "Point", "coordinates": [ 114.142404, 22.287108 ] } },
{ "type": "Feature", "properties": { "decimalLatitude": 22.381458, "decimalLongitude": 114.221145, "eventDate": "2020-08-25T00:00:00Z", "countryCode": "HK" }, "geometry": { "type": "Point", "coordinates": [ 114.221145, 22.381458 ] } },
{ "type": "Feature", "properties": { "decimalLatitude": 1.399292, "decimalLongitude": 103.807652, "eventDate": "2020-08-22T13:28:00Z", "countryCode": "SG" }, "geometry": { "type": "Point", "coordinates": [ 103.807652, 1.399292 ] } },
{ "type": "Feature", "properties": { "decimalLatitude": 1.36067, "decimalLongitude": 103.777838, "eventDate": "2020-08-24T17:15:08Z", "countryCode": "SG" }, "geometry": { "type": "Point", "coordinates": [ 103.777838, 1.36067 ] } },
{ "type": "Feature", "properties": { "decimalLatitude": 1.400879, "decimalLongitude": 103.807041, "eventDate": "2020-08-20T14:27:00Z", "countryCode": "SG" }, "geometry": { "type": "Point", "coordinates": [ 103.807041, 1.400879 ] } },
{ "type": "Feature", "properties": { "decimalLatitude": 22.276306, "decimalLongitude": 114.127083, "eventDate": "2020-08-26T14:55:26Z", "countryCode": "HK" }, "geometry": { "type": "Point", "coordinates": [ 114.127083, 22.276306 ] } },
{ "type": "Feature", "properties": { "decimalLatitude": 1.361879, "decimalLongitude": 103.775315, "eventDate": "2020-08-24T11:06:00Z", "countryCode": "SG" }, "geometry": { "type": "Point", "coordinates": [ 103.775315, 1.361879 ] } },
{ "type": "Feature", "properties": { "decimalLatitude": 1.39967, "decimalLongitude": 103.808134, "eventDate": "2020-08-22T12:24:00Z", "countryCode": "SG" }, "geometry": { "type": "Point", "coordinates": [ 103.808134, 1.39967 ] } },
{ "type": "Feature", "properties": { "decimalLatitude": 1.39967, "decimalLongitude": 103.808134, "eventDate": "2020-08-22T10:51:00Z", "countryCode": "SG" }, "geometry": { "type": "Point", "coordinates": [ 103.808134, 1.39967 ] } },
{ "type": "Feature", "properties": { "decimalLatitude": 22.356646, "decimalLongitude": 114.093858, "eventDate": "2020-08-23T14:58:48Z", "countryCode": "HK" }, "geometry": { "type": "Point", "coordinates": [ 114.093858, 22.356646 ] } },
{ "type": "Feature", "properties": { "decimalLatitude": 1.399631, "decimalLongitude": 103.807967, "eventDate": "2020-08-30T13:27:00Z", "countryCode": "SG" }, "geometry": { "type": "Point", "coordinates": [ 103.807967, 1.399631 ] } },
{ "type": "Feature", "properties": { "decimalLatitude": 1.399631, "decimalLongitude": 103.807967, "eventDate": "2020-08-30T13:38:00Z", "countryCode": "SG" }, "geometry": { "type": "Point", "coordinates": [ 103.807967, 1.399631 ] } },
{ "type": "Feature", "properties": { "decimalLatitude": 1.84825, "decimalLongitude": 102.960495, "eventDate": "2020-08-16T11:40:00Z", "countryCode": "MY" }, "geometry": { "type": "Point", "coordinates": [ 102.960495, 1.84825 ] } },
{ "type": "Feature", "properties": { "decimalLatitude": 22.404661, "decimalLongitude": 113.958614, "eventDate": "2020-08-08T11:38:00Z", "countryCode": "HK" }, "geometry": { "type": "Point", "coordinates": [ 113.958614, 22.404661 ] } },
{ "type": "Feature", "properties": { "decimalLatitude": 22.298775, "decimalLongitude": 114.281058, "eventDate": "2020-08-05T17:16:11Z", "countryCode": "HK" }, "geometry": { "type": "Point", "coordinates": [ 114.281058, 22.298775 ] } },
{ "type": "Feature", "properties": { "decimalLatitude": 22.404661, "decimalLongitude": 113.958614, "eventDate": "2020-08-22T09:54:00Z", "countryCode": "HK" }, "geometry": { "type": "Point", "coordinates": [ 113.958614, 22.404661 ] } },
{ "type": "Feature", "properties": { "decimalLatitude": 22.331995, "decimalLongitude": 114.247688, "eventDate": "2020-08-11T10:01:50Z", "countryCode": "HK" }, "geometry": { "type": "Point", "coordinates": [ 114.247688, 22.331995 ] } },
{ "type": "Feature", "properties": { "decimalLatitude": 22.451455, "decimalLongitude": 114.322615, "eventDate": "2020-08-07T09:44:00Z", "countryCode": "HK" }, "geometry": { "type": "Point", "coordinates": [ 114.322615, 22.451455 ] } },
{ "type": "Feature", "properties": { "decimalLatitude": 22.433775, "decimalLongitude": 114.174767, "eventDate": "2020-08-08T10:28:00Z", "countryCode": "HK" }, "geometry": { "type": "Point", "coordinates": [ 114.174767, 22.433775 ] } },
{ "type": "Feature", "properties": { "decimalLatitude": 22.497297, "decimalLongitude": 114.247359, "eventDate": "2020-09-02T12:24:55Z", "countryCode": "HK" }, "geometry": { "type": "Point", "coordinates": [ 114.247359, 22.497297 ] } },
{ "type": "Feature", "properties": { "decimalLatitude": 22.266877, "decimalLongitude": 113.929147, "eventDate": "2020-09-06T12:30:45Z", "countryCode": "HK" }, "geometry": { "type": "Point", "coordinates": [ 113.929147, 22.266877 ] } },
{ "type": "Feature", "properties": { "decimalLatitude": 27.253507, "decimalLongitude": 95.580858, "eventDate": "2020-09-09T12:17:00Z", "countryCode": "IN" }, "geometry": { "type": "Point", "coordinates": [ 95.580858, 27.253507 ] } },
{ "type": "Feature", "properties": { "decimalLatitude": 22.237294, "decimalLongitude": 113.852599, "eventDate": "2020-09-04T16:28:16Z", "countryCode": "HK" }, "geometry": { "type": "Point", "coordinates": [ 113.852599, 22.237294 ] } },
{ "type": "Feature", "properties": { "decimalLatitude": 1.401887, "decimalLongitude": 103.807921, "eventDate": "2020-09-06T09:51:00Z", "countryCode": "SG" }, "geometry": { "type": "Point", "coordinates": [ 103.807921, 1.401887 ] } },
{ "type": "Feature", "properties": { "decimalLatitude": 27.255833, "decimalLongitude": 95.588611, "eventDate": "2020-09-09T11:21:00Z", "countryCode": "IN" }, "geometry": { "type": "Point", "coordinates": [ 95.588611, 27.255833 ] } },
{ "type": "Feature", "properties": { "decimalLatitude": 27.255427, "decimalLongitude": 95.584815, "eventDate": "2020-09-09T09:30:00Z", "countryCode": "IN" }, "geometry": { "type": "Point", "coordinates": [ 95.584815, 27.255427 ] } },
{ "type": "Feature", "properties": { "decimalLatitude": 1.355494, "decimalLongitude": 103.804671, "eventDate": "2020-09-11T11:50:00Z", "countryCode": "SG" }, "geometry": { "type": "Point", "coordinates": [ 103.804671, 1.355494 ] } },
{ "type": "Feature", "properties": { "decimalLatitude": 27.307657, "decimalLongitude": 95.472283, "eventDate": "2020-09-13T10:21:00Z", "countryCode": "IN" }, "geometry": { "type": "Point", "coordinates": [ 95.472283, 27.307657 ] } },
{ "type": "Feature", "properties": { "decimalLatitude": 27.25648, "decimalLongitude": 95.588997, "eventDate": "2020-09-09T11:20:00Z", "countryCode": "IN" }, "geometry": { "type": "Point", "coordinates": [ 95.588997, 27.25648 ] } },
{ "type": "Feature", "properties": { "decimalLatitude": 27.310225, "decimalLongitude": 95.470435, "eventDate": "2020-09-13T09:55:00Z", "countryCode": "IN" }, "geometry": { "type": "Point", "coordinates": [ 95.470435, 27.310225 ] } },
{ "type": "Feature", "properties": { "decimalLatitude": 27.348798, "decimalLongitude": 95.503677, "eventDate": "2020-09-07T12:45:00Z", "countryCode": "IN" }, "geometry": { "type": "Point", "coordinates": [ 95.503677, 27.348798 ] } },
{ "type": "Feature", "properties": { "decimalLatitude": 27.348835, "decimalLongitude": 95.503807, "eventDate": "2020-09-07T12:01:00Z", "countryCode": "IN" }, "geometry": { "type": "Point", "coordinates": [ 95.503807, 27.348835 ] } },
{ "type": "Feature", "properties": { "decimalLatitude": 27.253611, "decimalLongitude": 95.580833, "eventDate": "2020-09-09T12:15:00Z", "countryCode": "IN" }, "geometry": { "type": "Point", "coordinates": [ 95.580833, 27.253611 ] } },
{ "type": "Feature", "properties": { "decimalLatitude": 27.256725, "decimalLongitude": 95.591202, "eventDate": "2020-09-18T13:06:00Z", "countryCode": "IN" }, "geometry": { "type": "Point", "coordinates": [ 95.591202, 27.256725 ] } },
{ "type": "Feature", "properties": { "decimalLatitude": 27.260925, "decimalLongitude": 95.607265, "eventDate": "2020-09-18T14:29:00Z", "countryCode": "IN" }, "geometry": { "type": "Point", "coordinates": [ 95.607265, 27.260925 ] } },
{ "type": "Feature", "properties": { "decimalLatitude": 27.25635, "decimalLongitude": 95.588925, "eventDate": "2020-09-18T12:41:00Z", "countryCode": "IN" }, "geometry": { "type": "Point", "coordinates": [ 95.588925, 27.25635 ] } },
{ "type": "Feature", "properties": { "decimalLatitude": 27.260867, "decimalLongitude": 95.607277, "eventDate": "2020-09-18T14:29:00Z", "countryCode": "IN" }, "geometry": { "type": "Point", "coordinates": [ 95.607277, 27.260867 ] } },
{ "type": "Feature", "properties": { "decimalLatitude": 1.361879, "decimalLongitude": 103.775315, "eventDate": "2020-09-22T11:02:00Z", "countryCode": "SG" }, "geometry": { "type": "Point", "coordinates": [ 103.775315, 1.361879 ] } },
{ "type": "Feature", "properties": { "decimalLatitude": 22.222757, "decimalLongitude": 113.914642, "eventDate": "2020-09-23T19:54:47Z", "countryCode": "HK" }, "geometry": { "type": "Point", "coordinates": [ 113.914642, 22.222757 ] } },
{ "type": "Feature", "properties": { "decimalLatitude": 1.361879, "decimalLongitude": 103.775315, "eventDate": "2020-09-22T11:03:00Z", "countryCode": "SG" }, "geometry": { "type": "Point", "coordinates": [ 103.775315, 1.361879 ] } },
{ "type": "Feature", "properties": { "decimalLatitude": 27.447015, "decimalLongitude": 95.578292, "eventDate": "2020-09-19T08:55:00Z", "countryCode": "IN" }, "geometry": { "type": "Point", "coordinates": [ 95.578292, 27.447015 ] } },
{ "type": "Feature", "properties": { "decimalLatitude": 27.446998, "decimalLongitude": 95.578273, "eventDate": "2020-09-19T08:55:00Z", "countryCode": "IN" }, "geometry": { "type": "Point", "coordinates": [ 95.578273, 27.446998 ] } },
{ "type": "Feature", "properties": { "decimalLatitude": 27.446962, "decimalLongitude": 95.578265, "eventDate": "2020-09-19T08:55:00Z", "countryCode": "IN" }, "geometry": { "type": "Point", "coordinates": [ 95.578265, 27.446962 ] } },
{ "type": "Feature", "properties": { "decimalLatitude": 27.44698, "decimalLongitude": 95.5783, "eventDate": "2020-09-19T08:54:00Z", "countryCode": "IN" }, "geometry": { "type": "Point", "coordinates": [ 95.5783, 27.44698 ] } },
{ "type": "Feature", "properties": { "decimalLatitude": 22.433193, "decimalLongitude": 114.117203, "eventDate": "2020-09-26T12:29:14Z", "countryCode": "HK" }, "geometry": { "type": "Point", "coordinates": [ 114.117203, 22.433193 ] } },
{ "type": "Feature", "properties": { "decimalLatitude": 1.357385, "decimalLongitude": 103.804383, "eventDate": "2020-09-27T12:31:00Z", "countryCode": "SG" }, "geometry": { "type": "Point", "coordinates": [ 103.804383, 1.357385 ] } },
{ "type": "Feature", "properties": { "decimalLatitude": 22.243238, "decimalLongitude": 113.852467, "eventDate": "2020-09-16T12:05:00Z", "countryCode": "HK" }, "geometry": { "type": "Point", "coordinates": [ 113.852467, 22.243238 ] } },
{ "type": "Feature", "properties": { "decimalLatitude": 22.228815, "decimalLongitude": 113.934101, "eventDate": "2020-09-26T13:31:20Z", "countryCode": "HK" }, "geometry": { "type": "Point", "coordinates": [ 113.934101, 22.228815 ] } },
{ "type": "Feature", "properties": { "decimalLatitude": 22.521748, "decimalLongitude": 114.250606, "eventDate": "2020-09-27T00:00:00Z", "countryCode": "HK" }, "geometry": { "type": "Point", "coordinates": [ 114.250606, 22.521748 ] } },
{ "type": "Feature", "properties": { "decimalLatitude": 22.429595, "decimalLongitude": 114.121599, "eventDate": "2020-09-26T12:22:00Z", "countryCode": "HK" }, "geometry": { "type": "Point", "coordinates": [ 114.121599, 22.429595 ] } },
{ "type": "Feature", "properties": { "decimalLatitude": 27.446973, "decimalLongitude": 95.578223, "eventDate": "2020-09-19T08:56:00Z", "countryCode": "IN" }, "geometry": { "type": "Point", "coordinates": [ 95.578223, 27.446973 ] } },
{ "type": "Feature", "properties": { "decimalLatitude": 27.446973, "decimalLongitude": 95.578223, "eventDate": "2020-09-19T08:56:00Z", "countryCode": "IN" }, "geometry": { "type": "Point", "coordinates": [ 95.578223, 27.446973 ] } },
{ "type": "Feature", "properties": { "decimalLatitude": 27.446973, "decimalLongitude": 95.578223, "eventDate": "2020-09-19T08:56:00Z", "countryCode": "IN" }, "geometry": { "type": "Point", "coordinates": [ 95.578223, 27.446973 ] } },
{ "type": "Feature", "properties": { "decimalLatitude": 24.352674, "decimalLongitude": 92.344815, "eventDate": "2020-09-19T00:00:00Z", "countryCode": "IN" }, "geometry": { "type": "Point", "coordinates": [ 92.344815, 24.352674 ] } },
{ "type": "Feature", "properties": { "decimalLatitude": 1.398866, "decimalLongitude": 103.795957, "eventDate": "2020-09-19T10:20:19Z", "countryCode": "SG" }, "geometry": { "type": "Point", "coordinates": [ 103.795957, 1.398866 ] } },
{ "type": "Feature", "properties": { "decimalLatitude": 1.356237, "decimalLongitude": 103.80152, "eventDate": "2020-09-17T12:39:00Z", "countryCode": "SG" }, "geometry": { "type": "Point", "coordinates": [ 103.80152, 1.356237 ] } },
{ "type": "Feature", "properties": { "decimalLatitude": 22.292549, "decimalLongitude": 113.953494, "eventDate": "2020-09-06T13:19:00Z", "countryCode": "HK" }, "geometry": { "type": "Point", "coordinates": [ 113.953494, 22.292549 ] } },
{ "type": "Feature", "properties": { "decimalLatitude": 13.477937, "decimalLongitude": 120.820462, "eventDate": "2020-09-03T16:17:00Z", "countryCode": "PH" }, "geometry": { "type": "Point", "coordinates": [ 120.820462, 13.477937 ] } },
{ "type": "Feature", "properties": { "decimalLatitude": 13.478036, "decimalLongitude": 120.820419, "eventDate": "2020-09-08T10:23:00Z", "countryCode": "PH" }, "geometry": { "type": "Point", "coordinates": [ 120.820419, 13.478036 ] } },
{ "type": "Feature", "properties": { "decimalLatitude": 1.356237, "decimalLongitude": 103.80152, "eventDate": "2020-09-17T12:40:00Z", "countryCode": "SG" }, "geometry": { "type": "Point", "coordinates": [ 103.80152, 1.356237 ] } },
{ "type": "Feature", "properties": { "decimalLatitude": 22.414614, "decimalLongitude": 114.104811, "eventDate": "2020-10-04T09:23:00Z", "countryCode": "HK" }, "geometry": { "type": "Point", "coordinates": [ 114.104811, 22.414614 ] } },
{ "type": "Feature", "properties": { "decimalLatitude": 22.394584, "decimalLongitude": 114.178434, "eventDate": "2020-10-08T12:43:00Z", "countryCode": "HK" }, "geometry": { "type": "Point", "coordinates": [ 114.178434, 22.394584 ] } },
{ "type": "Feature", "properties": { "decimalLatitude": 1.341378, "decimalLongitude": 103.83482, "eventDate": "2020-10-07T15:21:00Z", "countryCode": "SG" }, "geometry": { "type": "Point", "coordinates": [ 103.83482, 1.341378 ] } },
{ "type": "Feature", "properties": { "decimalLatitude": 22.491913, "decimalLongitude": 114.180428, "eventDate": "2020-10-10T13:44:43Z", "countryCode": "HK" }, "geometry": { "type": "Point", "coordinates": [ 114.180428, 22.491913 ] } },
{ "type": "Feature", "properties": { "decimalLatitude": 19.404448, "decimalLongitude": 98.926136, "eventDate": "2020-10-15T11:00:24Z", "countryCode": "TH" }, "geometry": { "type": "Point", "coordinates": [ 98.926136, 19.404448 ] } },
{ "type": "Feature", "properties": { "decimalLatitude": 22.241096, "decimalLongitude": 114.150201, "eventDate": "2020-10-15T11:50:00Z", "countryCode": "HK" }, "geometry": { "type": "Point", "coordinates": [ 114.150201, 22.241096 ] } },
{ "type": "Feature", "properties": { "decimalLatitude": 26.083778, "decimalLongitude": 91.744342, "eventDate": "2020-10-17T10:47:45Z", "countryCode": "IN" }, "geometry": { "type": "Point", "coordinates": [ 91.744342, 26.083778 ] } },
{ "type": "Feature", "properties": { "decimalLatitude": 22.429571, "decimalLongitude": 114.303949, "eventDate": "2020-10-17T11:44:14Z", "countryCode": "HK" }, "geometry": { "type": "Point", "coordinates": [ 114.303949, 22.429571 ] } },
{ "type": "Feature", "properties": { "decimalLatitude": 22.477036, "decimalLongitude": 114.213465, "eventDate": "2020-10-18T11:34:00Z", "countryCode": "HK" }, "geometry": { "type": "Point", "coordinates": [ 114.213465, 22.477036 ] } },
{ "type": "Feature", "properties": { "decimalLatitude": 22.520581, "decimalLongitude": 114.215667, "eventDate": "2020-10-21T13:46:59Z", "countryCode": "HK" }, "geometry": { "type": "Point", "coordinates": [ 114.215667, 22.520581 ] } },
{ "type": "Feature", "properties": { "decimalLatitude": 22.381458, "decimalLongitude": 114.221145, "eventDate": "2020-10-21T00:00:00Z", "countryCode": "HK" }, "geometry": { "type": "Point", "coordinates": [ 114.221145, 22.381458 ] } },
{ "type": "Feature", "properties": { "decimalLatitude": 22.478154, "decimalLongitude": 114.218064, "eventDate": "2020-10-18T11:29:00Z", "countryCode": "HK" }, "geometry": { "type": "Point", "coordinates": [ 114.218064, 22.478154 ] } },
{ "type": "Feature", "properties": { "decimalLatitude": 22.525155, "decimalLongitude": 114.206173, "eventDate": "2020-10-21T13:49:33Z", "countryCode": "HK" }, "geometry": { "type": "Point", "coordinates": [ 114.206173, 22.525155 ] } },
{ "type": "Feature", "properties": { "decimalLatitude": 1.355153, "decimalLongitude": 103.797202, "eventDate": "2020-10-23T12:35:00Z", "countryCode": "SG" }, "geometry": { "type": "Point", "coordinates": [ 103.797202, 1.355153 ] } },
{ "type": "Feature", "properties": { "decimalLatitude": 1.355153, "decimalLongitude": 103.797202, "eventDate": "2020-10-23T15:09:00Z", "countryCode": "SG" }, "geometry": { "type": "Point", "coordinates": [ 103.797202, 1.355153 ] } },
{ "type": "Feature", "properties": { "decimalLatitude": 22.499584, "decimalLongitude": 114.254869, "eventDate": "2020-10-24T14:23:23Z", "countryCode": "HK" }, "geometry": { "type": "Point", "coordinates": [ 114.254869, 22.499584 ] } },
{ "type": "Feature", "properties": { "decimalLatitude": 1.35983, "decimalLongitude": 103.777494, "eventDate": "2020-10-25T08:06:00Z", "countryCode": "SG" }, "geometry": { "type": "Point", "coordinates": [ 103.777494, 1.35983 ] } },
{ "type": "Feature", "properties": { "decimalLatitude": 1.399046, "decimalLongitude": 103.805317, "eventDate": "2020-10-25T10:03:00Z", "countryCode": "SG" }, "geometry": { "type": "Point", "coordinates": [ 103.805317, 1.399046 ] } },
{ "type": "Feature", "properties": { "decimalLatitude": 22.394329, "decimalLongitude": 114.198907, "eventDate": "2020-10-31T14:03:35Z", "countryCode": "HK" }, "geometry": { "type": "Point", "coordinates": [ 114.198907, 22.394329 ] } },
{ "type": "Feature", "properties": { "decimalLatitude": 1.343909, "decimalLongitude": 103.824081, "eventDate": "2020-10-30T11:13:00Z", "countryCode": "SG" }, "geometry": { "type": "Point", "coordinates": [ 103.824081, 1.343909 ] } },
{ "type": "Feature", "properties": { "decimalLatitude": 22.315177, "decimalLongitude": 114.277665, "eventDate": "2020-10-26T15:02:00Z", "countryCode": "HK" }, "geometry": { "type": "Point", "coordinates": [ 114.277665, 22.315177 ] } },
{ "type": "Feature", "properties": { "decimalLatitude": 22.545003, "decimalLongitude": 114.574403, "eventDate": "2020-10-24T10:52:00Z", "countryCode": "CN" }, "geometry": { "type": "Point", "coordinates": [ 114.574403, 22.545003 ] } },
{ "type": "Feature", "properties": { "decimalLatitude": 20.794585, "decimalLongitude": 106.987278, "eventDate": "2020-10-04T13:44:00Z", "countryCode": "VN" }, "geometry": { "type": "Point", "coordinates": [ 106.987278, 20.794585 ] } },
{ "type": "Feature", "properties": { "decimalLatitude": 19.596777, "decimalLongitude": 98.944301, "eventDate": "2020-10-15T10:58:06Z", "countryCode": "TH" }, "geometry": { "type": "Point", "coordinates": [ 98.944301, 19.596777 ] } },
{ "type": "Feature", "properties": { "decimalLatitude": 19.596777, "decimalLongitude": 98.944301, "eventDate": "2020-10-15T11:12:53Z", "countryCode": "TH" }, "geometry": { "type": "Point", "coordinates": [ 98.944301, 19.596777 ] } },
{ "type": "Feature", "properties": { "decimalLatitude": 22.381458, "decimalLongitude": 114.221145, "eventDate": "2020-11-02T00:00:00Z", "countryCode": "HK" }, "geometry": { "type": "Point", "coordinates": [ 114.221145, 22.381458 ] } },
{ "type": "Feature", "properties": { "decimalLatitude": 22.274557, "decimalLongitude": 114.176256, "eventDate": "2020-11-09T12:31:20Z", "countryCode": "HK" }, "geometry": { "type": "Point", "coordinates": [ 114.176256, 22.274557 ] } },
{ "type": "Feature", "properties": { "decimalLatitude": 1.361879, "decimalLongitude": 103.775315, "eventDate": "2020-11-13T20:32:00Z", "countryCode": "SG" }, "geometry": { "type": "Point", "coordinates": [ 103.775315, 1.361879 ] } },
{ "type": "Feature", "properties": { "decimalLatitude": 5.465118, "decimalLongitude": 100.28221, "eventDate": "2020-11-18T21:39:00Z", "countryCode": "MY" }, "geometry": { "type": "Point", "coordinates": [ 100.28221, 5.465118 ] } },
{ "type": "Feature", "properties": { "decimalLatitude": 22.496048, "decimalLongitude": 114.169188, "eventDate": "2020-11-23T09:12:00Z", "countryCode": "HK" }, "geometry": { "type": "Point", "coordinates": [ 114.169188, 22.496048 ] } },
{ "type": "Feature", "properties": { "decimalLatitude": 22.408509, "decimalLongitude": 114.298971, "eventDate": "2020-11-22T12:05:50Z", "countryCode": "HK" }, "geometry": { "type": "Point", "coordinates": [ 114.298971, 22.408509 ] } },
{ "type": "Feature", "properties": { "decimalLatitude": 22.381458, "decimalLongitude": 114.221145, "eventDate": "2020-11-25T00:00:00Z", "countryCode": "HK" }, "geometry": { "type": "Point", "coordinates": [ 114.221145, 22.381458 ] } },
{ "type": "Feature", "properties": { "decimalLatitude": 22.483841, "decimalLongitude": 114.061369, "eventDate": "2020-11-02T11:14:00Z", "countryCode": "HK" }, "geometry": { "type": "Point", "coordinates": [ 114.061369, 22.483841 ] } },
{ "type": "Feature", "properties": { "decimalLatitude": 1.395024, "decimalLongitude": 103.803621, "eventDate": "2020-11-22T08:35:00Z", "countryCode": "SG" }, "geometry": { "type": "Point", "coordinates": [ 103.803621, 1.395024 ] } },
{ "type": "Feature", "properties": { "decimalLatitude": 22.315177, "decimalLongitude": 114.277665, "eventDate": "2020-11-20T13:31:00Z", "countryCode": "HK" }, "geometry": { "type": "Point", "coordinates": [ 114.277665, 22.315177 ] } },
{ "type": "Feature", "properties": { "decimalLatitude": 22.315177, "decimalLongitude": 114.277665, "eventDate": "2020-11-27T14:36:00Z", "countryCode": "HK" }, "geometry": { "type": "Point", "coordinates": [ 114.277665, 22.315177 ] } },
{ "type": "Feature", "properties": { "decimalLatitude": 22.404661, "decimalLongitude": 113.958614, "eventDate": "2020-11-06T15:04:00Z", "countryCode": "HK" }, "geometry": { "type": "Point", "coordinates": [ 113.958614, 22.404661 ] } },
{ "type": "Feature", "properties": { "decimalLatitude": 22.404661, "decimalLongitude": 113.958614, "eventDate": "2020-11-06T14:35:00Z", "countryCode": "HK" }, "geometry": { "type": "Point", "coordinates": [ 113.958614, 22.404661 ] } },
{ "type": "Feature", "properties": { "decimalLatitude": 22.510194, "decimalLongitude": 114.266548, "eventDate": "2020-11-06T13:34:00Z", "countryCode": "HK" }, "geometry": { "type": "Point", "coordinates": [ 114.266548, 22.510194 ] } },
{ "type": "Feature", "properties": { "decimalLatitude": 22.510194, "decimalLongitude": 114.266548, "eventDate": "2020-11-06T13:35:00Z", "countryCode": "HK" }, "geometry": { "type": "Point", "coordinates": [ 114.266548, 22.510194 ] } },
{ "type": "Feature", "properties": { "decimalLatitude": 22.510194, "decimalLongitude": 114.266548, "eventDate": "2020-11-06T13:48:00Z", "countryCode": "HK" }, "geometry": { "type": "Point", "coordinates": [ 114.266548, 22.510194 ] } },
{ "type": "Feature", "properties": { "decimalLatitude": 22.504847, "decimalLongitude": 114.269203, "eventDate": "2020-11-06T12:43:00Z", "countryCode": "HK" }, "geometry": { "type": "Point", "coordinates": [ 114.269203, 22.504847 ] } },
{ "type": "Feature", "properties": { "decimalLatitude": 1.363813, "decimalLongitude": 103.776572, "eventDate": "2020-11-28T16:32:00Z", "countryCode": "SG" }, "geometry": { "type": "Point", "coordinates": [ 103.776572, 1.363813 ] } },
{ "type": "Feature", "properties": { "decimalLatitude": 1.359817, "decimalLongitude": 103.826669, "eventDate": "2020-11-16T10:39:00Z", "countryCode": "SG" }, "geometry": { "type": "Point", "coordinates": [ 103.826669, 1.359817 ] } },
{ "type": "Feature", "properties": { "decimalLatitude": 21.871374, "decimalLongitude": 101.324296, "eventDate": "2020-11-19T16:38:00Z", "countryCode": "CN" }, "geometry": { "type": "Point", "coordinates": [ 101.324296, 21.871374 ] } },
{ "type": "Feature", "properties": { "decimalLatitude": 1.348872, "decimalLongitude": 103.776162, "eventDate": "2020-11-02T13:06:00Z", "countryCode": "SG" }, "geometry": { "type": "Point", "coordinates": [ 103.776162, 1.348872 ] } },
{ "type": "Feature", "properties": { "decimalLatitude": 1.398866, "decimalLongitude": 103.795957, "eventDate": "2020-12-08T10:28:11Z", "countryCode": "SG" }, "geometry": { "type": "Point", "coordinates": [ 103.795957, 1.398866 ] } },
{ "type": "Feature", "properties": { "decimalLatitude": 22.315177, "decimalLongitude": 114.277665, "eventDate": "2020-12-02T14:31:00Z", "countryCode": "HK" }, "geometry": { "type": "Point", "coordinates": [ 114.277665, 22.315177 ] } },
{ "type": "Feature", "properties": { "decimalLatitude": 22.413756, "decimalLongitude": 114.07272, "eventDate": "2020-12-06T15:10:30Z", "countryCode": "HK" }, "geometry": { "type": "Point", "coordinates": [ 114.07272, 22.413756 ] } },
{ "type": "Feature", "properties": { "decimalLatitude": 22.217913, "decimalLongitude": 114.213403, "eventDate": "2020-12-16T09:43:53Z", "countryCode": "HK" }, "geometry": { "type": "Point", "coordinates": [ 114.213403, 22.217913 ] } },
{ "type": "Feature", "properties": { "decimalLatitude": 1.345406, "decimalLongitude": 103.823082, "eventDate": "2020-12-08T00:00:00Z", "countryCode": "SG" }, "geometry": { "type": "Point", "coordinates": [ 103.823082, 1.345406 ] } },
{ "type": "Feature", "properties": { "decimalLatitude": 1.356237, "decimalLongitude": 103.80152, "eventDate": "2020-12-23T12:44:00Z", "countryCode": "SG" }, "geometry": { "type": "Point", "coordinates": [ 103.80152, 1.356237 ] } },
{ "type": "Feature", "properties": { "decimalLatitude": 14.184271, "decimalLongitude": 101.597987, "eventDate": "2020-12-06T08:36:00Z", "countryCode": "TH" }, "geometry": { "type": "Point", "coordinates": [ 101.597987, 14.184271 ] } },
{ "type": "Feature", "properties": { "decimalLatitude": 19.198675, "decimalLongitude": 101.080227, "eventDate": "2020-12-22T13:16:00Z", "countryCode": "TH" }, "geometry": { "type": "Point", "coordinates": [ 101.080227, 19.198675 ] } },
{ "type": "Feature", "properties": { "decimalLatitude": 18.723076, "decimalLongitude": 98.821566, "eventDate": "2020-12-28T12:07:00Z", "countryCode": "TH" }, "geometry": { "type": "Point", "coordinates": [ 98.821566, 18.723076 ] } },
{ "type": "Feature", "properties": { "decimalLatitude": 18.723076, "decimalLongitude": 98.821566, "eventDate": "2020-12-28T12:02:10Z", "countryCode": "TH" }, "geometry": { "type": "Point", "coordinates": [ 98.821566, 18.723076 ] } },
{ "type": "Feature", "properties": { "decimalLatitude": 1.400879, "decimalLongitude": 103.807041, "eventDate": "2021-01-05T11:30:00Z", "countryCode": "SG" }, "geometry": { "type": "Point", "coordinates": [ 103.807041, 1.400879 ] } },
{ "type": "Feature", "properties": { "decimalLatitude": 5.465118, "decimalLongitude": 100.28221, "eventDate": "2021-01-11T21:17:00Z", "countryCode": "MY" }, "geometry": { "type": "Point", "coordinates": [ 100.28221, 5.465118 ] } },
{ "type": "Feature", "properties": { "decimalLatitude": 1.385398, "decimalLongitude": 103.82101, "eventDate": "2021-01-17T16:17:00Z", "countryCode": "SG" }, "geometry": { "type": "Point", "coordinates": [ 103.82101, 1.385398 ] } },
{ "type": "Feature", "properties": { "decimalLatitude": 1.385398, "decimalLongitude": 103.82101, "eventDate": "2021-01-17T12:32:00Z", "countryCode": "SG" }, "geometry": { "type": "Point", "coordinates": [ 103.82101, 1.385398 ] } },
{ "type": "Feature", "properties": { "decimalLatitude": 5.971956, "decimalLongitude": 116.199869, "eventDate": "2021-01-26T09:14:00Z", "countryCode": "MY" }, "geometry": { "type": "Point", "coordinates": [ 116.199869, 5.971956 ] } },
{ "type": "Feature", "properties": { "decimalLatitude": 5.465118, "decimalLongitude": 100.28221, "eventDate": "2021-01-20T19:39:00Z", "countryCode": "MY" }, "geometry": { "type": "Point", "coordinates": [ 100.28221, 5.465118 ] } },
{ "type": "Feature", "properties": { "decimalLatitude": 1.385398, "decimalLongitude": 103.82101, "eventDate": "2021-01-17T12:42:28Z", "countryCode": "SG" }, "geometry": { "type": "Point", "coordinates": [ 103.82101, 1.385398 ] } },
{ "type": "Feature", "properties": { "decimalLatitude": 22.383666, "decimalLongitude": 114.197024, "eventDate": "2021-02-01T00:00:00Z", "countryCode": "HK" }, "geometry": { "type": "Point", "coordinates": [ 114.197024, 22.383666 ] } },
{ "type": "Feature", "properties": { "decimalLatitude": 1.356237, "decimalLongitude": 103.80152, "eventDate": "2021-02-24T13:10:00Z", "countryCode": "SG" }, "geometry": { "type": "Point", "coordinates": [ 103.80152, 1.356237 ] } },
{ "type": "Feature", "properties": { "decimalLatitude": 1.356237, "decimalLongitude": 103.80152, "eventDate": "2021-02-16T14:16:00Z", "countryCode": "SG" }, "geometry": { "type": "Point", "coordinates": [ 103.80152, 1.356237 ] } },
{ "type": "Feature", "properties": { "decimalLatitude": 1.381492, "decimalLongitude": 103.82227, "eventDate": "2021-02-20T14:53:00Z", "countryCode": "SG" }, "geometry": { "type": "Point", "coordinates": [ 103.82227, 1.381492 ] } },
{ "type": "Feature", "properties": { "decimalLatitude": 1.398978, "decimalLongitude": 103.806736, "eventDate": "2021-02-14T12:06:00Z", "countryCode": "SG" }, "geometry": { "type": "Point", "coordinates": [ 103.806736, 1.398978 ] } },
{ "type": "Feature", "properties": { "decimalLatitude": 1.398979, "decimalLongitude": 103.806786, "eventDate": "2021-02-14T12:03:00Z", "countryCode": "SG" }, "geometry": { "type": "Point", "coordinates": [ 103.806786, 1.398979 ] } },
{ "type": "Feature", "properties": { "decimalLatitude": 1.356237, "decimalLongitude": 103.80152, "eventDate": "2021-02-05T15:13:00Z", "countryCode": "SG" }, "geometry": { "type": "Point", "coordinates": [ 103.80152, 1.356237 ] } },
{ "type": "Feature", "properties": { "decimalLatitude": 1.335892, "decimalLongitude": 103.818458, "eventDate": "2021-02-28T11:52:16Z", "countryCode": "SG" }, "geometry": { "type": "Point", "coordinates": [ 103.818458, 1.335892 ] } },
{ "type": "Feature", "properties": { "decimalLatitude": 1.356237, "decimalLongitude": 103.80152, "eventDate": "2021-02-05T15:20:00Z", "countryCode": "SG" }, "geometry": { "type": "Point", "coordinates": [ 103.80152, 1.356237 ] } },
{ "type": "Feature", "properties": { "decimalLatitude": 1.364018, "decimalLongitude": 103.776397, "eventDate": "2021-02-20T12:27:00Z", "countryCode": "SG" }, "geometry": { "type": "Point", "coordinates": [ 103.776397, 1.364018 ] } },
{ "type": "Feature", "properties": { "decimalLatitude": 18.812259, "decimalLongitude": 98.941641, "eventDate": "2021-02-06T11:38:17Z", "countryCode": "TH" }, "geometry": { "type": "Point", "coordinates": [ 98.941641, 18.812259 ] } },
{ "type": "Feature", "properties": { "decimalLatitude": 22.220475, "decimalLongitude": 113.918067, "eventDate": "2021-03-08T16:26:22Z", "countryCode": "HK" }, "geometry": { "type": "Point", "coordinates": [ 113.918067, 22.220475 ] } },
{ "type": "Feature", "properties": { "decimalLatitude": 18.807005, "decimalLongitude": 98.916091, "eventDate": "2021-03-09T13:27:00Z", "countryCode": "TH" }, "geometry": { "type": "Point", "coordinates": [ 98.916091, 18.807005 ] } },
{ "type": "Feature", "properties": { "decimalLatitude": 16.285428, "decimalLongitude": 99.23422, "eventDate": "2021-03-06T11:08:00Z", "countryCode": "TH" }, "geometry": { "type": "Point", "coordinates": [ 99.23422, 16.285428 ] } },
{ "type": "Feature", "properties": { "decimalLatitude": 22.305697, "decimalLongitude": 114.014191, "eventDate": "2021-03-11T11:11:19Z", "countryCode": "HK" }, "geometry": { "type": "Point", "coordinates": [ 114.014191, 22.305697 ] } },
{ "type": "Feature", "properties": { "decimalLatitude": 24.43202, "decimalLongitude": 92.330689, "eventDate": "2021-03-12T10:16:00Z", "countryCode": "IN" }, "geometry": { "type": "Point", "coordinates": [ 92.330689, 24.43202 ] } },
{ "type": "Feature", "properties": { "decimalLatitude": 22.294122, "decimalLongitude": 114.016358, "eventDate": "2021-03-13T15:37:14Z", "countryCode": "HK" }, "geometry": { "type": "Point", "coordinates": [ 114.016358, 22.294122 ] } },
{ "type": "Feature", "properties": { "decimalLatitude": 22.283738, "decimalLongitude": 114.043966, "eventDate": "2021-03-13T15:19:57Z", "countryCode": "HK" }, "geometry": { "type": "Point", "coordinates": [ 114.043966, 22.283738 ] } },
{ "type": "Feature", "properties": { "decimalLatitude": 22.266498, "decimalLongitude": 113.941751, "eventDate": "2021-03-18T13:23:00Z", "countryCode": "HK" }, "geometry": { "type": "Point", "coordinates": [ 113.941751, 22.266498 ] } },
{ "type": "Feature", "properties": { "decimalLatitude": 22.392804, "decimalLongitude": 114.149604, "eventDate": "2021-03-24T10:57:00Z", "countryCode": "HK" }, "geometry": { "type": "Point", "coordinates": [ 114.149604, 22.392804 ] } },
{ "type": "Feature", "properties": { "decimalLatitude": 22.469058, "decimalLongitude": 114.178545, "eventDate": "2021-03-21T08:58:31Z", "countryCode": "HK" }, "geometry": { "type": "Point", "coordinates": [ 114.178545, 22.469058 ] } },
{ "type": "Feature", "properties": { "decimalLatitude": 22.234713, "decimalLongitude": 113.955833, "eventDate": "2021-03-24T12:11:15Z", "countryCode": "HK" }, "geometry": { "type": "Point", "coordinates": [ 113.955833, 22.234713 ] } },
{ "type": "Feature", "properties": { "decimalLatitude": 22.442322, "decimalLongitude": 114.165506, "eventDate": "2021-03-24T13:07:00Z", "countryCode": "HK" }, "geometry": { "type": "Point", "coordinates": [ 114.165506, 22.442322 ] } },
{ "type": "Feature", "properties": { "decimalLatitude": 22.39083, "decimalLongitude": 113.972513, "eventDate": "2021-03-20T11:34:00Z", "countryCode": "HK" }, "geometry": { "type": "Point", "coordinates": [ 113.972513, 22.39083 ] } },
{ "type": "Feature", "properties": { "decimalLatitude": 22.500091, "decimalLongitude": 114.245398, "eventDate": "2021-03-20T12:38:00Z", "countryCode": "HK" }, "geometry": { "type": "Point", "coordinates": [ 114.245398, 22.500091 ] } },
{ "type": "Feature", "properties": { "decimalLatitude": 22.503539, "decimalLongitude": 114.239599, "eventDate": "2021-03-27T16:28:00Z", "countryCode": "HK" }, "geometry": { "type": "Point", "coordinates": [ 114.239599, 22.503539 ] } },
{ "type": "Feature", "properties": { "decimalLatitude": 22.39083, "decimalLongitude": 113.972513, "eventDate": "2021-03-25T10:12:00Z", "countryCode": "HK" }, "geometry": { "type": "Point", "coordinates": [ 113.972513, 22.39083 ] } },
{ "type": "Feature", "properties": { "decimalLatitude": 22.354656, "decimalLongitude": 114.360573, "eventDate": "2021-03-27T15:44:25Z", "countryCode": "HK" }, "geometry": { "type": "Point", "coordinates": [ 114.360573, 22.354656 ] } },
{ "type": "Feature", "properties": { "decimalLatitude": 22.253969, "decimalLongitude": 114.159306, "eventDate": "2021-03-29T16:08:00Z", "countryCode": "HK" }, "geometry": { "type": "Point", "coordinates": [ 114.159306, 22.253969 ] } },
{ "type": "Feature", "properties": { "decimalLatitude": 22.424294, "decimalLongitude": 114.231053, "eventDate": "2021-03-26T13:00:20Z", "countryCode": "HK" }, "geometry": { "type": "Point", "coordinates": [ 114.231053, 22.424294 ] } },
{ "type": "Feature", "properties": { "decimalLatitude": 22.391597, "decimalLongitude": 114.147297, "eventDate": "2021-03-30T07:59:16Z", "countryCode": "HK" }, "geometry": { "type": "Point", "coordinates": [ 114.147297, 22.391597 ] } },
{ "type": "Feature", "properties": { "decimalLatitude": 22.37475, "decimalLongitude": 114.265453, "eventDate": "2021-03-31T15:30:10Z", "countryCode": "HK" }, "geometry": { "type": "Point", "coordinates": [ 114.265453, 22.37475 ] } },
{ "type": "Feature", "properties": { "decimalLatitude": 22.253969, "decimalLongitude": 114.159306, "eventDate": "2021-03-29T15:24:00Z", "countryCode": "HK" }, "geometry": { "type": "Point", "coordinates": [ 114.159306, 22.253969 ] } },
{ "type": "Feature", "properties": { "decimalLatitude": 22.374475, "decimalLongitude": 114.265165, "eventDate": "2021-03-31T15:44:15Z", "countryCode": "HK" }, "geometry": { "type": "Point", "coordinates": [ 114.265165, 22.374475 ] } },
{ "type": "Feature", "properties": { "decimalLatitude": 22.3364, "decimalLongitude": 114.265466, "eventDate": "2021-03-29T15:49:00Z", "countryCode": "HK" }, "geometry": { "type": "Point", "coordinates": [ 114.265466, 22.3364 ] } },
{ "type": "Feature", "properties": { "decimalLatitude": 22.505434, "decimalLongitude": 114.241891, "eventDate": "2021-03-20T10:08:00Z", "countryCode": "HK" }, "geometry": { "type": "Point", "coordinates": [ 114.241891, 22.505434 ] } },
{ "type": "Feature", "properties": { "decimalLatitude": 22.24201, "decimalLongitude": 114.217806, "eventDate": "2021-03-27T12:46:41Z", "countryCode": "HK" }, "geometry": { "type": "Point", "coordinates": [ 114.217806, 22.24201 ] } },
{ "type": "Feature", "properties": { "decimalLatitude": 1.36067, "decimalLongitude": 103.777725, "eventDate": "2021-03-28T14:33:00Z", "countryCode": "SG" }, "geometry": { "type": "Point", "coordinates": [ 103.777725, 1.36067 ] } },
{ "type": "Feature", "properties": { "decimalLatitude": 22.234645, "decimalLongitude": 113.955697, "eventDate": "2021-03-28T14:08:13Z", "countryCode": "HK" }, "geometry": { "type": "Point", "coordinates": [ 113.955697, 22.234645 ] } },
{ "type": "Feature", "properties": { "decimalLatitude": 22.234551, "decimalLongitude": 113.955686, "eventDate": "2021-03-27T11:49:04Z", "countryCode": "HK" }, "geometry": { "type": "Point", "coordinates": [ 113.955686, 22.234551 ] } },
{ "type": "Feature", "properties": { "decimalLatitude": 22.420219, "decimalLongitude": 114.262218, "eventDate": "2021-03-28T09:04:26Z", "countryCode": "HK" }, "geometry": { "type": "Point", "coordinates": [ 114.262218, 22.420219 ] } },
{ "type": "Feature", "properties": { "decimalLatitude": 22.52707, "decimalLongitude": 114.260911, "eventDate": "2021-03-26T16:29:00Z", "countryCode": "HK" }, "geometry": { "type": "Point", "coordinates": [ 114.260911, 22.52707 ] } },
{ "type": "Feature", "properties": { "decimalLatitude": 22.402187, "decimalLongitude": 114.226094, "eventDate": "2021-03-29T13:09:00Z", "countryCode": "HK" }, "geometry": { "type": "Point", "coordinates": [ 114.226094, 22.402187 ] } },
{ "type": "Feature", "properties": { "decimalLatitude": 22.277297, "decimalLongitude": 114.122743, "eventDate": "2021-03-17T11:00:00Z", "countryCode": "HK" }, "geometry": { "type": "Point", "coordinates": [ 114.122743, 22.277297 ] } },
{ "type": "Feature", "properties": { "decimalLatitude": 22.373972, "decimalLongitude": 114.262807, "eventDate": "2021-03-31T16:40:55Z", "countryCode": "HK" }, "geometry": { "type": "Point", "coordinates": [ 114.262807, 22.373972 ] } },
{ "type": "Feature", "properties": { "decimalLatitude": 22.386043, "decimalLongitude": 114.147259, "eventDate": "2021-03-28T17:16:46Z", "countryCode": "HK" }, "geometry": { "type": "Point", "coordinates": [ 114.147259, 22.386043 ] } },
{ "type": "Feature", "properties": { "decimalLatitude": 22.449126, "decimalLongitude": 114.337909, "eventDate": "2021-03-28T00:00:00Z", "countryCode": "HK" }, "geometry": { "type": "Point", "coordinates": [ 114.337909, 22.449126 ] } },
{ "type": "Feature", "properties": { "decimalLatitude": 22.252365, "decimalLongitude": 113.866119, "eventDate": "2021-03-22T14:00:56Z", "countryCode": "HK" }, "geometry": { "type": "Point", "coordinates": [ 113.866119, 22.252365 ] } },
{ "type": "Feature", "properties": { "decimalLatitude": 22.226413, "decimalLongitude": 114.008517, "eventDate": "2021-03-26T13:29:21Z", "countryCode": "HK" }, "geometry": { "type": "Point", "coordinates": [ 114.008517, 22.226413 ] } },
{ "type": "Feature", "properties": { "decimalLatitude": 21.918935, "decimalLongitude": 101.274888, "eventDate": "2021-03-24T13:02:00Z", "countryCode": "CN" }, "geometry": { "type": "Point", "coordinates": [ 101.274888, 21.918935 ] } },
{ "type": "Feature", "properties": { "decimalLatitude": 27.394021, "decimalLongitude": 95.606825, "eventDate": "2021-03-03T16:30:55Z", "countryCode": "IN" }, "geometry": { "type": "Point", "coordinates": [ 95.606825, 27.394021 ] } },
{ "type": "Feature", "properties": { "decimalLatitude": 22.460438, "decimalLongitude": 114.328908, "eventDate": "2021-03-28T00:00:00Z", "countryCode": "HK" }, "geometry": { "type": "Point", "coordinates": [ 114.328908, 22.460438 ] } },
{ "type": "Feature", "properties": { "decimalLatitude": 22.581611, "decimalLongitude": 114.205166, "eventDate": "2021-03-19T15:18:00Z", "countryCode": "CN" }, "geometry": { "type": "Point", "coordinates": [ 114.205166, 22.581611 ] } },
{ "type": "Feature", "properties": { "decimalLatitude": 22.442328, "decimalLongitude": 114.165502, "eventDate": "2021-03-27T09:43:00Z", "countryCode": "HK" }, "geometry": { "type": "Point", "coordinates": [ 114.165502, 22.442328 ] } },
{ "type": "Feature", "properties": { "decimalLatitude": 22.507137, "decimalLongitude": 114.240482, "eventDate": "2021-03-16T00:00:00Z", "countryCode": "HK" }, "geometry": { "type": "Point", "coordinates": [ 114.240482, 22.507137 ] } },
{ "type": "Feature", "properties": { "decimalLatitude": 18.810321, "decimalLongitude": 98.947228, "eventDate": "2021-03-26T14:07:00Z", "countryCode": "TH" }, "geometry": { "type": "Point", "coordinates": [ 98.947228, 18.810321 ] } },
{ "type": "Feature", "properties": { "decimalLatitude": 22.16829, "decimalLongitude": 92.223799, "eventDate": "2021-03-27T16:09:00Z", "countryCode": "BD" }, "geometry": { "type": "Point", "coordinates": [ 92.223799, 22.16829 ] } },
{ "type": "Feature", "properties": { "decimalLatitude": 1.842391, "decimalLongitude": 102.968111, "eventDate": "2021-03-21T09:48:00Z", "countryCode": "MY" }, "geometry": { "type": "Point", "coordinates": [ 102.968111, 1.842391 ] } },
{ "type": "Feature", "properties": { "decimalLatitude": 5.339694, "decimalLongitude": 100.483041, "eventDate": "2021-03-19T17:26:17Z", "countryCode": "MY" }, "geometry": { "type": "Point", "coordinates": [ 100.483041, 5.339694 ] } },
{ "type": "Feature", "properties": { "decimalLatitude": 2.304802, "decimalLongitude": 102.123816, "eventDate": "2021-03-06T11:08:57Z", "countryCode": "MY" }, "geometry": { "type": "Point", "coordinates": [ 102.123816, 2.304802 ] } },
{ "type": "Feature", "properties": { "decimalLatitude": 22.520327, "decimalLongitude": 114.214866, "eventDate": "2021-03-28T11:00:00Z", "countryCode": "HK" }, "geometry": { "type": "Point", "coordinates": [ 114.214866, 22.520327 ] } },
{ "type": "Feature", "properties": { "decimalLatitude": 22.420337, "decimalLongitude": 114.144292, "eventDate": "2021-03-19T14:27:15Z", "countryCode": "HK" }, "geometry": { "type": "Point", "coordinates": [ 114.144292, 22.420337 ] } },
{ "type": "Feature", "properties": { "decimalLatitude": 22.258326, "decimalLongitude": 113.982474, "eventDate": "2021-04-03T16:38:00Z", "countryCode": "HK" }, "geometry": { "type": "Point", "coordinates": [ 113.982474, 22.258326 ] } },
{ "type": "Feature", "properties": { "decimalLatitude": 22.244756, "decimalLongitude": 114.175449, "eventDate": "2021-04-02T13:23:00Z", "countryCode": "HK" }, "geometry": { "type": "Point", "coordinates": [ 114.175449, 22.244756 ] } },
{ "type": "Feature", "properties": { "decimalLatitude": 22.151179, "decimalLongitude": 114.149675, "eventDate": "2021-04-04T21:14:11Z", "countryCode": "HK" }, "geometry": { "type": "Point", "coordinates": [ 114.149675, 22.151179 ] } },
{ "type": "Feature", "properties": { "decimalLatitude": 22.138009, "decimalLongitude": 114.159712, "eventDate": "2021-04-01T17:15:28Z", "countryCode": "HK" }, "geometry": { "type": "Point", "coordinates": [ 114.159712, 22.138009 ] } },
{ "type": "Feature", "properties": { "decimalLatitude": 22.280505, "decimalLongitude": 113.927567, "eventDate": "2021-04-07T13:53:14Z", "countryCode": "HK" }, "geometry": { "type": "Point", "coordinates": [ 113.927567, 22.280505 ] } },
{ "type": "Feature", "properties": { "decimalLatitude": 22.234539, "decimalLongitude": 113.955762, "eventDate": "2021-04-06T20:01:24Z", "countryCode": "HK" }, "geometry": { "type": "Point", "coordinates": [ 113.955762, 22.234539 ] } },
{ "type": "Feature", "properties": { "decimalLatitude": 22.270424, "decimalLongitude": 114.181819, "eventDate": "2021-04-04T10:27:00Z", "countryCode": "HK" }, "geometry": { "type": "Point", "coordinates": [ 114.181819, 22.270424 ] } },
{ "type": "Feature", "properties": { "decimalLatitude": 22.319012, "decimalLongitude": 114.227133, "eventDate": "2021-04-11T10:51:17Z", "countryCode": "HK" }, "geometry": { "type": "Point", "coordinates": [ 114.227133, 22.319012 ] } },
{ "type": "Feature", "properties": { "decimalLatitude": 22.342899, "decimalLongitude": 114.198128, "eventDate": "2021-04-10T14:54:46Z", "countryCode": "HK" }, "geometry": { "type": "Point", "coordinates": [ 114.198128, 22.342899 ] } },
{ "type": "Feature", "properties": { "decimalLatitude": 22.431122, "decimalLongitude": 114.185995, "eventDate": "2021-04-11T10:05:00Z", "countryCode": "HK" }, "geometry": { "type": "Point", "coordinates": [ 114.185995, 22.431122 ] } },
{ "type": "Feature", "properties": { "decimalLatitude": 22.425103, "decimalLongitude": 114.181422, "eventDate": "2021-04-11T11:14:13Z", "countryCode": "HK" }, "geometry": { "type": "Point", "coordinates": [ 114.181422, 22.425103 ] } },
{ "type": "Feature", "properties": { "decimalLatitude": 22.531113, "decimalLongitude": 114.155331, "eventDate": "2021-04-11T15:03:00Z", "countryCode": "HK" }, "geometry": { "type": "Point", "coordinates": [ 114.155331, 22.531113 ] } },
{ "type": "Feature", "properties": { "decimalLatitude": 22.3932, "decimalLongitude": 114.110817, "eventDate": "2021-04-11T11:01:00Z", "countryCode": "HK" }, "geometry": { "type": "Point", "coordinates": [ 114.110817, 22.3932 ] } },
{ "type": "Feature", "properties": { "decimalLatitude": 22.27878, "decimalLongitude": 114.213123, "eventDate": "2021-04-14T08:09:00Z", "countryCode": "HK" }, "geometry": { "type": "Point", "coordinates": [ 114.213123, 22.27878 ] } },
{ "type": "Feature", "properties": { "decimalLatitude": 22.372653, "decimalLongitude": 114.266778, "eventDate": "2021-04-11T12:34:46Z", "countryCode": "HK" }, "geometry": { "type": "Point", "coordinates": [ 114.266778, 22.372653 ] } },
{ "type": "Feature", "properties": { "decimalLatitude": 22.274399, "decimalLongitude": 114.117734, "eventDate": "2021-04-19T17:29:41Z", "countryCode": "HK" }, "geometry": { "type": "Point", "coordinates": [ 114.117734, 22.274399 ] } },
{ "type": "Feature", "properties": { "decimalLatitude": 22.489698, "decimalLongitude": 114.10661, "eventDate": "2021-04-15T21:27:12Z", "countryCode": "HK" }, "geometry": { "type": "Point", "coordinates": [ 114.10661, 22.489698 ] } },
{ "type": "Feature", "properties": { "decimalLatitude": 22.467868, "decimalLongitude": 114.182211, "eventDate": "2021-04-15T10:25:00Z", "countryCode": "HK" }, "geometry": { "type": "Point", "coordinates": [ 114.182211, 22.467868 ] } },
{ "type": "Feature", "properties": { "decimalLatitude": 22.469123, "decimalLongitude": 114.181524, "eventDate": "2021-04-15T10:20:00Z", "countryCode": "HK" }, "geometry": { "type": "Point", "coordinates": [ 114.181524, 22.469123 ] } },
{ "type": "Feature", "properties": { "decimalLatitude": 22.374978, "decimalLongitude": 114.125889, "eventDate": "2021-04-17T14:54:02Z", "countryCode": "HK" }, "geometry": { "type": "Point", "coordinates": [ 114.125889, 22.374978 ] } },
{ "type": "Feature", "properties": { "decimalLatitude": 22.22011, "decimalLongitude": 113.914322, "eventDate": "2021-04-11T11:01:00Z", "countryCode": "HK" }, "geometry": { "type": "Point", "coordinates": [ 113.914322, 22.22011 ] } },
{ "type": "Feature", "properties": { "decimalLatitude": 22.39083, "decimalLongitude": 113.972513, "eventDate": "2021-04-19T13:15:00Z", "countryCode": "HK" }, "geometry": { "type": "Point", "coordinates": [ 113.972513, 22.39083 ] } },
{ "type": "Feature", "properties": { "decimalLatitude": 22.351349, "decimalLongitude": 114.205612, "eventDate": "2021-04-18T15:23:13Z", "countryCode": "HK" }, "geometry": { "type": "Point", "coordinates": [ 114.205612, 22.351349 ] } },
{ "type": "Feature", "properties": { "decimalLatitude": 22.391553, "decimalLongitude": 114.1473, "eventDate": "2021-04-18T13:13:00Z", "countryCode": "HK" }, "geometry": { "type": "Point", "coordinates": [ 114.1473, 22.391553 ] } },
{ "type": "Feature", "properties": { "decimalLatitude": 22.374702, "decimalLongitude": 114.264688, "eventDate": "2021-04-21T15:48:37Z", "countryCode": "HK" }, "geometry": { "type": "Point", "coordinates": [ 114.264688, 22.374702 ] } },
{ "type": "Feature", "properties": { "decimalLatitude": 22.2743, "decimalLongitude": 114.118264, "eventDate": "2021-04-18T16:45:53Z", "countryCode": "HK" }, "geometry": { "type": "Point", "coordinates": [ 114.118264, 22.2743 ] } },
{ "type": "Feature", "properties": { "decimalLatitude": 22.524415, "decimalLongitude": 114.252961, "eventDate": "2021-04-19T15:10:03Z", "countryCode": "HK" }, "geometry": { "type": "Point", "coordinates": [ 114.252961, 22.524415 ] } },
{ "type": "Feature", "properties": { "decimalLatitude": 22.277995, "decimalLongitude": 114.213316, "eventDate": "2021-04-16T10:02:00Z", "countryCode": "HK" }, "geometry": { "type": "Point", "coordinates": [ 114.213316, 22.277995 ] } },
{ "type": "Feature", "properties": { "decimalLatitude": 1.354674, "decimalLongitude": 103.776441, "eventDate": "2021-04-20T10:56:00Z", "countryCode": "SG" }, "geometry": { "type": "Point", "coordinates": [ 103.776441, 1.354674 ] } },
{ "type": "Feature", "properties": { "decimalLatitude": 22.374622, "decimalLongitude": 114.264864, "eventDate": "2021-04-21T15:27:02Z", "countryCode": "HK" }, "geometry": { "type": "Point", "coordinates": [ 114.264864, 22.374622 ] } },
{ "type": "Feature", "properties": { "decimalLatitude": 22.27878, "decimalLongitude": 114.213123, "eventDate": "2021-04-21T11:57:00Z", "countryCode": "HK" }, "geometry": { "type": "Point", "coordinates": [ 114.213123, 22.27878 ] } },
{ "type": "Feature", "properties": { "decimalLatitude": 22.234322, "decimalLongitude": 113.953445, "eventDate": "2021-04-28T09:35:43Z", "countryCode": "HK" }, "geometry": { "type": "Point", "coordinates": [ 113.953445, 22.234322 ] } },
{ "type": "Feature", "properties": { "decimalLatitude": 22.266142, "decimalLongitude": 114.13057, "eventDate": "2021-04-24T16:53:42Z", "countryCode": "HK" }, "geometry": { "type": "Point", "coordinates": [ 114.13057, 22.266142 ] } },
{ "type": "Feature", "properties": { "decimalLatitude": 22.405797, "decimalLongitude": 114.155595, "eventDate": "2021-04-23T14:38:51Z", "countryCode": "HK" }, "geometry": { "type": "Point", "coordinates": [ 114.155595, 22.405797 ] } },
{ "type": "Feature", "properties": { "decimalLatitude": 22.234104, "decimalLongitude": 113.953178, "eventDate": "2021-04-29T09:20:20Z", "countryCode": "HK" }, "geometry": { "type": "Point", "coordinates": [ 113.953178, 22.234104 ] } },
{ "type": "Feature", "properties": { "decimalLatitude": 22.385475, "decimalLongitude": 114.140381, "eventDate": "2021-04-23T12:36:55Z", "countryCode": "HK" }, "geometry": { "type": "Point", "coordinates": [ 114.140381, 22.385475 ] } },
{ "type": "Feature", "properties": { "decimalLatitude": 22.450041, "decimalLongitude": 114.183333, "eventDate": "2021-04-25T12:53:07Z", "countryCode": "HK" }, "geometry": { "type": "Point", "coordinates": [ 114.183333, 22.450041 ] } },
{ "type": "Feature", "properties": { "decimalLatitude": 22.234322, "decimalLongitude": 113.95343, "eventDate": "2021-04-28T09:36:33Z", "countryCode": "HK" }, "geometry": { "type": "Point", "coordinates": [ 113.95343, 22.234322 ] } },
{ "type": "Feature", "properties": { "decimalLatitude": 22.261133, "decimalLongitude": 114.131889, "eventDate": "2021-04-25T09:24:26Z", "countryCode": "HK" }, "geometry": { "type": "Point", "coordinates": [ 114.131889, 22.261133 ] } },
{ "type": "Feature", "properties": { "decimalLatitude": 22.445997, "decimalLongitude": 114.178305, "eventDate": "2021-04-24T12:54:08Z", "countryCode": "HK" }, "geometry": { "type": "Point", "coordinates": [ 114.178305, 22.445997 ] } },
{ "type": "Feature", "properties": { "decimalLatitude": 22.405737, "decimalLongitude": 114.155603, "eventDate": "2021-04-23T14:39:02Z", "countryCode": "HK" }, "geometry": { "type": "Point", "coordinates": [ 114.155603, 22.405737 ] } },
{ "type": "Feature", "properties": { "decimalLatitude": 22.22267, "decimalLongitude": 113.919658, "eventDate": "2021-04-19T16:28:21Z", "countryCode": "HK" }, "geometry": { "type": "Point", "coordinates": [ 113.919658, 22.22267 ] } },
{ "type": "Feature", "properties": { "decimalLatitude": 22.372627, "decimalLongitude": 114.268443, "eventDate": "2021-04-28T15:00:00Z", "countryCode": "HK" }, "geometry": { "type": "Point", "coordinates": [ 114.268443, 22.372627 ] } },
{ "type": "Feature", "properties": { "decimalLatitude": 22.505827, "decimalLongitude": 114.244144, "eventDate": "2021-04-25T13:48:00Z", "countryCode": "HK" }, "geometry": { "type": "Point", "coordinates": [ 114.244144, 22.505827 ] } },
{ "type": "Feature", "properties": { "decimalLatitude": 22.417583, "decimalLongitude": 114.234128, "eventDate": "2021-04-28T14:29:08Z", "countryCode": "HK" }, "geometry": { "type": "Point", "coordinates": [ 114.234128, 22.417583 ] } },
{ "type": "Feature", "properties": { "decimalLatitude": 22.369532, "decimalLongitude": 114.144646, "eventDate": "2021-04-30T11:41:59Z", "countryCode": "HK" }, "geometry": { "type": "Point", "coordinates": [ 114.144646, 22.369532 ] } },
{ "type": "Feature", "properties": { "decimalLatitude": 22.369502, "decimalLongitude": 114.144643, "eventDate": "2021-04-30T11:43:28Z", "countryCode": "HK" }, "geometry": { "type": "Point", "coordinates": [ 114.144643, 22.369502 ] } },
{ "type": "Feature", "properties": { "decimalLatitude": 22.374944, "decimalLongitude": 114.264353, "eventDate": "2021-04-30T22:08:58Z", "countryCode": "HK" }, "geometry": { "type": "Point", "coordinates": [ 114.264353, 22.374944 ] } },
{ "type": "Feature", "properties": { "decimalLatitude": 22.460589, "decimalLongitude": 114.327121, "eventDate": "2021-04-30T14:48:45Z", "countryCode": "HK" }, "geometry": { "type": "Point", "coordinates": [ 114.327121, 22.460589 ] } },
{ "type": "Feature", "properties": { "decimalLatitude": 22.407424, "decimalLongitude": 114.075642, "eventDate": "2021-04-03T14:05:38Z", "countryCode": "HK" }, "geometry": { "type": "Point", "coordinates": [ 114.075642, 22.407424 ] } },
{ "type": "Feature", "properties": { "decimalLatitude": 22.373192, "decimalLongitude": 114.2643, "eventDate": "2021-04-30T11:24:41Z", "countryCode": "HK" }, "geometry": { "type": "Point", "coordinates": [ 114.2643, 22.373192 ] } },
{ "type": "Feature", "properties": { "decimalLatitude": 22.27878, "decimalLongitude": 114.213123, "eventDate": "2021-04-30T12:20:00Z", "countryCode": "HK" }, "geometry": { "type": "Point", "coordinates": [ 114.213123, 22.27878 ] } },
{ "type": "Feature", "properties": { "decimalLatitude": 22.4606, "decimalLongitude": 114.327088, "eventDate": "2021-04-30T14:49:04Z", "countryCode": "HK" }, "geometry": { "type": "Point", "coordinates": [ 114.327088, 22.4606 ] } },
{ "type": "Feature", "properties": { "decimalLatitude": 22.369522, "decimalLongitude": 114.144624, "eventDate": "2021-04-30T11:42:43Z", "countryCode": "HK" }, "geometry": { "type": "Point", "coordinates": [ 114.144624, 22.369522 ] } },
{ "type": "Feature", "properties": { "decimalLatitude": 22.460577, "decimalLongitude": 114.327008, "eventDate": "2021-04-30T14:50:07Z", "countryCode": "HK" }, "geometry": { "type": "Point", "coordinates": [ 114.327008, 22.460577 ] } },
{ "type": "Feature", "properties": { "decimalLatitude": 22.4606, "decimalLongitude": 114.327088, "eventDate": "2021-04-30T14:49:14Z", "countryCode": "HK" }, "geometry": { "type": "Point", "coordinates": [ 114.327088, 22.4606 ] } },
{ "type": "Feature", "properties": { "decimalLatitude": 22.429589, "decimalLongitude": 114.12164, "eventDate": "2021-04-30T13:44:00Z", "countryCode": "HK" }, "geometry": { "type": "Point", "coordinates": [ 114.12164, 22.429589 ] } },
{ "type": "Feature", "properties": { "decimalLatitude": 22.460665, "decimalLongitude": 114.327152, "eventDate": "2021-04-30T14:42:17Z", "countryCode": "HK" }, "geometry": { "type": "Point", "coordinates": [ 114.327152, 22.460665 ] } },
{ "type": "Feature", "properties": { "decimalLatitude": 22.575557, "decimalLongitude": 114.050101, "eventDate": "2021-04-18T15:07:00Z", "countryCode": "CN" }, "geometry": { "type": "Point", "coordinates": [ 114.050101, 22.575557 ] } },
{ "type": "Feature", "properties": { "decimalLatitude": 22.510917, "decimalLongitude": 114.213342, "eventDate": "2021-04-22T12:14:59Z", "countryCode": "HK" }, "geometry": { "type": "Point", "coordinates": [ 114.213342, 22.510917 ] } },
{ "type": "Feature", "properties": { "decimalLatitude": 22.49059, "decimalLongitude": 114.183154, "eventDate": "2021-04-24T17:27:13Z", "countryCode": "HK" }, "geometry": { "type": "Point", "coordinates": [ 114.183154, 22.49059 ] } },
{ "type": "Feature", "properties": { "decimalLatitude": 22.39083, "decimalLongitude": 113.972513, "eventDate": "2021-04-30T15:22:00Z", "countryCode": "HK" }, "geometry": { "type": "Point", "coordinates": [ 113.972513, 22.39083 ] } },
{ "type": "Feature", "properties": { "decimalLatitude": 22.330978, "decimalLongitude": 114.249858, "eventDate": "2021-04-30T11:07:55Z", "countryCode": "HK" }, "geometry": { "type": "Point", "coordinates": [ 114.249858, 22.330978 ] } },
{ "type": "Feature", "properties": { "decimalLatitude": 8.724044, "decimalLongitude": 99.667999, "eventDate": "2021-04-25T09:22:00Z", "countryCode": "TH" }, "geometry": { "type": "Point", "coordinates": [ 99.667999, 8.724044 ] } },
{ "type": "Feature", "properties": { "decimalLatitude": 22.28801, "decimalLongitude": 114.242427, "eventDate": "2021-04-18T11:18:19Z", "countryCode": "HK" }, "geometry": { "type": "Point", "coordinates": [ 114.242427, 22.28801 ] } },
{ "type": "Feature", "properties": { "decimalLatitude": 25.260007, "decimalLongitude": 90.72504, "eventDate": "2021-04-07T09:48:00Z", "countryCode": "IN" }, "geometry": { "type": "Point", "coordinates": [ 90.72504, 25.260007 ] } },
{ "type": "Feature", "properties": { "decimalLatitude": 22.515328, "decimalLongitude": 114.211342, "eventDate": "2021-04-11T13:18:25Z", "countryCode": "HK" }, "geometry": { "type": "Point", "coordinates": [ 114.211342, 22.515328 ] } },
{ "type": "Feature", "properties": { "decimalLatitude": 25.260007, "decimalLongitude": 90.72504, "eventDate": "2021-04-07T11:57:00Z", "countryCode": "IN" }, "geometry": { "type": "Point", "coordinates": [ 90.72504, 25.260007 ] } },
{ "type": "Feature", "properties": { "decimalLatitude": 22.558055, "decimalLongitude": 114.005415, "eventDate": "2021-04-29T11:17:00Z", "countryCode": "CN" }, "geometry": { "type": "Point", "coordinates": [ 114.005415, 22.558055 ] } },
{ "type": "Feature", "properties": { "decimalLatitude": 22.575385, "decimalLongitude": 114.17143, "eventDate": "2021-04-21T15:20:25Z", "countryCode": "CN" }, "geometry": { "type": "Point", "coordinates": [ 114.17143, 22.575385 ] } },
{ "type": "Feature", "properties": { "decimalLatitude": 1.350565, "decimalLongitude": 103.778254, "eventDate": "2021-04-30T12:37:00Z", "countryCode": "SG" }, "geometry": { "type": "Point", "coordinates": [ 103.778254, 1.350565 ] } },
{ "type": "Feature", "properties": { "decimalLatitude": 22.453325, "decimalLongitude": 114.30095, "eventDate": "2021-04-11T10:37:00Z", "countryCode": "HK" }, "geometry": { "type": "Point", "coordinates": [ 114.30095, 22.453325 ] } },
{ "type": "Feature", "properties": { "decimalLatitude": 22.47884, "decimalLongitude": 114.217105, "eventDate": "2021-04-10T10:08:00Z", "countryCode": "HK" }, "geometry": { "type": "Point", "coordinates": [ 114.217105, 22.47884 ] } },
{ "type": "Feature", "properties": { "decimalLatitude": 22.390505, "decimalLongitude": 114.06605, "eventDate": "2021-04-03T13:19:00Z", "countryCode": "HK" }, "geometry": { "type": "Point", "coordinates": [ 114.06605, 22.390505 ] } },
{ "type": "Feature", "properties": { "decimalLatitude": 22.488986, "decimalLongitude": 114.184114, "eventDate": "2021-04-06T08:19:00Z", "countryCode": "HK" }, "geometry": { "type": "Point", "coordinates": [ 114.184114, 22.488986 ] } },
{ "type": "Feature", "properties": { "decimalLatitude": 22.374089, "decimalLongitude": 114.265054, "eventDate": "2021-04-02T16:10:00Z", "countryCode": "HK" }, "geometry": { "type": "Point", "coordinates": [ 114.265054, 22.374089 ] } },
{ "type": "Feature", "properties": { "decimalLatitude": 5.465118, "decimalLongitude": 100.28221, "eventDate": "2021-04-05T19:15:00Z", "countryCode": "MY" }, "geometry": { "type": "Point", "coordinates": [ 100.28221, 5.465118 ] } },
{ "type": "Feature", "properties": { "decimalLatitude": 1.35983, "decimalLongitude": 103.777494, "eventDate": "2021-04-24T15:36:00Z", "countryCode": "SG" }, "geometry": { "type": "Point", "coordinates": [ 103.777494, 1.35983 ] } },
{ "type": "Feature", "properties": { "decimalLatitude": 18.8009, "decimalLongitude": 98.942329, "eventDate": "2021-04-20T11:15:00Z", "countryCode": "TH" }, "geometry": { "type": "Point", "coordinates": [ 98.942329, 18.8009 ] } },
{ "type": "Feature", "properties": { "decimalLatitude": 18.812254, "decimalLongitude": 98.941641, "eventDate": "2021-04-03T08:32:00Z", "countryCode": "TH" }, "geometry": { "type": "Point", "coordinates": [ 98.941641, 18.812254 ] } },
{ "type": "Feature", "properties": { "decimalLatitude": 22.351349, "decimalLongitude": 114.205612, "eventDate": "2021-04-18T15:23:31Z", "countryCode": "HK" }, "geometry": { "type": "Point", "coordinates": [ 114.205612, 22.351349 ] } },
{ "type": "Feature", "properties": { "decimalLatitude": 22.528558, "decimalLongitude": 114.223022, "eventDate": "2021-04-01T16:45:31Z", "countryCode": "HK" }, "geometry": { "type": "Point", "coordinates": [ 114.223022, 22.528558 ] } },
{ "type": "Feature", "properties": { "decimalLatitude": 22.332279, "decimalLongitude": 114.243613, "eventDate": "2021-04-07T15:55:37Z", "countryCode": "HK" }, "geometry": { "type": "Point", "coordinates": [ 114.243613, 22.332279 ] } },
{ "type": "Feature", "properties": { "decimalLatitude": 22.228474, "decimalLongitude": 113.93087, "eventDate": "2021-05-01T13:35:22Z", "countryCode": "HK" }, "geometry": { "type": "Point", "coordinates": [ 113.93087, 22.228474 ] } },
{ "type": "Feature", "properties": { "decimalLatitude": 22.373912, "decimalLongitude": 114.2648, "eventDate": "2021-05-02T12:38:48Z", "countryCode": "HK" }, "geometry": { "type": "Point", "coordinates": [ 114.2648, 22.373912 ] } },
{ "type": "Feature", "properties": { "decimalLatitude": 22.327849, "decimalLongitude": 114.250042, "eventDate": "2021-05-02T13:14:10Z", "countryCode": "HK" }, "geometry": { "type": "Point", "coordinates": [ 114.250042, 22.327849 ] } },
{ "type": "Feature", "properties": { "decimalLatitude": 22.373878, "decimalLongitude": 114.265022, "eventDate": "2021-05-02T12:39:38Z", "countryCode": "HK" }, "geometry": { "type": "Point", "coordinates": [ 114.265022, 22.373878 ] } },
{ "type": "Feature", "properties": { "decimalLatitude": 22.388575, "decimalLongitude": 114.141542, "eventDate": "2021-05-02T15:10:47Z", "countryCode": "HK" }, "geometry": { "type": "Point", "coordinates": [ 114.141542, 22.388575 ] } },
{ "type": "Feature", "properties": { "decimalLatitude": 22.485722, "decimalLongitude": 114.183289, "eventDate": "2021-05-02T11:23:00Z", "countryCode": "HK" }, "geometry": { "type": "Point", "coordinates": [ 114.183289, 22.485722 ] } },
{ "type": "Feature", "properties": { "decimalLatitude": 22.554026, "decimalLongitude": 114.180631, "eventDate": "2021-05-01T13:57:04Z", "countryCode": "HK" }, "geometry": { "type": "Point", "coordinates": [ 114.180631, 22.554026 ] } },
{ "type": "Feature", "properties": { "decimalLatitude": 22.50473, "decimalLongitude": 114.172088, "eventDate": "2021-05-02T11:24:48Z", "countryCode": "HK" }, "geometry": { "type": "Point", "coordinates": [ 114.172088, 22.50473 ] } },
{ "type": "Feature", "properties": { "decimalLatitude": 22.390991, "decimalLongitude": 113.988205, "eventDate": "2021-05-01T15:00:00Z", "countryCode": "HK" }, "geometry": { "type": "Point", "coordinates": [ 113.988205, 22.390991 ] } },
{ "type": "Feature", "properties": { "decimalLatitude": 22.258703, "decimalLongitude": 114.001013, "eventDate": "2021-05-02T14:14:49Z", "countryCode": "HK" }, "geometry": { "type": "Point", "coordinates": [ 114.001013, 22.258703 ] } },
{ "type": "Feature", "properties": { "decimalLatitude": 22.430342, "decimalLongitude": 114.183501, "eventDate": "2021-05-03T16:13:00Z", "countryCode": "HK" }, "geometry": { "type": "Point", "coordinates": [ 114.183501, 22.430342 ] } },
{ "type": "Feature", "properties": { "decimalLatitude": 22.327594, "decimalLongitude": 114.250007, "eventDate": "2021-05-02T13:14:20Z", "countryCode": "HK" }, "geometry": { "type": "Point", "coordinates": [ 114.250007, 22.327594 ] } },
{ "type": "Feature", "properties": { "decimalLatitude": 22.520286, "decimalLongitude": 114.214959, "eventDate": "2021-05-02T11:22:00Z", "countryCode": "HK" }, "geometry": { "type": "Point", "coordinates": [ 114.214959, 22.520286 ] } },
{ "type": "Feature", "properties": { "decimalLatitude": 22.228474, "decimalLongitude": 113.930887, "eventDate": "2021-05-01T12:51:58Z", "countryCode": "HK" }, "geometry": { "type": "Point", "coordinates": [ 113.930887, 22.228474 ] } },
{ "type": "Feature", "properties": { "decimalLatitude": 22.37393, "decimalLongitude": 114.26497, "eventDate": "2021-05-02T14:58:19Z", "countryCode": "HK" }, "geometry": { "type": "Point", "coordinates": [ 114.26497, 22.37393 ] } },
{ "type": "Feature", "properties": { "decimalLatitude": 22.485722, "decimalLongitude": 114.183289, "eventDate": "2021-05-02T10:23:00Z", "countryCode": "HK" }, "geometry": { "type": "Point", "coordinates": [ 114.183289, 22.485722 ] } },
{ "type": "Feature", "properties": { "decimalLatitude": 22.490355, "decimalLongitude": 114.183375, "eventDate": "2021-05-04T23:43:00Z", "countryCode": "HK" }, "geometry": { "type": "Point", "coordinates": [ 114.183375, 22.490355 ] } },
{ "type": "Feature", "properties": { "decimalLatitude": 22.235547, "decimalLongitude": 113.955338, "eventDate": "2021-05-11T16:03:05Z", "countryCode": "HK" }, "geometry": { "type": "Point", "coordinates": [ 113.955338, 22.235547 ] } },
{ "type": "Feature", "properties": { "decimalLatitude": 22.235522, "decimalLongitude": 113.955313, "eventDate": "2021-05-13T07:49:47Z", "countryCode": "HK" }, "geometry": { "type": "Point", "coordinates": [ 113.955313, 22.235522 ] } },
{ "type": "Feature", "properties": { "decimalLatitude": 22.383839, "decimalLongitude": 114.270747, "eventDate": "2021-05-16T11:57:00Z", "countryCode": "HK" }, "geometry": { "type": "Point", "coordinates": [ 114.270747, 22.383839 ] } },
{ "type": "Feature", "properties": { "decimalLatitude": 22.336145, "decimalLongitude": 114.261125, "eventDate": "2021-05-16T12:07:52Z", "countryCode": "HK" }, "geometry": { "type": "Point", "coordinates": [ 114.261125, 22.336145 ] } },
{ "type": "Feature", "properties": { "decimalLatitude": 22.25573, "decimalLongitude": 113.998863, "eventDate": "2021-05-15T09:14:00Z", "countryCode": "HK" }, "geometry": { "type": "Point", "coordinates": [ 113.998863, 22.25573 ] } },
{ "type": "Feature", "properties": { "decimalLatitude": 22.38381, "decimalLongitude": 114.270651, "eventDate": "2021-05-16T12:06:00Z", "countryCode": "HK" }, "geometry": { "type": "Point", "coordinates": [ 114.270651, 22.38381 ] } },
{ "type": "Feature", "properties": { "decimalLatitude": 22.332015, "decimalLongitude": 114.245168, "eventDate": "2021-05-27T11:53:00Z", "countryCode": "HK" }, "geometry": { "type": "Point", "coordinates": [ 114.245168, 22.332015 ] } },
{ "type": "Feature", "properties": { "decimalLatitude": 22.229769, "decimalLongitude": 114.117498, "eventDate": "2021-05-21T14:40:00Z", "countryCode": "HK" }, "geometry": { "type": "Point", "coordinates": [ 114.117498, 22.229769 ] } },
{ "type": "Feature", "properties": { "decimalLatitude": 1.350781, "decimalLongitude": 103.77901, "eventDate": "2021-05-10T13:14:00Z", "countryCode": "SG" }, "geometry": { "type": "Point", "coordinates": [ 103.77901, 1.350781 ] } },
{ "type": "Feature", "properties": { "decimalLatitude": 1.35324, "decimalLongitude": 103.807426, "eventDate": "2021-05-28T10:47:00Z", "countryCode": "SG" }, "geometry": { "type": "Point", "coordinates": [ 103.807426, 1.35324 ] } },
{ "type": "Feature", "properties": { "decimalLatitude": 1.358447, "decimalLongitude": 103.777095, "eventDate": "2021-05-30T13:53:00Z", "countryCode": "SG" }, "geometry": { "type": "Point", "coordinates": [ 103.777095, 1.358447 ] } },
{ "type": "Feature", "properties": { "decimalLatitude": 22.562805, "decimalLongitude": 114.079632, "eventDate": "2021-05-19T12:52:31Z", "countryCode": "CN" }, "geometry": { "type": "Point", "coordinates": [ 114.079632, 22.562805 ] } },
{ "type": "Feature", "properties": { "decimalLatitude": 22.288385, "decimalLongitude": 113.921187, "eventDate": "2021-05-30T13:33:00Z", "countryCode": "HK" }, "geometry": { "type": "Point", "coordinates": [ 113.921187, 22.288385 ] } },
{ "type": "Feature", "properties": { "decimalLatitude": 22.466828, "decimalLongitude": 114.179743, "eventDate": "2021-05-28T11:23:22Z", "countryCode": "HK" }, "geometry": { "type": "Point", "coordinates": [ 114.179743, 22.466828 ] } },
{ "type": "Feature", "properties": { "decimalLatitude": 1.35983, "decimalLongitude": 103.777494, "eventDate": "2021-05-27T16:14:00Z", "countryCode": "SG" }, "geometry": { "type": "Point", "coordinates": [ 103.777494, 1.35983 ] } },
{ "type": "Feature", "properties": { "decimalLatitude": 1.35983, "decimalLongitude": 103.777494, "eventDate": "2021-05-27T16:14:00Z", "countryCode": "SG" }, "geometry": { "type": "Point", "coordinates": [ 103.777494, 1.35983 ] } },
{ "type": "Feature", "properties": { "decimalLatitude": 22.351947, "decimalLongitude": 114.25322, "eventDate": "2021-05-09T17:51:14Z", "countryCode": "HK" }, "geometry": { "type": "Point", "coordinates": [ 114.25322, 22.351947 ] } },
{ "type": "Feature", "properties": { "decimalLatitude": 1.350781, "decimalLongitude": 103.77901, "eventDate": "2021-05-10T13:36:00Z", "countryCode": "SG" }, "geometry": { "type": "Point", "coordinates": [ 103.77901, 1.350781 ] } },
{ "type": "Feature", "properties": { "decimalLatitude": 1.397961, "decimalLongitude": 103.804692, "eventDate": "2021-05-20T10:49:00Z", "countryCode": "SG" }, "geometry": { "type": "Point", "coordinates": [ 103.804692, 1.397961 ] } },
{ "type": "Feature", "properties": { "decimalLatitude": 1.400883, "decimalLongitude": 103.807041, "eventDate": "2021-05-23T08:18:08Z", "countryCode": "SG" }, "geometry": { "type": "Point", "coordinates": [ 103.807041, 1.400883 ] } },
{ "type": "Feature", "properties": { "decimalLatitude": 1.354687, "decimalLongitude": 103.776616, "eventDate": "2021-05-15T00:00:00Z", "countryCode": "SG" }, "geometry": { "type": "Point", "coordinates": [ 103.776616, 1.354687 ] } },
{ "type": "Feature", "properties": { "decimalLatitude": 1.355897, "decimalLongitude": 103.800475, "eventDate": "2021-05-16T09:37:08Z", "countryCode": "SG" }, "geometry": { "type": "Point", "coordinates": [ 103.800475, 1.355897 ] } },
{ "type": "Feature", "properties": { "decimalLatitude": 1.36337, "decimalLongitude": 103.769796, "eventDate": "2021-05-26T12:21:00Z", "countryCode": "SG" }, "geometry": { "type": "Point", "coordinates": [ 103.769796, 1.36337 ] } },
{ "type": "Feature", "properties": { "decimalLatitude": 1.342723, "decimalLongitude": 103.822757, "eventDate": "2021-05-23T10:01:00Z", "countryCode": "SG" }, "geometry": { "type": "Point", "coordinates": [ 103.822757, 1.342723 ] } },
{ "type": "Feature", "properties": { "decimalLatitude": 2.925866, "decimalLongitude": 102.003653, "eventDate": "2021-05-26T10:20:36Z", "countryCode": "MY" }, "geometry": { "type": "Point", "coordinates": [ 102.003653, 2.925866 ] } },
{ "type": "Feature", "properties": { "decimalLatitude": 1.361879, "decimalLongitude": 103.775315, "eventDate": "2021-05-22T00:00:00Z", "countryCode": "SG" }, "geometry": { "type": "Point", "coordinates": [ 103.775315, 1.361879 ] } },
{ "type": "Feature", "properties": { "decimalLatitude": 1.374001, "decimalLongitude": 103.779917, "eventDate": "2021-05-01T13:17:00Z", "countryCode": "SG" }, "geometry": { "type": "Point", "coordinates": [ 103.779917, 1.374001 ] } },
{ "type": "Feature", "properties": { "decimalLatitude": 12.780383, "decimalLongitude": 99.565599, "eventDate": "2021-05-13T12:55:00Z", "countryCode": "TH" }, "geometry": { "type": "Point", "coordinates": [ 99.565599, 12.780383 ] } },
{ "type": "Feature", "properties": { "decimalLatitude": 18.8009, "decimalLongitude": 98.942329, "eventDate": "2021-05-30T12:29:00Z", "countryCode": "TH" }, "geometry": { "type": "Point", "coordinates": [ 98.942329, 18.8009 ] } },
{ "type": "Feature", "properties": { "decimalLatitude": 22.39083, "decimalLongitude": 113.972513, "eventDate": "2021-05-13T11:08:00Z", "countryCode": "HK" }, "geometry": { "type": "Point", "coordinates": [ 113.972513, 22.39083 ] } },
{ "type": "Feature", "properties": { "decimalLatitude": 22.379705, "decimalLongitude": 114.049606, "eventDate": "2021-05-08T14:23:28Z", "countryCode": "HK" }, "geometry": { "type": "Point", "coordinates": [ 114.049606, 22.379705 ] } },
{ "type": "Feature", "properties": { "decimalLatitude": 22.277297, "decimalLongitude": 114.122743, "eventDate": "2021-06-06T11:20:00Z", "countryCode": "HK" }, "geometry": { "type": "Point", "coordinates": [ 114.122743, 22.277297 ] } },
{ "type": "Feature", "properties": { "decimalLatitude": 1.358906, "decimalLongitude": 103.777061, "eventDate": "2021-06-08T13:19:00Z", "countryCode": "SG" }, "geometry": { "type": "Point", "coordinates": [ 103.777061, 1.358906 ] } },
{ "type": "Feature", "properties": { "decimalLatitude": 22.430287, "decimalLongitude": 114.180933, "eventDate": "2021-06-03T14:12:35Z", "countryCode": "HK" }, "geometry": { "type": "Point", "coordinates": [ 114.180933, 22.430287 ] } },
{ "type": "Feature", "properties": { "decimalLatitude": 22.436044, "decimalLongitude": 114.31133, "eventDate": "2021-06-05T15:34:00Z", "countryCode": "HK" }, "geometry": { "type": "Point", "coordinates": [ 114.31133, 22.436044 ] } },
{ "type": "Feature", "properties": { "decimalLatitude": 22.235847, "decimalLongitude": 113.955301, "eventDate": "2021-06-09T08:14:29Z", "countryCode": "HK" }, "geometry": { "type": "Point", "coordinates": [ 113.955301, 22.235847 ] } },
{ "type": "Feature", "properties": { "decimalLatitude": 1.359155, "decimalLongitude": 103.777095, "eventDate": "2021-06-08T13:31:00Z", "countryCode": "SG" }, "geometry": { "type": "Point", "coordinates": [ 103.777095, 1.359155 ] } },
{ "type": "Feature", "properties": { "decimalLatitude": 22.423195, "decimalLongitude": 114.2451, "eventDate": "2021-06-07T15:44:25Z", "countryCode": "HK" }, "geometry": { "type": "Point", "coordinates": [ 114.2451, 22.423195 ] } },
{ "type": "Feature", "properties": { "decimalLatitude": 22.124867, "decimalLongitude": 113.565263, "eventDate": "2021-06-02T00:00:00Z", "countryCode": "MO" }, "geometry": { "type": "Point", "coordinates": [ 113.565263, 22.124867 ] } },
{ "type": "Feature", "properties": { "decimalLatitude": 1.363742, "decimalLongitude": 103.777518, "eventDate": "2021-06-13T09:31:00Z", "countryCode": "SG" }, "geometry": { "type": "Point", "coordinates": [ 103.777518, 1.363742 ] } },
{ "type": "Feature", "properties": { "decimalLatitude": 22.12642, "decimalLongitude": 113.560816, "eventDate": "2021-06-17T00:00:00Z", "countryCode": "MO" }, "geometry": { "type": "Point", "coordinates": [ 113.560816, 22.12642 ] } },
{ "type": "Feature", "properties": { "decimalLatitude": 22.126102, "decimalLongitude": 113.564592, "eventDate": "2021-06-17T00:00:00Z", "countryCode": "MO" }, "geometry": { "type": "Point", "coordinates": [ 113.564592, 22.126102 ] } },
{ "type": "Feature", "properties": { "decimalLatitude": 1.350781, "decimalLongitude": 103.77901, "eventDate": "2021-06-03T12:18:00Z", "countryCode": "SG" }, "geometry": { "type": "Point", "coordinates": [ 103.77901, 1.350781 ] } },
{ "type": "Feature", "properties": { "decimalLatitude": 22.429711, "decimalLongitude": 114.180689, "eventDate": "2021-06-19T11:59:00Z", "countryCode": "HK" }, "geometry": { "type": "Point", "coordinates": [ 114.180689, 22.429711 ] } },
{ "type": "Feature", "properties": { "decimalLatitude": 22.257454, "decimalLongitude": 113.968861, "eventDate": "2021-06-19T13:00:33Z", "countryCode": "HK" }, "geometry": { "type": "Point", "coordinates": [ 113.968861, 22.257454 ] } },
{ "type": "Feature", "properties": { "decimalLatitude": 1.353487, "decimalLongitude": 103.778167, "eventDate": "2021-06-23T14:08:00Z", "countryCode": "SG" }, "geometry": { "type": "Point", "coordinates": [ 103.778167, 1.353487 ] } },
{ "type": "Feature", "properties": { "decimalLatitude": 22.260742, "decimalLongitude": 113.86102, "eventDate": "2021-06-29T10:01:50Z", "countryCode": "HK" }, "geometry": { "type": "Point", "coordinates": [ 113.86102, 22.260742 ] } },
{ "type": "Feature", "properties": { "decimalLatitude": 22.352316, "decimalLongitude": 114.138071, "eventDate": "2021-06-27T14:53:35Z", "countryCode": "HK" }, "geometry": { "type": "Point", "coordinates": [ 114.138071, 22.352316 ] } },
{ "type": "Feature", "properties": { "decimalLatitude": 1.356237, "decimalLongitude": 103.80152, "eventDate": "2021-06-14T14:07:00Z", "countryCode": "SG" }, "geometry": { "type": "Point", "coordinates": [ 103.80152, 1.356237 ] } },
{ "type": "Feature", "properties": { "decimalLatitude": 1.353487, "decimalLongitude": 103.778167, "eventDate": "2021-06-28T11:51:00Z", "countryCode": "SG" }, "geometry": { "type": "Point", "coordinates": [ 103.778167, 1.353487 ] } },
{ "type": "Feature", "properties": { "decimalLatitude": 1.355494, "decimalLongitude": 103.804671, "eventDate": "2021-06-25T14:54:00Z", "countryCode": "SG" }, "geometry": { "type": "Point", "coordinates": [ 103.804671, 1.355494 ] } },
{ "type": "Feature", "properties": { "decimalLatitude": 1.353487, "decimalLongitude": 103.778167, "eventDate": "2021-06-26T16:45:00Z", "countryCode": "SG" }, "geometry": { "type": "Point", "coordinates": [ 103.778167, 1.353487 ] } },
{ "type": "Feature", "properties": { "decimalLatitude": 1.39872, "decimalLongitude": 103.807156, "eventDate": "2021-06-07T11:34:00Z", "countryCode": "SG" }, "geometry": { "type": "Point", "coordinates": [ 103.807156, 1.39872 ] } },
{ "type": "Feature", "properties": { "decimalLatitude": 22.259246, "decimalLongitude": 113.81694, "eventDate": "2021-06-13T00:00:00Z", "countryCode": "HK" }, "geometry": { "type": "Point", "coordinates": [ 113.81694, 22.259246 ] } },
{ "type": "Feature", "properties": { "decimalLatitude": 5.465118, "decimalLongitude": 100.28221, "eventDate": "2021-06-06T05:55:00Z", "countryCode": "MY" }, "geometry": { "type": "Point", "coordinates": [ 100.28221, 5.465118 ] } },
{ "type": "Feature", "properties": { "decimalLatitude": 13.252453, "decimalLongitude": 108.941019, "eventDate": "2021-06-19T14:05:19Z", "countryCode": "VN" }, "geometry": { "type": "Point", "coordinates": [ 108.941019, 13.252453 ] } },
{ "type": "Feature", "properties": { "decimalLatitude": 1.356565, "decimalLongitude": 103.80237, "eventDate": "2021-06-06T10:08:00Z", "countryCode": "SG" }, "geometry": { "type": "Point", "coordinates": [ 103.80237, 1.356565 ] } },
{ "type": "Feature", "properties": { "decimalLatitude": 12.842298, "decimalLongitude": 99.590805, "eventDate": "2021-06-08T14:38:00Z", "countryCode": "TH" }, "geometry": { "type": "Point", "coordinates": [ 99.590805, 12.842298 ] } },
{ "type": "Feature", "properties": { "decimalLatitude": 5.979661, "decimalLongitude": 116.213002, "eventDate": "2021-06-26T10:09:00Z", "countryCode": "MY" }, "geometry": { "type": "Point", "coordinates": [ 116.213002, 5.979661 ] } },
{ "type": "Feature", "properties": { "decimalLatitude": 12.813743, "decimalLongitude": 109.012653, "eventDate": "2021-06-13T10:28:11Z", "countryCode": "VN" }, "geometry": { "type": "Point", "coordinates": [ 109.012653, 12.813743 ] } },
{ "type": "Feature", "properties": { "decimalLatitude": 1.36564, "decimalLongitude": 103.836144, "eventDate": "2021-06-12T19:41:00Z", "countryCode": "SG" }, "geometry": { "type": "Point", "coordinates": [ 103.836144, 1.36564 ] } },
{ "type": "Feature", "properties": { "decimalLatitude": 22.256006, "decimalLongitude": 113.997304, "eventDate": "2021-07-04T12:41:00Z", "countryCode": "HK" }, "geometry": { "type": "Point", "coordinates": [ 113.997304, 22.256006 ] } },
{ "type": "Feature", "properties": { "decimalLatitude": 1.351307, "decimalLongitude": 103.806413, "eventDate": "2021-07-12T11:41:00Z", "countryCode": "SG" }, "geometry": { "type": "Point", "coordinates": [ 103.806413, 1.351307 ] } },
{ "type": "Feature", "properties": { "decimalLatitude": 22.425048, "decimalLongitude": 114.248864, "eventDate": "2021-07-12T11:15:00Z", "countryCode": "HK" }, "geometry": { "type": "Point", "coordinates": [ 114.248864, 22.425048 ] } },
{ "type": "Feature", "properties": { "decimalLatitude": 1.398979, "decimalLongitude": 103.807557, "eventDate": "2021-07-16T14:22:00Z", "countryCode": "SG" }, "geometry": { "type": "Point", "coordinates": [ 103.807557, 1.398979 ] } },
{ "type": "Feature", "properties": { "decimalLatitude": 22.499304, "decimalLongitude": 114.178571, "eventDate": "2021-07-16T08:48:27Z", "countryCode": "HK" }, "geometry": { "type": "Point", "coordinates": [ 114.178571, 22.499304 ] } },
{ "type": "Feature", "properties": { "decimalLatitude": 1.350781, "decimalLongitude": 103.77901, "eventDate": "2021-07-01T16:10:00Z", "countryCode": "SG" }, "geometry": { "type": "Point", "coordinates": [ 103.77901, 1.350781 ] } },
{ "type": "Feature", "properties": { "decimalLatitude": 1.36138, "decimalLongitude": 103.772969, "eventDate": "2021-07-01T16:55:00Z", "countryCode": "SG" }, "geometry": { "type": "Point", "coordinates": [ 103.772969, 1.36138 ] } },
{ "type": "Feature", "properties": { "decimalLatitude": 1.400883, "decimalLongitude": 103.807041, "eventDate": "2021-07-20T12:22:07Z", "countryCode": "SG" }, "geometry": { "type": "Point", "coordinates": [ 103.807041, 1.400883 ] } },
{ "type": "Feature", "properties": { "decimalLatitude": 1.358811, "decimalLongitude": 103.777068, "eventDate": "2021-07-20T11:51:00Z", "countryCode": "SG" }, "geometry": { "type": "Point", "coordinates": [ 103.777068, 1.358811 ] } },
{ "type": "Feature", "properties": { "decimalLatitude": 1.399069, "decimalLongitude": 103.806596, "eventDate": "2021-07-23T13:26:00Z", "countryCode": "SG" }, "geometry": { "type": "Point", "coordinates": [ 103.806596, 1.399069 ] } },
{ "type": "Feature", "properties": { "decimalLatitude": 1.350992, "decimalLongitude": 103.771318, "eventDate": "2021-07-20T11:24:00Z", "countryCode": "SG" }, "geometry": { "type": "Point", "coordinates": [ 103.771318, 1.350992 ] } },
{ "type": "Feature", "properties": { "decimalLatitude": 1.355676, "decimalLongitude": 103.804256, "eventDate": "2021-07-25T11:09:00Z", "countryCode": "SG" }, "geometry": { "type": "Point", "coordinates": [ 103.804256, 1.355676 ] } },
{ "type": "Feature", "properties": { "decimalLatitude": 1.355679, "decimalLongitude": 103.774047, "eventDate": "2021-07-08T12:07:00Z", "countryCode": "SG" }, "geometry": { "type": "Point", "coordinates": [ 103.774047, 1.355679 ] } },
{ "type": "Feature", "properties": { "decimalLatitude": 1.361399, "decimalLongitude": 103.772612, "eventDate": "2021-07-01T16:55:00Z", "countryCode": "SG" }, "geometry": { "type": "Point", "coordinates": [ 103.772612, 1.361399 ] } },
{ "type": "Feature", "properties": { "decimalLatitude": 22.126089, "decimalLongitude": 113.563922, "eventDate": "2021-07-12T00:00:00Z", "countryCode": "MO" }, "geometry": { "type": "Point", "coordinates": [ 113.563922, 22.126089 ] } },
{ "type": "Feature", "properties": { "decimalLatitude": 1.355549, "decimalLongitude": 103.77408, "eventDate": "2021-07-08T12:01:00Z", "countryCode": "SG" }, "geometry": { "type": "Point", "coordinates": [ 103.77408, 1.355549 ] } },
{ "type": "Feature", "properties": { "decimalLatitude": 22.298115, "decimalLongitude": 114.273617, "eventDate": "2021-07-28T11:15:55Z", "countryCode": "HK" }, "geometry": { "type": "Point", "coordinates": [ 114.273617, 22.298115 ] } },
{ "type": "Feature", "properties": { "decimalLatitude": 1.354816, "decimalLongitude": 103.776299, "eventDate": "2021-07-30T12:50:00Z", "countryCode": "SG" }, "geometry": { "type": "Point", "coordinates": [ 103.776299, 1.354816 ] } },
{ "type": "Feature", "properties": { "decimalLatitude": 1.354234, "decimalLongitude": 103.776908, "eventDate": "2021-07-30T12:46:00Z", "countryCode": "SG" }, "geometry": { "type": "Point", "coordinates": [ 103.776908, 1.354234 ] } },
{ "type": "Feature", "properties": { "decimalLatitude": 22.280355, "decimalLongitude": 114.19811, "eventDate": "2021-07-22T12:32:11Z", "countryCode": "HK" }, "geometry": { "type": "Point", "coordinates": [ 114.19811, 22.280355 ] } },
{ "type": "Feature", "properties": { "decimalLatitude": 22.593956, "decimalLongitude": 114.265711, "eventDate": "2021-07-28T00:00:00Z", "countryCode": "HK" }, "geometry": { "type": "Point", "coordinates": [ 114.265711, 22.593956 ] } },
{ "type": "Feature", "properties": { "decimalLatitude": 1.341278, "decimalLongitude": 103.821244, "eventDate": "2021-07-29T10:54:00Z", "countryCode": "SG" }, "geometry": { "type": "Point", "coordinates": [ 103.821244, 1.341278 ] } },
{ "type": "Feature", "properties": { "decimalLatitude": 1.342263, "decimalLongitude": 103.82717, "eventDate": "2021-07-27T12:03:00Z", "countryCode": "SG" }, "geometry": { "type": "Point", "coordinates": [ 103.82717, 1.342263 ] } },
{ "type": "Feature", "properties": { "decimalLatitude": 14.434323, "decimalLongitude": 105.252158, "eventDate": "2021-07-01T14:44:00Z", "countryCode": "TH" }, "geometry": { "type": "Point", "coordinates": [ 105.252158, 14.434323 ] } },
{ "type": "Feature", "properties": { "decimalLatitude": 22.178273, "decimalLongitude": 100.859454, "eventDate": "2021-07-30T15:44:00Z", "countryCode": "CN" }, "geometry": { "type": "Point", "coordinates": [ 100.859454, 22.178273 ] } },
{ "type": "Feature", "properties": { "decimalLatitude": 22.178273, "decimalLongitude": 100.859454, "eventDate": "2021-07-30T15:44:00Z", "countryCode": "CN" }, "geometry": { "type": "Point", "coordinates": [ 100.859454, 22.178273 ] } },
{ "type": "Feature", "properties": { "decimalLatitude": 2.846969, "decimalLongitude": 101.85965, "eventDate": "2021-08-01T15:20:00Z", "countryCode": "MY" }, "geometry": { "type": "Point", "coordinates": [ 101.85965, 2.846969 ] } },
{ "type": "Feature", "properties": { "decimalLatitude": 1.356286, "decimalLongitude": 103.801672, "eventDate": "2021-08-01T14:32:00Z", "countryCode": "SG" }, "geometry": { "type": "Point", "coordinates": [ 103.801672, 1.356286 ] } },
{ "type": "Feature", "properties": { "decimalLatitude": 1.398786, "decimalLongitude": 103.807333, "eventDate": "2021-08-09T11:04:00Z", "countryCode": "SG" }, "geometry": { "type": "Point", "coordinates": [ 103.807333, 1.398786 ] } },
{ "type": "Feature", "properties": { "decimalLatitude": 1.353487, "decimalLongitude": 103.778167, "eventDate": "2021-08-13T11:29:00Z", "countryCode": "SG" }, "geometry": { "type": "Point", "coordinates": [ 103.778167, 1.353487 ] } },
{ "type": "Feature", "properties": { "decimalLatitude": 22.56659, "decimalLongitude": 114.083506, "eventDate": "2021-08-11T12:17:49Z", "countryCode": "CN" }, "geometry": { "type": "Point", "coordinates": [ 114.083506, 22.56659 ] } },
{ "type": "Feature", "properties": { "decimalLatitude": 22.329633, "decimalLongitude": 114.220862, "eventDate": "2021-08-11T13:44:00Z", "countryCode": "HK" }, "geometry": { "type": "Point", "coordinates": [ 114.220862, 22.329633 ] } },
{ "type": "Feature", "properties": { "decimalLatitude": 22.282417, "decimalLongitude": 114.133728, "eventDate": "2021-08-08T14:09:27Z", "countryCode": "HK" }, "geometry": { "type": "Point", "coordinates": [ 114.133728, 22.282417 ] } },
{ "type": "Feature", "properties": { "decimalLatitude": 1.398866, "decimalLongitude": 103.795957, "eventDate": "2021-08-15T11:46:00Z", "countryCode": "SG" }, "geometry": { "type": "Point", "coordinates": [ 103.795957, 1.398866 ] } },
{ "type": "Feature", "properties": { "decimalLatitude": 22.429633, "decimalLongitude": 114.174559, "eventDate": "2021-08-11T16:47:00Z", "countryCode": "HK" }, "geometry": { "type": "Point", "coordinates": [ 114.174559, 22.429633 ] } },
{ "type": "Feature", "properties": { "decimalLatitude": 22.27665, "decimalLongitude": 114.132408, "eventDate": "2021-08-06T14:02:52Z", "countryCode": "HK" }, "geometry": { "type": "Point", "coordinates": [ 114.132408, 22.27665 ] } },
{ "type": "Feature", "properties": { "decimalLatitude": 22.518658, "decimalLongitude": 114.217303, "eventDate": "2021-08-24T13:22:00Z", "countryCode": "HK" }, "geometry": { "type": "Point", "coordinates": [ 114.217303, 22.518658 ] } },
{ "type": "Feature", "properties": { "decimalLatitude": 1.400879, "decimalLongitude": 103.807041, "eventDate": "2021-08-15T12:47:36Z", "countryCode": "SG" }, "geometry": { "type": "Point", "coordinates": [ 103.807041, 1.400879 ] } },
{ "type": "Feature", "properties": { "decimalLatitude": 22.158785, "decimalLongitude": 113.564386, "eventDate": "2021-08-24T00:00:00Z", "countryCode": "MO" }, "geometry": { "type": "Point", "coordinates": [ 113.564386, 22.158785 ] } },
{ "type": "Feature", "properties": { "decimalLatitude": 22.518633, "decimalLongitude": 114.217273, "eventDate": "2021-08-24T13:23:00Z", "countryCode": "HK" }, "geometry": { "type": "Point", "coordinates": [ 114.217273, 22.518633 ] } },
{ "type": "Feature", "properties": { "decimalLatitude": 22.350131, "decimalLongitude": 114.160452, "eventDate": "2021-08-29T17:07:38Z", "countryCode": "HK" }, "geometry": { "type": "Point", "coordinates": [ 114.160452, 22.350131 ] } },
{ "type": "Feature", "properties": { "decimalLatitude": 22.282478, "decimalLongitude": 114.133758, "eventDate": "2021-08-13T17:35:58Z", "countryCode": "HK" }, "geometry": { "type": "Point", "coordinates": [ 114.133758, 22.282478 ] } },
{ "type": "Feature", "properties": { "decimalLatitude": 1.398866, "decimalLongitude": 103.795957, "eventDate": "2021-08-22T13:30:00Z", "countryCode": "SG" }, "geometry": { "type": "Point", "coordinates": [ 103.795957, 1.398866 ] } },
{ "type": "Feature", "properties": { "decimalLatitude": 1.39967, "decimalLongitude": 103.808134, "eventDate": "2021-08-15T11:28:00Z", "countryCode": "SG" }, "geometry": { "type": "Point", "coordinates": [ 103.808134, 1.39967 ] } },
{ "type": "Feature", "properties": { "decimalLatitude": 22.376033, "decimalLongitude": 114.099397, "eventDate": "2021-08-10T13:35:00Z", "countryCode": "HK" }, "geometry": { "type": "Point", "coordinates": [ 114.099397, 22.376033 ] } },
{ "type": "Feature", "properties": { "decimalLatitude": 1.400883, "decimalLongitude": 103.807041, "eventDate": "2021-08-09T15:30:56Z", "countryCode": "SG" }, "geometry": { "type": "Point", "coordinates": [ 103.807041, 1.400883 ] } },
{ "type": "Feature", "properties": { "decimalLatitude": 22.230617, "decimalLongitude": 113.934822, "eventDate": "2021-08-07T14:43:32Z", "countryCode": "HK" }, "geometry": { "type": "Point", "coordinates": [ 113.934822, 22.230617 ] } },
{ "type": "Feature", "properties": { "decimalLatitude": 22.523268, "decimalLongitude": 114.259152, "eventDate": "2021-08-15T13:54:00Z", "countryCode": "HK" }, "geometry": { "type": "Point", "coordinates": [ 114.259152, 22.523268 ] } },
{ "type": "Feature", "properties": { "decimalLatitude": 7.897312, "decimalLongitude": 99.275408, "eventDate": "2021-08-28T12:45:55Z", "countryCode": "TH" }, "geometry": { "type": "Point", "coordinates": [ 99.275408, 7.897312 ] } },
{ "type": "Feature", "properties": { "decimalLatitude": 1.398796, "decimalLongitude": 103.807259, "eventDate": "2021-09-05T09:36:00Z", "countryCode": "SG" }, "geometry": { "type": "Point", "coordinates": [ 103.807259, 1.398796 ] } },
{ "type": "Feature", "properties": { "decimalLatitude": 18.800945, "decimalLongitude": 98.942277, "eventDate": "2021-09-08T10:39:00Z", "countryCode": "TH" }, "geometry": { "type": "Point", "coordinates": [ 98.942277, 18.800945 ] } },
{ "type": "Feature", "properties": { "decimalLatitude": 22.412847, "decimalLongitude": 114.311847, "eventDate": "2021-09-05T13:02:13Z", "countryCode": "HK" }, "geometry": { "type": "Point", "coordinates": [ 114.311847, 22.412847 ] } },
{ "type": "Feature", "properties": { "decimalLatitude": 22.523896, "decimalLongitude": 114.112548, "eventDate": "2021-09-03T16:03:00Z", "countryCode": "HK" }, "geometry": { "type": "Point", "coordinates": [ 114.112548, 22.523896 ] } },
{ "type": "Feature", "properties": { "decimalLatitude": 22.282176, "decimalLongitude": 114.134002, "eventDate": "2021-09-10T17:16:00Z", "countryCode": "HK" }, "geometry": { "type": "Point", "coordinates": [ 114.134002, 22.282176 ] } },
{ "type": "Feature", "properties": { "decimalLatitude": 22.349621, "decimalLongitude": 114.184418, "eventDate": "2021-09-25T12:49:15Z", "countryCode": "HK" }, "geometry": { "type": "Point", "coordinates": [ 114.184418, 22.349621 ] } },
{ "type": "Feature", "properties": { "decimalLatitude": 22.405847, "decimalLongitude": 114.306625, "eventDate": "2021-09-11T12:27:43Z", "countryCode": "HK" }, "geometry": { "type": "Point", "coordinates": [ 114.306625, 22.405847 ] } },
{ "type": "Feature", "properties": { "decimalLatitude": 22.405588, "decimalLongitude": 114.077195, "eventDate": "2021-09-25T13:44:00Z", "countryCode": "HK" }, "geometry": { "type": "Point", "coordinates": [ 114.077195, 22.405588 ] } },
{ "type": "Feature", "properties": { "decimalLatitude": 22.421521, "decimalLongitude": 114.234441, "eventDate": "2021-09-24T10:49:00Z", "countryCode": "HK" }, "geometry": { "type": "Point", "coordinates": [ 114.234441, 22.421521 ] } },
{ "type": "Feature", "properties": { "decimalLatitude": 1.398866, "decimalLongitude": 103.795957, "eventDate": "2021-09-11T11:26:00Z", "countryCode": "SG" }, "geometry": { "type": "Point", "coordinates": [ 103.795957, 1.398866 ] } },
{ "type": "Feature", "properties": { "decimalLatitude": 22.021718, "decimalLongitude": 100.808456, "eventDate": "2021-09-09T08:55:00Z", "countryCode": "CN" }, "geometry": { "type": "Point", "coordinates": [ 100.808456, 22.021718 ] } },
{ "type": "Feature", "properties": { "decimalLatitude": 22.389316, "decimalLongitude": 114.145525, "eventDate": "2021-09-10T13:09:02Z", "countryCode": "HK" }, "geometry": { "type": "Point", "coordinates": [ 114.145525, 22.389316 ] } },
{ "type": "Feature", "properties": { "decimalLatitude": 22.286634, "decimalLongitude": 114.038858, "eventDate": "2021-09-18T14:26:00Z", "countryCode": "HK" }, "geometry": { "type": "Point", "coordinates": [ 114.038858, 22.286634 ] } },
{ "type": "Feature", "properties": { "decimalLatitude": 8.653189, "decimalLongitude": 98.44657, "eventDate": "2021-09-08T15:28:37Z", "countryCode": "TH" }, "geometry": { "type": "Point", "coordinates": [ 98.44657, 8.653189 ] } },
{ "type": "Feature", "properties": { "decimalLatitude": 18.800945, "decimalLongitude": 98.942277, "eventDate": "2021-09-19T14:06:00Z", "countryCode": "TH" }, "geometry": { "type": "Point", "coordinates": [ 98.942277, 18.800945 ] } },
{ "type": "Feature", "properties": { "decimalLatitude": 22.246778, "decimalLongitude": 113.861816, "eventDate": "2021-09-27T14:33:00Z", "countryCode": "HK" }, "geometry": { "type": "Point", "coordinates": [ 113.861816, 22.246778 ] } },
{ "type": "Feature", "properties": { "decimalLatitude": 22.389257, "decimalLongitude": 114.145515, "eventDate": "2021-09-10T13:09:59Z", "countryCode": "HK" }, "geometry": { "type": "Point", "coordinates": [ 114.145515, 22.389257 ] } },
{ "type": "Feature", "properties": { "decimalLatitude": 22.388363, "decimalLongitude": 113.957905, "eventDate": "2021-09-12T11:11:00Z", "countryCode": "HK" }, "geometry": { "type": "Point", "coordinates": [ 113.957905, 22.388363 ] } },
{ "type": "Feature", "properties": { "decimalLatitude": 22.500266, "decimalLongitude": 114.169261, "eventDate": "2021-09-25T20:56:12Z", "countryCode": "HK" }, "geometry": { "type": "Point", "coordinates": [ 114.169261, 22.500266 ] } },
{ "type": "Feature", "properties": { "decimalLatitude": 22.405588, "decimalLongitude": 114.077195, "eventDate": "2021-09-25T13:45:33Z", "countryCode": "HK" }, "geometry": { "type": "Point", "coordinates": [ 114.077195, 22.405588 ] } },
{ "type": "Feature", "properties": { "decimalLatitude": 22.560352, "decimalLongitude": 114.083652, "eventDate": "2021-09-11T11:36:00Z", "countryCode": "CN" }, "geometry": { "type": "Point", "coordinates": [ 114.083652, 22.560352 ] } },
{ "type": "Feature", "properties": { "decimalLatitude": 1.364018, "decimalLongitude": 103.776397, "eventDate": "2021-09-25T09:50:33Z", "countryCode": "SG" }, "geometry": { "type": "Point", "coordinates": [ 103.776397, 1.364018 ] } },
{ "type": "Feature", "properties": { "decimalLatitude": 1.400879, "decimalLongitude": 103.807041, "eventDate": "2021-09-17T11:18:22Z", "countryCode": "SG" }, "geometry": { "type": "Point", "coordinates": [ 103.807041, 1.400879 ] } },
{ "type": "Feature", "properties": { "decimalLatitude": 1.399345, "decimalLongitude": 103.807599, "eventDate": "2021-09-05T10:45:00Z", "countryCode": "SG" }, "geometry": { "type": "Point", "coordinates": [ 103.807599, 1.399345 ] } },
{ "type": "Feature", "properties": { "decimalLatitude": 22.426006, "decimalLongitude": 114.241285, "eventDate": "2021-09-22T11:42:00Z", "countryCode": "HK" }, "geometry": { "type": "Point", "coordinates": [ 114.241285, 22.426006 ] } },
{ "type": "Feature", "properties": { "decimalLatitude": 18.570506, "decimalLongitude": 102.621621, "eventDate": "2021-09-26T10:42:00Z", "countryCode": "LA" }, "geometry": { "type": "Point", "coordinates": [ 102.621621, 18.570506 ] } },
{ "type": "Feature", "properties": { "decimalLatitude": 27.445472, "decimalLongitude": 96.535809, "eventDate": "2021-09-26T00:00:00Z", "countryCode": "IN" }, "geometry": { "type": "Point", "coordinates": [ 96.535809, 27.445472 ] } },
{ "type": "Feature", "properties": { "decimalLatitude": 9.786404, "decimalLongitude": 100.005827, "eventDate": "2021-09-08T11:54:00Z", "countryCode": "TH" }, "geometry": { "type": "Point", "coordinates": [ 100.005827, 9.786404 ] } },
{ "type": "Feature", "properties": { "decimalLatitude": 22.368155, "decimalLongitude": 114.143454, "eventDate": "2021-09-11T11:38:00Z", "countryCode": "HK" }, "geometry": { "type": "Point", "coordinates": [ 114.143454, 22.368155 ] } },
{ "type": "Feature", "properties": { "decimalLatitude": 1.364018, "decimalLongitude": 103.776397, "eventDate": "2021-10-01T14:57:58Z", "countryCode": "SG" }, "geometry": { "type": "Point", "coordinates": [ 103.776397, 1.364018 ] } },
{ "type": "Feature", "properties": { "decimalLatitude": 22.315177, "decimalLongitude": 114.277665, "eventDate": "2021-10-01T17:03:00Z", "countryCode": "HK" }, "geometry": { "type": "Point", "coordinates": [ 114.277665, 22.315177 ] } },
{ "type": "Feature", "properties": { "decimalLatitude": 22.256252, "decimalLongitude": 114.163507, "eventDate": "2021-10-01T14:20:00Z", "countryCode": "HK" }, "geometry": { "type": "Point", "coordinates": [ 114.163507, 22.256252 ] } },
{ "type": "Feature", "properties": { "decimalLatitude": 22.559389, "decimalLongitude": 114.076124, "eventDate": "2021-10-01T09:57:00Z", "countryCode": "CN" }, "geometry": { "type": "Point", "coordinates": [ 114.076124, 22.559389 ] } },
{ "type": "Feature", "properties": { "decimalLatitude": 2.988961, "decimalLongitude": 101.932726, "eventDate": "2021-10-03T11:57:00Z", "countryCode": "MY" }, "geometry": { "type": "Point", "coordinates": [ 101.932726, 2.988961 ] } },
{ "type": "Feature", "properties": { "decimalLatitude": 22.296726, "decimalLongitude": 114.291171, "eventDate": "2021-10-04T12:59:15Z", "countryCode": "HK" }, "geometry": { "type": "Point", "coordinates": [ 114.291171, 22.296726 ] } },
{ "type": "Feature", "properties": { "decimalLatitude": 2.999087, "decimalLongitude": 101.962459, "eventDate": "2021-10-03T13:09:00Z", "countryCode": "MY" }, "geometry": { "type": "Point", "coordinates": [ 101.962459, 2.999087 ] } },
{ "type": "Feature", "properties": { "decimalLatitude": 22.504392, "decimalLongitude": 114.236437, "eventDate": "2021-10-14T12:50:46Z", "countryCode": "HK" }, "geometry": { "type": "Point", "coordinates": [ 114.236437, 22.504392 ] } },
{ "type": "Feature", "properties": { "decimalLatitude": 22.125833, "decimalLongitude": 113.557222, "eventDate": "2021-10-17T13:40:00Z", "countryCode": "MO" }, "geometry": { "type": "Point", "coordinates": [ 113.557222, 22.125833 ] } },
{ "type": "Feature", "properties": { "decimalLatitude": 22.254793, "decimalLongitude": 114.162861, "eventDate": "2021-10-01T13:36:00Z", "countryCode": "HK" }, "geometry": { "type": "Point", "coordinates": [ 114.162861, 22.254793 ] } },
{ "type": "Feature", "properties": { "decimalLatitude": 22.347889, "decimalLongitude": 114.095589, "eventDate": "2021-10-19T12:40:00Z", "countryCode": "HK" }, "geometry": { "type": "Point", "coordinates": [ 114.095589, 22.347889 ] } },
{ "type": "Feature", "properties": { "decimalLatitude": 22.461789, "decimalLongitude": 114.179622, "eventDate": "2021-10-25T10:50:00Z", "countryCode": "HK" }, "geometry": { "type": "Point", "coordinates": [ 114.179622, 22.461789 ] } },
{ "type": "Feature", "properties": { "decimalLatitude": 22.203065, "decimalLongitude": 113.85092, "eventDate": "2021-10-24T13:21:16Z", "countryCode": "HK" }, "geometry": { "type": "Point", "coordinates": [ 113.85092, 22.203065 ] } },
{ "type": "Feature", "properties": { "decimalLatitude": 22.296412, "decimalLongitude": 114.290801, "eventDate": "2021-10-24T13:46:44Z", "countryCode": "HK" }, "geometry": { "type": "Point", "coordinates": [ 114.290801, 22.296412 ] } },
{ "type": "Feature", "properties": { "decimalLatitude": 22.126926, "decimalLongitude": 113.559011, "eventDate": "2021-10-17T00:00:00Z", "countryCode": "MO" }, "geometry": { "type": "Point", "coordinates": [ 113.559011, 22.126926 ] } },
{ "type": "Feature", "properties": { "decimalLatitude": 22.58248, "decimalLongitude": 114.034775, "eventDate": "2021-10-17T13:52:53Z", "countryCode": "CN" }, "geometry": { "type": "Point", "coordinates": [ 114.034775, 22.58248 ] } },
{ "type": "Feature", "properties": { "decimalLatitude": 1.355346, "decimalLongitude": 103.798253, "eventDate": "2021-10-02T14:42:00Z", "countryCode": "SG" }, "geometry": { "type": "Point", "coordinates": [ 103.798253, 1.355346 ] } },
{ "type": "Feature", "properties": { "decimalLatitude": 22.318562, "decimalLongitude": 113.562749, "eventDate": "2021-10-25T13:05:00Z", "countryCode": "CN" }, "geometry": { "type": "Point", "coordinates": [ 113.562749, 22.318562 ] } },
{ "type": "Feature", "properties": { "decimalLatitude": 18.570506, "decimalLongitude": 102.621621, "eventDate": "2021-10-03T10:17:00Z", "countryCode": "LA" }, "geometry": { "type": "Point", "coordinates": [ 102.621621, 18.570506 ] } },
{ "type": "Feature", "properties": { "decimalLatitude": 22.518731, "decimalLongitude": 114.217458, "eventDate": "2021-10-16T12:40:00Z", "countryCode": "HK" }, "geometry": { "type": "Point", "coordinates": [ 114.217458, 22.518731 ] } },
{ "type": "Feature", "properties": { "decimalLatitude": 22.48553, "decimalLongitude": 114.183016, "eventDate": "2021-10-02T09:26:00Z", "countryCode": "HK" }, "geometry": { "type": "Point", "coordinates": [ 114.183016, 22.48553 ] } },
{ "type": "Feature", "properties": { "decimalLatitude": 22.431535, "decimalLongitude": 114.175749, "eventDate": "2021-10-10T15:51:00Z", "countryCode": "HK" }, "geometry": { "type": "Point", "coordinates": [ 114.175749, 22.431535 ] } },
{ "type": "Feature", "properties": { "decimalLatitude": 22.435075, "decimalLongitude": 114.267118, "eventDate": "2021-10-02T00:00:00Z", "countryCode": "HK" }, "geometry": { "type": "Point", "coordinates": [ 114.267118, 22.435075 ] } },
{ "type": "Feature", "properties": { "decimalLatitude": 3.103667, "decimalLongitude": 101.487228, "eventDate": "2021-10-04T08:43:13Z", "countryCode": "MY" }, "geometry": { "type": "Point", "coordinates": [ 101.487228, 3.103667 ] } },
{ "type": "Feature", "properties": { "decimalLatitude": 22.266142, "decimalLongitude": 114.140919, "eventDate": "2021-10-23T19:14:00Z", "countryCode": "HK" }, "geometry": { "type": "Point", "coordinates": [ 114.140919, 22.266142 ] } },
{ "type": "Feature", "properties": { "decimalLatitude": 22.460634, "decimalLongitude": 114.329983, "eventDate": "2021-10-23T00:00:00Z", "countryCode": "HK" }, "geometry": { "type": "Point", "coordinates": [ 114.329983, 22.460634 ] } },
{ "type": "Feature", "properties": { "decimalLatitude": 22.519578, "decimalLongitude": 114.256497, "eventDate": "2021-10-31T10:56:00Z", "countryCode": "HK" }, "geometry": { "type": "Point", "coordinates": [ 114.256497, 22.519578 ] } },
{ "type": "Feature", "properties": { "decimalLatitude": 22.49775, "decimalLongitude": 92.18542, "eventDate": "2021-10-15T00:00:00Z", "countryCode": "BD" }, "geometry": { "type": "Point", "coordinates": [ 92.18542, 22.49775 ] } },
{ "type": "Feature", "properties": { "decimalLatitude": 22.262061, "decimalLongitude": 114.052108, "eventDate": "2021-10-20T14:51:00Z", "countryCode": "HK" }, "geometry": { "type": "Point", "coordinates": [ 114.052108, 22.262061 ] } },
{ "type": "Feature", "properties": { "decimalLatitude": 1.413441, "decimalLongitude": 103.787967, "eventDate": "2021-10-23T21:07:00Z", "countryCode": "SG" }, "geometry": { "type": "Point", "coordinates": [ 103.787967, 1.413441 ] } },
{ "type": "Feature", "properties": { "decimalLatitude": 22.442486, "decimalLongitude": 114.288754, "eventDate": "2021-11-02T12:48:00Z", "countryCode": "HK" }, "geometry": { "type": "Point", "coordinates": [ 114.288754, 22.442486 ] } },
{ "type": "Feature", "properties": { "decimalLatitude": 22.121711, "decimalLongitude": 113.560941, "eventDate": "2021-11-11T00:00:00Z", "countryCode": "MO" }, "geometry": { "type": "Point", "coordinates": [ 113.560941, 22.121711 ] } },
{ "type": "Feature", "properties": { "decimalLatitude": 22.516859, "decimalLongitude": 114.206699, "eventDate": "2021-11-06T12:25:43Z", "countryCode": "HK" }, "geometry": { "type": "Point", "coordinates": [ 114.206699, 22.516859 ] } },
{ "type": "Feature", "properties": { "decimalLatitude": 22.557862, "decimalLongitude": 114.170119, "eventDate": "2021-11-13T16:38:00Z", "countryCode": "HK" }, "geometry": { "type": "Point", "coordinates": [ 114.170119, 22.557862 ] } },
{ "type": "Feature", "properties": { "decimalLatitude": 22.284467, "decimalLongitude": 114.019707, "eventDate": "2021-11-07T12:23:38Z", "countryCode": "HK" }, "geometry": { "type": "Point", "coordinates": [ 114.019707, 22.284467 ] } },
{ "type": "Feature", "properties": { "decimalLatitude": 22.424607, "decimalLongitude": 114.244514, "eventDate": "2021-11-24T14:03:00Z", "countryCode": "HK" }, "geometry": { "type": "Point", "coordinates": [ 114.244514, 22.424607 ] } },
{ "type": "Feature", "properties": { "decimalLatitude": 1.362522, "decimalLongitude": 103.77825, "eventDate": "2021-11-06T10:32:00Z", "countryCode": "SG" }, "geometry": { "type": "Point", "coordinates": [ 103.77825, 1.362522 ] } },
{ "type": "Feature", "properties": { "decimalLatitude": 22.424607, "decimalLongitude": 114.244514, "eventDate": "2021-11-24T13:12:00Z", "countryCode": "HK" }, "geometry": { "type": "Point", "coordinates": [ 114.244514, 22.424607 ] } },
{ "type": "Feature", "properties": { "decimalLatitude": 22.376108, "decimalLongitude": 114.048564, "eventDate": "2021-11-13T11:07:00Z", "countryCode": "HK" }, "geometry": { "type": "Point", "coordinates": [ 114.048564, 22.376108 ] } },
{ "type": "Feature", "properties": { "decimalLatitude": 22.467136, "decimalLongitude": 114.179491, "eventDate": "2021-11-10T10:00:00Z", "countryCode": "HK" }, "geometry": { "type": "Point", "coordinates": [ 114.179491, 22.467136 ] } },
{ "type": "Feature", "properties": { "decimalLatitude": 22.121075, "decimalLongitude": 113.560083, "eventDate": "2021-11-08T00:00:00Z", "countryCode": "MO" }, "geometry": { "type": "Point", "coordinates": [ 113.560083, 22.121075 ] } },
{ "type": "Feature", "properties": { "decimalLatitude": 22.39083, "decimalLongitude": 113.972513, "eventDate": "2021-11-10T12:21:00Z", "countryCode": "HK" }, "geometry": { "type": "Point", "coordinates": [ 113.972513, 22.39083 ] } },
{ "type": "Feature", "properties": { "decimalLatitude": 22.226043, "decimalLongitude": 114.123786, "eventDate": "2021-11-16T17:38:41Z", "countryCode": "HK" }, "geometry": { "type": "Point", "coordinates": [ 114.123786, 22.226043 ] } },
{ "type": "Feature", "properties": { "decimalLatitude": 22.253145, "decimalLongitude": 114.163392, "eventDate": "2021-11-30T15:29:32Z", "countryCode": "HK" }, "geometry": { "type": "Point", "coordinates": [ 114.163392, 22.253145 ] } },
{ "type": "Feature", "properties": { "decimalLatitude": 1.356237, "decimalLongitude": 103.80152, "eventDate": "2021-11-16T12:20:00Z", "countryCode": "SG" }, "geometry": { "type": "Point", "coordinates": [ 103.80152, 1.356237 ] } },
{ "type": "Feature", "properties": { "decimalLatitude": 1.353805, "decimalLongitude": 103.805337, "eventDate": "2021-11-28T09:16:00Z", "countryCode": "SG" }, "geometry": { "type": "Point", "coordinates": [ 103.805337, 1.353805 ] } },
{ "type": "Feature", "properties": { "decimalLatitude": 18.816797, "decimalLongitude": 98.924115, "eventDate": "2021-11-06T10:24:00Z", "countryCode": "TH" }, "geometry": { "type": "Point", "coordinates": [ 98.924115, 18.816797 ] } },
{ "type": "Feature", "properties": { "decimalLatitude": 22.331768, "decimalLongitude": 114.246162, "eventDate": "2021-11-02T09:16:00Z", "countryCode": "HK" }, "geometry": { "type": "Point", "coordinates": [ 114.246162, 22.331768 ] } },
{ "type": "Feature", "properties": { "decimalLatitude": 7.17515, "decimalLongitude": 100.614347, "eventDate": "2021-11-06T11:08:25Z", "countryCode": "TH" }, "geometry": { "type": "Point", "coordinates": [ 100.614347, 7.17515 ] } },
{ "type": "Feature", "properties": { "decimalLatitude": 18.7595, "decimalLongitude": 98.918669, "eventDate": "2021-11-13T15:23:07Z", "countryCode": "TH" }, "geometry": { "type": "Point", "coordinates": [ 98.918669, 18.7595 ] } },
{ "type": "Feature", "properties": { "decimalLatitude": 18.80038, "decimalLongitude": 98.94252, "eventDate": "2021-11-03T10:50:07Z", "countryCode": "TH" }, "geometry": { "type": "Point", "coordinates": [ 98.94252, 18.80038 ] } },
{ "type": "Feature", "properties": { "decimalLatitude": 22.37403, "decimalLongitude": 114.265762, "eventDate": "2021-11-17T16:55:57Z", "countryCode": "HK" }, "geometry": { "type": "Point", "coordinates": [ 114.265762, 22.37403 ] } },
{ "type": "Feature", "properties": { "decimalLatitude": 1.357901, "decimalLongitude": 103.804555, "eventDate": "2021-12-20T12:47:00Z", "countryCode": "SG" }, "geometry": { "type": "Point", "coordinates": [ 103.804555, 1.357901 ] } },
{ "type": "Feature", "properties": { "decimalLatitude": 1.357015, "decimalLongitude": 103.804519, "eventDate": "2021-12-20T12:55:00Z", "countryCode": "SG" }, "geometry": { "type": "Point", "coordinates": [ 103.804519, 1.357015 ] } },
{ "type": "Feature", "properties": { "decimalLatitude": 1.357935, "decimalLongitude": 103.804514, "eventDate": "2021-12-20T12:36:00Z", "countryCode": "SG" }, "geometry": { "type": "Point", "coordinates": [ 103.804514, 1.357935 ] } },
{ "type": "Feature", "properties": { "decimalLatitude": 18.800945, "decimalLongitude": 98.942277, "eventDate": "2021-12-23T12:30:00Z", "countryCode": "TH" }, "geometry": { "type": "Point", "coordinates": [ 98.942277, 18.800945 ] } },
{ "type": "Feature", "properties": { "decimalLatitude": 5.465118, "decimalLongitude": 100.28221, "eventDate": "2021-12-19T20:16:00Z", "countryCode": "MY" }, "geometry": { "type": "Point", "coordinates": [ 100.28221, 5.465118 ] } },
{ "type": "Feature", "properties": { "decimalLatitude": -2.879991, "decimalLongitude": 104.651561, "eventDate": "2021-12-16T22:01:00Z", "countryCode": "ID" }, "geometry": { "type": "Point", "coordinates": [ 104.651561, -2.879991 ] } },
{ "type": "Feature", "properties": { "decimalLatitude": 24.352674, "decimalLongitude": 92.344815, "eventDate": "2021-12-27T12:17:00Z", "countryCode": "IN" }, "geometry": { "type": "Point", "coordinates": [ 92.344815, 24.352674 ] } },
{ "type": "Feature", "properties": { "decimalLatitude": 17.732266, "decimalLongitude": 102.351912, "eventDate": "2021-12-26T14:02:00Z", "countryCode": "TH" }, "geometry": { "type": "Point", "coordinates": [ 102.351912, 17.732266 ] } },
{ "type": "Feature", "properties": { "decimalLatitude": 22.476946, "decimalLongitude": 114.219515, "eventDate": "2021-12-06T15:48:00Z", "countryCode": "HK" }, "geometry": { "type": "Point", "coordinates": [ 114.219515, 22.476946 ] } },
{ "type": "Feature", "properties": { "decimalLatitude": 1.793134, "decimalLongitude": 110.297332, "eventDate": "2021-12-21T17:46:00Z", "countryCode": "MY" }, "geometry": { "type": "Point", "coordinates": [ 110.297332, 1.793134 ] } },
{ "type": "Feature", "properties": { "decimalLatitude": 9.778454, "decimalLongitude": 100.007439, "eventDate": "2021-12-04T13:45:00Z", "countryCode": "TH" }, "geometry": { "type": "Point", "coordinates": [ 100.007439, 9.778454 ] } },
{ "type": "Feature", "properties": { "decimalLatitude": 7.927187, "decimalLongitude": 98.294057, "eventDate": "2021-12-30T10:14:00Z", "countryCode": "TH" }, "geometry": { "type": "Point", "coordinates": [ 98.294057, 7.927187 ] } },
{ "type": "Feature", "properties": { "decimalLatitude": 1.426007, "decimalLongitude": 103.824105, "eventDate": "2022-01-08T08:58:14Z", "countryCode": "SG" }, "geometry": { "type": "Point", "coordinates": [ 103.824105, 1.426007 ] } },
{ "type": "Feature", "properties": { "decimalLatitude": 1.342615, "decimalLongitude": 103.822987, "eventDate": "2022-01-14T13:06:00Z", "countryCode": "SG" }, "geometry": { "type": "Point", "coordinates": [ 103.822987, 1.342615 ] } },
{ "type": "Feature", "properties": { "decimalLatitude": 1.399249, "decimalLongitude": 103.805813, "eventDate": "2022-01-05T11:27:00Z", "countryCode": "SG" }, "geometry": { "type": "Point", "coordinates": [ 103.805813, 1.399249 ] } },
{ "type": "Feature", "properties": { "decimalLatitude": 1.335892, "decimalLongitude": 103.818458, "eventDate": "2022-01-09T11:05:39Z", "countryCode": "SG" }, "geometry": { "type": "Point", "coordinates": [ 103.818458, 1.335892 ] } },
{ "type": "Feature", "properties": { "decimalLatitude": 12.84376, "decimalLongitude": 99.59116, "eventDate": "2022-01-20T11:52:00Z", "countryCode": "TH" }, "geometry": { "type": "Point", "coordinates": [ 99.59116, 12.84376 ] } },
{ "type": "Feature", "properties": { "decimalLatitude": 1.426007, "decimalLongitude": 103.824105, "eventDate": "2022-01-08T08:57:36Z", "countryCode": "SG" }, "geometry": { "type": "Point", "coordinates": [ 103.824105, 1.426007 ] } },
{ "type": "Feature", "properties": { "decimalLatitude": 5.15878, "decimalLongitude": 100.547766, "eventDate": "2022-01-15T11:48:00Z", "countryCode": "MY" }, "geometry": { "type": "Point", "coordinates": [ 100.547766, 5.15878 ] } },
{ "type": "Feature", "properties": { "decimalLatitude": 5.434956, "decimalLongitude": 100.293552, "eventDate": "2022-01-08T12:43:00Z", "countryCode": "MY" }, "geometry": { "type": "Point", "coordinates": [ 100.293552, 5.434956 ] } },
{ "type": "Feature", "properties": { "decimalLatitude": 5.434848, "decimalLongitude": 100.293615, "eventDate": "2022-01-08T12:51:00Z", "countryCode": "MY" }, "geometry": { "type": "Point", "coordinates": [ 100.293615, 5.434848 ] } },
{ "type": "Feature", "properties": { "decimalLatitude": 5.160061, "decimalLongitude": 100.548012, "eventDate": "2022-01-15T11:46:00Z", "countryCode": "MY" }, "geometry": { "type": "Point", "coordinates": [ 100.548012, 5.160061 ] } },
{ "type": "Feature", "properties": { "decimalLatitude": 18.806062, "decimalLongitude": 98.942795, "eventDate": "2022-01-09T11:38:38Z", "countryCode": "TH" }, "geometry": { "type": "Point", "coordinates": [ 98.942795, 18.806062 ] } },
{ "type": "Feature", "properties": { "decimalLatitude": 14.14932, "decimalLongitude": 106.492072, "eventDate": "2022-01-26T02:57:22Z", "countryCode": "KH" }, "geometry": { "type": "Point", "coordinates": [ 106.492072, 14.14932 ] } },
{ "type": "Feature", "properties": { "decimalLatitude": 1.359596, "decimalLongitude": 103.77712, "eventDate": "2022-02-09T10:17:00Z", "countryCode": "SG" }, "geometry": { "type": "Point", "coordinates": [ 103.77712, 1.359596 ] } },
{ "type": "Feature", "properties": { "decimalLatitude": 6.946821, "decimalLongitude": 100.240036, "eventDate": "2022-02-13T14:05:00Z", "countryCode": "TH" }, "geometry": { "type": "Point", "coordinates": [ 100.240036, 6.946821 ] } },
{ "type": "Feature", "properties": { "decimalLatitude": 6.656153, "decimalLongitude": 101.096022, "eventDate": "2022-02-16T11:14:32Z", "countryCode": "TH" }, "geometry": { "type": "Point", "coordinates": [ 101.096022, 6.656153 ] } },
{ "type": "Feature", "properties": { "decimalLatitude": 5.43549, "decimalLongitude": 100.292638, "eventDate": "2022-02-18T09:43:00Z", "countryCode": "MY" }, "geometry": { "type": "Point", "coordinates": [ 100.292638, 5.43549 ] } },
{ "type": "Feature", "properties": { "decimalLatitude": 5.387501, "decimalLongitude": 100.293852, "eventDate": "2022-02-22T15:09:01Z", "countryCode": "MY" }, "geometry": { "type": "Point", "coordinates": [ 100.293852, 5.387501 ] } },
{ "type": "Feature", "properties": { "decimalLatitude": 1.359819, "decimalLongitude": 103.826671, "eventDate": "2022-02-17T11:46:00Z", "countryCode": "SG" }, "geometry": { "type": "Point", "coordinates": [ 103.826671, 1.359819 ] } },
{ "type": "Feature", "properties": { "decimalLatitude": 1.287958, "decimalLongitude": 103.893646, "eventDate": "2022-02-18T10:13:29Z", "countryCode": "SG" }, "geometry": { "type": "Point", "coordinates": [ 103.893646, 1.287958 ] } },
{ "type": "Feature", "properties": { "decimalLatitude": 13.809824, "decimalLongitude": 100.554908, "eventDate": "2022-02-05T14:13:51Z", "countryCode": "TH" }, "geometry": { "type": "Point", "coordinates": [ 100.554908, 13.809824 ] } },
{ "type": "Feature", "properties": { "decimalLatitude": 1.357311, "decimalLongitude": 103.816799, "eventDate": "2022-02-25T09:50:30Z", "countryCode": "SG" }, "geometry": { "type": "Point", "coordinates": [ 103.816799, 1.357311 ] } },
{ "type": "Feature", "properties": { "decimalLatitude": 18.812254, "decimalLongitude": 98.941641, "eventDate": "2022-02-28T12:56:00Z", "countryCode": "TH" }, "geometry": { "type": "Point", "coordinates": [ 98.941641, 18.812254 ] } },
{ "type": "Feature", "properties": { "decimalLatitude": 5.43575, "decimalLongitude": 100.292444, "eventDate": "2022-03-08T12:26:00Z", "countryCode": "MY" }, "geometry": { "type": "Point", "coordinates": [ 100.292444, 5.43575 ] } },
{ "type": "Feature", "properties": { "decimalLatitude": 1.399198, "decimalLongitude": 103.807848, "eventDate": "2022-03-13T10:58:00Z", "countryCode": "SG" }, "geometry": { "type": "Point", "coordinates": [ 103.807848, 1.399198 ] } },
{ "type": "Feature", "properties": { "decimalLatitude": 1.359814, "decimalLongitude": 103.826671, "eventDate": "2022-03-07T10:06:10Z", "countryCode": "SG" }, "geometry": { "type": "Point", "coordinates": [ 103.826671, 1.359814 ] } },
{ "type": "Feature", "properties": { "decimalLatitude": 1.357047, "decimalLongitude": 103.804445, "eventDate": "2022-03-28T14:48:43Z", "countryCode": "SG" }, "geometry": { "type": "Point", "coordinates": [ 103.804445, 1.357047 ] } },
{ "type": "Feature", "properties": { "decimalLatitude": 1.35699, "decimalLongitude": 103.817403, "eventDate": "2022-03-31T12:03:17Z", "countryCode": "SG" }, "geometry": { "type": "Point", "coordinates": [ 103.817403, 1.35699 ] } },
{ "type": "Feature", "properties": { "decimalLatitude": 19.17671, "decimalLongitude": 99.031908, "eventDate": "2022-03-31T12:07:00Z", "countryCode": "TH" }, "geometry": { "type": "Point", "coordinates": [ 99.031908, 19.17671 ] } },
{ "type": "Feature", "properties": { "decimalLatitude": 1.335892, "decimalLongitude": 103.818458, "eventDate": "2022-03-28T13:01:11Z", "countryCode": "SG" }, "geometry": { "type": "Point", "coordinates": [ 103.818458, 1.335892 ] } },
{ "type": "Feature", "properties": { "decimalLatitude": 22.451344, "decimalLongitude": 114.316156, "eventDate": "2022-03-27T16:22:06Z", "countryCode": "HK" }, "geometry": { "type": "Point", "coordinates": [ 114.316156, 22.451344 ] } },
{ "type": "Feature", "properties": { "decimalLatitude": 22.443977, "decimalLongitude": 114.147173, "eventDate": "2022-03-27T10:55:09Z", "countryCode": "HK" }, "geometry": { "type": "Point", "coordinates": [ 114.147173, 22.443977 ] } },
{ "type": "Feature", "properties": { "decimalLatitude": 1.400879, "decimalLongitude": 103.807041, "eventDate": "2022-03-26T14:45:00Z", "countryCode": "SG" }, "geometry": { "type": "Point", "coordinates": [ 103.807041, 1.400879 ] } },
{ "type": "Feature", "properties": { "decimalLatitude": 22.447263, "decimalLongitude": 114.306983, "eventDate": "2022-03-27T13:22:03Z", "countryCode": "HK" }, "geometry": { "type": "Point", "coordinates": [ 114.306983, 22.447263 ] } },
{ "type": "Feature", "properties": { "decimalLatitude": 22.425271, "decimalLongitude": 114.0989, "eventDate": "2022-03-31T12:32:00Z", "countryCode": "HK" }, "geometry": { "type": "Point", "coordinates": [ 114.0989, 22.425271 ] } },
{ "type": "Feature", "properties": { "decimalLatitude": 22.436122, "decimalLongitude": 114.157567, "eventDate": "2022-03-30T13:00:23Z", "countryCode": "HK" }, "geometry": { "type": "Point", "coordinates": [ 114.157567, 22.436122 ] } },
{ "type": "Feature", "properties": { "decimalLatitude": 22.350996, "decimalLongitude": 114.090421, "eventDate": "2022-03-30T12:41:00Z", "countryCode": "HK" }, "geometry": { "type": "Point", "coordinates": [ 114.090421, 22.350996 ] } },
{ "type": "Feature", "properties": { "decimalLatitude": 18.812254, "decimalLongitude": 98.941641, "eventDate": "2022-03-02T12:56:00Z", "countryCode": "TH" }, "geometry": { "type": "Point", "coordinates": [ 98.941641, 18.812254 ] } },
{ "type": "Feature", "properties": { "decimalLatitude": 14.814849, "decimalLongitude": 101.594728, "eventDate": "2022-03-25T12:50:31Z", "countryCode": "TH" }, "geometry": { "type": "Point", "coordinates": [ 101.594728, 14.814849 ] } },
{ "type": "Feature", "properties": { "decimalLatitude": 19.2587, "decimalLongitude": 99.129477, "eventDate": "2022-03-31T13:20:00Z", "countryCode": "TH" }, "geometry": { "type": "Point", "coordinates": [ 99.129477, 19.2587 ] } },
{ "type": "Feature", "properties": { "decimalLatitude": 7.496451, "decimalLongitude": 99.087577, "eventDate": "2022-03-26T11:32:00Z", "countryCode": "TH" }, "geometry": { "type": "Point", "coordinates": [ 99.087577, 7.496451 ] } },
{ "type": "Feature", "properties": { "decimalLatitude": 1.341295, "decimalLongitude": 103.829606, "eventDate": "2022-03-13T12:38:59Z", "countryCode": "SG" }, "geometry": { "type": "Point", "coordinates": [ 103.829606, 1.341295 ] } },
{ "type": "Feature", "properties": { "decimalLatitude": 22.311474, "decimalLongitude": 114.292066, "eventDate": "2022-04-08T15:39:12Z", "countryCode": "HK" }, "geometry": { "type": "Point", "coordinates": [ 114.292066, 22.311474 ] } },
{ "type": "Feature", "properties": { "decimalLatitude": 22.476496, "decimalLongitude": 114.231311, "eventDate": "2022-04-03T13:25:00Z", "countryCode": "HK" }, "geometry": { "type": "Point", "coordinates": [ 114.231311, 22.476496 ] } },
{ "type": "Feature", "properties": { "decimalLatitude": 22.409136, "decimalLongitude": 113.962675, "eventDate": "2022-04-05T09:14:00Z", "countryCode": "HK" }, "geometry": { "type": "Point", "coordinates": [ 113.962675, 22.409136 ] } },
{ "type": "Feature", "properties": { "decimalLatitude": 22.275833, "decimalLongitude": 113.989328, "eventDate": "2022-04-01T10:19:17Z", "countryCode": "HK" }, "geometry": { "type": "Point", "coordinates": [ 113.989328, 22.275833 ] } },
{ "type": "Feature", "properties": { "decimalLatitude": 22.391445, "decimalLongitude": 114.320922, "eventDate": "2022-04-17T14:39:49Z", "countryCode": "HK" }, "geometry": { "type": "Point", "coordinates": [ 114.320922, 22.391445 ] } },
{ "type": "Feature", "properties": { "decimalLatitude": 22.275904, "decimalLongitude": 114.120872, "eventDate": "2022-04-03T14:05:19Z", "countryCode": "HK" }, "geometry": { "type": "Point", "coordinates": [ 114.120872, 22.275904 ] } },
{ "type": "Feature", "properties": { "decimalLatitude": 22.398875, "decimalLongitude": 114.077553, "eventDate": "2022-04-16T11:33:03Z", "countryCode": "HK" }, "geometry": { "type": "Point", "coordinates": [ 114.077553, 22.398875 ] } },
{ "type": "Feature", "properties": { "decimalLatitude": 22.24198, "decimalLongitude": 113.992716, "eventDate": "2022-04-14T13:43:00Z", "countryCode": "HK" }, "geometry": { "type": "Point", "coordinates": [ 113.992716, 22.24198 ] } },
{ "type": "Feature", "properties": { "decimalLatitude": 22.435116, "decimalLongitude": 114.130135, "eventDate": "2022-04-16T13:46:18Z", "countryCode": "HK" }, "geometry": { "type": "Point", "coordinates": [ 114.130135, 22.435116 ] } },
{ "type": "Feature", "properties": { "decimalLatitude": 22.299327, "decimalLongitude": 114.293535, "eventDate": "2022-04-20T15:17:28Z", "countryCode": "HK" }, "geometry": { "type": "Point", "coordinates": [ 114.293535, 22.299327 ] } },
{ "type": "Feature", "properties": { "decimalLatitude": 22.249128, "decimalLongitude": 114.002092, "eventDate": "2022-04-10T14:41:54Z", "countryCode": "HK" }, "geometry": { "type": "Point", "coordinates": [ 114.002092, 22.249128 ] } },
{ "type": "Feature", "properties": { "decimalLatitude": 22.249137, "decimalLongitude": 114.002092, "eventDate": "2022-04-10T14:41:58Z", "countryCode": "HK" }, "geometry": { "type": "Point", "coordinates": [ 114.002092, 22.249137 ] } },
{ "type": "Feature", "properties": { "decimalLatitude": 22.486027, "decimalLongitude": 114.188555, "eventDate": "2022-04-13T12:55:40Z", "countryCode": "HK" }, "geometry": { "type": "Point", "coordinates": [ 114.188555, 22.486027 ] } },
{ "type": "Feature", "properties": { "decimalLatitude": 22.225358, "decimalLongitude": 113.890464, "eventDate": "2022-04-03T15:51:18Z", "countryCode": "HK" }, "geometry": { "type": "Point", "coordinates": [ 113.890464, 22.225358 ] } },
{ "type": "Feature", "properties": { "decimalLatitude": 22.56401, "decimalLongitude": 114.077979, "eventDate": "2022-04-05T15:19:00Z", "countryCode": "CN" }, "geometry": { "type": "Point", "coordinates": [ 114.077979, 22.56401 ] } },
{ "type": "Feature", "properties": { "decimalLatitude": 22.470578, "decimalLongitude": 114.234253, "eventDate": "2022-04-01T15:07:18Z", "countryCode": "HK" }, "geometry": { "type": "Point", "coordinates": [ 114.234253, 22.470578 ] } },
{ "type": "Feature", "properties": { "decimalLatitude": 22.599995, "decimalLongitude": 114.330093, "eventDate": "2022-04-20T00:00:00Z", "countryCode": "HK" }, "geometry": { "type": "Point", "coordinates": [ 114.330093, 22.599995 ] } },
{ "type": "Feature", "properties": { "decimalLatitude": 22.226704, "decimalLongitude": 113.88895, "eventDate": "2022-04-03T15:30:09Z", "countryCode": "HK" }, "geometry": { "type": "Point", "coordinates": [ 113.88895, 22.226704 ] } },
{ "type": "Feature", "properties": { "decimalLatitude": 1.356923, "decimalLongitude": 103.804488, "eventDate": "2022-04-01T11:38:37Z", "countryCode": "SG" }, "geometry": { "type": "Point", "coordinates": [ 103.804488, 1.356923 ] } },
{ "type": "Feature", "properties": { "decimalLatitude": 22.510158, "decimalLongitude": 114.18283, "eventDate": "2022-04-01T13:02:09Z", "countryCode": "HK" }, "geometry": { "type": "Point", "coordinates": [ 114.18283, 22.510158 ] } },
{ "type": "Feature", "properties": { "decimalLatitude": 22.392125, "decimalLongitude": 114.090964, "eventDate": "2022-04-10T12:11:47Z", "countryCode": "HK" }, "geometry": { "type": "Point", "coordinates": [ 114.090964, 22.392125 ] } },
{ "type": "Feature", "properties": { "decimalLatitude": 22.430622, "decimalLongitude": 114.180832, "eventDate": "2022-04-08T14:25:58Z", "countryCode": "HK" }, "geometry": { "type": "Point", "coordinates": [ 114.180832, 22.430622 ] } },
{ "type": "Feature", "properties": { "decimalLatitude": 1.359429, "decimalLongitude": 103.824415, "eventDate": "2022-04-14T12:39:00Z", "countryCode": "SG" }, "geometry": { "type": "Point", "coordinates": [ 103.824415, 1.359429 ] } },
{ "type": "Feature", "properties": { "decimalLatitude": 22.380258, "decimalLongitude": 114.1512, "eventDate": "2022-04-13T12:36:54Z", "countryCode": "HK" }, "geometry": { "type": "Point", "coordinates": [ 114.1512, 22.380258 ] } },
{ "type": "Feature", "properties": { "decimalLatitude": 22.50295, "decimalLongitude": 114.237447, "eventDate": "2022-04-05T14:32:46Z", "countryCode": "HK" }, "geometry": { "type": "Point", "coordinates": [ 114.237447, 22.50295 ] } },
{ "type": "Feature", "properties": { "decimalLatitude": 22.424916, "decimalLongitude": 114.075375, "eventDate": "2022-04-07T08:59:49Z", "countryCode": "HK" }, "geometry": { "type": "Point", "coordinates": [ 114.075375, 22.424916 ] } },
{ "type": "Feature", "properties": { "decimalLatitude": 22.215675, "decimalLongitude": 113.915764, "eventDate": "2022-04-03T09:29:00Z", "countryCode": "HK" }, "geometry": { "type": "Point", "coordinates": [ 113.915764, 22.215675 ] } },
{ "type": "Feature", "properties": { "decimalLatitude": 22.437111, "decimalLongitude": 114.344344, "eventDate": "2022-04-06T13:03:00Z", "countryCode": "HK" }, "geometry": { "type": "Point", "coordinates": [ 114.344344, 22.437111 ] } },
{ "type": "Feature", "properties": { "decimalLatitude": 22.213483, "decimalLongitude": 113.916581, "eventDate": "2022-04-03T09:36:00Z", "countryCode": "HK" }, "geometry": { "type": "Point", "coordinates": [ 113.916581, 22.213483 ] } },
{ "type": "Feature", "properties": { "decimalLatitude": 22.514335, "decimalLongitude": 114.207304, "eventDate": "2022-04-03T15:02:00Z", "countryCode": "HK" }, "geometry": { "type": "Point", "coordinates": [ 114.207304, 22.514335 ] } },
{ "type": "Feature", "properties": { "decimalLatitude": 22.212537, "decimalLongitude": 113.904805, "eventDate": "2022-04-14T12:15:24Z", "countryCode": "HK" }, "geometry": { "type": "Point", "coordinates": [ 113.904805, 22.212537 ] } },
{ "type": "Feature", "properties": { "decimalLatitude": 22.286015, "decimalLongitude": 113.918571, "eventDate": "2022-04-15T13:14:32Z", "countryCode": "HK" }, "geometry": { "type": "Point", "coordinates": [ 113.918571, 22.286015 ] } },
{ "type": "Feature", "properties": { "decimalLatitude": 22.432599, "decimalLongitude": 114.175895, "eventDate": "2022-04-10T10:33:00Z", "countryCode": "HK" }, "geometry": { "type": "Point", "coordinates": [ 114.175895, 22.432599 ] } },
{ "type": "Feature", "properties": { "decimalLatitude": 22.278117, "decimalLongitude": 114.13257, "eventDate": "2022-04-10T17:15:27Z", "countryCode": "HK" }, "geometry": { "type": "Point", "coordinates": [ 114.13257, 22.278117 ] } },
{ "type": "Feature", "properties": { "decimalLatitude": 22.511191, "decimalLongitude": 114.269945, "eventDate": "2022-04-15T12:03:00Z", "countryCode": "HK" }, "geometry": { "type": "Point", "coordinates": [ 114.269945, 22.511191 ] } },
{ "type": "Feature", "properties": { "decimalLatitude": 1.361501, "decimalLongitude": 103.77717, "eventDate": "2022-04-18T16:58:00Z", "countryCode": "SG" }, "geometry": { "type": "Point", "coordinates": [ 103.77717, 1.361501 ] } },
{ "type": "Feature", "properties": { "decimalLatitude": 22.2879, "decimalLongitude": 113.92146, "eventDate": "2022-04-11T09:18:57Z", "countryCode": "HK" }, "geometry": { "type": "Point", "coordinates": [ 113.92146, 22.2879 ] } },
{ "type": "Feature", "properties": { "decimalLatitude": 22.477489, "decimalLongitude": 114.071045, "eventDate": "2022-04-21T12:49:00Z", "countryCode": "HK" }, "geometry": { "type": "Point", "coordinates": [ 114.071045, 22.477489 ] } },
{ "type": "Feature", "properties": { "decimalLatitude": 22.449604, "decimalLongitude": 114.319558, "eventDate": "2022-04-03T14:23:00Z", "countryCode": "HK" }, "geometry": { "type": "Point", "coordinates": [ 114.319558, 22.449604 ] } },
{ "type": "Feature", "properties": { "decimalLatitude": 22.282762, "decimalLongitude": 114.137239, "eventDate": "2022-04-05T12:20:47Z", "countryCode": "HK" }, "geometry": { "type": "Point", "coordinates": [ 114.137239, 22.282762 ] } },
{ "type": "Feature", "properties": { "decimalLatitude": 22.350752, "decimalLongitude": 114.203033, "eventDate": "2022-04-18T13:39:30Z", "countryCode": "HK" }, "geometry": { "type": "Point", "coordinates": [ 114.203033, 22.350752 ] } },
{ "type": "Feature", "properties": { "decimalLatitude": 22.24913, "decimalLongitude": 114.002097, "eventDate": "2022-04-10T14:41:54Z", "countryCode": "HK" }, "geometry": { "type": "Point", "coordinates": [ 114.002097, 22.24913 ] } },
{ "type": "Feature", "properties": { "decimalLatitude": 22.303108, "decimalLongitude": 114.290663, "eventDate": "2022-04-20T13:45:12Z", "countryCode": "HK" }, "geometry": { "type": "Point", "coordinates": [ 114.290663, 22.303108 ] } },
{ "type": "Feature", "properties": { "decimalLatitude": 22.420176, "decimalLongitude": 113.647382, "eventDate": "2022-04-09T10:08:00Z", "countryCode": "CN" }, "geometry": { "type": "Point", "coordinates": [ 113.647382, 22.420176 ] } },
{ "type": "Feature", "properties": { "decimalLatitude": 22.212522, "decimalLongitude": 113.914503, "eventDate": "2022-04-14T12:59:09Z", "countryCode": "HK" }, "geometry": { "type": "Point", "coordinates": [ 113.914503, 22.212522 ] } },
{ "type": "Feature", "properties": { "decimalLatitude": 22.211484, "decimalLongitude": 113.915048, "eventDate": "2022-04-17T11:00:00Z", "countryCode": "HK" }, "geometry": { "type": "Point", "coordinates": [ 113.915048, 22.211484 ] } },
{ "type": "Feature", "properties": { "decimalLatitude": 22.442322, "decimalLongitude": 114.165506, "eventDate": "2022-04-11T23:19:00Z", "countryCode": "HK" }, "geometry": { "type": "Point", "coordinates": [ 114.165506, 22.442322 ] } },
{ "type": "Feature", "properties": { "decimalLatitude": 22.478104, "decimalLongitude": 114.21775, "eventDate": "2022-04-25T12:04:00Z", "countryCode": "HK" }, "geometry": { "type": "Point", "coordinates": [ 114.21775, 22.478104 ] } },
{ "type": "Feature", "properties": { "decimalLatitude": 22.266457, "decimalLongitude": 113.908151, "eventDate": "2022-04-24T00:00:00Z", "countryCode": "HK" }, "geometry": { "type": "Point", "coordinates": [ 113.908151, 22.266457 ] } },
{ "type": "Feature", "properties": { "decimalLatitude": 22.362693, "decimalLongitude": 114.045811, "eventDate": "2022-04-22T10:12:44Z", "countryCode": "HK" }, "geometry": { "type": "Point", "coordinates": [ 114.045811, 22.362693 ] } },
{ "type": "Feature", "properties": { "decimalLatitude": 22.477652, "decimalLongitude": 114.216889, "eventDate": "2022-04-25T11:54:00Z", "countryCode": "HK" }, "geometry": { "type": "Point", "coordinates": [ 114.216889, 22.477652 ] } },
{ "type": "Feature", "properties": { "decimalLatitude": 1.356237, "decimalLongitude": 103.80152, "eventDate": "2022-04-17T10:29:00Z", "countryCode": "SG" }, "geometry": { "type": "Point", "coordinates": [ 103.80152, 1.356237 ] } },
{ "type": "Feature", "properties": { "decimalLatitude": 1.356237, "decimalLongitude": 103.80152, "eventDate": "2022-04-17T11:47:00Z", "countryCode": "SG" }, "geometry": { "type": "Point", "coordinates": [ 103.80152, 1.356237 ] } },
{ "type": "Feature", "properties": { "decimalLatitude": 1.356237, "decimalLongitude": 103.80152, "eventDate": "2022-04-17T11:47:00Z", "countryCode": "SG" }, "geometry": { "type": "Point", "coordinates": [ 103.80152, 1.356237 ] } },
{ "type": "Feature", "properties": { "decimalLatitude": 1.349416, "decimalLongitude": 103.812285, "eventDate": "2022-04-24T11:30:00Z", "countryCode": "SG" }, "geometry": { "type": "Point", "coordinates": [ 103.812285, 1.349416 ] } },
{ "type": "Feature", "properties": { "decimalLatitude": 22.467428, "decimalLongitude": 114.177449, "eventDate": "2022-04-07T15:29:00Z", "countryCode": "HK" }, "geometry": { "type": "Point", "coordinates": [ 114.177449, 22.467428 ] } },
{ "type": "Feature", "properties": { "decimalLatitude": 1.353487, "decimalLongitude": 103.778167, "eventDate": "2022-04-24T12:06:00Z", "countryCode": "SG" }, "geometry": { "type": "Point", "coordinates": [ 103.778167, 1.353487 ] } },
{ "type": "Feature", "properties": { "decimalLatitude": 22.216142, "decimalLongitude": 113.916053, "eventDate": "2022-04-26T16:07:40Z", "countryCode": "HK" }, "geometry": { "type": "Point", "coordinates": [ 113.916053, 22.216142 ] } },
{ "type": "Feature", "properties": { "decimalLatitude": 22.3749, "decimalLongitude": 114.12625, "eventDate": "2022-04-22T13:11:16Z", "countryCode": "HK" }, "geometry": { "type": "Point", "coordinates": [ 114.12625, 22.3749 ] } },
{ "type": "Feature", "properties": { "decimalLatitude": 22.476808, "decimalLongitude": 114.218725, "eventDate": "2022-04-24T02:35:00Z", "countryCode": "HK" }, "geometry": { "type": "Point", "coordinates": [ 114.218725, 22.476808 ] } },
{ "type": "Feature", "properties": { "decimalLatitude": 22.526913, "decimalLongitude": 114.260147, "eventDate": "2022-04-23T12:50:53Z", "countryCode": "HK" }, "geometry": { "type": "Point", "coordinates": [ 114.260147, 22.526913 ] } },
{ "type": "Feature", "properties": { "decimalLatitude": 1.356237, "decimalLongitude": 103.80152, "eventDate": "2022-04-17T10:35:00Z", "countryCode": "SG" }, "geometry": { "type": "Point", "coordinates": [ 103.80152, 1.356237 ] } },
{ "type": "Feature", "properties": { "decimalLatitude": 22.274046, "decimalLongitude": 114.120461, "eventDate": "2022-04-26T12:20:21Z", "countryCode": "HK" }, "geometry": { "type": "Point", "coordinates": [ 114.120461, 22.274046 ] } },
{ "type": "Feature", "properties": { "decimalLatitude": 1.356237, "decimalLongitude": 103.80152, "eventDate": "2022-04-17T11:51:00Z", "countryCode": "SG" }, "geometry": { "type": "Point", "coordinates": [ 103.80152, 1.356237 ] } },
{ "type": "Feature", "properties": { "decimalLatitude": 22.336827, "decimalLongitude": 114.040054, "eventDate": "2022-04-26T11:43:42Z", "countryCode": "HK" }, "geometry": { "type": "Point", "coordinates": [ 114.040054, 22.336827 ] } },
{ "type": "Feature", "properties": { "decimalLatitude": 22.522458, "decimalLongitude": 114.25273, "eventDate": "2022-04-23T13:33:49Z", "countryCode": "HK" }, "geometry": { "type": "Point", "coordinates": [ 114.25273, 22.522458 ] } },
{ "type": "Feature", "properties": { "decimalLatitude": 7.021603, "decimalLongitude": 100.291616, "eventDate": "2022-04-24T10:22:05Z", "countryCode": "TH" }, "geometry": { "type": "Point", "coordinates": [ 100.291616, 7.021603 ] } },
{ "type": "Feature", "properties": { "decimalLatitude": 22.295564, "decimalLongitude": 113.958862, "eventDate": "2022-04-29T07:46:16Z", "countryCode": "HK" }, "geometry": { "type": "Point", "coordinates": [ 113.958862, 22.295564 ] } },
{ "type": "Feature", "properties": { "decimalLatitude": 22.357098, "decimalLongitude": 114.131653, "eventDate": "2022-04-18T14:45:16Z", "countryCode": "HK" }, "geometry": { "type": "Point", "coordinates": [ 114.131653, 22.357098 ] } },
{ "type": "Feature", "properties": { "decimalLatitude": 22.356285, "decimalLongitude": 114.133439, "eventDate": "2022-04-22T14:44:16Z", "countryCode": "HK" }, "geometry": { "type": "Point", "coordinates": [ 114.133439, 22.356285 ] } },
{ "type": "Feature", "properties": { "decimalLatitude": 22.422129, "decimalLongitude": 114.101708, "eventDate": "2022-04-30T13:47:00Z", "countryCode": "HK" }, "geometry": { "type": "Point", "coordinates": [ 114.101708, 22.422129 ] } },
{ "type": "Feature", "properties": { "decimalLatitude": 22.421031, "decimalLongitude": 114.181043, "eventDate": "2022-04-30T15:18:53Z", "countryCode": "HK" }, "geometry": { "type": "Point", "coordinates": [ 114.181043, 22.421031 ] } },
{ "type": "Feature", "properties": { "decimalLatitude": 1.357111, "decimalLongitude": 103.804733, "eventDate": "2022-04-14T11:14:00Z", "countryCode": "SG" }, "geometry": { "type": "Point", "coordinates": [ 103.804733, 1.357111 ] } },
{ "type": "Feature", "properties": { "decimalLatitude": 1.357111, "decimalLongitude": 103.804733, "eventDate": "2022-04-14T11:35:00Z", "countryCode": "SG" }, "geometry": { "type": "Point", "coordinates": [ 103.804733, 1.357111 ] } },
{ "type": "Feature", "properties": { "decimalLatitude": 22.226003, "decimalLongitude": 113.898138, "eventDate": "2022-04-29T10:14:55Z", "countryCode": "HK" }, "geometry": { "type": "Point", "coordinates": [ 113.898138, 22.226003 ] } },
{ "type": "Feature", "properties": { "decimalLatitude": 22.420173, "decimalLongitude": 114.178838, "eventDate": "2022-04-30T15:19:49Z", "countryCode": "HK" }, "geometry": { "type": "Point", "coordinates": [ 114.178838, 22.420173 ] } },
{ "type": "Feature", "properties": { "decimalLatitude": 22.560445, "decimalLongitude": 114.222556, "eventDate": "2022-04-21T18:12:00Z", "countryCode": "CN" }, "geometry": { "type": "Point", "coordinates": [ 114.222556, 22.560445 ] } },
{ "type": "Feature", "properties": { "decimalLatitude": 22.476644, "decimalLongitude": 114.23339, "eventDate": "2022-04-29T09:12:00Z", "countryCode": "HK" }, "geometry": { "type": "Point", "coordinates": [ 114.23339, 22.476644 ] } },
{ "type": "Feature", "properties": { "decimalLatitude": 1.398943, "decimalLongitude": 103.806907, "eventDate": "2022-04-30T12:47:00Z", "countryCode": "SG" }, "geometry": { "type": "Point", "coordinates": [ 103.806907, 1.398943 ] } },
{ "type": "Feature", "properties": { "decimalLatitude": 22.476644, "decimalLongitude": 114.23339, "eventDate": "2022-04-29T09:39:00Z", "countryCode": "HK" }, "geometry": { "type": "Point", "coordinates": [ 114.23339, 22.476644 ] } },
{ "type": "Feature", "properties": { "decimalLatitude": 1.414335, "decimalLongitude": 103.787864, "eventDate": "2022-04-30T10:14:00Z", "countryCode": "SG" }, "geometry": { "type": "Point", "coordinates": [ 103.787864, 1.414335 ] } },
{ "type": "Feature", "properties": { "decimalLatitude": 22.506434, "decimalLongitude": 114.242427, "eventDate": "2022-04-29T12:32:00Z", "countryCode": "HK" }, "geometry": { "type": "Point", "coordinates": [ 114.242427, 22.506434 ] } },
{ "type": "Feature", "properties": { "decimalLatitude": 9.798068, "decimalLongitude": 99.991508, "eventDate": "2022-04-30T09:43:00Z", "countryCode": "TH" }, "geometry": { "type": "Point", "coordinates": [ 99.991508, 9.798068 ] } },
{ "type": "Feature", "properties": { "decimalLatitude": 22.22147, "decimalLongitude": 113.915043, "eventDate": "2022-04-30T12:05:00Z", "countryCode": "HK" }, "geometry": { "type": "Point", "coordinates": [ 113.915043, 22.22147 ] } },
{ "type": "Feature", "properties": { "decimalLatitude": 22.229345, "decimalLongitude": 113.937942, "eventDate": "2022-04-23T16:39:08Z", "countryCode": "HK" }, "geometry": { "type": "Point", "coordinates": [ 113.937942, 22.229345 ] } },
{ "type": "Feature", "properties": { "decimalLatitude": 22.315177, "decimalLongitude": 114.277665, "eventDate": "2022-04-30T16:29:00Z", "countryCode": "HK" }, "geometry": { "type": "Point", "coordinates": [ 114.277665, 22.315177 ] } },
{ "type": "Feature", "properties": { "decimalLatitude": 22.266032, "decimalLongitude": 113.994744, "eventDate": "2022-04-24T17:49:00Z", "countryCode": "HK" }, "geometry": { "type": "Point", "coordinates": [ 113.994744, 22.266032 ] } },
{ "type": "Feature", "properties": { "decimalLatitude": 22.374887, "decimalLongitude": 114.261163, "eventDate": "2022-04-29T12:44:06Z", "countryCode": "HK" }, "geometry": { "type": "Point", "coordinates": [ 114.261163, 22.374887 ] } },
{ "type": "Feature", "properties": { "decimalLatitude": 22.507444, "decimalLongitude": 114.243002, "eventDate": "2022-04-29T11:00:00Z", "countryCode": "HK" }, "geometry": { "type": "Point", "coordinates": [ 114.243002, 22.507444 ] } },
{ "type": "Feature", "properties": { "decimalLatitude": 22.22147, "decimalLongitude": 113.915043, "eventDate": "2022-04-30T12:24:00Z", "countryCode": "HK" }, "geometry": { "type": "Point", "coordinates": [ 113.915043, 22.22147 ] } },
{ "type": "Feature", "properties": { "decimalLatitude": 22.507444, "decimalLongitude": 114.243002, "eventDate": "2022-04-29T12:52:00Z", "countryCode": "HK" }, "geometry": { "type": "Point", "coordinates": [ 114.243002, 22.507444 ] } },
{ "type": "Feature", "properties": { "decimalLatitude": 22.696394, "decimalLongitude": 113.836868, "eventDate": "2022-04-30T08:28:00Z", "countryCode": "CN" }, "geometry": { "type": "Point", "coordinates": [ 113.836868, 22.696394 ] } },
{ "type": "Feature", "properties": { "decimalLatitude": 22.424156, "decimalLongitude": 114.236848, "eventDate": "2022-04-07T12:07:00Z", "countryCode": "HK" }, "geometry": { "type": "Point", "coordinates": [ 114.236848, 22.424156 ] } },
{ "type": "Feature", "properties": { "decimalLatitude": 5.841651, "decimalLongitude": 101.818479, "eventDate": "2022-04-19T09:45:00Z", "countryCode": "TH" }, "geometry": { "type": "Point", "coordinates": [ 101.818479, 5.841651 ] } },
{ "type": "Feature", "properties": { "decimalLatitude": 22.639677, "decimalLongitude": 114.396644, "eventDate": "2022-04-12T08:11:00Z", "countryCode": "CN" }, "geometry": { "type": "Point", "coordinates": [ 114.396644, 22.639677 ] } },
{ "type": "Feature", "properties": { "decimalLatitude": 22.448298, "decimalLongitude": 114.334608, "eventDate": "2022-04-07T00:00:00Z", "countryCode": "HK" }, "geometry": { "type": "Point", "coordinates": [ 114.334608, 22.448298 ] } },
{ "type": "Feature", "properties": { "decimalLatitude": 1.357044, "decimalLongitude": 103.804402, "eventDate": "2022-04-29T16:33:00Z", "countryCode": "SG" }, "geometry": { "type": "Point", "coordinates": [ 103.804402, 1.357044 ] } },
{ "type": "Feature", "properties": { "decimalLatitude": 1.422177, "decimalLongitude": 103.792856, "eventDate": "2022-04-07T17:07:00Z", "countryCode": "SG" }, "geometry": { "type": "Point", "coordinates": [ 103.792856, 1.422177 ] } },
{ "type": "Feature", "properties": { "decimalLatitude": 21.995151, "decimalLongitude": 100.811809, "eventDate": "2022-04-12T14:39:11Z", "countryCode": "CN" }, "geometry": { "type": "Point", "coordinates": [ 100.811809, 21.995151 ] } },
{ "type": "Feature", "properties": { "decimalLatitude": 1.357001, "decimalLongitude": 103.804332, "eventDate": "2022-04-29T16:32:00Z", "countryCode": "SG" }, "geometry": { "type": "Point", "coordinates": [ 103.804332, 1.357001 ] } },
{ "type": "Feature", "properties": { "decimalLatitude": 1.139025, "decimalLongitude": 112.568348, "eventDate": "2022-04-26T18:44:00Z", "countryCode": "ID" }, "geometry": { "type": "Point", "coordinates": [ 112.568348, 1.139025 ] } },
{ "type": "Feature", "properties": { "decimalLatitude": 22.33049, "decimalLongitude": 114.21453, "eventDate": "2022-04-09T16:42:00Z", "countryCode": "HK" }, "geometry": { "type": "Point", "coordinates": [ 114.21453, 22.33049 ] } },
{ "type": "Feature", "properties": { "decimalLatitude": 22.283068, "decimalLongitude": 114.041368, "eventDate": "2022-04-03T16:05:00Z", "countryCode": "HK" }, "geometry": { "type": "Point", "coordinates": [ 114.041368, 22.283068 ] } },
{ "type": "Feature", "properties": { "decimalLatitude": 1.356237, "decimalLongitude": 103.80152, "eventDate": "2022-04-17T11:47:00Z", "countryCode": "SG" }, "geometry": { "type": "Point", "coordinates": [ 103.80152, 1.356237 ] } },
{ "type": "Feature", "properties": { "decimalLatitude": 12.839037, "decimalLongitude": 99.564498, "eventDate": "2022-04-18T15:21:00Z", "countryCode": "TH" }, "geometry": { "type": "Point", "coordinates": [ 99.564498, 12.839037 ] } },
{ "type": "Feature", "properties": { "decimalLatitude": 22.374093, "decimalLongitude": 114.265054, "eventDate": "2022-04-08T15:12:10Z", "countryCode": "HK" }, "geometry": { "type": "Point", "coordinates": [ 114.265054, 22.374093 ] } },
{ "type": "Feature", "properties": { "decimalLatitude": 7.043161, "decimalLongitude": 100.518991, "eventDate": "2022-04-02T17:01:28Z", "countryCode": "TH" }, "geometry": { "type": "Point", "coordinates": [ 100.518991, 7.043161 ] } },
{ "type": "Feature", "properties": { "decimalLatitude": 1.354012, "decimalLongitude": 103.805129, "eventDate": "2022-04-14T11:57:00Z", "countryCode": "SG" }, "geometry": { "type": "Point", "coordinates": [ 103.805129, 1.354012 ] } },
{ "type": "Feature", "properties": { "decimalLatitude": 1.357064, "decimalLongitude": 103.804629, "eventDate": "2022-04-14T14:12:00Z", "countryCode": "SG" }, "geometry": { "type": "Point", "coordinates": [ 103.804629, 1.357064 ] } },
{ "type": "Feature", "properties": { "decimalLatitude": 27.393583, "decimalLongitude": 95.60585, "eventDate": "2022-04-07T14:26:00Z", "countryCode": "IN" }, "geometry": { "type": "Point", "coordinates": [ 95.60585, 27.393583 ] } },
{ "type": "Feature", "properties": { "decimalLatitude": 1.356794, "decimalLongitude": 103.803537, "eventDate": "2022-04-14T13:21:00Z", "countryCode": "SG" }, "geometry": { "type": "Point", "coordinates": [ 103.803537, 1.356794 ] } },
{ "type": "Feature", "properties": { "decimalLatitude": 1.354012, "decimalLongitude": 103.805129, "eventDate": "2022-04-14T13:25:00Z", "countryCode": "SG" }, "geometry": { "type": "Point", "coordinates": [ 103.805129, 1.354012 ] } },
{ "type": "Feature", "properties": { "decimalLatitude": 1.356794, "decimalLongitude": 103.803537, "eventDate": "2022-04-14T10:23:00Z", "countryCode": "SG" }, "geometry": { "type": "Point", "coordinates": [ 103.803537, 1.356794 ] } },
{ "type": "Feature", "properties": { "decimalLatitude": 1.35695, "decimalLongitude": 103.804472, "eventDate": "2022-04-16T14:24:00Z", "countryCode": "SG" }, "geometry": { "type": "Point", "coordinates": [ 103.804472, 1.35695 ] } },
{ "type": "Feature", "properties": { "decimalLatitude": 1.356851, "decimalLongitude": 103.803547, "eventDate": "2022-04-14T09:58:00Z", "countryCode": "SG" }, "geometry": { "type": "Point", "coordinates": [ 103.803547, 1.356851 ] } },
{ "type": "Feature", "properties": { "decimalLatitude": 22.563929, "decimalLongitude": 113.974991, "eventDate": "2022-04-22T16:10:00Z", "countryCode": "CN" }, "geometry": { "type": "Point", "coordinates": [ 113.974991, 22.563929 ] } },
{ "type": "Feature", "properties": { "decimalLatitude": 1.356794, "decimalLongitude": 103.803537, "eventDate": "2022-04-14T13:19:00Z", "countryCode": "SG" }, "geometry": { "type": "Point", "coordinates": [ 103.803537, 1.356794 ] } },
{ "type": "Feature", "properties": { "decimalLatitude": 22.641334, "decimalLongitude": 114.393757, "eventDate": "2022-04-14T11:55:00Z", "countryCode": "CN" }, "geometry": { "type": "Point", "coordinates": [ 114.393757, 22.641334 ] } },
{ "type": "Feature", "properties": { "decimalLatitude": 22.211484, "decimalLongitude": 113.915048, "eventDate": "2022-04-17T11:00:00Z", "countryCode": "HK" }, "geometry": { "type": "Point", "coordinates": [ 113.915048, 22.211484 ] } },
{ "type": "Feature", "properties": { "decimalLatitude": 22.374093, "decimalLongitude": 114.265054, "eventDate": "2022-04-08T15:12:17Z", "countryCode": "HK" }, "geometry": { "type": "Point", "coordinates": [ 114.265054, 22.374093 ] } },
{ "type": "Feature", "properties": { "decimalLatitude": 22.449265, "decimalLongitude": 114.304566, "eventDate": "2022-04-07T00:00:00Z", "countryCode": "HK" }, "geometry": { "type": "Point", "coordinates": [ 114.304566, 22.449265 ] } },
{ "type": "Feature", "properties": { "decimalLatitude": 22.37409, "decimalLongitude": 114.265052, "eventDate": "2022-05-01T20:54:00Z", "countryCode": "HK" }, "geometry": { "type": "Point", "coordinates": [ 114.265052, 22.37409 ] } },
{ "type": "Feature", "properties": { "decimalLatitude": 1.399019, "decimalLongitude": 103.806816, "eventDate": "2022-05-06T12:30:33Z", "countryCode": "SG" }, "geometry": { "type": "Point", "coordinates": [ 103.806816, 1.399019 ] } },
{ "type": "Feature", "properties": { "decimalLatitude": 22.279884, "decimalLongitude": 114.211504, "eventDate": "2022-05-03T12:55:00Z", "countryCode": "HK" }, "geometry": { "type": "Point", "coordinates": [ 114.211504, 22.279884 ] } },
{ "type": "Feature", "properties": { "decimalLatitude": 22.28408, "decimalLongitude": 114.213287, "eventDate": "2022-05-07T13:29:24Z", "countryCode": "HK" }, "geometry": { "type": "Point", "coordinates": [ 114.213287, 22.28408 ] } },
{ "type": "Feature", "properties": { "decimalLatitude": 22.510433, "decimalLongitude": 114.215233, "eventDate": "2022-05-04T13:07:21Z", "countryCode": "HK" }, "geometry": { "type": "Point", "coordinates": [ 114.215233, 22.510433 ] } },
{ "type": "Feature", "properties": { "decimalLatitude": 22.515254, "decimalLongitude": 114.242374, "eventDate": "2022-05-08T11:55:00Z", "countryCode": "HK" }, "geometry": { "type": "Point", "coordinates": [ 114.242374, 22.515254 ] } },
{ "type": "Feature", "properties": { "decimalLatitude": 1.399047, "decimalLongitude": 103.806861, "eventDate": "2022-05-06T13:00:48Z", "countryCode": "SG" }, "geometry": { "type": "Point", "coordinates": [ 103.806861, 1.399047 ] } },
{ "type": "Feature", "properties": { "decimalLatitude": 22.267687, "decimalLongitude": 113.993662, "eventDate": "2022-05-09T10:24:40Z", "countryCode": "HK" }, "geometry": { "type": "Point", "coordinates": [ 113.993662, 22.267687 ] } },
{ "type": "Feature", "properties": { "decimalLatitude": 22.362277, "decimalLongitude": 114.174939, "eventDate": "2022-05-04T09:12:32Z", "countryCode": "HK" }, "geometry": { "type": "Point", "coordinates": [ 114.174939, 22.362277 ] } },
{ "type": "Feature", "properties": { "decimalLatitude": 22.331303, "decimalLongitude": 114.24969, "eventDate": "2022-05-07T13:13:58Z", "countryCode": "HK" }, "geometry": { "type": "Point", "coordinates": [ 114.24969, 22.331303 ] } },
{ "type": "Feature", "properties": { "decimalLatitude": 22.267742, "decimalLongitude": 113.993728, "eventDate": "2022-05-06T13:12:19Z", "countryCode": "HK" }, "geometry": { "type": "Point", "coordinates": [ 113.993728, 22.267742 ] } },
{ "type": "Feature", "properties": { "decimalLatitude": 22.225245, "decimalLongitude": 113.89358, "eventDate": "2022-05-02T15:16:24Z", "countryCode": "HK" }, "geometry": { "type": "Point", "coordinates": [ 113.89358, 22.225245 ] } },
{ "type": "Feature", "properties": { "decimalLatitude": 22.299604, "decimalLongitude": 114.010763, "eventDate": "2022-05-09T14:49:04Z", "countryCode": "HK" }, "geometry": { "type": "Point", "coordinates": [ 114.010763, 22.299604 ] } },
{ "type": "Feature", "properties": { "decimalLatitude": 22.225245, "decimalLongitude": 113.89358, "eventDate": "2022-05-02T11:38:27Z", "countryCode": "HK" }, "geometry": { "type": "Point", "coordinates": [ 113.89358, 22.225245 ] } },
{ "type": "Feature", "properties": { "decimalLatitude": 22.462678, "decimalLongitude": 114.330703, "eventDate": "2022-05-02T10:01:00Z", "countryCode": "HK" }, "geometry": { "type": "Point", "coordinates": [ 114.330703, 22.462678 ] } },
{ "type": "Feature", "properties": { "decimalLatitude": 22.266138, "decimalLongitude": 113.994744, "eventDate": "2022-05-09T13:05:41Z", "countryCode": "HK" }, "geometry": { "type": "Point", "coordinates": [ 113.994744, 22.266138 ] } },
{ "type": "Feature", "properties": { "decimalLatitude": 22.239827, "decimalLongitude": 113.957222, "eventDate": "2022-05-03T13:50:00Z", "countryCode": "HK" }, "geometry": { "type": "Point", "coordinates": [ 113.957222, 22.239827 ] } },
{ "type": "Feature", "properties": { "decimalLatitude": 22.46682, "decimalLongitude": 114.180402, "eventDate": "2022-05-17T10:44:00Z", "countryCode": "HK" }, "geometry": { "type": "Point", "coordinates": [ 114.180402, 22.46682 ] } },
{ "type": "Feature", "properties": { "decimalLatitude": 1.357022, "decimalLongitude": 103.816359, "eventDate": "2022-05-12T10:54:53Z", "countryCode": "SG" }, "geometry": { "type": "Point", "coordinates": [ 103.816359, 1.357022 ] } },
{ "type": "Feature", "properties": { "decimalLatitude": 1.398921, "decimalLongitude": 103.806942, "eventDate": "2022-05-15T11:18:00Z", "countryCode": "SG" }, "geometry": { "type": "Point", "coordinates": [ 103.806942, 1.398921 ] } },
{ "type": "Feature", "properties": { "decimalLatitude": 22.222731, "decimalLongitude": 113.984459, "eventDate": "2022-05-08T12:55:21Z", "countryCode": "HK" }, "geometry": { "type": "Point", "coordinates": [ 113.984459, 22.222731 ] } },
{ "type": "Feature", "properties": { "decimalLatitude": 1.364308, "decimalLongitude": 103.776273, "eventDate": "2022-05-14T12:08:00Z", "countryCode": "SG" }, "geometry": { "type": "Point", "coordinates": [ 103.776273, 1.364308 ] } },
{ "type": "Feature", "properties": { "decimalLatitude": 1.359795, "decimalLongitude": 103.777575, "eventDate": "2022-05-14T15:39:52Z", "countryCode": "SG" }, "geometry": { "type": "Point", "coordinates": [ 103.777575, 1.359795 ] } },
{ "type": "Feature", "properties": { "decimalLatitude": 1.358705, "decimalLongitude": 103.773193, "eventDate": "2022-05-02T16:52:00Z", "countryCode": "SG" }, "geometry": { "type": "Point", "coordinates": [ 103.773193, 1.358705 ] } },
{ "type": "Feature", "properties": { "decimalLatitude": 22.496167, "decimalLongitude": 114.347209, "eventDate": "2022-05-18T09:30:40Z", "countryCode": "HK" }, "geometry": { "type": "Point", "coordinates": [ 114.347209, 22.496167 ] } },
{ "type": "Feature", "properties": { "decimalLatitude": 22.521355, "decimalLongitude": 114.175148, "eventDate": "2022-05-19T15:45:52Z", "countryCode": "HK" }, "geometry": { "type": "Point", "coordinates": [ 114.175148, 22.521355 ] } },
{ "type": "Feature", "properties": { "decimalLatitude": 1.827886, "decimalLongitude": 103.866997, "eventDate": "2022-05-22T23:41:00Z", "countryCode": "MY" }, "geometry": { "type": "Point", "coordinates": [ 103.866997, 1.827886 ] } },
{ "type": "Feature", "properties": { "decimalLatitude": 22.331595, "decimalLongitude": 114.246445, "eventDate": "2022-05-22T14:37:44Z", "countryCode": "HK" }, "geometry": { "type": "Point", "coordinates": [ 114.246445, 22.331595 ] } },
{ "type": "Feature", "properties": { "decimalLatitude": 1.398884, "decimalLongitude": 103.807423, "eventDate": "2022-05-21T09:49:00Z", "countryCode": "SG" }, "geometry": { "type": "Point", "coordinates": [ 103.807423, 1.398884 ] } },
{ "type": "Feature", "properties": { "decimalLatitude": 22.487392, "decimalLongitude": 114.182503, "eventDate": "2022-05-21T17:14:53Z", "countryCode": "HK" }, "geometry": { "type": "Point", "coordinates": [ 114.182503, 22.487392 ] } },
{ "type": "Feature", "properties": { "decimalLatitude": 22.37954, "decimalLongitude": 114.270098, "eventDate": "2022-05-21T15:37:00Z", "countryCode": "HK" }, "geometry": { "type": "Point", "coordinates": [ 114.270098, 22.37954 ] } },
{ "type": "Feature", "properties": { "decimalLatitude": 22.211829, "decimalLongitude": 113.916478, "eventDate": "2022-05-22T11:35:00Z", "countryCode": "HK" }, "geometry": { "type": "Point", "coordinates": [ 113.916478, 22.211829 ] } },
{ "type": "Feature", "properties": { "decimalLatitude": 1.364236, "decimalLongitude": 103.776306, "eventDate": "2022-05-26T10:14:00Z", "countryCode": "SG" }, "geometry": { "type": "Point", "coordinates": [ 103.776306, 1.364236 ] } },
{ "type": "Feature", "properties": { "decimalLatitude": 22.325796, "decimalLongitude": 114.220877, "eventDate": "2022-05-30T16:16:34Z", "countryCode": "HK" }, "geometry": { "type": "Point", "coordinates": [ 114.220877, 22.325796 ] } },
{ "type": "Feature", "properties": { "decimalLatitude": 22.122597, "decimalLongitude": 113.555194, "eventDate": "2022-05-28T13:14:00Z", "countryCode": "MO" }, "geometry": { "type": "Point", "coordinates": [ 113.555194, 22.122597 ] } },
{ "type": "Feature", "properties": { "decimalLatitude": 22.562894, "decimalLongitude": 114.080876, "eventDate": "2022-05-30T08:44:26Z", "countryCode": "CN" }, "geometry": { "type": "Point", "coordinates": [ 114.080876, 22.562894 ] } },
{ "type": "Feature", "properties": { "decimalLatitude": 22.126089, "decimalLongitude": 113.563922, "eventDate": "2022-05-29T15:04:00Z", "countryCode": "MO" }, "geometry": { "type": "Point", "coordinates": [ 113.563922, 22.126089 ] } },
{ "type": "Feature", "properties": { "decimalLatitude": 18.760811, "decimalLongitude": 98.936089, "eventDate": "2022-05-26T09:07:56Z", "countryCode": "TH" }, "geometry": { "type": "Point", "coordinates": [ 98.936089, 18.760811 ] } },
{ "type": "Feature", "properties": { "decimalLatitude": 22.373007, "decimalLongitude": 114.266922, "eventDate": "2022-05-28T12:58:02Z", "countryCode": "HK" }, "geometry": { "type": "Point", "coordinates": [ 114.266922, 22.373007 ] } },
{ "type": "Feature", "properties": { "decimalLatitude": 22.502454, "decimalLongitude": 114.187612, "eventDate": "2022-05-21T00:00:00Z", "countryCode": "HK" }, "geometry": { "type": "Point", "coordinates": [ 114.187612, 22.502454 ] } },
{ "type": "Feature", "properties": { "decimalLatitude": 22.408905, "decimalLongitude": 114.07525, "eventDate": "2022-05-28T12:56:37Z", "countryCode": "HK" }, "geometry": { "type": "Point", "coordinates": [ 114.07525, 22.408905 ] } },
{ "type": "Feature", "properties": { "decimalLatitude": 22.373783, "decimalLongitude": 114.263687, "eventDate": "2022-05-29T13:49:00Z", "countryCode": "HK" }, "geometry": { "type": "Point", "coordinates": [ 114.263687, 22.373783 ] } },
{ "type": "Feature", "properties": { "decimalLatitude": 1.385712, "decimalLongitude": 103.820137, "eventDate": "2022-05-29T11:54:52Z", "countryCode": "SG" }, "geometry": { "type": "Point", "coordinates": [ 103.820137, 1.385712 ] } },
{ "type": "Feature", "properties": { "decimalLatitude": 22.122655, "decimalLongitude": 113.564744, "eventDate": "2022-05-27T00:00:00Z", "countryCode": "MO" }, "geometry": { "type": "Point", "coordinates": [ 113.564744, 22.122655 ] } },
{ "type": "Feature", "properties": { "decimalLatitude": 22.373213, "decimalLongitude": 114.267056, "eventDate": "2022-05-28T13:10:59Z", "countryCode": "HK" }, "geometry": { "type": "Point", "coordinates": [ 114.267056, 22.373213 ] } },
{ "type": "Feature", "properties": { "decimalLatitude": 6.050008, "decimalLongitude": 116.696164, "eventDate": "2022-05-24T10:09:00Z", "countryCode": "MY" }, "geometry": { "type": "Point", "coordinates": [ 116.696164, 6.050008 ] } },
{ "type": "Feature", "properties": { "decimalLatitude": 14.434323, "decimalLongitude": 105.252158, "eventDate": "2022-05-26T09:11:00Z", "countryCode": "TH" }, "geometry": { "type": "Point", "coordinates": [ 105.252158, 14.434323 ] } },
{ "type": "Feature", "properties": { "decimalLatitude": 22.261312, "decimalLongitude": 114.051031, "eventDate": "2022-05-17T14:12:00Z", "countryCode": "HK" }, "geometry": { "type": "Point", "coordinates": [ 114.051031, 22.261312 ] } },
{ "type": "Feature", "properties": { "decimalLatitude": 1.398922, "decimalLongitude": 103.806941, "eventDate": "2022-05-15T11:17:00Z", "countryCode": "SG" }, "geometry": { "type": "Point", "coordinates": [ 103.806941, 1.398922 ] } },
{ "type": "Feature", "properties": { "decimalLatitude": 4.245054, "decimalLongitude": 101.322999, "eventDate": "2022-05-11T15:19:00Z", "countryCode": "MY" }, "geometry": { "type": "Point", "coordinates": [ 101.322999, 4.245054 ] } },
{ "type": "Feature", "properties": { "decimalLatitude": 22.252954, "decimalLongitude": 114.009348, "eventDate": "2022-06-04T13:19:00Z", "countryCode": "HK" }, "geometry": { "type": "Point", "coordinates": [ 114.009348, 22.252954 ] } },
{ "type": "Feature", "properties": { "decimalLatitude": 22.241219, "decimalLongitude": 113.876405, "eventDate": "2022-06-04T14:06:00Z", "countryCode": "HK" }, "geometry": { "type": "Point", "coordinates": [ 113.876405, 22.241219 ] } },
{ "type": "Feature", "properties": { "decimalLatitude": 22.429039, "decimalLongitude": 114.18196, "eventDate": "2022-06-04T14:25:00Z", "countryCode": "HK" }, "geometry": { "type": "Point", "coordinates": [ 114.18196, 22.429039 ] } },
{ "type": "Feature", "properties": { "decimalLatitude": 22.299425, "decimalLongitude": 114.179222, "eventDate": "2022-06-06T13:55:44Z", "countryCode": "HK" }, "geometry": { "type": "Point", "coordinates": [ 114.179222, 22.299425 ] } },
{ "type": "Feature", "properties": { "decimalLatitude": 22.466928, "decimalLongitude": 114.180922, "eventDate": "2022-06-24T10:51:49Z", "countryCode": "HK" }, "geometry": { "type": "Point", "coordinates": [ 114.180922, 22.466928 ] } },
{ "type": "Feature", "properties": { "decimalLatitude": 1.356797, "decimalLongitude": 103.77147, "eventDate": "2022-06-18T09:14:16Z", "countryCode": "SG" }, "geometry": { "type": "Point", "coordinates": [ 103.77147, 1.356797 ] } },
{ "type": "Feature", "properties": { "decimalLatitude": 22.37595, "decimalLongitude": 114.115117, "eventDate": "2022-06-28T08:18:00Z", "countryCode": "HK" }, "geometry": { "type": "Point", "coordinates": [ 114.115117, 22.37595 ] } },
{ "type": "Feature", "properties": { "decimalLatitude": 22.241255, "decimalLongitude": 113.876424, "eventDate": "2022-06-04T16:41:00Z", "countryCode": "HK" }, "geometry": { "type": "Point", "coordinates": [ 113.876424, 22.241255 ] } },
{ "type": "Feature", "properties": { "decimalLatitude": 22.505827, "decimalLongitude": 114.244144, "eventDate": "2022-06-17T12:16:00Z", "countryCode": "HK" }, "geometry": { "type": "Point", "coordinates": [ 114.244144, 22.505827 ] } },
{ "type": "Feature", "properties": { "decimalLatitude": 1.364162, "decimalLongitude": 103.772147, "eventDate": "2022-06-18T12:57:38Z", "countryCode": "SG" }, "geometry": { "type": "Point", "coordinates": [ 103.772147, 1.364162 ] } },
{ "type": "Feature", "properties": { "decimalLatitude": 22.502608, "decimalLongitude": 114.258933, "eventDate": "2022-06-05T13:49:14Z", "countryCode": "HK" }, "geometry": { "type": "Point", "coordinates": [ 114.258933, 22.502608 ] } },
{ "type": "Feature", "properties": { "decimalLatitude": 22.300575, "decimalLongitude": 114.282105, "eventDate": "2022-06-26T10:34:10Z", "countryCode": "HK" }, "geometry": { "type": "Point", "coordinates": [ 114.282105, 22.300575 ] } },
{ "type": "Feature", "properties": { "decimalLatitude": 22.590911, "decimalLongitude": 114.027611, "eventDate": "2022-06-23T00:00:00Z", "countryCode": "CN" }, "geometry": { "type": "Point", "coordinates": [ 114.027611, 22.590911 ] } },
{ "type": "Feature", "properties": { "decimalLatitude": 22.271546, "decimalLongitude": 114.163373, "eventDate": "2022-06-30T00:00:00Z", "countryCode": "HK" }, "geometry": { "type": "Point", "coordinates": [ 114.163373, 22.271546 ] } },
{ "type": "Feature", "properties": { "decimalLatitude": 22.411478, "decimalLongitude": 114.031699, "eventDate": "2022-06-04T12:59:39Z", "countryCode": "HK" }, "geometry": { "type": "Point", "coordinates": [ 114.031699, 22.411478 ] } },
{ "type": "Feature", "properties": { "decimalLatitude": 22.411478, "decimalLongitude": 114.031699, "eventDate": "2022-06-04T13:00:33Z", "countryCode": "HK" }, "geometry": { "type": "Point", "coordinates": [ 114.031699, 22.411478 ] } },
{ "type": "Feature", "properties": { "decimalLatitude": 22.298193, "decimalLongitude": 114.288656, "eventDate": "2022-06-05T15:57:45Z", "countryCode": "HK" }, "geometry": { "type": "Point", "coordinates": [ 114.288656, 22.298193 ] } },
{ "type": "Feature", "properties": { "decimalLatitude": 22.53225, "decimalLongitude": 114.20053, "eventDate": "2022-06-05T11:41:01Z", "countryCode": "HK" }, "geometry": { "type": "Point", "coordinates": [ 114.20053, 22.53225 ] } },
{ "type": "Feature", "properties": { "decimalLatitude": 22.436234, "decimalLongitude": 114.282575, "eventDate": "2022-06-03T13:56:00Z", "countryCode": "HK" }, "geometry": { "type": "Point", "coordinates": [ 114.282575, 22.436234 ] } },
{ "type": "Feature", "properties": { "decimalLatitude": 22.258525, "decimalLongitude": 113.988472, "eventDate": "2022-06-12T14:32:28Z", "countryCode": "HK" }, "geometry": { "type": "Point", "coordinates": [ 113.988472, 22.258525 ] } },
{ "type": "Feature", "properties": { "decimalLatitude": 22.261265, "decimalLongitude": 113.878236, "eventDate": "2022-06-03T09:38:56Z", "countryCode": "HK" }, "geometry": { "type": "Point", "coordinates": [ 113.878236, 22.261265 ] } },
{ "type": "Feature", "properties": { "decimalLatitude": 5.397474, "decimalLongitude": 100.260888, "eventDate": "2022-06-25T11:26:00Z", "countryCode": "MY" }, "geometry": { "type": "Point", "coordinates": [ 100.260888, 5.397474 ] } },
{ "type": "Feature", "properties": { "decimalLatitude": 22.502256, "decimalLongitude": 114.259841, "eventDate": "2022-06-05T13:47:00Z", "countryCode": "HK" }, "geometry": { "type": "Point", "coordinates": [ 114.259841, 22.502256 ] } },
{ "type": "Feature", "properties": { "decimalLatitude": 22.375141, "decimalLongitude": 114.264705, "eventDate": "2022-06-05T12:18:55Z", "countryCode": "HK" }, "geometry": { "type": "Point", "coordinates": [ 114.264705, 22.375141 ] } },
{ "type": "Feature", "properties": { "decimalLatitude": 22.408093, "decimalLongitude": 114.223223, "eventDate": "2022-06-05T12:30:00Z", "countryCode": "HK" }, "geometry": { "type": "Point", "coordinates": [ 114.223223, 22.408093 ] } },
{ "type": "Feature", "properties": { "decimalLatitude": 22.439418, "decimalLongitude": 114.058512, "eventDate": "2022-06-28T13:32:58Z", "countryCode": "HK" }, "geometry": { "type": "Point", "coordinates": [ 114.058512, 22.439418 ] } },
{ "type": "Feature", "properties": { "decimalLatitude": 22.280021, "decimalLongitude": 113.93098, "eventDate": "2022-06-25T11:20:00Z", "countryCode": "HK" }, "geometry": { "type": "Point", "coordinates": [ 113.93098, 22.280021 ] } },
{ "type": "Feature", "properties": { "decimalLatitude": 22.437151, "decimalLongitude": 114.192325, "eventDate": "2022-06-05T08:28:38Z", "countryCode": "HK" }, "geometry": { "type": "Point", "coordinates": [ 114.192325, 22.437151 ] } },
{ "type": "Feature", "properties": { "decimalLatitude": 22.360882, "decimalLongitude": 114.149909, "eventDate": "2022-06-19T00:00:00Z", "countryCode": "HK" }, "geometry": { "type": "Point", "coordinates": [ 114.149909, 22.360882 ] } },
{ "type": "Feature", "properties": { "decimalLatitude": 22.485181, "decimalLongitude": 114.183659, "eventDate": "2022-06-04T17:02:27Z", "countryCode": "HK" }, "geometry": { "type": "Point", "coordinates": [ 114.183659, 22.485181 ] } },
{ "type": "Feature", "properties": { "decimalLatitude": 22.235986, "decimalLongitude": 114.003038, "eventDate": "2022-06-02T10:53:00Z", "countryCode": "HK" }, "geometry": { "type": "Point", "coordinates": [ 114.003038, 22.235986 ] } },
{ "type": "Feature", "properties": { "decimalLatitude": 22.217245, "decimalLongitude": 113.915584, "eventDate": "2022-06-11T11:54:00Z", "countryCode": "HK" }, "geometry": { "type": "Point", "coordinates": [ 113.915584, 22.217245 ] } },
{ "type": "Feature", "properties": { "decimalLatitude": 22.520229, "decimalLongitude": 114.215414, "eventDate": "2022-06-03T11:28:00Z", "countryCode": "HK" }, "geometry": { "type": "Point", "coordinates": [ 114.215414, 22.520229 ] } },
{ "type": "Feature", "properties": { "decimalLatitude": 22.251556, "decimalLongitude": 113.912798, "eventDate": "2022-06-18T14:28:00Z", "countryCode": "HK" }, "geometry": { "type": "Point", "coordinates": [ 113.912798, 22.251556 ] } },
{ "type": "Feature", "properties": { "decimalLatitude": 22.251615, "decimalLongitude": 113.912927, "eventDate": "2022-06-18T14:58:00Z", "countryCode": "HK" }, "geometry": { "type": "Point", "coordinates": [ 113.912927, 22.251615 ] } },
{ "type": "Feature", "properties": { "decimalLatitude": 22.466912, "decimalLongitude": 114.180962, "eventDate": "2022-06-24T12:15:03Z", "countryCode": "HK" }, "geometry": { "type": "Point", "coordinates": [ 114.180962, 22.466912 ] } },
{ "type": "Feature", "properties": { "decimalLatitude": 22.476722, "decimalLongitude": 114.183187, "eventDate": "2022-06-21T17:26:16Z", "countryCode": "HK" }, "geometry": { "type": "Point", "coordinates": [ 114.183187, 22.476722 ] } },
{ "type": "Feature", "properties": { "decimalLatitude": 1.358822, "decimalLongitude": 103.777067, "eventDate": "2022-06-27T09:36:00Z", "countryCode": "SG" }, "geometry": { "type": "Point", "coordinates": [ 103.777067, 1.358822 ] } },
{ "type": "Feature", "properties": { "decimalLatitude": 11.46132, "decimalLongitude": 107.359844, "eventDate": "2022-06-05T13:33:00Z", "countryCode": "VN" }, "geometry": { "type": "Point", "coordinates": [ 107.359844, 11.46132 ] } },
{ "type": "Feature", "properties": { "decimalLatitude": 22.287025, "decimalLongitude": 113.532463, "eventDate": "2022-06-09T13:38:24Z", "countryCode": "CN" }, "geometry": { "type": "Point", "coordinates": [ 113.532463, 22.287025 ] } },
{ "type": "Feature", "properties": { "decimalLatitude": 1.348006, "decimalLongitude": 103.830441, "eventDate": "2022-06-16T11:29:00Z", "countryCode": "SG" }, "geometry": { "type": "Point", "coordinates": [ 103.830441, 1.348006 ] } },
{ "type": "Feature", "properties": { "decimalLatitude": 22.284375, "decimalLongitude": 113.925349, "eventDate": "2022-06-21T12:33:00Z", "countryCode": "HK" }, "geometry": { "type": "Point", "coordinates": [ 113.925349, 22.284375 ] } },
{ "type": "Feature", "properties": { "decimalLatitude": 1.355775, "decimalLongitude": 103.814512, "eventDate": "2022-06-26T10:22:00Z", "countryCode": "SG" }, "geometry": { "type": "Point", "coordinates": [ 103.814512, 1.355775 ] } },
{ "type": "Feature", "properties": { "decimalLatitude": 3.209053, "decimalLongitude": 101.843517, "eventDate": "2022-06-26T22:02:00Z", "countryCode": "MY" }, "geometry": { "type": "Point", "coordinates": [ 101.843517, 3.209053 ] } },
{ "type": "Feature", "properties": { "decimalLatitude": 22.253588, "decimalLongitude": 114.132331, "eventDate": "2022-06-07T00:28:31Z", "countryCode": "HK" }, "geometry": { "type": "Point", "coordinates": [ 114.132331, 22.253588 ] } },
{ "type": "Feature", "properties": { "decimalLatitude": 1.36464, "decimalLongitude": 103.775434, "eventDate": "2022-06-08T13:42:45Z", "countryCode": "SG" }, "geometry": { "type": "Point", "coordinates": [ 103.775434, 1.36464 ] } },
{ "type": "Feature", "properties": { "decimalLatitude": 5.779985, "decimalLongitude": 101.037238, "eventDate": "2022-06-27T15:08:00Z", "countryCode": "TH" }, "geometry": { "type": "Point", "coordinates": [ 101.037238, 5.779985 ] } },
{ "type": "Feature", "properties": { "decimalLatitude": 18.806872, "decimalLongitude": 98.907175, "eventDate": "2022-06-23T15:07:00Z", "countryCode": "TH" }, "geometry": { "type": "Point", "coordinates": [ 98.907175, 18.806872 ] } },
{ "type": "Feature", "properties": { "decimalLatitude": 4.688632, "decimalLongitude": 101.061877, "eventDate": "2022-06-30T09:27:00Z", "countryCode": "MY" }, "geometry": { "type": "Point", "coordinates": [ 101.061877, 4.688632 ] } },
{ "type": "Feature", "properties": { "decimalLatitude": 1.368436, "decimalLongitude": 103.611076, "eventDate": "2022-06-15T01:16:00Z", "countryCode": "SG" }, "geometry": { "type": "Point", "coordinates": [ 103.611076, 1.368436 ] } },
{ "type": "Feature", "properties": { "decimalLatitude": 22.122638, "decimalLongitude": 113.555249, "eventDate": "2022-06-23T13:22:00Z", "countryCode": "MO" }, "geometry": { "type": "Point", "coordinates": [ 113.555249, 22.122638 ] } },
{ "type": "Feature", "properties": { "decimalLatitude": 1.354056, "decimalLongitude": 103.776945, "eventDate": "2022-06-10T09:55:00Z", "countryCode": "SG" }, "geometry": { "type": "Point", "coordinates": [ 103.776945, 1.354056 ] } },
{ "type": "Feature", "properties": { "decimalLatitude": 18.828338, "decimalLongitude": 109.185188, "eventDate": "2022-06-17T13:03:00Z", "countryCode": "CN" }, "geometry": { "type": "Point", "coordinates": [ 109.185188, 18.828338 ] } },
{ "type": "Feature", "properties": { "decimalLatitude": 22.374089, "decimalLongitude": 114.265054, "eventDate": "2022-06-05T08:18:00Z", "countryCode": "HK" }, "geometry": { "type": "Point", "coordinates": [ 114.265054, 22.374089 ] } },
{ "type": "Feature", "properties": { "decimalLatitude": 22.373646, "decimalLongitude": 114.265831, "eventDate": "2022-06-05T00:00:00Z", "countryCode": "HK" }, "geometry": { "type": "Point", "coordinates": [ 114.265831, 22.373646 ] } },
{ "type": "Feature", "properties": { "decimalLatitude": 3.185347, "decimalLongitude": 101.748583, "eventDate": "2022-07-03T15:15:11Z", "countryCode": "MY" }, "geometry": { "type": "Point", "coordinates": [ 101.748583, 3.185347 ] } },
{ "type": "Feature", "properties": { "decimalLatitude": 1.400879, "decimalLongitude": 103.807041, "eventDate": "2022-07-20T16:10:00Z", "countryCode": "SG" }, "geometry": { "type": "Point", "coordinates": [ 103.807041, 1.400879 ] } },
{ "type": "Feature", "properties": { "decimalLatitude": 1.350657, "decimalLongitude": 103.831087, "eventDate": "2022-07-19T13:00:11Z", "countryCode": "SG" }, "geometry": { "type": "Point", "coordinates": [ 103.831087, 1.350657 ] } },
{ "type": "Feature", "properties": { "decimalLatitude": 22.253053, "decimalLongitude": 114.15262, "eventDate": "2022-07-09T12:46:22Z", "countryCode": "HK" }, "geometry": { "type": "Point", "coordinates": [ 114.15262, 22.253053 ] } },
{ "type": "Feature", "properties": { "decimalLatitude": 22.550058, "decimalLongitude": 114.061103, "eventDate": "2022-07-22T14:11:04Z", "countryCode": "CN" }, "geometry": { "type": "Point", "coordinates": [ 114.061103, 22.550058 ] } },
{ "type": "Feature", "properties": { "decimalLatitude": 22.276825, "decimalLongitude": 114.161514, "eventDate": "2022-07-23T12:05:00Z", "countryCode": "HK" }, "geometry": { "type": "Point", "coordinates": [ 114.161514, 22.276825 ] } },
{ "type": "Feature", "properties": { "decimalLatitude": 22.400885, "decimalLongitude": 114.143683, "eventDate": "2022-07-23T17:30:00Z", "countryCode": "HK" }, "geometry": { "type": "Point", "coordinates": [ 114.143683, 22.400885 ] } },
{ "type": "Feature", "properties": { "decimalLatitude": 1.399079, "decimalLongitude": 103.807682, "eventDate": "2022-07-17T14:20:00Z", "countryCode": "SG" }, "geometry": { "type": "Point", "coordinates": [ 103.807682, 1.399079 ] } },
{ "type": "Feature", "properties": { "decimalLatitude": 22.356047, "decimalLongitude": 114.105912, "eventDate": "2022-07-21T09:25:00Z", "countryCode": "HK" }, "geometry": { "type": "Point", "coordinates": [ 114.105912, 22.356047 ] } },
{ "type": "Feature", "properties": { "decimalLatitude": 1.363562, "decimalLongitude": 103.770562, "eventDate": "2022-07-14T12:53:11Z", "countryCode": "SG" }, "geometry": { "type": "Point", "coordinates": [ 103.770562, 1.363562 ] } },
{ "type": "Feature", "properties": { "decimalLatitude": 1.413693, "decimalLongitude": 103.787974, "eventDate": "2022-07-13T14:59:28Z", "countryCode": "SG" }, "geometry": { "type": "Point", "coordinates": [ 103.787974, 1.413693 ] } },
{ "type": "Feature", "properties": { "decimalLatitude": 22.397708, "decimalLongitude": 114.320298, "eventDate": "2022-07-24T10:36:39Z", "countryCode": "HK" }, "geometry": { "type": "Point", "coordinates": [ 114.320298, 22.397708 ] } },
{ "type": "Feature", "properties": { "decimalLatitude": 22.356258, "decimalLongitude": 114.105687, "eventDate": "2022-07-21T09:22:00Z", "countryCode": "HK" }, "geometry": { "type": "Point", "coordinates": [ 114.105687, 22.356258 ] } },
{ "type": "Feature", "properties": { "decimalLatitude": 22.276725, "decimalLongitude": 114.161622, "eventDate": "2022-07-23T12:05:40Z", "countryCode": "HK" }, "geometry": { "type": "Point", "coordinates": [ 114.161622, 22.276725 ] } },
{ "type": "Feature", "properties": { "decimalLatitude": 22.467136, "decimalLongitude": 114.179491, "eventDate": "2022-07-17T15:13:00Z", "countryCode": "HK" }, "geometry": { "type": "Point", "coordinates": [ 114.179491, 22.467136 ] } },
{ "type": "Feature", "properties": { "decimalLatitude": 22.505827, "decimalLongitude": 114.244144, "eventDate": "2022-07-18T12:24:00Z", "countryCode": "HK" }, "geometry": { "type": "Point", "coordinates": [ 114.244144, 22.505827 ] } },
{ "type": "Feature", "properties": { "decimalLatitude": 3.774207, "decimalLongitude": 97.24371, "eventDate": "2022-07-10T08:53:16Z", "countryCode": "ID" }, "geometry": { "type": "Point", "coordinates": [ 97.24371, 3.774207 ] } },
{ "type": "Feature", "properties": { "decimalLatitude": 22.505827, "decimalLongitude": 114.244144, "eventDate": "2022-07-18T12:24:00Z", "countryCode": "HK" }, "geometry": { "type": "Point", "coordinates": [ 114.244144, 22.505827 ] } },
{ "type": "Feature", "properties": { "decimalLatitude": 22.456031, "decimalLongitude": 114.227572, "eventDate": "2022-07-26T00:00:00Z", "countryCode": "HK" }, "geometry": { "type": "Point", "coordinates": [ 114.227572, 22.456031 ] } },
{ "type": "Feature", "properties": { "decimalLatitude": 1.399003, "decimalLongitude": 103.806595, "eventDate": "2022-07-21T12:22:00Z", "countryCode": "SG" }, "geometry": { "type": "Point", "coordinates": [ 103.806595, 1.399003 ] } },
{ "type": "Feature", "properties": { "decimalLatitude": 1.340955, "decimalLongitude": 103.829251, "eventDate": "2022-07-26T12:05:00Z", "countryCode": "SG" }, "geometry": { "type": "Point", "coordinates": [ 103.829251, 1.340955 ] } },
{ "type": "Feature", "properties": { "decimalLatitude": 22.354149, "decimalLongitude": 114.140491, "eventDate": "2022-07-17T17:35:01Z", "countryCode": "HK" }, "geometry": { "type": "Point", "coordinates": [ 114.140491, 22.354149 ] } },
{ "type": "Feature", "properties": { "decimalLatitude": 22.430911, "decimalLongitude": 114.181197, "eventDate": "2022-07-19T13:25:00Z", "countryCode": "HK" }, "geometry": { "type": "Point", "coordinates": [ 114.181197, 22.430911 ] } },
{ "type": "Feature", "properties": { "decimalLatitude": 22.222642, "decimalLongitude": 113.889297, "eventDate": "2022-07-09T15:51:22Z", "countryCode": "HK" }, "geometry": { "type": "Point", "coordinates": [ 113.889297, 22.222642 ] } },
{ "type": "Feature", "properties": { "decimalLatitude": 22.43325, "decimalLongitude": 114.117157, "eventDate": "2022-07-24T13:02:53Z", "countryCode": "HK" }, "geometry": { "type": "Point", "coordinates": [ 114.117157, 22.43325 ] } },
{ "type": "Feature", "properties": { "decimalLatitude": 22.274033, "decimalLongitude": 114.120386, "eventDate": "2022-07-15T15:28:45Z", "countryCode": "HK" }, "geometry": { "type": "Point", "coordinates": [ 114.120386, 22.274033 ] } },
{ "type": "Feature", "properties": { "decimalLatitude": 22.467136, "decimalLongitude": 114.179491, "eventDate": "2022-07-17T09:39:00Z", "countryCode": "HK" }, "geometry": { "type": "Point", "coordinates": [ 114.179491, 22.467136 ] } },
{ "type": "Feature", "properties": { "decimalLatitude": 22.467199, "decimalLongitude": 114.179446, "eventDate": "2022-07-10T15:26:00Z", "countryCode": "HK" }, "geometry": { "type": "Point", "coordinates": [ 114.179446, 22.467199 ] } },
{ "type": "Feature", "properties": { "decimalLatitude": 5.435827, "decimalLongitude": 100.292485, "eventDate": "2022-07-15T10:58:00Z", "countryCode": "MY" }, "geometry": { "type": "Point", "coordinates": [ 100.292485, 5.435827 ] } },
{ "type": "Feature", "properties": { "decimalLatitude": 22.253038, "decimalLongitude": 114.152633, "eventDate": "2022-07-09T12:46:07Z", "countryCode": "HK" }, "geometry": { "type": "Point", "coordinates": [ 114.152633, 22.253038 ] } },
{ "type": "Feature", "properties": { "decimalLatitude": 1.399148, "decimalLongitude": 103.80638, "eventDate": "2022-07-20T15:35:43Z", "countryCode": "SG" }, "geometry": { "type": "Point", "coordinates": [ 103.80638, 1.399148 ] } },
{ "type": "Feature", "properties": { "decimalLatitude": 22.386659, "decimalLongitude": 114.25682, "eventDate": "2022-07-13T13:11:39Z", "countryCode": "HK" }, "geometry": { "type": "Point", "coordinates": [ 114.25682, 22.386659 ] } },
{ "type": "Feature", "properties": { "decimalLatitude": 22.245788, "decimalLongitude": 114.178588, "eventDate": "2022-07-30T14:47:23Z", "countryCode": "HK" }, "geometry": { "type": "Point", "coordinates": [ 114.178588, 22.245788 ] } },
{ "type": "Feature", "properties": { "decimalLatitude": 22.20754, "decimalLongitude": 113.968094, "eventDate": "2022-07-05T11:16:24Z", "countryCode": "HK" }, "geometry": { "type": "Point", "coordinates": [ 113.968094, 22.20754 ] } },
{ "type": "Feature", "properties": { "decimalLatitude": 22.424438, "decimalLongitude": 114.342957, "eventDate": "2022-07-24T02:23:00Z", "countryCode": "HK" }, "geometry": { "type": "Point", "coordinates": [ 114.342957, 22.424438 ] } },
{ "type": "Feature", "properties": { "decimalLatitude": 22.489471, "decimalLongitude": 114.058002, "eventDate": "2022-07-30T00:00:00Z", "countryCode": "HK" }, "geometry": { "type": "Point", "coordinates": [ 114.058002, 22.489471 ] } },
{ "type": "Feature", "properties": { "decimalLatitude": 22.423168, "decimalLongitude": 114.345446, "eventDate": "2022-07-24T02:40:00Z", "countryCode": "HK" }, "geometry": { "type": "Point", "coordinates": [ 114.345446, 22.423168 ] } },
{ "type": "Feature", "properties": { "decimalLatitude": 5.4208, "decimalLongitude": 100.264083, "eventDate": "2022-07-31T17:45:49Z", "countryCode": "MY" }, "geometry": { "type": "Point", "coordinates": [ 100.264083, 5.4208 ] } },
{ "type": "Feature", "properties": { "decimalLatitude": 1.398866, "decimalLongitude": 103.795957, "eventDate": "2022-07-31T11:49:00Z", "countryCode": "SG" }, "geometry": { "type": "Point", "coordinates": [ 103.795957, 1.398866 ] } },
{ "type": "Feature", "properties": { "decimalLatitude": 22.431625, "decimalLongitude": 114.130875, "eventDate": "2022-07-31T20:59:27Z", "countryCode": "HK" }, "geometry": { "type": "Point", "coordinates": [ 114.130875, 22.431625 ] } },
{ "type": "Feature", "properties": { "decimalLatitude": 22.127273, "decimalLongitude": 113.572431, "eventDate": "2022-07-31T12:29:31Z", "countryCode": "MO" }, "geometry": { "type": "Point", "coordinates": [ 113.572431, 22.127273 ] } },
{ "type": "Feature", "properties": { "decimalLatitude": 22.374227, "decimalLongitude": 114.263966, "eventDate": "2022-07-17T15:44:41Z", "countryCode": "HK" }, "geometry": { "type": "Point", "coordinates": [ 114.263966, 22.374227 ] } },
{ "type": "Feature", "properties": { "decimalLatitude": 6.047344, "decimalLongitude": 116.701439, "eventDate": "2022-07-25T14:53:00Z", "countryCode": "MY" }, "geometry": { "type": "Point", "coordinates": [ 116.701439, 6.047344 ] } },
{ "type": "Feature", "properties": { "decimalLatitude": 22.273855, "decimalLongitude": 114.120954, "eventDate": "2022-07-15T15:02:52Z", "countryCode": "HK" }, "geometry": { "type": "Point", "coordinates": [ 114.120954, 22.273855 ] } },
{ "type": "Feature", "properties": { "decimalLatitude": 0.846267, "decimalLongitude": 116.399853, "eventDate": "2022-07-05T15:09:13Z", "countryCode": "ID" }, "geometry": { "type": "Point", "coordinates": [ 116.399853, 0.846267 ] } },
{ "type": "Feature", "properties": { "decimalLatitude": 18.800903, "decimalLongitude": 98.942307, "eventDate": "2022-07-06T10:34:00Z", "countryCode": "TH" }, "geometry": { "type": "Point", "coordinates": [ 98.942307, 18.800903 ] } },
{ "type": "Feature", "properties": { "decimalLatitude": 1.399224, "decimalLongitude": 103.806442, "eventDate": "2022-07-20T15:36:14Z", "countryCode": "SG" }, "geometry": { "type": "Point", "coordinates": [ 103.806442, 1.399224 ] } },
{ "type": "Feature", "properties": { "decimalLatitude": 23.246977, "decimalLongitude": 113.538483, "eventDate": "2022-07-23T10:36:00Z", "countryCode": "CN" }, "geometry": { "type": "Point", "coordinates": [ 113.538483, 23.246977 ] } },
{ "type": "Feature", "properties": { "decimalLatitude": 6.500356, "decimalLongitude": 101.636046, "eventDate": "2022-07-05T07:42:20Z", "countryCode": "TH" }, "geometry": { "type": "Point", "coordinates": [ 101.636046, 6.500356 ] } },
{ "type": "Feature", "properties": { "decimalLatitude": 4.409802, "decimalLongitude": 102.3933, "eventDate": "2022-07-08T15:42:00Z", "countryCode": "MY" }, "geometry": { "type": "Point", "coordinates": [ 102.3933, 4.409802 ] } },
{ "type": "Feature", "properties": { "decimalLatitude": 22.422004, "decimalLongitude": 114.245726, "eventDate": "2022-07-26T00:00:00Z", "countryCode": "HK" }, "geometry": { "type": "Point", "coordinates": [ 114.245726, 22.422004 ] } },
{ "type": "Feature", "properties": { "decimalLatitude": 1.351307, "decimalLongitude": 103.806413, "eventDate": "2022-07-07T10:03:00Z", "countryCode": "SG" }, "geometry": { "type": "Point", "coordinates": [ 103.806413, 1.351307 ] } },
{ "type": "Feature", "properties": { "decimalLatitude": 22.485991, "decimalLongitude": 114.182506, "eventDate": "2022-07-07T13:15:51Z", "countryCode": "HK" }, "geometry": { "type": "Point", "coordinates": [ 114.182506, 22.485991 ] } },
{ "type": "Feature", "properties": { "decimalLatitude": 22.529412, "decimalLongitude": 114.290984, "eventDate": "2022-08-06T13:34:00Z", "countryCode": "HK" }, "geometry": { "type": "Point", "coordinates": [ 114.290984, 22.529412 ] } },
{ "type": "Feature", "properties": { "decimalLatitude": 5.452384, "decimalLongitude": 100.188117, "eventDate": "2022-08-04T18:32:00Z", "countryCode": "MY" }, "geometry": { "type": "Point", "coordinates": [ 100.188117, 5.452384 ] } },
{ "type": "Feature", "properties": { "decimalLatitude": 22.226488, "decimalLongitude": 113.915178, "eventDate": "2022-08-13T18:06:00Z", "countryCode": "HK" }, "geometry": { "type": "Point", "coordinates": [ 113.915178, 22.226488 ] } },
{ "type": "Feature", "properties": { "decimalLatitude": 5.80798, "decimalLongitude": 101.845049, "eventDate": "2022-08-08T16:18:00Z", "countryCode": "TH" }, "geometry": { "type": "Point", "coordinates": [ 101.845049, 5.80798 ] } },
{ "type": "Feature", "properties": { "decimalLatitude": 14.661963, "decimalLongitude": 99.31229, "eventDate": "2022-08-14T13:00:00Z", "countryCode": "TH" }, "geometry": { "type": "Point", "coordinates": [ 99.31229, 14.661963 ] } },
{ "type": "Feature", "properties": { "decimalLatitude": 22.26644, "decimalLongitude": 114.132788, "eventDate": "2022-08-12T17:23:00Z", "countryCode": "HK" }, "geometry": { "type": "Point", "coordinates": [ 114.132788, 22.26644 ] } },
{ "type": "Feature", "properties": { "decimalLatitude": 1.34072, "decimalLongitude": 103.820717, "eventDate": "2022-08-14T15:28:27Z", "countryCode": "SG" }, "geometry": { "type": "Point", "coordinates": [ 103.820717, 1.34072 ] } },
{ "type": "Feature", "properties": { "decimalLatitude": 22.290791, "decimalLongitude": 113.920122, "eventDate": "2022-08-07T11:50:19Z", "countryCode": "HK" }, "geometry": { "type": "Point", "coordinates": [ 113.920122, 22.290791 ] } },
{ "type": "Feature", "properties": { "decimalLatitude": 6.072896, "decimalLongitude": 101.96566, "eventDate": "2022-08-10T12:16:00Z", "countryCode": "TH" }, "geometry": { "type": "Point", "coordinates": [ 101.96566, 6.072896 ] } },
{ "type": "Feature", "properties": { "decimalLatitude": 1.348323, "decimalLongitude": 103.774788, "eventDate": "2022-08-10T11:06:13Z", "countryCode": "SG" }, "geometry": { "type": "Point", "coordinates": [ 103.774788, 1.348323 ] } },
{ "type": "Feature", "properties": { "decimalLatitude": 22.226488, "decimalLongitude": 113.915178, "eventDate": "2022-08-13T18:08:00Z", "countryCode": "HK" }, "geometry": { "type": "Point", "coordinates": [ 113.915178, 22.226488 ] } },
{ "type": "Feature", "properties": { "decimalLatitude": 18.799305, "decimalLongitude": 98.951334, "eventDate": "2022-08-20T16:51:00Z", "countryCode": "TH" }, "geometry": { "type": "Point", "coordinates": [ 98.951334, 18.799305 ] } },
{ "type": "Feature", "properties": { "decimalLatitude": 5.441484, "decimalLongitude": 100.290008, "eventDate": "2022-08-16T13:00:00Z", "countryCode": "MY" }, "geometry": { "type": "Point", "coordinates": [ 100.290008, 5.441484 ] } },
{ "type": "Feature", "properties": { "decimalLatitude": 5.396243, "decimalLongitude": 100.249007, "eventDate": "2022-08-17T13:25:00Z", "countryCode": "MY" }, "geometry": { "type": "Point", "coordinates": [ 100.249007, 5.396243 ] } },
{ "type": "Feature", "properties": { "decimalLatitude": 22.46975, "decimalLongitude": 114.066447, "eventDate": "2022-08-21T00:00:00Z", "countryCode": "HK" }, "geometry": { "type": "Point", "coordinates": [ 114.066447, 22.46975 ] } },
{ "type": "Feature", "properties": { "decimalLatitude": 22.277747, "decimalLongitude": 114.136428, "eventDate": "2022-08-20T14:16:11Z", "countryCode": "HK" }, "geometry": { "type": "Point", "coordinates": [ 114.136428, 22.277747 ] } },
{ "type": "Feature", "properties": { "decimalLatitude": 22.383764, "decimalLongitude": 114.149101, "eventDate": "2022-08-23T14:05:51Z", "countryCode": "HK" }, "geometry": { "type": "Point", "coordinates": [ 114.149101, 22.383764 ] } },
{ "type": "Feature", "properties": { "decimalLatitude": 22.38346, "decimalLongitude": 114.228261, "eventDate": "2022-08-24T10:51:25Z", "countryCode": "HK" }, "geometry": { "type": "Point", "coordinates": [ 114.228261, 22.38346 ] } },
{ "type": "Feature", "properties": { "decimalLatitude": 22.414508, "decimalLongitude": 114.078431, "eventDate": "2022-08-28T11:01:44Z", "countryCode": "HK" }, "geometry": { "type": "Point", "coordinates": [ 114.078431, 22.414508 ] } },
{ "type": "Feature", "properties": { "decimalLatitude": 22.425972, "decimalLongitude": 114.244973, "eventDate": "2022-08-14T11:47:00Z", "countryCode": "HK" }, "geometry": { "type": "Point", "coordinates": [ 114.244973, 22.425972 ] } },
{ "type": "Feature", "properties": { "decimalLatitude": 1.340715, "decimalLongitude": 103.820253, "eventDate": "2022-08-22T11:44:00Z", "countryCode": "SG" }, "geometry": { "type": "Point", "coordinates": [ 103.820253, 1.340715 ] } },
{ "type": "Feature", "properties": { "decimalLatitude": 22.503137, "decimalLongitude": 114.26348, "eventDate": "2022-08-21T11:54:56Z", "countryCode": "HK" }, "geometry": { "type": "Point", "coordinates": [ 114.26348, 22.503137 ] } },
{ "type": "Feature", "properties": { "decimalLatitude": 22.287901, "decimalLongitude": 113.92146, "eventDate": "2022-08-13T17:30:00Z", "countryCode": "HK" }, "geometry": { "type": "Point", "coordinates": [ 113.92146, 22.287901 ] } },
{ "type": "Feature", "properties": { "decimalLatitude": 5.435723, "decimalLongitude": 100.292623, "eventDate": "2022-08-19T13:23:00Z", "countryCode": "MY" }, "geometry": { "type": "Point", "coordinates": [ 100.292623, 5.435723 ] } },
{ "type": "Feature", "properties": { "decimalLatitude": 22.522778, "decimalLongitude": 114.261342, "eventDate": "2022-08-30T13:02:45Z", "countryCode": "HK" }, "geometry": { "type": "Point", "coordinates": [ 114.261342, 22.522778 ] } },
{ "type": "Feature", "properties": { "decimalLatitude": 22.277803, "decimalLongitude": 114.136397, "eventDate": "2022-08-20T14:15:13Z", "countryCode": "HK" }, "geometry": { "type": "Point", "coordinates": [ 114.136397, 22.277803 ] } },
{ "type": "Feature", "properties": { "decimalLatitude": 22.232652, "decimalLongitude": 113.932483, "eventDate": "2022-08-26T14:42:40Z", "countryCode": "HK" }, "geometry": { "type": "Point", "coordinates": [ 113.932483, 22.232652 ] } },
{ "type": "Feature", "properties": { "decimalLatitude": 3.212487, "decimalLongitude": 101.841062, "eventDate": "2022-08-11T12:26:00Z", "countryCode": "MY" }, "geometry": { "type": "Point", "coordinates": [ 101.841062, 3.212487 ] } },
{ "type": "Feature", "properties": { "decimalLatitude": 22.463089, "decimalLongitude": 114.155084, "eventDate": "2022-08-31T07:54:00Z", "countryCode": "HK" }, "geometry": { "type": "Point", "coordinates": [ 114.155084, 22.463089 ] } },
{ "type": "Feature", "properties": { "decimalLatitude": 6.35, "decimalLongitude": 99.8, "eventDate": "2022-08-17T10:27:00Z", "countryCode": "MY" }, "geometry": { "type": "Point", "coordinates": [ 99.8, 6.35 ] } },
{ "type": "Feature", "properties": { "decimalLatitude": 1.398892, "decimalLongitude": 103.80692, "eventDate": "2022-08-14T11:24:00Z", "countryCode": "SG" }, "geometry": { "type": "Point", "coordinates": [ 103.80692, 1.398892 ] } },
{ "type": "Feature", "properties": { "decimalLatitude": 22.390433, "decimalLongitude": 113.919895, "eventDate": "2022-08-07T11:47:00Z", "countryCode": "HK" }, "geometry": { "type": "Point", "coordinates": [ 113.919895, 22.390433 ] } },
{ "type": "Feature", "properties": { "decimalLatitude": 5.46261, "decimalLongitude": 100.202212, "eventDate": "2022-08-25T15:39:00Z", "countryCode": "MY" }, "geometry": { "type": "Point", "coordinates": [ 100.202212, 5.46261 ] } },
{ "type": "Feature", "properties": { "decimalLatitude": 22.28065, "decimalLongitude": 114.137511, "eventDate": "2022-08-07T12:25:56Z", "countryCode": "HK" }, "geometry": { "type": "Point", "coordinates": [ 114.137511, 22.28065 ] } },
{ "type": "Feature", "properties": { "decimalLatitude": 1.350339, "decimalLongitude": 103.779901, "eventDate": "2022-08-11T12:35:13Z", "countryCode": "SG" }, "geometry": { "type": "Point", "coordinates": [ 103.779901, 1.350339 ] } },
{ "type": "Feature", "properties": { "decimalLatitude": 5.461445, "decimalLongitude": 100.196735, "eventDate": "2022-08-25T11:04:00Z", "countryCode": "MY" }, "geometry": { "type": "Point", "coordinates": [ 100.196735, 5.461445 ] } },
{ "type": "Feature", "properties": { "decimalLatitude": 1.359942, "decimalLongitude": 103.7769, "eventDate": "2022-08-28T12:04:23Z", "countryCode": "SG" }, "geometry": { "type": "Point", "coordinates": [ 103.7769, 1.359942 ] } },
{ "type": "Feature", "properties": { "decimalLatitude": 1.399174, "decimalLongitude": 103.807633, "eventDate": "2022-08-14T11:46:00Z", "countryCode": "SG" }, "geometry": { "type": "Point", "coordinates": [ 103.807633, 1.399174 ] } },
{ "type": "Feature", "properties": { "decimalLatitude": 1.359895, "decimalLongitude": 103.776938, "eventDate": "2022-08-28T12:09:42Z", "countryCode": "SG" }, "geometry": { "type": "Point", "coordinates": [ 103.776938, 1.359895 ] } },
{ "type": "Feature", "properties": { "decimalLatitude": 5.786584, "decimalLongitude": 101.514288, "eventDate": "2022-08-08T15:28:06Z", "countryCode": "MY" }, "geometry": { "type": "Point", "coordinates": [ 101.514288, 5.786584 ] } },
{ "type": "Feature", "properties": { "decimalLatitude": 4.956944, "decimalLongitude": 118.165556, "eventDate": "2022-08-14T11:31:00Z", "countryCode": "MY" }, "geometry": { "type": "Point", "coordinates": [ 118.165556, 4.956944 ] } },
{ "type": "Feature", "properties": { "decimalLatitude": 21.924648, "decimalLongitude": 101.279252, "eventDate": "2022-08-10T15:47:00Z", "countryCode": "CN" }, "geometry": { "type": "Point", "coordinates": [ 101.279252, 21.924648 ] } },
{ "type": "Feature", "properties": { "decimalLatitude": 18.783989, "decimalLongitude": 98.941828, "eventDate": "2022-08-14T17:37:14Z", "countryCode": "TH" }, "geometry": { "type": "Point", "coordinates": [ 98.941828, 18.783989 ] } },
{ "type": "Feature", "properties": { "decimalLatitude": 1.400879, "decimalLongitude": 103.807041, "eventDate": "2022-08-09T22:19:00Z", "countryCode": "SG" }, "geometry": { "type": "Point", "coordinates": [ 103.807041, 1.400879 ] } },
{ "type": "Feature", "properties": { "decimalLatitude": 22.579196, "decimalLongitude": 114.178218, "eventDate": "2022-08-26T17:00:00Z", "countryCode": "CN" }, "geometry": { "type": "Point", "coordinates": [ 114.178218, 22.579196 ] } },
{ "type": "Feature", "properties": { "decimalLatitude": 22.374253, "decimalLongitude": 114.124776, "eventDate": "2022-09-04T10:27:47Z", "countryCode": "HK" }, "geometry": { "type": "Point", "coordinates": [ 114.124776, 22.374253 ] } },
{ "type": "Feature", "properties": { "decimalLatitude": 22.221767, "decimalLongitude": 113.915448, "eventDate": "2022-09-12T00:00:00Z", "countryCode": "HK" }, "geometry": { "type": "Point", "coordinates": [ 113.915448, 22.221767 ] } },
{ "type": "Feature", "properties": { "decimalLatitude": 22.48751, "decimalLongitude": 114.254636, "eventDate": "2022-09-01T10:15:04Z", "countryCode": "HK" }, "geometry": { "type": "Point", "coordinates": [ 114.254636, 22.48751 ] } },
{ "type": "Feature", "properties": { "decimalLatitude": 22.467197, "decimalLongitude": 114.179692, "eventDate": "2022-09-05T00:00:00Z", "countryCode": "HK" }, "geometry": { "type": "Point", "coordinates": [ 114.179692, 22.467197 ] } },
{ "type": "Feature", "properties": { "decimalLatitude": 22.260077, "decimalLongitude": 114.392749, "eventDate": "2022-09-08T00:00:00Z", "countryCode": "HK" }, "geometry": { "type": "Point", "coordinates": [ 114.392749, 22.260077 ] } },
{ "type": "Feature", "properties": { "decimalLatitude": 22.330915, "decimalLongitude": 114.2475, "eventDate": "2022-09-13T17:41:36Z", "countryCode": "HK" }, "geometry": { "type": "Point", "coordinates": [ 114.2475, 22.330915 ] } },
{ "type": "Feature", "properties": { "decimalLatitude": 22.558551, "decimalLongitude": 114.079419, "eventDate": "2022-09-05T00:00:00Z", "countryCode": "HK" }, "geometry": { "type": "Point", "coordinates": [ 114.079419, 22.558551 ] } },
{ "type": "Feature", "properties": { "decimalLatitude": 22.279311, "decimalLongitude": 114.136504, "eventDate": "2022-09-17T16:59:00Z", "countryCode": "HK" }, "geometry": { "type": "Point", "coordinates": [ 114.136504, 22.279311 ] } },
{ "type": "Feature", "properties": { "decimalLatitude": 5.397421, "decimalLongitude": 100.261172, "eventDate": "2022-09-17T12:23:00Z", "countryCode": "MY" }, "geometry": { "type": "Point", "coordinates": [ 100.261172, 5.397421 ] } },
{ "type": "Feature", "properties": { "decimalLatitude": 22.423124, "decimalLongitude": 114.058837, "eventDate": "2022-09-19T00:00:00Z", "countryCode": "HK" }, "geometry": { "type": "Point", "coordinates": [ 114.058837, 22.423124 ] } },
{ "type": "Feature", "properties": { "decimalLatitude": 22.416853, "decimalLongitude": 114.080952, "eventDate": "2022-09-17T13:45:06Z", "countryCode": "HK" }, "geometry": { "type": "Point", "coordinates": [ 114.080952, 22.416853 ] } },
{ "type": "Feature", "properties": { "decimalLatitude": 22.416387, "decimalLongitude": 114.086894, "eventDate": "2022-09-24T07:49:31Z", "countryCode": "HK" }, "geometry": { "type": "Point", "coordinates": [ 114.086894, 22.416387 ] } },
{ "type": "Feature", "properties": { "decimalLatitude": 1.39845, "decimalLongitude": 103.804641, "eventDate": "2022-09-25T17:00:00Z", "countryCode": "SG" }, "geometry": { "type": "Point", "coordinates": [ 103.804641, 1.39845 ] } },
{ "type": "Feature", "properties": { "decimalLatitude": 22.420029, "decimalLongitude": 114.279884, "eventDate": "2022-09-25T14:00:00Z", "countryCode": "HK" }, "geometry": { "type": "Point", "coordinates": [ 114.279884, 22.420029 ] } },
{ "type": "Feature", "properties": { "decimalLatitude": 22.376413, "decimalLongitude": 114.116377, "eventDate": "2022-09-27T08:05:00Z", "countryCode": "HK" }, "geometry": { "type": "Point", "coordinates": [ 114.116377, 22.376413 ] } },
{ "type": "Feature", "properties": { "decimalLatitude": 1.348691, "decimalLongitude": 103.772429, "eventDate": "2022-09-30T11:06:01Z", "countryCode": "SG" }, "geometry": { "type": "Point", "coordinates": [ 103.772429, 1.348691 ] } },
{ "type": "Feature", "properties": { "decimalLatitude": 22.426006, "decimalLongitude": 114.241285, "eventDate": "2022-09-13T14:22:00Z", "countryCode": "HK" }, "geometry": { "type": "Point", "coordinates": [ 114.241285, 22.426006 ] } },
{ "type": "Feature", "properties": { "decimalLatitude": 22.416387, "decimalLongitude": 114.086894, "eventDate": "2022-09-24T07:48:32Z", "countryCode": "HK" }, "geometry": { "type": "Point", "coordinates": [ 114.086894, 22.416387 ] } },
{ "type": "Feature", "properties": { "decimalLatitude": 22.744692, "decimalLongitude": 112.67005, "eventDate": "2022-09-13T12:32:00Z", "countryCode": "CN" }, "geometry": { "type": "Point", "coordinates": [ 112.67005, 22.744692 ] } },
{ "type": "Feature", "properties": { "decimalLatitude": 18.800732, "decimalLongitude": 98.941395, "eventDate": "2022-09-16T10:58:00Z", "countryCode": "TH" }, "geometry": { "type": "Point", "coordinates": [ 98.941395, 18.800732 ] } },
{ "type": "Feature", "properties": { "decimalLatitude": 22.43384, "decimalLongitude": 114.174659, "eventDate": "2022-09-10T10:44:00Z", "countryCode": "HK" }, "geometry": { "type": "Point", "coordinates": [ 114.174659, 22.43384 ] } },
{ "type": "Feature", "properties": { "decimalLatitude": 22.374303, "decimalLongitude": 114.264907, "eventDate": "2022-09-19T13:37:46Z", "countryCode": "HK" }, "geometry": { "type": "Point", "coordinates": [ 114.264907, 22.374303 ] } },
{ "type": "Feature", "properties": { "decimalLatitude": 2.62236, "decimalLongitude": 103.33184, "eventDate": "2022-09-17T09:13:00Z", "countryCode": "MY" }, "geometry": { "type": "Point", "coordinates": [ 103.33184, 2.62236 ] } },
{ "type": "Feature", "properties": { "decimalLatitude": 22.397054, "decimalLongitude": 114.319569, "eventDate": "2022-09-12T13:09:00Z", "countryCode": "HK" }, "geometry": { "type": "Point", "coordinates": [ 114.319569, 22.397054 ] } },
{ "type": "Feature", "properties": { "decimalLatitude": 22.744692, "decimalLongitude": 112.67005, "eventDate": "2022-09-12T12:31:57Z", "countryCode": "CN" }, "geometry": { "type": "Point", "coordinates": [ 112.67005, 22.744692 ] } },
{ "type": "Feature", "properties": { "decimalLatitude": 27.3499, "decimalLongitude": 95.497178, "eventDate": "2022-09-15T10:23:00Z", "countryCode": "IN" }, "geometry": { "type": "Point", "coordinates": [ 95.497178, 27.3499 ] } },
{ "type": "Feature", "properties": { "decimalLatitude": 23.345841, "decimalLongitude": 107.616093, "eventDate": "2022-09-19T12:07:00Z", "countryCode": "CN" }, "geometry": { "type": "Point", "coordinates": [ 107.616093, 23.345841 ] } },
{ "type": "Feature", "properties": { "decimalLatitude": 18.799095, "decimalLongitude": 98.933945, "eventDate": "2022-09-28T14:36:58Z", "countryCode": "TH" }, "geometry": { "type": "Point", "coordinates": [ 98.933945, 18.799095 ] } },
{ "type": "Feature", "properties": { "decimalLatitude": 1.346304, "decimalLongitude": 103.835541, "eventDate": "2022-09-16T11:51:18Z", "countryCode": "SG" }, "geometry": { "type": "Point", "coordinates": [ 103.835541, 1.346304 ] } },
{ "type": "Feature", "properties": { "decimalLatitude": 22.504877, "decimalLongitude": 114.171607, "eventDate": "2022-09-19T00:00:00Z", "countryCode": "HK" }, "geometry": { "type": "Point", "coordinates": [ 114.171607, 22.504877 ] } },
{ "type": "Feature", "properties": { "decimalLatitude": 18.816802, "decimalLongitude": 98.924115, "eventDate": "2022-09-03T11:47:02Z", "countryCode": "TH" }, "geometry": { "type": "Point", "coordinates": [ 98.924115, 18.816802 ] } },
{ "type": "Feature", "properties": { "decimalLatitude": 18.25269, "decimalLongitude": 103.813625, "eventDate": "2022-09-08T08:19:00Z", "countryCode": "TH" }, "geometry": { "type": "Point", "coordinates": [ 103.813625, 18.25269 ] } },
{ "type": "Feature", "properties": { "decimalLatitude": 1.354612, "decimalLongitude": 103.809879, "eventDate": "2022-10-07T10:55:00Z", "countryCode": "SG" }, "geometry": { "type": "Point", "coordinates": [ 103.809879, 1.354612 ] } },
{ "type": "Feature", "properties": { "decimalLatitude": 22.402594, "decimalLongitude": 114.253924, "eventDate": "2022-10-11T00:00:00Z", "countryCode": "HK" }, "geometry": { "type": "Point", "coordinates": [ 114.253924, 22.402594 ] } },
{ "type": "Feature", "properties": { "decimalLatitude": 22.371692, "decimalLongitude": 114.132736, "eventDate": "2022-10-11T13:20:32Z", "countryCode": "HK" }, "geometry": { "type": "Point", "coordinates": [ 114.132736, 22.371692 ] } },
{ "type": "Feature", "properties": { "decimalLatitude": 22.401985, "decimalLongitude": 113.961978, "eventDate": "2022-10-23T09:08:00Z", "countryCode": "HK" }, "geometry": { "type": "Point", "coordinates": [ 113.961978, 22.401985 ] } },
{ "type": "Feature", "properties": { "decimalLatitude": 22.372213, "decimalLongitude": 114.125695, "eventDate": "2022-10-14T15:10:36Z", "countryCode": "HK" }, "geometry": { "type": "Point", "coordinates": [ 114.125695, 22.372213 ] } },
{ "type": "Feature", "properties": { "decimalLatitude": 13.809776, "decimalLongitude": 100.554922, "eventDate": "2022-10-14T20:26:15Z", "countryCode": "TH" }, "geometry": { "type": "Point", "coordinates": [ 100.554922, 13.809776 ] } },
{ "type": "Feature", "properties": { "decimalLatitude": 5.439421, "decimalLongitude": 100.287605, "eventDate": "2022-10-24T13:52:00Z", "countryCode": "MY" }, "geometry": { "type": "Point", "coordinates": [ 100.287605, 5.439421 ] } },
{ "type": "Feature", "properties": { "decimalLatitude": 5.439421, "decimalLongitude": 100.287605, "eventDate": "2022-10-24T13:51:00Z", "countryCode": "MY" }, "geometry": { "type": "Point", "coordinates": [ 100.287605, 5.439421 ] } },
{ "type": "Feature", "properties": { "decimalLatitude": 22.357379, "decimalLongitude": 114.132476, "eventDate": "2022-10-17T11:58:43Z", "countryCode": "HK" }, "geometry": { "type": "Point", "coordinates": [ 114.132476, 22.357379 ] } },
{ "type": "Feature", "properties": { "decimalLatitude": 22.500087, "decimalLongitude": 114.175298, "eventDate": "2022-10-22T13:25:00Z", "countryCode": "HK" }, "geometry": { "type": "Point", "coordinates": [ 114.175298, 22.500087 ] } },
{ "type": "Feature", "properties": { "decimalLatitude": 22.589364, "decimalLongitude": 114.276261, "eventDate": "2022-10-19T00:00:00Z", "countryCode": "HK" }, "geometry": { "type": "Point", "coordinates": [ 114.276261, 22.589364 ] } },
{ "type": "Feature", "properties": { "decimalLatitude": 22.427904, "decimalLongitude": 114.293303, "eventDate": "2022-10-15T14:24:00Z", "countryCode": "HK" }, "geometry": { "type": "Point", "coordinates": [ 114.293303, 22.427904 ] } },
{ "type": "Feature", "properties": { "decimalLatitude": 22.500467, "decimalLongitude": 114.175093, "eventDate": "2022-10-22T13:27:00Z", "countryCode": "HK" }, "geometry": { "type": "Point", "coordinates": [ 114.175093, 22.500467 ] } },
{ "type": "Feature", "properties": { "decimalLatitude": 22.24713, "decimalLongitude": 114.214417, "eventDate": "2022-10-19T14:57:05Z", "countryCode": "HK" }, "geometry": { "type": "Point", "coordinates": [ 114.214417, 22.24713 ] } },
{ "type": "Feature", "properties": { "decimalLatitude": -1.617012, "decimalLongitude": 103.515881, "eventDate": "2022-10-22T21:29:00Z", "countryCode": "ID" }, "geometry": { "type": "Point", "coordinates": [ 103.515881, -1.617012 ] } },
{ "type": "Feature", "properties": { "decimalLatitude": 22.496665, "decimalLongitude": 114.191816, "eventDate": "2022-10-24T19:25:00Z", "countryCode": "HK" }, "geometry": { "type": "Point", "coordinates": [ 114.191816, 22.496665 ] } },
{ "type": "Feature", "properties": { "decimalLatitude": 3.208479, "decimalLongitude": 101.843009, "eventDate": "2022-10-25T12:41:00Z", "countryCode": "MY" }, "geometry": { "type": "Point", "coordinates": [ 101.843009, 3.208479 ] } },
{ "type": "Feature", "properties": { "decimalLatitude": 1.415139, "decimalLongitude": 103.788441, "eventDate": "2022-10-29T12:38:00Z", "countryCode": "SG" }, "geometry": { "type": "Point", "coordinates": [ 103.788441, 1.415139 ] } },
{ "type": "Feature", "properties": { "decimalLatitude": 22.496665, "decimalLongitude": 114.191816, "eventDate": "2022-10-24T19:28:00Z", "countryCode": "HK" }, "geometry": { "type": "Point", "coordinates": [ 114.191816, 22.496665 ] } },
{ "type": "Feature", "properties": { "decimalLatitude": 17.474868, "decimalLongitude": 101.332523, "eventDate": "2022-10-22T14:18:32Z", "countryCode": "TH" }, "geometry": { "type": "Point", "coordinates": [ 101.332523, 17.474868 ] } },
{ "type": "Feature", "properties": { "decimalLatitude": 22.472109, "decimalLongitude": 114.294581, "eventDate": "2022-10-28T00:00:00Z", "countryCode": "HK" }, "geometry": { "type": "Point", "coordinates": [ 114.294581, 22.472109 ] } },
{ "type": "Feature", "properties": { "decimalLatitude": 18.865507, "decimalLongitude": 99.350985, "eventDate": "2022-10-26T12:28:00Z", "countryCode": "TH" }, "geometry": { "type": "Point", "coordinates": [ 99.350985, 18.865507 ] } },
{ "type": "Feature", "properties": { "decimalLatitude": 22.518895, "decimalLongitude": 114.216442, "eventDate": "2022-10-30T09:43:00Z", "countryCode": "HK" }, "geometry": { "type": "Point", "coordinates": [ 114.216442, 22.518895 ] } },
{ "type": "Feature", "properties": { "decimalLatitude": 22.282381, "decimalLongitude": 114.125701, "eventDate": "2022-10-29T16:35:39Z", "countryCode": "HK" }, "geometry": { "type": "Point", "coordinates": [ 114.125701, 22.282381 ] } },
{ "type": "Feature", "properties": { "decimalLatitude": 22.409136, "decimalLongitude": 113.962675, "eventDate": "2022-10-30T21:56:00Z", "countryCode": "HK" }, "geometry": { "type": "Point", "coordinates": [ 113.962675, 22.409136 ] } },
{ "type": "Feature", "properties": { "decimalLatitude": 22.466988, "decimalLongitude": 114.180794, "eventDate": "2022-10-28T09:29:00Z", "countryCode": "HK" }, "geometry": { "type": "Point", "coordinates": [ 114.180794, 22.466988 ] } },
{ "type": "Feature", "properties": { "decimalLatitude": 18.816797, "decimalLongitude": 98.924115, "eventDate": "2022-10-04T13:21:00Z", "countryCode": "TH" }, "geometry": { "type": "Point", "coordinates": [ 98.924115, 18.816797 ] } },
{ "type": "Feature", "properties": { "decimalLatitude": 14.882905, "decimalLongitude": 103.493711, "eventDate": "2022-10-22T01:40:00Z", "countryCode": "TH" }, "geometry": { "type": "Point", "coordinates": [ 103.493711, 14.882905 ] } },
{ "type": "Feature", "properties": { "decimalLatitude": 22.221824, "decimalLongitude": 113.914155, "eventDate": "2022-10-22T13:22:00Z", "countryCode": "HK" }, "geometry": { "type": "Point", "coordinates": [ 113.914155, 22.221824 ] } },
{ "type": "Feature", "properties": { "decimalLatitude": -4.542711, "decimalLongitude": 105.091459, "eventDate": "2022-10-08T12:37:00Z", "countryCode": "ID" }, "geometry": { "type": "Point", "coordinates": [ 105.091459, -4.542711 ] } },
{ "type": "Feature", "properties": { "decimalLatitude": 3.209053, "decimalLongitude": 101.843517, "eventDate": "2022-10-23T11:38:00Z", "countryCode": "MY" }, "geometry": { "type": "Point", "coordinates": [ 101.843517, 3.209053 ] } },
{ "type": "Feature", "properties": { "decimalLatitude": 3.209053, "decimalLongitude": 101.843517, "eventDate": "2022-10-25T13:22:00Z", "countryCode": "MY" }, "geometry": { "type": "Point", "coordinates": [ 101.843517, 3.209053 ] } },
{ "type": "Feature", "properties": { "decimalLatitude": 3.214172, "decimalLongitude": 101.839979, "eventDate": "2022-10-24T11:38:19Z", "countryCode": "MY" }, "geometry": { "type": "Point", "coordinates": [ 101.839979, 3.214172 ] } },
{ "type": "Feature", "properties": { "decimalLatitude": 3.209053, "decimalLongitude": 101.843517, "eventDate": "2022-10-25T12:47:00Z", "countryCode": "MY" }, "geometry": { "type": "Point", "coordinates": [ 101.843517, 3.209053 ] } },
{ "type": "Feature", "properties": { "decimalLatitude": 3.208479, "decimalLongitude": 101.843009, "eventDate": "2022-10-25T12:35:00Z", "countryCode": "MY" }, "geometry": { "type": "Point", "coordinates": [ 101.843009, 3.208479 ] } },
{ "type": "Feature", "properties": { "decimalLatitude": 3.171968, "decimalLongitude": 101.589761, "eventDate": "2022-10-03T15:05:00Z", "countryCode": "MY" }, "geometry": { "type": "Point", "coordinates": [ 101.589761, 3.171968 ] } },
{ "type": "Feature", "properties": { "decimalLatitude": 18.816797, "decimalLongitude": 98.924115, "eventDate": "2022-10-04T11:17:00Z", "countryCode": "TH" }, "geometry": { "type": "Point", "coordinates": [ 98.924115, 18.816797 ] } },
{ "type": "Feature", "properties": { "decimalLatitude": 22.864245, "decimalLongitude": 113.486779, "eventDate": "2022-10-15T14:36:59Z", "countryCode": "CN" }, "geometry": { "type": "Point", "coordinates": [ 113.486779, 22.864245 ] } },
{ "type": "Feature", "properties": { "decimalLatitude": 22.520626, "decimalLongitude": 114.214082, "eventDate": "2022-11-01T11:44:40Z", "countryCode": "HK" }, "geometry": { "type": "Point", "coordinates": [ 114.214082, 22.520626 ] } },
{ "type": "Feature", "properties": { "decimalLatitude": 22.277257, "decimalLongitude": 114.122743, "eventDate": "2022-11-08T08:23:00Z", "countryCode": "HK" }, "geometry": { "type": "Point", "coordinates": [ 114.122743, 22.277257 ] } },
{ "type": "Feature", "properties": { "decimalLatitude": 13.809587, "decimalLongitude": 100.55493, "eventDate": "2022-11-05T15:37:58Z", "countryCode": "TH" }, "geometry": { "type": "Point", "coordinates": [ 100.55493, 13.809587 ] } },
{ "type": "Feature", "properties": { "decimalLatitude": 3.411217, "decimalLongitude": 101.846019, "eventDate": "2022-11-08T11:49:00Z", "countryCode": "MY" }, "geometry": { "type": "Point", "coordinates": [ 101.846019, 3.411217 ] } },
{ "type": "Feature", "properties": { "decimalLatitude": 22.495086, "decimalLongitude": 114.324637, "eventDate": "2022-11-09T00:00:00Z", "countryCode": "HK" }, "geometry": { "type": "Point", "coordinates": [ 114.324637, 22.495086 ] } },
{ "type": "Feature", "properties": { "decimalLatitude": 3.400997, "decimalLongitude": 101.846822, "eventDate": "2022-11-08T11:57:00Z", "countryCode": "MY" }, "geometry": { "type": "Point", "coordinates": [ 101.846822, 3.400997 ] } },
{ "type": "Feature", "properties": { "decimalLatitude": 1.345375, "decimalLongitude": 103.781052, "eventDate": "2022-11-15T12:54:09Z", "countryCode": "SG" }, "geometry": { "type": "Point", "coordinates": [ 103.781052, 1.345375 ] } },
{ "type": "Feature", "properties": { "decimalLatitude": 5.398674, "decimalLongitude": 100.264583, "eventDate": "2022-11-19T14:57:00Z", "countryCode": "MY" }, "geometry": { "type": "Point", "coordinates": [ 100.264583, 5.398674 ] } },
{ "type": "Feature", "properties": { "decimalLatitude": 22.392303, "decimalLongitude": 114.061806, "eventDate": "2022-11-12T11:02:46Z", "countryCode": "HK" }, "geometry": { "type": "Point", "coordinates": [ 114.061806, 22.392303 ] } },
{ "type": "Feature", "properties": { "decimalLatitude": 22.50416, "decimalLongitude": 114.173633, "eventDate": "2022-11-19T00:00:00Z", "countryCode": "HK" }, "geometry": { "type": "Point", "coordinates": [ 114.173633, 22.50416 ] } },
{ "type": "Feature", "properties": { "decimalLatitude": 5.393613, "decimalLongitude": 100.257718, "eventDate": "2022-11-19T21:38:00Z", "countryCode": "MY" }, "geometry": { "type": "Point", "coordinates": [ 100.257718, 5.393613 ] } },
{ "type": "Feature", "properties": { "decimalLatitude": 22.527222, "decimalLongitude": 114.185222, "eventDate": "2022-11-18T20:48:00Z", "countryCode": "HK" }, "geometry": { "type": "Point", "coordinates": [ 114.185222, 22.527222 ] } },
{ "type": "Feature", "properties": { "decimalLatitude": 1.346502, "decimalLongitude": 103.835503, "eventDate": "2022-11-26T12:03:00Z", "countryCode": "SG" }, "geometry": { "type": "Point", "coordinates": [ 103.835503, 1.346502 ] } },
{ "type": "Feature", "properties": { "decimalLatitude": 22.502323, "decimalLongitude": 114.006852, "eventDate": "2022-11-29T20:41:00Z", "countryCode": "CN" }, "geometry": { "type": "Point", "coordinates": [ 114.006852, 22.502323 ] } },
{ "type": "Feature", "properties": { "decimalLatitude": 9.743674, "decimalLongitude": 118.597514, "eventDate": "2022-11-22T19:00:00Z", "countryCode": "PH" }, "geometry": { "type": "Point", "coordinates": [ 118.597514, 9.743674 ] } },
{ "type": "Feature", "properties": { "decimalLatitude": 3.547624, "decimalLongitude": 98.122735, "eventDate": "2022-11-21T12:10:00Z", "countryCode": "ID" }, "geometry": { "type": "Point", "coordinates": [ 98.122735, 3.547624 ] } },
{ "type": "Feature", "properties": { "decimalLatitude": 22.285346, "decimalLongitude": 114.130423, "eventDate": "2022-11-28T15:09:54Z", "countryCode": "HK" }, "geometry": { "type": "Point", "coordinates": [ 114.130423, 22.285346 ] } },
{ "type": "Feature", "properties": { "decimalLatitude": 5.873859, "decimalLongitude": 95.252861, "eventDate": "2022-11-26T17:26:00Z", "countryCode": "ID" }, "geometry": { "type": "Point", "coordinates": [ 95.252861, 5.873859 ] } },
{ "type": "Feature", "properties": { "decimalLatitude": 5.873859, "decimalLongitude": 95.252861, "eventDate": "2022-11-25T16:23:00Z", "countryCode": "ID" }, "geometry": { "type": "Point", "coordinates": [ 95.252861, 5.873859 ] } },
{ "type": "Feature", "properties": { "decimalLatitude": 5.873859, "decimalLongitude": 95.252861, "eventDate": "2022-11-25T16:26:00Z", "countryCode": "ID" }, "geometry": { "type": "Point", "coordinates": [ 95.252861, 5.873859 ] } },
{ "type": "Feature", "properties": { "decimalLatitude": 5.873859, "decimalLongitude": 95.252861, "eventDate": "2022-11-25T16:25:00Z", "countryCode": "ID" }, "geometry": { "type": "Point", "coordinates": [ 95.252861, 5.873859 ] } },
{ "type": "Feature", "properties": { "decimalLatitude": 14.433516, "decimalLongitude": 101.368752, "eventDate": "2022-11-18T03:38:00Z", "countryCode": "TH" }, "geometry": { "type": "Point", "coordinates": [ 101.368752, 14.433516 ] } },
{ "type": "Feature", "properties": { "decimalLatitude": 5.841936, "decimalLongitude": 95.320707, "eventDate": "2022-11-30T12:02:00Z", "countryCode": "ID" }, "geometry": { "type": "Point", "coordinates": [ 95.320707, 5.841936 ] } },
{ "type": "Feature", "properties": { "decimalLatitude": 5.873859, "decimalLongitude": 95.252861, "eventDate": "2022-11-25T15:37:00Z", "countryCode": "ID" }, "geometry": { "type": "Point", "coordinates": [ 95.252861, 5.873859 ] } },
{ "type": "Feature", "properties": { "decimalLatitude": 5.873859, "decimalLongitude": 95.252861, "eventDate": "2022-11-26T10:57:00Z", "countryCode": "ID" }, "geometry": { "type": "Point", "coordinates": [ 95.252861, 5.873859 ] } },
{ "type": "Feature", "properties": { "decimalLatitude": 5.873859, "decimalLongitude": 95.252861, "eventDate": "2022-11-26T10:57:00Z", "countryCode": "ID" }, "geometry": { "type": "Point", "coordinates": [ 95.252861, 5.873859 ] } },
{ "type": "Feature", "properties": { "decimalLatitude": 3.400997, "decimalLongitude": 101.846822, "eventDate": "2022-11-13T21:42:00Z", "countryCode": "MY" }, "geometry": { "type": "Point", "coordinates": [ 101.846822, 3.400997 ] } },
{ "type": "Feature", "properties": { "decimalLatitude": 19.35947, "decimalLongitude": 100.835704, "eventDate": "2022-11-10T10:13:00Z", "countryCode": "TH" }, "geometry": { "type": "Point", "coordinates": [ 100.835704, 19.35947 ] } },
{ "type": "Feature", "properties": { "decimalLatitude": 27.350564, "decimalLongitude": 95.506437, "eventDate": "2022-11-06T08:41:00Z", "countryCode": "IN" }, "geometry": { "type": "Point", "coordinates": [ 95.506437, 27.350564 ] } },
{ "type": "Feature", "properties": { "decimalLatitude": 13.809505, "decimalLongitude": 100.554955, "eventDate": "2022-11-13T10:35:15Z", "countryCode": "TH" }, "geometry": { "type": "Point", "coordinates": [ 100.554955, 13.809505 ] } },
{ "type": "Feature", "properties": { "decimalLatitude": 22.431597, "decimalLongitude": 114.267803, "eventDate": "2022-11-01T10:43:10Z", "countryCode": "HK" }, "geometry": { "type": "Point", "coordinates": [ 114.267803, 22.431597 ] } },
{ "type": "Feature", "properties": { "decimalLatitude": 5.277044, "decimalLongitude": 100.183761, "eventDate": "2022-12-01T00:00:00Z", "countryCode": "MY" }, "geometry": { "type": "Point", "coordinates": [ 100.183761, 5.277044 ] } },
{ "type": "Feature", "properties": { "decimalLatitude": 8.912806, "decimalLongitude": 98.51089, "eventDate": "2022-12-10T10:42:44Z", "countryCode": "TH" }, "geometry": { "type": "Point", "coordinates": [ 98.51089, 8.912806 ] } },
{ "type": "Feature", "properties": { "decimalLatitude": 5.41352, "decimalLongitude": 100.780799, "eventDate": "2022-12-13T00:00:00Z", "countryCode": "MY" }, "geometry": { "type": "Point", "coordinates": [ 100.780799, 5.41352 ] } },
{ "type": "Feature", "properties": { "decimalLatitude": 22.492111, "decimalLongitude": 114.33915, "eventDate": "2022-12-08T12:33:00Z", "countryCode": "HK" }, "geometry": { "type": "Point", "coordinates": [ 114.33915, 22.492111 ] } },
{ "type": "Feature", "properties": { "decimalLatitude": 5.413442, "decimalLongitude": 100.780843, "eventDate": "2022-12-13T00:00:00Z", "countryCode": "MY" }, "geometry": { "type": "Point", "coordinates": [ 100.780843, 5.413442 ] } },
{ "type": "Feature", "properties": { "decimalLatitude": 19.749498, "decimalLongitude": 101.991937, "eventDate": "2022-12-14T22:40:00Z", "countryCode": "LA" }, "geometry": { "type": "Point", "coordinates": [ 101.991937, 19.749498 ] } },
{ "type": "Feature", "properties": { "decimalLatitude": 5.413481, "decimalLongitude": 100.780781, "eventDate": "2022-12-16T00:00:00Z", "countryCode": "MY" }, "geometry": { "type": "Point", "coordinates": [ 100.780781, 5.413481 ] } },
{ "type": "Feature", "properties": { "decimalLatitude": -4.443748, "decimalLongitude": 105.557432, "eventDate": "2022-12-17T13:10:00Z", "countryCode": "ID" }, "geometry": { "type": "Point", "coordinates": [ 105.557432, -4.443748 ] } },
{ "type": "Feature", "properties": { "decimalLatitude": 1.496988, "decimalLongitude": 110.233104, "eventDate": "2022-12-25T20:40:00Z", "countryCode": "MY" }, "geometry": { "type": "Point", "coordinates": [ 110.233104, 1.496988 ] } },
{ "type": "Feature", "properties": { "decimalLatitude": 1.400879, "decimalLongitude": 103.807041, "eventDate": "2022-12-31T12:15:32Z", "countryCode": "SG" }, "geometry": { "type": "Point", "coordinates": [ 103.807041, 1.400879 ] } },
{ "type": "Feature", "properties": { "decimalLatitude": 1.358934, "decimalLongitude": 103.777106, "eventDate": "2022-12-28T15:01:23Z", "countryCode": "SG" }, "geometry": { "type": "Point", "coordinates": [ 103.777106, 1.358934 ] } },
{ "type": "Feature", "properties": { "decimalLatitude": 4.466257, "decimalLongitude": 102.406918, "eventDate": "2022-12-04T22:24:00Z", "countryCode": "MY" }, "geometry": { "type": "Point", "coordinates": [ 102.406918, 4.466257 ] } },
{ "type": "Feature", "properties": { "decimalLatitude": 1.358681, "decimalLongitude": 103.777071, "eventDate": "2022-12-27T15:04:52Z", "countryCode": "SG" }, "geometry": { "type": "Point", "coordinates": [ 103.777071, 1.358681 ] } },
{ "type": "Feature", "properties": { "decimalLatitude": 1.356951, "decimalLongitude": 103.812716, "eventDate": "2022-12-08T02:46:00Z", "countryCode": "SG" }, "geometry": { "type": "Point", "coordinates": [ 103.812716, 1.356951 ] } },
{ "type": "Feature", "properties": { "decimalLatitude": 2.489248, "decimalLongitude": 102.222676, "eventDate": "2022-12-10T09:50:00Z", "countryCode": "MY" }, "geometry": { "type": "Point", "coordinates": [ 102.222676, 2.489248 ] } },
{ "type": "Feature", "properties": { "decimalLatitude": 1.354056, "decimalLongitude": 103.776945, "eventDate": "2022-12-18T11:03:00Z", "countryCode": "SG" }, "geometry": { "type": "Point", "coordinates": [ 103.776945, 1.354056 ] } },
{ "type": "Feature", "properties": { "decimalLatitude": 18.438767, "decimalLongitude": 98.594963, "eventDate": "2022-12-09T13:51:06Z", "countryCode": "TH" }, "geometry": { "type": "Point", "coordinates": [ 98.594963, 18.438767 ] } },
{ "type": "Feature", "properties": { "decimalLatitude": 1.359473, "decimalLongitude": 103.777713, "eventDate": "2023-01-08T16:34:00Z", "countryCode": "SG" }, "geometry": { "type": "Point", "coordinates": [ 103.777713, 1.359473 ] } },
{ "type": "Feature", "properties": { "decimalLatitude": 1.415312, "decimalLongitude": 103.788424, "eventDate": "2023-01-14T12:02:57Z", "countryCode": "SG" }, "geometry": { "type": "Point", "coordinates": [ 103.788424, 1.415312 ] } },
{ "type": "Feature", "properties": { "decimalLatitude": 1.414833, "decimalLongitude": 103.788335, "eventDate": "2023-01-23T11:36:00Z", "countryCode": "SG" }, "geometry": { "type": "Point", "coordinates": [ 103.788335, 1.414833 ] } },
{ "type": "Feature", "properties": { "decimalLatitude": 13.809665, "decimalLongitude": 100.554897, "eventDate": "2023-01-22T11:55:21Z", "countryCode": "TH" }, "geometry": { "type": "Point", "coordinates": [ 100.554897, 13.809665 ] } },
{ "type": "Feature", "properties": { "decimalLatitude": 5.397656, "decimalLongitude": 100.262428, "eventDate": "2023-01-30T00:00:00Z", "countryCode": "MY" }, "geometry": { "type": "Point", "coordinates": [ 100.262428, 5.397656 ] } },
{ "type": "Feature", "properties": { "decimalLatitude": 3.688903, "decimalLongitude": 97.653201, "eventDate": "2023-01-19T13:50:00Z", "countryCode": "ID" }, "geometry": { "type": "Point", "coordinates": [ 97.653201, 3.688903 ] } },
{ "type": "Feature", "properties": { "decimalLatitude": 1.362999, "decimalLongitude": 103.775528, "eventDate": "2023-01-06T10:20:00Z", "countryCode": "SG" }, "geometry": { "type": "Point", "coordinates": [ 103.775528, 1.362999 ] } },
{ "type": "Feature", "properties": { "decimalLatitude": 5.324199, "decimalLongitude": 115.670153, "eventDate": "2023-01-17T09:40:00Z", "countryCode": "MY" }, "geometry": { "type": "Point", "coordinates": [ 115.670153, 5.324199 ] } },
{ "type": "Feature", "properties": { "decimalLatitude": 1.359013, "decimalLongitude": 103.777226, "eventDate": "2023-01-26T17:36:26Z", "countryCode": "SG" }, "geometry": { "type": "Point", "coordinates": [ 103.777226, 1.359013 ] } },
{ "type": "Feature", "properties": { "decimalLatitude": 1.412875, "decimalLongitude": 103.788236, "eventDate": "2023-02-05T13:17:00Z", "countryCode": "SG" }, "geometry": { "type": "Point", "coordinates": [ 103.788236, 1.412875 ] } },
{ "type": "Feature", "properties": { "decimalLatitude": 1.413805, "decimalLongitude": 103.78788, "eventDate": "2023-02-05T13:18:00Z", "countryCode": "SG" }, "geometry": { "type": "Point", "coordinates": [ 103.78788, 1.413805 ] } },
{ "type": "Feature", "properties": { "decimalLatitude": 1.415421, "decimalLongitude": 103.788779, "eventDate": "2023-02-01T12:37:00Z", "countryCode": "SG" }, "geometry": { "type": "Point", "coordinates": [ 103.788779, 1.415421 ] } },
{ "type": "Feature", "properties": { "decimalLatitude": 1.361859, "decimalLongitude": 103.77763, "eventDate": "2023-02-05T13:20:00Z", "countryCode": "SG" }, "geometry": { "type": "Point", "coordinates": [ 103.77763, 1.361859 ] } },
{ "type": "Feature", "properties": { "decimalLatitude": 1.415345, "decimalLongitude": 103.788719, "eventDate": "2023-02-01T13:16:00Z", "countryCode": "SG" }, "geometry": { "type": "Point", "coordinates": [ 103.788719, 1.415345 ] } },
{ "type": "Feature", "properties": { "decimalLatitude": 1.358716, "decimalLongitude": 103.777056, "eventDate": "2023-02-03T12:30:00Z", "countryCode": "SG" }, "geometry": { "type": "Point", "coordinates": [ 103.777056, 1.358716 ] } },
{ "type": "Feature", "properties": { "decimalLatitude": 1.358677, "decimalLongitude": 103.776987, "eventDate": "2023-02-05T12:41:00Z", "countryCode": "SG" }, "geometry": { "type": "Point", "coordinates": [ 103.776987, 1.358677 ] } },
{ "type": "Feature", "properties": { "decimalLatitude": 1.416426, "decimalLongitude": 103.789428, "eventDate": "2023-02-09T14:14:00Z", "countryCode": "SG" }, "geometry": { "type": "Point", "coordinates": [ 103.789428, 1.416426 ] } },
{ "type": "Feature", "properties": { "decimalLatitude": 1.416426, "decimalLongitude": 103.789428, "eventDate": "2023-02-09T13:57:00Z", "countryCode": "SG" }, "geometry": { "type": "Point", "coordinates": [ 103.789428, 1.416426 ] } },
{ "type": "Feature", "properties": { "decimalLatitude": 18.315937, "decimalLongitude": 99.397837, "eventDate": "2023-02-03T08:35:06Z", "countryCode": "TH" }, "geometry": { "type": "Point", "coordinates": [ 99.397837, 18.315937 ] } },
{ "type": "Feature", "properties": { "decimalLatitude": 5.438767, "decimalLongitude": 100.288512, "eventDate": "2023-02-07T00:00:00Z", "countryCode": "MY" }, "geometry": { "type": "Point", "coordinates": [ 100.288512, 5.438767 ] } },
{ "type": "Feature", "properties": { "decimalLatitude": 1.416426, "decimalLongitude": 103.789428, "eventDate": "2023-02-09T14:12:00Z", "countryCode": "SG" }, "geometry": { "type": "Point", "coordinates": [ 103.789428, 1.416426 ] } },
{ "type": "Feature", "properties": { "decimalLatitude": 1.414983, "decimalLongitude": 103.788357, "eventDate": "2023-02-19T11:13:00Z", "countryCode": "SG" }, "geometry": { "type": "Point", "coordinates": [ 103.788357, 1.414983 ] } },
{ "type": "Feature", "properties": { "decimalLatitude": 1.400879, "decimalLongitude": 103.807041, "eventDate": "2023-02-16T10:58:00Z", "countryCode": "SG" }, "geometry": { "type": "Point", "coordinates": [ 103.807041, 1.400879 ] } },
{ "type": "Feature", "properties": { "decimalLatitude": 1.413826, "decimalLongitude": 103.787833, "eventDate": "2023-02-15T18:38:00Z", "countryCode": "SG" }, "geometry": { "type": "Point", "coordinates": [ 103.787833, 1.413826 ] } },
{ "type": "Feature", "properties": { "decimalLatitude": 1.343465, "decimalLongitude": 103.778489, "eventDate": "2023-02-18T12:24:00Z", "countryCode": "SG" }, "geometry": { "type": "Point", "coordinates": [ 103.778489, 1.343465 ] } },
{ "type": "Feature", "properties": { "decimalLatitude": 1.422046, "decimalLongitude": 103.792819, "eventDate": "2023-02-19T13:20:00Z", "countryCode": "SG" }, "geometry": { "type": "Point", "coordinates": [ 103.792819, 1.422046 ] } },
{ "type": "Feature", "properties": { "decimalLatitude": 1.413618, "decimalLongitude": 103.787897, "eventDate": "2023-02-19T11:29:00Z", "countryCode": "SG" }, "geometry": { "type": "Point", "coordinates": [ 103.787897, 1.413618 ] } },
{ "type": "Feature", "properties": { "decimalLatitude": 1.415028, "decimalLongitude": 103.788371, "eventDate": "2023-02-19T11:27:00Z", "countryCode": "SG" }, "geometry": { "type": "Point", "coordinates": [ 103.788371, 1.415028 ] } },
{ "type": "Feature", "properties": { "decimalLatitude": 1.422046, "decimalLongitude": 103.792819, "eventDate": "2023-02-21T11:12:00Z", "countryCode": "SG" }, "geometry": { "type": "Point", "coordinates": [ 103.792819, 1.422046 ] } },
{ "type": "Feature", "properties": { "decimalLatitude": 1.422046, "decimalLongitude": 103.792819, "eventDate": "2023-02-19T13:09:00Z", "countryCode": "SG" }, "geometry": { "type": "Point", "coordinates": [ 103.792819, 1.422046 ] } },
{ "type": "Feature", "properties": { "decimalLatitude": 1.422046, "decimalLongitude": 103.792819, "eventDate": "2023-02-19T13:17:00Z", "countryCode": "SG" }, "geometry": { "type": "Point", "coordinates": [ 103.792819, 1.422046 ] } },
{ "type": "Feature", "properties": { "decimalLatitude": 1.422046, "decimalLongitude": 103.792819, "eventDate": "2023-02-19T13:19:00Z", "countryCode": "SG" }, "geometry": { "type": "Point", "coordinates": [ 103.792819, 1.422046 ] } },
{ "type": "Feature", "properties": { "decimalLatitude": 1.344634, "decimalLongitude": 103.780911, "eventDate": "2023-02-20T11:12:00Z", "countryCode": "SG" }, "geometry": { "type": "Point", "coordinates": [ 103.780911, 1.344634 ] } },
{ "type": "Feature", "properties": { "decimalLatitude": 5.27544, "decimalLongitude": 100.56549, "eventDate": "2023-02-05T14:49:00Z", "countryCode": "MY" }, "geometry": { "type": "Point", "coordinates": [ 100.56549, 5.27544 ] } },
{ "type": "Feature", "properties": { "decimalLatitude": 1.415427, "decimalLongitude": 103.78876, "eventDate": "2023-02-01T12:36:00Z", "countryCode": "SG" }, "geometry": { "type": "Point", "coordinates": [ 103.78876, 1.415427 ] } },
{ "type": "Feature", "properties": { "decimalLatitude": 1.414719, "decimalLongitude": 103.788682, "eventDate": "2023-02-19T15:26:00Z", "countryCode": "SG" }, "geometry": { "type": "Point", "coordinates": [ 103.788682, 1.414719 ] } },
{ "type": "Feature", "properties": { "decimalLatitude": 1.415907, "decimalLongitude": 103.789644, "eventDate": "2023-02-19T15:23:00Z", "countryCode": "SG" }, "geometry": { "type": "Point", "coordinates": [ 103.789644, 1.415907 ] } },
{ "type": "Feature", "properties": { "decimalLatitude": -2.182611, "decimalLongitude": 114.473383, "eventDate": "2023-02-20T10:34:46Z", "countryCode": "ID" }, "geometry": { "type": "Point", "coordinates": [ 114.473383, -2.182611 ] } },
{ "type": "Feature", "properties": { "decimalLatitude": 1.345913, "decimalLongitude": 103.821827, "eventDate": "2023-02-27T08:40:14Z", "countryCode": "SG" }, "geometry": { "type": "Point", "coordinates": [ 103.821827, 1.345913 ] } },
{ "type": "Feature", "properties": { "decimalLatitude": 1.416426, "decimalLongitude": 103.789428, "eventDate": "2023-02-09T13:52:00Z", "countryCode": "SG" }, "geometry": { "type": "Point", "coordinates": [ 103.789428, 1.416426 ] } },
{ "type": "Feature", "properties": { "decimalLatitude": 5.801128, "decimalLongitude": 101.835712, "eventDate": "2023-02-27T14:03:00Z", "countryCode": "TH" }, "geometry": { "type": "Point", "coordinates": [ 101.835712, 5.801128 ] } },
{ "type": "Feature", "properties": { "decimalLatitude": 18.830005, "decimalLongitude": 98.94119, "eventDate": "2023-02-19T14:59:00Z", "countryCode": "TH" }, "geometry": { "type": "Point", "coordinates": [ 98.94119, 18.830005 ] } },
{ "type": "Feature", "properties": { "decimalLatitude": 12.913081, "decimalLongitude": 99.42767, "eventDate": "2023-02-18T13:52:10Z", "countryCode": "TH" }, "geometry": { "type": "Point", "coordinates": [ 99.42767, 12.913081 ] } },
{ "type": "Feature", "properties": { "decimalLatitude": 1.358614, "decimalLongitude": 103.776941, "eventDate": "2023-02-08T10:05:00Z", "countryCode": "SG" }, "geometry": { "type": "Point", "coordinates": [ 103.776941, 1.358614 ] } },
{ "type": "Feature", "properties": { "decimalLatitude": 1.349258, "decimalLongitude": 103.775029, "eventDate": "2023-02-18T15:07:00Z", "countryCode": "SG" }, "geometry": { "type": "Point", "coordinates": [ 103.775029, 1.349258 ] } },
{ "type": "Feature", "properties": { "decimalLatitude": 1.335892, "decimalLongitude": 103.818458, "eventDate": "2023-02-18T11:02:00Z", "countryCode": "SG" }, "geometry": { "type": "Point", "coordinates": [ 103.818458, 1.335892 ] } },
{ "type": "Feature", "properties": { "decimalLatitude": 6.001619, "decimalLongitude": 116.550483, "eventDate": "2023-02-20T12:51:06Z", "countryCode": "MY" }, "geometry": { "type": "Point", "coordinates": [ 116.550483, 6.001619 ] } },
{ "type": "Feature", "properties": { "decimalLatitude": 18.812259, "decimalLongitude": 98.941641, "eventDate": "2023-02-25T10:59:00Z", "countryCode": "TH" }, "geometry": { "type": "Point", "coordinates": [ 98.941641, 18.812259 ] } },
{ "type": "Feature", "properties": { "decimalLatitude": 5.865987, "decimalLongitude": 117.951581, "eventDate": "2023-02-27T22:05:00Z", "countryCode": "MY" }, "geometry": { "type": "Point", "coordinates": [ 117.951581, 5.865987 ] } },
{ "type": "Feature", "properties": { "decimalLatitude": 5.393485, "decimalLongitude": 100.257747, "eventDate": "2023-03-01T00:00:00Z", "countryCode": "MY" }, "geometry": { "type": "Point", "coordinates": [ 100.257747, 5.393485 ] } },
{ "type": "Feature", "properties": { "decimalLatitude": 9.735962, "decimalLongitude": 100.014519, "eventDate": "2023-03-02T14:04:50Z", "countryCode": "TH" }, "geometry": { "type": "Point", "coordinates": [ 100.014519, 9.735962 ] } },
{ "type": "Feature", "properties": { "decimalLatitude": 16.387746, "decimalLongitude": 101.570146, "eventDate": "2023-03-05T00:00:00Z", "countryCode": "TH" }, "geometry": { "type": "Point", "coordinates": [ 101.570146, 16.387746 ] } },
{ "type": "Feature", "properties": { "decimalLatitude": 19.75, "decimalLongitude": 101.99, "eventDate": "2023-03-08T15:16:01Z", "countryCode": "LA" }, "geometry": { "type": "Point", "coordinates": [ 101.99, 19.75 ] } },
{ "type": "Feature", "properties": { "decimalLatitude": 1.364169, "decimalLongitude": 103.77464, "eventDate": "2023-03-08T13:15:00Z", "countryCode": "SG" }, "geometry": { "type": "Point", "coordinates": [ 103.77464, 1.364169 ] } },
{ "type": "Feature", "properties": { "decimalLatitude": 1.364188, "decimalLongitude": 103.774648, "eventDate": "2023-03-08T13:14:00Z", "countryCode": "SG" }, "geometry": { "type": "Point", "coordinates": [ 103.774648, 1.364188 ] } },
{ "type": "Feature", "properties": { "decimalLatitude": 1.414189, "decimalLongitude": 103.787992, "eventDate": "2023-03-19T10:42:00Z", "countryCode": "SG" }, "geometry": { "type": "Point", "coordinates": [ 103.787992, 1.414189 ] } },
{ "type": "Feature", "properties": { "decimalLatitude": 1.415096, "decimalLongitude": 103.788355, "eventDate": "2023-03-20T12:09:00Z", "countryCode": "SG" }, "geometry": { "type": "Point", "coordinates": [ 103.788355, 1.415096 ] } },
{ "type": "Feature", "properties": { "decimalLatitude": 1.415096, "decimalLongitude": 103.788355, "eventDate": "2023-03-20T12:12:00Z", "countryCode": "SG" }, "geometry": { "type": "Point", "coordinates": [ 103.788355, 1.415096 ] } },
{ "type": "Feature", "properties": { "decimalLatitude": 1.36356, "decimalLongitude": 103.777024, "eventDate": "2023-03-23T11:09:00Z", "countryCode": "SG" }, "geometry": { "type": "Point", "coordinates": [ 103.777024, 1.36356 ] } },
{ "type": "Feature", "properties": { "decimalLatitude": 18.816797, "decimalLongitude": 98.924115, "eventDate": "2023-03-23T12:19:00Z", "countryCode": "TH" }, "geometry": { "type": "Point", "coordinates": [ 98.924115, 18.816797 ] } },
{ "type": "Feature", "properties": { "decimalLatitude": 1.415506, "decimalLongitude": 103.788833, "eventDate": "2023-03-28T14:42:00Z", "countryCode": "SG" }, "geometry": { "type": "Point", "coordinates": [ 103.788833, 1.415506 ] } },
{ "type": "Feature", "properties": { "decimalLatitude": 1.415506, "decimalLongitude": 103.788833, "eventDate": "2023-03-28T14:39:00Z", "countryCode": "SG" }, "geometry": { "type": "Point", "coordinates": [ 103.788833, 1.415506 ] } },
{ "type": "Feature", "properties": { "decimalLatitude": 22.28908, "decimalLongitude": 113.979003, "eventDate": "2023-03-26T12:00:34Z", "countryCode": "HK" }, "geometry": { "type": "Point", "coordinates": [ 113.979003, 22.28908 ] } },
{ "type": "Feature", "properties": { "decimalLatitude": 3.208479, "decimalLongitude": 101.843009, "eventDate": "2023-03-31T10:01:00Z", "countryCode": "MY" }, "geometry": { "type": "Point", "coordinates": [ 101.843009, 3.208479 ] } },
{ "type": "Feature", "properties": { "decimalLatitude": 1.415506, "decimalLongitude": 103.788833, "eventDate": "2023-03-28T14:44:00Z", "countryCode": "SG" }, "geometry": { "type": "Point", "coordinates": [ 103.788833, 1.415506 ] } },
{ "type": "Feature", "properties": { "decimalLatitude": 1.400879, "decimalLongitude": 103.807041, "eventDate": "2023-03-26T11:15:23Z", "countryCode": "SG" }, "geometry": { "type": "Point", "coordinates": [ 103.807041, 1.400879 ] } },
{ "type": "Feature", "properties": { "decimalLatitude": 3.113105, "decimalLongitude": 101.815673, "eventDate": "2023-03-26T00:00:00Z", "countryCode": "MY" }, "geometry": { "type": "Point", "coordinates": [ 101.815673, 3.113105 ] } },
{ "type": "Feature", "properties": { "decimalLatitude": 1.355967, "decimalLongitude": 103.816539, "eventDate": "2023-03-22T12:57:54Z", "countryCode": "SG" }, "geometry": { "type": "Point", "coordinates": [ 103.816539, 1.355967 ] } },
{ "type": "Feature", "properties": { "decimalLatitude": 1.341266, "decimalLongitude": 103.826194, "eventDate": "2023-03-23T11:18:00Z", "countryCode": "SG" }, "geometry": { "type": "Point", "coordinates": [ 103.826194, 1.341266 ] } },
{ "type": "Feature", "properties": { "decimalLatitude": 18.804803, "decimalLongitude": 98.896667, "eventDate": "2023-03-27T10:19:00Z", "countryCode": "TH" }, "geometry": { "type": "Point", "coordinates": [ 98.896667, 18.804803 ] } },
{ "type": "Feature", "properties": { "decimalLatitude": 5.413157, "decimalLongitude": 100.780265, "eventDate": "2023-03-30T00:00:00Z", "countryCode": "MY" }, "geometry": { "type": "Point", "coordinates": [ 100.780265, 5.413157 ] } },
{ "type": "Feature", "properties": { "decimalLatitude": 3.208479, "decimalLongitude": 101.843009, "eventDate": "2023-03-31T10:26:00Z", "countryCode": "MY" }, "geometry": { "type": "Point", "coordinates": [ 101.843009, 3.208479 ] } },
{ "type": "Feature", "properties": { "decimalLatitude": 1.35429, "decimalLongitude": 103.809235, "eventDate": "2023-03-08T10:30:00Z", "countryCode": "SG" }, "geometry": { "type": "Point", "coordinates": [ 103.809235, 1.35429 ] } },
{ "type": "Feature", "properties": { "decimalLatitude": 3.208479, "decimalLongitude": 101.843009, "eventDate": "2023-03-31T10:26:00Z", "countryCode": "MY" }, "geometry": { "type": "Point", "coordinates": [ 101.843009, 3.208479 ] } },
{ "type": "Feature", "properties": { "decimalLatitude": 13.809453, "decimalLongitude": 100.554992, "eventDate": "2023-03-25T11:57:08Z", "countryCode": "TH" }, "geometry": { "type": "Point", "coordinates": [ 100.554992, 13.809453 ] } },
{ "type": "Feature", "properties": { "decimalLatitude": 9.769814, "decimalLongitude": 100.057195, "eventDate": "2023-03-02T08:54:00Z", "countryCode": "TH" }, "geometry": { "type": "Point", "coordinates": [ 100.057195, 9.769814 ] } },
{ "type": "Feature", "properties": { "decimalLatitude": 8.615233, "decimalLongitude": 98.245362, "eventDate": "2023-03-13T10:18:00Z", "countryCode": "TH" }, "geometry": { "type": "Point", "coordinates": [ 98.245362, 8.615233 ] } },
{ "type": "Feature", "properties": { "decimalLatitude": 20.2485, "decimalLongitude": 105.7109, "eventDate": "2023-03-16T00:00:00Z", "countryCode": "VN" }, "geometry": { "type": "Point", "coordinates": [ 105.7109, 20.2485 ] } },
{ "type": "Feature", "properties": { "decimalLatitude": 22.322014, "decimalLongitude": 114.264104, "eventDate": "2023-04-04T12:43:19Z", "countryCode": "HK" }, "geometry": { "type": "Point", "coordinates": [ 114.264104, 22.322014 ] } },
{ "type": "Feature", "properties": { "decimalLatitude": 1.335892, "decimalLongitude": 103.818458, "eventDate": "2023-04-01T10:16:55Z", "countryCode": "SG" }, "geometry": { "type": "Point", "coordinates": [ 103.818458, 1.335892 ] } },
{ "type": "Feature", "properties": { "decimalLatitude": 22.459785, "decimalLongitude": 114.0112, "eventDate": "2023-04-01T13:47:00Z", "countryCode": "HK" }, "geometry": { "type": "Point", "coordinates": [ 114.0112, 22.459785 ] } },
{ "type": "Feature", "properties": { "decimalLatitude": 1.335892, "decimalLongitude": 103.818458, "eventDate": "2023-04-08T10:55:38Z", "countryCode": "SG" }, "geometry": { "type": "Point", "coordinates": [ 103.818458, 1.335892 ] } },
{ "type": "Feature", "properties": { "decimalLatitude": 22.229665, "decimalLongitude": 114.117465, "eventDate": "2023-04-05T13:31:26Z", "countryCode": "HK" }, "geometry": { "type": "Point", "coordinates": [ 114.117465, 22.229665 ] } },
{ "type": "Feature", "properties": { "decimalLatitude": 1.341296, "decimalLongitude": 103.829607, "eventDate": "2023-04-08T10:58:00Z", "countryCode": "SG" }, "geometry": { "type": "Point", "coordinates": [ 103.829607, 1.341296 ] } },
{ "type": "Feature", "properties": { "decimalLatitude": 22.477193, "decimalLongitude": 114.320565, "eventDate": "2023-04-06T00:00:00Z", "countryCode": "HK" }, "geometry": { "type": "Point", "coordinates": [ 114.320565, 22.477193 ] } },
{ "type": "Feature", "properties": { "decimalLatitude": 1.340982, "decimalLongitude": 103.829697, "eventDate": "2023-04-08T10:55:12Z", "countryCode": "SG" }, "geometry": { "type": "Point", "coordinates": [ 103.829697, 1.340982 ] } },
{ "type": "Feature", "properties": { "decimalLatitude": 1.340625, "decimalLongitude": 103.821136, "eventDate": "2023-04-11T13:08:00Z", "countryCode": "SG" }, "geometry": { "type": "Point", "coordinates": [ 103.821136, 1.340625 ] } },
{ "type": "Feature", "properties": { "decimalLatitude": 1.34132, "decimalLongitude": 103.827096, "eventDate": "2023-04-11T11:28:00Z", "countryCode": "SG" }, "geometry": { "type": "Point", "coordinates": [ 103.827096, 1.34132 ] } },
{ "type": "Feature", "properties": { "decimalLatitude": 22.4005, "decimalLongitude": 114.190238, "eventDate": "2023-04-11T09:44:01Z", "countryCode": "HK" }, "geometry": { "type": "Point", "coordinates": [ 114.190238, 22.4005 ] } },
{ "type": "Feature", "properties": { "decimalLatitude": 22.481621, "decimalLongitude": 114.217447, "eventDate": "2023-04-06T00:00:00Z", "countryCode": "HK" }, "geometry": { "type": "Point", "coordinates": [ 114.217447, 22.481621 ] } },
{ "type": "Feature", "properties": { "decimalLatitude": 1.340723, "decimalLongitude": 103.821153, "eventDate": "2023-04-11T13:22:00Z", "countryCode": "SG" }, "geometry": { "type": "Point", "coordinates": [ 103.821153, 1.340723 ] } },
{ "type": "Feature", "properties": { "decimalLatitude": 3.214561, "decimalLongitude": 101.840007, "eventDate": "2023-04-08T11:44:00Z", "countryCode": "MY" }, "geometry": { "type": "Point", "coordinates": [ 101.840007, 3.214561 ] } },
{ "type": "Feature", "properties": { "decimalLatitude": 22.448123, "decimalLongitude": 114.31017, "eventDate": "2023-04-12T15:57:21Z", "countryCode": "HK" }, "geometry": { "type": "Point", "coordinates": [ 114.31017, 22.448123 ] } },
{ "type": "Feature", "properties": { "decimalLatitude": 22.527189, "decimalLongitude": 114.184559, "eventDate": "2023-04-13T00:00:00Z", "countryCode": "HK" }, "geometry": { "type": "Point", "coordinates": [ 114.184559, 22.527189 ] } },
{ "type": "Feature", "properties": { "decimalLatitude": 1.400016, "decimalLongitude": 103.807883, "eventDate": "2023-04-16T10:51:00Z", "countryCode": "SG" }, "geometry": { "type": "Point", "coordinates": [ 103.807883, 1.400016 ] } },
{ "type": "Feature", "properties": { "decimalLatitude": 22.216762, "decimalLongitude": 113.818773, "eventDate": "2023-04-12T00:00:00Z", "countryCode": "HK" }, "geometry": { "type": "Point", "coordinates": [ 113.818773, 22.216762 ] } },
{ "type": "Feature", "properties": { "decimalLatitude": 22.517842, "decimalLongitude": 114.27075, "eventDate": "2023-04-18T14:12:40Z", "countryCode": "HK" }, "geometry": { "type": "Point", "coordinates": [ 114.27075, 22.517842 ] } },
{ "type": "Feature", "properties": { "decimalLatitude": 5.275709, "decimalLongitude": 100.567253, "eventDate": "2023-04-14T00:00:00Z", "countryCode": "MY" }, "geometry": { "type": "Point", "coordinates": [ 100.567253, 5.275709 ] } },
{ "type": "Feature", "properties": { "decimalLatitude": 1.358956, "decimalLongitude": 103.808587, "eventDate": "2023-04-15T11:02:00Z", "countryCode": "SG" }, "geometry": { "type": "Point", "coordinates": [ 103.808587, 1.358956 ] } },
{ "type": "Feature", "properties": { "decimalLatitude": 22.525017, "decimalLongitude": 114.259675, "eventDate": "2023-04-15T09:30:48Z", "countryCode": "HK" }, "geometry": { "type": "Point", "coordinates": [ 114.259675, 22.525017 ] } },
{ "type": "Feature", "properties": { "decimalLatitude": 22.522547, "decimalLongitude": 114.264783, "eventDate": "2023-04-18T14:49:41Z", "countryCode": "HK" }, "geometry": { "type": "Point", "coordinates": [ 114.264783, 22.522547 ] } },
{ "type": "Feature", "properties": { "decimalLatitude": 22.246009, "decimalLongitude": 113.863002, "eventDate": "2023-04-12T00:00:00Z", "countryCode": "HK" }, "geometry": { "type": "Point", "coordinates": [ 113.863002, 22.246009 ] } },
{ "type": "Feature", "properties": { "decimalLatitude": 22.331097, "decimalLongitude": 114.245265, "eventDate": "2023-04-15T12:28:00Z", "countryCode": "HK" }, "geometry": { "type": "Point", "coordinates": [ 114.245265, 22.331097 ] } },
{ "type": "Feature", "properties": { "decimalLatitude": 1.354017, "decimalLongitude": 103.805061, "eventDate": "2023-04-14T13:31:00Z", "countryCode": "SG" }, "geometry": { "type": "Point", "coordinates": [ 103.805061, 1.354017 ] } },
{ "type": "Feature", "properties": { "decimalLatitude": 1.357024, "decimalLongitude": 103.804549, "eventDate": "2023-04-15T11:05:00Z", "countryCode": "SG" }, "geometry": { "type": "Point", "coordinates": [ 103.804549, 1.357024 ] } },
{ "type": "Feature", "properties": { "decimalLatitude": 1.341489, "decimalLongitude": 103.826926, "eventDate": "2023-04-16T12:00:00Z", "countryCode": "SG" }, "geometry": { "type": "Point", "coordinates": [ 103.826926, 1.341489 ] } },
{ "type": "Feature", "properties": { "decimalLatitude": 1.35762, "decimalLongitude": 103.804687, "eventDate": "2023-04-15T11:01:00Z", "countryCode": "SG" }, "geometry": { "type": "Point", "coordinates": [ 103.804687, 1.35762 ] } },
{ "type": "Feature", "properties": { "decimalLatitude": 3.214561, "decimalLongitude": 101.840007, "eventDate": "2023-04-08T11:45:00Z", "countryCode": "MY" }, "geometry": { "type": "Point", "coordinates": [ 101.840007, 3.214561 ] } },
{ "type": "Feature", "properties": { "decimalLatitude": 22.449233, "decimalLongitude": 114.315452, "eventDate": "2023-04-12T15:56:42Z", "countryCode": "HK" }, "geometry": { "type": "Point", "coordinates": [ 114.315452, 22.449233 ] } },
{ "type": "Feature", "properties": { "decimalLatitude": 1.357006, "decimalLongitude": 103.804517, "eventDate": "2023-04-15T12:02:00Z", "countryCode": "SG" }, "geometry": { "type": "Point", "coordinates": [ 103.804517, 1.357006 ] } },
{ "type": "Feature", "properties": { "decimalLatitude": 1.335892, "decimalLongitude": 103.818458, "eventDate": "2023-04-15T13:57:08Z", "countryCode": "SG" }, "geometry": { "type": "Point", "coordinates": [ 103.818458, 1.335892 ] } },
{ "type": "Feature", "properties": { "decimalLatitude": 1.356944, "decimalLongitude": 103.804482, "eventDate": "2023-04-15T11:08:00Z", "countryCode": "SG" }, "geometry": { "type": "Point", "coordinates": [ 103.804482, 1.356944 ] } },
{ "type": "Feature", "properties": { "decimalLatitude": 1.356934, "decimalLongitude": 103.804537, "eventDate": "2023-04-15T12:03:00Z", "countryCode": "SG" }, "geometry": { "type": "Point", "coordinates": [ 103.804537, 1.356934 ] } },
{ "type": "Feature", "properties": { "decimalLatitude": 1.400027, "decimalLongitude": 103.807969, "eventDate": "2023-04-16T09:48:00Z", "countryCode": "SG" }, "geometry": { "type": "Point", "coordinates": [ 103.807969, 1.400027 ] } },
{ "type": "Feature", "properties": { "decimalLatitude": 1.35804, "decimalLongitude": 103.808087, "eventDate": "2023-04-15T11:07:00Z", "countryCode": "SG" }, "geometry": { "type": "Point", "coordinates": [ 103.808087, 1.35804 ] } },
{ "type": "Feature", "properties": { "decimalLatitude": 5.95323, "decimalLongitude": 101.695444, "eventDate": "2023-04-07T14:01:00Z", "countryCode": "TH" }, "geometry": { "type": "Point", "coordinates": [ 101.695444, 5.95323 ] } },
{ "type": "Feature", "properties": { "decimalLatitude": 1.400113, "decimalLongitude": 103.807304, "eventDate": "2023-04-16T09:37:00Z", "countryCode": "SG" }, "geometry": { "type": "Point", "coordinates": [ 103.807304, 1.400113 ] } },
{ "type": "Feature", "properties": { "decimalLatitude": 1.356822, "decimalLongitude": 103.803801, "eventDate": "2023-04-14T11:16:00Z", "countryCode": "SG" }, "geometry": { "type": "Point", "coordinates": [ 103.803801, 1.356822 ] } },
{ "type": "Feature", "properties": { "decimalLatitude": 22.517842, "decimalLongitude": 114.27075, "eventDate": "2023-04-18T14:02:21Z", "countryCode": "HK" }, "geometry": { "type": "Point", "coordinates": [ 114.27075, 22.517842 ] } },
{ "type": "Feature", "properties": { "decimalLatitude": 1.399126, "decimalLongitude": 103.807561, "eventDate": "2023-04-16T10:36:00Z", "countryCode": "SG" }, "geometry": { "type": "Point", "coordinates": [ 103.807561, 1.399126 ] } },
{ "type": "Feature", "properties": { "decimalLatitude": 22.470775, "decimalLongitude": 114.200608, "eventDate": "2023-04-16T14:06:00Z", "countryCode": "HK" }, "geometry": { "type": "Point", "coordinates": [ 114.200608, 22.470775 ] } },
{ "type": "Feature", "properties": { "decimalLatitude": 1.344382, "decimalLongitude": 103.779473, "eventDate": "2023-04-16T13:03:18Z", "countryCode": "SG" }, "geometry": { "type": "Point", "coordinates": [ 103.779473, 1.344382 ] } },
{ "type": "Feature", "properties": { "decimalLatitude": 5.440891, "decimalLongitude": 100.290027, "eventDate": "2023-04-21T00:00:00Z", "countryCode": "MY" }, "geometry": { "type": "Point", "coordinates": [ 100.290027, 5.440891 ] } },
{ "type": "Feature", "properties": { "decimalLatitude": 1.357129, "decimalLongitude": 103.804815, "eventDate": "2023-04-22T09:15:00Z", "countryCode": "SG" }, "geometry": { "type": "Point", "coordinates": [ 103.804815, 1.357129 ] } },
{ "type": "Feature", "properties": { "decimalLatitude": 1.26646, "decimalLongitude": 103.65682, "eventDate": "2023-04-23T14:52:52Z", "countryCode": "SG" }, "geometry": { "type": "Point", "coordinates": [ 103.65682, 1.26646 ] } },
{ "type": "Feature", "properties": { "decimalLatitude": 22.519462, "decimalLongitude": 114.26732, "eventDate": "2023-04-15T16:55:15Z", "countryCode": "HK" }, "geometry": { "type": "Point", "coordinates": [ 114.26732, 22.519462 ] } },
{ "type": "Feature", "properties": { "decimalLatitude": 1.3587, "decimalLongitude": 103.777027, "eventDate": "2023-04-25T10:05:00Z", "countryCode": "SG" }, "geometry": { "type": "Point", "coordinates": [ 103.777027, 1.3587 ] } },
{ "type": "Feature", "properties": { "decimalLatitude": 22.348858, "decimalLongitude": 114.100656, "eventDate": "2023-04-24T15:51:37Z", "countryCode": "HK" }, "geometry": { "type": "Point", "coordinates": [ 114.100656, 22.348858 ] } },
{ "type": "Feature", "properties": { "decimalLatitude": 22.423231, "decimalLongitude": 114.197202, "eventDate": "2023-04-23T12:57:00Z", "countryCode": "HK" }, "geometry": { "type": "Point", "coordinates": [ 114.197202, 22.423231 ] } },
{ "type": "Feature", "properties": { "decimalLatitude": 22.423294, "decimalLongitude": 114.234688, "eventDate": "2023-04-22T08:41:00Z", "countryCode": "HK" }, "geometry": { "type": "Point", "coordinates": [ 114.234688, 22.423294 ] } },
{ "type": "Feature", "properties": { "decimalLatitude": 5.440442, "decimalLongitude": 100.289505, "eventDate": "2023-04-21T13:39:00Z", "countryCode": "MY" }, "geometry": { "type": "Point", "coordinates": [ 100.289505, 5.440442 ] } },
{ "type": "Feature", "properties": { "decimalLatitude": 22.385113, "decimalLongitude": 114.051316, "eventDate": "2023-04-01T15:26:00Z", "countryCode": "HK" }, "geometry": { "type": "Point", "coordinates": [ 114.051316, 22.385113 ] } },
{ "type": "Feature", "properties": { "decimalLatitude": 22.42866, "decimalLongitude": 114.120327, "eventDate": "2023-04-23T13:44:00Z", "countryCode": "HK" }, "geometry": { "type": "Point", "coordinates": [ 114.120327, 22.42866 ] } },
{ "type": "Feature", "properties": { "decimalLatitude": 1.341329, "decimalLongitude": 103.827882, "eventDate": "2023-04-25T16:04:00Z", "countryCode": "SG" }, "geometry": { "type": "Point", "coordinates": [ 103.827882, 1.341329 ] } },
{ "type": "Feature", "properties": { "decimalLatitude": 22.489451, "decimalLongitude": 114.279388, "eventDate": "2023-04-25T09:08:01Z", "countryCode": "HK" }, "geometry": { "type": "Point", "coordinates": [ 114.279388, 22.489451 ] } },
{ "type": "Feature", "properties": { "decimalLatitude": 22.280131, "decimalLongitude": 114.015236, "eventDate": "2023-04-23T10:43:39Z", "countryCode": "HK" }, "geometry": { "type": "Point", "coordinates": [ 114.015236, 22.280131 ] } },
{ "type": "Feature", "properties": { "decimalLatitude": 22.554337, "decimalLongitude": 114.37729, "eventDate": "2023-04-24T00:00:00Z", "countryCode": "HK" }, "geometry": { "type": "Point", "coordinates": [ 114.37729, 22.554337 ] } },
{ "type": "Feature", "properties": { "decimalLatitude": 22.460635, "decimalLongitude": 114.329983, "eventDate": "2023-04-28T09:55:00Z", "countryCode": "HK" }, "geometry": { "type": "Point", "coordinates": [ 114.329983, 22.460635 ] } },
{ "type": "Feature", "properties": { "decimalLatitude": 1.410587, "decimalLongitude": 103.778357, "eventDate": "2023-04-27T21:46:46Z", "countryCode": "SG" }, "geometry": { "type": "Point", "coordinates": [ 103.778357, 1.410587 ] } },
{ "type": "Feature", "properties": { "decimalLatitude": 22.550384, "decimalLongitude": 114.371482, "eventDate": "2023-04-27T00:00:00Z", "countryCode": "HK" }, "geometry": { "type": "Point", "coordinates": [ 114.371482, 22.550384 ] } },
{ "type": "Feature", "properties": { "decimalLatitude": 22.527978, "decimalLongitude": 114.262038, "eventDate": "2023-04-26T08:49:06Z", "countryCode": "HK" }, "geometry": { "type": "Point", "coordinates": [ 114.262038, 22.527978 ] } },
{ "type": "Feature", "properties": { "decimalLatitude": 22.251048, "decimalLongitude": 114.124747, "eventDate": "2023-04-28T18:17:00Z", "countryCode": "HK" }, "geometry": { "type": "Point", "coordinates": [ 114.124747, 22.251048 ] } },
{ "type": "Feature", "properties": { "decimalLatitude": 22.217003, "decimalLongitude": 113.915793, "eventDate": "2023-04-30T10:56:00Z", "countryCode": "HK" }, "geometry": { "type": "Point", "coordinates": [ 113.915793, 22.217003 ] } },
{ "type": "Feature", "properties": { "decimalLatitude": 22.527336, "decimalLongitude": 114.234971, "eventDate": "2023-04-30T13:21:06Z", "countryCode": "HK" }, "geometry": { "type": "Point", "coordinates": [ 114.234971, 22.527336 ] } },
{ "type": "Feature", "properties": { "decimalLatitude": 3.170754, "decimalLongitude": 101.770645, "eventDate": "2023-04-29T14:34:00Z", "countryCode": "MY" }, "geometry": { "type": "Point", "coordinates": [ 101.770645, 3.170754 ] } },
{ "type": "Feature", "properties": { "decimalLatitude": 22.212155, "decimalLongitude": 113.916081, "eventDate": "2023-04-30T12:07:00Z", "countryCode": "HK" }, "geometry": { "type": "Point", "coordinates": [ 113.916081, 22.212155 ] } },
{ "type": "Feature", "properties": { "decimalLatitude": 3.214984, "decimalLongitude": 101.840048, "eventDate": "2023-04-28T00:00:00Z", "countryCode": "MY" }, "geometry": { "type": "Point", "coordinates": [ 101.840048, 3.214984 ] } },
{ "type": "Feature", "properties": { "decimalLatitude": 22.285426, "decimalLongitude": 113.895805, "eventDate": "2023-04-30T23:12:18Z", "countryCode": "HK" }, "geometry": { "type": "Point", "coordinates": [ 113.895805, 22.285426 ] } },
{ "type": "Feature", "properties": { "decimalLatitude": 22.476227, "decimalLongitude": 114.21949, "eventDate": "2023-04-28T14:20:00Z", "countryCode": "HK" }, "geometry": { "type": "Point", "coordinates": [ 114.21949, 22.476227 ] } },
{ "type": "Feature", "properties": { "decimalLatitude": 20.796208, "decimalLongitude": 106.996003, "eventDate": "2023-04-28T14:45:03Z", "countryCode": "VN" }, "geometry": { "type": "Point", "coordinates": [ 106.996003, 20.796208 ] } },
{ "type": "Feature", "properties": { "decimalLatitude": 22.525137, "decimalLongitude": 114.219314, "eventDate": "2023-04-30T16:10:22Z", "countryCode": "HK" }, "geometry": { "type": "Point", "coordinates": [ 114.219314, 22.525137 ] } },
{ "type": "Feature", "properties": { "decimalLatitude": 22.288356, "decimalLongitude": 113.902648, "eventDate": "2023-04-30T16:23:01Z", "countryCode": "HK" }, "geometry": { "type": "Point", "coordinates": [ 113.902648, 22.288356 ] } },
{ "type": "Feature", "properties": { "decimalLatitude": 22.52394, "decimalLongitude": 114.210957, "eventDate": "2023-04-29T14:53:00Z", "countryCode": "HK" }, "geometry": { "type": "Point", "coordinates": [ 114.210957, 22.52394 ] } },
{ "type": "Feature", "properties": { "decimalLatitude": 22.44536, "decimalLongitude": 114.307391, "eventDate": "2023-04-27T00:00:00Z", "countryCode": "HK" }, "geometry": { "type": "Point", "coordinates": [ 114.307391, 22.44536 ] } },
{ "type": "Feature", "properties": { "decimalLatitude": 1.356507, "decimalLongitude": 103.811593, "eventDate": "2023-04-26T12:45:57Z", "countryCode": "SG" }, "geometry": { "type": "Point", "coordinates": [ 103.811593, 1.356507 ] } },
{ "type": "Feature", "properties": { "decimalLatitude": 22.523752, "decimalLongitude": 114.210833, "eventDate": "2023-04-29T14:56:00Z", "countryCode": "HK" }, "geometry": { "type": "Point", "coordinates": [ 114.210833, 22.523752 ] } },
{ "type": "Feature", "properties": { "decimalLatitude": 22.460635, "decimalLongitude": 114.329983, "eventDate": "2023-04-28T09:56:00Z", "countryCode": "HK" }, "geometry": { "type": "Point", "coordinates": [ 114.329983, 22.460635 ] } },
{ "type": "Feature", "properties": { "decimalLatitude": 22.277914, "decimalLongitude": 114.214034, "eventDate": "2023-04-28T10:21:00Z", "countryCode": "HK" }, "geometry": { "type": "Point", "coordinates": [ 114.214034, 22.277914 ] } },
{ "type": "Feature", "properties": { "decimalLatitude": 1.34089, "decimalLongitude": 103.828649, "eventDate": "2023-04-28T16:45:00Z", "countryCode": "SG" }, "geometry": { "type": "Point", "coordinates": [ 103.828649, 1.34089 ] } },
{ "type": "Feature", "properties": { "decimalLatitude": 22.559663, "decimalLongitude": 114.314081, "eventDate": "2023-04-29T00:00:00Z", "countryCode": "HK" }, "geometry": { "type": "Point", "coordinates": [ 114.314081, 22.559663 ] } },
{ "type": "Feature", "properties": { "decimalLatitude": 22.527264, "decimalLongitude": 114.235104, "eventDate": "2023-04-30T14:33:32Z", "countryCode": "HK" }, "geometry": { "type": "Point", "coordinates": [ 114.235104, 22.527264 ] } },
{ "type": "Feature", "properties": { "decimalLatitude": 22.212501, "decimalLongitude": 113.916295, "eventDate": "2023-04-30T12:08:00Z", "countryCode": "HK" }, "geometry": { "type": "Point", "coordinates": [ 113.916295, 22.212501 ] } },
{ "type": "Feature", "properties": { "decimalLatitude": 22.527553, "decimalLongitude": 114.222028, "eventDate": "2023-04-30T12:06:25Z", "countryCode": "HK" }, "geometry": { "type": "Point", "coordinates": [ 114.222028, 22.527553 ] } },
{ "type": "Feature", "properties": { "decimalLatitude": 22.509054, "decimalLongitude": 114.243805, "eventDate": "2023-04-28T11:39:00Z", "countryCode": "HK" }, "geometry": { "type": "Point", "coordinates": [ 114.243805, 22.509054 ] } },
{ "type": "Feature", "properties": { "decimalLatitude": 22.374231, "decimalLongitude": 114.263519, "eventDate": "2023-04-29T12:24:00Z", "countryCode": "HK" }, "geometry": { "type": "Point", "coordinates": [ 114.263519, 22.374231 ] } },
{ "type": "Feature", "properties": { "decimalLatitude": 22.52383, "decimalLongitude": 114.210794, "eventDate": "2023-04-29T14:52:00Z", "countryCode": "HK" }, "geometry": { "type": "Point", "coordinates": [ 114.210794, 22.52383 ] } },
{ "type": "Feature", "properties": { "decimalLatitude": 22.373368, "decimalLongitude": 114.262855, "eventDate": "2023-04-29T21:21:04Z", "countryCode": "HK" }, "geometry": { "type": "Point", "coordinates": [ 114.262855, 22.373368 ] } },
{ "type": "Feature", "properties": { "decimalLatitude": 22.37644, "decimalLongitude": 114.25893, "eventDate": "2023-04-29T21:20:52Z", "countryCode": "HK" }, "geometry": { "type": "Point", "coordinates": [ 114.25893, 22.37644 ] } },
{ "type": "Feature", "properties": { "decimalLatitude": 22.217422, "decimalLongitude": 113.992492, "eventDate": "2023-04-30T18:59:00Z", "countryCode": "HK" }, "geometry": { "type": "Point", "coordinates": [ 113.992492, 22.217422 ] } },
{ "type": "Feature", "properties": { "decimalLatitude": 22.430176, "decimalLongitude": 114.183684, "eventDate": "2023-04-30T13:33:00Z", "countryCode": "HK" }, "geometry": { "type": "Point", "coordinates": [ 114.183684, 22.430176 ] } },
{ "type": "Feature", "properties": { "decimalLatitude": 8.91614, "decimalLongitude": 98.523453, "eventDate": "2023-04-03T03:05:00Z", "countryCode": "TH" }, "geometry": { "type": "Point", "coordinates": [ 98.523453, 8.91614 ] } },
{ "type": "Feature", "properties": { "decimalLatitude": 18.798714, "decimalLongitude": 98.935662, "eventDate": "2023-04-02T11:14:00Z", "countryCode": "TH" }, "geometry": { "type": "Point", "coordinates": [ 98.935662, 18.798714 ] } },
{ "type": "Feature", "properties": { "decimalLatitude": 23.010217, "decimalLongitude": 113.790082, "eventDate": "2023-04-30T15:19:00Z", "countryCode": "CN" }, "geometry": { "type": "Point", "coordinates": [ 113.790082, 23.010217 ] } },
{ "type": "Feature", "properties": { "decimalLatitude": 1.350767, "decimalLongitude": 103.805667, "eventDate": "2023-04-15T14:18:00Z", "countryCode": "SG" }, "geometry": { "type": "Point", "coordinates": [ 103.805667, 1.350767 ] } },
{ "type": "Feature", "properties": { "decimalLatitude": 1.350767, "decimalLongitude": 103.805667, "eventDate": "2023-04-15T14:18:00Z", "countryCode": "SG" }, "geometry": { "type": "Point", "coordinates": [ 103.805667, 1.350767 ] } },
{ "type": "Feature", "properties": { "decimalLatitude": 1.341296, "decimalLongitude": 103.829607, "eventDate": "2023-04-08T11:45:00Z", "countryCode": "SG" }, "geometry": { "type": "Point", "coordinates": [ 103.829607, 1.341296 ] } },
{ "type": "Feature", "properties": { "decimalLatitude": 1.351925, "decimalLongitude": 103.822436, "eventDate": "2023-04-07T16:22:23Z", "countryCode": "SG" }, "geometry": { "type": "Point", "coordinates": [ 103.822436, 1.351925 ] } },
{ "type": "Feature", "properties": { "decimalLatitude": 1.344762, "decimalLongitude": 103.822351, "eventDate": "2023-04-05T12:40:00Z", "countryCode": "SG" }, "geometry": { "type": "Point", "coordinates": [ 103.822351, 1.344762 ] } },
{ "type": "Feature", "properties": { "decimalLatitude": 5.509165, "decimalLongitude": 118.282111, "eventDate": "2023-04-18T13:33:00Z", "countryCode": "MY" }, "geometry": { "type": "Point", "coordinates": [ 118.282111, 5.509165 ] } },
{ "type": "Feature", "properties": { "decimalLatitude": 22.257517, "decimalLongitude": 113.984579, "eventDate": "2023-04-05T00:00:00Z", "countryCode": "HK" }, "geometry": { "type": "Point", "coordinates": [ 113.984579, 22.257517 ] } },
{ "type": "Feature", "properties": { "decimalLatitude": 3.216111, "decimalLongitude": 101.839631, "eventDate": "2023-04-27T00:00:00Z", "countryCode": "MY" }, "geometry": { "type": "Point", "coordinates": [ 101.839631, 3.216111 ] } },
{ "type": "Feature", "properties": { "decimalLatitude": 3.570879, "decimalLongitude": 98.110607, "eventDate": "2023-04-12T06:17:00Z", "countryCode": "ID" }, "geometry": { "type": "Point", "coordinates": [ 98.110607, 3.570879 ] } },
{ "type": "Feature", "properties": { "decimalLatitude": 12.832743, "decimalLongitude": 99.653391, "eventDate": "2023-04-14T15:48:00Z", "countryCode": "TH" }, "geometry": { "type": "Point", "coordinates": [ 99.653391, 12.832743 ] } },
{ "type": "Feature", "properties": { "decimalLatitude": 3.185499, "decimalLongitude": 101.773427, "eventDate": "2023-04-06T14:25:00Z", "countryCode": "MY" }, "geometry": { "type": "Point", "coordinates": [ 101.773427, 3.185499 ] } },
{ "type": "Feature", "properties": { "decimalLatitude": 8.66229, "decimalLongitude": 99.651521, "eventDate": "2023-04-06T12:36:00Z", "countryCode": "TH" }, "geometry": { "type": "Point", "coordinates": [ 99.651521, 8.66229 ] } },
{ "type": "Feature", "properties": { "decimalLatitude": 20.470122, "decimalLongitude": 105.221405, "eventDate": "2023-04-25T16:27:44Z", "countryCode": "VN" }, "geometry": { "type": "Point", "coordinates": [ 105.221405, 20.470122 ] } },
{ "type": "Feature", "properties": { "decimalLatitude": 22.511896, "decimalLongitude": 114.26666, "eventDate": "2023-05-01T14:47:00Z", "countryCode": "HK" }, "geometry": { "type": "Point", "coordinates": [ 114.26666, 22.511896 ] } },
{ "type": "Feature", "properties": { "decimalLatitude": 22.424662, "decimalLongitude": 114.106636, "eventDate": "2023-05-01T15:45:45Z", "countryCode": "HK" }, "geometry": { "type": "Point", "coordinates": [ 114.106636, 22.424662 ] } },
{ "type": "Feature", "properties": { "decimalLatitude": 22.449044, "decimalLongitude": 114.14624, "eventDate": "2023-05-01T16:28:53Z", "countryCode": "HK" }, "geometry": { "type": "Point", "coordinates": [ 114.14624, 22.449044 ] } },
{ "type": "Feature", "properties": { "decimalLatitude": 5.441376, "decimalLongitude": 100.290023, "eventDate": "2023-05-02T00:00:00Z", "countryCode": "MY" }, "geometry": { "type": "Point", "coordinates": [ 100.290023, 5.441376 ] } },
{ "type": "Feature", "properties": { "decimalLatitude": 22.430739, "decimalLongitude": 114.264511, "eventDate": "2023-05-04T15:28:00Z", "countryCode": "HK" }, "geometry": { "type": "Point", "coordinates": [ 114.264511, 22.430739 ] } },
{ "type": "Feature", "properties": { "decimalLatitude": 22.220092, "decimalLongitude": 113.913828, "eventDate": "2023-05-03T14:38:59Z", "countryCode": "HK" }, "geometry": { "type": "Point", "coordinates": [ 113.913828, 22.220092 ] } },
{ "type": "Feature", "properties": { "decimalLatitude": 5.440491, "decimalLongitude": 100.289418, "eventDate": "2023-05-03T00:00:00Z", "countryCode": "MY" }, "geometry": { "type": "Point", "coordinates": [ 100.289418, 5.440491 ] } },
{ "type": "Feature", "properties": { "decimalLatitude": 1.356786, "decimalLongitude": 103.818408, "eventDate": "2023-05-03T10:51:23Z", "countryCode": "SG" }, "geometry": { "type": "Point", "coordinates": [ 103.818408, 1.356786 ] } },
{ "type": "Feature", "properties": { "decimalLatitude": 22.299692, "decimalLongitude": 114.274878, "eventDate": "2023-05-01T13:20:00Z", "countryCode": "HK" }, "geometry": { "type": "Point", "coordinates": [ 114.274878, 22.299692 ] } },
{ "type": "Feature", "properties": { "decimalLatitude": 1.34279, "decimalLongitude": 103.823458, "eventDate": "2023-05-06T12:10:00Z", "countryCode": "SG" }, "geometry": { "type": "Point", "coordinates": [ 103.823458, 1.34279 ] } },
{ "type": "Feature", "properties": { "decimalLatitude": 1.335892, "decimalLongitude": 103.818458, "eventDate": "2023-05-06T14:22:16Z", "countryCode": "SG" }, "geometry": { "type": "Point", "coordinates": [ 103.818458, 1.335892 ] } },
{ "type": "Feature", "properties": { "decimalLatitude": 22.518341, "decimalLongitude": 114.256226, "eventDate": "2023-05-09T00:00:00Z", "countryCode": "HK" }, "geometry": { "type": "Point", "coordinates": [ 114.256226, 22.518341 ] } },
{ "type": "Feature", "properties": { "decimalLatitude": 1.335892, "decimalLongitude": 103.818458, "eventDate": "2023-05-06T13:41:09Z", "countryCode": "SG" }, "geometry": { "type": "Point", "coordinates": [ 103.818458, 1.335892 ] } },
{ "type": "Feature", "properties": { "decimalLatitude": 22.221824, "decimalLongitude": 113.914155, "eventDate": "2023-05-07T10:57:00Z", "countryCode": "HK" }, "geometry": { "type": "Point", "coordinates": [ 113.914155, 22.221824 ] } },
{ "type": "Feature", "properties": { "decimalLatitude": 22.221824, "decimalLongitude": 113.914155, "eventDate": "2023-05-07T11:28:00Z", "countryCode": "HK" }, "geometry": { "type": "Point", "coordinates": [ 113.914155, 22.221824 ] } },
{ "type": "Feature", "properties": { "decimalLatitude": 22.222433, "decimalLongitude": 113.915228, "eventDate": "2023-05-07T10:59:50Z", "countryCode": "HK" }, "geometry": { "type": "Point", "coordinates": [ 113.915228, 22.222433 ] } },
{ "type": "Feature", "properties": { "decimalLatitude": 22.22101, "decimalLongitude": 113.91446, "eventDate": "2023-05-07T11:17:04Z", "countryCode": "HK" }, "geometry": { "type": "Point", "coordinates": [ 113.91446, 22.22101 ] } },
{ "type": "Feature", "properties": { "decimalLatitude": 22.549281, "decimalLongitude": 114.30378, "eventDate": "2023-05-02T00:00:00Z", "countryCode": "HK" }, "geometry": { "type": "Point", "coordinates": [ 114.30378, 22.549281 ] } },
{ "type": "Feature", "properties": { "decimalLatitude": 22.374089, "decimalLongitude": 114.265054, "eventDate": "2023-05-06T09:41:43Z", "countryCode": "HK" }, "geometry": { "type": "Point", "coordinates": [ 114.265054, 22.374089 ] } },
{ "type": "Feature", "properties": { "decimalLatitude": 1.35909, "decimalLongitude": 103.777123, "eventDate": "2023-05-11T14:41:16Z", "countryCode": "SG" }, "geometry": { "type": "Point", "coordinates": [ 103.777123, 1.35909 ] } },
{ "type": "Feature", "properties": { "decimalLatitude": 1.337538, "decimalLongitude": 103.818077, "eventDate": "2023-05-13T17:44:31Z", "countryCode": "SG" }, "geometry": { "type": "Point", "coordinates": [ 103.818077, 1.337538 ] } },
{ "type": "Feature", "properties": { "decimalLatitude": 1.400879, "decimalLongitude": 103.807041, "eventDate": "2023-05-14T12:57:00Z", "countryCode": "SG" }, "geometry": { "type": "Point", "coordinates": [ 103.807041, 1.400879 ] } },
{ "type": "Feature", "properties": { "decimalLatitude": 22.482413, "decimalLongitude": 114.182778, "eventDate": "2023-05-09T13:29:00Z", "countryCode": "HK" }, "geometry": { "type": "Point", "coordinates": [ 114.182778, 22.482413 ] } },
{ "type": "Feature", "properties": { "decimalLatitude": 1.359038, "decimalLongitude": 103.777109, "eventDate": "2023-05-11T14:40:37Z", "countryCode": "SG" }, "geometry": { "type": "Point", "coordinates": [ 103.777109, 1.359038 ] } },
{ "type": "Feature", "properties": { "decimalLatitude": 1.346108, "decimalLongitude": 103.835841, "eventDate": "2023-05-13T14:01:21Z", "countryCode": "SG" }, "geometry": { "type": "Point", "coordinates": [ 103.835841, 1.346108 ] } },
{ "type": "Feature", "properties": { "decimalLatitude": 22.221824, "decimalLongitude": 113.914155, "eventDate": "2023-05-07T11:15:00Z", "countryCode": "HK" }, "geometry": { "type": "Point", "coordinates": [ 113.914155, 22.221824 ] } },
{ "type": "Feature", "properties": { "decimalLatitude": 1.364018, "decimalLongitude": 103.776397, "eventDate": "2023-05-13T12:12:00Z", "countryCode": "SG" }, "geometry": { "type": "Point", "coordinates": [ 103.776397, 1.364018 ] } },
{ "type": "Feature", "properties": { "decimalLatitude": 22.473482, "decimalLongitude": 114.226722, "eventDate": "2023-05-18T00:00:00Z", "countryCode": "HK" }, "geometry": { "type": "Point", "coordinates": [ 114.226722, 22.473482 ] } },
{ "type": "Feature", "properties": { "decimalLatitude": 22.372791, "decimalLongitude": 114.266863, "eventDate": "2023-05-01T14:08:00Z", "countryCode": "HK" }, "geometry": { "type": "Point", "coordinates": [ 114.266863, 22.372791 ] } },
{ "type": "Feature", "properties": { "decimalLatitude": 1.357007, "decimalLongitude": 103.804528, "eventDate": "2023-05-20T11:43:00Z", "countryCode": "SG" }, "geometry": { "type": "Point", "coordinates": [ 103.804528, 1.357007 ] } },
{ "type": "Feature", "properties": { "decimalLatitude": 5.730141, "decimalLongitude": 101.699002, "eventDate": "2023-05-23T00:06:31Z", "countryCode": "TH" }, "geometry": { "type": "Point", "coordinates": [ 101.699002, 5.730141 ] } },
{ "type": "Feature", "properties": { "decimalLatitude": 1.341212, "decimalLongitude": 103.824363, "eventDate": "2023-05-18T09:22:00Z", "countryCode": "SG" }, "geometry": { "type": "Point", "coordinates": [ 103.824363, 1.341212 ] } },
{ "type": "Feature", "properties": { "decimalLatitude": 1.353058, "decimalLongitude": 103.805772, "eventDate": "2023-05-20T12:35:00Z", "countryCode": "SG" }, "geometry": { "type": "Point", "coordinates": [ 103.805772, 1.353058 ] } },
{ "type": "Feature", "properties": { "decimalLatitude": 1.399046, "decimalLongitude": 103.806641, "eventDate": "2023-05-18T00:00:00Z", "countryCode": "SG" }, "geometry": { "type": "Point", "coordinates": [ 103.806641, 1.399046 ] } },
{ "type": "Feature", "properties": { "decimalLatitude": 22.376377, "decimalLongitude": 114.26338, "eventDate": "2023-05-22T10:17:26Z", "countryCode": "HK" }, "geometry": { "type": "Point", "coordinates": [ 114.26338, 22.376377 ] } },
{ "type": "Feature", "properties": { "decimalLatitude": 22.216052, "decimalLongitude": 113.916111, "eventDate": "2023-05-07T10:34:00Z", "countryCode": "HK" }, "geometry": { "type": "Point", "coordinates": [ 113.916111, 22.216052 ] } },
{ "type": "Feature", "properties": { "decimalLatitude": 1.353077, "decimalLongitude": 103.805805, "eventDate": "2023-05-20T12:35:00Z", "countryCode": "SG" }, "geometry": { "type": "Point", "coordinates": [ 103.805805, 1.353077 ] } },
{ "type": "Feature", "properties": { "decimalLatitude": 22.431946, "decimalLongitude": 114.102219, "eventDate": "2023-05-25T13:44:26Z", "countryCode": "HK" }, "geometry": { "type": "Point", "coordinates": [ 114.102219, 22.431946 ] } },
{ "type": "Feature", "properties": { "decimalLatitude": 1.343371, "decimalLongitude": 103.823556, "eventDate": "2023-05-26T10:01:00Z", "countryCode": "SG" }, "geometry": { "type": "Point", "coordinates": [ 103.823556, 1.343371 ] } },
{ "type": "Feature", "properties": { "decimalLatitude": 22.422919, "decimalLongitude": 114.240681, "eventDate": "2023-05-27T15:47:00Z", "countryCode": "HK" }, "geometry": { "type": "Point", "coordinates": [ 114.240681, 22.422919 ] } },
{ "type": "Feature", "properties": { "decimalLatitude": 1.361151, "decimalLongitude": 103.777303, "eventDate": "2023-05-20T00:00:00Z", "countryCode": "SG" }, "geometry": { "type": "Point", "coordinates": [ 103.777303, 1.361151 ] } },
{ "type": "Feature", "properties": { "decimalLatitude": 22.297138, "decimalLongitude": 114.014328, "eventDate": "2023-05-30T08:14:54Z", "countryCode": "HK" }, "geometry": { "type": "Point", "coordinates": [ 114.014328, 22.297138 ] } },
{ "type": "Feature", "properties": { "decimalLatitude": 22.532647, "decimalLongitude": 114.237632, "eventDate": "2023-05-25T12:48:37Z", "countryCode": "HK" }, "geometry": { "type": "Point", "coordinates": [ 114.237632, 22.532647 ] } },
{ "type": "Feature", "properties": { "decimalLatitude": 22.598271, "decimalLongitude": 114.319913, "eventDate": "2023-05-29T00:00:00Z", "countryCode": "HK" }, "geometry": { "type": "Point", "coordinates": [ 114.319913, 22.598271 ] } },
{ "type": "Feature", "properties": { "decimalLatitude": 1.35696, "decimalLongitude": 103.817602, "eventDate": "2023-05-25T11:33:34Z", "countryCode": "SG" }, "geometry": { "type": "Point", "coordinates": [ 103.817602, 1.35696 ] } },
{ "type": "Feature", "properties": { "decimalLatitude": 22.559845, "decimalLongitude": 114.050667, "eventDate": "2023-05-27T11:40:31Z", "countryCode": "CN" }, "geometry": { "type": "Point", "coordinates": [ 114.050667, 22.559845 ] } },
{ "type": "Feature", "properties": { "decimalLatitude": 22.470756, "decimalLongitude": 114.355811, "eventDate": "2023-05-29T00:00:00Z", "countryCode": "HK" }, "geometry": { "type": "Point", "coordinates": [ 114.355811, 22.470756 ] } },
{ "type": "Feature", "properties": { "decimalLatitude": 22.22268, "decimalLongitude": 113.98442, "eventDate": "2023-05-31T17:01:23Z", "countryCode": "HK" }, "geometry": { "type": "Point", "coordinates": [ 113.98442, 22.22268 ] } },
{ "type": "Feature", "properties": { "decimalLatitude": 1.400879, "decimalLongitude": 103.807041, "eventDate": "2023-05-31T15:27:00Z", "countryCode": "SG" }, "geometry": { "type": "Point", "coordinates": [ 103.807041, 1.400879 ] } },
{ "type": "Feature", "properties": { "decimalLatitude": 22.516916, "decimalLongitude": 114.207547, "eventDate": "2023-05-31T10:21:37Z", "countryCode": "HK" }, "geometry": { "type": "Point", "coordinates": [ 114.207547, 22.516916 ] } },
{ "type": "Feature", "properties": { "decimalLatitude": 1.400879, "decimalLongitude": 103.807041, "eventDate": "2023-05-31T16:15:00Z", "countryCode": "SG" }, "geometry": { "type": "Point", "coordinates": [ 103.807041, 1.400879 ] } },
{ "type": "Feature", "properties": { "decimalLatitude": 1.375995, "decimalLongitude": 103.825695, "eventDate": "2023-05-02T10:21:12Z", "countryCode": "SG" }, "geometry": { "type": "Point", "coordinates": [ 103.825695, 1.375995 ] } },
{ "type": "Feature", "properties": { "decimalLatitude": 22.386001, "decimalLongitude": 114.147259, "eventDate": "2023-05-26T20:11:00Z", "countryCode": "HK" }, "geometry": { "type": "Point", "coordinates": [ 114.147259, 22.386001 ] } },
{ "type": "Feature", "properties": { "decimalLatitude": 22.287374, "decimalLongitude": 113.942509, "eventDate": "2023-05-28T13:04:00Z", "countryCode": "HK" }, "geometry": { "type": "Point", "coordinates": [ 113.942509, 22.287374 ] } },
{ "type": "Feature", "properties": { "decimalLatitude": 22.610282, "decimalLongitude": 114.078008, "eventDate": "2023-05-18T17:18:00Z", "countryCode": "CN" }, "geometry": { "type": "Point", "coordinates": [ 114.078008, 22.610282 ] } },
{ "type": "Feature", "properties": { "decimalLatitude": 22.467136, "decimalLongitude": 114.179491, "eventDate": "2023-05-28T11:50:00Z", "countryCode": "HK" }, "geometry": { "type": "Point", "coordinates": [ 114.179491, 22.467136 ] } },
{ "type": "Feature", "properties": { "decimalLatitude": 1.398988, "decimalLongitude": 103.806882, "eventDate": "2023-05-14T10:16:00Z", "countryCode": "SG" }, "geometry": { "type": "Point", "coordinates": [ 103.806882, 1.398988 ] } },
{ "type": "Feature", "properties": { "decimalLatitude": 1.398924, "decimalLongitude": 103.8068, "eventDate": "2023-05-28T11:43:00Z", "countryCode": "SG" }, "geometry": { "type": "Point", "coordinates": [ 103.8068, 1.398924 ] } },
{ "type": "Feature", "properties": { "decimalLatitude": 18.457, "decimalLongitude": 98.642, "eventDate": "2023-05-10T15:53:00Z", "countryCode": "TH" }, "geometry": { "type": "Point", "coordinates": [ 98.642, 18.457 ] } },
{ "type": "Feature", "properties": { "decimalLatitude": 1.139025, "decimalLongitude": 112.568348, "eventDate": "2023-05-28T23:02:00Z", "countryCode": "ID" }, "geometry": { "type": "Point", "coordinates": [ 112.568348, 1.139025 ] } },
{ "type": "Feature", "properties": { "decimalLatitude": 5.412422, "decimalLongitude": 100.784664, "eventDate": "2023-05-08T00:00:00Z", "countryCode": "MY" }, "geometry": { "type": "Point", "coordinates": [ 100.784664, 5.412422 ] } },
{ "type": "Feature", "properties": { "decimalLatitude": 5.413234, "decimalLongitude": 100.781816, "eventDate": "2023-05-30T00:00:00Z", "countryCode": "MY" }, "geometry": { "type": "Point", "coordinates": [ 100.781816, 5.413234 ] } },
{ "type": "Feature", "properties": { "decimalLatitude": 12.84, "decimalLongitude": 99.53, "eventDate": "2023-05-01T18:12:00Z", "countryCode": "TH" }, "geometry": { "type": "Point", "coordinates": [ 99.53, 12.84 ] } },
{ "type": "Feature", "properties": { "decimalLatitude": 1.335892, "decimalLongitude": 103.818458, "eventDate": "2023-05-27T12:41:13Z", "countryCode": "SG" }, "geometry": { "type": "Point", "coordinates": [ 103.818458, 1.335892 ] } },
{ "type": "Feature", "properties": { "decimalLatitude": 4.384367, "decimalLongitude": 102.400603, "eventDate": "2023-05-01T12:09:00Z", "countryCode": "MY" }, "geometry": { "type": "Point", "coordinates": [ 102.400603, 4.384367 ] } },
{ "type": "Feature", "properties": { "decimalLatitude": 6.045724, "decimalLongitude": 116.70336, "eventDate": "2023-05-17T14:12:00Z", "countryCode": "MY" }, "geometry": { "type": "Point", "coordinates": [ 116.70336, 6.045724 ] } },
{ "type": "Feature", "properties": { "decimalLatitude": 18.457, "decimalLongitude": 98.642, "eventDate": "2023-05-10T15:50:00Z", "countryCode": "TH" }, "geometry": { "type": "Point", "coordinates": [ 98.642, 18.457 ] } },
{ "type": "Feature", "properties": { "decimalLatitude": 22.423473, "decimalLongitude": 114.244906, "eventDate": "2023-05-29T00:00:00Z", "countryCode": "HK" }, "geometry": { "type": "Point", "coordinates": [ 114.244906, 22.423473 ] } },
{ "type": "Feature", "properties": { "decimalLatitude": 22.462295, "decimalLongitude": 114.33068, "eventDate": "2023-05-01T12:39:09Z", "countryCode": "HK" }, "geometry": { "type": "Point", "coordinates": [ 114.33068, 22.462295 ] } },
{ "type": "Feature", "properties": { "decimalLatitude": 18.816797, "decimalLongitude": 98.924115, "eventDate": "2023-05-03T12:25:22Z", "countryCode": "TH" }, "geometry": { "type": "Point", "coordinates": [ 98.924115, 18.816797 ] } },
{ "type": "Feature", "properties": { "decimalLatitude": 22.220095, "decimalLongitude": 113.917457, "eventDate": "2023-05-07T08:36:00Z", "countryCode": "HK" }, "geometry": { "type": "Point", "coordinates": [ 113.917457, 22.220095 ] } },
{ "type": "Feature", "properties": { "decimalLatitude": 22.213705, "decimalLongitude": 113.916434, "eventDate": "2023-05-07T11:26:00Z", "countryCode": "HK" }, "geometry": { "type": "Point", "coordinates": [ 113.916434, 22.213705 ] } },
{ "type": "Feature", "properties": { "decimalLatitude": 5.435632, "decimalLongitude": 100.29271, "eventDate": "2023-05-03T00:00:00Z", "countryCode": "MY" }, "geometry": { "type": "Point", "coordinates": [ 100.29271, 5.435632 ] } },
{ "type": "Feature", "properties": { "decimalLatitude": 5.435547, "decimalLongitude": 100.292635, "eventDate": "2023-05-03T00:00:00Z", "countryCode": "MY" }, "geometry": { "type": "Point", "coordinates": [ 100.292635, 5.435547 ] } },
{ "type": "Feature", "properties": { "decimalLatitude": 5.441225, "decimalLongitude": 100.290022, "eventDate": "2023-05-03T00:00:00Z", "countryCode": "MY" }, "geometry": { "type": "Point", "coordinates": [ 100.290022, 5.441225 ] } },
{ "type": "Feature", "properties": { "decimalLatitude": 5.441485, "decimalLongitude": 100.290036, "eventDate": "2023-05-02T00:00:00Z", "countryCode": "MY" }, "geometry": { "type": "Point", "coordinates": [ 100.290036, 5.441485 ] } },
{ "type": "Feature", "properties": { "decimalLatitude": 5.413204, "decimalLongitude": 100.781707, "eventDate": "2023-05-30T00:00:00Z", "countryCode": "MY" }, "geometry": { "type": "Point", "coordinates": [ 100.781707, 5.413204 ] } },
{ "type": "Feature", "properties": { "decimalLatitude": 22.191277, "decimalLongitude": 114.120521, "eventDate": "2023-06-04T06:04:19Z", "countryCode": "HK" }, "geometry": { "type": "Point", "coordinates": [ 114.120521, 22.191277 ] } },
{ "type": "Feature", "properties": { "decimalLatitude": 22.524617, "decimalLongitude": 114.259528, "eventDate": "2023-06-03T09:16:57Z", "countryCode": "HK" }, "geometry": { "type": "Point", "coordinates": [ 114.259528, 22.524617 ] } },
{ "type": "Feature", "properties": { "decimalLatitude": 1.398879, "decimalLongitude": 103.806896, "eventDate": "2023-06-02T11:40:00Z", "countryCode": "SG" }, "geometry": { "type": "Point", "coordinates": [ 103.806896, 1.398879 ] } },
{ "type": "Feature", "properties": { "decimalLatitude": 22.442664, "decimalLongitude": 113.982374, "eventDate": "2023-06-04T13:53:00Z", "countryCode": "HK" }, "geometry": { "type": "Point", "coordinates": [ 113.982374, 22.442664 ] } },
{ "type": "Feature", "properties": { "decimalLatitude": 22.587318, "decimalLongitude": 114.045163, "eventDate": "2023-06-04T00:00:00Z", "countryCode": "CN" }, "geometry": { "type": "Point", "coordinates": [ 114.045163, 22.587318 ] } },
{ "type": "Feature", "properties": { "decimalLatitude": 22.524563, "decimalLongitude": 114.259522, "eventDate": "2023-06-03T09:18:32Z", "countryCode": "HK" }, "geometry": { "type": "Point", "coordinates": [ 114.259522, 22.524563 ] } },
{ "type": "Feature", "properties": { "decimalLatitude": 22.447596, "decimalLongitude": 114.330754, "eventDate": "2023-06-05T00:00:00Z", "countryCode": "HK" }, "geometry": { "type": "Point", "coordinates": [ 114.330754, 22.447596 ] } },
{ "type": "Feature", "properties": { "decimalLatitude": 1.400879, "decimalLongitude": 103.807041, "eventDate": "2023-06-06T14:51:00Z", "countryCode": "SG" }, "geometry": { "type": "Point", "coordinates": [ 103.807041, 1.400879 ] } },
{ "type": "Feature", "properties": { "decimalLatitude": 22.236398, "decimalLongitude": 113.982285, "eventDate": "2023-06-08T08:03:49Z", "countryCode": "HK" }, "geometry": { "type": "Point", "coordinates": [ 113.982285, 22.236398 ] } },
{ "type": "Feature", "properties": { "decimalLatitude": 22.228112, "decimalLongitude": 114.113875, "eventDate": "2023-06-08T13:22:52Z", "countryCode": "HK" }, "geometry": { "type": "Point", "coordinates": [ 114.113875, 22.228112 ] } },
{ "type": "Feature", "properties": { "decimalLatitude": 22.281822, "decimalLongitude": 113.935353, "eventDate": "2023-06-13T13:59:16Z", "countryCode": "HK" }, "geometry": { "type": "Point", "coordinates": [ 113.935353, 22.281822 ] } },
{ "type": "Feature", "properties": { "decimalLatitude": 22.566235, "decimalLongitude": 114.365387, "eventDate": "2023-06-04T14:02:00Z", "countryCode": "HK" }, "geometry": { "type": "Point", "coordinates": [ 114.365387, 22.566235 ] } },
{ "type": "Feature", "properties": { "decimalLatitude": 22.453669, "decimalLongitude": 114.251156, "eventDate": "2023-06-10T11:43:10Z", "countryCode": "HK" }, "geometry": { "type": "Point", "coordinates": [ 114.251156, 22.453669 ] } },
{ "type": "Feature", "properties": { "decimalLatitude": 22.353353, "decimalLongitude": 114.088578, "eventDate": "2023-06-10T18:15:27Z", "countryCode": "HK" }, "geometry": { "type": "Point", "coordinates": [ 114.088578, 22.353353 ] } },
{ "type": "Feature", "properties": { "decimalLatitude": 22.577548, "decimalLongitude": 114.280059, "eventDate": "2023-06-04T14:01:00Z", "countryCode": "HK" }, "geometry": { "type": "Point", "coordinates": [ 114.280059, 22.577548 ] } },
{ "type": "Feature", "properties": { "decimalLatitude": 22.509831, "decimalLongitude": 114.244095, "eventDate": "2023-06-04T09:26:00Z", "countryCode": "HK" }, "geometry": { "type": "Point", "coordinates": [ 114.244095, 22.509831 ] } },
{ "type": "Feature", "properties": { "decimalLatitude": 22.369845, "decimalLongitude": 114.087168, "eventDate": "2023-06-10T14:39:15Z", "countryCode": "HK" }, "geometry": { "type": "Point", "coordinates": [ 114.087168, 22.369845 ] } },
{ "type": "Feature", "properties": { "decimalLatitude": 22.442029, "decimalLongitude": 114.128726, "eventDate": "2023-06-13T00:00:00Z", "countryCode": "HK" }, "geometry": { "type": "Point", "coordinates": [ 114.128726, 22.442029 ] } },
{ "type": "Feature", "properties": { "decimalLatitude": 22.29812, "decimalLongitude": 114.275812, "eventDate": "2023-06-11T13:58:07Z", "countryCode": "HK" }, "geometry": { "type": "Point", "coordinates": [ 114.275812, 22.29812 ] } },
{ "type": "Feature", "properties": { "decimalLatitude": 22.298622, "decimalLongitude": 114.274087, "eventDate": "2023-06-11T13:51:29Z", "countryCode": "HK" }, "geometry": { "type": "Point", "coordinates": [ 114.274087, 22.298622 ] } },
{ "type": "Feature", "properties": { "decimalLatitude": 22.518803, "decimalLongitude": 114.267893, "eventDate": "2023-06-04T12:42:00Z", "countryCode": "HK" }, "geometry": { "type": "Point", "coordinates": [ 114.267893, 22.518803 ] } },
{ "type": "Feature", "properties": { "decimalLatitude": 1.335892, "decimalLongitude": 103.818458, "eventDate": "2023-06-11T11:43:35Z", "countryCode": "SG" }, "geometry": { "type": "Point", "coordinates": [ 103.818458, 1.335892 ] } },
{ "type": "Feature", "properties": { "decimalLatitude": 22.47327, "decimalLongitude": 114.205787, "eventDate": "2023-06-14T00:00:00Z", "countryCode": "HK" }, "geometry": { "type": "Point", "coordinates": [ 114.205787, 22.47327 ] } },
{ "type": "Feature", "properties": { "decimalLatitude": 22.517442, "decimalLongitude": 114.23251, "eventDate": "2023-06-14T00:00:00Z", "countryCode": "HK" }, "geometry": { "type": "Point", "coordinates": [ 114.23251, 22.517442 ] } },
{ "type": "Feature", "properties": { "decimalLatitude": 22.184005, "decimalLongitude": 113.532389, "eventDate": "2023-06-25T14:30:20Z", "countryCode": "MO" }, "geometry": { "type": "Point", "coordinates": [ 113.532389, 22.184005 ] } },
{ "type": "Feature", "properties": { "decimalLatitude": 22.298027, "decimalLongitude": 114.27528, "eventDate": "2023-06-19T16:51:16Z", "countryCode": "HK" }, "geometry": { "type": "Point", "coordinates": [ 114.27528, 22.298027 ] } },
{ "type": "Feature", "properties": { "decimalLatitude": 22.22033, "decimalLongitude": 114.117736, "eventDate": "2023-06-14T13:14:42Z", "countryCode": "HK" }, "geometry": { "type": "Point", "coordinates": [ 114.117736, 22.22033 ] } },
{ "type": "Feature", "properties": { "decimalLatitude": 22.429996, "decimalLongitude": 114.354049, "eventDate": "2023-06-19T00:00:00Z", "countryCode": "HK" }, "geometry": { "type": "Point", "coordinates": [ 114.354049, 22.429996 ] } },
{ "type": "Feature", "properties": { "decimalLatitude": 1.400879, "decimalLongitude": 103.807041, "eventDate": "2023-06-22T12:32:00Z", "countryCode": "SG" }, "geometry": { "type": "Point", "coordinates": [ 103.807041, 1.400879 ] } },
{ "type": "Feature", "properties": { "decimalLatitude": 22.470592, "decimalLongitude": 114.370721, "eventDate": "2023-06-20T00:00:00Z", "countryCode": "HK" }, "geometry": { "type": "Point", "coordinates": [ 114.370721, 22.470592 ] } },
{ "type": "Feature", "properties": { "decimalLatitude": 22.551551, "decimalLongitude": 114.248416, "eventDate": "2023-06-21T00:00:00Z", "countryCode": "HK" }, "geometry": { "type": "Point", "coordinates": [ 114.248416, 22.551551 ] } },
{ "type": "Feature", "properties": { "decimalLatitude": 22.401978, "decimalLongitude": 114.044088, "eventDate": "2023-06-11T13:31:00Z", "countryCode": "HK" }, "geometry": { "type": "Point", "coordinates": [ 114.044088, 22.401978 ] } },
{ "type": "Feature", "properties": { "decimalLatitude": 22.34852, "decimalLongitude": 114.149933, "eventDate": "2023-06-25T14:51:22Z", "countryCode": "HK" }, "geometry": { "type": "Point", "coordinates": [ 114.149933, 22.34852 ] } },
{ "type": "Feature", "properties": { "decimalLatitude": 1.383611, "decimalLongitude": 103.821639, "eventDate": "2023-06-15T16:30:00Z", "countryCode": "SG" }, "geometry": { "type": "Point", "coordinates": [ 103.821639, 1.383611 ] } },
{ "type": "Feature", "properties": { "decimalLatitude": 22.299101, "decimalLongitude": 114.274096, "eventDate": "2023-06-18T17:05:07Z", "countryCode": "HK" }, "geometry": { "type": "Point", "coordinates": [ 114.274096, 22.299101 ] } },
{ "type": "Feature", "properties": { "decimalLatitude": 1.383612, "decimalLongitude": 103.821639, "eventDate": "2023-06-15T16:33:00Z", "countryCode": "SG" }, "geometry": { "type": "Point", "coordinates": [ 103.821639, 1.383612 ] } },
{ "type": "Feature", "properties": { "decimalLatitude": 1.358057, "decimalLongitude": 103.804565, "eventDate": "2023-06-24T11:40:00Z", "countryCode": "SG" }, "geometry": { "type": "Point", "coordinates": [ 103.804565, 1.358057 ] } },
{ "type": "Feature", "properties": { "decimalLatitude": 22.463462, "decimalLongitude": 114.251945, "eventDate": "2023-06-21T00:00:00Z", "countryCode": "HK" }, "geometry": { "type": "Point", "coordinates": [ 114.251945, 22.463462 ] } },
{ "type": "Feature", "properties": { "decimalLatitude": 22.38248, "decimalLongitude": 114.222047, "eventDate": "2023-06-23T15:10:00Z", "countryCode": "HK" }, "geometry": { "type": "Point", "coordinates": [ 114.222047, 22.38248 ] } },
{ "type": "Feature", "properties": { "decimalLatitude": 22.319304, "decimalLongitude": 114.169361, "eventDate": "2023-06-30T16:51:00Z", "countryCode": "HK" }, "geometry": { "type": "Point", "coordinates": [ 114.169361, 22.319304 ] } },
{ "type": "Feature", "properties": { "decimalLatitude": 22.313672, "decimalLongitude": 114.037056, "eventDate": "2023-06-25T13:58:02Z", "countryCode": "HK" }, "geometry": { "type": "Point", "coordinates": [ 114.037056, 22.313672 ] } },
{ "type": "Feature", "properties": { "decimalLatitude": 1.343422, "decimalLongitude": 103.778372, "eventDate": "2023-06-30T08:19:19Z", "countryCode": "SG" }, "geometry": { "type": "Point", "coordinates": [ 103.778372, 1.343422 ] } },
{ "type": "Feature", "properties": { "decimalLatitude": 5.439601, "decimalLongitude": 100.286821, "eventDate": "2023-06-24T00:00:00Z", "countryCode": "MY" }, "geometry": { "type": "Point", "coordinates": [ 100.286821, 5.439601 ] } },
{ "type": "Feature", "properties": { "decimalLatitude": 22.444003, "decimalLongitude": 114.291978, "eventDate": "2023-06-25T13:14:00Z", "countryCode": "HK" }, "geometry": { "type": "Point", "coordinates": [ 114.291978, 22.444003 ] } },
{ "type": "Feature", "properties": { "decimalLatitude": 1.400879, "decimalLongitude": 103.807041, "eventDate": "2023-06-24T11:27:21Z", "countryCode": "SG" }, "geometry": { "type": "Point", "coordinates": [ 103.807041, 1.400879 ] } },
{ "type": "Feature", "properties": { "decimalLatitude": 1.340673, "decimalLongitude": 103.820894, "eventDate": "2023-06-15T12:19:00Z", "countryCode": "SG" }, "geometry": { "type": "Point", "coordinates": [ 103.820894, 1.340673 ] } },
{ "type": "Feature", "properties": { "decimalLatitude": 22.968022, "decimalLongitude": 113.829942, "eventDate": "2023-06-10T09:10:14Z", "countryCode": "CN" }, "geometry": { "type": "Point", "coordinates": [ 113.829942, 22.968022 ] } },
{ "type": "Feature", "properties": { "decimalLatitude": 20.249884, "decimalLongitude": 105.705515, "eventDate": "2023-06-20T09:18:00Z", "countryCode": "VN" }, "geometry": { "type": "Point", "coordinates": [ 105.705515, 20.249884 ] } },
{ "type": "Feature", "properties": { "decimalLatitude": 22.645128, "decimalLongitude": 114.012292, "eventDate": "2023-06-21T01:19:48Z", "countryCode": "CN" }, "geometry": { "type": "Point", "coordinates": [ 114.012292, 22.645128 ] } },
{ "type": "Feature", "properties": { "decimalLatitude": 10.080037, "decimalLongitude": 118.830549, "eventDate": "2023-06-08T09:36:00Z", "countryCode": "PH" }, "geometry": { "type": "Point", "coordinates": [ 118.830549, 10.080037 ] } },
{ "type": "Feature", "properties": { "decimalLatitude": 3.222459, "decimalLongitude": 101.772141, "eventDate": "2023-06-29T11:24:00Z", "countryCode": "MY" }, "geometry": { "type": "Point", "coordinates": [ 101.772141, 3.222459 ] } },
{ "type": "Feature", "properties": { "decimalLatitude": 20.256646, "decimalLongitude": 105.708938, "eventDate": "2023-06-18T12:31:00Z", "countryCode": "VN" }, "geometry": { "type": "Point", "coordinates": [ 105.708938, 20.256646 ] } },
{ "type": "Feature", "properties": { "decimalLatitude": 5.412564, "decimalLongitude": 100.782992, "eventDate": "2023-06-15T00:00:00Z", "countryCode": "MY" }, "geometry": { "type": "Point", "coordinates": [ 100.782992, 5.412564 ] } },
{ "type": "Feature", "properties": { "decimalLatitude": 1.400879, "decimalLongitude": 103.807041, "eventDate": "2023-06-24T11:31:13Z", "countryCode": "SG" }, "geometry": { "type": "Point", "coordinates": [ 103.807041, 1.400879 ] } },
{ "type": "Feature", "properties": { "decimalLatitude": 20.244163, "decimalLongitude": 105.718165, "eventDate": "2023-06-18T09:40:00Z", "countryCode": "VN" }, "geometry": { "type": "Point", "coordinates": [ 105.718165, 20.244163 ] } },
{ "type": "Feature", "properties": { "decimalLatitude": 1.345462, "decimalLongitude": 103.782275, "eventDate": "2023-06-30T14:45:02Z", "countryCode": "SG" }, "geometry": { "type": "Point", "coordinates": [ 103.782275, 1.345462 ] } },
{ "type": "Feature", "properties": { "decimalLatitude": 1.361536, "decimalLongitude": 103.777881, "eventDate": "2023-06-14T08:58:48Z", "countryCode": "SG" }, "geometry": { "type": "Point", "coordinates": [ 103.777881, 1.361536 ] } },
{ "type": "Feature", "properties": { "decimalLatitude": 1.400879, "decimalLongitude": 103.807041, "eventDate": "2023-06-24T11:30:14Z", "countryCode": "SG" }, "geometry": { "type": "Point", "coordinates": [ 103.807041, 1.400879 ] } },
{ "type": "Feature", "properties": { "decimalLatitude": 27.348822, "decimalLongitude": 95.50355, "eventDate": "2023-06-07T13:37:00Z", "countryCode": "IN" }, "geometry": { "type": "Point", "coordinates": [ 95.50355, 27.348822 ] } },
{ "type": "Feature", "properties": { "decimalLatitude": 1.398965, "decimalLongitude": 103.806853, "eventDate": "2023-06-02T10:26:00Z", "countryCode": "SG" }, "geometry": { "type": "Point", "coordinates": [ 103.806853, 1.398965 ] } },
{ "type": "Feature", "properties": { "decimalLatitude": 1.400879, "decimalLongitude": 103.807041, "eventDate": "2023-06-24T11:30:21Z", "countryCode": "SG" }, "geometry": { "type": "Point", "coordinates": [ 103.807041, 1.400879 ] } },
{ "type": "Feature", "properties": { "decimalLatitude": 22.864245, "decimalLongitude": 113.486779, "eventDate": "2023-06-04T12:34:35Z", "countryCode": "CN" }, "geometry": { "type": "Point", "coordinates": [ 113.486779, 22.864245 ] } },
{ "type": "Feature", "properties": { "decimalLatitude": 22.502288, "decimalLongitude": 114.178606, "eventDate": "2023-06-04T10:29:00Z", "countryCode": "HK" }, "geometry": { "type": "Point", "coordinates": [ 114.178606, 22.502288 ] } },
{ "type": "Feature", "properties": { "decimalLatitude": 5.413895, "decimalLongitude": 100.781542, "eventDate": "2023-06-15T00:00:00Z", "countryCode": "MY" }, "geometry": { "type": "Point", "coordinates": [ 100.781542, 5.413895 ] } },
{ "type": "Feature", "properties": { "decimalLatitude": 5.44021, "decimalLongitude": 100.286138, "eventDate": "2023-06-08T00:00:00Z", "countryCode": "MY" }, "geometry": { "type": "Point", "coordinates": [ 100.286138, 5.44021 ] } },
{ "type": "Feature", "properties": { "decimalLatitude": 5.440077, "decimalLongitude": 100.286149, "eventDate": "2023-06-08T00:00:00Z", "countryCode": "MY" }, "geometry": { "type": "Point", "coordinates": [ 100.286149, 5.440077 ] } },
{ "type": "Feature", "properties": { "decimalLatitude": 21.698911, "decimalLongitude": 111.797417, "eventDate": "2023-06-03T11:04:30Z", "countryCode": "CN" }, "geometry": { "type": "Point", "coordinates": [ 111.797417, 21.698911 ] } },
{ "type": "Feature", "properties": { "decimalLatitude": 1.355772, "decimalLongitude": 103.774245, "eventDate": "2023-06-19T07:52:00Z", "countryCode": "SG" }, "geometry": { "type": "Point", "coordinates": [ 103.774245, 1.355772 ] } },
{ "type": "Feature", "properties": { "decimalLatitude": 1.355772, "decimalLongitude": 103.774245, "eventDate": "2023-06-19T08:04:00Z", "countryCode": "SG" }, "geometry": { "type": "Point", "coordinates": [ 103.774245, 1.355772 ] } },
{ "type": "Feature", "properties": { "decimalLatitude": 1.357354, "decimalLongitude": 103.775579, "eventDate": "2023-07-04T12:43:00Z", "countryCode": "SG" }, "geometry": { "type": "Point", "coordinates": [ 103.775579, 1.357354 ] } },
{ "type": "Feature", "properties": { "decimalLatitude": 22.299003, "decimalLongitude": 114.274248, "eventDate": "2023-07-03T11:25:47Z", "countryCode": "HK" }, "geometry": { "type": "Point", "coordinates": [ 114.274248, 22.299003 ] } },
{ "type": "Feature", "properties": { "decimalLatitude": 1.357354, "decimalLongitude": 103.775579, "eventDate": "2023-07-04T12:41:00Z", "countryCode": "SG" }, "geometry": { "type": "Point", "coordinates": [ 103.775579, 1.357354 ] } },
{ "type": "Feature", "properties": { "decimalLatitude": 22.52013, "decimalLongitude": 114.215429, "eventDate": "2023-07-02T09:27:56Z", "countryCode": "HK" }, "geometry": { "type": "Point", "coordinates": [ 114.215429, 22.52013 ] } },
{ "type": "Feature", "properties": { "decimalLatitude": 22.438518, "decimalLongitude": 114.048884, "eventDate": "2023-07-02T11:44:03Z", "countryCode": "HK" }, "geometry": { "type": "Point", "coordinates": [ 114.048884, 22.438518 ] } },
{ "type": "Feature", "properties": { "decimalLatitude": 22.501492, "decimalLongitude": 114.214582, "eventDate": "2023-07-03T00:00:00Z", "countryCode": "HK" }, "geometry": { "type": "Point", "coordinates": [ 114.214582, 22.501492 ] } },
{ "type": "Feature", "properties": { "decimalLatitude": 22.486069, "decimalLongitude": 114.342224, "eventDate": "2023-07-06T00:00:00Z", "countryCode": "HK" }, "geometry": { "type": "Point", "coordinates": [ 114.342224, 22.486069 ] } },
{ "type": "Feature", "properties": { "decimalLatitude": 22.253484, "decimalLongitude": 114.158853, "eventDate": "2023-07-10T00:00:00Z", "countryCode": "HK" }, "geometry": { "type": "Point", "coordinates": [ 114.158853, 22.253484 ] } },
{ "type": "Feature", "properties": { "decimalLatitude": 22.527111, "decimalLongitude": 114.260063, "eventDate": "2023-07-09T15:57:17Z", "countryCode": "HK" }, "geometry": { "type": "Point", "coordinates": [ 114.260063, 22.527111 ] } },
{ "type": "Feature", "properties": { "decimalLatitude": -5.419827, "decimalLongitude": 105.188607, "eventDate": "2023-07-09T12:42:15Z", "countryCode": "ID" }, "geometry": { "type": "Point", "coordinates": [ 105.188607, -5.419827 ] } },
{ "type": "Feature", "properties": { "decimalLatitude": 22.381131, "decimalLongitude": 114.148807, "eventDate": "2023-07-02T00:00:00Z", "countryCode": "HK" }, "geometry": { "type": "Point", "coordinates": [ 114.148807, 22.381131 ] } },
{ "type": "Feature", "properties": { "decimalLatitude": 22.373879, "decimalLongitude": 114.266046, "eventDate": "2023-07-06T16:33:41Z", "countryCode": "HK" }, "geometry": { "type": "Point", "coordinates": [ 114.266046, 22.373879 ] } },
{ "type": "Feature", "properties": { "decimalLatitude": 22.484312, "decimalLongitude": 114.325603, "eventDate": "2023-07-06T00:00:00Z", "countryCode": "HK" }, "geometry": { "type": "Point", "coordinates": [ 114.325603, 22.484312 ] } },
{ "type": "Feature", "properties": { "decimalLatitude": 22.541281, "decimalLongitude": 114.229093, "eventDate": "2023-07-05T00:00:00Z", "countryCode": "HK" }, "geometry": { "type": "Point", "coordinates": [ 114.229093, 22.541281 ] } },
{ "type": "Feature", "properties": { "decimalLatitude": 22.500494, "decimalLongitude": 114.0692, "eventDate": "2023-07-08T00:00:00Z", "countryCode": "HK" }, "geometry": { "type": "Point", "coordinates": [ 114.0692, 22.500494 ] } },
{ "type": "Feature", "properties": { "decimalLatitude": 22.432147, "decimalLongitude": 114.119025, "eventDate": "2023-07-09T12:45:50Z", "countryCode": "HK" }, "geometry": { "type": "Point", "coordinates": [ 114.119025, 22.432147 ] } },
{ "type": "Feature", "properties": { "decimalLatitude": 6.048968, "decimalLongitude": 116.701643, "eventDate": "2023-07-06T22:35:00Z", "countryCode": "MY" }, "geometry": { "type": "Point", "coordinates": [ 116.701643, 6.048968 ] } },
{ "type": "Feature", "properties": { "decimalLatitude": 1.400119, "decimalLongitude": 103.807222, "eventDate": "2023-07-16T10:04:00Z", "countryCode": "SG" }, "geometry": { "type": "Point", "coordinates": [ 103.807222, 1.400119 ] } },
{ "type": "Feature", "properties": { "decimalLatitude": 22.253868, "decimalLongitude": 114.159848, "eventDate": "2023-07-12T13:10:00Z", "countryCode": "HK" }, "geometry": { "type": "Point", "coordinates": [ 114.159848, 22.253868 ] } },
{ "type": "Feature", "properties": { "decimalLatitude": -5.420958, "decimalLongitude": 105.188623, "eventDate": "2023-07-09T12:41:54Z", "countryCode": "ID" }, "geometry": { "type": "Point", "coordinates": [ 105.188623, -5.420958 ] } },
{ "type": "Feature", "properties": { "decimalLatitude": 22.498912, "decimalLongitude": 114.179903, "eventDate": "2023-07-09T09:15:00Z", "countryCode": "HK" }, "geometry": { "type": "Point", "coordinates": [ 114.179903, 22.498912 ] } },
{ "type": "Feature", "properties": { "decimalLatitude": 22.518894, "decimalLongitude": 114.216442, "eventDate": "2023-07-13T20:17:43Z", "countryCode": "HK" }, "geometry": { "type": "Point", "coordinates": [ 114.216442, 22.518894 ] } },
{ "type": "Feature", "properties": { "decimalLatitude": 22.486833, "decimalLongitude": 114.182, "eventDate": "2023-07-15T12:53:42Z", "countryCode": "HK" }, "geometry": { "type": "Point", "coordinates": [ 114.182, 22.486833 ] } },
{ "type": "Feature", "properties": { "decimalLatitude": 18.22077, "decimalLongitude": 102.99764, "eventDate": "2023-07-20T12:46:00Z", "countryCode": "LA" }, "geometry": { "type": "Point", "coordinates": [ 102.99764, 18.22077 ] } },
{ "type": "Feature", "properties": { "decimalLatitude": 22.228562, "decimalLongitude": 113.934224, "eventDate": "2023-07-20T11:28:00Z", "countryCode": "HK" }, "geometry": { "type": "Point", "coordinates": [ 113.934224, 22.228562 ] } },
{ "type": "Feature", "properties": { "decimalLatitude": 22.325378, "decimalLongitude": 114.215931, "eventDate": "2023-07-20T14:07:09Z", "countryCode": "HK" }, "geometry": { "type": "Point", "coordinates": [ 114.215931, 22.325378 ] } },
{ "type": "Feature", "properties": { "decimalLatitude": 22.432517, "decimalLongitude": 114.294368, "eventDate": "2023-07-23T11:46:38Z", "countryCode": "HK" }, "geometry": { "type": "Point", "coordinates": [ 114.294368, 22.432517 ] } },
{ "type": "Feature", "properties": { "decimalLatitude": 22.410399, "decimalLongitude": 114.071972, "eventDate": "2023-07-24T15:23:00Z", "countryCode": "HK" }, "geometry": { "type": "Point", "coordinates": [ 114.071972, 22.410399 ] } },
{ "type": "Feature", "properties": { "decimalLatitude": 22.416666, "decimalLongitude": 114.25, "eventDate": "2023-07-23T12:48:36Z", "countryCode": "HK" }, "geometry": { "type": "Point", "coordinates": [ 114.25, 22.416666 ] } },
{ "type": "Feature", "properties": { "decimalLatitude": 22.450632, "decimalLongitude": 114.389897, "eventDate": "2023-07-31T00:00:00Z", "countryCode": "HK" }, "geometry": { "type": "Point", "coordinates": [ 114.389897, 22.450632 ] } },
{ "type": "Feature", "properties": { "decimalLatitude": 22.487258, "decimalLongitude": 114.119889, "eventDate": "2023-07-27T00:00:00Z", "countryCode": "HK" }, "geometry": { "type": "Point", "coordinates": [ 114.119889, 22.487258 ] } },
{ "type": "Feature", "properties": { "decimalLatitude": 22.416679, "decimalLongitude": 114.259725, "eventDate": "2023-07-22T22:04:00Z", "countryCode": "HK" }, "geometry": { "type": "Point", "coordinates": [ 114.259725, 22.416679 ] } },
{ "type": "Feature", "properties": { "decimalLatitude": 1.343465, "decimalLongitude": 103.778489, "eventDate": "2023-07-01T13:37:00Z", "countryCode": "SG" }, "geometry": { "type": "Point", "coordinates": [ 103.778489, 1.343465 ] } },
{ "type": "Feature", "properties": { "decimalLatitude": 1.413825, "decimalLongitude": 103.787858, "eventDate": "2023-07-23T13:43:00Z", "countryCode": "SG" }, "geometry": { "type": "Point", "coordinates": [ 103.787858, 1.413825 ] } },
{ "type": "Feature", "properties": { "decimalLatitude": 22.410399, "decimalLongitude": 114.071972, "eventDate": "2023-07-24T15:22:00Z", "countryCode": "HK" }, "geometry": { "type": "Point", "coordinates": [ 114.071972, 22.410399 ] } },
{ "type": "Feature", "properties": { "decimalLatitude": 1.398718, "decimalLongitude": 103.805201, "eventDate": "2023-07-30T10:40:00Z", "countryCode": "SG" }, "geometry": { "type": "Point", "coordinates": [ 103.805201, 1.398718 ] } },
{ "type": "Feature", "properties": { "decimalLatitude": 5.439725, "decimalLongitude": 100.286384, "eventDate": "2023-07-01T00:00:00Z", "countryCode": "MY" }, "geometry": { "type": "Point", "coordinates": [ 100.286384, 5.439725 ] } },
{ "type": "Feature", "properties": { "decimalLatitude": 3.418197, "decimalLongitude": 101.842387, "eventDate": "2023-07-01T11:11:00Z", "countryCode": "MY" }, "geometry": { "type": "Point", "coordinates": [ 101.842387, 3.418197 ] } },
{ "type": "Feature", "properties": { "decimalLatitude": 22.266028, "decimalLongitude": 113.996117, "eventDate": "2023-07-09T16:09:06Z", "countryCode": "HK" }, "geometry": { "type": "Point", "coordinates": [ 113.996117, 22.266028 ] } },
{ "type": "Feature", "properties": { "decimalLatitude": 18.799167, "decimalLongitude": 98.936626, "eventDate": "2023-07-19T13:49:00Z", "countryCode": "TH" }, "geometry": { "type": "Point", "coordinates": [ 98.936626, 18.799167 ] } },
{ "type": "Feature", "properties": { "decimalLatitude": 18.799858, "decimalLongitude": 98.932826, "eventDate": "2023-07-19T11:50:00Z", "countryCode": "TH" }, "geometry": { "type": "Point", "coordinates": [ 98.932826, 18.799858 ] } },
{ "type": "Feature", "properties": { "decimalLatitude": 1.35981, "decimalLongitude": 103.826672, "eventDate": "2023-07-06T16:56:00Z", "countryCode": "SG" }, "geometry": { "type": "Point", "coordinates": [ 103.826672, 1.35981 ] } },
{ "type": "Feature", "properties": { "decimalLatitude": 1.37196, "decimalLongitude": 103.779717, "eventDate": "2023-07-02T11:33:00Z", "countryCode": "SG" }, "geometry": { "type": "Point", "coordinates": [ 103.779717, 1.37196 ] } },
{ "type": "Feature", "properties": { "decimalLatitude": 3.02475, "decimalLongitude": 101.629782, "eventDate": "2023-07-05T09:45:00Z", "countryCode": "MY" }, "geometry": { "type": "Point", "coordinates": [ 101.629782, 3.02475 ] } },
{ "type": "Feature", "properties": { "decimalLatitude": 12.838175, "decimalLongitude": 99.516192, "eventDate": "2023-07-08T09:36:00Z", "countryCode": "TH" }, "geometry": { "type": "Point", "coordinates": [ 99.516192, 12.838175 ] } },
{ "type": "Feature", "properties": { "decimalLatitude": 16.3956, "decimalLongitude": 104.309753, "eventDate": "2023-07-06T12:50:00Z", "countryCode": "TH" }, "geometry": { "type": "Point", "coordinates": [ 104.309753, 16.3956 ] } },
{ "type": "Feature", "properties": { "decimalLatitude": 5.544144, "decimalLongitude": 101.340107, "eventDate": "2023-07-05T00:00:00Z", "countryCode": "MY" }, "geometry": { "type": "Point", "coordinates": [ 101.340107, 5.544144 ] } },
{ "type": "Feature", "properties": { "decimalLatitude": 22.118296, "decimalLongitude": 113.191306, "eventDate": "2023-07-16T12:01:54Z", "countryCode": "CN" }, "geometry": { "type": "Point", "coordinates": [ 113.191306, 22.118296 ] } },
{ "type": "Feature", "properties": { "decimalLatitude": 22.28697, "decimalLongitude": 113.92298, "eventDate": "2023-07-05T16:52:19Z", "countryCode": "HK" }, "geometry": { "type": "Point", "coordinates": [ 113.92298, 22.28697 ] } },
{ "type": "Feature", "properties": { "decimalLatitude": 22.284083, "decimalLongitude": 113.926012, "eventDate": "2023-07-05T15:56:10Z", "countryCode": "HK" }, "geometry": { "type": "Point", "coordinates": [ 113.926012, 22.284083 ] } },
{ "type": "Feature", "properties": { "decimalLatitude": 22.276225, "decimalLongitude": 114.131097, "eventDate": "2023-07-19T13:24:29Z", "countryCode": "HK" }, "geometry": { "type": "Point", "coordinates": [ 114.131097, 22.276225 ] } },
{ "type": "Feature", "properties": { "decimalLatitude": 22.124011, "decimalLongitude": 98.023811, "eventDate": "2023-07-17T12:54:00Z", "countryCode": "MM" }, "geometry": { "type": "Point", "coordinates": [ 98.023811, 22.124011 ] } },
{ "type": "Feature", "properties": { "decimalLatitude": 22.22, "decimalLongitude": 113.93, "eventDate": "2023-08-08T15:31:43Z", "countryCode": "HK" }, "geometry": { "type": "Point", "coordinates": [ 113.93, 22.22 ] } },
{ "type": "Feature", "properties": { "decimalLatitude": 22.313275, "decimalLongitude": 114.355199, "eventDate": "2023-08-04T12:17:08Z", "countryCode": "HK" }, "geometry": { "type": "Point", "coordinates": [ 114.355199, 22.313275 ] } },
{ "type": "Feature", "properties": { "decimalLatitude": 5.398251, "decimalLongitude": 100.263811, "eventDate": "2023-08-04T00:00:00Z", "countryCode": "MY" }, "geometry": { "type": "Point", "coordinates": [ 100.263811, 5.398251 ] } },
{ "type": "Feature", "properties": { "decimalLatitude": 22.525948, "decimalLongitude": 114.252749, "eventDate": "2023-08-06T12:46:00Z", "countryCode": "HK" }, "geometry": { "type": "Point", "coordinates": [ 114.252749, 22.525948 ] } },
{ "type": "Feature", "properties": { "decimalLatitude": 5.397961, "decimalLongitude": 100.263658, "eventDate": "2023-08-04T00:00:00Z", "countryCode": "MY" }, "geometry": { "type": "Point", "coordinates": [ 100.263658, 5.397961 ] } },
{ "type": "Feature", "properties": { "decimalLatitude": 5.411736, "decimalLongitude": 100.78323, "eventDate": "2023-08-02T00:00:00Z", "countryCode": "MY" }, "geometry": { "type": "Point", "coordinates": [ 100.78323, 5.411736 ] } },
{ "type": "Feature", "properties": { "decimalLatitude": 22.253235, "decimalLongitude": 113.895998, "eventDate": "2023-08-13T00:00:00Z", "countryCode": "HK" }, "geometry": { "type": "Point", "coordinates": [ 113.895998, 22.253235 ] } },
{ "type": "Feature", "properties": { "decimalLatitude": 22.592855, "decimalLongitude": 114.248223, "eventDate": "2023-08-15T00:00:00Z", "countryCode": "HK" }, "geometry": { "type": "Point", "coordinates": [ 114.248223, 22.592855 ] } },
{ "type": "Feature", "properties": { "decimalLatitude": 22.423853, "decimalLongitude": 114.24035, "eventDate": "2023-08-09T14:42:00Z", "countryCode": "HK" }, "geometry": { "type": "Point", "coordinates": [ 114.24035, 22.423853 ] } },
{ "type": "Feature", "properties": { "decimalLatitude": 22.425533, "decimalLongitude": 114.242464, "eventDate": "2023-08-09T14:32:00Z", "countryCode": "HK" }, "geometry": { "type": "Point", "coordinates": [ 114.242464, 22.425533 ] } },
{ "type": "Feature", "properties": { "decimalLatitude": 22.391855, "decimalLongitude": 113.923793, "eventDate": "2023-08-05T15:24:00Z", "countryCode": "HK" }, "geometry": { "type": "Point", "coordinates": [ 113.923793, 22.391855 ] } },
{ "type": "Feature", "properties": { "decimalLatitude": 22.518291, "decimalLongitude": 114.219204, "eventDate": "2023-08-13T15:38:00Z", "countryCode": "HK" }, "geometry": { "type": "Point", "coordinates": [ 114.219204, 22.518291 ] } },
{ "type": "Feature", "properties": { "decimalLatitude": 22.527992, "decimalLongitude": 114.295052, "eventDate": "2023-08-15T00:00:00Z", "countryCode": "HK" }, "geometry": { "type": "Point", "coordinates": [ 114.295052, 22.527992 ] } },
{ "type": "Feature", "properties": { "decimalLatitude": 22.424107, "decimalLongitude": 114.180854, "eventDate": "2023-08-20T13:14:00Z", "countryCode": "HK" }, "geometry": { "type": "Point", "coordinates": [ 114.180854, 22.424107 ] } },
{ "type": "Feature", "properties": { "decimalLatitude": 22.488462, "decimalLongitude": 114.16585, "eventDate": "2023-08-17T11:52:06Z", "countryCode": "HK" }, "geometry": { "type": "Point", "coordinates": [ 114.16585, 22.488462 ] } },
{ "type": "Feature", "properties": { "decimalLatitude": 6.011332, "decimalLongitude": 116.541609, "eventDate": "2023-08-17T14:20:26Z", "countryCode": "MY" }, "geometry": { "type": "Point", "coordinates": [ 116.541609, 6.011332 ] } },
{ "type": "Feature", "properties": { "decimalLatitude": 22.531941, "decimalLongitude": 114.295305, "eventDate": "2023-08-20T12:15:00Z", "countryCode": "HK" }, "geometry": { "type": "Point", "coordinates": [ 114.295305, 22.531941 ] } },
{ "type": "Feature", "properties": { "decimalLatitude": 22.48711, "decimalLongitude": 114.164787, "eventDate": "2023-08-17T11:55:43Z", "countryCode": "HK" }, "geometry": { "type": "Point", "coordinates": [ 114.164787, 22.48711 ] } },
{ "type": "Feature", "properties": { "decimalLatitude": 22.425747, "decimalLongitude": 114.181209, "eventDate": "2023-08-21T10:53:00Z", "countryCode": "HK" }, "geometry": { "type": "Point", "coordinates": [ 114.181209, 22.425747 ] } },
{ "type": "Feature", "properties": { "decimalLatitude": 22.385661, "decimalLongitude": 114.144767, "eventDate": "2023-08-24T14:35:00Z", "countryCode": "HK" }, "geometry": { "type": "Point", "coordinates": [ 114.144767, 22.385661 ] } },
{ "type": "Feature", "properties": { "decimalLatitude": -2.307089, "decimalLongitude": 101.53288, "eventDate": "2023-08-04T13:56:00Z", "countryCode": "ID" }, "geometry": { "type": "Point", "coordinates": [ 101.53288, -2.307089 ] } },
{ "type": "Feature", "properties": { "decimalLatitude": 1.343603, "decimalLongitude": 103.78084, "eventDate": "2023-08-23T06:48:00Z", "countryCode": "SG" }, "geometry": { "type": "Point", "coordinates": [ 103.78084, 1.343603 ] } },
{ "type": "Feature", "properties": { "decimalLatitude": 22.407278, "decimalLongitude": 114.019902, "eventDate": "2023-08-30T11:32:00Z", "countryCode": "HK" }, "geometry": { "type": "Point", "coordinates": [ 114.019902, 22.407278 ] } },
{ "type": "Feature", "properties": { "decimalLatitude": 22.252246, "decimalLongitude": 114.009137, "eventDate": "2023-08-30T12:30:42Z", "countryCode": "HK" }, "geometry": { "type": "Point", "coordinates": [ 114.009137, 22.252246 ] } },
{ "type": "Feature", "properties": { "decimalLatitude": 13.427807, "decimalLongitude": 103.872838, "eventDate": "2023-08-08T16:07:00Z", "countryCode": "KH" }, "geometry": { "type": "Point", "coordinates": [ 103.872838, 13.427807 ] } },
{ "type": "Feature", "properties": { "decimalLatitude": 5.424498, "decimalLongitude": 100.778282, "eventDate": "2023-08-24T00:00:00Z", "countryCode": "MY" }, "geometry": { "type": "Point", "coordinates": [ 100.778282, 5.424498 ] } },
{ "type": "Feature", "properties": { "decimalLatitude": 22.766913, "decimalLongitude": 114.289246, "eventDate": "2023-08-23T09:25:49Z", "countryCode": "CN" }, "geometry": { "type": "Point", "coordinates": [ 114.289246, 22.766913 ] } },
{ "type": "Feature", "properties": { "decimalLatitude": 26.665977, "decimalLongitude": 94.359874, "eventDate": "2023-08-30T07:15:54Z", "countryCode": "IN" }, "geometry": { "type": "Point", "coordinates": [ 94.359874, 26.665977 ] } },
{ "type": "Feature", "properties": { "decimalLatitude": 26.665977, "decimalLongitude": 94.359874, "eventDate": "2023-08-30T07:35:29Z", "countryCode": "IN" }, "geometry": { "type": "Point", "coordinates": [ 94.359874, 26.665977 ] } },
{ "type": "Feature", "properties": { "decimalLatitude": 26.665977, "decimalLongitude": 94.359874, "eventDate": "2023-08-30T06:41:16Z", "countryCode": "IN" }, "geometry": { "type": "Point", "coordinates": [ 94.359874, 26.665977 ] } },
{ "type": "Feature", "properties": { "decimalLatitude": 26.665977, "decimalLongitude": 94.359874, "eventDate": "2023-08-30T07:52:40Z", "countryCode": "IN" }, "geometry": { "type": "Point", "coordinates": [ 94.359874, 26.665977 ] } },
{ "type": "Feature", "properties": { "decimalLatitude": 26.665977, "decimalLongitude": 94.359874, "eventDate": "2023-08-30T06:48:57Z", "countryCode": "IN" }, "geometry": { "type": "Point", "coordinates": [ 94.359874, 26.665977 ] } },
{ "type": "Feature", "properties": { "decimalLatitude": 22.43795, "decimalLongitude": 114.192572, "eventDate": "2023-08-07T15:13:00Z", "countryCode": "HK" }, "geometry": { "type": "Point", "coordinates": [ 114.192572, 22.43795 ] } },
{ "type": "Feature", "properties": { "decimalLatitude": 22.386001, "decimalLongitude": 114.147259, "eventDate": "2023-08-30T18:41:00Z", "countryCode": "HK" }, "geometry": { "type": "Point", "coordinates": [ 114.147259, 22.386001 ] } },
{ "type": "Feature", "properties": { "decimalLatitude": 22.476994, "decimalLongitude": 114.229148, "eventDate": "2023-08-08T23:56:00Z", "countryCode": "HK" }, "geometry": { "type": "Point", "coordinates": [ 114.229148, 22.476994 ] } },
{ "type": "Feature", "properties": { "decimalLatitude": 5.528086, "decimalLongitude": 118.304497, "eventDate": "2023-08-23T10:22:00Z", "countryCode": "MY" }, "geometry": { "type": "Point", "coordinates": [ 118.304497, 5.528086 ] } },
{ "type": "Feature", "properties": { "decimalLatitude": 22.283331, "decimalLongitude": 114.150514, "eventDate": "2023-08-11T21:57:00Z", "countryCode": "HK" }, "geometry": { "type": "Point", "coordinates": [ 114.150514, 22.283331 ] } },
{ "type": "Feature", "properties": { "decimalLatitude": 1.348538, "decimalLongitude": 103.810763, "eventDate": "2023-08-23T11:54:00Z", "countryCode": "SG" }, "geometry": { "type": "Point", "coordinates": [ 103.810763, 1.348538 ] } },
{ "type": "Feature", "properties": { "decimalLatitude": 1.352083, "decimalLongitude": 103.819836, "eventDate": "2023-08-04T06:37:00Z", "countryCode": "SG" }, "geometry": { "type": "Point", "coordinates": [ 103.819836, 1.352083 ] } },
{ "type": "Feature", "properties": { "decimalLatitude": 5.435603, "decimalLongitude": 100.292582, "eventDate": "2023-08-28T00:00:00Z", "countryCode": "MY" }, "geometry": { "type": "Point", "coordinates": [ 100.292582, 5.435603 ] } },
{ "type": "Feature", "properties": { "decimalLatitude": 5.393626, "decimalLongitude": 100.257705, "eventDate": "2023-08-19T00:00:00Z", "countryCode": "MY" }, "geometry": { "type": "Point", "coordinates": [ 100.257705, 5.393626 ] } },
{ "type": "Feature", "properties": { "decimalLatitude": 5.415084, "decimalLongitude": 100.781951, "eventDate": "2023-08-24T00:00:00Z", "countryCode": "MY" }, "geometry": { "type": "Point", "coordinates": [ 100.781951, 5.415084 ] } },
{ "type": "Feature", "properties": { "decimalLatitude": 5.423834, "decimalLongitude": 100.267012, "eventDate": "2023-08-21T00:00:00Z", "countryCode": "MY" }, "geometry": { "type": "Point", "coordinates": [ 100.267012, 5.423834 ] } },
{ "type": "Feature", "properties": { "decimalLatitude": 5.412991, "decimalLongitude": 100.782459, "eventDate": "2023-08-24T00:00:00Z", "countryCode": "MY" }, "geometry": { "type": "Point", "coordinates": [ 100.782459, 5.412991 ] } },
{ "type": "Feature", "properties": { "decimalLatitude": 1.399853, "decimalLongitude": 103.806938, "eventDate": "2023-09-03T11:29:00Z", "countryCode": "SG" }, "geometry": { "type": "Point", "coordinates": [ 103.806938, 1.399853 ] } },
{ "type": "Feature", "properties": { "decimalLatitude": 1.36327, "decimalLongitude": 103.777101, "eventDate": "2023-09-04T11:36:00Z", "countryCode": "SG" }, "geometry": { "type": "Point", "coordinates": [ 103.777101, 1.36327 ] } },
{ "type": "Feature", "properties": { "decimalLatitude": 5.431617, "decimalLongitude": 100.296913, "eventDate": "2023-09-02T13:54:44Z", "countryCode": "MY" }, "geometry": { "type": "Point", "coordinates": [ 100.296913, 5.431617 ] } },
{ "type": "Feature", "properties": { "decimalLatitude": 5.426062, "decimalLongitude": 100.299281, "eventDate": "2023-09-02T00:00:00Z", "countryCode": "MY" }, "geometry": { "type": "Point", "coordinates": [ 100.299281, 5.426062 ] } },
{ "type": "Feature", "properties": { "decimalLatitude": 5.39198, "decimalLongitude": 100.259549, "eventDate": "2023-09-05T00:00:00Z", "countryCode": "MY" }, "geometry": { "type": "Point", "coordinates": [ 100.259549, 5.39198 ] } },
{ "type": "Feature", "properties": { "decimalLatitude": 22.385738, "decimalLongitude": 114.144867, "eventDate": "2023-09-12T14:59:45Z", "countryCode": "HK" }, "geometry": { "type": "Point", "coordinates": [ 114.144867, 22.385738 ] } },
{ "type": "Feature", "properties": { "decimalLatitude": 5.423511, "decimalLongitude": 100.266167, "eventDate": "2023-09-06T00:00:00Z", "countryCode": "MY" }, "geometry": { "type": "Point", "coordinates": [ 100.266167, 5.423511 ] } },
{ "type": "Feature", "properties": { "decimalLatitude": 1.398927, "decimalLongitude": 103.806714, "eventDate": "2023-09-11T14:18:00Z", "countryCode": "SG" }, "geometry": { "type": "Point", "coordinates": [ 103.806714, 1.398927 ] } },
{ "type": "Feature", "properties": { "decimalLatitude": 1.39875, "decimalLongitude": 103.807261, "eventDate": "2023-09-10T11:36:00Z", "countryCode": "SG" }, "geometry": { "type": "Point", "coordinates": [ 103.807261, 1.39875 ] } },
{ "type": "Feature", "properties": { "decimalLatitude": 22.646687, "decimalLongitude": 113.955422, "eventDate": "2023-09-21T15:31:36Z", "countryCode": "CN" }, "geometry": { "type": "Point", "coordinates": [ 113.955422, 22.646687 ] } },
{ "type": "Feature", "properties": { "decimalLatitude": 22.428945, "decimalLongitude": 114.177038, "eventDate": "2023-09-24T13:18:21Z", "countryCode": "HK" }, "geometry": { "type": "Point", "coordinates": [ 114.177038, 22.428945 ] } },
{ "type": "Feature", "properties": { "decimalLatitude": 22.518878, "decimalLongitude": 114.256208, "eventDate": "2023-09-24T15:31:46Z", "countryCode": "HK" }, "geometry": { "type": "Point", "coordinates": [ 114.256208, 22.518878 ] } },
{ "type": "Feature", "properties": { "decimalLatitude": 22.373416, "decimalLongitude": 114.265294, "eventDate": "2023-09-26T12:36:00Z", "countryCode": "HK" }, "geometry": { "type": "Point", "coordinates": [ 114.265294, 22.373416 ] } },
{ "type": "Feature", "properties": { "decimalLatitude": 1.400475, "decimalLongitude": 103.807281, "eventDate": "2023-09-25T16:41:00Z", "countryCode": "SG" }, "geometry": { "type": "Point", "coordinates": [ 103.807281, 1.400475 ] } },
{ "type": "Feature", "properties": { "decimalLatitude": 22.25392, "decimalLongitude": 114.160828, "eventDate": "2023-09-28T15:17:32Z", "countryCode": "HK" }, "geometry": { "type": "Point", "coordinates": [ 114.160828, 22.25392 ] } },
{ "type": "Feature", "properties": { "decimalLatitude": 4.395854, "decimalLongitude": 102.403207, "eventDate": "2023-09-28T14:07:00Z", "countryCode": "MY" }, "geometry": { "type": "Point", "coordinates": [ 102.403207, 4.395854 ] } },
{ "type": "Feature", "properties": { "decimalLatitude": 5.438708, "decimalLongitude": 100.285543, "eventDate": "2023-09-28T00:00:00Z", "countryCode": "MY" }, "geometry": { "type": "Point", "coordinates": [ 100.285543, 5.438708 ] } },
{ "type": "Feature", "properties": { "decimalLatitude": 18.800732, "decimalLongitude": 98.941395, "eventDate": "2023-09-27T12:33:00Z", "countryCode": "TH" }, "geometry": { "type": "Point", "coordinates": [ 98.941395, 18.800732 ] } },
{ "type": "Feature", "properties": { "decimalLatitude": 22.389388, "decimalLongitude": 114.145373, "eventDate": "2023-09-28T13:49:00Z", "countryCode": "HK" }, "geometry": { "type": "Point", "coordinates": [ 114.145373, 22.389388 ] } },
{ "type": "Feature", "properties": { "decimalLatitude": 22.373689, "decimalLongitude": 114.265782, "eventDate": "2023-09-27T11:21:00Z", "countryCode": "HK" }, "geometry": { "type": "Point", "coordinates": [ 114.265782, 22.373689 ] } },
{ "type": "Feature", "properties": { "decimalLatitude": 1.524931, "decimalLongitude": 99.057595, "eventDate": "2023-09-30T11:09:46Z", "countryCode": "ID" }, "geometry": { "type": "Point", "coordinates": [ 99.057595, 1.524931 ] } },
{ "type": "Feature", "properties": { "decimalLatitude": 22.459212, "decimalLongitude": 114.159251, "eventDate": "2023-09-16T14:05:14Z", "countryCode": "HK" }, "geometry": { "type": "Point", "coordinates": [ 114.159251, 22.459212 ] } },
{ "type": "Feature", "properties": { "decimalLatitude": 22.629805, "decimalLongitude": 113.965134, "eventDate": "2023-09-28T18:46:22Z", "countryCode": "CN" }, "geometry": { "type": "Point", "coordinates": [ 113.965134, 22.629805 ] } },
{ "type": "Feature", "properties": { "decimalLatitude": 1.400475, "decimalLongitude": 103.807281, "eventDate": "2023-09-25T16:29:00Z", "countryCode": "SG" }, "geometry": { "type": "Point", "coordinates": [ 103.807281, 1.400475 ] } },
{ "type": "Feature", "properties": { "decimalLatitude": 22.373269, "decimalLongitude": 114.265487, "eventDate": "2023-09-23T00:00:00Z", "countryCode": "HK" }, "geometry": { "type": "Point", "coordinates": [ 114.265487, 22.373269 ] } },
{ "type": "Feature", "properties": { "decimalLatitude": 22.449032, "decimalLongitude": 114.312017, "eventDate": "2023-09-07T10:01:00Z", "countryCode": "HK" }, "geometry": { "type": "Point", "coordinates": [ 114.312017, 22.449032 ] } },
{ "type": "Feature", "properties": { "decimalLatitude": 22.450995, "decimalLongitude": 114.302192, "eventDate": "2023-09-07T09:37:00Z", "countryCode": "HK" }, "geometry": { "type": "Point", "coordinates": [ 114.302192, 22.450995 ] } },
{ "type": "Feature", "properties": { "decimalLatitude": 5.439319, "decimalLongitude": 100.284952, "eventDate": "2023-09-28T00:00:00Z", "countryCode": "MY" }, "geometry": { "type": "Point", "coordinates": [ 100.284952, 5.439319 ] } },
{ "type": "Feature", "properties": { "decimalLatitude": 8.913323, "decimalLongitude": 98.519831, "eventDate": "2023-09-30T09:59:00Z", "countryCode": "TH" }, "geometry": { "type": "Point", "coordinates": [ 98.519831, 8.913323 ] } },
{ "type": "Feature", "properties": { "decimalLatitude": 31.19388, "decimalLongitude": 121.363228, "eventDate": "2023-09-27T16:34:31Z", "countryCode": "CN" }, "geometry": { "type": "Point", "coordinates": [ 121.363228, 31.19388 ] } },
{ "type": "Feature", "properties": { "decimalLatitude": 21.903211, "decimalLongitude": 101.280078, "eventDate": "2023-09-02T13:51:00Z", "countryCode": "CN" }, "geometry": { "type": "Point", "coordinates": [ 101.280078, 21.903211 ] } },
{ "type": "Feature", "properties": { "decimalLatitude": 5.438724, "decimalLongitude": 100.283475, "eventDate": "2023-09-20T00:00:00Z", "countryCode": "MY" }, "geometry": { "type": "Point", "coordinates": [ 100.283475, 5.438724 ] } },
{ "type": "Feature", "properties": { "decimalLatitude": 5.43906, "decimalLongitude": 100.283562, "eventDate": "2023-09-20T00:00:00Z", "countryCode": "MY" }, "geometry": { "type": "Point", "coordinates": [ 100.283562, 5.43906 ] } },
{ "type": "Feature", "properties": { "decimalLatitude": 5.438775, "decimalLongitude": 100.283493, "eventDate": "2023-09-20T00:00:00Z", "countryCode": "MY" }, "geometry": { "type": "Point", "coordinates": [ 100.283493, 5.438775 ] } },
{ "type": "Feature", "properties": { "decimalLatitude": 5.438559, "decimalLongitude": 100.283646, "eventDate": "2023-09-20T00:00:00Z", "countryCode": "MY" }, "geometry": { "type": "Point", "coordinates": [ 100.283646, 5.438559 ] } },
{ "type": "Feature", "properties": { "decimalLatitude": 14.434788, "decimalLongitude": 105.100365, "eventDate": "2023-09-27T11:16:26Z", "countryCode": "TH" }, "geometry": { "type": "Point", "coordinates": [ 105.100365, 14.434788 ] } },
{ "type": "Feature", "properties": { "decimalLatitude": 22.274518, "decimalLongitude": 114.119044, "eventDate": "2023-09-30T17:27:41Z", "countryCode": "HK" }, "geometry": { "type": "Point", "coordinates": [ 114.119044, 22.274518 ] } },
{ "type": "Feature", "properties": { "decimalLatitude": 1.340191, "decimalLongitude": 103.820222, "eventDate": "2023-10-02T02:09:00Z", "countryCode": "SG" }, "geometry": { "type": "Point", "coordinates": [ 103.820222, 1.340191 ] } },
{ "type": "Feature", "properties": { "decimalLatitude": 22.387425, "decimalLongitude": 114.14615, "eventDate": "2023-10-01T14:44:57Z", "countryCode": "HK" }, "geometry": { "type": "Point", "coordinates": [ 114.14615, 22.387425 ] } },
{ "type": "Feature", "properties": { "decimalLatitude": 1.376025, "decimalLongitude": 103.781072, "eventDate": "2023-10-02T14:43:00Z", "countryCode": "SG" }, "geometry": { "type": "Point", "coordinates": [ 103.781072, 1.376025 ] } },
{ "type": "Feature", "properties": { "decimalLatitude": 22.545902, "decimalLongitude": 114.370481, "eventDate": "2023-10-05T00:00:00Z", "countryCode": "HK" }, "geometry": { "type": "Point", "coordinates": [ 114.370481, 22.545902 ] } },
{ "type": "Feature", "properties": { "decimalLatitude": 22.406696, "decimalLongitude": 113.960385, "eventDate": "2023-10-01T10:02:00Z", "countryCode": "HK" }, "geometry": { "type": "Point", "coordinates": [ 113.960385, 22.406696 ] } },
{ "type": "Feature", "properties": { "decimalLatitude": 1.400081, "decimalLongitude": 103.807196, "eventDate": "2023-10-08T12:39:00Z", "countryCode": "SG" }, "geometry": { "type": "Point", "coordinates": [ 103.807196, 1.400081 ] } },
{ "type": "Feature", "properties": { "decimalLatitude": 18.760736, "decimalLongitude": 98.914899, "eventDate": "2023-10-06T13:49:58Z", "countryCode": "TH" }, "geometry": { "type": "Point", "coordinates": [ 98.914899, 18.760736 ] } },
{ "type": "Feature", "properties": { "decimalLatitude": 1.399287, "decimalLongitude": 103.807626, "eventDate": "2023-10-08T12:54:00Z", "countryCode": "SG" }, "geometry": { "type": "Point", "coordinates": [ 103.807626, 1.399287 ] } },
{ "type": "Feature", "properties": { "decimalLatitude": -3.776596, "decimalLongitude": 115.341467, "eventDate": "2023-10-01T13:48:00Z", "countryCode": "ID" }, "geometry": { "type": "Point", "coordinates": [ 115.341467, -3.776596 ] } },
{ "type": "Feature", "properties": { "decimalLatitude": 18.764643, "decimalLongitude": 98.907872, "eventDate": "2023-10-06T16:13:44Z", "countryCode": "TH" }, "geometry": { "type": "Point", "coordinates": [ 98.907872, 18.764643 ] } },
{ "type": "Feature", "properties": { "decimalLatitude": 22.425747, "decimalLongitude": 114.181209, "eventDate": "2023-10-01T21:38:00Z", "countryCode": "HK" }, "geometry": { "type": "Point", "coordinates": [ 114.181209, 22.425747 ] } },
{ "type": "Feature", "properties": { "decimalLatitude": 1.383634, "decimalLongitude": 103.823998, "eventDate": "2023-10-15T11:59:00Z", "countryCode": "SG" }, "geometry": { "type": "Point", "coordinates": [ 103.823998, 1.383634 ] } },
{ "type": "Feature", "properties": { "decimalLatitude": 22.5092, "decimalLongitude": 114.216233, "eventDate": "2023-10-16T12:41:56Z", "countryCode": "HK" }, "geometry": { "type": "Point", "coordinates": [ 114.216233, 22.5092 ] } },
{ "type": "Feature", "properties": { "decimalLatitude": 22.467136, "decimalLongitude": 114.179491, "eventDate": "2023-10-15T14:21:23Z", "countryCode": "HK" }, "geometry": { "type": "Point", "coordinates": [ 114.179491, 22.467136 ] } },
{ "type": "Feature", "properties": { "decimalLatitude": 5.439601, "decimalLongitude": 100.283277, "eventDate": "2023-10-18T00:00:00Z", "countryCode": "MY" }, "geometry": { "type": "Point", "coordinates": [ 100.283277, 5.439601 ] } },
{ "type": "Feature", "properties": { "decimalLatitude": 22.406468, "decimalLongitude": 114.026692, "eventDate": "2023-10-23T11:23:00Z", "countryCode": "HK" }, "geometry": { "type": "Point", "coordinates": [ 114.026692, 22.406468 ] } },
{ "type": "Feature", "properties": { "decimalLatitude": 19.844379, "decimalLongitude": 102.109325, "eventDate": "2023-10-19T13:27:04Z", "countryCode": "LA" }, "geometry": { "type": "Point", "coordinates": [ 102.109325, 19.844379 ] } },
{ "type": "Feature", "properties": { "decimalLatitude": 22.295616, "decimalLongitude": 113.94596, "eventDate": "2023-10-22T12:50:52Z", "countryCode": "HK" }, "geometry": { "type": "Point", "coordinates": [ 113.94596, 22.295616 ] } },
{ "type": "Feature", "properties": { "decimalLatitude": 16.038696, "decimalLongitude": 99.234164, "eventDate": "2023-10-20T11:08:48Z", "countryCode": "TH" }, "geometry": { "type": "Point", "coordinates": [ 99.234164, 16.038696 ] } },
{ "type": "Feature", "properties": { "decimalLatitude": 19.843163, "decimalLongitude": 102.22065, "eventDate": "2023-10-09T09:35:02Z", "countryCode": "LA" }, "geometry": { "type": "Point", "coordinates": [ 102.22065, 19.843163 ] } },
{ "type": "Feature", "properties": { "decimalLatitude": 6.364397, "decimalLongitude": 99.793229, "eventDate": "2023-10-02T00:00:00Z", "countryCode": "MY" }, "geometry": { "type": "Point", "coordinates": [ 99.793229, 6.364397 ] } },
{ "type": "Feature", "properties": { "decimalLatitude": 20.572108, "decimalLongitude": 102.619155, "eventDate": "2023-10-12T14:03:54Z", "countryCode": "LA" }, "geometry": { "type": "Point", "coordinates": [ 102.619155, 20.572108 ] } },
{ "type": "Feature", "properties": { "decimalLatitude": 6.366508, "decimalLongitude": 99.793904, "eventDate": "2023-10-02T00:00:00Z", "countryCode": "MY" }, "geometry": { "type": "Point", "coordinates": [ 99.793904, 6.366508 ] } },
{ "type": "Feature", "properties": { "decimalLatitude": 1.422046, "decimalLongitude": 103.792819, "eventDate": "2023-10-11T12:34:00Z", "countryCode": "SG" }, "geometry": { "type": "Point", "coordinates": [ 103.792819, 1.422046 ] } },
{ "type": "Feature", "properties": { "decimalLatitude": 1.3824, "decimalLongitude": 103.821144, "eventDate": "2023-10-15T11:18:00Z", "countryCode": "SG" }, "geometry": { "type": "Point", "coordinates": [ 103.821144, 1.3824 ] } },
{ "type": "Feature", "properties": { "decimalLatitude": 19.367219, "decimalLongitude": 98.977183, "eventDate": "2023-10-14T11:16:48Z", "countryCode": "TH" }, "geometry": { "type": "Point", "coordinates": [ 98.977183, 19.367219 ] } },
{ "type": "Feature", "properties": { "decimalLatitude": 5.438126, "decimalLongitude": 100.284561, "eventDate": "2023-10-18T00:00:00Z", "countryCode": "MY" }, "geometry": { "type": "Point", "coordinates": [ 100.284561, 5.438126 ] } },
{ "type": "Feature", "properties": { "decimalLatitude": 20.650592, "decimalLongitude": 102.666962, "eventDate": "2023-10-13T15:23:58Z", "countryCode": "LA" }, "geometry": { "type": "Point", "coordinates": [ 102.666962, 20.650592 ] } },
{ "type": "Feature", "properties": { "decimalLatitude": 22.238216, "decimalLongitude": 114.148664, "eventDate": "2023-10-26T00:00:00Z", "countryCode": "HK" }, "geometry": { "type": "Point", "coordinates": [ 114.148664, 22.238216 ] } },
{ "type": "Feature", "properties": { "decimalLatitude": 1.358569, "decimalLongitude": 103.777116, "eventDate": "2023-10-24T11:16:00Z", "countryCode": "SG" }, "geometry": { "type": "Point", "coordinates": [ 103.777116, 1.358569 ] } },
{ "type": "Feature", "properties": { "decimalLatitude": 5.412822, "decimalLongitude": 100.782194, "eventDate": "2023-10-25T00:00:00Z", "countryCode": "MY" }, "geometry": { "type": "Point", "coordinates": [ 100.782194, 5.412822 ] } },
{ "type": "Feature", "properties": { "decimalLatitude": 22.421681, "decimalLongitude": 114.103331, "eventDate": "2023-10-28T13:37:00Z", "countryCode": "HK" }, "geometry": { "type": "Point", "coordinates": [ 114.103331, 22.421681 ] } },
{ "type": "Feature", "properties": { "decimalLatitude": 5.412392, "decimalLongitude": 100.782025, "eventDate": "2023-10-25T00:00:00Z", "countryCode": "MY" }, "geometry": { "type": "Point", "coordinates": [ 100.782025, 5.412392 ] } },
{ "type": "Feature", "properties": { "decimalLatitude": 22.356434, "decimalLongitude": 114.13313, "eventDate": "2023-10-30T15:25:39Z", "countryCode": "HK" }, "geometry": { "type": "Point", "coordinates": [ 114.13313, 22.356434 ] } },
{ "type": "Feature", "properties": { "decimalLatitude": 22.529537, "decimalLongitude": 114.26258, "eventDate": "2023-10-29T13:38:12Z", "countryCode": "HK" }, "geometry": { "type": "Point", "coordinates": [ 114.26258, 22.529537 ] } },
{ "type": "Feature", "properties": { "decimalLatitude": 1.364018, "decimalLongitude": 103.776397, "eventDate": "2023-10-28T17:03:00Z", "countryCode": "SG" }, "geometry": { "type": "Point", "coordinates": [ 103.776397, 1.364018 ] } },
{ "type": "Feature", "properties": { "decimalLatitude": 22.44433, "decimalLongitude": 114.341058, "eventDate": "2023-10-29T10:32:00Z", "countryCode": "HK" }, "geometry": { "type": "Point", "coordinates": [ 114.341058, 22.44433 ] } },
{ "type": "Feature", "properties": { "decimalLatitude": 22.441208, "decimalLongitude": 114.335558, "eventDate": "2023-10-29T10:00:00Z", "countryCode": "HK" }, "geometry": { "type": "Point", "coordinates": [ 114.335558, 22.441208 ] } },
{ "type": "Feature", "properties": { "decimalLatitude": 22.137108, "decimalLongitude": 107.071236, "eventDate": "2023-10-26T11:56:00Z", "countryCode": "CN" }, "geometry": { "type": "Point", "coordinates": [ 107.071236, 22.137108 ] } },
{ "type": "Feature", "properties": { "decimalLatitude": 1.360202, "decimalLongitude": 103.777129, "eventDate": "2023-10-27T07:52:00Z", "countryCode": "SG" }, "geometry": { "type": "Point", "coordinates": [ 103.777129, 1.360202 ] } },
{ "type": "Feature", "properties": { "decimalLatitude": 22.112587, "decimalLongitude": 113.554953, "eventDate": "2023-10-24T10:44:49Z", "countryCode": "MO" }, "geometry": { "type": "Point", "coordinates": [ 113.554953, 22.112587 ] } },
{ "type": "Feature", "properties": { "decimalLatitude": 22.467136, "decimalLongitude": 114.179491, "eventDate": "2023-10-15T07:18:24Z", "countryCode": "HK" }, "geometry": { "type": "Point", "coordinates": [ 114.179491, 22.467136 ] } },
{ "type": "Feature", "properties": { "decimalLatitude": 21.146806, "decimalLongitude": 104.947684, "eventDate": "2023-10-25T00:00:00Z", "countryCode": "VN" }, "geometry": { "type": "Point", "coordinates": [ 104.947684, 21.146806 ] } },
{ "type": "Feature", "properties": { "decimalLatitude": 20.644062, "decimalLongitude": 104.977726, "eventDate": "2023-10-31T00:00:00Z", "countryCode": "VN" }, "geometry": { "type": "Point", "coordinates": [ 104.977726, 20.644062 ] } },
{ "type": "Feature", "properties": { "decimalLatitude": 20.644006, "decimalLongitude": 104.977755, "eventDate": "2023-10-31T00:00:00Z", "countryCode": "VN" }, "geometry": { "type": "Point", "coordinates": [ 104.977755, 20.644006 ] } },
{ "type": "Feature", "properties": { "decimalLatitude": 21.146873, "decimalLongitude": 104.947644, "eventDate": "2023-10-25T00:00:00Z", "countryCode": "VN" }, "geometry": { "type": "Point", "coordinates": [ 104.947644, 21.146873 ] } },
{ "type": "Feature", "properties": { "decimalLatitude": 18.779866, "decimalLongitude": 98.853252, "eventDate": "2023-10-19T12:41:16Z", "countryCode": "TH" }, "geometry": { "type": "Point", "coordinates": [ 98.853252, 18.779866 ] } },
{ "type": "Feature", "properties": { "decimalLatitude": 10.192702, "decimalLongitude": 118.904738, "eventDate": "2023-10-21T12:19:00Z", "countryCode": "PH" }, "geometry": { "type": "Point", "coordinates": [ 118.904738, 10.192702 ] } },
{ "type": "Feature", "properties": { "decimalLatitude": 8.450828, "decimalLongitude": 98.448363, "eventDate": "2023-10-24T15:20:56Z", "countryCode": "TH" }, "geometry": { "type": "Point", "coordinates": [ 98.448363, 8.450828 ] } },
{ "type": "Feature", "properties": { "decimalLatitude": 8.910972, "decimalLongitude": 98.505867, "eventDate": "2023-10-23T11:55:47Z", "countryCode": "TH" }, "geometry": { "type": "Point", "coordinates": [ 98.505867, 8.910972 ] } },
{ "type": "Feature", "properties": { "decimalLatitude": 20.246013, "decimalLongitude": 105.716462, "eventDate": "2023-10-01T15:25:28Z", "countryCode": "VN" }, "geometry": { "type": "Point", "coordinates": [ 105.716462, 20.246013 ] } },
{ "type": "Feature", "properties": { "decimalLatitude": 22.595301, "decimalLongitude": 114.324252, "eventDate": "2023-11-01T00:00:00Z", "countryCode": "HK" }, "geometry": { "type": "Point", "coordinates": [ 114.324252, 22.595301 ] } },
{ "type": "Feature", "properties": { "decimalLatitude": 5.441191, "decimalLongitude": 100.289498, "eventDate": "2023-11-03T00:00:00Z", "countryCode": "MY" }, "geometry": { "type": "Point", "coordinates": [ 100.289498, 5.441191 ] } },
{ "type": "Feature", "properties": { "decimalLatitude": 22.219518, "decimalLongitude": 113.999133, "eventDate": "2023-11-05T12:36:00Z", "countryCode": "HK" }, "geometry": { "type": "Point", "coordinates": [ 113.999133, 22.219518 ] } },
{ "type": "Feature", "properties": { "decimalLatitude": 1.240469, "decimalLongitude": 103.780927, "eventDate": "2023-11-04T12:15:00Z", "countryCode": "SG" }, "geometry": { "type": "Point", "coordinates": [ 103.780927, 1.240469 ] } },
{ "type": "Feature", "properties": { "decimalLatitude": 7.49597, "decimalLongitude": 99.075836, "eventDate": "2023-11-04T11:54:09Z", "countryCode": "TH" }, "geometry": { "type": "Point", "coordinates": [ 99.075836, 7.49597 ] } },
{ "type": "Feature", "properties": { "decimalLatitude": 22.274004, "decimalLongitude": 114.120791, "eventDate": "2023-11-04T09:03:00Z", "countryCode": "HK" }, "geometry": { "type": "Point", "coordinates": [ 114.120791, 22.274004 ] } },
{ "type": "Feature", "properties": { "decimalLatitude": 22.417826, "decimalLongitude": 114.204837, "eventDate": "2023-11-04T09:25:00Z", "countryCode": "HK" }, "geometry": { "type": "Point", "coordinates": [ 114.204837, 22.417826 ] } },
{ "type": "Feature", "properties": { "decimalLatitude": 22.430112, "decimalLongitude": 114.180485, "eventDate": "2023-11-04T15:01:18Z", "countryCode": "HK" }, "geometry": { "type": "Point", "coordinates": [ 114.180485, 22.430112 ] } },
{ "type": "Feature", "properties": { "decimalLatitude": 22.409356, "decimalLongitude": 113.962319, "eventDate": "2023-11-04T08:57:00Z", "countryCode": "HK" }, "geometry": { "type": "Point", "coordinates": [ 113.962319, 22.409356 ] } },
{ "type": "Feature", "properties": { "decimalLatitude": 22.510524, "decimalLongitude": 114.3217, "eventDate": "2023-11-06T00:00:00Z", "countryCode": "HK" }, "geometry": { "type": "Point", "coordinates": [ 114.3217, 22.510524 ] } },
{ "type": "Feature", "properties": { "decimalLatitude": 22.118617, "decimalLongitude": 113.558026, "eventDate": "2023-11-05T15:30:00Z", "countryCode": "MO" }, "geometry": { "type": "Point", "coordinates": [ 113.558026, 22.118617 ] } },
{ "type": "Feature", "properties": { "decimalLatitude": 22.25507, "decimalLongitude": 114.15342, "eventDate": "2023-11-14T11:13:53Z", "countryCode": "HK" }, "geometry": { "type": "Point", "coordinates": [ 114.15342, 22.25507 ] } },
{ "type": "Feature", "properties": { "decimalLatitude": 22.531523, "decimalLongitude": 114.229346, "eventDate": "2023-11-13T15:12:49Z", "countryCode": "HK" }, "geometry": { "type": "Point", "coordinates": [ 114.229346, 22.531523 ] } },
{ "type": "Feature", "properties": { "decimalLatitude": 5.278574, "decimalLongitude": 100.187071, "eventDate": "2023-11-10T00:00:00Z", "countryCode": "MY" }, "geometry": { "type": "Point", "coordinates": [ 100.187071, 5.278574 ] } },
{ "type": "Feature", "properties": { "decimalLatitude": 5.267717, "decimalLongitude": 100.184533, "eventDate": "2023-11-10T00:00:00Z", "countryCode": "MY" }, "geometry": { "type": "Point", "coordinates": [ 100.184533, 5.267717 ] } },
{ "type": "Feature", "properties": { "decimalLatitude": 22.624378, "decimalLongitude": 113.970092, "eventDate": "2023-11-10T13:30:50Z", "countryCode": "CN" }, "geometry": { "type": "Point", "coordinates": [ 113.970092, 22.624378 ] } },
{ "type": "Feature", "properties": { "decimalLatitude": 5.268941, "decimalLongitude": 100.183461, "eventDate": "2023-11-10T00:00:00Z", "countryCode": "MY" }, "geometry": { "type": "Point", "coordinates": [ 100.183461, 5.268941 ] } },
{ "type": "Feature", "properties": { "decimalLatitude": 1.364209, "decimalLongitude": 103.77196, "eventDate": "2023-11-10T11:00:43Z", "countryCode": "SG" }, "geometry": { "type": "Point", "coordinates": [ 103.77196, 1.364209 ] } },
{ "type": "Feature", "properties": { "decimalLatitude": 4.952713, "decimalLongitude": 114.855801, "eventDate": "2023-11-20T15:45:00Z", "countryCode": "BN" }, "geometry": { "type": "Point", "coordinates": [ 114.855801, 4.952713 ] } },
{ "type": "Feature", "properties": { "decimalLatitude": 22.404668, "decimalLongitude": 113.958526, "eventDate": "2023-11-17T10:54:00Z", "countryCode": "HK" }, "geometry": { "type": "Point", "coordinates": [ 113.958526, 22.404668 ] } },
{ "type": "Feature", "properties": { "decimalLatitude": 22.448409, "decimalLongitude": 114.126403, "eventDate": "2023-11-19T00:00:00Z", "countryCode": "HK" }, "geometry": { "type": "Point", "coordinates": [ 114.126403, 22.448409 ] } },
{ "type": "Feature", "properties": { "decimalLatitude": 1.415026, "decimalLongitude": 103.788431, "eventDate": "2023-11-04T12:26:00Z", "countryCode": "SG" }, "geometry": { "type": "Point", "coordinates": [ 103.788431, 1.415026 ] } },
{ "type": "Feature", "properties": { "decimalLatitude": 22.585521, "decimalLongitude": 114.347897, "eventDate": "2023-11-21T00:00:00Z", "countryCode": "HK" }, "geometry": { "type": "Point", "coordinates": [ 114.347897, 22.585521 ] } },
{ "type": "Feature", "properties": { "decimalLatitude": 1.343725, "decimalLongitude": 103.825046, "eventDate": "2023-11-21T10:40:00Z", "countryCode": "SG" }, "geometry": { "type": "Point", "coordinates": [ 103.825046, 1.343725 ] } },
{ "type": "Feature", "properties": { "decimalLatitude": 22.480288, "decimalLongitude": 114.085599, "eventDate": "2023-11-24T00:00:00Z", "countryCode": "HK" }, "geometry": { "type": "Point", "coordinates": [ 114.085599, 22.480288 ] } },
{ "type": "Feature", "properties": { "decimalLatitude": 22.398703, "decimalLongitude": 114.30262, "eventDate": "2023-11-24T14:14:11Z", "countryCode": "HK" }, "geometry": { "type": "Point", "coordinates": [ 114.30262, 22.398703 ] } },
{ "type": "Feature", "properties": { "decimalLatitude": 22.404668, "decimalLongitude": 113.958526, "eventDate": "2023-11-25T10:57:00Z", "countryCode": "HK" }, "geometry": { "type": "Point", "coordinates": [ 113.958526, 22.404668 ] } },
{ "type": "Feature", "properties": { "decimalLatitude": 5.393627, "decimalLongitude": 100.257584, "eventDate": "2023-11-29T00:00:00Z", "countryCode": "MY" }, "geometry": { "type": "Point", "coordinates": [ 100.257584, 5.393627 ] } },
{ "type": "Feature", "properties": { "decimalLatitude": 21.420729, "decimalLongitude": 105.624536, "eventDate": "2023-11-19T14:53:00Z", "countryCode": "VN" }, "geometry": { "type": "Point", "coordinates": [ 105.624536, 21.420729 ] } },
{ "type": "Feature", "properties": { "decimalLatitude": 1.377414, "decimalLongitude": 103.77195, "eventDate": "2023-11-18T10:33:00Z", "countryCode": "SG" }, "geometry": { "type": "Point", "coordinates": [ 103.77195, 1.377414 ] } },
{ "type": "Feature", "properties": { "decimalLatitude": 18.958098, "decimalLongitude": 102.46255, "eventDate": "2023-11-30T13:15:13Z", "countryCode": "LA" }, "geometry": { "type": "Point", "coordinates": [ 102.46255, 18.958098 ] } },
{ "type": "Feature", "properties": { "decimalLatitude": 1.338975, "decimalLongitude": 103.816497, "eventDate": "2023-11-30T14:06:23Z", "countryCode": "SG" }, "geometry": { "type": "Point", "coordinates": [ 103.816497, 1.338975 ] } },
{ "type": "Feature", "properties": { "decimalLatitude": 18.745232, "decimalLongitude": 98.908284, "eventDate": "2023-11-21T00:00:00Z", "countryCode": "TH" }, "geometry": { "type": "Point", "coordinates": [ 98.908284, 18.745232 ] } },
{ "type": "Feature", "properties": { "decimalLatitude": 18.58962, "decimalLongitude": 98.48735, "eventDate": "2023-11-16T14:01:42Z", "countryCode": "TH" }, "geometry": { "type": "Point", "coordinates": [ 98.48735, 18.58962 ] } },
{ "type": "Feature", "properties": { "decimalLatitude": 19.194729, "decimalLongitude": 101.194007, "eventDate": "2023-11-27T15:04:00Z", "countryCode": "TH" }, "geometry": { "type": "Point", "coordinates": [ 101.194007, 19.194729 ] } },
{ "type": "Feature", "properties": { "decimalLatitude": 19.372317, "decimalLongitude": 97.868162, "eventDate": "2023-11-29T00:00:00Z", "countryCode": "TH" }, "geometry": { "type": "Point", "coordinates": [ 97.868162, 19.372317 ] } },
{ "type": "Feature", "properties": { "decimalLatitude": 19.253166, "decimalLongitude": 98.002075, "eventDate": "2023-11-28T00:00:00Z", "countryCode": "TH" }, "geometry": { "type": "Point", "coordinates": [ 98.002075, 19.253166 ] } },
{ "type": "Feature", "properties": { "decimalLatitude": 1.348786, "decimalLongitude": 103.832559, "eventDate": "2023-11-29T14:32:00Z", "countryCode": "SG" }, "geometry": { "type": "Point", "coordinates": [ 103.832559, 1.348786 ] } },
{ "type": "Feature", "properties": { "decimalLatitude": 18.328456, "decimalLongitude": 102.395317, "eventDate": "2023-11-26T11:32:00Z", "countryCode": "LA" }, "geometry": { "type": "Point", "coordinates": [ 102.395317, 18.328456 ] } },
{ "type": "Feature", "properties": { "decimalLatitude": 22.279869, "decimalLongitude": 114.135405, "eventDate": "2023-11-04T21:16:00Z", "countryCode": "HK" }, "geometry": { "type": "Point", "coordinates": [ 114.135405, 22.279869 ] } },
{ "type": "Feature", "properties": { "decimalLatitude": 19.410885, "decimalLongitude": 98.889028, "eventDate": "2023-11-17T10:19:00Z", "countryCode": "TH" }, "geometry": { "type": "Point", "coordinates": [ 98.889028, 19.410885 ] } },
{ "type": "Feature", "properties": { "decimalLatitude": 22.374347, "decimalLongitude": 114.265612, "eventDate": "2023-11-16T13:01:55Z", "countryCode": "HK" }, "geometry": { "type": "Point", "coordinates": [ 114.265612, 22.374347 ] } },
{ "type": "Feature", "properties": { "decimalLatitude": 18.887901, "decimalLongitude": 98.862228, "eventDate": "2023-11-23T00:00:00Z", "countryCode": "TH" }, "geometry": { "type": "Point", "coordinates": [ 98.862228, 18.887901 ] } },
{ "type": "Feature", "properties": { "decimalLatitude": 1.343952, "decimalLongitude": 103.781017, "eventDate": "2023-12-01T11:09:00Z", "countryCode": "SG" }, "geometry": { "type": "Point", "coordinates": [ 103.781017, 1.343952 ] } },
{ "type": "Feature", "properties": { "decimalLatitude": 22.413486, "decimalLongitude": 114.080706, "eventDate": "2023-12-03T14:09:00Z", "countryCode": "HK" }, "geometry": { "type": "Point", "coordinates": [ 114.080706, 22.413486 ] } },
{ "type": "Feature", "properties": { "decimalLatitude": 5.498738, "decimalLongitude": 100.772547, "eventDate": "2023-12-06T00:00:00Z", "countryCode": "MY" }, "geometry": { "type": "Point", "coordinates": [ 100.772547, 5.498738 ] } },
{ "type": "Feature", "properties": { "decimalLatitude": 1.399631, "decimalLongitude": 103.807967, "eventDate": "2023-12-07T16:32:00Z", "countryCode": "SG" }, "geometry": { "type": "Point", "coordinates": [ 103.807967, 1.399631 ] } },
{ "type": "Feature", "properties": { "decimalLatitude": 22.386688, "decimalLongitude": 114.101425, "eventDate": "2023-12-11T11:23:15Z", "countryCode": "HK" }, "geometry": { "type": "Point", "coordinates": [ 114.101425, 22.386688 ] } },
{ "type": "Feature", "properties": { "decimalLatitude": 1.399631, "decimalLongitude": 103.807967, "eventDate": "2023-12-04T13:33:00Z", "countryCode": "SG" }, "geometry": { "type": "Point", "coordinates": [ 103.807967, 1.399631 ] } },
{ "type": "Feature", "properties": { "decimalLatitude": 18.821438, "decimalLongitude": 98.974735, "eventDate": "2023-12-09T11:04:00Z", "countryCode": "TH" }, "geometry": { "type": "Point", "coordinates": [ 98.974735, 18.821438 ] } },
{ "type": "Feature", "properties": { "decimalLatitude": 18.821438, "decimalLongitude": 98.974735, "eventDate": "2023-12-09T11:00:00Z", "countryCode": "TH" }, "geometry": { "type": "Point", "coordinates": [ 98.974735, 18.821438 ] } },
{ "type": "Feature", "properties": { "decimalLatitude": 5.716629, "decimalLongitude": 100.813941, "eventDate": "2023-12-18T00:00:00Z", "countryCode": "MY" }, "geometry": { "type": "Point", "coordinates": [ 100.813941, 5.716629 ] } },
{ "type": "Feature", "properties": { "decimalLatitude": 5.435681, "decimalLongitude": 100.286697, "eventDate": "2023-12-22T00:00:00Z", "countryCode": "MY" }, "geometry": { "type": "Point", "coordinates": [ 100.286697, 5.435681 ] } },
{ "type": "Feature", "properties": { "decimalLatitude": 18.806417, "decimalLongitude": 98.937515, "eventDate": "2023-12-05T00:00:00Z", "countryCode": "TH" }, "geometry": { "type": "Point", "coordinates": [ 98.937515, 18.806417 ] } },
{ "type": "Feature", "properties": { "decimalLatitude": 5.436013, "decimalLongitude": 100.286879, "eventDate": "2023-12-22T00:00:00Z", "countryCode": "MY" }, "geometry": { "type": "Point", "coordinates": [ 100.286879, 5.436013 ] } },
{ "type": "Feature", "properties": { "decimalLatitude": 18.664333, "decimalLongitude": 98.621656, "eventDate": "2023-12-24T13:23:00Z", "countryCode": "TH" }, "geometry": { "type": "Point", "coordinates": [ 98.621656, 18.664333 ] } },
{ "type": "Feature", "properties": { "decimalLatitude": 5.398513, "decimalLongitude": 100.264277, "eventDate": "2023-12-23T00:00:00Z", "countryCode": "MY" }, "geometry": { "type": "Point", "coordinates": [ 100.264277, 5.398513 ] } },
{ "type": "Feature", "properties": { "decimalLatitude": 22.449943, "decimalLongitude": 114.318151, "eventDate": "2023-12-04T06:10:00Z", "countryCode": "HK" }, "geometry": { "type": "Point", "coordinates": [ 114.318151, 22.449943 ] } },
{ "type": "Feature", "properties": { "decimalLatitude": 18.664181, "decimalLongitude": 98.621695, "eventDate": "2023-12-24T13:21:00Z", "countryCode": "TH" }, "geometry": { "type": "Point", "coordinates": [ 98.621695, 18.664181 ] } },
{ "type": "Feature", "properties": { "decimalLatitude": 18.877423, "decimalLongitude": 98.937776, "eventDate": "2023-12-27T14:35:00Z", "countryCode": "TH" }, "geometry": { "type": "Point", "coordinates": [ 98.937776, 18.877423 ] } },
{ "type": "Feature", "properties": { "decimalLatitude": 19.854464, "decimalLongitude": 102.228416, "eventDate": "2023-12-27T11:33:17Z", "countryCode": "LA" }, "geometry": { "type": "Point", "coordinates": [ 102.228416, 19.854464 ] } },
{ "type": "Feature", "properties": { "decimalLatitude": 18.906237, "decimalLongitude": 98.897155, "eventDate": "2023-12-31T04:08:00Z", "countryCode": "TH" }, "geometry": { "type": "Point", "coordinates": [ 98.897155, 18.906237 ] } },
{ "type": "Feature", "properties": { "decimalLatitude": 18.906237, "decimalLongitude": 98.897155, "eventDate": "2023-12-31T04:03:00Z", "countryCode": "TH" }, "geometry": { "type": "Point", "coordinates": [ 98.897155, 18.906237 ] } },
{ "type": "Feature", "properties": { "decimalLatitude": 12.457378, "decimalLongitude": 107.168322, "eventDate": "2023-12-25T11:20:00Z", "countryCode": "KH" }, "geometry": { "type": "Point", "coordinates": [ 107.168322, 12.457378 ] } },
{ "type": "Feature", "properties": { "decimalLatitude": 22.504328, "decimalLongitude": 114.17222, "eventDate": "2023-12-02T11:07:00Z", "countryCode": "HK" }, "geometry": { "type": "Point", "coordinates": [ 114.17222, 22.504328 ] } },
{ "type": "Feature", "properties": { "decimalLatitude": 0.843336, "decimalLongitude": 104.704264, "eventDate": "2023-12-19T12:00:09Z", "countryCode": "ID" }, "geometry": { "type": "Point", "coordinates": [ 104.704264, 0.843336 ] } },
{ "type": "Feature", "properties": { "decimalLatitude": 22.126087, "decimalLongitude": 113.563922, "eventDate": "2023-12-12T00:00:00Z", "countryCode": "MO" }, "geometry": { "type": "Point", "coordinates": [ 113.563922, 22.126087 ] } },
{ "type": "Feature", "properties": { "decimalLatitude": 18.906375, "decimalLongitude": 98.895758, "eventDate": "2023-12-25T13:31:31Z", "countryCode": "TH" }, "geometry": { "type": "Point", "coordinates": [ 98.895758, 18.906375 ] } },
{ "type": "Feature", "properties": { "decimalLatitude": 5.441499, "decimalLongitude": 100.290191, "eventDate": "2024-01-08T00:00:00Z", "countryCode": "MY" }, "geometry": { "type": "Point", "coordinates": [ 100.290191, 5.441499 ] } },
{ "type": "Feature", "properties": { "decimalLatitude": 5.441427, "decimalLongitude": 100.28999, "eventDate": "2024-01-01T00:00:00Z", "countryCode": "MY" }, "geometry": { "type": "Point", "coordinates": [ 100.28999, 5.441427 ] } },
{ "type": "Feature", "properties": { "decimalLatitude": 1.344642, "decimalLongitude": 103.780597, "eventDate": "2024-01-06T10:47:44Z", "countryCode": "SG" }, "geometry": { "type": "Point", "coordinates": [ 103.780597, 1.344642 ] } },
{ "type": "Feature", "properties": { "decimalLatitude": 5.398099, "decimalLongitude": 100.263683, "eventDate": "2024-01-11T00:00:00Z", "countryCode": "MY" }, "geometry": { "type": "Point", "coordinates": [ 100.263683, 5.398099 ] } },
{ "type": "Feature", "properties": { "decimalLatitude": 5.398395, "decimalLongitude": 100.264221, "eventDate": "2024-01-11T00:00:00Z", "countryCode": "MY" }, "geometry": { "type": "Point", "coordinates": [ 100.264221, 5.398395 ] } },
{ "type": "Feature", "properties": { "decimalLatitude": 5.398441, "decimalLongitude": 100.263972, "eventDate": "2024-01-11T00:00:00Z", "countryCode": "MY" }, "geometry": { "type": "Point", "coordinates": [ 100.263972, 5.398441 ] } },
{ "type": "Feature", "properties": { "decimalLatitude": 5.398468, "decimalLongitude": 100.264138, "eventDate": "2024-01-11T00:00:00Z", "countryCode": "MY" }, "geometry": { "type": "Point", "coordinates": [ 100.264138, 5.398468 ] } },
{ "type": "Feature", "properties": { "decimalLatitude": 18.811208, "decimalLongitude": 98.942689, "eventDate": "2024-01-13T13:24:00Z", "countryCode": "TH" }, "geometry": { "type": "Point", "coordinates": [ 98.942689, 18.811208 ] } },
{ "type": "Feature", "properties": { "decimalLatitude": 5.398578, "decimalLongitude": 100.26421, "eventDate": "2024-01-11T00:00:00Z", "countryCode": "MY" }, "geometry": { "type": "Point", "coordinates": [ 100.26421, 5.398578 ] } },
{ "type": "Feature", "properties": { "decimalLatitude": 18.812667, "decimalLongitude": 98.940597, "eventDate": "2024-01-13T13:10:00Z", "countryCode": "TH" }, "geometry": { "type": "Point", "coordinates": [ 98.940597, 18.812667 ] } },
{ "type": "Feature", "properties": { "decimalLatitude": 5.398538, "decimalLongitude": 100.264283, "eventDate": "2024-01-11T00:00:00Z", "countryCode": "MY" }, "geometry": { "type": "Point", "coordinates": [ 100.264283, 5.398538 ] } },
{ "type": "Feature", "properties": { "decimalLatitude": 5.398462, "decimalLongitude": 100.264157, "eventDate": "2024-01-11T00:00:00Z", "countryCode": "MY" }, "geometry": { "type": "Point", "coordinates": [ 100.264157, 5.398462 ] } },
{ "type": "Feature", "properties": { "decimalLatitude": 5.39207, "decimalLongitude": 100.256938, "eventDate": "2024-01-11T00:00:00Z", "countryCode": "MY" }, "geometry": { "type": "Point", "coordinates": [ 100.256938, 5.39207 ] } },
{ "type": "Feature", "properties": { "decimalLatitude": 5.398397, "decimalLongitude": 100.263926, "eventDate": "2024-01-11T00:00:00Z", "countryCode": "MY" }, "geometry": { "type": "Point", "coordinates": [ 100.263926, 5.398397 ] } },
{ "type": "Feature", "properties": { "decimalLatitude": 5.398625, "decimalLongitude": 100.26449, "eventDate": "2024-01-11T00:00:00Z", "countryCode": "MY" }, "geometry": { "type": "Point", "coordinates": [ 100.26449, 5.398625 ] } },
{ "type": "Feature", "properties": { "decimalLatitude": 6.009446, "decimalLongitude": 116.007686, "eventDate": "2024-01-22T09:47:01Z", "countryCode": "MY" }, "geometry": { "type": "Point", "coordinates": [ 116.007686, 6.009446 ] } },
{ "type": "Feature", "properties": { "decimalLatitude": 16.615814, "decimalLongitude": 104.525542, "eventDate": "2024-01-16T10:39:53Z", "countryCode": "TH" }, "geometry": { "type": "Point", "coordinates": [ 104.525542, 16.615814 ] } },
{ "type": "Feature", "properties": { "decimalLatitude": 1.400049, "decimalLongitude": 103.807218, "eventDate": "2024-01-21T12:10:00Z", "countryCode": "SG" }, "geometry": { "type": "Point", "coordinates": [ 103.807218, 1.400049 ] } },
{ "type": "Feature", "properties": { "decimalLatitude": 5.268876, "decimalLongitude": 100.185776, "eventDate": "2024-01-26T00:00:00Z", "countryCode": "MY" }, "geometry": { "type": "Point", "coordinates": [ 100.185776, 5.268876 ] } },
{ "type": "Feature", "properties": { "decimalLatitude": 3.751844, "decimalLongitude": 102.566349, "eventDate": "2024-01-17T22:20:35Z", "countryCode": "MY" }, "geometry": { "type": "Point", "coordinates": [ 102.566349, 3.751844 ] } },
{ "type": "Feature", "properties": { "decimalLatitude": 22.238209, "decimalLongitude": 113.929613, "eventDate": "2024-01-07T10:47:00Z", "countryCode": "HK" }, "geometry": { "type": "Point", "coordinates": [ 113.929613, 22.238209 ] } },
{ "type": "Feature", "properties": { "decimalLatitude": 18.79893, "decimalLongitude": 98.934022, "eventDate": "2024-01-30T13:26:14Z", "countryCode": "TH" }, "geometry": { "type": "Point", "coordinates": [ 98.934022, 18.79893 ] } },
{ "type": "Feature", "properties": { "decimalLatitude": 1.400049, "decimalLongitude": 103.807218, "eventDate": "2024-01-21T12:10:00Z", "countryCode": "SG" }, "geometry": { "type": "Point", "coordinates": [ 103.807218, 1.400049 ] } },
{ "type": "Feature", "properties": { "decimalLatitude": 6.735009, "decimalLongitude": 100.309105, "eventDate": "2024-01-05T14:57:00Z", "countryCode": "TH" }, "geometry": { "type": "Point", "coordinates": [ 100.309105, 6.735009 ] } },
{ "type": "Feature", "properties": { "decimalLatitude": 1.399051, "decimalLongitude": 103.806446, "eventDate": "2024-01-21T11:38:00Z", "countryCode": "SG" }, "geometry": { "type": "Point", "coordinates": [ 103.806446, 1.399051 ] } },
{ "type": "Feature", "properties": { "decimalLatitude": 20.077602, "decimalLongitude": 99.098501, "eventDate": "2024-01-25T14:03:00Z", "countryCode": "TH" }, "geometry": { "type": "Point", "coordinates": [ 99.098501, 20.077602 ] } },
{ "type": "Feature", "properties": { "decimalLatitude": 5.434322, "decimalLongitude": 100.295008, "eventDate": "2024-01-17T00:00:00Z", "countryCode": "MY" }, "geometry": { "type": "Point", "coordinates": [ 100.295008, 5.434322 ] } },
{ "type": "Feature", "properties": { "decimalLatitude": 22.271448, "decimalLongitude": 113.948682, "eventDate": "2024-01-09T12:49:00Z", "countryCode": "HK" }, "geometry": { "type": "Point", "coordinates": [ 113.948682, 22.271448 ] } },
{ "type": "Feature", "properties": { "decimalLatitude": 5.269556, "decimalLongitude": 100.185465, "eventDate": "2024-01-26T00:00:00Z", "countryCode": "MY" }, "geometry": { "type": "Point", "coordinates": [ 100.185465, 5.269556 ] } },
{ "type": "Feature", "properties": { "decimalLatitude": 12.803635, "decimalLongitude": 99.441988, "eventDate": "2024-01-16T14:38:00Z", "countryCode": "TH" }, "geometry": { "type": "Point", "coordinates": [ 99.441988, 12.803635 ] } },
{ "type": "Feature", "properties": { "decimalLatitude": 5.421684, "decimalLongitude": 100.285808, "eventDate": "2024-01-16T13:42:00Z", "countryCode": "MY" }, "geometry": { "type": "Point", "coordinates": [ 100.285808, 5.421684 ] } },
{ "type": "Feature", "properties": { "decimalLatitude": 18.892793, "decimalLongitude": 98.859894, "eventDate": "2024-01-01T07:27:00Z", "countryCode": "TH" }, "geometry": { "type": "Point", "coordinates": [ 98.859894, 18.892793 ] } },
{ "type": "Feature", "properties": { "decimalLatitude": 5.412407, "decimalLongitude": 100.783894, "eventDate": "2024-01-30T00:00:00Z", "countryCode": "MY" }, "geometry": { "type": "Point", "coordinates": [ 100.783894, 5.412407 ] } },
{ "type": "Feature", "properties": { "decimalLatitude": 5.441376, "decimalLongitude": 100.290125, "eventDate": "2024-01-29T00:00:00Z", "countryCode": "MY" }, "geometry": { "type": "Point", "coordinates": [ 100.290125, 5.441376 ] } },
{ "type": "Feature", "properties": { "decimalLatitude": 5.441363, "decimalLongitude": 100.290071, "eventDate": "2024-01-29T00:00:00Z", "countryCode": "MY" }, "geometry": { "type": "Point", "coordinates": [ 100.290071, 5.441363 ] } },
{ "type": "Feature", "properties": { "decimalLatitude": 1.399853, "decimalLongitude": 103.806938, "eventDate": "2024-01-27T13:24:00Z", "countryCode": "SG" }, "geometry": { "type": "Point", "coordinates": [ 103.806938, 1.399853 ] } },
{ "type": "Feature", "properties": { "decimalLatitude": 2.804967, "decimalLongitude": 102.014715, "eventDate": "2024-02-10T13:23:13Z", "countryCode": "MY" }, "geometry": { "type": "Point", "coordinates": [ 102.014715, 2.804967 ] } },
{ "type": "Feature", "properties": { "decimalLatitude": 8.52628, "decimalLongitude": 99.782403, "eventDate": "2024-02-11T13:34:59Z", "countryCode": "TH" }, "geometry": { "type": "Point", "coordinates": [ 99.782403, 8.52628 ] } },
{ "type": "Feature", "properties": { "decimalLatitude": -2.614838, "decimalLongitude": 107.735637, "eventDate": "2024-02-19T11:13:00Z", "countryCode": "ID" }, "geometry": { "type": "Point", "coordinates": [ 107.735637, -2.614838 ] } },
{ "type": "Feature", "properties": { "decimalLatitude": 1.385125, "decimalLongitude": 103.820307, "eventDate": "2024-02-25T11:48:00Z", "countryCode": "SG" }, "geometry": { "type": "Point", "coordinates": [ 103.820307, 1.385125 ] } },
{ "type": "Feature", "properties": { "decimalLatitude": -2.615095, "decimalLongitude": 107.735122, "eventDate": "2024-02-19T11:13:00Z", "countryCode": "ID" }, "geometry": { "type": "Point", "coordinates": [ 107.735122, -2.615095 ] } },
{ "type": "Feature", "properties": { "decimalLatitude": 18.525036, "decimalLongitude": 98.650711, "eventDate": "2024-02-28T13:50:17Z", "countryCode": "TH" }, "geometry": { "type": "Point", "coordinates": [ 98.650711, 18.525036 ] } },
{ "type": "Feature", "properties": { "decimalLatitude": 18.552043, "decimalLongitude": 98.640101, "eventDate": "2024-02-02T05:03:00Z", "countryCode": "TH" }, "geometry": { "type": "Point", "coordinates": [ 98.640101, 18.552043 ] } },
{ "type": "Feature", "properties": { "decimalLatitude": 5.413571, "decimalLongitude": 100.780704, "eventDate": "2024-02-20T00:00:00Z", "countryCode": "MY" }, "geometry": { "type": "Point", "coordinates": [ 100.780704, 5.413571 ] } },
{ "type": "Feature", "properties": { "decimalLatitude": 18.551762, "decimalLongitude": 98.555422, "eventDate": "2024-02-28T04:07:00Z", "countryCode": "TH" }, "geometry": { "type": "Point", "coordinates": [ 98.555422, 18.551762 ] } },
{ "type": "Feature", "properties": { "decimalLatitude": 22.286799, "decimalLongitude": 113.948925, "eventDate": "2024-02-21T09:04:00Z", "countryCode": "HK" }, "geometry": { "type": "Point", "coordinates": [ 113.948925, 22.286799 ] } },
{ "type": "Feature", "properties": { "decimalLatitude": 18.439328, "decimalLongitude": 98.594361, "eventDate": "2024-02-17T10:45:00Z", "countryCode": "TH" }, "geometry": { "type": "Point", "coordinates": [ 98.594361, 18.439328 ] } },
{ "type": "Feature", "properties": { "decimalLatitude": 18.812255, "decimalLongitude": 98.941641, "eventDate": "2024-02-21T12:41:52Z", "countryCode": "TH" }, "geometry": { "type": "Point", "coordinates": [ 98.941641, 18.812255 ] } },
{ "type": "Feature", "properties": { "decimalLatitude": 18.812255, "decimalLongitude": 98.941641, "eventDate": "2024-02-07T13:40:46Z", "countryCode": "TH" }, "geometry": { "type": "Point", "coordinates": [ 98.941641, 18.812255 ] } },
{ "type": "Feature", "properties": { "decimalLatitude": 18.788334, "decimalLongitude": 98.985301, "eventDate": "2024-03-05T13:33:24Z", "countryCode": "TH" }, "geometry": { "type": "Point", "coordinates": [ 98.985301, 18.788334 ] } },
{ "type": "Feature", "properties": { "decimalLatitude": 4.866294, "decimalLongitude": 100.772924, "eventDate": "2024-03-11T00:00:00Z", "countryCode": "MY" }, "geometry": { "type": "Point", "coordinates": [ 100.772924, 4.866294 ] } },
{ "type": "Feature", "properties": { "decimalLatitude": 1.358889, "decimalLongitude": 103.777739, "eventDate": "2024-03-18T12:04:00Z", "countryCode": "SG" }, "geometry": { "type": "Point", "coordinates": [ 103.777739, 1.358889 ] } },
{ "type": "Feature", "properties": { "decimalLatitude": 5.440552, "decimalLongitude": 100.290063, "eventDate": "2024-03-06T00:00:00Z", "countryCode": "MY" }, "geometry": { "type": "Point", "coordinates": [ 100.290063, 5.440552 ] } },
{ "type": "Feature", "properties": { "decimalLatitude": 5.434606, "decimalLongitude": 100.292531, "eventDate": "2024-03-08T18:07:35Z", "countryCode": "MY" }, "geometry": { "type": "Point", "coordinates": [ 100.292531, 5.434606 ] } },
{ "type": "Feature", "properties": { "decimalLatitude": 22.468224, "decimalLongitude": 114.179383, "eventDate": "2024-03-19T15:00:00Z", "countryCode": "HK" }, "geometry": { "type": "Point", "coordinates": [ 114.179383, 22.468224 ] } },
{ "type": "Feature", "properties": { "decimalLatitude": 22.518881, "decimalLongitude": 114.256296, "eventDate": "2024-03-21T08:57:27Z", "countryCode": "HK" }, "geometry": { "type": "Point", "coordinates": [ 114.256296, 22.518881 ] } },
{ "type": "Feature", "properties": { "decimalLatitude": 22.385017, "decimalLongitude": 114.143736, "eventDate": "2024-03-24T13:04:00Z", "countryCode": "HK" }, "geometry": { "type": "Point", "coordinates": [ 114.143736, 22.385017 ] } },
{ "type": "Feature", "properties": { "decimalLatitude": 22.569191, "decimalLongitude": 114.054092, "eventDate": "2024-03-26T14:30:00Z", "countryCode": "HK" }, "geometry": { "type": "Point", "coordinates": [ 114.054092, 22.569191 ] } },
{ "type": "Feature", "properties": { "decimalLatitude": 22.494562, "decimalLongitude": 114.388632, "eventDate": "2024-03-24T11:00:00Z", "countryCode": "HK" }, "geometry": { "type": "Point", "coordinates": [ 114.388632, 22.494562 ] } },
{ "type": "Feature", "properties": { "decimalLatitude": 22.126389, "decimalLongitude": 113.572778, "eventDate": "2024-03-25T13:19:00Z", "countryCode": "MO" }, "geometry": { "type": "Point", "coordinates": [ 113.572778, 22.126389 ] } },
{ "type": "Feature", "properties": { "decimalLatitude": 22.498674, "decimalLongitude": 114.178094, "eventDate": "2024-03-26T09:08:32Z", "countryCode": "HK" }, "geometry": { "type": "Point", "coordinates": [ 114.178094, 22.498674 ] } },
{ "type": "Feature", "properties": { "decimalLatitude": 18.525145, "decimalLongitude": 98.652383, "eventDate": "2024-03-25T08:49:00Z", "countryCode": "TH" }, "geometry": { "type": "Point", "coordinates": [ 98.652383, 18.525145 ] } },
{ "type": "Feature", "properties": { "decimalLatitude": 22.3096, "decimalLongitude": 114.25356, "eventDate": "2024-03-25T13:05:26Z", "countryCode": "HK" }, "geometry": { "type": "Point", "coordinates": [ 114.25356, 22.3096 ] } },
{ "type": "Feature", "properties": { "decimalLatitude": 22.40932, "decimalLongitude": 113.962442, "eventDate": "2024-03-26T08:43:00Z", "countryCode": "HK" }, "geometry": { "type": "Point", "coordinates": [ 113.962442, 22.40932 ] } },
{ "type": "Feature", "properties": { "decimalLatitude": 22.387489, "decimalLongitude": 114.145306, "eventDate": "2024-03-24T14:00:00Z", "countryCode": "HK" }, "geometry": { "type": "Point", "coordinates": [ 114.145306, 22.387489 ] } },
{ "type": "Feature", "properties": { "decimalLatitude": 22.458503, "decimalLongitude": 114.325743, "eventDate": "2024-03-28T14:03:53Z", "countryCode": "HK" }, "geometry": { "type": "Point", "coordinates": [ 114.325743, 22.458503 ] } },
{ "type": "Feature", "properties": { "decimalLatitude": 22.425821, "decimalLongitude": 114.097364, "eventDate": "2024-03-31T15:22:43Z", "countryCode": "HK" }, "geometry": { "type": "Point", "coordinates": [ 114.097364, 22.425821 ] } },
{ "type": "Feature", "properties": { "decimalLatitude": 12.804887, "decimalLongitude": 99.43696, "eventDate": "2024-03-31T11:11:56Z", "countryCode": "TH" }, "geometry": { "type": "Point", "coordinates": [ 99.43696, 12.804887 ] } },
{ "type": "Feature", "properties": { "decimalLatitude": 22.513295, "decimalLongitude": 114.207428, "eventDate": "2024-03-31T15:03:56Z", "countryCode": "HK" }, "geometry": { "type": "Point", "coordinates": [ 114.207428, 22.513295 ] } },
{ "type": "Feature", "properties": { "decimalLatitude": 22.527635, "decimalLongitude": 114.261495, "eventDate": "2024-03-30T16:47:30Z", "countryCode": "HK" }, "geometry": { "type": "Point", "coordinates": [ 114.261495, 22.527635 ] } },
{ "type": "Feature", "properties": { "decimalLatitude": 22.281836, "decimalLongitude": 114.019869, "eventDate": "2024-03-29T13:02:48Z", "countryCode": "HK" }, "geometry": { "type": "Point", "coordinates": [ 114.019869, 22.281836 ] } },
{ "type": "Feature", "properties": { "decimalLatitude": 22.294801, "decimalLongitude": 114.022575, "eventDate": "2024-03-30T13:10:32Z", "countryCode": "HK" }, "geometry": { "type": "Point", "coordinates": [ 114.022575, 22.294801 ] } },
{ "type": "Feature", "properties": { "decimalLatitude": 22.331663, "decimalLongitude": 114.246522, "eventDate": "2024-03-28T15:16:00Z", "countryCode": "HK" }, "geometry": { "type": "Point", "coordinates": [ 114.246522, 22.331663 ] } },
{ "type": "Feature", "properties": { "decimalLatitude": 22.271712, "decimalLongitude": 113.888343, "eventDate": "2024-03-29T13:45:00Z", "countryCode": "HK" }, "geometry": { "type": "Point", "coordinates": [ 113.888343, 22.271712 ] } },
{ "type": "Feature", "properties": { "decimalLatitude": 22.404668, "decimalLongitude": 113.958526, "eventDate": "2024-03-31T10:17:00Z", "countryCode": "HK" }, "geometry": { "type": "Point", "coordinates": [ 113.958526, 22.404668 ] } },
{ "type": "Feature", "properties": { "decimalLatitude": 1.356541, "decimalLongitude": 103.804384, "eventDate": "2024-03-19T09:08:00Z", "countryCode": "SG" }, "geometry": { "type": "Point", "coordinates": [ 103.804384, 1.356541 ] } },
{ "type": "Feature", "properties": { "decimalLatitude": 22.578177, "decimalLongitude": 114.125251, "eventDate": "2024-03-30T13:16:00Z", "countryCode": "HK" }, "geometry": { "type": "Point", "coordinates": [ 114.125251, 22.578177 ] } },
{ "type": "Feature", "properties": { "decimalLatitude": 22.28318, "decimalLongitude": 113.898724, "eventDate": "2024-03-29T14:38:00Z", "countryCode": "HK" }, "geometry": { "type": "Point", "coordinates": [ 113.898724, 22.28318 ] } },
{ "type": "Feature", "properties": { "decimalLatitude": 22.271712, "decimalLongitude": 113.888343, "eventDate": "2024-03-29T13:44:00Z", "countryCode": "HK" }, "geometry": { "type": "Point", "coordinates": [ 113.888343, 22.271712 ] } },
{ "type": "Feature", "properties": { "decimalLatitude": 1.347598, "decimalLongitude": 103.784623, "eventDate": "2024-03-31T13:45:00Z", "countryCode": "SG" }, "geometry": { "type": "Point", "coordinates": [ 103.784623, 1.347598 ] } },
{ "type": "Feature", "properties": { "decimalLatitude": 22.452795, "decimalLongitude": 114.298988, "eventDate": "2024-03-30T10:15:04Z", "countryCode": "HK" }, "geometry": { "type": "Point", "coordinates": [ 114.298988, 22.452795 ] } },
{ "type": "Feature", "properties": { "decimalLatitude": 22.538403, "decimalLongitude": 114.297, "eventDate": "2024-03-30T14:32:13Z", "countryCode": "HK" }, "geometry": { "type": "Point", "coordinates": [ 114.297, 22.538403 ] } },
{ "type": "Feature", "properties": { "decimalLatitude": 22.450978, "decimalLongitude": 114.301895, "eventDate": "2024-03-30T10:15:12Z", "countryCode": "HK" }, "geometry": { "type": "Point", "coordinates": [ 114.301895, 22.450978 ] } },
{ "type": "Feature", "properties": { "decimalLatitude": 22.428592, "decimalLongitude": 114.250067, "eventDate": "2024-03-30T15:07:00Z", "countryCode": "HK" }, "geometry": { "type": "Point", "coordinates": [ 114.250067, 22.428592 ] } },
{ "type": "Feature", "properties": { "decimalLatitude": 22.420214, "decimalLongitude": 114.104611, "eventDate": "2024-03-31T13:43:39Z", "countryCode": "HK" }, "geometry": { "type": "Point", "coordinates": [ 114.104611, 22.420214 ] } },
{ "type": "Feature", "properties": { "decimalLatitude": 6.010516, "decimalLongitude": 116.541043, "eventDate": "2024-03-30T14:28:24Z", "countryCode": "MY" }, "geometry": { "type": "Point", "coordinates": [ 116.541043, 6.010516 ] } },
{ "type": "Feature", "properties": { "decimalLatitude": 22.119192, "decimalLongitude": 113.561737, "eventDate": "2024-03-31T13:31:14Z", "countryCode": "MO" }, "geometry": { "type": "Point", "coordinates": [ 113.561737, 22.119192 ] } },
{ "type": "Feature", "properties": { "decimalLatitude": 22.39584, "decimalLongitude": 114.048988, "eventDate": "2024-03-09T17:38:00Z", "countryCode": "HK" }, "geometry": { "type": "Point", "coordinates": [ 114.048988, 22.39584 ] } },
{ "type": "Feature", "properties": { "decimalLatitude": 3.550348, "decimalLongitude": 98.001101, "eventDate": "2024-03-04T10:50:00Z", "countryCode": "ID" }, "geometry": { "type": "Point", "coordinates": [ 98.001101, 3.550348 ] } },
{ "type": "Feature", "properties": { "decimalLatitude": 19.086267, "decimalLongitude": 109.122191, "eventDate": "2024-03-28T11:32:00Z", "countryCode": "CN" }, "geometry": { "type": "Point", "coordinates": [ 109.122191, 19.086267 ] } },
{ "type": "Feature", "properties": { "decimalLatitude": 1.386198, "decimalLongitude": 103.798851, "eventDate": "2024-03-23T09:14:00Z", "countryCode": "SG" }, "geometry": { "type": "Point", "coordinates": [ 103.798851, 1.386198 ] } },
{ "type": "Feature", "properties": { "decimalLatitude": 22.312886, "decimalLongitude": 114.042102, "eventDate": "2024-03-23T15:24:00Z", "countryCode": "HK" }, "geometry": { "type": "Point", "coordinates": [ 114.042102, 22.312886 ] } },
{ "type": "Feature", "properties": { "decimalLatitude": 18.542676, "decimalLongitude": 98.580078, "eventDate": "2024-03-11T10:26:00Z", "countryCode": "TH" }, "geometry": { "type": "Point", "coordinates": [ 98.580078, 18.542676 ] } },
{ "type": "Feature", "properties": { "decimalLatitude": 19.149667, "decimalLongitude": 98.913497, "eventDate": "2024-03-05T15:41:00Z", "countryCode": "TH" }, "geometry": { "type": "Point", "coordinates": [ 98.913497, 19.149667 ] } },
{ "type": "Feature", "properties": { "decimalLatitude": 1.355782, "decimalLongitude": 103.776047, "eventDate": "2024-03-31T12:29:00Z", "countryCode": "SG" }, "geometry": { "type": "Point", "coordinates": [ 103.776047, 1.355782 ] } },
{ "type": "Feature", "properties": { "decimalLatitude": 12.979227, "decimalLongitude": 99.384957, "eventDate": "2024-03-26T17:54:00Z", "countryCode": "TH" }, "geometry": { "type": "Point", "coordinates": [ 99.384957, 12.979227 ] } },
{ "type": "Feature", "properties": { "decimalLatitude": 3.058216, "decimalLongitude": 101.872619, "eventDate": "2024-03-29T10:42:00Z", "countryCode": "MY" }, "geometry": { "type": "Point", "coordinates": [ 101.872619, 3.058216 ] } },
{ "type": "Feature", "properties": { "decimalLatitude": 19.448285, "decimalLongitude": 98.975332, "eventDate": "2024-03-20T16:21:00Z", "countryCode": "TH" }, "geometry": { "type": "Point", "coordinates": [ 98.975332, 19.448285 ] } },
{ "type": "Feature", "properties": { "decimalLatitude": 22.503289, "decimalLongitude": 114.246803, "eventDate": "2024-03-26T15:08:00Z", "countryCode": "HK" }, "geometry": { "type": "Point", "coordinates": [ 114.246803, 22.503289 ] } },
{ "type": "Feature", "properties": { "decimalLatitude": 5.389845, "decimalLongitude": 100.257957, "eventDate": "2024-03-27T00:00:00Z", "countryCode": "MY" }, "geometry": { "type": "Point", "coordinates": [ 100.257957, 5.389845 ] } },
{ "type": "Feature", "properties": { "decimalLatitude": 5.389728, "decimalLongitude": 100.258033, "eventDate": "2024-03-27T00:00:00Z", "countryCode": "MY" }, "geometry": { "type": "Point", "coordinates": [ 100.258033, 5.389728 ] } },
{ "type": "Feature", "properties": { "decimalLatitude": 5.389814, "decimalLongitude": 100.257797, "eventDate": "2024-03-27T00:00:00Z", "countryCode": "MY" }, "geometry": { "type": "Point", "coordinates": [ 100.257797, 5.389814 ] } },
{ "type": "Feature", "properties": { "decimalLatitude": 5.389788, "decimalLongitude": 100.257841, "eventDate": "2024-03-27T00:00:00Z", "countryCode": "MY" }, "geometry": { "type": "Point", "coordinates": [ 100.257841, 5.389788 ] } },
{ "type": "Feature", "properties": { "decimalLatitude": 5.38979, "decimalLongitude": 100.257913, "eventDate": "2024-03-27T00:00:00Z", "countryCode": "MY" }, "geometry": { "type": "Point", "coordinates": [ 100.257913, 5.38979 ] } },
{ "type": "Feature", "properties": { "decimalLatitude": 5.389938, "decimalLongitude": 100.257787, "eventDate": "2024-03-27T00:00:00Z", "countryCode": "MY" }, "geometry": { "type": "Point", "coordinates": [ 100.257787, 5.389938 ] } },
{ "type": "Feature", "properties": { "decimalLatitude": 5.410376, "decimalLongitude": 100.788853, "eventDate": "2024-03-16T00:00:00Z", "countryCode": "MY" }, "geometry": { "type": "Point", "coordinates": [ 100.788853, 5.410376 ] } },
{ "type": "Feature", "properties": { "decimalLatitude": 21.912952, "decimalLongitude": 101.270097, "eventDate": "2024-03-28T12:24:00Z", "countryCode": "CN" }, "geometry": { "type": "Point", "coordinates": [ 101.270097, 21.912952 ] } },
{ "type": "Feature", "properties": { "decimalLatitude": 22.03024, "decimalLongitude": 100.88888, "eventDate": "2024-03-31T10:29:00Z", "countryCode": "CN" }, "geometry": { "type": "Point", "coordinates": [ 100.88888, 22.03024 ] } },
{ "type": "Feature", "properties": { "decimalLatitude": 21.912952, "decimalLongitude": 101.270097, "eventDate": "2024-03-28T11:50:00Z", "countryCode": "CN" }, "geometry": { "type": "Point", "coordinates": [ 101.270097, 21.912952 ] } },
{ "type": "Feature", "properties": { "decimalLatitude": 19.187812, "decimalLongitude": 101.19407, "eventDate": "2024-03-17T14:03:00Z", "countryCode": "TH" }, "geometry": { "type": "Point", "coordinates": [ 101.19407, 19.187812 ] } },
{ "type": "Feature", "properties": { "decimalLatitude": 19.180997, "decimalLongitude": 101.181198, "eventDate": "2024-03-21T09:58:00Z", "countryCode": "TH" }, "geometry": { "type": "Point", "coordinates": [ 101.181198, 19.180997 ] } },
{ "type": "Feature", "properties": { "decimalLatitude": 22.301263, "decimalLongitude": 113.946149, "eventDate": "2024-04-03T15:00:00Z", "countryCode": "HK" }, "geometry": { "type": "Point", "coordinates": [ 113.946149, 22.301263 ] } },
{ "type": "Feature", "properties": { "decimalLatitude": 22.469332, "decimalLongitude": 114.233644, "eventDate": "2024-04-02T14:47:00Z", "countryCode": "HK" }, "geometry": { "type": "Point", "coordinates": [ 114.233644, 22.469332 ] } },
{ "type": "Feature", "properties": { "decimalLatitude": 22.431148, "decimalLongitude": 114.130911, "eventDate": "2024-04-02T23:13:00Z", "countryCode": "HK" }, "geometry": { "type": "Point", "coordinates": [ 114.130911, 22.431148 ] } },
{ "type": "Feature", "properties": { "decimalLatitude": 22.448912, "decimalLongitude": 114.31479, "eventDate": "2024-04-02T14:00:00Z", "countryCode": "HK" }, "geometry": { "type": "Point", "coordinates": [ 114.31479, 22.448912 ] } },
{ "type": "Feature", "properties": { "decimalLatitude": 22.524033, "decimalLongitude": 114.25927, "eventDate": "2024-04-01T15:25:25Z", "countryCode": "HK" }, "geometry": { "type": "Point", "coordinates": [ 114.25927, 22.524033 ] } },
{ "type": "Feature", "properties": { "decimalLatitude": 22.417764, "decimalLongitude": 114.20423, "eventDate": "2024-04-04T08:59:00Z", "countryCode": "HK" }, "geometry": { "type": "Point", "coordinates": [ 114.20423, 22.417764 ] } },
{ "type": "Feature", "properties": { "decimalLatitude": 22.552579, "decimalLongitude": 114.316837, "eventDate": "2024-04-01T15:00:00Z", "countryCode": "HK" }, "geometry": { "type": "Point", "coordinates": [ 114.316837, 22.552579 ] } },
{ "type": "Feature", "properties": { "decimalLatitude": 22.273064, "decimalLongitude": 114.198778, "eventDate": "2024-04-03T12:46:00Z", "countryCode": "HK" }, "geometry": { "type": "Point", "coordinates": [ 114.198778, 22.273064 ] } },
{ "type": "Feature", "properties": { "decimalLatitude": 22.227903, "decimalLongitude": 113.901246, "eventDate": "2024-04-03T14:00:00Z", "countryCode": "HK" }, "geometry": { "type": "Point", "coordinates": [ 113.901246, 22.227903 ] } },
{ "type": "Feature", "properties": { "decimalLatitude": 22.496844, "decimalLongitude": 114.169278, "eventDate": "2024-04-02T09:26:00Z", "countryCode": "HK" }, "geometry": { "type": "Point", "coordinates": [ 114.169278, 22.496844 ] } },
{ "type": "Feature", "properties": { "decimalLatitude": 22.476967, "decimalLongitude": 114.219368, "eventDate": "2024-04-02T12:26:00Z", "countryCode": "HK" }, "geometry": { "type": "Point", "coordinates": [ 114.219368, 22.476967 ] } },
{ "type": "Feature", "properties": { "decimalLatitude": 22.395985, "decimalLongitude": 113.816006, "eventDate": "2024-04-03T15:44:00Z", "countryCode": "CN" }, "geometry": { "type": "Point", "coordinates": [ 113.816006, 22.395985 ] } },
{ "type": "Feature", "properties": { "decimalLatitude": 22.265578, "decimalLongitude": 114.005618, "eventDate": "2024-04-05T11:55:00Z", "countryCode": "HK" }, "geometry": { "type": "Point", "coordinates": [ 114.005618, 22.265578 ] } },
{ "type": "Feature", "properties": { "decimalLatitude": 22.324441, "decimalLongitude": 114.217502, "eventDate": "2024-04-10T09:31:09Z", "countryCode": "HK" }, "geometry": { "type": "Point", "coordinates": [ 114.217502, 22.324441 ] } },
{ "type": "Feature", "properties": { "decimalLatitude": 18.799178, "decimalLongitude": 98.933853, "eventDate": "2024-04-04T09:54:34Z", "countryCode": "TH" }, "geometry": { "type": "Point", "coordinates": [ 98.933853, 18.799178 ] } },
{ "type": "Feature", "properties": { "decimalLatitude": 22.450617, "decimalLongitude": 114.178818, "eventDate": "2024-04-08T15:28:43Z", "countryCode": "HK" }, "geometry": { "type": "Point", "coordinates": [ 114.178818, 22.450617 ] } },
{ "type": "Feature", "properties": { "decimalLatitude": 22.473277, "decimalLongitude": 114.23365, "eventDate": "2024-04-10T14:50:50Z", "countryCode": "HK" }, "geometry": { "type": "Point", "coordinates": [ 114.23365, 22.473277 ] } },
{ "type": "Feature", "properties": { "decimalLatitude": 22.429382, "decimalLongitude": 114.113994, "eventDate": "2024-04-08T14:40:27Z", "countryCode": "HK" }, "geometry": { "type": "Point", "coordinates": [ 114.113994, 22.429382 ] } },
{ "type": "Feature", "properties": { "decimalLatitude": 1.359419, "decimalLongitude": 103.777171, "eventDate": "2024-04-10T16:11:34Z", "countryCode": "SG" }, "geometry": { "type": "Point", "coordinates": [ 103.777171, 1.359419 ] } },
{ "type": "Feature", "properties": { "decimalLatitude": 22.306717, "decimalLongitude": 114.228374, "eventDate": "2024-04-06T14:38:07Z", "countryCode": "HK" }, "geometry": { "type": "Point", "coordinates": [ 114.228374, 22.306717 ] } },
{ "type": "Feature", "properties": { "decimalLatitude": 8.723317, "decimalLongitude": 99.668184, "eventDate": "2024-04-06T11:46:13Z", "countryCode": "TH" }, "geometry": { "type": "Point", "coordinates": [ 99.668184, 8.723317 ] } },
{ "type": "Feature", "properties": { "decimalLatitude": 22.424214, "decimalLongitude": 114.184457, "eventDate": "2024-04-04T14:16:49Z", "countryCode": "HK" }, "geometry": { "type": "Point", "coordinates": [ 114.184457, 22.424214 ] } },
{ "type": "Feature", "properties": { "decimalLatitude": 22.494608, "decimalLongitude": 114.104233, "eventDate": "2024-04-03T14:19:53Z", "countryCode": "HK" }, "geometry": { "type": "Point", "coordinates": [ 114.104233, 22.494608 ] } },
{ "type": "Feature", "properties": { "decimalLatitude": 22.469446, "decimalLongitude": 114.210274, "eventDate": "2024-04-08T08:24:00Z", "countryCode": "HK" }, "geometry": { "type": "Point", "coordinates": [ 114.210274, 22.469446 ] } },
{ "type": "Feature", "properties": { "decimalLatitude": 22.429052, "decimalLongitude": 114.113851, "eventDate": "2024-04-08T14:41:21Z", "countryCode": "HK" }, "geometry": { "type": "Point", "coordinates": [ 114.113851, 22.429052 ] } },
{ "type": "Feature", "properties": { "decimalLatitude": 22.231459, "decimalLongitude": 114.116323, "eventDate": "2024-04-07T14:08:32Z", "countryCode": "HK" }, "geometry": { "type": "Point", "coordinates": [ 114.116323, 22.231459 ] } },
{ "type": "Feature", "properties": { "decimalLatitude": 22.425292, "decimalLongitude": 114.242783, "eventDate": "2024-04-10T15:52:00Z", "countryCode": "HK" }, "geometry": { "type": "Point", "coordinates": [ 114.242783, 22.425292 ] } },
{ "type": "Feature", "properties": { "decimalLatitude": 22.798235, "decimalLongitude": 113.801136, "eventDate": "2024-04-07T15:25:37Z", "countryCode": "CN" }, "geometry": { "type": "Point", "coordinates": [ 113.801136, 22.798235 ] } },
{ "type": "Feature", "properties": { "decimalLatitude": 22.595641, "decimalLongitude": 114.199553, "eventDate": "2024-04-10T11:00:00Z", "countryCode": "HK" }, "geometry": { "type": "Point", "coordinates": [ 114.199553, 22.595641 ] } },
{ "type": "Feature", "properties": { "decimalLatitude": 22.655931, "decimalLongitude": 114.081134, "eventDate": "2024-04-10T18:10:00Z", "countryCode": "CN" }, "geometry": { "type": "Point", "coordinates": [ 114.081134, 22.655931 ] } },
{ "type": "Feature", "properties": { "decimalLatitude": 22.424246, "decimalLongitude": 114.104316, "eventDate": "2024-04-08T14:07:42Z", "countryCode": "HK" }, "geometry": { "type": "Point", "coordinates": [ 114.104316, 22.424246 ] } },
{ "type": "Feature", "properties": { "decimalLatitude": 22.450588, "decimalLongitude": 114.178757, "eventDate": "2024-04-08T15:31:52Z", "countryCode": "HK" }, "geometry": { "type": "Point", "coordinates": [ 114.178757, 22.450588 ] } },
{ "type": "Feature", "properties": { "decimalLatitude": 22.458553, "decimalLongitude": 114.325692, "eventDate": "2024-04-08T09:05:52Z", "countryCode": "HK" }, "geometry": { "type": "Point", "coordinates": [ 114.325692, 22.458553 ] } },
{ "type": "Feature", "properties": { "decimalLatitude": 22.424267, "decimalLongitude": 114.382188, "eventDate": "2024-04-08T13:30:00Z", "countryCode": "HK" }, "geometry": { "type": "Point", "coordinates": [ 114.382188, 22.424267 ] } },
{ "type": "Feature", "properties": { "decimalLatitude": 22.458517, "decimalLongitude": 114.325653, "eventDate": "2024-04-08T09:04:10Z", "countryCode": "HK" }, "geometry": { "type": "Point", "coordinates": [ 114.325653, 22.458517 ] } },
{ "type": "Feature", "properties": { "decimalLatitude": 22.424247, "decimalLongitude": 114.104317, "eventDate": "2024-04-08T15:06:00Z", "countryCode": "HK" }, "geometry": { "type": "Point", "coordinates": [ 114.104317, 22.424247 ] } },
{ "type": "Feature", "properties": { "decimalLatitude": 1.347946, "decimalLongitude": 103.833728, "eventDate": "2024-04-09T09:07:24Z", "countryCode": "SG" }, "geometry": { "type": "Point", "coordinates": [ 103.833728, 1.347946 ] } },
{ "type": "Feature", "properties": { "decimalLatitude": 22.404668, "decimalLongitude": 113.958526, "eventDate": "2024-04-08T08:48:00Z", "countryCode": "HK" }, "geometry": { "type": "Point", "coordinates": [ 113.958526, 22.404668 ] } },
{ "type": "Feature", "properties": { "decimalLatitude": 22.57239, "decimalLongitude": 114.015232, "eventDate": "2024-04-10T12:00:00Z", "countryCode": "CN" }, "geometry": { "type": "Point", "coordinates": [ 114.015232, 22.57239 ] } },
{ "type": "Feature", "properties": { "decimalLatitude": 22.523367, "decimalLongitude": 114.216062, "eventDate": "2024-04-10T09:08:41Z", "countryCode": "HK" }, "geometry": { "type": "Point", "coordinates": [ 114.216062, 22.523367 ] } },
{ "type": "Feature", "properties": { "decimalLatitude": 22.319304, "decimalLongitude": 114.169361, "eventDate": "2024-04-04T14:01:00Z", "countryCode": "HK" }, "geometry": { "type": "Point", "coordinates": [ 114.169361, 22.319304 ] } },
{ "type": "Feature", "properties": { "decimalLatitude": 22.496844, "decimalLongitude": 114.169278, "eventDate": "2024-04-02T09:26:00Z", "countryCode": "HK" }, "geometry": { "type": "Point", "coordinates": [ 114.169278, 22.496844 ] } },
{ "type": "Feature", "properties": { "decimalLatitude": 22.524012, "decimalLongitude": 114.259278, "eventDate": "2024-04-01T15:24:27Z", "countryCode": "HK" }, "geometry": { "type": "Point", "coordinates": [ 114.259278, 22.524012 ] } },
{ "type": "Feature", "properties": { "decimalLatitude": 22.445076, "decimalLongitude": 114.252834, "eventDate": "2024-04-01T15:00:00Z", "countryCode": "HK" }, "geometry": { "type": "Point", "coordinates": [ 114.252834, 22.445076 ] } },
{ "type": "Feature", "properties": { "decimalLatitude": 22.324441, "decimalLongitude": 114.217502, "eventDate": "2024-04-10T09:30:04Z", "countryCode": "HK" }, "geometry": { "type": "Point", "coordinates": [ 114.217502, 22.324441 ] } },
{ "type": "Feature", "properties": { "decimalLatitude": 22.421274, "decimalLongitude": 114.240985, "eventDate": "2024-04-05T15:00:36Z", "countryCode": "HK" }, "geometry": { "type": "Point", "coordinates": [ 114.240985, 22.421274 ] } },
{ "type": "Feature", "properties": { "decimalLatitude": 22.448912, "decimalLongitude": 114.31479, "eventDate": "2024-04-02T14:00:00Z", "countryCode": "HK" }, "geometry": { "type": "Point", "coordinates": [ 114.31479, 22.448912 ] } },
{ "type": "Feature", "properties": { "decimalLatitude": 22.468875, "decimalLongitude": 114.180946, "eventDate": "2024-04-03T16:18:00Z", "countryCode": "HK" }, "geometry": { "type": "Point", "coordinates": [ 114.180946, 22.468875 ] } },
{ "type": "Feature", "properties": { "decimalLatitude": 22.511897, "decimalLongitude": 114.215058, "eventDate": "2024-04-08T11:38:35Z", "countryCode": "HK" }, "geometry": { "type": "Point", "coordinates": [ 114.215058, 22.511897 ] } },
{ "type": "Feature", "properties": { "decimalLatitude": 22.520347, "decimalLongitude": 114.214984, "eventDate": "2024-04-10T09:08:11Z", "countryCode": "HK" }, "geometry": { "type": "Point", "coordinates": [ 114.214984, 22.520347 ] } },
{ "type": "Feature", "properties": { "decimalLatitude": 22.428795, "decimalLongitude": 114.180488, "eventDate": "2024-04-11T11:43:17Z", "countryCode": "HK" }, "geometry": { "type": "Point", "coordinates": [ 114.180488, 22.428795 ] } },
{ "type": "Feature", "properties": { "decimalLatitude": 22.42555, "decimalLongitude": 114.179994, "eventDate": "2024-04-11T14:43:20Z", "countryCode": "HK" }, "geometry": { "type": "Point", "coordinates": [ 114.179994, 22.42555 ] } },
{ "type": "Feature", "properties": { "decimalLatitude": 22.297152, "decimalLongitude": 114.275677, "eventDate": "2024-04-12T12:11:31Z", "countryCode": "HK" }, "geometry": { "type": "Point", "coordinates": [ 114.275677, 22.297152 ] } },
{ "type": "Feature", "properties": { "decimalLatitude": 22.437054, "decimalLongitude": 114.182843, "eventDate": "2024-04-11T13:47:41Z", "countryCode": "HK" }, "geometry": { "type": "Point", "coordinates": [ 114.182843, 22.437054 ] } },
{ "type": "Feature", "properties": { "decimalLatitude": 22.21879, "decimalLongitude": 113.915222, "eventDate": "2024-04-13T11:30:00Z", "countryCode": "HK" }, "geometry": { "type": "Point", "coordinates": [ 113.915222, 22.21879 ] } },
{ "type": "Feature", "properties": { "decimalLatitude": 22.299063, "decimalLongitude": 114.274162, "eventDate": "2024-04-11T11:00:01Z", "countryCode": "HK" }, "geometry": { "type": "Point", "coordinates": [ 114.274162, 22.299063 ] } },
{ "type": "Feature", "properties": { "decimalLatitude": 22.429072, "decimalLongitude": 114.180528, "eventDate": "2024-04-11T13:17:57Z", "countryCode": "HK" }, "geometry": { "type": "Point", "coordinates": [ 114.180528, 22.429072 ] } },
{ "type": "Feature", "properties": { "decimalLatitude": 22.402233, "decimalLongitude": 114.322038, "eventDate": "2024-04-11T11:30:00Z", "countryCode": "HK" }, "geometry": { "type": "Point", "coordinates": [ 114.322038, 22.402233 ] } },
{ "type": "Feature", "properties": { "decimalLatitude": 22.42878, "decimalLongitude": 114.181612, "eventDate": "2024-04-11T12:05:54Z", "countryCode": "HK" }, "geometry": { "type": "Point", "coordinates": [ 114.181612, 22.42878 ] } },
{ "type": "Feature", "properties": { "decimalLatitude": 22.468098, "decimalLongitude": 114.209694, "eventDate": "2024-04-13T08:18:00Z", "countryCode": "HK" }, "geometry": { "type": "Point", "coordinates": [ 114.209694, 22.468098 ] } },
{ "type": "Feature", "properties": { "decimalLatitude": 22.427808, "decimalLongitude": 114.180983, "eventDate": "2024-04-11T14:43:00Z", "countryCode": "HK" }, "geometry": { "type": "Point", "coordinates": [ 114.180983, 22.427808 ] } },
{ "type": "Feature", "properties": { "decimalLatitude": 22.423111, "decimalLongitude": 114.182521, "eventDate": "2024-04-11T13:21:13Z", "countryCode": "HK" }, "geometry": { "type": "Point", "coordinates": [ 114.182521, 22.423111 ] } },
{ "type": "Feature", "properties": { "decimalLatitude": 22.297463, "decimalLongitude": 114.273533, "eventDate": "2024-04-12T11:13:25Z", "countryCode": "HK" }, "geometry": { "type": "Point", "coordinates": [ 114.273533, 22.297463 ] } },
{ "type": "Feature", "properties": { "decimalLatitude": 22.429706, "decimalLongitude": 114.180869, "eventDate": "2024-04-11T13:22:35Z", "countryCode": "HK" }, "geometry": { "type": "Point", "coordinates": [ 114.180869, 22.429706 ] } },
{ "type": "Feature", "properties": { "decimalLatitude": 22.51935, "decimalLongitude": 114.25697, "eventDate": "2024-04-14T15:04:13Z", "countryCode": "HK" }, "geometry": { "type": "Point", "coordinates": [ 114.25697, 22.51935 ] } },
{ "type": "Feature", "properties": { "decimalLatitude": 22.374217, "decimalLongitude": 114.265125, "eventDate": "2024-04-10T09:36:00Z", "countryCode": "HK" }, "geometry": { "type": "Point", "coordinates": [ 114.265125, 22.374217 ] } },
{ "type": "Feature", "properties": { "decimalLatitude": 22.424777, "decimalLongitude": 114.180128, "eventDate": "2024-04-11T11:16:32Z", "countryCode": "HK" }, "geometry": { "type": "Point", "coordinates": [ 114.180128, 22.424777 ] } },
{ "type": "Feature", "properties": { "decimalLatitude": 22.319304, "decimalLongitude": 114.169361, "eventDate": "2024-04-15T10:25:00Z", "countryCode": "HK" }, "geometry": { "type": "Point", "coordinates": [ 114.169361, 22.319304 ] } },
{ "type": "Feature", "properties": { "decimalLatitude": 1.35303, "decimalLongitude": 103.779413, "eventDate": "2024-04-13T13:01:00Z", "countryCode": "SG" }, "geometry": { "type": "Point", "coordinates": [ 103.779413, 1.35303 ] } },
{ "type": "Feature", "properties": { "decimalLatitude": 22.52745, "decimalLongitude": 114.261367, "eventDate": "2024-04-14T15:12:25Z", "countryCode": "HK" }, "geometry": { "type": "Point", "coordinates": [ 114.261367, 22.52745 ] } },
{ "type": "Feature", "properties": { "decimalLatitude": 22.374507, "decimalLongitude": 114.265122, "eventDate": "2024-04-15T14:10:16Z", "countryCode": "HK" }, "geometry": { "type": "Point", "coordinates": [ 114.265122, 22.374507 ] } },
{ "type": "Feature", "properties": { "decimalLatitude": 22.222178, "decimalLongitude": 113.985375, "eventDate": "2024-04-14T11:10:29Z", "countryCode": "HK" }, "geometry": { "type": "Point", "coordinates": [ 113.985375, 22.222178 ] } },
{ "type": "Feature", "properties": { "decimalLatitude": 22.527463, "decimalLongitude": 114.26133, "eventDate": "2024-04-14T15:13:43Z", "countryCode": "HK" }, "geometry": { "type": "Point", "coordinates": [ 114.26133, 22.527463 ] } },
{ "type": "Feature", "properties": { "decimalLatitude": 22.525016, "decimalLongitude": 114.259629, "eventDate": "2024-04-14T15:31:18Z", "countryCode": "HK" }, "geometry": { "type": "Point", "coordinates": [ 114.259629, 22.525016 ] } },
{ "type": "Feature", "properties": { "decimalLatitude": 22.118889, "decimalLongitude": 113.561389, "eventDate": "2024-04-16T14:40:00Z", "countryCode": "MO" }, "geometry": { "type": "Point", "coordinates": [ 113.561389, 22.118889 ] } },
{ "type": "Feature", "properties": { "decimalLatitude": 22.128889, "decimalLongitude": 113.575556, "eventDate": "2024-04-11T14:35:00Z", "countryCode": "MO" }, "geometry": { "type": "Point", "coordinates": [ 113.575556, 22.128889 ] } },
{ "type": "Feature", "properties": { "decimalLatitude": 22.299105, "decimalLongitude": 114.27417, "eventDate": "2024-04-11T11:05:06Z", "countryCode": "HK" }, "geometry": { "type": "Point", "coordinates": [ 114.27417, 22.299105 ] } },
{ "type": "Feature", "properties": { "decimalLatitude": 22.402233, "decimalLongitude": 114.322038, "eventDate": "2024-04-11T11:30:00Z", "countryCode": "HK" }, "geometry": { "type": "Point", "coordinates": [ 114.322038, 22.402233 ] } },
{ "type": "Feature", "properties": { "decimalLatitude": 22.437055, "decimalLongitude": 114.182843, "eventDate": "2024-04-12T14:13:00Z", "countryCode": "HK" }, "geometry": { "type": "Point", "coordinates": [ 114.182843, 22.437055 ] } },
{ "type": "Feature", "properties": { "decimalLatitude": 22.425095, "decimalLongitude": 114.179829, "eventDate": "2024-04-11T15:50:07Z", "countryCode": "HK" }, "geometry": { "type": "Point", "coordinates": [ 114.179829, 22.425095 ] } },
{ "type": "Feature", "properties": { "decimalLatitude": 22.430293, "decimalLongitude": 114.175586, "eventDate": "2024-04-11T13:17:55Z", "countryCode": "HK" }, "geometry": { "type": "Point", "coordinates": [ 114.175586, 22.430293 ] } },
{ "type": "Feature", "properties": { "decimalLatitude": 22.431453, "decimalLongitude": 114.248208, "eventDate": "2024-04-12T12:13:44Z", "countryCode": "HK" }, "geometry": { "type": "Point", "coordinates": [ 114.248208, 22.431453 ] } },
{ "type": "Feature", "properties": { "decimalLatitude": 22.303671, "decimalLongitude": 113.95105, "eventDate": "2024-04-13T14:11:00Z", "countryCode": "HK" }, "geometry": { "type": "Point", "coordinates": [ 113.95105, 22.303671 ] } },
{ "type": "Feature", "properties": { "decimalLatitude": 22.419773, "decimalLongitude": 114.174313, "eventDate": "2024-04-11T13:22:27Z", "countryCode": "HK" }, "geometry": { "type": "Point", "coordinates": [ 114.174313, 22.419773 ] } },
{ "type": "Feature", "properties": { "decimalLatitude": 22.457039, "decimalLongitude": 114.008263, "eventDate": "2024-04-07T11:06:00Z", "countryCode": "HK" }, "geometry": { "type": "Point", "coordinates": [ 114.008263, 22.457039 ] } },
{ "type": "Feature", "properties": { "decimalLatitude": 1.354425, "decimalLongitude": 103.781483, "eventDate": "2024-04-13T13:54:00Z", "countryCode": "SG" }, "geometry": { "type": "Point", "coordinates": [ 103.781483, 1.354425 ] } },
{ "type": "Feature", "properties": { "decimalLatitude": 22.525509, "decimalLongitude": 114.260155, "eventDate": "2024-04-14T15:52:55Z", "countryCode": "HK" }, "geometry": { "type": "Point", "coordinates": [ 114.260155, 22.525509 ] } },
{ "type": "Feature", "properties": { "decimalLatitude": 22.426192, "decimalLongitude": 114.180451, "eventDate": "2024-04-11T14:08:00Z", "countryCode": "HK" }, "geometry": { "type": "Point", "coordinates": [ 114.180451, 22.426192 ] } },
{ "type": "Feature", "properties": { "decimalLatitude": 22.527645, "decimalLongitude": 114.261517, "eventDate": "2024-04-14T09:20:20Z", "countryCode": "HK" }, "geometry": { "type": "Point", "coordinates": [ 114.261517, 22.527645 ] } },
{ "type": "Feature", "properties": { "decimalLatitude": 22.222053, "decimalLongitude": 113.883392, "eventDate": "2024-04-02T13:49:28Z", "countryCode": "HK" }, "geometry": { "type": "Point", "coordinates": [ 113.883392, 22.222053 ] } },
{ "type": "Feature", "properties": { "decimalLatitude": 22.567367, "decimalLongitude": 114.16871, "eventDate": "2024-04-16T10:26:00Z", "countryCode": "HK" }, "geometry": { "type": "Point", "coordinates": [ 114.16871, 22.567367 ] } },
{ "type": "Feature", "properties": { "decimalLatitude": 4.397954, "decimalLongitude": 117.88752, "eventDate": "2024-04-06T09:01:00Z", "countryCode": "MY" }, "geometry": { "type": "Point", "coordinates": [ 117.88752, 4.397954 ] } },
{ "type": "Feature", "properties": { "decimalLatitude": 18.788344, "decimalLongitude": 98.985301, "eventDate": "2024-04-24T08:41:00Z", "countryCode": "TH" }, "geometry": { "type": "Point", "coordinates": [ 98.985301, 18.788344 ] } },
{ "type": "Feature", "properties": { "decimalLatitude": 1.345012, "decimalLongitude": 103.760242, "eventDate": "2024-04-25T14:30:00Z", "countryCode": "SG" }, "geometry": { "type": "Point", "coordinates": [ 103.760242, 1.345012 ] } },
{ "type": "Feature", "properties": { "decimalLatitude": 22.284458, "decimalLongitude": 113.937682, "eventDate": "2024-04-28T08:10:03Z", "countryCode": "HK" }, "geometry": { "type": "Point", "coordinates": [ 113.937682, 22.284458 ] } },
{ "type": "Feature", "properties": { "decimalLatitude": 8.65614, "decimalLongitude": 98.287142, "eventDate": "2024-04-18T05:35:25Z", "countryCode": "TH" }, "geometry": { "type": "Point", "coordinates": [ 98.287142, 8.65614 ] } },
{ "type": "Feature", "properties": { "decimalLatitude": 22.422085, "decimalLongitude": 114.101792, "eventDate": "2024-04-19T11:21:00Z", "countryCode": "HK" }, "geometry": { "type": "Point", "coordinates": [ 114.101792, 22.422085 ] } },
{ "type": "Feature", "properties": { "decimalLatitude": 22.518827, "decimalLongitude": 114.216398, "eventDate": "2024-04-19T11:26:41Z", "countryCode": "HK" }, "geometry": { "type": "Point", "coordinates": [ 114.216398, 22.518827 ] } },
{ "type": "Feature", "properties": { "decimalLatitude": 5.502047, "decimalLongitude": 118.28703, "eventDate": "2024-04-12T13:45:00Z", "countryCode": "MY" }, "geometry": { "type": "Point", "coordinates": [ 118.28703, 5.502047 ] } },
{ "type": "Feature", "properties": { "decimalLatitude": 22.523538, "decimalLongitude": 114.215994, "eventDate": "2024-04-29T09:37:00Z", "countryCode": "HK" }, "geometry": { "type": "Point", "coordinates": [ 114.215994, 22.523538 ] } },
{ "type": "Feature", "properties": { "decimalLatitude": 1.386058, "decimalLongitude": 103.820951, "eventDate": "2024-04-28T12:38:00Z", "countryCode": "SG" }, "geometry": { "type": "Point", "coordinates": [ 103.820951, 1.386058 ] } },
{ "type": "Feature", "properties": { "decimalLatitude": 22.374623, "decimalLongitude": 114.26401, "eventDate": "2024-04-28T15:12:00Z", "countryCode": "HK" }, "geometry": { "type": "Point", "coordinates": [ 114.26401, 22.374623 ] } },
{ "type": "Feature", "properties": { "decimalLatitude": 22.222624, "decimalLongitude": 113.915172, "eventDate": "2024-04-28T12:22:00Z", "countryCode": "HK" }, "geometry": { "type": "Point", "coordinates": [ 113.915172, 22.222624 ] } },
{ "type": "Feature", "properties": { "decimalLatitude": 22.427392, "decimalLongitude": 114.181402, "eventDate": "2024-04-11T14:47:31Z", "countryCode": "HK" }, "geometry": { "type": "Point", "coordinates": [ 114.181402, 22.427392 ] } },
{ "type": "Feature", "properties": { "decimalLatitude": 22.503255, "decimalLongitude": 114.23752, "eventDate": "2024-04-29T05:42:33Z", "countryCode": "HK" }, "geometry": { "type": "Point", "coordinates": [ 114.23752, 22.503255 ] } },
{ "type": "Feature", "properties": { "decimalLatitude": 22.277114, "decimalLongitude": 114.161548, "eventDate": "2024-04-16T13:25:00Z", "countryCode": "HK" }, "geometry": { "type": "Point", "coordinates": [ 114.161548, 22.277114 ] } },
{ "type": "Feature", "properties": { "decimalLatitude": 1.382078, "decimalLongitude": 103.820801, "eventDate": "2024-04-28T10:24:00Z", "countryCode": "SG" }, "geometry": { "type": "Point", "coordinates": [ 103.820801, 1.382078 ] } },
{ "type": "Feature", "properties": { "decimalLatitude": 22.26603, "decimalLongitude": 113.994744, "eventDate": "2024-04-20T00:00:00Z", "countryCode": "HK" }, "geometry": { "type": "Point", "coordinates": [ 113.994744, 22.26603 ] } },
{ "type": "Feature", "properties": { "decimalLatitude": 22.336042, "decimalLongitude": 114.163033, "eventDate": "2024-04-26T13:52:00Z", "countryCode": "HK" }, "geometry": { "type": "Point", "coordinates": [ 114.163033, 22.336042 ] } },
{ "type": "Feature", "properties": { "decimalLatitude": 22.293417, "decimalLongitude": 114.017922, "eventDate": "2024-04-11T16:14:25Z", "countryCode": "HK" }, "geometry": { "type": "Point", "coordinates": [ 114.017922, 22.293417 ] } },
{ "type": "Feature", "properties": { "decimalLatitude": 22.388881, "decimalLongitude": 114.145465, "eventDate": "2024-04-20T12:46:00Z", "countryCode": "HK" }, "geometry": { "type": "Point", "coordinates": [ 114.145465, 22.388881 ] } },
{ "type": "Feature", "properties": { "decimalLatitude": 1.382346, "decimalLongitude": 103.820736, "eventDate": "2024-04-28T10:20:00Z", "countryCode": "SG" }, "geometry": { "type": "Point", "coordinates": [ 103.820736, 1.382346 ] } },
{ "type": "Feature", "properties": { "decimalLatitude": 22.283825, "decimalLongitude": 114.211865, "eventDate": "2024-04-27T12:19:54Z", "countryCode": "HK" }, "geometry": { "type": "Point", "coordinates": [ 114.211865, 22.283825 ] } },
{ "type": "Feature", "properties": { "decimalLatitude": 22.261514, "decimalLongitude": 114.249452, "eventDate": "2024-04-27T07:22:12Z", "countryCode": "HK" }, "geometry": { "type": "Point", "coordinates": [ 114.249452, 22.261514 ] } },
{ "type": "Feature", "properties": { "decimalLatitude": 22.406313, "decimalLongitude": 113.979347, "eventDate": "2024-04-25T13:57:18Z", "countryCode": "HK" }, "geometry": { "type": "Point", "coordinates": [ 113.979347, 22.406313 ] } },
{ "type": "Feature", "properties": { "decimalLatitude": 22.34903, "decimalLongitude": 114.126931, "eventDate": "2024-04-19T08:52:02Z", "countryCode": "HK" }, "geometry": { "type": "Point", "coordinates": [ 114.126931, 22.34903 ] } },
{ "type": "Feature", "properties": { "decimalLatitude": 22.266466, "decimalLongitude": 113.941751, "eventDate": "2024-04-27T00:00:00Z", "countryCode": "HK" }, "geometry": { "type": "Point", "coordinates": [ 113.941751, 22.266466 ] } },
{ "type": "Feature", "properties": { "decimalLatitude": 22.235785, "decimalLongitude": 114.114726, "eventDate": "2024-04-28T09:28:51Z", "countryCode": "HK" }, "geometry": { "type": "Point", "coordinates": [ 114.114726, 22.235785 ] } },
{ "type": "Feature", "properties": { "decimalLatitude": 22.489173, "decimalLongitude": 114.187775, "eventDate": "2024-04-28T13:20:00Z", "countryCode": "HK" }, "geometry": { "type": "Point", "coordinates": [ 114.187775, 22.489173 ] } },
{ "type": "Feature", "properties": { "decimalLatitude": 22.374675, "decimalLongitude": 114.264072, "eventDate": "2024-04-28T15:12:00Z", "countryCode": "HK" }, "geometry": { "type": "Point", "coordinates": [ 114.264072, 22.374675 ] } },
{ "type": "Feature", "properties": { "decimalLatitude": 22.374328, "decimalLongitude": 114.265315, "eventDate": "2024-04-28T15:18:00Z", "countryCode": "HK" }, "geometry": { "type": "Point", "coordinates": [ 114.265315, 22.374328 ] } },
{ "type": "Feature", "properties": { "decimalLatitude": 22.221823, "decimalLongitude": 113.914155, "eventDate": "2024-04-30T13:24:31Z", "countryCode": "HK" }, "geometry": { "type": "Point", "coordinates": [ 113.914155, 22.221823 ] } },
{ "type": "Feature", "properties": { "decimalLatitude": 22.250285, "decimalLongitude": 114.159682, "eventDate": "2024-04-29T19:48:00Z", "countryCode": "HK" }, "geometry": { "type": "Point", "coordinates": [ 114.159682, 22.250285 ] } },
{ "type": "Feature", "properties": { "decimalLatitude": 22.518894, "decimalLongitude": 114.216087, "eventDate": "2024-04-28T14:00:00Z", "countryCode": "HK" }, "geometry": { "type": "Point", "coordinates": [ 114.216087, 22.518894 ] } },
{ "type": "Feature", "properties": { "decimalLatitude": 18.788344, "decimalLongitude": 98.985301, "eventDate": "2024-04-19T08:55:00Z", "countryCode": "TH" }, "geometry": { "type": "Point", "coordinates": [ 98.985301, 18.788344 ] } },
{ "type": "Feature", "properties": { "decimalLatitude": 22.26603, "decimalLongitude": 113.994744, "eventDate": "2024-04-20T00:00:00Z", "countryCode": "HK" }, "geometry": { "type": "Point", "coordinates": [ 113.994744, 22.26603 ] } },
{ "type": "Feature", "properties": { "decimalLatitude": 22.254255, "decimalLongitude": 114.158798, "eventDate": "2024-04-27T10:45:00Z", "countryCode": "HK" }, "geometry": { "type": "Point", "coordinates": [ 114.158798, 22.254255 ] } },
{ "type": "Feature", "properties": { "decimalLatitude": 22.400312, "decimalLongitude": 113.983738, "eventDate": "2024-04-04T12:05:08Z", "countryCode": "HK" }, "geometry": { "type": "Point", "coordinates": [ 113.983738, 22.400312 ] } },
{ "type": "Feature", "properties": { "decimalLatitude": 22.317469, "decimalLongitude": 114.184341, "eventDate": "2024-04-27T14:53:14Z", "countryCode": "HK" }, "geometry": { "type": "Point", "coordinates": [ 114.184341, 22.317469 ] } },
{ "type": "Feature", "properties": { "decimalLatitude": 22.28052, "decimalLongitude": 114.13814, "eventDate": "2024-04-29T13:23:04Z", "countryCode": "HK" }, "geometry": { "type": "Point", "coordinates": [ 114.13814, 22.28052 ] } },
{ "type": "Feature", "properties": { "decimalLatitude": 22.498797, "decimalLongitude": 114.178102, "eventDate": "2024-04-29T14:37:00Z", "countryCode": "HK" }, "geometry": { "type": "Point", "coordinates": [ 114.178102, 22.498797 ] } },
{ "type": "Feature", "properties": { "decimalLatitude": 1.414291, "decimalLongitude": 103.787893, "eventDate": "2024-04-10T14:58:00Z", "countryCode": "SG" }, "geometry": { "type": "Point", "coordinates": [ 103.787893, 1.414291 ] } },
{ "type": "Feature", "properties": { "decimalLatitude": 22.221823, "decimalLongitude": 113.914155, "eventDate": "2024-04-30T13:25:01Z", "countryCode": "HK" }, "geometry": { "type": "Point", "coordinates": [ 113.914155, 22.221823 ] } },
{ "type": "Feature", "properties": { "decimalLatitude": 22.396103, "decimalLongitude": 114.045678, "eventDate": "2024-04-29T13:39:23Z", "countryCode": "HK" }, "geometry": { "type": "Point", "coordinates": [ 114.045678, 22.396103 ] } },
{ "type": "Feature", "properties": { "decimalLatitude": 22.273751, "decimalLongitude": 113.994668, "eventDate": "2024-04-27T16:26:00Z", "countryCode": "HK" }, "geometry": { "type": "Point", "coordinates": [ 113.994668, 22.273751 ] } },
{ "type": "Feature", "properties": { "decimalLatitude": 7.516814, "decimalLongitude": 99.076931, "eventDate": "2024-04-30T09:18:25Z", "countryCode": "TH" }, "geometry": { "type": "Point", "coordinates": [ 99.076931, 7.516814 ] } },
{ "type": "Feature", "properties": { "decimalLatitude": 22.382699, "decimalLongitude": 114.12348, "eventDate": "2024-04-29T18:03:00Z", "countryCode": "HK" }, "geometry": { "type": "Point", "coordinates": [ 114.12348, 22.382699 ] } },
{ "type": "Feature", "properties": { "decimalLatitude": 22.374599, "decimalLongitude": 114.263841, "eventDate": "2024-04-28T15:16:00Z", "countryCode": "HK" }, "geometry": { "type": "Point", "coordinates": [ 114.263841, 22.374599 ] } },
{ "type": "Feature", "properties": { "decimalLatitude": 22.424246, "decimalLongitude": 114.104316, "eventDate": "2024-04-29T11:14:47Z", "countryCode": "HK" }, "geometry": { "type": "Point", "coordinates": [ 114.104316, 22.424246 ] } },
{ "type": "Feature", "properties": { "decimalLatitude": 22.519128, "decimalLongitude": 114.256849, "eventDate": "2024-04-29T09:49:34Z", "countryCode": "HK" }, "geometry": { "type": "Point", "coordinates": [ 114.256849, 22.519128 ] } },
{ "type": "Feature", "properties": { "decimalLatitude": 22.279812, "decimalLongitude": 114.134293, "eventDate": "2024-04-07T13:00:24Z", "countryCode": "HK" }, "geometry": { "type": "Point", "coordinates": [ 114.134293, 22.279812 ] } },
{ "type": "Feature", "properties": { "decimalLatitude": 22.462165, "decimalLongitude": 114.116375, "eventDate": "2024-04-17T12:08:36Z", "countryCode": "HK" }, "geometry": { "type": "Point", "coordinates": [ 114.116375, 22.462165 ] } },
{ "type": "Feature", "properties": { "decimalLatitude": 22.527583, "decimalLongitude": 114.261405, "eventDate": "2024-04-17T16:50:14Z", "countryCode": "HK" }, "geometry": { "type": "Point", "coordinates": [ 114.261405, 22.527583 ] } },
{ "type": "Feature", "properties": { "decimalLatitude": 5.502047, "decimalLongitude": 118.28703, "eventDate": "2024-04-11T15:52:00Z", "countryCode": "MY" }, "geometry": { "type": "Point", "coordinates": [ 118.28703, 5.502047 ] } },
{ "type": "Feature", "properties": { "decimalLatitude": 22.527603, "decimalLongitude": 114.261437, "eventDate": "2024-04-17T16:50:29Z", "countryCode": "HK" }, "geometry": { "type": "Point", "coordinates": [ 114.261437, 22.527603 ] } },
{ "type": "Feature", "properties": { "decimalLatitude": 22.371717, "decimalLongitude": 114.267812, "eventDate": "2024-04-23T03:09:00Z", "countryCode": "HK" }, "geometry": { "type": "Point", "coordinates": [ 114.267812, 22.371717 ] } },
{ "type": "Feature", "properties": { "decimalLatitude": 22.277326, "decimalLongitude": 114.161597, "eventDate": "2024-04-15T12:47:00Z", "countryCode": "HK" }, "geometry": { "type": "Point", "coordinates": [ 114.161597, 22.277326 ] } },
{ "type": "Feature", "properties": { "decimalLatitude": 22.527454, "decimalLongitude": 114.261268, "eventDate": "2024-04-27T09:09:51Z", "countryCode": "HK" }, "geometry": { "type": "Point", "coordinates": [ 114.261268, 22.527454 ] } },
{ "type": "Feature", "properties": { "decimalLatitude": 22.131983, "decimalLongitude": 113.568377, "eventDate": "2024-04-16T15:23:00Z", "countryCode": "MO" }, "geometry": { "type": "Point", "coordinates": [ 113.568377, 22.131983 ] } },
{ "type": "Feature", "properties": { "decimalLatitude": 22.272736, "decimalLongitude": 114.232046, "eventDate": "2024-04-25T14:37:29Z", "countryCode": "HK" }, "geometry": { "type": "Point", "coordinates": [ 114.232046, 22.272736 ] } },
{ "type": "Feature", "properties": { "decimalLatitude": 22.365751, "decimalLongitude": 114.178557, "eventDate": "2024-04-27T16:53:11Z", "countryCode": "HK" }, "geometry": { "type": "Point", "coordinates": [ 114.178557, 22.365751 ] } },
{ "type": "Feature", "properties": { "decimalLatitude": 22.24188, "decimalLongitude": 113.926568, "eventDate": "2024-04-29T11:51:30Z", "countryCode": "HK" }, "geometry": { "type": "Point", "coordinates": [ 113.926568, 22.24188 ] } },
{ "type": "Feature", "properties": { "decimalLatitude": 22.385075, "decimalLongitude": 114.144028, "eventDate": "2024-04-28T14:53:59Z", "countryCode": "HK" }, "geometry": { "type": "Point", "coordinates": [ 114.144028, 22.385075 ] } },
{ "type": "Feature", "properties": { "decimalLatitude": 22.265628, "decimalLongitude": 113.996253, "eventDate": "2024-04-27T13:29:18Z", "countryCode": "HK" }, "geometry": { "type": "Point", "coordinates": [ 113.996253, 22.265628 ] } },
{ "type": "Feature", "properties": { "decimalLatitude": 1.349872, "decimalLongitude": 103.777775, "eventDate": "2024-04-28T13:25:00Z", "countryCode": "SG" }, "geometry": { "type": "Point", "coordinates": [ 103.777775, 1.349872 ] } },
{ "type": "Feature", "properties": { "decimalLatitude": 1.413887, "decimalLongitude": 103.787899, "eventDate": "2024-04-10T15:11:00Z", "countryCode": "SG" }, "geometry": { "type": "Point", "coordinates": [ 103.787899, 1.413887 ] } },
{ "type": "Feature", "properties": { "decimalLatitude": 1.400124, "decimalLongitude": 103.807303, "eventDate": "2024-04-28T13:03:00Z", "countryCode": "SG" }, "geometry": { "type": "Point", "coordinates": [ 103.807303, 1.400124 ] } },
{ "type": "Feature", "properties": { "decimalLatitude": 1.352282, "decimalLongitude": 103.823549, "eventDate": "2024-04-26T11:46:43Z", "countryCode": "SG" }, "geometry": { "type": "Point", "coordinates": [ 103.823549, 1.352282 ] } },
{ "type": "Feature", "properties": { "decimalLatitude": 1.356626, "decimalLongitude": 103.821432, "eventDate": "2024-04-26T09:17:00Z", "countryCode": "SG" }, "geometry": { "type": "Point", "coordinates": [ 103.821432, 1.356626 ] } },
{ "type": "Feature", "properties": { "decimalLatitude": 22.266466, "decimalLongitude": 113.941751, "eventDate": "2024-04-27T00:00:00Z", "countryCode": "HK" }, "geometry": { "type": "Point", "coordinates": [ 113.941751, 22.266466 ] } },
{ "type": "Feature", "properties": { "decimalLatitude": 22.430176, "decimalLongitude": 114.183684, "eventDate": "2024-04-29T14:24:00Z", "countryCode": "HK" }, "geometry": { "type": "Point", "coordinates": [ 114.183684, 22.430176 ] } },
{ "type": "Feature", "properties": { "decimalLatitude": 22.425852, "decimalLongitude": 114.182249, "eventDate": "2024-04-11T13:22:14Z", "countryCode": "HK" }, "geometry": { "type": "Point", "coordinates": [ 114.182249, 22.425852 ] } },
{ "type": "Feature", "properties": { "decimalLatitude": 21.898173, "decimalLongitude": 101.290712, "eventDate": "2024-04-30T15:32:00Z", "countryCode": "CN" }, "geometry": { "type": "Point", "coordinates": [ 101.290712, 21.898173 ] } },
{ "type": "Feature", "properties": { "decimalLatitude": 22.267182, "decimalLongitude": 114.140252, "eventDate": "2024-04-10T16:36:00Z", "countryCode": "HK" }, "geometry": { "type": "Point", "coordinates": [ 114.140252, 22.267182 ] } },
{ "type": "Feature", "properties": { "decimalLatitude": 1.877255, "decimalLongitude": 103.917248, "eventDate": "2024-04-28T15:44:00Z", "countryCode": "MY" }, "geometry": { "type": "Point", "coordinates": [ 103.917248, 1.877255 ] } },
{ "type": "Feature", "properties": { "decimalLatitude": 2.252399, "decimalLongitude": 103.640014, "eventDate": "2024-04-30T08:42:00Z", "countryCode": "MY" }, "geometry": { "type": "Point", "coordinates": [ 103.640014, 2.252399 ] } },
{ "type": "Feature", "properties": { "decimalLatitude": 22.641011, "decimalLongitude": 114.394285, "eventDate": "2024-04-10T09:21:00Z", "countryCode": "CN" }, "geometry": { "type": "Point", "coordinates": [ 114.394285, 22.641011 ] } },
{ "type": "Feature", "properties": { "decimalLatitude": 22.094251, "decimalLongitude": 106.76649, "eventDate": "2024-04-25T00:00:00Z", "countryCode": "CN" }, "geometry": { "type": "Point", "coordinates": [ 106.76649, 22.094251 ] } },
{ "type": "Feature", "properties": { "decimalLatitude": 22.640938, "decimalLongitude": 114.394391, "eventDate": "2024-04-10T09:19:00Z", "countryCode": "CN" }, "geometry": { "type": "Point", "coordinates": [ 114.394391, 22.640938 ] } },
{ "type": "Feature", "properties": { "decimalLatitude": 22.321806, "decimalLongitude": 113.533371, "eventDate": "2024-04-02T15:50:55Z", "countryCode": "CN" }, "geometry": { "type": "Point", "coordinates": [ 113.533371, 22.321806 ] } },
{ "type": "Feature", "properties": { "decimalLatitude": 22.436953, "decimalLongitude": 107.034018, "eventDate": "2024-04-12T17:44:03Z", "countryCode": "CN" }, "geometry": { "type": "Point", "coordinates": [ 107.034018, 22.436953 ] } },
{ "type": "Feature", "properties": { "decimalLatitude": 24.352678, "decimalLongitude": 92.344814, "eventDate": "2024-04-06T09:07:00Z", "countryCode": "IN" }, "geometry": { "type": "Point", "coordinates": [ 92.344814, 24.352678 ] } },
{ "type": "Feature", "properties": { "decimalLatitude": 2.300336, "decimalLongitude": 103.654942, "eventDate": "2024-04-30T08:49:00Z", "countryCode": "MY" }, "geometry": { "type": "Point", "coordinates": [ 103.654942, 2.300336 ] } },
{ "type": "Feature", "properties": { "decimalLatitude": 22.21879, "decimalLongitude": 113.915222, "eventDate": "2024-04-13T10:37:00Z", "countryCode": "HK" }, "geometry": { "type": "Point", "coordinates": [ 113.915222, 22.21879 ] } },
{ "type": "Feature", "properties": { "decimalLatitude": 22.257797, "decimalLongitude": 113.862183, "eventDate": "2024-04-29T15:23:55Z", "countryCode": "HK" }, "geometry": { "type": "Point", "coordinates": [ 113.862183, 22.257797 ] } },
{ "type": "Feature", "properties": { "decimalLatitude": 22.428362, "decimalLongitude": 114.180771, "eventDate": "2024-04-11T14:42:48Z", "countryCode": "HK" }, "geometry": { "type": "Point", "coordinates": [ 114.180771, 22.428362 ] } },
{ "type": "Feature", "properties": { "decimalLatitude": 22.43239, "decimalLongitude": 114.184287, "eventDate": "2024-04-11T12:09:17Z", "countryCode": "HK" }, "geometry": { "type": "Point", "coordinates": [ 114.184287, 22.43239 ] } },
{ "type": "Feature", "properties": { "decimalLatitude": 22.42426, "decimalLongitude": 114.18323, "eventDate": "2024-04-11T14:42:47Z", "countryCode": "HK" }, "geometry": { "type": "Point", "coordinates": [ 114.18323, 22.42426 ] } },
{ "type": "Feature", "properties": { "decimalLatitude": 5.434893, "decimalLongitude": 100.292931, "eventDate": "2024-04-17T00:00:00Z", "countryCode": "MY" }, "geometry": { "type": "Point", "coordinates": [ 100.292931, 5.434893 ] } },
{ "type": "Feature", "properties": { "decimalLatitude": 5.413952, "decimalLongitude": 100.781115, "eventDate": "2024-04-26T00:00:00Z", "countryCode": "MY" }, "geometry": { "type": "Point", "coordinates": [ 100.781115, 5.413952 ] } },
{ "type": "Feature", "properties": { "decimalLatitude": 5.413607, "decimalLongitude": 100.781459, "eventDate": "2024-04-26T00:00:00Z", "countryCode": "MY" }, "geometry": { "type": "Point", "coordinates": [ 100.781459, 5.413607 ] } },
{ "type": "Feature", "properties": { "decimalLatitude": 5.413342, "decimalLongitude": 100.780856, "eventDate": "2024-04-26T00:00:00Z", "countryCode": "MY" }, "geometry": { "type": "Point", "coordinates": [ 100.780856, 5.413342 ] } },
{ "type": "Feature", "properties": { "decimalLatitude": 5.435438, "decimalLongitude": 100.292905, "eventDate": "2024-04-17T00:00:00Z", "countryCode": "MY" }, "geometry": { "type": "Point", "coordinates": [ 100.292905, 5.435438 ] } },
{ "type": "Feature", "properties": { "decimalLatitude": 5.413599, "decimalLongitude": 100.781161, "eventDate": "2024-04-26T00:00:00Z", "countryCode": "MY" }, "geometry": { "type": "Point", "coordinates": [ 100.781161, 5.413599 ] } },
{ "type": "Feature", "properties": { "decimalLatitude": 22.641712, "decimalLongitude": 114.394699, "eventDate": "2024-04-02T10:27:00Z", "countryCode": "CN" }, "geometry": { "type": "Point", "coordinates": [ 114.394699, 22.641712 ] } },
{ "type": "Feature", "properties": { "decimalLatitude": 24.352678, "decimalLongitude": 92.344814, "eventDate": "2024-04-08T11:33:00Z", "countryCode": "IN" }, "geometry": { "type": "Point", "coordinates": [ 92.344814, 24.352678 ] } },
{ "type": "Feature", "properties": { "decimalLatitude": 22.432042, "decimalLongitude": 114.262546, "eventDate": "2024-04-05T10:31:30Z", "countryCode": "HK" }, "geometry": { "type": "Point", "coordinates": [ 114.262546, 22.432042 ] } },
{ "type": "Feature", "properties": { "decimalLatitude": 19.367814, "decimalLongitude": 98.964902, "eventDate": "2024-04-15T16:36:00Z", "countryCode": "TH" }, "geometry": { "type": "Point", "coordinates": [ 98.964902, 19.367814 ] } },
{ "type": "Feature", "properties": { "decimalLatitude": 22.439789, "decimalLongitude": 114.02742, "eventDate": "2024-04-13T13:39:23Z", "countryCode": "HK" }, "geometry": { "type": "Point", "coordinates": [ 114.02742, 22.439789 ] } },
{ "type": "Feature", "properties": { "decimalLatitude": 22.47837, "decimalLongitude": 113.892291, "eventDate": "2024-05-03T22:57:56Z", "countryCode": "CN" }, "geometry": { "type": "Point", "coordinates": [ 113.892291, 22.47837 ] } },
{ "type": "Feature", "properties": { "decimalLatitude": 22.374089, "decimalLongitude": 114.265054, "eventDate": "2024-05-05T15:21:24Z", "countryCode": "HK" }, "geometry": { "type": "Point", "coordinates": [ 114.265054, 22.374089 ] } },
{ "type": "Feature", "properties": { "decimalLatitude": 22.431747, "decimalLongitude": 114.247397, "eventDate": "2024-05-03T13:21:39Z", "countryCode": "HK" }, "geometry": { "type": "Point", "coordinates": [ 114.247397, 22.431747 ] } },
{ "type": "Feature", "properties": { "decimalLatitude": 22.441392, "decimalLongitude": 114.216189, "eventDate": "2024-05-05T13:40:00Z", "countryCode": "HK" }, "geometry": { "type": "Point", "coordinates": [ 114.216189, 22.441392 ] } },
{ "type": "Feature", "properties": { "decimalLatitude": 17.935037, "decimalLongitude": 99.553348, "eventDate": "2024-05-02T08:04:44Z", "countryCode": "TH" }, "geometry": { "type": "Point", "coordinates": [ 99.553348, 17.935037 ] } },
{ "type": "Feature", "properties": { "decimalLatitude": 22.252919, "decimalLongitude": 114.158528, "eventDate": "2024-05-02T15:42:00Z", "countryCode": "HK" }, "geometry": { "type": "Point", "coordinates": [ 114.158528, 22.252919 ] } },
{ "type": "Feature", "properties": { "decimalLatitude": 5.423238, "decimalLongitude": 100.265463, "eventDate": "2024-05-03T17:36:22Z", "countryCode": "MY" }, "geometry": { "type": "Point", "coordinates": [ 100.265463, 5.423238 ] } },
{ "type": "Feature", "properties": { "decimalLatitude": 22.254287, "decimalLongitude": 114.159336, "eventDate": "2024-05-02T17:13:00Z", "countryCode": "HK" }, "geometry": { "type": "Point", "coordinates": [ 114.159336, 22.254287 ] } },
{ "type": "Feature", "properties": { "decimalLatitude": 22.29341, "decimalLongitude": 113.974795, "eventDate": "2024-05-06T13:15:07Z", "countryCode": "HK" }, "geometry": { "type": "Point", "coordinates": [ 113.974795, 22.29341 ] } },
{ "type": "Feature", "properties": { "decimalLatitude": 18.525494, "decimalLongitude": 98.65272, "eventDate": "2024-05-07T09:31:00Z", "countryCode": "TH" }, "geometry": { "type": "Point", "coordinates": [ 98.65272, 18.525494 ] } },
{ "type": "Feature", "properties": { "decimalLatitude": 22.495902, "decimalLongitude": 114.168645, "eventDate": "2024-05-13T10:48:50Z", "countryCode": "HK" }, "geometry": { "type": "Point", "coordinates": [ 114.168645, 22.495902 ] } },
{ "type": "Feature", "properties": { "decimalLatitude": 22.404321, "decimalLongitude": 114.145551, "eventDate": "2024-05-06T14:58:00Z", "countryCode": "HK" }, "geometry": { "type": "Point", "coordinates": [ 114.145551, 22.404321 ] } },
{ "type": "Feature", "properties": { "decimalLatitude": 22.376389, "decimalLongitude": 114.128366, "eventDate": "2024-05-09T12:31:55Z", "countryCode": "HK" }, "geometry": { "type": "Point", "coordinates": [ 114.128366, 22.376389 ] } },
{ "type": "Feature", "properties": { "decimalLatitude": 22.412453, "decimalLongitude": 114.074775, "eventDate": "2024-05-12T12:52:07Z", "countryCode": "HK" }, "geometry": { "type": "Point", "coordinates": [ 114.074775, 22.412453 ] } },
{ "type": "Feature", "properties": { "decimalLatitude": 22.42497, "decimalLongitude": 114.099197, "eventDate": "2024-05-12T13:54:14Z", "countryCode": "HK" }, "geometry": { "type": "Point", "coordinates": [ 114.099197, 22.42497 ] } },
{ "type": "Feature", "properties": { "decimalLatitude": 22.483333, "decimalLongitude": 114.166667, "eventDate": "2024-05-13T09:01:09Z", "countryCode": "HK" }, "geometry": { "type": "Point", "coordinates": [ 114.166667, 22.483333 ] } },
{ "type": "Feature", "properties": { "decimalLatitude": 22.562919, "decimalLongitude": 114.059492, "eventDate": "2024-05-10T14:02:21Z", "countryCode": "CN" }, "geometry": { "type": "Point", "coordinates": [ 114.059492, 22.562919 ] } },
{ "type": "Feature", "properties": { "decimalLatitude": 22.416442, "decimalLongitude": 114.082078, "eventDate": "2024-05-12T13:08:34Z", "countryCode": "HK" }, "geometry": { "type": "Point", "coordinates": [ 114.082078, 22.416442 ] } },
{ "type": "Feature", "properties": { "decimalLatitude": 22.502735, "decimalLongitude": 114.160896, "eventDate": "2024-05-11T11:36:00Z", "countryCode": "HK" }, "geometry": { "type": "Point", "coordinates": [ 114.160896, 22.502735 ] } },
{ "type": "Feature", "properties": { "decimalLatitude": 22.125278, "decimalLongitude": 113.556944, "eventDate": "2024-05-10T13:41:00Z", "countryCode": "MO" }, "geometry": { "type": "Point", "coordinates": [ 113.556944, 22.125278 ] } },
{ "type": "Feature", "properties": { "decimalLatitude": 22.524407, "decimalLongitude": 114.217169, "eventDate": "2024-05-12T07:02:00Z", "countryCode": "HK" }, "geometry": { "type": "Point", "coordinates": [ 114.217169, 22.524407 ] } },
{ "type": "Feature", "properties": { "decimalLatitude": 22.396544, "decimalLongitude": 114.077234, "eventDate": "2024-05-09T11:14:17Z", "countryCode": "HK" }, "geometry": { "type": "Point", "coordinates": [ 114.077234, 22.396544 ] } },
{ "type": "Feature", "properties": { "decimalLatitude": 22.485647, "decimalLongitude": 114.014318, "eventDate": "2024-05-06T13:53:00Z", "countryCode": "HK" }, "geometry": { "type": "Point", "coordinates": [ 114.014318, 22.485647 ] } },
{ "type": "Feature", "properties": { "decimalLatitude": 22.474324, "decimalLongitude": 114.220795, "eventDate": "2024-05-15T12:31:00Z", "countryCode": "HK" }, "geometry": { "type": "Point", "coordinates": [ 114.220795, 22.474324 ] } },
{ "type": "Feature", "properties": { "decimalLatitude": 22.521433, "decimalLongitude": 114.095967, "eventDate": "2024-05-17T17:04:00Z", "countryCode": "HK" }, "geometry": { "type": "Point", "coordinates": [ 114.095967, 22.521433 ] } },
{ "type": "Feature", "properties": { "decimalLatitude": 22.403445, "decimalLongitude": 114.279662, "eventDate": "2024-05-15T15:19:21Z", "countryCode": "HK" }, "geometry": { "type": "Point", "coordinates": [ 114.279662, 22.403445 ] } },
{ "type": "Feature", "properties": { "decimalLatitude": 22.523805, "decimalLongitude": 114.095963, "eventDate": "2024-05-17T10:02:00Z", "countryCode": "HK" }, "geometry": { "type": "Point", "coordinates": [ 114.095963, 22.523805 ] } },
{ "type": "Feature", "properties": { "decimalLatitude": 22.430199, "decimalLongitude": 114.163496, "eventDate": "2024-05-18T15:16:00Z", "countryCode": "HK" }, "geometry": { "type": "Point", "coordinates": [ 114.163496, 22.430199 ] } },
{ "type": "Feature", "properties": { "decimalLatitude": 22.338499, "decimalLongitude": 114.106575, "eventDate": "2024-05-15T09:38:00Z", "countryCode": "HK" }, "geometry": { "type": "Point", "coordinates": [ 114.106575, 22.338499 ] } },
{ "type": "Feature", "properties": { "decimalLatitude": 22.346173, "decimalLongitude": 114.18972, "eventDate": "2024-05-19T15:48:07Z", "countryCode": "HK" }, "geometry": { "type": "Point", "coordinates": [ 114.18972, 22.346173 ] } },
{ "type": "Feature", "properties": { "decimalLatitude": 1.400134, "decimalLongitude": 103.807733, "eventDate": "2024-05-19T09:24:00Z", "countryCode": "SG" }, "geometry": { "type": "Point", "coordinates": [ 103.807733, 1.400134 ] } },
{ "type": "Feature", "properties": { "decimalLatitude": 22.447789, "decimalLongitude": 114.351507, "eventDate": "2024-05-18T13:30:00Z", "countryCode": "HK" }, "geometry": { "type": "Point", "coordinates": [ 114.351507, 22.447789 ] } },
{ "type": "Feature", "properties": { "decimalLatitude": 22.372627, "decimalLongitude": 114.268443, "eventDate": "2024-05-19T15:38:12Z", "countryCode": "HK" }, "geometry": { "type": "Point", "coordinates": [ 114.268443, 22.372627 ] } },
{ "type": "Feature", "properties": { "decimalLatitude": 22.123333, "decimalLongitude": 113.559167, "eventDate": "2024-05-21T13:32:00Z", "countryCode": "MO" }, "geometry": { "type": "Point", "coordinates": [ 113.559167, 22.123333 ] } },
{ "type": "Feature", "properties": { "decimalLatitude": 22.430199, "decimalLongitude": 114.163496, "eventDate": "2024-05-18T15:15:00Z", "countryCode": "HK" }, "geometry": { "type": "Point", "coordinates": [ 114.163496, 22.430199 ] } },
{ "type": "Feature", "properties": { "decimalLatitude": 22.367358, "decimalLongitude": 114.113792, "eventDate": "2024-05-17T09:47:53Z", "countryCode": "HK" }, "geometry": { "type": "Point", "coordinates": [ 114.113792, 22.367358 ] } },
{ "type": "Feature", "properties": { "decimalLatitude": 22.417725, "decimalLongitude": 114.233758, "eventDate": "2024-05-12T13:59:58Z", "countryCode": "HK" }, "geometry": { "type": "Point", "coordinates": [ 114.233758, 22.417725 ] } },
{ "type": "Feature", "properties": { "decimalLatitude": 22.126087, "decimalLongitude": 113.563922, "eventDate": "2024-05-18T12:42:43Z", "countryCode": "MO" }, "geometry": { "type": "Point", "coordinates": [ 113.563922, 22.126087 ] } },
{ "type": "Feature", "properties": { "decimalLatitude": 22.372627, "decimalLongitude": 114.268443, "eventDate": "2024-05-19T14:41:23Z", "countryCode": "HK" }, "geometry": { "type": "Point", "coordinates": [ 114.268443, 22.372627 ] } },
{ "type": "Feature", "properties": { "decimalLatitude": 22.386001, "decimalLongitude": 114.147259, "eventDate": "2024-05-26T00:00:00Z", "countryCode": "HK" }, "geometry": { "type": "Point", "coordinates": [ 114.147259, 22.386001 ] } },
{ "type": "Feature", "properties": { "decimalLatitude": 1.359683, "decimalLongitude": 103.77709, "eventDate": "2024-05-23T14:06:00Z", "countryCode": "SG" }, "geometry": { "type": "Point", "coordinates": [ 103.77709, 1.359683 ] } },
{ "type": "Feature", "properties": { "decimalLatitude": 1.400088, "decimalLongitude": 103.806915, "eventDate": "2024-05-26T10:59:00Z", "countryCode": "SG" }, "geometry": { "type": "Point", "coordinates": [ 103.806915, 1.400088 ] } },
{ "type": "Feature", "properties": { "decimalLatitude": 22.221824, "decimalLongitude": 113.914155, "eventDate": "2024-05-27T14:42:00Z", "countryCode": "HK" }, "geometry": { "type": "Point", "coordinates": [ 113.914155, 22.221824 ] } },
{ "type": "Feature", "properties": { "decimalLatitude": 22.221824, "decimalLongitude": 113.914155, "eventDate": "2024-05-27T14:28:00Z", "countryCode": "HK" }, "geometry": { "type": "Point", "coordinates": [ 113.914155, 22.221824 ] } },
{ "type": "Feature", "properties": { "decimalLatitude": 22.471121, "decimalLongitude": 114.049304, "eventDate": "2024-05-23T14:30:00Z", "countryCode": "HK" }, "geometry": { "type": "Point", "coordinates": [ 114.049304, 22.471121 ] } },
{ "type": "Feature", "properties": { "decimalLatitude": 1.398898, "decimalLongitude": 103.806935, "eventDate": "2024-05-26T11:52:00Z", "countryCode": "SG" }, "geometry": { "type": "Point", "coordinates": [ 103.806935, 1.398898 ] } },
{ "type": "Feature", "properties": { "decimalLatitude": 14.49268, "decimalLongitude": 101.171939, "eventDate": "2024-05-22T13:21:01Z", "countryCode": "TH" }, "geometry": { "type": "Point", "coordinates": [ 101.171939, 14.49268 ] } },
{ "type": "Feature", "properties": { "decimalLatitude": 22.373936, "decimalLongitude": 114.267644, "eventDate": "2024-05-26T14:04:00Z", "countryCode": "HK" }, "geometry": { "type": "Point", "coordinates": [ 114.267644, 22.373936 ] } },
{ "type": "Feature", "properties": { "decimalLatitude": 22.571526, "decimalLongitude": 114.143551, "eventDate": "2024-05-26T13:36:00Z", "countryCode": "HK" }, "geometry": { "type": "Point", "coordinates": [ 114.143551, 22.571526 ] } },
{ "type": "Feature", "properties": { "decimalLatitude": 8.916085, "decimalLongitude": 98.515421, "eventDate": "2024-05-18T11:35:00Z", "countryCode": "TH" }, "geometry": { "type": "Point", "coordinates": [ 98.515421, 8.916085 ] } },
{ "type": "Feature", "properties": { "decimalLatitude": 22.378264, "decimalLongitude": 114.144232, "eventDate": "2024-05-17T16:35:16Z", "countryCode": "HK" }, "geometry": { "type": "Point", "coordinates": [ 114.144232, 22.378264 ] } },
{ "type": "Feature", "properties": { "decimalLatitude": 22.232787, "decimalLongitude": 113.850955, "eventDate": "2024-05-25T12:09:00Z", "countryCode": "HK" }, "geometry": { "type": "Point", "coordinates": [ 113.850955, 22.232787 ] } },
{ "type": "Feature", "properties": { "decimalLatitude": 22.202078, "decimalLongitude": 114.129761, "eventDate": "2024-05-25T15:06:09Z", "countryCode": "HK" }, "geometry": { "type": "Point", "coordinates": [ 114.129761, 22.202078 ] } },
{ "type": "Feature", "properties": { "decimalLatitude": 22.223631, "decimalLongitude": 114.112822, "eventDate": "2024-05-27T21:40:09Z", "countryCode": "HK" }, "geometry": { "type": "Point", "coordinates": [ 114.112822, 22.223631 ] } },
{ "type": "Feature", "properties": { "decimalLatitude": 22.325183, "decimalLongitude": 114.265976, "eventDate": "2024-05-28T13:44:00Z", "countryCode": "HK" }, "geometry": { "type": "Point", "coordinates": [ 114.265976, 22.325183 ] } },
{ "type": "Feature", "properties": { "decimalLatitude": 22.436008, "decimalLongitude": 114.128223, "eventDate": "2024-05-29T15:53:00Z", "countryCode": "HK" }, "geometry": { "type": "Point", "coordinates": [ 114.128223, 22.436008 ] } },
{ "type": "Feature", "properties": { "decimalLatitude": 22.343328, "decimalLongitude": 114.152436, "eventDate": "2024-05-29T09:49:53Z", "countryCode": "HK" }, "geometry": { "type": "Point", "coordinates": [ 114.152436, 22.343328 ] } },
{ "type": "Feature", "properties": { "decimalLatitude": 22.467622, "decimalLongitude": 114.179108, "eventDate": "2024-05-29T14:08:48Z", "countryCode": "HK" }, "geometry": { "type": "Point", "coordinates": [ 114.179108, 22.467622 ] } },
{ "type": "Feature", "properties": { "decimalLatitude": 3.545916, "decimalLongitude": 98.119313, "eventDate": "2024-05-01T12:06:00Z", "countryCode": "ID" }, "geometry": { "type": "Point", "coordinates": [ 98.119313, 3.545916 ] } },
{ "type": "Feature", "properties": { "decimalLatitude": -2.149178, "decimalLongitude": 114.459927, "eventDate": "2024-05-26T03:49:00Z", "countryCode": "ID" }, "geometry": { "type": "Point", "coordinates": [ 114.459927, -2.149178 ] } },
{ "type": "Feature", "properties": { "decimalLatitude": 1.351932, "decimalLongitude": 103.822077, "eventDate": "2024-05-05T13:56:00Z", "countryCode": "SG" }, "geometry": { "type": "Point", "coordinates": [ 103.822077, 1.351932 ] } },
{ "type": "Feature", "properties": { "decimalLatitude": 1.351932, "decimalLongitude": 103.822077, "eventDate": "2024-05-05T12:45:00Z", "countryCode": "SG" }, "geometry": { "type": "Point", "coordinates": [ 103.822077, 1.351932 ] } },
{ "type": "Feature", "properties": { "decimalLatitude": 22.117222, "decimalLongitude": 113.553333, "eventDate": "2024-05-07T14:49:00Z", "countryCode": "MO" }, "geometry": { "type": "Point", "coordinates": [ 113.553333, 22.117222 ] } },
{ "type": "Feature", "properties": { "decimalLatitude": 22.407403, "decimalLongitude": 113.39283, "eventDate": "2024-05-15T14:00:35Z", "countryCode": "CN" }, "geometry": { "type": "Point", "coordinates": [ 113.39283, 22.407403 ] } },
{ "type": "Feature", "properties": { "decimalLatitude": 1.348388, "decimalLongitude": 103.776701, "eventDate": "2024-05-09T09:35:00Z", "countryCode": "SG" }, "geometry": { "type": "Point", "coordinates": [ 103.776701, 1.348388 ] } },
{ "type": "Feature", "properties": { "decimalLatitude": 21.931655, "decimalLongitude": 101.240113, "eventDate": "2024-05-02T20:59:00Z", "countryCode": "CN" }, "geometry": { "type": "Point", "coordinates": [ 101.240113, 21.931655 ] } },
{ "type": "Feature", "properties": { "decimalLatitude": 23.011885, "decimalLongitude": 114.421512, "eventDate": "2024-05-30T21:29:21Z", "countryCode": "CN" }, "geometry": { "type": "Point", "coordinates": [ 114.421512, 23.011885 ] } },
{ "type": "Feature", "properties": { "decimalLatitude": 18.812255, "decimalLongitude": 98.941641, "eventDate": "2024-05-11T13:26:54Z", "countryCode": "TH" }, "geometry": { "type": "Point", "coordinates": [ 98.941641, 18.812255 ] } },
{ "type": "Feature", "properties": { "decimalLatitude": 18.812255, "decimalLongitude": 98.941641, "eventDate": "2024-05-11T12:25:48Z", "countryCode": "TH" }, "geometry": { "type": "Point", "coordinates": [ 98.941641, 18.812255 ] } },
{ "type": "Feature", "properties": { "decimalLatitude": 18.816797, "decimalLongitude": 98.924115, "eventDate": "2024-05-15T13:53:35Z", "countryCode": "TH" }, "geometry": { "type": "Point", "coordinates": [ 98.924115, 18.816797 ] } },
{ "type": "Feature", "properties": { "decimalLatitude": 22.369911, "decimalLongitude": 114.114431, "eventDate": "2024-05-05T10:59:50Z", "countryCode": "HK" }, "geometry": { "type": "Point", "coordinates": [ 114.114431, 22.369911 ] } },
{ "type": "Feature", "properties": { "decimalLatitude": 22.494791, "decimalLongitude": 114.105609, "eventDate": "2024-05-12T13:01:00Z", "countryCode": "HK" }, "geometry": { "type": "Point", "coordinates": [ 114.105609, 22.494791 ] } },
{ "type": "Feature", "properties": { "decimalLatitude": 22.476159, "decimalLongitude": 114.235875, "eventDate": "2024-05-29T14:42:26Z", "countryCode": "HK" }, "geometry": { "type": "Point", "coordinates": [ 114.235875, 22.476159 ] } },
{ "type": "Feature", "properties": { "decimalLatitude": 22.476316, "decimalLongitude": 114.236134, "eventDate": "2024-05-16T16:12:05Z", "countryCode": "HK" }, "geometry": { "type": "Point", "coordinates": [ 114.236134, 22.476316 ] } },
{ "type": "Feature", "properties": { "decimalLatitude": 22.476274, "decimalLongitude": 114.236094, "eventDate": "2024-05-14T09:34:48Z", "countryCode": "HK" }, "geometry": { "type": "Point", "coordinates": [ 114.236094, 22.476274 ] } },
{ "type": "Feature", "properties": { "decimalLatitude": 22.475949, "decimalLongitude": 114.219586, "eventDate": "2024-05-12T11:31:00Z", "countryCode": "HK" }, "geometry": { "type": "Point", "coordinates": [ 114.219586, 22.475949 ] } },
{ "type": "Feature", "properties": { "decimalLatitude": 22.41221, "decimalLongitude": 114.381947, "eventDate": "2024-05-18T13:40:34Z", "countryCode": "HK" }, "geometry": { "type": "Point", "coordinates": [ 114.381947, 22.41221 ] } },
{ "type": "Feature", "properties": { "decimalLatitude": 1.353643, "decimalLongitude": 103.781073, "eventDate": "2024-06-01T15:14:00Z", "countryCode": "SG" }, "geometry": { "type": "Point", "coordinates": [ 103.781073, 1.353643 ] } },
{ "type": "Feature", "properties": { "decimalLatitude": 22.530257, "decimalLongitude": 114.336961, "eventDate": "2024-06-02T13:10:00Z", "countryCode": "HK" }, "geometry": { "type": "Point", "coordinates": [ 114.336961, 22.530257 ] } },
{ "type": "Feature", "properties": { "decimalLatitude": 22.2155, "decimalLongitude": 113.931044, "eventDate": "2024-06-02T13:10:32Z", "countryCode": "HK" }, "geometry": { "type": "Point", "coordinates": [ 113.931044, 22.2155 ] } },
{ "type": "Feature", "properties": { "decimalLatitude": 22.277863, "decimalLongitude": 113.891363, "eventDate": "2024-06-02T12:22:07Z", "countryCode": "HK" }, "geometry": { "type": "Point", "coordinates": [ 113.891363, 22.277863 ] } },
{ "type": "Feature", "properties": { "decimalLatitude": 22.32602, "decimalLongitude": 114.220661, "eventDate": "2024-06-02T15:15:00Z", "countryCode": "HK" }, "geometry": { "type": "Point", "coordinates": [ 114.220661, 22.32602 ] } },
{ "type": "Feature", "properties": { "decimalLatitude": 22.37386, "decimalLongitude": 114.266548, "eventDate": "2024-06-03T11:32:00Z", "countryCode": "HK" }, "geometry": { "type": "Point", "coordinates": [ 114.266548, 22.37386 ] } },
{ "type": "Feature", "properties": { "decimalLatitude": 22.406379, "decimalLongitude": 114.078197, "eventDate": "2024-06-01T10:03:55Z", "countryCode": "HK" }, "geometry": { "type": "Point", "coordinates": [ 114.078197, 22.406379 ] } },
{ "type": "Feature", "properties": { "decimalLatitude": 22.32603, "decimalLongitude": 114.220649, "eventDate": "2024-06-02T15:14:00Z", "countryCode": "HK" }, "geometry": { "type": "Point", "coordinates": [ 114.220649, 22.32603 ] } },
{ "type": "Feature", "properties": { "decimalLatitude": 22.331428, "decimalLongitude": 114.220218, "eventDate": "2024-06-05T13:49:00Z", "countryCode": "HK" }, "geometry": { "type": "Point", "coordinates": [ 114.220218, 22.331428 ] } },
{ "type": "Feature", "properties": { "decimalLatitude": 22.262263, "decimalLongitude": 114.248106, "eventDate": "2024-06-09T18:03:41Z", "countryCode": "HK" }, "geometry": { "type": "Point", "coordinates": [ 114.248106, 22.262263 ] } },
{ "type": "Feature", "properties": { "decimalLatitude": 22.454005, "decimalLongitude": 114.004259, "eventDate": "2024-06-10T13:56:00Z", "countryCode": "HK" }, "geometry": { "type": "Point", "coordinates": [ 114.004259, 22.454005 ] } },
{ "type": "Feature", "properties": { "decimalLatitude": 22.24783, "decimalLongitude": 113.864727, "eventDate": "2024-06-02T14:08:00Z", "countryCode": "HK" }, "geometry": { "type": "Point", "coordinates": [ 113.864727, 22.24783 ] } },
{ "type": "Feature", "properties": { "decimalLatitude": 22.490332, "decimalLongitude": 114.166675, "eventDate": "2024-06-02T15:53:34Z", "countryCode": "HK" }, "geometry": { "type": "Point", "coordinates": [ 114.166675, 22.490332 ] } },
{ "type": "Feature", "properties": { "decimalLatitude": 22.221768, "decimalLongitude": 113.914865, "eventDate": "2024-06-02T13:24:00Z", "countryCode": "HK" }, "geometry": { "type": "Point", "coordinates": [ 113.914865, 22.221768 ] } },
{ "type": "Feature", "properties": { "decimalLatitude": 22.457999, "decimalLongitude": 114.227825, "eventDate": "2024-06-06T13:19:00Z", "countryCode": "HK" }, "geometry": { "type": "Point", "coordinates": [ 114.227825, 22.457999 ] } },
{ "type": "Feature", "properties": { "decimalLatitude": 22.271212, "decimalLongitude": 113.887925, "eventDate": "2024-06-10T13:17:26Z", "countryCode": "HK" }, "geometry": { "type": "Point", "coordinates": [ 113.887925, 22.271212 ] } },
{ "type": "Feature", "properties": { "decimalLatitude": 1.369375, "decimalLongitude": 103.77928, "eventDate": "2024-06-08T11:18:00Z", "countryCode": "SG" }, "geometry": { "type": "Point", "coordinates": [ 103.77928, 1.369375 ] } },
{ "type": "Feature", "properties": { "decimalLatitude": 22.308864, "decimalLongitude": 114.027744, "eventDate": "2024-06-02T00:00:00Z", "countryCode": "HK" }, "geometry": { "type": "Point", "coordinates": [ 114.027744, 22.308864 ] } },
{ "type": "Feature", "properties": { "decimalLatitude": 22.249909, "decimalLongitude": 113.867121, "eventDate": "2024-06-02T14:03:00Z", "countryCode": "HK" }, "geometry": { "type": "Point", "coordinates": [ 113.867121, 22.249909 ] } },
{ "type": "Feature", "properties": { "decimalLatitude": 22.349454, "decimalLongitude": 114.184363, "eventDate": "2024-06-19T14:59:00Z", "countryCode": "HK" }, "geometry": { "type": "Point", "coordinates": [ 114.184363, 22.349454 ] } },
{ "type": "Feature", "properties": { "decimalLatitude": 1.383329, "decimalLongitude": 103.821947, "eventDate": "2024-06-17T08:54:00Z", "countryCode": "SG" }, "geometry": { "type": "Point", "coordinates": [ 103.821947, 1.383329 ] } },
{ "type": "Feature", "properties": { "decimalLatitude": 22.280305, "decimalLongitude": 114.137658, "eventDate": "2024-06-14T20:08:10Z", "countryCode": "HK" }, "geometry": { "type": "Point", "coordinates": [ 114.137658, 22.280305 ] } },
{ "type": "Feature", "properties": { "decimalLatitude": 1.363057, "decimalLongitude": 103.775444, "eventDate": "2024-06-19T15:21:00Z", "countryCode": "SG" }, "geometry": { "type": "Point", "coordinates": [ 103.775444, 1.363057 ] } },
{ "type": "Feature", "properties": { "decimalLatitude": 22.548829, "decimalLongitude": 114.294274, "eventDate": "2024-06-20T12:57:00Z", "countryCode": "HK" }, "geometry": { "type": "Point", "coordinates": [ 114.294274, 22.548829 ] } },
{ "type": "Feature", "properties": { "decimalLatitude": 1.398986, "decimalLongitude": 103.806896, "eventDate": "2024-06-25T12:25:00Z", "countryCode": "SG" }, "geometry": { "type": "Point", "coordinates": [ 103.806896, 1.398986 ] } },
{ "type": "Feature", "properties": { "decimalLatitude": 1.338904, "decimalLongitude": 103.836555, "eventDate": "2024-06-24T13:04:04Z", "countryCode": "SG" }, "geometry": { "type": "Point", "coordinates": [ 103.836555, 1.338904 ] } },
{ "type": "Feature", "properties": { "decimalLatitude": 1.360953, "decimalLongitude": 103.777692, "eventDate": "2024-06-17T10:56:00Z", "countryCode": "SG" }, "geometry": { "type": "Point", "coordinates": [ 103.777692, 1.360953 ] } },
{ "type": "Feature", "properties": { "decimalLatitude": 1.3576, "decimalLongitude": 103.804453, "eventDate": "2024-06-17T12:43:00Z", "countryCode": "SG" }, "geometry": { "type": "Point", "coordinates": [ 103.804453, 1.3576 ] } },
{ "type": "Feature", "properties": { "decimalLatitude": 22.491419, "decimalLongitude": 114.182114, "eventDate": "2024-06-23T12:27:04Z", "countryCode": "HK" }, "geometry": { "type": "Point", "coordinates": [ 114.182114, 22.491419 ] } },
{ "type": "Feature", "properties": { "decimalLatitude": 22.548603, "decimalLongitude": 114.294709, "eventDate": "2024-06-20T12:50:00Z", "countryCode": "HK" }, "geometry": { "type": "Point", "coordinates": [ 114.294709, 22.548603 ] } },
{ "type": "Feature", "properties": { "decimalLatitude": 22.274857, "decimalLongitude": 114.144773, "eventDate": "2024-06-19T14:03:00Z", "countryCode": "HK" }, "geometry": { "type": "Point", "coordinates": [ 114.144773, 22.274857 ] } },
{ "type": "Feature", "properties": { "decimalLatitude": 22.411992, "decimalLongitude": 114.068611, "eventDate": "2024-06-16T14:56:19Z", "countryCode": "HK" }, "geometry": { "type": "Point", "coordinates": [ 114.068611, 22.411992 ] } },
{ "type": "Feature", "properties": { "decimalLatitude": 22.467136, "decimalLongitude": 114.179491, "eventDate": "2024-06-21T13:46:00Z", "countryCode": "HK" }, "geometry": { "type": "Point", "coordinates": [ 114.179491, 22.467136 ] } },
{ "type": "Feature", "properties": { "decimalLatitude": 1.398986, "decimalLongitude": 103.806896, "eventDate": "2024-06-25T12:25:00Z", "countryCode": "SG" }, "geometry": { "type": "Point", "coordinates": [ 103.806896, 1.398986 ] } },
{ "type": "Feature", "properties": { "decimalLatitude": 22.488103, "decimalLongitude": 114.00938, "eventDate": "2024-06-13T12:01:00Z", "countryCode": "HK" }, "geometry": { "type": "Point", "coordinates": [ 114.00938, 22.488103 ] } },
{ "type": "Feature", "properties": { "decimalLatitude": 8.91407, "decimalLongitude": 98.520916, "eventDate": "2024-06-12T19:51:02Z", "countryCode": "TH" }, "geometry": { "type": "Point", "coordinates": [ 98.520916, 8.91407 ] } },
{ "type": "Feature", "properties": { "decimalLatitude": 1.359036, "decimalLongitude": 103.820542, "eventDate": "2024-06-15T11:14:00Z", "countryCode": "SG" }, "geometry": { "type": "Point", "coordinates": [ 103.820542, 1.359036 ] } },
{ "type": "Feature", "properties": { "decimalLatitude": 22.320199, "decimalLongitude": 114.2643, "eventDate": "2024-06-17T12:35:30Z", "countryCode": "HK" }, "geometry": { "type": "Point", "coordinates": [ 114.2643, 22.320199 ] } },
{ "type": "Feature", "properties": { "decimalLatitude": 22.390433, "decimalLongitude": 113.919895, "eventDate": "2024-06-16T14:09:00Z", "countryCode": "HK" }, "geometry": { "type": "Point", "coordinates": [ 113.919895, 22.390433 ] } },
{ "type": "Feature", "properties": { "decimalLatitude": 22.348491, "decimalLongitude": 114.199972, "eventDate": "2024-06-30T23:54:58Z", "countryCode": "HK" }, "geometry": { "type": "Point", "coordinates": [ 114.199972, 22.348491 ] } },
{ "type": "Feature", "properties": { "decimalLatitude": 22.228679, "decimalLongitude": 113.934922, "eventDate": "2024-06-23T13:31:00Z", "countryCode": "HK" }, "geometry": { "type": "Point", "coordinates": [ 113.934922, 22.228679 ] } },
{ "type": "Feature", "properties": { "decimalLatitude": 23.164527, "decimalLongitude": 113.354822, "eventDate": "2024-06-24T09:38:14Z", "countryCode": "CN" }, "geometry": { "type": "Point", "coordinates": [ 113.354822, 23.164527 ] } },
{ "type": "Feature", "properties": { "decimalLatitude": 22.694082, "decimalLongitude": 113.865772, "eventDate": "2024-06-20T12:47:23Z", "countryCode": "CN" }, "geometry": { "type": "Point", "coordinates": [ 113.865772, 22.694082 ] } },
{ "type": "Feature", "properties": { "decimalLatitude": 22.513324, "decimalLongitude": 114.370624, "eventDate": "2024-06-18T00:00:00Z", "countryCode": "HK" }, "geometry": { "type": "Point", "coordinates": [ 114.370624, 22.513324 ] } },
{ "type": "Feature", "properties": { "decimalLatitude": 6.7878, "decimalLongitude": 100.23106, "eventDate": "2024-06-29T08:27:00Z", "countryCode": "TH" }, "geometry": { "type": "Point", "coordinates": [ 100.23106, 6.7878 ] } },
{ "type": "Feature", "properties": { "decimalLatitude": 6.045724, "decimalLongitude": 116.70336, "eventDate": "2024-06-24T00:00:00Z", "countryCode": "MY" }, "geometry": { "type": "Point", "coordinates": [ 116.70336, 6.045724 ] } },
{ "type": "Feature", "properties": { "decimalLatitude": 22.37431, "decimalLongitude": 114.266335, "eventDate": "2024-06-29T14:01:01Z", "countryCode": "HK" }, "geometry": { "type": "Point", "coordinates": [ 114.266335, 22.37431 ] } },
{ "type": "Feature", "properties": { "decimalLatitude": 22.381776, "decimalLongitude": 114.251589, "eventDate": "2024-06-08T14:14:00Z", "countryCode": "HK" }, "geometry": { "type": "Point", "coordinates": [ 114.251589, 22.381776 ] } },
{ "type": "Feature", "properties": { "decimalLatitude": 22.370662, "decimalLongitude": 114.124908, "eventDate": "2024-06-12T12:27:13Z", "countryCode": "HK" }, "geometry": { "type": "Point", "coordinates": [ 114.124908, 22.370662 ] } },
{ "type": "Feature", "properties": { "decimalLatitude": 6.702384, "decimalLongitude": 100.1985, "eventDate": "2024-06-12T00:00:00Z", "countryCode": "MY" }, "geometry": { "type": "Point", "coordinates": [ 100.1985, 6.702384 ] } },
{ "type": "Feature", "properties": { "decimalLatitude": 4.376456, "decimalLongitude": 101.174039, "eventDate": "2024-06-06T00:00:00Z", "countryCode": "MY" }, "geometry": { "type": "Point", "coordinates": [ 101.174039, 4.376456 ] } },
{ "type": "Feature", "properties": { "decimalLatitude": 22.427411, "decimalLongitude": 114.337907, "eventDate": "2024-06-22T14:06:00Z", "countryCode": "HK" }, "geometry": { "type": "Point", "coordinates": [ 114.337907, 22.427411 ] } },
{ "type": "Feature", "properties": { "decimalLatitude": 1.228983, "decimalLongitude": 103.677297, "eventDate": "2024-06-02T15:10:00Z", "countryCode": "SG" }, "geometry": { "type": "Point", "coordinates": [ 103.677297, 1.228983 ] } },
{ "type": "Feature", "properties": { "decimalLatitude": 5.367316, "decimalLongitude": 100.248649, "eventDate": "2024-06-02T16:09:00Z", "countryCode": "MY" }, "geometry": { "type": "Point", "coordinates": [ 100.248649, 5.367316 ] } },
{ "type": "Feature", "properties": { "decimalLatitude": 22.694828, "decimalLongitude": 114.208458, "eventDate": "2024-06-08T15:16:20Z", "countryCode": "CN" }, "geometry": { "type": "Point", "coordinates": [ 114.208458, 22.694828 ] } },
{ "type": "Feature", "properties": { "decimalLatitude": 22.694837, "decimalLongitude": 114.208472, "eventDate": "2024-06-08T15:16:27Z", "countryCode": "CN" }, "geometry": { "type": "Point", "coordinates": [ 114.208472, 22.694837 ] } },
{ "type": "Feature", "properties": { "decimalLatitude": 3.260417, "decimalLongitude": 101.930133, "eventDate": "2024-06-18T00:03:00Z", "countryCode": "MY" }, "geometry": { "type": "Point", "coordinates": [ 101.930133, 3.260417 ] } },
{ "type": "Feature", "properties": { "decimalLatitude": 22.374067, "decimalLongitude": 114.265838, "eventDate": "2024-07-01T19:24:23Z", "countryCode": "HK" }, "geometry": { "type": "Point", "coordinates": [ 114.265838, 22.374067 ] } },
{ "type": "Feature", "properties": { "decimalLatitude": 1.349638, "decimalLongitude": 103.779061, "eventDate": "2024-07-01T12:22:04Z", "countryCode": "SG" }, "geometry": { "type": "Point", "coordinates": [ 103.779061, 1.349638 ] } },
{ "type": "Feature", "properties": { "decimalLatitude": 1.354636, "decimalLongitude": 103.776388, "eventDate": "2024-07-01T13:48:37Z", "countryCode": "SG" }, "geometry": { "type": "Point", "coordinates": [ 103.776388, 1.354636 ] } },
{ "type": "Feature", "properties": { "decimalLatitude": 22.51965, "decimalLongitude": 114.361116, "eventDate": "2024-07-08T13:12:00Z", "countryCode": "HK" }, "geometry": { "type": "Point", "coordinates": [ 114.361116, 22.51965 ] } },
{ "type": "Feature", "properties": { "decimalLatitude": 22.335112, "decimalLongitude": 114.184247, "eventDate": "2024-07-14T12:50:55Z", "countryCode": "HK" }, "geometry": { "type": "Point", "coordinates": [ 114.184247, 22.335112 ] } },
{ "type": "Feature", "properties": { "decimalLatitude": 22.239833, "decimalLongitude": 113.982262, "eventDate": "2024-07-06T15:38:34Z", "countryCode": "HK" }, "geometry": { "type": "Point", "coordinates": [ 113.982262, 22.239833 ] } },
{ "type": "Feature", "properties": { "decimalLatitude": 22.37477, "decimalLongitude": 114.263558, "eventDate": "2024-07-03T13:49:07Z", "countryCode": "HK" }, "geometry": { "type": "Point", "coordinates": [ 114.263558, 22.37477 ] } },
{ "type": "Feature", "properties": { "decimalLatitude": 22.374777, "decimalLongitude": 114.263533, "eventDate": "2024-07-03T13:53:16Z", "countryCode": "HK" }, "geometry": { "type": "Point", "coordinates": [ 114.263533, 22.374777 ] } },
{ "type": "Feature", "properties": { "decimalLatitude": 22.226976, "decimalLongitude": 113.847307, "eventDate": "2024-07-14T10:30:12Z", "countryCode": "HK" }, "geometry": { "type": "Point", "coordinates": [ 113.847307, 22.226976 ] } },
{ "type": "Feature", "properties": { "decimalLatitude": 22.543802, "decimalLongitude": 114.340097, "eventDate": "2024-07-14T13:26:00Z", "countryCode": "HK" }, "geometry": { "type": "Point", "coordinates": [ 114.340097, 22.543802 ] } },
{ "type": "Feature", "properties": { "decimalLatitude": 22.118514, "decimalLongitude": 113.556706, "eventDate": "2024-07-13T11:35:20Z", "countryCode": "MO" }, "geometry": { "type": "Point", "coordinates": [ 113.556706, 22.118514 ] } },
{ "type": "Feature", "properties": { "decimalLatitude": 1.346243, "decimalLongitude": 103.782034, "eventDate": "2024-07-02T09:30:00Z", "countryCode": "SG" }, "geometry": { "type": "Point", "coordinates": [ 103.782034, 1.346243 ] } },
{ "type": "Feature", "properties": { "decimalLatitude": 19.465397, "decimalLongitude": 98.945014, "eventDate": "2024-07-05T13:27:00Z", "countryCode": "TH" }, "geometry": { "type": "Point", "coordinates": [ 98.945014, 19.465397 ] } },
{ "type": "Feature", "properties": { "decimalLatitude": 21.920407, "decimalLongitude": 101.269085, "eventDate": "2024-07-15T14:16:00Z", "countryCode": "CN" }, "geometry": { "type": "Point", "coordinates": [ 101.269085, 21.920407 ] } },
{ "type": "Feature", "properties": { "decimalLatitude": 22.357101, "decimalLongitude": 114.10453, "eventDate": "2024-07-10T12:24:37Z", "countryCode": "HK" }, "geometry": { "type": "Point", "coordinates": [ 114.10453, 22.357101 ] } },
{ "type": "Feature", "properties": { "decimalLatitude": 22.55616, "decimalLongitude": 114.055225, "eventDate": "2024-07-21T13:12:00Z", "countryCode": "HK" }, "geometry": { "type": "Point", "coordinates": [ 114.055225, 22.55616 ] } },
{ "type": "Feature", "properties": { "decimalLatitude": 1.29385, "decimalLongitude": 103.870262, "eventDate": "2024-07-20T21:22:00Z", "countryCode": "SG" }, "geometry": { "type": "Point", "coordinates": [ 103.870262, 1.29385 ] } },
{ "type": "Feature", "properties": { "decimalLatitude": 2.198881, "decimalLongitude": 103.682586, "eventDate": "2024-07-08T16:22:00Z", "countryCode": "MY" }, "geometry": { "type": "Point", "coordinates": [ 103.682586, 2.198881 ] } },
{ "type": "Feature", "properties": { "decimalLatitude": 22.406271, "decimalLongitude": 114.3417, "eventDate": "2024-07-20T12:55:00Z", "countryCode": "HK" }, "geometry": { "type": "Point", "coordinates": [ 114.3417, 22.406271 ] } },
{ "type": "Feature", "properties": { "decimalLatitude": 22.496337, "decimalLongitude": 114.326788, "eventDate": "2024-07-23T11:20:00Z", "countryCode": "HK" }, "geometry": { "type": "Point", "coordinates": [ 114.326788, 22.496337 ] } },
{ "type": "Feature", "properties": { "decimalLatitude": 22.555985, "decimalLongitude": 114.281117, "eventDate": "2024-07-23T11:20:00Z", "countryCode": "HK" }, "geometry": { "type": "Point", "coordinates": [ 114.281117, 22.555985 ] } },
{ "type": "Feature", "properties": { "decimalLatitude": 22.371717, "decimalLongitude": 114.267812, "eventDate": "2024-07-29T18:35:00Z", "countryCode": "HK" }, "geometry": { "type": "Point", "coordinates": [ 114.267812, 22.371717 ] } },
{ "type": "Feature", "properties": { "decimalLatitude": 1.399705, "decimalLongitude": 103.808012, "eventDate": "2024-07-27T12:54:00Z", "countryCode": "SG" }, "geometry": { "type": "Point", "coordinates": [ 103.808012, 1.399705 ] } },
{ "type": "Feature", "properties": { "decimalLatitude": 1.399077, "decimalLongitude": 103.806649, "eventDate": "2024-07-28T09:26:00Z", "countryCode": "SG" }, "geometry": { "type": "Point", "coordinates": [ 103.806649, 1.399077 ] } },
{ "type": "Feature", "properties": { "decimalLatitude": 1.354478, "decimalLongitude": 103.804717, "eventDate": "2024-07-23T10:47:00Z", "countryCode": "SG" }, "geometry": { "type": "Point", "coordinates": [ 103.804717, 1.354478 ] } },
{ "type": "Feature", "properties": { "decimalLatitude": 22.428572, "decimalLongitude": 114.18273, "eventDate": "2024-07-11T14:44:29Z", "countryCode": "HK" }, "geometry": { "type": "Point", "coordinates": [ 114.18273, 22.428572 ] } },
{ "type": "Feature", "properties": { "decimalLatitude": 22.472365, "decimalLongitude": 114.214918, "eventDate": "2024-07-25T15:30:37Z", "countryCode": "HK" }, "geometry": { "type": "Point", "coordinates": [ 114.214918, 22.472365 ] } },
{ "type": "Feature", "properties": { "decimalLatitude": 1.34623, "decimalLongitude": 103.776263, "eventDate": "2024-07-26T17:26:00Z", "countryCode": "SG" }, "geometry": { "type": "Point", "coordinates": [ 103.776263, 1.34623 ] } },
{ "type": "Feature", "properties": { "decimalLatitude": 18.800335, "decimalLongitude": 98.93926, "eventDate": "2024-07-02T12:34:00Z", "countryCode": "TH" }, "geometry": { "type": "Point", "coordinates": [ 98.93926, 18.800335 ] } },
{ "type": "Feature", "properties": { "decimalLatitude": 19.289809, "decimalLongitude": 98.695819, "eventDate": "2024-07-06T12:20:00Z", "countryCode": "TH" }, "geometry": { "type": "Point", "coordinates": [ 98.695819, 19.289809 ] } },
{ "type": "Feature", "properties": { "decimalLatitude": 18.799007, "decimalLongitude": 98.933776, "eventDate": "2024-07-02T11:41:00Z", "countryCode": "TH" }, "geometry": { "type": "Point", "coordinates": [ 98.933776, 18.799007 ] } },
{ "type": "Feature", "properties": { "decimalLatitude": 9.315227, "decimalLongitude": 118.382617, "eventDate": "2024-07-24T10:03:53Z", "countryCode": "PH" }, "geometry": { "type": "Point", "coordinates": [ 118.382617, 9.315227 ] } },
{ "type": "Feature", "properties": { "decimalLatitude": 9.314764, "decimalLongitude": 118.383042, "eventDate": "2024-07-31T09:59:00Z", "countryCode": "PH" }, "geometry": { "type": "Point", "coordinates": [ 118.383042, 9.314764 ] } },
{ "type": "Feature", "properties": { "decimalLatitude": 1.399853, "decimalLongitude": 103.806938, "eventDate": "2024-07-28T13:20:00Z", "countryCode": "SG" }, "geometry": { "type": "Point", "coordinates": [ 103.806938, 1.399853 ] } },
{ "type": "Feature", "properties": { "decimalLatitude": 22.229378, "decimalLongitude": 113.846471, "eventDate": "2024-07-14T10:30:00Z", "countryCode": "HK" }, "geometry": { "type": "Point", "coordinates": [ 113.846471, 22.229378 ] } },
{ "type": "Feature", "properties": { "decimalLatitude": -5.0432, "decimalLongitude": 105.7308, "eventDate": "2024-07-30T11:38:00Z", "countryCode": "ID" }, "geometry": { "type": "Point", "coordinates": [ 105.7308, -5.0432 ] } },
{ "type": "Feature", "properties": { "decimalLatitude": 1.399853, "decimalLongitude": 103.806938, "eventDate": "2024-07-15T11:33:00Z", "countryCode": "SG" }, "geometry": { "type": "Point", "coordinates": [ 103.806938, 1.399853 ] } },
{ "type": "Feature", "properties": { "decimalLatitude": 1.399853, "decimalLongitude": 103.806938, "eventDate": "2024-07-15T11:33:00Z", "countryCode": "SG" }, "geometry": { "type": "Point", "coordinates": [ 103.806938, 1.399853 ] } },
{ "type": "Feature", "properties": { "decimalLatitude": 5.441125, "decimalLongitude": 100.290182, "eventDate": "2024-07-05T00:00:00Z", "countryCode": "MY" }, "geometry": { "type": "Point", "coordinates": [ 100.290182, 5.441125 ] } },
{ "type": "Feature", "properties": { "decimalLatitude": 5.414231, "decimalLongitude": 100.782699, "eventDate": "2024-07-19T00:00:00Z", "countryCode": "MY" }, "geometry": { "type": "Point", "coordinates": [ 100.782699, 5.414231 ] } },
{ "type": "Feature", "properties": { "decimalLatitude": 5.441331, "decimalLongitude": 100.289829, "eventDate": "2024-07-18T00:00:00Z", "countryCode": "MY" }, "geometry": { "type": "Point", "coordinates": [ 100.289829, 5.441331 ] } },
{ "type": "Feature", "properties": { "decimalLatitude": 5.440925, "decimalLongitude": 100.290462, "eventDate": "2024-07-05T00:00:00Z", "countryCode": "MY" }, "geometry": { "type": "Point", "coordinates": [ 100.290462, 5.440925 ] } },
{ "type": "Feature", "properties": { "decimalLatitude": 6.051539, "decimalLongitude": 116.701121, "eventDate": "2024-07-31T14:01:00Z", "countryCode": "MY" }, "geometry": { "type": "Point", "coordinates": [ 116.701121, 6.051539 ] } },
{ "type": "Feature", "properties": { "decimalLatitude": 5.350628, "decimalLongitude": 118.946807, "eventDate": "2024-07-13T11:46:47Z", "countryCode": "MY" }, "geometry": { "type": "Point", "coordinates": [ 118.946807, 5.350628 ] } },
{ "type": "Feature", "properties": { "decimalLatitude": 10.158343, "decimalLongitude": 119.00229, "eventDate": "2024-07-31T15:45:00Z", "countryCode": "PH" }, "geometry": { "type": "Point", "coordinates": [ 119.00229, 10.158343 ] } },
{ "type": "Feature", "properties": { "decimalLatitude": 1.713319, "decimalLongitude": 110.457844, "eventDate": "2024-07-12T10:24:00Z", "countryCode": "MY" }, "geometry": { "type": "Point", "coordinates": [ 110.457844, 1.713319 ] } },
{ "type": "Feature", "properties": { "decimalLatitude": 1.399853, "decimalLongitude": 103.806938, "eventDate": "2024-07-15T13:08:00Z", "countryCode": "SG" }, "geometry": { "type": "Point", "coordinates": [ 103.806938, 1.399853 ] } },
{ "type": "Feature", "properties": { "decimalLatitude": 1.399853, "decimalLongitude": 103.806938, "eventDate": "2024-07-15T11:31:00Z", "countryCode": "SG" }, "geometry": { "type": "Point", "coordinates": [ 103.806938, 1.399853 ] } },
{ "type": "Feature", "properties": { "decimalLatitude": 4.628688, "decimalLongitude": 101.380205, "eventDate": "2024-07-14T17:08:00Z", "countryCode": "MY" }, "geometry": { "type": "Point", "coordinates": [ 101.380205, 4.628688 ] } },
{ "type": "Feature", "properties": { "decimalLatitude": 18.799146, "decimalLongitude": 98.940552, "eventDate": "2024-07-25T06:40:00Z", "countryCode": "TH" }, "geometry": { "type": "Point", "coordinates": [ 98.940552, 18.799146 ] } },
{ "type": "Feature", "properties": { "decimalLatitude": 22.330482, "decimalLongitude": 114.220845, "eventDate": "2024-08-01T12:22:00Z", "countryCode": "HK" }, "geometry": { "type": "Point", "coordinates": [ 114.220845, 22.330482 ] } },
{ "type": "Feature", "properties": { "decimalLatitude": 22.879555, "decimalLongitude": 114.168738, "eventDate": "2024-08-04T15:05:00Z", "countryCode": "CN" }, "geometry": { "type": "Point", "coordinates": [ 114.168738, 22.879555 ] } },
{ "type": "Feature", "properties": { "decimalLatitude": 22.879558, "decimalLongitude": 114.168678, "eventDate": "2024-08-04T15:05:00Z", "countryCode": "CN" }, "geometry": { "type": "Point", "coordinates": [ 114.168678, 22.879558 ] } },
{ "type": "Feature", "properties": { "decimalLatitude": 1.468867, "decimalLongitude": 110.352601, "eventDate": "2024-08-05T00:13:24Z", "countryCode": "MY" }, "geometry": { "type": "Point", "coordinates": [ 110.352601, 1.468867 ] } },
{ "type": "Feature", "properties": { "decimalLatitude": 22.309902, "decimalLongitude": 113.810976, "eventDate": "2024-08-04T13:44:00Z", "countryCode": "HK" }, "geometry": { "type": "Point", "coordinates": [ 113.810976, 22.309902 ] } },
{ "type": "Feature", "properties": { "decimalLatitude": 5.436932, "decimalLongitude": 100.290803, "eventDate": "2024-08-01T00:00:00Z", "countryCode": "MY" }, "geometry": { "type": "Point", "coordinates": [ 100.290803, 5.436932 ] } },
{ "type": "Feature", "properties": { "decimalLatitude": 22.467576, "decimalLongitude": 114.180201, "eventDate": "2024-08-11T14:28:00Z", "countryCode": "HK" }, "geometry": { "type": "Point", "coordinates": [ 114.180201, 22.467576 ] } },
{ "type": "Feature", "properties": { "decimalLatitude": 1.329645, "decimalLongitude": 103.918373, "eventDate": "2024-08-06T10:49:28Z", "countryCode": "SG" }, "geometry": { "type": "Point", "coordinates": [ 103.918373, 1.329645 ] } },
{ "type": "Feature", "properties": { "decimalLatitude": 1.363112, "decimalLongitude": 103.774412, "eventDate": "2024-08-10T12:22:00Z", "countryCode": "SG" }, "geometry": { "type": "Point", "coordinates": [ 103.774412, 1.363112 ] } },
{ "type": "Feature", "properties": { "decimalLatitude": 22.581611, "decimalLongitude": 114.205166, "eventDate": "2024-08-04T10:09:00Z", "countryCode": "CN" }, "geometry": { "type": "Point", "coordinates": [ 114.205166, 22.581611 ] } },
{ "type": "Feature", "properties": { "decimalLatitude": 5.439775, "decimalLongitude": 100.286093, "eventDate": "2024-08-08T00:00:00Z", "countryCode": "MY" }, "geometry": { "type": "Point", "coordinates": [ 100.286093, 5.439775 ] } },
{ "type": "Feature", "properties": { "decimalLatitude": 18.955601, "decimalLongitude": 98.812035, "eventDate": "2024-08-03T14:16:00Z", "countryCode": "TH" }, "geometry": { "type": "Point", "coordinates": [ 98.812035, 18.955601 ] } },
{ "type": "Feature", "properties": { "decimalLatitude": 19.361274, "decimalLongitude": 98.461659, "eventDate": "2024-08-26T20:16:50Z", "countryCode": "TH" }, "geometry": { "type": "Point", "coordinates": [ 98.461659, 19.361274 ] } },
{ "type": "Feature", "properties": { "decimalLatitude": 4.242946, "decimalLongitude": 101.32264, "eventDate": "2024-08-25T13:47:00Z", "countryCode": "MY" }, "geometry": { "type": "Point", "coordinates": [ 101.32264, 4.242946 ] } },
{ "type": "Feature", "properties": { "decimalLatitude": 22.493742, "decimalLongitude": 114.16858, "eventDate": "2024-08-18T13:43:00Z", "countryCode": "HK" }, "geometry": { "type": "Point", "coordinates": [ 114.16858, 22.493742 ] } },
{ "type": "Feature", "properties": { "decimalLatitude": 1.753977, "decimalLongitude": 110.317764, "eventDate": "2024-08-11T13:46:00Z", "countryCode": "MY" }, "geometry": { "type": "Point", "coordinates": [ 110.317764, 1.753977 ] } },
{ "type": "Feature", "properties": { "decimalLatitude": 19.273879, "decimalLongitude": 98.608445, "eventDate": "2024-08-11T11:55:20Z", "countryCode": "TH" }, "geometry": { "type": "Point", "coordinates": [ 98.608445, 19.273879 ] } },
{ "type": "Feature", "properties": { "decimalLatitude": 22.51704, "decimalLongitude": 114.125523, "eventDate": "2024-08-27T10:06:55Z", "countryCode": "HK" }, "geometry": { "type": "Point", "coordinates": [ 114.125523, 22.51704 ] } },
{ "type": "Feature", "properties": { "decimalLatitude": 4.242946, "decimalLongitude": 101.32264, "eventDate": "2024-08-25T13:56:00Z", "countryCode": "MY" }, "geometry": { "type": "Point", "coordinates": [ 101.32264, 4.242946 ] } },
{ "type": "Feature", "properties": { "decimalLatitude": -2.278874, "decimalLongitude": 101.534198, "eventDate": "2024-08-05T07:57:00Z", "countryCode": "ID" }, "geometry": { "type": "Point", "coordinates": [ 101.534198, -2.278874 ] } },
{ "type": "Feature", "properties": { "decimalLatitude": 3.170754, "decimalLongitude": 101.770645, "eventDate": "2024-08-31T10:49:00Z", "countryCode": "MY" }, "geometry": { "type": "Point", "coordinates": [ 101.770645, 3.170754 ] } },
{ "type": "Feature", "properties": { "decimalLatitude": 5.435607, "decimalLongitude": 100.292734, "eventDate": "2024-08-01T00:00:00Z", "countryCode": "MY" }, "geometry": { "type": "Point", "coordinates": [ 100.292734, 5.435607 ] } },
{ "type": "Feature", "properties": { "decimalLatitude": 5.439841, "decimalLongitude": 100.286084, "eventDate": "2024-08-21T00:00:00Z", "countryCode": "MY" }, "geometry": { "type": "Point", "coordinates": [ 100.286084, 5.439841 ] } },
{ "type": "Feature", "properties": { "decimalLatitude": 22.372628, "decimalLongitude": 114.268443, "eventDate": "2024-08-08T20:19:00Z", "countryCode": "HK" }, "geometry": { "type": "Point", "coordinates": [ 114.268443, 22.372628 ] } },
{ "type": "Feature", "properties": { "decimalLatitude": 18.809036, "decimalLongitude": 98.938734, "eventDate": "2024-08-18T11:13:29Z", "countryCode": "TH" }, "geometry": { "type": "Point", "coordinates": [ 98.938734, 18.809036 ] } },
{ "type": "Feature", "properties": { "decimalLatitude": -2.745957, "decimalLongitude": 111.92339, "eventDate": "2024-08-01T05:33:00Z", "countryCode": "ID" }, "geometry": { "type": "Point", "coordinates": [ 111.92339, -2.745957 ] } },
{ "type": "Feature", "properties": { "decimalLatitude": 1.377882, "decimalLongitude": 103.952491, "eventDate": "2024-08-16T11:48:00Z", "countryCode": "SG" }, "geometry": { "type": "Point", "coordinates": [ 103.952491, 1.377882 ] } },
{ "type": "Feature", "properties": { "decimalLatitude": 13.501651, "decimalLongitude": 104.160978, "eventDate": "2024-08-09T12:54:00Z", "countryCode": "KH" }, "geometry": { "type": "Point", "coordinates": [ 104.160978, 13.501651 ] } },
{ "type": "Feature", "properties": { "decimalLatitude": 22.54286, "decimalLongitude": 114.05956, "eventDate": "2024-08-17T10:17:00Z", "countryCode": "CN" }, "geometry": { "type": "Point", "coordinates": [ 114.05956, 22.54286 ] } },
{ "type": "Feature", "properties": { "decimalLatitude": 22.512067, "decimalLongitude": 114.074541, "eventDate": "2024-09-02T14:23:00Z", "countryCode": "HK" }, "geometry": { "type": "Point", "coordinates": [ 114.074541, 22.512067 ] } },
{ "type": "Feature", "properties": { "decimalLatitude": 22.252425, "decimalLongitude": 114.141195, "eventDate": "2024-09-01T12:54:16Z", "countryCode": "HK" }, "geometry": { "type": "Point", "coordinates": [ 114.141195, 22.252425 ] } },
{ "type": "Feature", "properties": { "decimalLatitude": 22.128388, "decimalLongitude": 113.574544, "eventDate": "2024-09-10T15:00:00Z", "countryCode": "MO" }, "geometry": { "type": "Point", "coordinates": [ 113.574544, 22.128388 ] } },
{ "type": "Feature", "properties": { "decimalLatitude": 22.397053, "decimalLongitude": 114.319569, "eventDate": "2024-09-05T08:48:21Z", "countryCode": "HK" }, "geometry": { "type": "Point", "coordinates": [ 114.319569, 22.397053 ] } },
{ "type": "Feature", "properties": { "decimalLatitude": 13.809551, "decimalLongitude": 100.554901, "eventDate": "2024-09-01T14:54:17Z", "countryCode": "TH" }, "geometry": { "type": "Point", "coordinates": [ 100.554901, 13.809551 ] } },
{ "type": "Feature", "properties": { "decimalLatitude": 22.269533, "decimalLongitude": 113.881762, "eventDate": "2024-09-15T15:08:07Z", "countryCode": "HK" }, "geometry": { "type": "Point", "coordinates": [ 113.881762, 22.269533 ] } },
{ "type": "Feature", "properties": { "decimalLatitude": 1.414486, "decimalLongitude": 103.789168, "eventDate": "2024-09-06T19:51:00Z", "countryCode": "SG" }, "geometry": { "type": "Point", "coordinates": [ 103.789168, 1.414486 ] } },
{ "type": "Feature", "properties": { "decimalLatitude": 1.352301, "decimalLongitude": 103.823582, "eventDate": "2024-09-07T13:55:00Z", "countryCode": "SG" }, "geometry": { "type": "Point", "coordinates": [ 103.823582, 1.352301 ] } },
{ "type": "Feature", "properties": { "decimalLatitude": 22.248626, "decimalLongitude": 114.262707, "eventDate": "2024-09-08T14:09:00Z", "countryCode": "HK" }, "geometry": { "type": "Point", "coordinates": [ 114.262707, 22.248626 ] } },
{ "type": "Feature", "properties": { "decimalLatitude": 22.282547, "decimalLongitude": 113.897842, "eventDate": "2024-09-15T16:12:16Z", "countryCode": "HK" }, "geometry": { "type": "Point", "coordinates": [ 113.897842, 22.282547 ] } },
{ "type": "Feature", "properties": { "decimalLatitude": 22.429572, "decimalLongitude": 114.12164, "eventDate": "2024-09-15T13:48:25Z", "countryCode": "HK" }, "geometry": { "type": "Point", "coordinates": [ 114.12164, 22.429572 ] } },
{ "type": "Feature", "properties": { "decimalLatitude": 18.809406, "decimalLongitude": 98.936994, "eventDate": "2024-09-01T14:57:13Z", "countryCode": "TH" }, "geometry": { "type": "Point", "coordinates": [ 98.936994, 18.809406 ] } },
{ "type": "Feature", "properties": { "decimalLatitude": 22.402482, "decimalLongitude": 113.961262, "eventDate": "2024-09-20T08:52:00Z", "countryCode": "HK" }, "geometry": { "type": "Point", "coordinates": [ 113.961262, 22.402482 ] } },
{ "type": "Feature", "properties": { "decimalLatitude": 18.816821, "decimalLongitude": 98.925877, "eventDate": "2024-09-19T14:49:00Z", "countryCode": "TH" }, "geometry": { "type": "Point", "coordinates": [ 98.925877, 18.816821 ] } },
{ "type": "Feature", "properties": { "decimalLatitude": 22.356589, "decimalLongitude": 114.133068, "eventDate": "2024-09-27T14:32:00Z", "countryCode": "HK" }, "geometry": { "type": "Point", "coordinates": [ 114.133068, 22.356589 ] } },
{ "type": "Feature", "properties": { "decimalLatitude": -2.832197, "decimalLongitude": 111.806925, "eventDate": "2024-09-26T10:51:00Z", "countryCode": "ID" }, "geometry": { "type": "Point", "coordinates": [ 111.806925, -2.832197 ] } },
{ "type": "Feature", "properties": { "decimalLatitude": 22.50945, "decimalLongitude": 114.24395, "eventDate": "2024-09-29T15:19:21Z", "countryCode": "HK" }, "geometry": { "type": "Point", "coordinates": [ 114.24395, 22.50945 ] } },
{ "type": "Feature", "properties": { "decimalLatitude": 18.816797, "decimalLongitude": 98.924115, "eventDate": "2024-09-29T09:23:00Z", "countryCode": "TH" }, "geometry": { "type": "Point", "coordinates": [ 98.924115, 18.816797 ] } },
{ "type": "Feature", "properties": { "decimalLatitude": 1.331377, "decimalLongitude": 103.731311, "eventDate": "2024-09-09T10:54:24Z", "countryCode": "SG" }, "geometry": { "type": "Point", "coordinates": [ 103.731311, 1.331377 ] } },
{ "type": "Feature", "properties": { "decimalLatitude": 1.25963, "decimalLongitude": 103.978427, "eventDate": "2024-09-17T11:09:25Z", "countryCode": "SG" }, "geometry": { "type": "Point", "coordinates": [ 103.978427, 1.25963 ] } },
{ "type": "Feature", "properties": { "decimalLatitude": 22.536804, "decimalLongitude": 114.13852, "eventDate": "2024-09-14T09:01:00Z", "countryCode": "HK" }, "geometry": { "type": "Point", "coordinates": [ 114.13852, 22.536804 ] } },
{ "type": "Feature", "properties": { "decimalLatitude": 4.397768, "decimalLongitude": 117.887956, "eventDate": "2024-09-07T17:40:00Z", "countryCode": "MY" }, "geometry": { "type": "Point", "coordinates": [ 117.887956, 4.397768 ] } },
{ "type": "Feature", "properties": { "decimalLatitude": 1.22013, "decimalLongitude": 103.698763, "eventDate": "2024-09-24T07:18:00Z", "countryCode": "SG" }, "geometry": { "type": "Point", "coordinates": [ 103.698763, 1.22013 ] } },
{ "type": "Feature", "properties": { "decimalLatitude": 1.207251, "decimalLongitude": 103.613805, "eventDate": "2024-09-24T09:18:00Z", "countryCode": "SG" }, "geometry": { "type": "Point", "coordinates": [ 103.613805, 1.207251 ] } },
{ "type": "Feature", "properties": { "decimalLatitude": 1.399853, "decimalLongitude": 103.806938, "eventDate": "2024-09-15T14:49:00Z", "countryCode": "SG" }, "geometry": { "type": "Point", "coordinates": [ 103.806938, 1.399853 ] } },
{ "type": "Feature", "properties": { "decimalLatitude": 22.401994, "decimalLongitude": 113.961463, "eventDate": "2024-10-06T12:13:00Z", "countryCode": "HK" }, "geometry": { "type": "Point", "coordinates": [ 113.961463, 22.401994 ] } },
{ "type": "Feature", "properties": { "decimalLatitude": 18.792913, "decimalLongitude": 98.9899, "eventDate": "2024-10-02T14:05:53Z", "countryCode": "TH" }, "geometry": { "type": "Point", "coordinates": [ 98.9899, 18.792913 ] } },
{ "type": "Feature", "properties": { "decimalLatitude": 22.407224, "decimalLongitude": 114.354369, "eventDate": "2024-10-03T13:36:00Z", "countryCode": "HK" }, "geometry": { "type": "Point", "coordinates": [ 114.354369, 22.407224 ] } },
{ "type": "Feature", "properties": { "decimalLatitude": 22.402923, "decimalLongitude": 113.961362, "eventDate": "2024-10-06T10:58:00Z", "countryCode": "HK" }, "geometry": { "type": "Point", "coordinates": [ 113.961362, 22.402923 ] } },
{ "type": "Feature", "properties": { "decimalLatitude": 20.642758, "decimalLongitude": 105.066811, "eventDate": "2024-10-08T07:53:02Z", "countryCode": "VN" }, "geometry": { "type": "Point", "coordinates": [ 105.066811, 20.642758 ] } },
{ "type": "Feature", "properties": { "decimalLatitude": 1.352193, "decimalLongitude": 103.824304, "eventDate": "2024-10-02T14:25:31Z", "countryCode": "SG" }, "geometry": { "type": "Point", "coordinates": [ 103.824304, 1.352193 ] } },
{ "type": "Feature", "properties": { "decimalLatitude": 22.525837, "decimalLongitude": 114.219422, "eventDate": "2024-10-05T13:25:06Z", "countryCode": "HK" }, "geometry": { "type": "Point", "coordinates": [ 114.219422, 22.525837 ] } },
{ "type": "Feature", "properties": { "decimalLatitude": 22.58755, "decimalLongitude": 114.264242, "eventDate": "2024-10-15T11:09:53Z", "countryCode": "HK" }, "geometry": { "type": "Point", "coordinates": [ 114.264242, 22.58755 ] } },
{ "type": "Feature", "properties": { "decimalLatitude": 22.531457, "decimalLongitude": 114.338087, "eventDate": "2024-10-10T10:10:08Z", "countryCode": "HK" }, "geometry": { "type": "Point", "coordinates": [ 114.338087, 22.531457 ] } },
{ "type": "Feature", "properties": { "decimalLatitude": 22.277063, "decimalLongitude": 114.118736, "eventDate": "2024-10-11T14:02:14Z", "countryCode": "HK" }, "geometry": { "type": "Point", "coordinates": [ 114.118736, 22.277063 ] } },
{ "type": "Feature", "properties": { "decimalLatitude": 18.906905, "decimalLongitude": 98.895727, "eventDate": "2024-10-14T13:16:00Z", "countryCode": "TH" }, "geometry": { "type": "Point", "coordinates": [ 98.895727, 18.906905 ] } },
{ "type": "Feature", "properties": { "decimalLatitude": 22.257941, "decimalLongitude": 114.006372, "eventDate": "2024-10-13T09:02:00Z", "countryCode": "HK" }, "geometry": { "type": "Point", "coordinates": [ 114.006372, 22.257941 ] } },
{ "type": "Feature", "properties": { "decimalLatitude": 22.283986, "decimalLongitude": 114.044076, "eventDate": "2024-10-20T12:32:33Z", "countryCode": "HK" }, "geometry": { "type": "Point", "coordinates": [ 114.044076, 22.283986 ] } },
{ "type": "Feature", "properties": { "decimalLatitude": 9.229903, "decimalLongitude": 118.329997, "eventDate": "2024-10-08T17:17:01Z", "countryCode": "PH" }, "geometry": { "type": "Point", "coordinates": [ 118.329997, 9.229903 ] } },
{ "type": "Feature", "properties": { "decimalLatitude": 8.914708, "decimalLongitude": 98.517369, "eventDate": "2024-10-18T00:00:00Z", "countryCode": "TH" }, "geometry": { "type": "Point", "coordinates": [ 98.517369, 8.914708 ] } },
{ "type": "Feature", "properties": { "decimalLatitude": 19.098125, "decimalLongitude": 109.111037, "eventDate": "2024-10-03T02:16:00Z", "countryCode": "CN" }, "geometry": { "type": "Point", "coordinates": [ 109.111037, 19.098125 ] } },
{ "type": "Feature", "properties": { "decimalLatitude": 22.469528, "decimalLongitude": 114.234215, "eventDate": "2024-10-21T13:30:00Z", "countryCode": "HK" }, "geometry": { "type": "Point", "coordinates": [ 114.234215, 22.469528 ] } },
{ "type": "Feature", "properties": { "decimalLatitude": 22.406424, "decimalLongitude": 114.075931, "eventDate": "2024-10-12T00:00:00Z", "countryCode": "HK" }, "geometry": { "type": "Point", "coordinates": [ 114.075931, 22.406424 ] } },
{ "type": "Feature", "properties": { "decimalLatitude": 22.406424, "decimalLongitude": 114.075931, "eventDate": "2024-10-12T00:00:00Z", "countryCode": "HK" }, "geometry": { "type": "Point", "coordinates": [ 114.075931, 22.406424 ] } },
{ "type": "Feature", "properties": { "decimalLatitude": 22.540651, "decimalLongitude": 114.199733, "eventDate": "2024-10-20T13:28:00Z", "countryCode": "HK" }, "geometry": { "type": "Point", "coordinates": [ 114.199733, 22.540651 ] } },
{ "type": "Feature", "properties": { "decimalLatitude": 8.914223, "decimalLongitude": 98.516719, "eventDate": "2024-10-18T00:00:00Z", "countryCode": "TH" }, "geometry": { "type": "Point", "coordinates": [ 98.516719, 8.914223 ] } },
{ "type": "Feature", "properties": { "decimalLatitude": 1.553379, "decimalLongitude": 110.359503, "eventDate": "2024-10-16T13:24:00Z", "countryCode": "MY" }, "geometry": { "type": "Point", "coordinates": [ 110.359503, 1.553379 ] } },
{ "type": "Feature", "properties": { "decimalLatitude": 18.799497, "decimalLongitude": 98.934288, "eventDate": "2024-10-14T13:41:21Z", "countryCode": "TH" }, "geometry": { "type": "Point", "coordinates": [ 98.934288, 18.799497 ] } },
{ "type": "Feature", "properties": { "decimalLatitude": 22.125197, "decimalLongitude": 113.55835, "eventDate": "2024-10-18T13:57:22Z", "countryCode": "MO" }, "geometry": { "type": "Point", "coordinates": [ 113.55835, 22.125197 ] } },
{ "type": "Feature", "properties": { "decimalLatitude": 22.130973, "decimalLongitude": 113.572736, "eventDate": "2024-10-24T15:00:00Z", "countryCode": "MO" }, "geometry": { "type": "Point", "coordinates": [ 113.572736, 22.130973 ] } },
{ "type": "Feature", "properties": { "decimalLatitude": 22.488845, "decimalLongitude": 114.186588, "eventDate": "2024-10-25T10:39:15Z", "countryCode": "HK" }, "geometry": { "type": "Point", "coordinates": [ 114.186588, 22.488845 ] } },
{ "type": "Feature", "properties": { "decimalLatitude": 22.504503, "decimalLongitude": 114.172653, "eventDate": "2024-10-25T13:27:20Z", "countryCode": "HK" }, "geometry": { "type": "Point", "coordinates": [ 114.172653, 22.504503 ] } },
{ "type": "Feature", "properties": { "decimalLatitude": 16.807212, "decimalLongitude": 101.748406, "eventDate": "2024-10-23T13:21:00Z", "countryCode": "TH" }, "geometry": { "type": "Point", "coordinates": [ 101.748406, 16.807212 ] } },
{ "type": "Feature", "properties": { "decimalLatitude": 22.488837, "decimalLongitude": 114.186567, "eventDate": "2024-10-25T10:39:39Z", "countryCode": "HK" }, "geometry": { "type": "Point", "coordinates": [ 114.186567, 22.488837 ] } },
{ "type": "Feature", "properties": { "decimalLatitude": -2.161642, "decimalLongitude": 114.462366, "eventDate": "2024-10-25T02:49:00Z", "countryCode": "ID" }, "geometry": { "type": "Point", "coordinates": [ 114.462366, -2.161642 ] } },
{ "type": "Feature", "properties": { "decimalLatitude": 22.506036, "decimalLongitude": 114.241772, "eventDate": "2024-10-27T10:05:00Z", "countryCode": "HK" }, "geometry": { "type": "Point", "coordinates": [ 114.241772, 22.506036 ] } },
{ "type": "Feature", "properties": { "decimalLatitude": 22.266466, "decimalLongitude": 113.941751, "eventDate": "2024-10-23T10:11:23Z", "countryCode": "HK" }, "geometry": { "type": "Point", "coordinates": [ 113.941751, 22.266466 ] } },
{ "type": "Feature", "properties": { "decimalLatitude": 22.256337, "decimalLongitude": 114.161089, "eventDate": "2024-10-23T09:34:18Z", "countryCode": "HK" }, "geometry": { "type": "Point", "coordinates": [ 114.161089, 22.256337 ] } },
{ "type": "Feature", "properties": { "decimalLatitude": 22.504688, "decimalLongitude": 114.171888, "eventDate": "2024-10-25T13:23:22Z", "countryCode": "HK" }, "geometry": { "type": "Point", "coordinates": [ 114.171888, 22.504688 ] } },
{ "type": "Feature", "properties": { "decimalLatitude": 22.50442, "decimalLongitude": 114.172728, "eventDate": "2024-10-25T13:29:04Z", "countryCode": "HK" }, "geometry": { "type": "Point", "coordinates": [ 114.172728, 22.50442 ] } },
{ "type": "Feature", "properties": { "decimalLatitude": 22.260039, "decimalLongitude": 113.866494, "eventDate": "2024-10-26T12:56:00Z", "countryCode": "HK" }, "geometry": { "type": "Point", "coordinates": [ 113.866494, 22.260039 ] } },
{ "type": "Feature", "properties": { "decimalLatitude": 5.441025, "decimalLongitude": 100.289481, "eventDate": "2024-10-07T00:00:00Z", "countryCode": "MY" }, "geometry": { "type": "Point", "coordinates": [ 100.289481, 5.441025 ] } },
{ "type": "Feature", "properties": { "decimalLatitude": 22.491419, "decimalLongitude": 114.182114, "eventDate": "2024-10-11T20:46:00Z", "countryCode": "HK" }, "geometry": { "type": "Point", "coordinates": [ 114.182114, 22.491419 ] } },
{ "type": "Feature", "properties": { "decimalLatitude": 5.873732, "decimalLongitude": 117.941544, "eventDate": "2024-10-29T11:39:00Z", "countryCode": "MY" }, "geometry": { "type": "Point", "coordinates": [ 117.941544, 5.873732 ] } },
{ "type": "Feature", "properties": { "decimalLatitude": 22.488089, "decimalLongitude": 114.138855, "eventDate": "2024-10-27T10:21:36Z", "countryCode": "HK" }, "geometry": { "type": "Point", "coordinates": [ 114.138855, 22.488089 ] } },
{ "type": "Feature", "properties": { "decimalLatitude": 22.157482, "decimalLongitude": 111.804252, "eventDate": "2024-10-05T21:08:51Z", "countryCode": "CN" }, "geometry": { "type": "Point", "coordinates": [ 111.804252, 22.157482 ] } },
{ "type": "Feature", "properties": { "decimalLatitude": 0.531858, "decimalLongitude": 117.464758, "eventDate": "2024-10-24T14:18:00Z", "countryCode": "ID" }, "geometry": { "type": "Point", "coordinates": [ 117.464758, 0.531858 ] } },
{ "type": "Feature", "properties": { "decimalLatitude": 22.357533, "decimalLongitude": 114.132797, "eventDate": "2024-11-05T13:58:07Z", "countryCode": "HK" }, "geometry": { "type": "Point", "coordinates": [ 114.132797, 22.357533 ] } },
{ "type": "Feature", "properties": { "decimalLatitude": 22.498645, "decimalLongitude": 114.231605, "eventDate": "2024-11-01T14:12:30Z", "countryCode": "HK" }, "geometry": { "type": "Point", "coordinates": [ 114.231605, 22.498645 ] } },
{ "type": "Feature", "properties": { "decimalLatitude": 22.357537, "decimalLongitude": 114.132745, "eventDate": "2024-11-05T13:57:51Z", "countryCode": "HK" }, "geometry": { "type": "Point", "coordinates": [ 114.132745, 22.357537 ] } },
{ "type": "Feature", "properties": { "decimalLatitude": 22.51137, "decimalLongitude": 114.214728, "eventDate": "2024-11-01T10:56:12Z", "countryCode": "HK" }, "geometry": { "type": "Point", "coordinates": [ 114.214728, 22.51137 ] } },
{ "type": "Feature", "properties": { "decimalLatitude": 8.912955, "decimalLongitude": 98.518325, "eventDate": "2024-11-04T14:02:24Z", "countryCode": "TH" }, "geometry": { "type": "Point", "coordinates": [ 98.518325, 8.912955 ] } },
{ "type": "Feature", "properties": { "decimalLatitude": 22.118571, "decimalLongitude": 113.557234, "eventDate": "2024-11-06T14:40:00Z", "countryCode": "MO" }, "geometry": { "type": "Point", "coordinates": [ 113.557234, 22.118571 ] } },
{ "type": "Feature", "properties": { "decimalLatitude": 8.9129, "decimalLongitude": 98.518508, "eventDate": "2024-11-04T13:59:10Z", "countryCode": "TH" }, "geometry": { "type": "Point", "coordinates": [ 98.518508, 8.9129 ] } },
{ "type": "Feature", "properties": { "decimalLatitude": 18.506395, "decimalLongitude": 98.661788, "eventDate": "2024-11-09T13:58:42Z", "countryCode": "TH" }, "geometry": { "type": "Point", "coordinates": [ 98.661788, 18.506395 ] } },
{ "type": "Feature", "properties": { "decimalLatitude": 4.447513, "decimalLongitude": 101.181961, "eventDate": "2024-11-06T15:24:16Z", "countryCode": "MY" }, "geometry": { "type": "Point", "coordinates": [ 101.181961, 4.447513 ] } },
{ "type": "Feature", "properties": { "decimalLatitude": 22.12836, "decimalLongitude": 113.573625, "eventDate": "2024-11-15T14:23:00Z", "countryCode": "MO" }, "geometry": { "type": "Point", "coordinates": [ 113.573625, 22.12836 ] } },
{ "type": "Feature", "properties": { "decimalLatitude": 4.853434, "decimalLongitude": 100.76151, "eventDate": "2024-11-17T00:00:00Z", "countryCode": "MY" }, "geometry": { "type": "Point", "coordinates": [ 100.76151, 4.853434 ] } },
{ "type": "Feature", "properties": { "decimalLatitude": 19.243291, "decimalLongitude": 98.683469, "eventDate": "2024-11-10T10:09:00Z", "countryCode": "TH" }, "geometry": { "type": "Point", "coordinates": [ 98.683469, 19.243291 ] } },
{ "type": "Feature", "properties": { "decimalLatitude": 1.383069, "decimalLongitude": 103.823469, "eventDate": "2024-11-18T10:00:00Z", "countryCode": "SG" }, "geometry": { "type": "Point", "coordinates": [ 103.823469, 1.383069 ] } },
{ "type": "Feature", "properties": { "decimalLatitude": 22.469757, "decimalLongitude": 114.360342, "eventDate": "2024-11-18T09:27:00Z", "countryCode": "HK" }, "geometry": { "type": "Point", "coordinates": [ 114.360342, 22.469757 ] } },
{ "type": "Feature", "properties": { "decimalLatitude": 4.308115, "decimalLongitude": 101.168758, "eventDate": "2024-11-16T13:10:00Z", "countryCode": "MY" }, "geometry": { "type": "Point", "coordinates": [ 101.168758, 4.308115 ] } },
{ "type": "Feature", "properties": { "decimalLatitude": 1.364308, "decimalLongitude": 103.776273, "eventDate": "2024-11-18T12:34:00Z", "countryCode": "SG" }, "geometry": { "type": "Point", "coordinates": [ 103.776273, 1.364308 ] } },
{ "type": "Feature", "properties": { "decimalLatitude": 1.356445, "decimalLongitude": 103.771045, "eventDate": "2024-11-02T09:11:00Z", "countryCode": "SG" }, "geometry": { "type": "Point", "coordinates": [ 103.771045, 1.356445 ] } },
{ "type": "Feature", "properties": { "decimalLatitude": 22.54286, "decimalLongitude": 114.05956, "eventDate": "2024-11-16T09:40:00Z", "countryCode": "CN" }, "geometry": { "type": "Point", "coordinates": [ 114.05956, 22.54286 ] } },
{ "type": "Feature", "properties": { "decimalLatitude": 18.439583, "decimalLongitude": 98.597973, "eventDate": "2024-11-13T14:35:00Z", "countryCode": "TH" }, "geometry": { "type": "Point", "coordinates": [ 98.597973, 18.439583 ] } },
{ "type": "Feature", "properties": { "decimalLatitude": 12.824252, "decimalLongitude": 99.365508, "eventDate": "2024-11-20T12:13:00Z", "countryCode": "TH" }, "geometry": { "type": "Point", "coordinates": [ 99.365508, 12.824252 ] } },
{ "type": "Feature", "properties": { "decimalLatitude": 18.383296, "decimalLongitude": 98.577027, "eventDate": "2024-11-10T12:39:00Z", "countryCode": "TH" }, "geometry": { "type": "Point", "coordinates": [ 98.577027, 18.383296 ] } },
{ "type": "Feature", "properties": { "decimalLatitude": 21.52432, "decimalLongitude": 98.624251, "eventDate": "2024-11-09T13:28:58Z", "countryCode": "MM" }, "geometry": { "type": "Point", "coordinates": [ 98.624251, 21.52432 ] } },
{ "type": "Feature", "properties": { "decimalLatitude": 3.090187, "decimalLongitude": 116.255105, "eventDate": "2024-11-13T12:39:00Z", "countryCode": "ID" }, "geometry": { "type": "Point", "coordinates": [ 116.255105, 3.090187 ] } },
{ "type": "Feature", "properties": { "decimalLatitude": 18.383338, "decimalLongitude": 98.576827, "eventDate": "2024-11-10T13:28:00Z", "countryCode": "TH" }, "geometry": { "type": "Point", "coordinates": [ 98.576827, 18.383338 ] } },
{ "type": "Feature", "properties": { "decimalLatitude": 22.613235, "decimalLongitude": 114.511985, "eventDate": "2024-11-22T14:27:00Z", "countryCode": "CN" }, "geometry": { "type": "Point", "coordinates": [ 114.511985, 22.613235 ] } },
{ "type": "Feature", "properties": { "decimalLatitude": 18.383327, "decimalLongitude": 98.576914, "eventDate": "2024-11-10T12:57:00Z", "countryCode": "TH" }, "geometry": { "type": "Point", "coordinates": [ 98.576914, 18.383327 ] } },
{ "type": "Feature", "properties": { "decimalLatitude": 20.249078, "decimalLongitude": 99.663222, "eventDate": "2024-11-14T11:24:05Z", "countryCode": "TH" }, "geometry": { "type": "Point", "coordinates": [ 99.663222, 20.249078 ] } },
{ "type": "Feature", "properties": { "decimalLatitude": 6.04791, "decimalLongitude": 116.699882, "eventDate": "2024-11-21T01:36:00Z", "countryCode": "MY" }, "geometry": { "type": "Point", "coordinates": [ 116.699882, 6.04791 ] } },
{ "type": "Feature", "properties": { "decimalLatitude": 24.352674, "decimalLongitude": 92.344815, "eventDate": "2024-11-26T13:44:24Z", "countryCode": "IN" }, "geometry": { "type": "Point", "coordinates": [ 92.344815, 24.352674 ] } },
{ "type": "Feature", "properties": { "decimalLatitude": 22.030649, "decimalLongitude": 100.888354, "eventDate": "2024-11-10T14:24:00Z", "countryCode": "CN" }, "geometry": { "type": "Point", "coordinates": [ 100.888354, 22.030649 ] } },
{ "type": "Feature", "properties": { "decimalLatitude": 22.50605, "decimalLongitude": 114.242728, "eventDate": "2024-11-24T10:21:42Z", "countryCode": "HK" }, "geometry": { "type": "Point", "coordinates": [ 114.242728, 22.50605 ] } },
{ "type": "Feature", "properties": { "decimalLatitude": 18.761518, "decimalLongitude": 98.919709, "eventDate": "2024-11-22T15:24:00Z", "countryCode": "TH" }, "geometry": { "type": "Point", "coordinates": [ 98.919709, 18.761518 ] } },
{ "type": "Feature", "properties": { "decimalLatitude": 18.761518, "decimalLongitude": 98.919709, "eventDate": "2024-11-22T15:24:00Z", "countryCode": "TH" }, "geometry": { "type": "Point", "coordinates": [ 98.919709, 18.761518 ] } },
{ "type": "Feature", "properties": { "decimalLatitude": 18.722723, "decimalLongitude": 98.821557, "eventDate": "2024-11-28T14:00:00Z", "countryCode": "TH" }, "geometry": { "type": "Point", "coordinates": [ 98.821557, 18.722723 ] } },
{ "type": "Feature", "properties": { "decimalLatitude": 18.800602, "decimalLongitude": 98.934402, "eventDate": "2024-11-21T00:00:00Z", "countryCode": "TH" }, "geometry": { "type": "Point", "coordinates": [ 98.934402, 18.800602 ] } },
{ "type": "Feature", "properties": { "decimalLatitude": 22.473678, "decimalLongitude": 114.224965, "eventDate": "2024-12-07T14:35:24Z", "countryCode": "HK" }, "geometry": { "type": "Point", "coordinates": [ 114.224965, 22.473678 ] } },
{ "type": "Feature", "properties": { "decimalLatitude": 7.501965, "decimalLongitude": 99.088922, "eventDate": "2024-12-03T07:43:33Z", "countryCode": "TH" }, "geometry": { "type": "Point", "coordinates": [ 99.088922, 7.501965 ] } },
{ "type": "Feature", "properties": { "decimalLatitude": 22.520311, "decimalLongitude": 114.215049, "eventDate": "2024-12-01T10:53:00Z", "countryCode": "HK" }, "geometry": { "type": "Point", "coordinates": [ 114.215049, 22.520311 ] } },
{ "type": "Feature", "properties": { "decimalLatitude": 22.229536, "decimalLongitude": 113.981966, "eventDate": "2024-12-07T14:15:40Z", "countryCode": "HK" }, "geometry": { "type": "Point", "coordinates": [ 113.981966, 22.229536 ] } },
{ "type": "Feature", "properties": { "decimalLatitude": 8.659306, "decimalLongitude": 98.283339, "eventDate": "2024-12-03T16:17:09Z", "countryCode": "TH" }, "geometry": { "type": "Point", "coordinates": [ 98.283339, 8.659306 ] } },
{ "type": "Feature", "properties": { "decimalLatitude": 22.22302, "decimalLongitude": 113.981228, "eventDate": "2024-12-07T15:20:13Z", "countryCode": "HK" }, "geometry": { "type": "Point", "coordinates": [ 113.981228, 22.22302 ] } },
{ "type": "Feature", "properties": { "decimalLatitude": 7.955583, "decimalLongitude": 98.341927, "eventDate": "2024-12-01T12:22:51Z", "countryCode": "TH" }, "geometry": { "type": "Point", "coordinates": [ 98.341927, 7.955583 ] } },
{ "type": "Feature", "properties": { "decimalLatitude": 22.46724, "decimalLongitude": 114.179508, "eventDate": "2024-12-03T13:06:00Z", "countryCode": "HK" }, "geometry": { "type": "Point", "coordinates": [ 114.179508, 22.46724 ] } },
{ "type": "Feature", "properties": { "decimalLatitude": 5.97566, "decimalLongitude": 116.203248, "eventDate": "2024-12-22T20:58:48Z", "countryCode": "MY" }, "geometry": { "type": "Point", "coordinates": [ 116.203248, 5.97566 ] } },
{ "type": "Feature", "properties": { "decimalLatitude": 13.967747, "decimalLongitude": 104.882672, "eventDate": "2024-12-14T16:10:00Z", "countryCode": "KH" }, "geometry": { "type": "Point", "coordinates": [ 104.882672, 13.967747 ] } },
{ "type": "Feature", "properties": { "decimalLatitude": 7.920683, "decimalLongitude": 99.254862, "eventDate": "2024-12-17T14:39:20Z", "countryCode": "TH" }, "geometry": { "type": "Point", "coordinates": [ 99.254862, 7.920683 ] } },
{ "type": "Feature", "properties": { "decimalLatitude": 4.306884, "decimalLongitude": 101.168968, "eventDate": "2024-12-18T00:00:00Z", "countryCode": "MY" }, "geometry": { "type": "Point", "coordinates": [ 101.168968, 4.306884 ] } },
{ "type": "Feature", "properties": { "decimalLatitude": 7.920183, "decimalLongitude": 99.250862, "eventDate": "2024-12-17T10:54:15Z", "countryCode": "TH" }, "geometry": { "type": "Point", "coordinates": [ 99.250862, 7.920183 ] } },
{ "type": "Feature", "properties": { "decimalLatitude": 5.412435, "decimalLongitude": 100.783478, "eventDate": "2024-12-26T00:00:00Z", "countryCode": "MY" }, "geometry": { "type": "Point", "coordinates": [ 100.783478, 5.412435 ] } },
{ "type": "Feature", "properties": { "decimalLatitude": 5.974665, "decimalLongitude": 116.203492, "eventDate": "2024-12-19T22:06:34Z", "countryCode": "MY" }, "geometry": { "type": "Point", "coordinates": [ 116.203492, 5.974665 ] } },
{ "type": "Feature", "properties": { "decimalLatitude": 5.412157, "decimalLongitude": 100.781973, "eventDate": "2024-12-26T00:00:00Z", "countryCode": "MY" }, "geometry": { "type": "Point", "coordinates": [ 100.781973, 5.412157 ] } },
{ "type": "Feature", "properties": { "decimalLatitude": 5.438671, "decimalLongitude": 100.291467, "eventDate": "2024-12-30T00:00:00Z", "countryCode": "MY" }, "geometry": { "type": "Point", "coordinates": [ 100.291467, 5.438671 ] } },
{ "type": "Feature", "properties": { "decimalLatitude": 18.550942, "decimalLongitude": 100.793895, "eventDate": "2024-12-18T12:59:02Z", "countryCode": "TH" }, "geometry": { "type": "Point", "coordinates": [ 100.793895, 18.550942 ] } },
{ "type": "Feature", "properties": { "decimalLatitude": 7.925408, "decimalLongitude": 98.367555, "eventDate": "2024-12-25T07:27:00Z", "countryCode": "TH" }, "geometry": { "type": "Point", "coordinates": [ 98.367555, 7.925408 ] } },
{ "type": "Feature", "properties": { "decimalLatitude": 12.154491, "decimalLongitude": 120.092085, "eventDate": "2024-12-30T05:04:00Z", "countryCode": "PH" }, "geometry": { "type": "Point", "coordinates": [ 120.092085, 12.154491 ] } },
{ "type": "Feature", "properties": { "decimalLatitude": 22.152025, "decimalLongitude": 113.560907, "eventDate": "2024-12-20T16:36:00Z", "countryCode": "MO" }, "geometry": { "type": "Point", "coordinates": [ 113.560907, 22.152025 ] } },
{ "type": "Feature", "properties": { "decimalLatitude": 1.379169, "decimalLongitude": 103.95026, "eventDate": "2024-12-26T14:44:00Z", "countryCode": "SG" }, "geometry": { "type": "Point", "coordinates": [ 103.95026, 1.379169 ] } },
{ "type": "Feature", "properties": { "decimalLatitude": 4.307666, "decimalLongitude": 101.169905, "eventDate": "2024-12-09T00:00:00Z", "countryCode": "MY" }, "geometry": { "type": "Point", "coordinates": [ 101.169905, 4.307666 ] } },
{ "type": "Feature", "properties": { "decimalLatitude": 5.41232, "decimalLongitude": 100.783412, "eventDate": "2024-12-26T00:00:00Z", "countryCode": "MY" }, "geometry": { "type": "Point", "coordinates": [ 100.783412, 5.41232 ] } },
{ "type": "Feature", "properties": { "decimalLatitude": 1.411612, "decimalLongitude": 103.78615, "eventDate": "2025-01-02T09:42:21Z", "countryCode": "SG" }, "geometry": { "type": "Point", "coordinates": [ 103.78615, 1.411612 ] } },
{ "type": "Feature", "properties": { "decimalLatitude": 1.422046, "decimalLongitude": 103.792819, "eventDate": "2025-01-04T12:04:00Z", "countryCode": "SG" }, "geometry": { "type": "Point", "coordinates": [ 103.792819, 1.422046 ] } },
{ "type": "Feature", "properties": { "decimalLatitude": 1.885487, "decimalLongitude": 103.935136, "eventDate": "2025-01-14T14:55:45Z", "countryCode": "MY" }, "geometry": { "type": "Point", "coordinates": [ 103.935136, 1.885487 ] } },
{ "type": "Feature", "properties": { "decimalLatitude": 1.344367, "decimalLongitude": 103.779133, "eventDate": "2025-01-17T12:39:59Z", "countryCode": "SG" }, "geometry": { "type": "Point", "coordinates": [ 103.779133, 1.344367 ] } },
{ "type": "Feature", "properties": { "decimalLatitude": 9.315557, "decimalLongitude": 118.382657, "eventDate": "2025-01-18T10:01:27Z", "countryCode": "PH" }, "geometry": { "type": "Point", "coordinates": [ 118.382657, 9.315557 ] } },
{ "type": "Feature", "properties": { "decimalLatitude": 1.364018, "decimalLongitude": 103.776397, "eventDate": "2025-01-17T11:23:00Z", "countryCode": "SG" }, "geometry": { "type": "Point", "coordinates": [ 103.776397, 1.364018 ] } },
{ "type": "Feature", "properties": { "decimalLatitude": 12.226068, "decimalLongitude": 109.100303, "eventDate": "2025-01-23T07:33:05Z", "countryCode": "VN" }, "geometry": { "type": "Point", "coordinates": [ 109.100303, 12.226068 ] } },
{ "type": "Feature", "properties": { "decimalLatitude": 1.372602, "decimalLongitude": 103.825653, "eventDate": "2025-01-28T08:39:00Z", "countryCode": "SG" }, "geometry": { "type": "Point", "coordinates": [ 103.825653, 1.372602 ] } },
{ "type": "Feature", "properties": { "decimalLatitude": 18.479655, "decimalLongitude": 98.675308, "eventDate": "2025-01-30T13:15:21Z", "countryCode": "TH" }, "geometry": { "type": "Point", "coordinates": [ 98.675308, 18.479655 ] } },
{ "type": "Feature", "properties": { "decimalLatitude": 1.354816, "decimalLongitude": 103.776299, "eventDate": "2025-01-30T15:04:00Z", "countryCode": "SG" }, "geometry": { "type": "Point", "coordinates": [ 103.776299, 1.354816 ] } },
{ "type": "Feature", "properties": { "decimalLatitude": 6.048746, "decimalLongitude": 116.702492, "eventDate": "2025-01-25T12:35:00Z", "countryCode": "MY" }, "geometry": { "type": "Point", "coordinates": [ 116.702492, 6.048746 ] } },
{ "type": "Feature", "properties": { "decimalLatitude": 1.340784, "decimalLongitude": 103.822535, "eventDate": "2025-01-31T14:38:00Z", "countryCode": "SG" }, "geometry": { "type": "Point", "coordinates": [ 103.822535, 1.340784 ] } },
{ "type": "Feature", "properties": { "decimalLatitude": 1.347509, "decimalLongitude": 103.834315, "eventDate": "2025-01-30T13:45:13Z", "countryCode": "SG" }, "geometry": { "type": "Point", "coordinates": [ 103.834315, 1.347509 ] } },
{ "type": "Feature", "properties": { "decimalLatitude": 1.349621, "decimalLongitude": 103.819771, "eventDate": "2025-01-03T13:09:00Z", "countryCode": "SG" }, "geometry": { "type": "Point", "coordinates": [ 103.819771, 1.349621 ] } },
{ "type": "Feature", "properties": { "decimalLatitude": 5.792324, "decimalLongitude": 100.403649, "eventDate": "2025-01-02T00:00:00Z", "countryCode": "MY" }, "geometry": { "type": "Point", "coordinates": [ 100.403649, 5.792324 ] } },
{ "type": "Feature", "properties": { "decimalLatitude": 5.413116, "decimalLongitude": 100.781414, "eventDate": "2025-01-13T00:00:00Z", "countryCode": "MY" }, "geometry": { "type": "Point", "coordinates": [ 100.781414, 5.413116 ] } },
{ "type": "Feature", "properties": { "decimalLatitude": 5.792822, "decimalLongitude": 100.403803, "eventDate": "2025-01-02T00:00:00Z", "countryCode": "MY" }, "geometry": { "type": "Point", "coordinates": [ 100.403803, 5.792822 ] } },
{ "type": "Feature", "properties": { "decimalLatitude": 10.419423, "decimalLongitude": 119.200394, "eventDate": "2025-01-12T15:07:51Z", "countryCode": "PH" }, "geometry": { "type": "Point", "coordinates": [ 119.200394, 10.419423 ] } },
{ "type": "Feature", "properties": { "decimalLatitude": 5.79318, "decimalLongitude": 100.404079, "eventDate": "2025-01-02T00:00:00Z", "countryCode": "MY" }, "geometry": { "type": "Point", "coordinates": [ 100.404079, 5.79318 ] } },
{ "type": "Feature", "properties": { "decimalLatitude": 5.413464, "decimalLongitude": 100.783231, "eventDate": "2025-01-13T00:00:00Z", "countryCode": "MY" }, "geometry": { "type": "Point", "coordinates": [ 100.783231, 5.413464 ] } },
{ "type": "Feature", "properties": { "decimalLatitude": 1.376025, "decimalLongitude": 103.781072, "eventDate": "2025-02-03T10:32:00Z", "countryCode": "SG" }, "geometry": { "type": "Point", "coordinates": [ 103.781072, 1.376025 ] } },
{ "type": "Feature", "properties": { "decimalLatitude": 1.376025, "decimalLongitude": 103.781072, "eventDate": "2025-02-03T09:37:00Z", "countryCode": "SG" }, "geometry": { "type": "Point", "coordinates": [ 103.781072, 1.376025 ] } },
{ "type": "Feature", "properties": { "decimalLatitude": 1.349967, "decimalLongitude": 103.778109, "eventDate": "2025-02-05T11:17:26Z", "countryCode": "SG" }, "geometry": { "type": "Point", "coordinates": [ 103.778109, 1.349967 ] } },
{ "type": "Feature", "properties": { "decimalLatitude": 1.354816, "decimalLongitude": 103.776299, "eventDate": "2025-02-17T13:30:00Z", "countryCode": "SG" }, "geometry": { "type": "Point", "coordinates": [ 103.776299, 1.354816 ] } },
{ "type": "Feature", "properties": { "decimalLatitude": 18.81168, "decimalLongitude": 98.941422, "eventDate": "2025-02-19T14:14:55Z", "countryCode": "TH" }, "geometry": { "type": "Point", "coordinates": [ 98.941422, 18.81168 ] } },
{ "type": "Feature", "properties": { "decimalLatitude": 1.377134, "decimalLongitude": 103.776383, "eventDate": "2025-02-20T22:49:00Z", "countryCode": "SG" }, "geometry": { "type": "Point", "coordinates": [ 103.776383, 1.377134 ] } },
{ "type": "Feature", "properties": { "decimalLatitude": 5.427316, "decimalLongitude": 100.293989, "eventDate": "2025-02-20T10:08:00Z", "countryCode": "MY" }, "geometry": { "type": "Point", "coordinates": [ 100.293989, 5.427316 ] } },
{ "type": "Feature", "properties": { "decimalLatitude": 1.34339, "decimalLongitude": 103.779666, "eventDate": "2025-02-27T15:45:00Z", "countryCode": "SG" }, "geometry": { "type": "Point", "coordinates": [ 103.779666, 1.34339 ] } },
{ "type": "Feature", "properties": { "decimalLatitude": 8.703964, "decimalLongitude": 98.258261, "eventDate": "2025-02-11T07:15:00Z", "countryCode": "TH" }, "geometry": { "type": "Point", "coordinates": [ 98.258261, 8.703964 ] } },
{ "type": "Feature", "properties": { "decimalLatitude": 1.356626, "decimalLongitude": 103.821432, "eventDate": "2025-02-27T10:10:08Z", "countryCode": "SG" }, "geometry": { "type": "Point", "coordinates": [ 103.821432, 1.356626 ] } },
{ "type": "Feature", "properties": { "decimalLatitude": 1.340784, "decimalLongitude": 103.822535, "eventDate": "2025-02-03T13:41:00Z", "countryCode": "SG" }, "geometry": { "type": "Point", "coordinates": [ 103.822535, 1.340784 ] } },
{ "type": "Feature", "properties": { "decimalLatitude": 1.353873, "decimalLongitude": 103.781264, "eventDate": "2025-02-04T11:38:38Z", "countryCode": "SG" }, "geometry": { "type": "Point", "coordinates": [ 103.781264, 1.353873 ] } },
{ "type": "Feature", "properties": { "decimalLatitude": 0.532149, "decimalLongitude": 117.46465, "eventDate": "2025-02-19T14:38:00Z", "countryCode": "ID" }, "geometry": { "type": "Point", "coordinates": [ 117.46465, 0.532149 ] } },
{ "type": "Feature", "properties": { "decimalLatitude": 1.35768, "decimalLongitude": 103.81221, "eventDate": "2025-02-27T10:10:27Z", "countryCode": "SG" }, "geometry": { "type": "Point", "coordinates": [ 103.81221, 1.35768 ] } },
{ "type": "Feature", "properties": { "decimalLatitude": 5.441494, "decimalLongitude": 100.290124, "eventDate": "2025-02-26T00:00:00Z", "countryCode": "MY" }, "geometry": { "type": "Point", "coordinates": [ 100.290124, 5.441494 ] } },
{ "type": "Feature", "properties": { "decimalLatitude": 5.412795, "decimalLongitude": 100.782095, "eventDate": "2025-02-11T00:00:00Z", "countryCode": "MY" }, "geometry": { "type": "Point", "coordinates": [ 100.782095, 5.412795 ] } },
{ "type": "Feature", "properties": { "decimalLatitude": 10.188053, "decimalLongitude": 118.889113, "eventDate": "2025-02-02T15:29:12Z", "countryCode": "PH" }, "geometry": { "type": "Point", "coordinates": [ 118.889113, 10.188053 ] } },
{ "type": "Feature", "properties": { "decimalLatitude": 11.490748, "decimalLongitude": 119.898359, "eventDate": "2025-02-12T11:34:00Z", "countryCode": "PH" }, "geometry": { "type": "Point", "coordinates": [ 119.898359, 11.490748 ] } },
{ "type": "Feature", "properties": { "decimalLatitude": 9.704214, "decimalLongitude": 118.517075, "eventDate": "2025-02-05T12:48:20Z", "countryCode": "PH" }, "geometry": { "type": "Point", "coordinates": [ 118.517075, 9.704214 ] } },
{ "type": "Feature", "properties": { "decimalLatitude": 4.683844, "decimalLongitude": 101.06849, "eventDate": "2025-02-03T11:34:00Z", "countryCode": "MY" }, "geometry": { "type": "Point", "coordinates": [ 101.06849, 4.683844 ] } },
{ "type": "Feature", "properties": { "decimalLatitude": 6.942608, "decimalLongitude": 100.861283, "eventDate": "2025-03-01T10:41:23Z", "countryCode": "TH" }, "geometry": { "type": "Point", "coordinates": [ 100.861283, 6.942608 ] } },
{ "type": "Feature", "properties": { "decimalLatitude": 3.548042, "decimalLongitude": 98.124405, "eventDate": "2025-03-02T23:58:48Z", "countryCode": "ID" }, "geometry": { "type": "Point", "coordinates": [ 98.124405, 3.548042 ] } },
{ "type": "Feature", "properties": { "decimalLatitude": 3.218381, "decimalLongitude": 101.864873, "eventDate": "2025-03-03T12:41:00Z", "countryCode": "MY" }, "geometry": { "type": "Point", "coordinates": [ 101.864873, 3.218381 ] } },
{ "type": "Feature", "properties": { "decimalLatitude": 4.242946, "decimalLongitude": 101.32264, "eventDate": "2025-03-06T11:03:00Z", "countryCode": "MY" }, "geometry": { "type": "Point", "coordinates": [ 101.32264, 4.242946 ] } },
{ "type": "Feature", "properties": { "decimalLatitude": 3.218381, "decimalLongitude": 101.864873, "eventDate": "2025-03-03T12:45:00Z", "countryCode": "MY" }, "geometry": { "type": "Point", "coordinates": [ 101.864873, 3.218381 ] } },
{ "type": "Feature", "properties": { "decimalLatitude": 4.242946, "decimalLongitude": 101.32264, "eventDate": "2025-03-07T15:23:00Z", "countryCode": "MY" }, "geometry": { "type": "Point", "coordinates": [ 101.32264, 4.242946 ] } },
{ "type": "Feature", "properties": { "decimalLatitude": 20.604673, "decimalLongitude": 102.658812, "eventDate": "2025-03-17T13:00:00Z", "countryCode": "LA" }, "geometry": { "type": "Point", "coordinates": [ 102.658812, 20.604673 ] } },
{ "type": "Feature", "properties": { "decimalLatitude": 1.36868, "decimalLongitude": 103.778303, "eventDate": "2025-03-15T13:43:48Z", "countryCode": "SG" }, "geometry": { "type": "Point", "coordinates": [ 103.778303, 1.36868 ] } },
{ "type": "Feature", "properties": { "decimalLatitude": 20.569837, "decimalLongitude": 102.616514, "eventDate": "2025-03-18T11:08:43Z", "countryCode": "LA" }, "geometry": { "type": "Point", "coordinates": [ 102.616514, 20.569837 ] } },
{ "type": "Feature", "properties": { "decimalLatitude": 22.479513, "decimalLongitude": 114.343437, "eventDate": "2025-03-19T14:18:00Z", "countryCode": "HK" }, "geometry": { "type": "Point", "coordinates": [ 114.343437, 22.479513 ] } },
{ "type": "Feature", "properties": { "decimalLatitude": 1.810149, "decimalLongitude": 103.843526, "eventDate": "2025-03-02T11:15:00Z", "countryCode": "MY" }, "geometry": { "type": "Point", "coordinates": [ 103.843526, 1.810149 ] } },
{ "type": "Feature", "properties": { "decimalLatitude": 22.228378, "decimalLongitude": 114.117061, "eventDate": "2025-03-22T12:31:40Z", "countryCode": "HK" }, "geometry": { "type": "Point", "coordinates": [ 114.117061, 22.228378 ] } },
{ "type": "Feature", "properties": { "decimalLatitude": 22.539852, "decimalLongitude": 114.362524, "eventDate": "2025-03-24T10:55:00Z", "countryCode": "HK" }, "geometry": { "type": "Point", "coordinates": [ 114.362524, 22.539852 ] } },
{ "type": "Feature", "properties": { "decimalLatitude": 1.376815, "decimalLongitude": 103.78047, "eventDate": "2025-03-15T12:48:36Z", "countryCode": "SG" }, "geometry": { "type": "Point", "coordinates": [ 103.78047, 1.376815 ] } },
{ "type": "Feature", "properties": { "decimalLatitude": 1.399286, "decimalLongitude": 103.807486, "eventDate": "2025-03-18T10:05:00Z", "countryCode": "SG" }, "geometry": { "type": "Point", "coordinates": [ 103.807486, 1.399286 ] } },
{ "type": "Feature", "properties": { "decimalLatitude": 2.356517, "decimalLongitude": 111.825935, "eventDate": "2025-03-26T09:51:00Z", "countryCode": "MY" }, "geometry": { "type": "Point", "coordinates": [ 111.825935, 2.356517 ] } },
{ "type": "Feature", "properties": { "decimalLatitude": 22.46437, "decimalLongitude": 114.235827, "eventDate": "2025-03-27T13:23:00Z", "countryCode": "HK" }, "geometry": { "type": "Point", "coordinates": [ 114.235827, 22.46437 ] } },
{ "type": "Feature", "properties": { "decimalLatitude": 1.368788, "decimalLongitude": 103.778373, "eventDate": "2025-03-15T13:42:52Z", "countryCode": "SG" }, "geometry": { "type": "Point", "coordinates": [ 103.778373, 1.368788 ] } },
{ "type": "Feature", "properties": { "decimalLatitude": 22.32925, "decimalLongitude": 114.251257, "eventDate": "2025-03-28T18:05:12Z", "countryCode": "HK" }, "geometry": { "type": "Point", "coordinates": [ 114.251257, 22.32925 ] } },
{ "type": "Feature", "properties": { "decimalLatitude": 5.413278, "decimalLongitude": 100.78119, "eventDate": "2025-03-29T12:15:00Z", "countryCode": "MY" }, "geometry": { "type": "Point", "coordinates": [ 100.78119, 5.413278 ] } },
{ "type": "Feature", "properties": { "decimalLatitude": 5.413278, "decimalLongitude": 100.78119, "eventDate": "2025-03-29T11:22:00Z", "countryCode": "MY" }, "geometry": { "type": "Point", "coordinates": [ 100.78119, 5.413278 ] } },
{ "type": "Feature", "properties": { "decimalLatitude": 1.3884, "decimalLongitude": 103.818063, "eventDate": "2025-03-23T12:40:00Z", "countryCode": "SG" }, "geometry": { "type": "Point", "coordinates": [ 103.818063, 1.3884 ] } },
{ "type": "Feature", "properties": { "decimalLatitude": 5.847933, "decimalLongitude": 118.06157, "eventDate": "2025-03-25T07:03:00Z", "countryCode": "MY" }, "geometry": { "type": "Point", "coordinates": [ 118.06157, 5.847933 ] } },
{ "type": "Feature", "properties": { "decimalLatitude": 19.781702, "decimalLongitude": 101.98608, "eventDate": "2025-03-29T00:00:00Z", "countryCode": "LA" }, "geometry": { "type": "Point", "coordinates": [ 101.98608, 19.781702 ] } },
{ "type": "Feature", "properties": { "decimalLatitude": 1.27603, "decimalLongitude": 103.918847, "eventDate": "2025-03-06T21:16:41Z", "countryCode": "SG" }, "geometry": { "type": "Point", "coordinates": [ 103.918847, 1.27603 ] } },
{ "type": "Feature", "properties": { "decimalLatitude": 5.414014, "decimalLongitude": 118.037001, "eventDate": "2025-03-04T07:48:00Z", "countryCode": "MY" }, "geometry": { "type": "Point", "coordinates": [ 118.037001, 5.414014 ] } },
{ "type": "Feature", "properties": { "decimalLatitude": 1.390666, "decimalLongitude": 103.835699, "eventDate": "2025-03-30T21:03:00Z", "countryCode": "SG" }, "geometry": { "type": "Point", "coordinates": [ 103.835699, 1.390666 ] } },
{ "type": "Feature", "properties": { "decimalLatitude": 5.412899, "decimalLongitude": 118.038357, "eventDate": "2025-03-05T08:19:00Z", "countryCode": "MY" }, "geometry": { "type": "Point", "coordinates": [ 118.038357, 5.412899 ] } },
{ "type": "Feature", "properties": { "decimalLatitude": 1.374345, "decimalLongitude": 103.922176, "eventDate": "2025-03-30T21:12:00Z", "countryCode": "SG" }, "geometry": { "type": "Point", "coordinates": [ 103.922176, 1.374345 ] } },
{ "type": "Feature", "properties": { "decimalLatitude": 1.305368, "decimalLongitude": 103.851975, "eventDate": "2025-03-07T12:24:40Z", "countryCode": "SG" }, "geometry": { "type": "Point", "coordinates": [ 103.851975, 1.305368 ] } },
{ "type": "Feature", "properties": { "decimalLatitude": 1.358573, "decimalLongitude": 103.777303, "eventDate": "2025-03-16T12:21:00Z", "countryCode": "SG" }, "geometry": { "type": "Point", "coordinates": [ 103.777303, 1.358573 ] } },
{ "type": "Feature", "properties": { "decimalLatitude": 3.541169, "decimalLongitude": 98.110366, "eventDate": "2025-03-12T23:16:00Z", "countryCode": "ID" }, "geometry": { "type": "Point", "coordinates": [ 98.110366, 3.541169 ] } },
{ "type": "Feature", "properties": { "decimalLatitude": 4.046266, "decimalLongitude": 114.826077, "eventDate": "2025-03-17T00:00:00Z", "countryCode": "MY" }, "geometry": { "type": "Point", "coordinates": [ 114.826077, 4.046266 ] } },
{ "type": "Feature", "properties": { "decimalLatitude": 1.348388, "decimalLongitude": 103.776701, "eventDate": "2025-04-01T15:10:00Z", "countryCode": "SG" }, "geometry": { "type": "Point", "coordinates": [ 103.776701, 1.348388 ] } },
{ "type": "Feature", "properties": { "decimalLatitude": 1.348388, "decimalLongitude": 103.776701, "eventDate": "2025-04-01T15:10:00Z", "countryCode": "SG" }, "geometry": { "type": "Point", "coordinates": [ 103.776701, 1.348388 ] } },
{ "type": "Feature", "properties": { "decimalLatitude": 1.348388, "decimalLongitude": 103.776701, "eventDate": "2025-04-01T14:10:00Z", "countryCode": "SG" }, "geometry": { "type": "Point", "coordinates": [ 103.776701, 1.348388 ] } },
{ "type": "Feature", "properties": { "decimalLatitude": 1.348388, "decimalLongitude": 103.776701, "eventDate": "2025-04-01T14:47:00Z", "countryCode": "SG" }, "geometry": { "type": "Point", "coordinates": [ 103.776701, 1.348388 ] } },
{ "type": "Feature", "properties": { "decimalLatitude": 22.274516, "decimalLongitude": 113.987491, "eventDate": "2025-04-10T14:41:24Z", "countryCode": "HK" }, "geometry": { "type": "Point", "coordinates": [ 113.987491, 22.274516 ] } },
{ "type": "Feature", "properties": { "decimalLatitude": 23.05196, "decimalLongitude": 112.48461, "eventDate": "2025-04-11T13:12:00Z", "countryCode": "CN" }, "geometry": { "type": "Point", "coordinates": [ 112.48461, 23.05196 ] } },
{ "type": "Feature", "properties": { "decimalLatitude": 22.374322, "decimalLongitude": 114.187775, "eventDate": "2025-04-09T12:59:27Z", "countryCode": "HK" }, "geometry": { "type": "Point", "coordinates": [ 114.187775, 22.374322 ] } },
{ "type": "Feature", "properties": { "decimalLatitude": 22.283357, "decimalLongitude": 113.898497, "eventDate": "2025-04-13T11:00:00Z", "countryCode": "HK" }, "geometry": { "type": "Point", "coordinates": [ 113.898497, 22.283357 ] } },
{ "type": "Feature", "properties": { "decimalLatitude": 22.526449, "decimalLongitude": 114.260097, "eventDate": "2025-04-14T15:32:46Z", "countryCode": "HK" }, "geometry": { "type": "Point", "coordinates": [ 114.260097, 22.526449 ] } },
{ "type": "Feature", "properties": { "decimalLatitude": 22.417527, "decimalLongitude": 114.29507, "eventDate": "2025-04-14T13:13:21Z", "countryCode": "HK" }, "geometry": { "type": "Point", "coordinates": [ 114.29507, 22.417527 ] } },
{ "type": "Feature", "properties": { "decimalLatitude": 22.280967, "decimalLongitude": 114.134425, "eventDate": "2025-04-13T15:04:31Z", "countryCode": "HK" }, "geometry": { "type": "Point", "coordinates": [ 114.134425, 22.280967 ] } },
{ "type": "Feature", "properties": { "decimalLatitude": 22.469747, "decimalLongitude": 114.396525, "eventDate": "2025-04-14T13:04:00Z", "countryCode": "HK" }, "geometry": { "type": "Point", "coordinates": [ 114.396525, 22.469747 ] } },
{ "type": "Feature", "properties": { "decimalLatitude": 22.221823, "decimalLongitude": 113.914155, "eventDate": "2025-04-13T12:22:50Z", "countryCode": "HK" }, "geometry": { "type": "Point", "coordinates": [ 113.914155, 22.221823 ] } },
{ "type": "Feature", "properties": { "decimalLatitude": 22.221823, "decimalLongitude": 113.914155, "eventDate": "2025-04-13T10:59:12Z", "countryCode": "HK" }, "geometry": { "type": "Point", "coordinates": [ 113.914155, 22.221823 ] } },
{ "type": "Feature", "properties": { "decimalLatitude": 22.525609, "decimalLongitude": 114.33167, "eventDate": "2025-04-14T13:21:48Z", "countryCode": "HK" }, "geometry": { "type": "Point", "coordinates": [ 114.33167, 22.525609 ] } },
{ "type": "Feature", "properties": { "decimalLatitude": 22.565103, "decimalLongitude": 114.266136, "eventDate": "2025-04-15T11:30:00Z", "countryCode": "HK" }, "geometry": { "type": "Point", "coordinates": [ 114.266136, 22.565103 ] } },
{ "type": "Feature", "properties": { "decimalLatitude": 22.40447, "decimalLongitude": 114.048149, "eventDate": "2025-04-02T10:37:20Z", "countryCode": "HK" }, "geometry": { "type": "Point", "coordinates": [ 114.048149, 22.40447 ] } },
{ "type": "Feature", "properties": { "decimalLatitude": 22.477418, "decimalLongitude": 114.218821, "eventDate": "2025-04-16T12:21:00Z", "countryCode": "HK" }, "geometry": { "type": "Point", "coordinates": [ 114.218821, 22.477418 ] } },
{ "type": "Feature", "properties": { "decimalLatitude": 22.32998, "decimalLongitude": 113.886511, "eventDate": "2025-04-03T14:17:00Z", "countryCode": "HK" }, "geometry": { "type": "Point", "coordinates": [ 113.886511, 22.32998 ] } },
{ "type": "Feature", "properties": { "decimalLatitude": 22.278697, "decimalLongitude": 114.173465, "eventDate": "2025-04-14T09:45:02Z", "countryCode": "HK" }, "geometry": { "type": "Point", "coordinates": [ 114.173465, 22.278697 ] } },
{ "type": "Feature", "properties": { "decimalLatitude": 22.441107, "decimalLongitude": 114.336103, "eventDate": "2025-04-18T14:05:32Z", "countryCode": "HK" }, "geometry": { "type": "Point", "coordinates": [ 114.336103, 22.441107 ] } },
{ "type": "Feature", "properties": { "decimalLatitude": 22.222172, "decimalLongitude": 113.916105, "eventDate": "2025-04-03T12:24:34Z", "countryCode": "HK" }, "geometry": { "type": "Point", "coordinates": [ 113.916105, 22.222172 ] } },
{ "type": "Feature", "properties": { "decimalLatitude": 22.288506, "decimalLongitude": 113.947164, "eventDate": "2025-04-04T09:46:02Z", "countryCode": "HK" }, "geometry": { "type": "Point", "coordinates": [ 113.947164, 22.288506 ] } },
{ "type": "Feature", "properties": { "decimalLatitude": 22.409136, "decimalLongitude": 113.962675, "eventDate": "2025-04-15T08:14:00Z", "countryCode": "HK" }, "geometry": { "type": "Point", "coordinates": [ 113.962675, 22.409136 ] } },
{ "type": "Feature", "properties": { "decimalLatitude": 22.277128, "decimalLongitude": 114.21183, "eventDate": "2025-04-16T13:59:24Z", "countryCode": "HK" }, "geometry": { "type": "Point", "coordinates": [ 114.21183, 22.277128 ] } },
{ "type": "Feature", "properties": { "decimalLatitude": 1.352383, "decimalLongitude": 103.824072, "eventDate": "2025-04-03T16:24:29Z", "countryCode": "SG" }, "geometry": { "type": "Point", "coordinates": [ 103.824072, 1.352383 ] } },
{ "type": "Feature", "properties": { "decimalLatitude": 1.356237, "decimalLongitude": 103.80152, "eventDate": "2025-04-19T12:13:00Z", "countryCode": "SG" }, "geometry": { "type": "Point", "coordinates": [ 103.80152, 1.356237 ] } },
{ "type": "Feature", "properties": { "decimalLatitude": 22.21837, "decimalLongitude": 113.917082, "eventDate": "2025-04-06T12:29:00Z", "countryCode": "HK" }, "geometry": { "type": "Point", "coordinates": [ 113.917082, 22.21837 ] } },
{ "type": "Feature", "properties": { "decimalLatitude": 22.380736, "decimalLongitude": 113.956792, "eventDate": "2025-04-16T09:33:00Z", "countryCode": "HK" }, "geometry": { "type": "Point", "coordinates": [ 113.956792, 22.380736 ] } },
{ "type": "Feature", "properties": { "decimalLatitude": 3.423008, "decimalLongitude": 101.842042, "eventDate": "2025-04-17T00:00:00Z", "countryCode": "MY" }, "geometry": { "type": "Point", "coordinates": [ 101.842042, 3.423008 ] } },
{ "type": "Feature", "properties": { "decimalLatitude": 22.205317, "decimalLongitude": 113.864572, "eventDate": "2025-04-14T12:31:18Z", "countryCode": "HK" }, "geometry": { "type": "Point", "coordinates": [ 113.864572, 22.205317 ] } },
{ "type": "Feature", "properties": { "decimalLatitude": 22.221043, "decimalLongitude": 113.918289, "eventDate": "2025-04-06T10:12:00Z", "countryCode": "HK" }, "geometry": { "type": "Point", "coordinates": [ 113.918289, 22.221043 ] } },
{ "type": "Feature", "properties": { "decimalLatitude": 22.568754, "decimalLongitude": 114.069449, "eventDate": "2025-04-06T13:15:00Z", "countryCode": "HK" }, "geometry": { "type": "Point", "coordinates": [ 114.069449, 22.568754 ] } },
{ "type": "Feature", "properties": { "decimalLatitude": 22.237411, "decimalLongitude": 113.848072, "eventDate": "2025-04-06T12:24:00Z", "countryCode": "HK" }, "geometry": { "type": "Point", "coordinates": [ 113.848072, 22.237411 ] } },
{ "type": "Feature", "properties": { "decimalLatitude": 22.278233, "decimalLongitude": 114.156305, "eventDate": "2025-04-19T12:40:47Z", "countryCode": "HK" }, "geometry": { "type": "Point", "coordinates": [ 114.156305, 22.278233 ] } },
{ "type": "Feature", "properties": { "decimalLatitude": 1.612769, "decimalLongitude": 110.196905, "eventDate": "2025-04-07T11:33:00Z", "countryCode": "MY" }, "geometry": { "type": "Point", "coordinates": [ 110.196905, 1.612769 ] } },
{ "type": "Feature", "properties": { "decimalLatitude": 22.440006, "decimalLongitude": 114.332602, "eventDate": "2025-04-18T14:14:38Z", "countryCode": "HK" }, "geometry": { "type": "Point", "coordinates": [ 114.332602, 22.440006 ] } },
{ "type": "Feature", "properties": { "decimalLatitude": 1.356879, "decimalLongitude": 103.80378, "eventDate": "2025-04-18T11:34:00Z", "countryCode": "SG" }, "geometry": { "type": "Point", "coordinates": [ 103.80378, 1.356879 ] } },
{ "type": "Feature", "properties": { "decimalLatitude": 1.356237, "decimalLongitude": 103.80152, "eventDate": "2025-04-19T11:57:00Z", "countryCode": "SG" }, "geometry": { "type": "Point", "coordinates": [ 103.80152, 1.356237 ] } },
{ "type": "Feature", "properties": { "decimalLatitude": 22.56542, "decimalLongitude": 114.399392, "eventDate": "2025-04-07T09:45:00Z", "countryCode": "HK" }, "geometry": { "type": "Point", "coordinates": [ 114.399392, 22.56542 ] } },
{ "type": "Feature", "properties": { "decimalLatitude": 22.516847, "decimalLongitude": 114.12861, "eventDate": "2025-04-06T13:15:00Z", "countryCode": "HK" }, "geometry": { "type": "Point", "coordinates": [ 114.12861, 22.516847 ] } },
{ "type": "Feature", "properties": { "decimalLatitude": 22.205072, "decimalLongitude": 113.864783, "eventDate": "2025-04-14T12:19:43Z", "countryCode": "HK" }, "geometry": { "type": "Point", "coordinates": [ 113.864783, 22.205072 ] } },
{ "type": "Feature", "properties": { "decimalLatitude": 22.449932, "decimalLongitude": 114.364853, "eventDate": "2025-04-20T13:06:00Z", "countryCode": "HK" }, "geometry": { "type": "Point", "coordinates": [ 114.364853, 22.449932 ] } },
{ "type": "Feature", "properties": { "decimalLatitude": 22.467136, "decimalLongitude": 114.179491, "eventDate": "2025-04-09T14:33:00Z", "countryCode": "HK" }, "geometry": { "type": "Point", "coordinates": [ 114.179491, 22.467136 ] } },
{ "type": "Feature", "properties": { "decimalLatitude": 22.531466, "decimalLongitude": 114.331014, "eventDate": "2025-04-07T12:53:00Z", "countryCode": "HK" }, "geometry": { "type": "Point", "coordinates": [ 114.331014, 22.531466 ] } },
{ "type": "Feature", "properties": { "decimalLatitude": 22.520916, "decimalLongitude": 114.214172, "eventDate": "2025-04-20T12:54:00Z", "countryCode": "HK" }, "geometry": { "type": "Point", "coordinates": [ 114.214172, 22.520916 ] } },
{ "type": "Feature", "properties": { "decimalLatitude": 22.221043, "decimalLongitude": 113.918289, "eventDate": "2025-04-06T10:14:00Z", "countryCode": "HK" }, "geometry": { "type": "Point", "coordinates": [ 113.918289, 22.221043 ] } },
{ "type": "Feature", "properties": { "decimalLatitude": 22.43034, "decimalLongitude": 114.204597, "eventDate": "2025-04-08T14:36:00Z", "countryCode": "HK" }, "geometry": { "type": "Point", "coordinates": [ 114.204597, 22.43034 ] } },
{ "type": "Feature", "properties": { "decimalLatitude": 22.149153, "decimalLongitude": 100.85467, "eventDate": "2025-04-05T11:59:00Z", "countryCode": "CN" }, "geometry": { "type": "Point", "coordinates": [ 100.85467, 22.149153 ] } },
{ "type": "Feature", "properties": { "decimalLatitude": 22.431074, "decimalLongitude": 114.184666, "eventDate": "2025-04-21T13:53:00Z", "countryCode": "HK" }, "geometry": { "type": "Point", "coordinates": [ 114.184666, 22.431074 ] } },
{ "type": "Feature", "properties": { "decimalLatitude": 22.431668, "decimalLongitude": 114.185181, "eventDate": "2025-04-21T14:49:25Z", "countryCode": "HK" }, "geometry": { "type": "Point", "coordinates": [ 114.185181, 22.431668 ] } },
{ "type": "Feature", "properties": { "decimalLatitude": 22.367971, "decimalLongitude": 114.265676, "eventDate": "2025-04-10T14:44:41Z", "countryCode": "HK" }, "geometry": { "type": "Point", "coordinates": [ 114.265676, 22.367971 ] } },
{ "type": "Feature", "properties": { "decimalLatitude": 22.531937, "decimalLongitude": 114.386923, "eventDate": "2025-04-20T11:43:00Z", "countryCode": "HK" }, "geometry": { "type": "Point", "coordinates": [ 114.386923, 22.531937 ] } },
{ "type": "Feature", "properties": { "decimalLatitude": 22.520916, "decimalLongitude": 114.214172, "eventDate": "2025-04-20T12:55:00Z", "countryCode": "HK" }, "geometry": { "type": "Point", "coordinates": [ 114.214172, 22.520916 ] } },
{ "type": "Feature", "properties": { "decimalLatitude": 22.575137, "decimalLongitude": 114.346836, "eventDate": "2025-04-22T12:28:00Z", "countryCode": "HK" }, "geometry": { "type": "Point", "coordinates": [ 114.346836, 22.575137 ] } },
{ "type": "Feature", "properties": { "decimalLatitude": 22.334448, "decimalLongitude": 114.344626, "eventDate": "2025-04-21T09:49:00Z", "countryCode": "HK" }, "geometry": { "type": "Point", "coordinates": [ 114.344626, 22.334448 ] } },
{ "type": "Feature", "properties": { "decimalLatitude": 22.472636, "decimalLongitude": 114.222566, "eventDate": "2025-04-21T11:21:08Z", "countryCode": "HK" }, "geometry": { "type": "Point", "coordinates": [ 114.222566, 22.472636 ] } },
{ "type": "Feature", "properties": { "decimalLatitude": 22.518063, "decimalLongitude": 114.258016, "eventDate": "2025-04-22T14:47:00Z", "countryCode": "HK" }, "geometry": { "type": "Point", "coordinates": [ 114.258016, 22.518063 ] } },
{ "type": "Feature", "properties": { "decimalLatitude": 22.519238, "decimalLongitude": 114.257013, "eventDate": "2025-04-22T10:20:00Z", "countryCode": "HK" }, "geometry": { "type": "Point", "coordinates": [ 114.257013, 22.519238 ] } },
{ "type": "Feature", "properties": { "decimalLatitude": 22.443159, "decimalLongitude": 114.137219, "eventDate": "2025-04-23T12:05:00Z", "countryCode": "HK" }, "geometry": { "type": "Point", "coordinates": [ 114.137219, 22.443159 ] } },
{ "type": "Feature", "properties": { "decimalLatitude": 22.369476, "decimalLongitude": 114.178027, "eventDate": "2025-04-25T14:49:00Z", "countryCode": "HK" }, "geometry": { "type": "Point", "coordinates": [ 114.178027, 22.369476 ] } },
{ "type": "Feature", "properties": { "decimalLatitude": 22.33623, "decimalLongitude": 114.176327, "eventDate": "2025-04-24T19:03:25Z", "countryCode": "HK" }, "geometry": { "type": "Point", "coordinates": [ 114.176327, 22.33623 ] } },
{ "type": "Feature", "properties": { "decimalLatitude": 22.42426, "decimalLongitude": 114.18323, "eventDate": "2025-04-25T11:42:00Z", "countryCode": "HK" }, "geometry": { "type": "Point", "coordinates": [ 114.18323, 22.42426 ] } },
{ "type": "Feature", "properties": { "decimalLatitude": 22.421938, "decimalLongitude": 114.199281, "eventDate": "2025-04-25T22:40:08Z", "countryCode": "HK" }, "geometry": { "type": "Point", "coordinates": [ 114.199281, 22.421938 ] } },
{ "type": "Feature", "properties": { "decimalLatitude": 22.42845, "decimalLongitude": 114.207852, "eventDate": "2025-04-25T16:23:47Z", "countryCode": "HK" }, "geometry": { "type": "Point", "coordinates": [ 114.207852, 22.42845 ] } },
{ "type": "Feature", "properties": { "decimalLatitude": 22.374145, "decimalLongitude": 114.265617, "eventDate": "2025-04-26T15:07:41Z", "countryCode": "HK" }, "geometry": { "type": "Point", "coordinates": [ 114.265617, 22.374145 ] } },
{ "type": "Feature", "properties": { "decimalLatitude": 22.433108, "decimalLongitude": 114.11814, "eventDate": "2025-04-26T12:52:15Z", "countryCode": "HK" }, "geometry": { "type": "Point", "coordinates": [ 114.11814, 22.433108 ] } },
{ "type": "Feature", "properties": { "decimalLatitude": 22.373383, "decimalLongitude": 114.266637, "eventDate": "2025-04-24T14:50:39Z", "countryCode": "HK" }, "geometry": { "type": "Point", "coordinates": [ 114.266637, 22.373383 ] } },
{ "type": "Feature", "properties": { "decimalLatitude": 4.697418, "decimalLongitude": 100.74514, "eventDate": "2025-04-25T00:00:00Z", "countryCode": "MY" }, "geometry": { "type": "Point", "coordinates": [ 100.74514, 4.697418 ] } },
{ "type": "Feature", "properties": { "decimalLatitude": 22.243722, "decimalLongitude": 113.878935, "eventDate": "2025-04-26T20:31:00Z", "countryCode": "HK" }, "geometry": { "type": "Point", "coordinates": [ 113.878935, 22.243722 ] } },
{ "type": "Feature", "properties": { "decimalLatitude": 22.214063, "decimalLongitude": 113.916333, "eventDate": "2025-04-26T13:33:29Z", "countryCode": "HK" }, "geometry": { "type": "Point", "coordinates": [ 113.916333, 22.214063 ] } },
{ "type": "Feature", "properties": { "decimalLatitude": 22.504006, "decimalLongitude": 114.241793, "eventDate": "2025-04-26T20:59:28Z", "countryCode": "HK" }, "geometry": { "type": "Point", "coordinates": [ 114.241793, 22.504006 ] } },
{ "type": "Feature", "properties": { "decimalLatitude": 22.222631, "decimalLongitude": 113.914513, "eventDate": "2025-04-26T15:11:03Z", "countryCode": "HK" }, "geometry": { "type": "Point", "coordinates": [ 113.914513, 22.222631 ] } },
{ "type": "Feature", "properties": { "decimalLatitude": 22.376633, "decimalLongitude": 114.26015, "eventDate": "2025-04-24T14:39:59Z", "countryCode": "HK" }, "geometry": { "type": "Point", "coordinates": [ 114.26015, 22.376633 ] } },
{ "type": "Feature", "properties": { "decimalLatitude": 22.373375, "decimalLongitude": 114.266647, "eventDate": "2025-04-24T14:50:30Z", "countryCode": "HK" }, "geometry": { "type": "Point", "coordinates": [ 114.266647, 22.373375 ] } },
{ "type": "Feature", "properties": { "decimalLatitude": 22.448808, "decimalLongitude": 114.318676, "eventDate": "2025-04-26T16:14:51Z", "countryCode": "HK" }, "geometry": { "type": "Point", "coordinates": [ 114.318676, 22.448808 ] } },
{ "type": "Feature", "properties": { "decimalLatitude": 22.505491, "decimalLongitude": 114.241642, "eventDate": "2025-04-26T21:00:41Z", "countryCode": "HK" }, "geometry": { "type": "Point", "coordinates": [ 114.241642, 22.505491 ] } },
{ "type": "Feature", "properties": { "decimalLatitude": 22.346384, "decimalLongitude": 114.192844, "eventDate": "2025-04-26T17:15:53Z", "countryCode": "HK" }, "geometry": { "type": "Point", "coordinates": [ 114.192844, 22.346384 ] } },
{ "type": "Feature", "properties": { "decimalLatitude": 1.399853, "decimalLongitude": 103.806938, "eventDate": "2025-04-26T10:46:57Z", "countryCode": "SG" }, "geometry": { "type": "Point", "coordinates": [ 103.806938, 1.399853 ] } },
{ "type": "Feature", "properties": { "decimalLatitude": 22.125487, "decimalLongitude": 113.556787, "eventDate": "2025-04-27T10:04:26Z", "countryCode": "MO" }, "geometry": { "type": "Point", "coordinates": [ 113.556787, 22.125487 ] } },
{ "type": "Feature", "properties": { "decimalLatitude": 22.278763, "decimalLongitude": 114.155992, "eventDate": "2025-04-27T17:35:26Z", "countryCode": "HK" }, "geometry": { "type": "Point", "coordinates": [ 114.155992, 22.278763 ] } },
{ "type": "Feature", "properties": { "decimalLatitude": 22.460635, "decimalLongitude": 114.329983, "eventDate": "2025-04-27T13:35:00Z", "countryCode": "HK" }, "geometry": { "type": "Point", "coordinates": [ 114.329983, 22.460635 ] } },
{ "type": "Feature", "properties": { "decimalLatitude": 22.461207, "decimalLongitude": 114.327891, "eventDate": "2025-04-27T15:58:31Z", "countryCode": "HK" }, "geometry": { "type": "Point", "coordinates": [ 114.327891, 22.461207 ] } },
{ "type": "Feature", "properties": { "decimalLatitude": 22.126085, "decimalLongitude": 113.572212, "eventDate": "2025-04-27T15:54:44Z", "countryCode": "MO" }, "geometry": { "type": "Point", "coordinates": [ 113.572212, 22.126085 ] } },
{ "type": "Feature", "properties": { "decimalLatitude": 22.130683, "decimalLongitude": 113.571205, "eventDate": "2025-04-27T17:54:00Z", "countryCode": "MO" }, "geometry": { "type": "Point", "coordinates": [ 113.571205, 22.130683 ] } },
{ "type": "Feature", "properties": { "decimalLatitude": 22.153784, "decimalLongitude": 113.559854, "eventDate": "2025-04-27T16:07:38Z", "countryCode": "MO" }, "geometry": { "type": "Point", "coordinates": [ 113.559854, 22.153784 ] } },
{ "type": "Feature", "properties": { "decimalLatitude": 22.37412, "decimalLongitude": 114.265612, "eventDate": "2025-04-26T15:07:16Z", "countryCode": "HK" }, "geometry": { "type": "Point", "coordinates": [ 114.265612, 22.37412 ] } },
{ "type": "Feature", "properties": { "decimalLatitude": 22.25195, "decimalLongitude": 114.17437, "eventDate": "2025-04-28T13:50:44Z", "countryCode": "HK" }, "geometry": { "type": "Point", "coordinates": [ 114.17437, 22.25195 ] } },
{ "type": "Feature", "properties": { "decimalLatitude": 22.125478, "decimalLongitude": 113.55677, "eventDate": "2025-04-27T10:04:25Z", "countryCode": "MO" }, "geometry": { "type": "Point", "coordinates": [ 113.55677, 22.125478 ] } },
{ "type": "Feature", "properties": { "decimalLatitude": 22.37386, "decimalLongitude": 114.266548, "eventDate": "2025-04-28T12:07:00Z", "countryCode": "HK" }, "geometry": { "type": "Point", "coordinates": [ 114.266548, 22.37386 ] } },
{ "type": "Feature", "properties": { "decimalLatitude": 22.286378, "decimalLongitude": 113.943168, "eventDate": "2025-04-25T09:45:00Z", "countryCode": "HK" }, "geometry": { "type": "Point", "coordinates": [ 113.943168, 22.286378 ] } },
{ "type": "Feature", "properties": { "decimalLatitude": 22.420379, "decimalLongitude": 114.363127, "eventDate": "2025-04-27T09:01:00Z", "countryCode": "HK" }, "geometry": { "type": "Point", "coordinates": [ 114.363127, 22.420379 ] } },
{ "type": "Feature", "properties": { "decimalLatitude": 22.153867, "decimalLongitude": 113.559617, "eventDate": "2025-04-27T16:08:46Z", "countryCode": "MO" }, "geometry": { "type": "Point", "coordinates": [ 113.559617, 22.153867 ] } },
{ "type": "Feature", "properties": { "decimalLatitude": 22.188176, "decimalLongitude": 113.472671, "eventDate": "2025-04-26T23:02:00Z", "countryCode": "CN" }, "geometry": { "type": "Point", "coordinates": [ 113.472671, 22.188176 ] } },
{ "type": "Feature", "properties": { "decimalLatitude": 22.460635, "decimalLongitude": 114.329983, "eventDate": "2025-04-27T13:34:00Z", "countryCode": "HK" }, "geometry": { "type": "Point", "coordinates": [ 114.329983, 22.460635 ] } },
{ "type": "Feature", "properties": { "decimalLatitude": 22.435995, "decimalLongitude": 114.128341, "eventDate": "2025-04-29T13:14:08Z", "countryCode": "HK" }, "geometry": { "type": "Point", "coordinates": [ 114.128341, 22.435995 ] } },
{ "type": "Feature", "properties": { "decimalLatitude": 22.281061, "decimalLongitude": 114.213421, "eventDate": "2025-04-28T12:43:00Z", "countryCode": "HK" }, "geometry": { "type": "Point", "coordinates": [ 114.213421, 22.281061 ] } },
{ "type": "Feature", "properties": { "decimalLatitude": 22.429517, "decimalLongitude": 114.180409, "eventDate": "2025-04-26T11:35:00Z", "countryCode": "HK" }, "geometry": { "type": "Point", "coordinates": [ 114.180409, 22.429517 ] } },
{ "type": "Feature", "properties": { "decimalLatitude": 22.421153, "decimalLongitude": 114.198133, "eventDate": "2025-04-25T22:31:53Z", "countryCode": "HK" }, "geometry": { "type": "Point", "coordinates": [ 114.198133, 22.421153 ] } },
{ "type": "Feature", "properties": { "decimalLatitude": 22.422086, "decimalLongitude": 114.199256, "eventDate": "2025-04-25T23:20:00Z", "countryCode": "HK" }, "geometry": { "type": "Point", "coordinates": [ 114.199256, 22.422086 ] } },
{ "type": "Feature", "properties": { "decimalLatitude": 22.125822, "decimalLongitude": 113.559422, "eventDate": "2025-04-26T16:41:00Z", "countryCode": "MO" }, "geometry": { "type": "Point", "coordinates": [ 113.559422, 22.125822 ] } },
{ "type": "Feature", "properties": { "decimalLatitude": 22.288625, "decimalLongitude": 113.993892, "eventDate": "2025-04-26T20:22:00Z", "countryCode": "HK" }, "geometry": { "type": "Point", "coordinates": [ 113.993892, 22.288625 ] } },
{ "type": "Feature", "properties": { "decimalLatitude": 22.422084, "decimalLongitude": 114.198945, "eventDate": "2025-04-25T22:30:00Z", "countryCode": "HK" }, "geometry": { "type": "Point", "coordinates": [ 114.198945, 22.422084 ] } },
{ "type": "Feature", "properties": { "decimalLatitude": 22.232269, "decimalLongitude": 114.109257, "eventDate": "2025-04-26T11:19:16Z", "countryCode": "HK" }, "geometry": { "type": "Point", "coordinates": [ 114.109257, 22.232269 ] } },
{ "type": "Feature", "properties": { "decimalLatitude": 22.247073, "decimalLongitude": 114.174506, "eventDate": "2025-04-29T07:28:06Z", "countryCode": "HK" }, "geometry": { "type": "Point", "coordinates": [ 114.174506, 22.247073 ] } },
{ "type": "Feature", "properties": { "decimalLatitude": 22.153856, "decimalLongitude": 113.559497, "eventDate": "2025-04-27T17:26:00Z", "countryCode": "MO" }, "geometry": { "type": "Point", "coordinates": [ 113.559497, 22.153856 ] } },
{ "type": "Feature", "properties": { "decimalLatitude": 22.129065, "decimalLongitude": 113.575531, "eventDate": "2025-04-28T16:11:29Z", "countryCode": "MO" }, "geometry": { "type": "Point", "coordinates": [ 113.575531, 22.129065 ] } },
{ "type": "Feature", "properties": { "decimalLatitude": 22.273767, "decimalLongitude": 114.151106, "eventDate": "2025-04-30T09:26:16Z", "countryCode": "HK" }, "geometry": { "type": "Point", "coordinates": [ 114.151106, 22.273767 ] } },
{ "type": "Feature", "properties": { "decimalLatitude": 22.252045, "decimalLongitude": 114.174247, "eventDate": "2025-04-28T13:51:07Z", "countryCode": "HK" }, "geometry": { "type": "Point", "coordinates": [ 114.174247, 22.252045 ] } },
{ "type": "Feature", "properties": { "decimalLatitude": 22.252045, "decimalLongitude": 114.174247, "eventDate": "2025-04-28T13:51:07Z", "countryCode": "HK" }, "geometry": { "type": "Point", "coordinates": [ 114.174247, 22.252045 ] } },
{ "type": "Feature", "properties": { "decimalLatitude": 22.197522, "decimalLongitude": 113.549355, "eventDate": "2025-04-28T13:41:24Z", "countryCode": "MO" }, "geometry": { "type": "Point", "coordinates": [ 113.549355, 22.197522 ] } },
{ "type": "Feature", "properties": { "decimalLatitude": 4.863292, "decimalLongitude": 114.876938, "eventDate": "2025-04-28T16:13:00Z", "countryCode": "BN" }, "geometry": { "type": "Point", "coordinates": [ 114.876938, 4.863292 ] } },
{ "type": "Feature", "properties": { "decimalLatitude": 22.30891, "decimalLongitude": 114.263557, "eventDate": "2025-04-28T00:00:00Z", "countryCode": "HK" }, "geometry": { "type": "Point", "coordinates": [ 114.263557, 22.30891 ] } },
{ "type": "Feature", "properties": { "decimalLatitude": 22.116954, "decimalLongitude": 113.559241, "eventDate": "2025-04-27T16:24:00Z", "countryCode": "MO" }, "geometry": { "type": "Point", "coordinates": [ 113.559241, 22.116954 ] } },
{ "type": "Feature", "properties": { "decimalLatitude": 1.360516, "decimalLongitude": 103.777823, "eventDate": "2025-04-20T12:06:00Z", "countryCode": "SG" }, "geometry": { "type": "Point", "coordinates": [ 103.777823, 1.360516 ] } },
{ "type": "Feature", "properties": { "decimalLatitude": 4.863007, "decimalLongitude": 114.876958, "eventDate": "2025-04-28T16:10:00Z", "countryCode": "BN" }, "geometry": { "type": "Point", "coordinates": [ 114.876958, 4.863007 ] } },
{ "type": "Feature", "properties": { "decimalLatitude": 8.718334, "decimalLongitude": 99.678069, "eventDate": "2025-04-13T12:51:49Z", "countryCode": "TH" }, "geometry": { "type": "Point", "coordinates": [ 99.678069, 8.718334 ] } },
{ "type": "Feature", "properties": { "decimalLatitude": 22.467576, "decimalLongitude": 114.180201, "eventDate": "2025-04-30T11:40:00Z", "countryCode": "HK" }, "geometry": { "type": "Point", "coordinates": [ 114.180201, 22.467576 ] } },
{ "type": "Feature", "properties": { "decimalLatitude": 22.387768, "decimalLongitude": 114.106623, "eventDate": "2025-04-27T15:46:00Z", "countryCode": "HK" }, "geometry": { "type": "Point", "coordinates": [ 114.106623, 22.387768 ] } },
{ "type": "Feature", "properties": { "decimalLatitude": 8.240431, "decimalLongitude": 98.920341, "eventDate": "2025-04-12T12:04:00Z", "countryCode": "TH" }, "geometry": { "type": "Point", "coordinates": [ 98.920341, 8.240431 ] } },
{ "type": "Feature", "properties": { "decimalLatitude": 1.360108, "decimalLongitude": 103.777164, "eventDate": "2025-04-24T13:22:00Z", "countryCode": "SG" }, "geometry": { "type": "Point", "coordinates": [ 103.777164, 1.360108 ] } },
{ "type": "Feature", "properties": { "decimalLatitude": 23.165895, "decimalLongitude": 112.548172, "eventDate": "2025-04-10T15:05:39Z", "countryCode": "CN" }, "geometry": { "type": "Point", "coordinates": [ 112.548172, 23.165895 ] } },
{ "type": "Feature", "properties": { "decimalLatitude": 6.040689, "decimalLongitude": 116.721081, "eventDate": "2025-04-30T03:39:00Z", "countryCode": "MY" }, "geometry": { "type": "Point", "coordinates": [ 116.721081, 6.040689 ] } },
{ "type": "Feature", "properties": { "decimalLatitude": 22.125963, "decimalLongitude": 113.559111, "eventDate": "2025-04-27T00:00:00Z", "countryCode": "MO" }, "geometry": { "type": "Point", "coordinates": [ 113.559111, 22.125963 ] } },
{ "type": "Feature", "properties": { "decimalLatitude": 19.403133, "decimalLongitude": 98.918347, "eventDate": "2025-04-02T23:19:00Z", "countryCode": "TH" }, "geometry": { "type": "Point", "coordinates": [ 98.918347, 19.403133 ] } },
{ "type": "Feature", "properties": { "decimalLatitude": 22.372771, "decimalLongitude": 114.266853, "eventDate": "2025-05-13T15:10:09Z", "countryCode": "HK" }, "geometry": { "type": "Point", "coordinates": [ 114.266853, 22.372771 ] } },
{ "type": "Feature", "properties": { "decimalLatitude": 4.308115, "decimalLongitude": 101.168758, "eventDate": "2025-05-01T23:17:00Z", "countryCode": "MY" }, "geometry": { "type": "Point", "coordinates": [ 101.168758, 4.308115 ] } },
{ "type": "Feature", "properties": { "decimalLatitude": 4.308115, "decimalLongitude": 101.168758, "eventDate": "2025-05-01T12:34:00Z", "countryCode": "MY" }, "geometry": { "type": "Point", "coordinates": [ 101.168758, 4.308115 ] } },
{ "type": "Feature", "properties": { "decimalLatitude": 1.399212, "decimalLongitude": 103.80932, "eventDate": "2025-05-12T10:00:00Z", "countryCode": "SG" }, "geometry": { "type": "Point", "coordinates": [ 103.80932, 1.399212 ] } },
{ "type": "Feature", "properties": { "decimalLatitude": 4.375314, "decimalLongitude": 101.174824, "eventDate": "2025-05-08T00:00:00Z", "countryCode": "MY" }, "geometry": { "type": "Point", "coordinates": [ 101.174824, 4.375314 ] } },
{ "type": "Feature", "properties": { "decimalLatitude": 22.258862, "decimalLongitude": 114.205508, "eventDate": "2025-05-02T12:55:10Z", "countryCode": "HK" }, "geometry": { "type": "Point", "coordinates": [ 114.205508, 22.258862 ] } },
{ "type": "Feature", "properties": { "decimalLatitude": 22.225091, "decimalLongitude": 113.84707, "eventDate": "2025-05-03T11:22:35Z", "countryCode": "HK" }, "geometry": { "type": "Point", "coordinates": [ 113.84707, 22.225091 ] } },
{ "type": "Feature", "properties": { "decimalLatitude": 22.248307, "decimalLongitude": 114.15244, "eventDate": "2025-05-01T13:07:00Z", "countryCode": "HK" }, "geometry": { "type": "Point", "coordinates": [ 114.15244, 22.248307 ] } },
{ "type": "Feature", "properties": { "decimalLatitude": 22.431303, "decimalLongitude": 114.248405, "eventDate": "2025-05-13T12:52:42Z", "countryCode": "HK" }, "geometry": { "type": "Point", "coordinates": [ 114.248405, 22.431303 ] } },
{ "type": "Feature", "properties": { "decimalLatitude": 1.344926, "decimalLongitude": 103.782463, "eventDate": "2025-05-02T12:14:00Z", "countryCode": "SG" }, "geometry": { "type": "Point", "coordinates": [ 103.782463, 1.344926 ] } },
{ "type": "Feature", "properties": { "decimalLatitude": 5.441404, "decimalLongitude": 100.290232, "eventDate": "2025-05-02T00:00:00Z", "countryCode": "MY" }, "geometry": { "type": "Point", "coordinates": [ 100.290232, 5.441404 ] } },
{ "type": "Feature", "properties": { "decimalLatitude": 22.266642, "decimalLongitude": 114.135239, "eventDate": "2025-05-04T11:51:03Z", "countryCode": "HK" }, "geometry": { "type": "Point", "coordinates": [ 114.135239, 22.266642 ] } },
{ "type": "Feature", "properties": { "decimalLatitude": 3.151886, "decimalLongitude": 101.683645, "eventDate": "2025-05-03T15:13:09Z", "countryCode": "MY" }, "geometry": { "type": "Point", "coordinates": [ 101.683645, 3.151886 ] } },
{ "type": "Feature", "properties": { "decimalLatitude": 22.467576, "decimalLongitude": 114.180201, "eventDate": "2025-05-02T20:57:00Z", "countryCode": "HK" }, "geometry": { "type": "Point", "coordinates": [ 114.180201, 22.467576 ] } },
{ "type": "Feature", "properties": { "decimalLatitude": 22.254908, "decimalLongitude": 114.154114, "eventDate": "2025-05-08T11:51:18Z", "countryCode": "HK" }, "geometry": { "type": "Point", "coordinates": [ 114.154114, 22.254908 ] } },
{ "type": "Feature", "properties": { "decimalLatitude": 22.123586, "decimalLongitude": 113.565003, "eventDate": "2025-05-11T16:00:00Z", "countryCode": "MO" }, "geometry": { "type": "Point", "coordinates": [ 113.565003, 22.123586 ] } },
{ "type": "Feature", "properties": { "decimalLatitude": 22.508288, "decimalLongitude": 114.243103, "eventDate": "2025-05-04T12:48:15Z", "countryCode": "HK" }, "geometry": { "type": "Point", "coordinates": [ 114.243103, 22.508288 ] } },
{ "type": "Feature", "properties": { "decimalLatitude": 22.374188, "decimalLongitude": 114.265906, "eventDate": "2025-05-17T17:07:00Z", "countryCode": "HK" }, "geometry": { "type": "Point", "coordinates": [ 114.265906, 22.374188 ] } },
{ "type": "Feature", "properties": { "decimalLatitude": 5.413971, "decimalLongitude": 100.781814, "eventDate": "2025-05-16T00:00:00Z", "countryCode": "MY" }, "geometry": { "type": "Point", "coordinates": [ 100.781814, 5.413971 ] } },
{ "type": "Feature", "properties": { "decimalLatitude": 22.217501, "decimalLongitude": 113.915668, "eventDate": "2025-05-18T14:50:34Z", "countryCode": "HK" }, "geometry": { "type": "Point", "coordinates": [ 113.915668, 22.217501 ] } },
{ "type": "Feature", "properties": { "decimalLatitude": 22.218745, "decimalLongitude": 113.915099, "eventDate": "2025-05-18T14:51:06Z", "countryCode": "HK" }, "geometry": { "type": "Point", "coordinates": [ 113.915099, 22.218745 ] } },
{ "type": "Feature", "properties": { "decimalLatitude": 22.215637, "decimalLongitude": 114.122244, "eventDate": "2025-05-24T17:22:49Z", "countryCode": "HK" }, "geometry": { "type": "Point", "coordinates": [ 114.122244, 22.215637 ] } },
{ "type": "Feature", "properties": { "decimalLatitude": 1.352205, "decimalLongitude": 103.823853, "eventDate": "2025-05-21T12:38:39Z", "countryCode": "SG" }, "geometry": { "type": "Point", "coordinates": [ 103.823853, 1.352205 ] } },
{ "type": "Feature", "properties": { "decimalLatitude": 22.372832, "decimalLongitude": 114.266788, "eventDate": "2025-05-02T14:51:02Z", "countryCode": "HK" }, "geometry": { "type": "Point", "coordinates": [ 114.266788, 22.372832 ] } },
{ "type": "Feature", "properties": { "decimalLatitude": 22.424247, "decimalLongitude": 114.104317, "eventDate": "2025-05-14T13:42:00Z", "countryCode": "HK" }, "geometry": { "type": "Point", "coordinates": [ 114.104317, 22.424247 ] } },
{ "type": "Feature", "properties": { "decimalLatitude": 22.51326, "decimalLongitude": 114.269572, "eventDate": "2025-05-23T12:00:20Z", "countryCode": "HK" }, "geometry": { "type": "Point", "coordinates": [ 114.269572, 22.51326 ] } },
{ "type": "Feature", "properties": { "decimalLatitude": 1.343843, "decimalLongitude": 103.780889, "eventDate": "2025-05-17T16:12:00Z", "countryCode": "SG" }, "geometry": { "type": "Point", "coordinates": [ 103.780889, 1.343843 ] } },
{ "type": "Feature", "properties": { "decimalLatitude": 22.558056, "decimalLongitude": 114.342932, "eventDate": "2025-05-24T11:56:00Z", "countryCode": "HK" }, "geometry": { "type": "Point", "coordinates": [ 114.342932, 22.558056 ] } },
{ "type": "Feature", "properties": { "decimalLatitude": 8.485833, "decimalLongitude": 99.751111, "eventDate": "2025-05-29T10:47:00Z", "countryCode": "TH" }, "geometry": { "type": "Point", "coordinates": [ 99.751111, 8.485833 ] } },
{ "type": "Feature", "properties": { "decimalLatitude": 22.462008, "decimalLongitude": 114.285028, "eventDate": "2025-05-31T13:04:00Z", "countryCode": "HK" }, "geometry": { "type": "Point", "coordinates": [ 114.285028, 22.462008 ] } },
{ "type": "Feature", "properties": { "decimalLatitude": 8.724044, "decimalLongitude": 99.667999, "eventDate": "2025-05-30T14:19:00Z", "countryCode": "TH" }, "geometry": { "type": "Point", "coordinates": [ 99.667999, 8.724044 ] } },
{ "type": "Feature", "properties": { "decimalLatitude": 6.047365, "decimalLongitude": 116.701617, "eventDate": "2025-05-24T15:17:52Z", "countryCode": "MY" }, "geometry": { "type": "Point", "coordinates": [ 116.701617, 6.047365 ] } },
{ "type": "Feature", "properties": { "decimalLatitude": 22.382708, "decimalLongitude": 114.149396, "eventDate": "2025-05-20T12:39:00Z", "countryCode": "HK" }, "geometry": { "type": "Point", "coordinates": [ 114.149396, 22.382708 ] } },
{ "type": "Feature", "properties": { "decimalLatitude": 1.348273, "decimalLongitude": 103.777859, "eventDate": "2025-05-17T12:42:40Z", "countryCode": "SG" }, "geometry": { "type": "Point", "coordinates": [ 103.777859, 1.348273 ] } },
{ "type": "Feature", "properties": { "decimalLatitude": 22.278608, "decimalLongitude": 113.998245, "eventDate": "2025-05-31T14:12:35Z", "countryCode": "HK" }, "geometry": { "type": "Point", "coordinates": [ 113.998245, 22.278608 ] } },
{ "type": "Feature", "properties": { "decimalLatitude": 22.505827, "decimalLongitude": 114.244144, "eventDate": "2025-05-04T13:13:00Z", "countryCode": "HK" }, "geometry": { "type": "Point", "coordinates": [ 114.244144, 22.505827 ] } },
{ "type": "Feature", "properties": { "decimalLatitude": 1.344271, "decimalLongitude": 103.782173, "eventDate": "2025-05-17T15:41:00Z", "countryCode": "SG" }, "geometry": { "type": "Point", "coordinates": [ 103.782173, 1.344271 ] } },
{ "type": "Feature", "properties": { "decimalLatitude": 1.398965, "decimalLongitude": 103.806918, "eventDate": "2025-05-25T11:21:00Z", "countryCode": "SG" }, "geometry": { "type": "Point", "coordinates": [ 103.806918, 1.398965 ] } },
{ "type": "Feature", "properties": { "decimalLatitude": 1.342099, "decimalLongitude": 103.834116, "eventDate": "2025-05-31T11:22:00Z", "countryCode": "SG" }, "geometry": { "type": "Point", "coordinates": [ 103.834116, 1.342099 ] } },
{ "type": "Feature", "properties": { "decimalLatitude": 1.345013, "decimalLongitude": 103.812468, "eventDate": "2025-05-10T18:44:00Z", "countryCode": "SG" }, "geometry": { "type": "Point", "coordinates": [ 103.812468, 1.345013 ] } },
{ "type": "Feature", "properties": { "decimalLatitude": 1.346437, "decimalLongitude": 103.785063, "eventDate": "2025-05-31T13:20:03Z", "countryCode": "SG" }, "geometry": { "type": "Point", "coordinates": [ 103.785063, 1.346437 ] } },
{ "type": "Feature", "properties": { "decimalLatitude": -5.77199, "decimalLongitude": 105.646957, "eventDate": "2025-05-29T02:24:00Z", "countryCode": "ID" }, "geometry": { "type": "Point", "coordinates": [ 105.646957, -5.77199 ] } },
{ "type": "Feature", "properties": { "decimalLatitude": 1.398643, "decimalLongitude": 103.807282, "eventDate": "2025-05-25T09:55:00Z", "countryCode": "SG" }, "geometry": { "type": "Point", "coordinates": [ 103.807282, 1.398643 ] } },
{ "type": "Feature", "properties": { "decimalLatitude": -5.778337, "decimalLongitude": 105.657172, "eventDate": "2025-05-23T18:54:56Z", "countryCode": "ID" }, "geometry": { "type": "Point", "coordinates": [ 105.657172, -5.778337 ] } },
{ "type": "Feature", "properties": { "decimalLatitude": 22.488248, "decimalLongitude": 113.424528, "eventDate": "2025-05-04T11:57:55Z", "countryCode": "CN" }, "geometry": { "type": "Point", "coordinates": [ 113.424528, 22.488248 ] } },
{ "type": "Feature", "properties": { "decimalLatitude": 3.209856, "decimalLongitude": 101.84318, "eventDate": "2025-05-18T13:20:00Z", "countryCode": "MY" }, "geometry": { "type": "Point", "coordinates": [ 101.84318, 3.209856 ] } },
{ "type": "Feature", "properties": { "decimalLatitude": 1.358664, "decimalLongitude": 103.777066, "eventDate": "2025-05-18T11:38:22Z", "countryCode": "SG" }, "geometry": { "type": "Point", "coordinates": [ 103.777066, 1.358664 ] } },
{ "type": "Feature", "properties": { "decimalLatitude": 6.04909, "decimalLongitude": 116.701062, "eventDate": "2025-05-24T11:09:00Z", "countryCode": "MY" }, "geometry": { "type": "Point", "coordinates": [ 116.701062, 6.04909 ] } },
{ "type": "Feature", "properties": { "decimalLatitude": 22.274739, "decimalLongitude": 113.820761, "eventDate": "2025-06-02T12:37:00Z", "countryCode": "HK" }, "geometry": { "type": "Point", "coordinates": [ 113.820761, 22.274739 ] } },
{ "type": "Feature", "properties": { "decimalLatitude": 5.953934, "decimalLongitude": 116.114844, "eventDate": "2025-06-01T11:49:00Z", "countryCode": "MY" }, "geometry": { "type": "Point", "coordinates": [ 116.114844, 5.953934 ] } },
{ "type": "Feature", "properties": { "decimalLatitude": 22.559291, "decimalLongitude": 114.020736, "eventDate": "2025-06-01T13:14:00Z", "countryCode": "CN" }, "geometry": { "type": "Point", "coordinates": [ 114.020736, 22.559291 ] } },
{ "type": "Feature", "properties": { "decimalLatitude": 5.953808, "decimalLongitude": 116.115016, "eventDate": "2025-06-01T11:51:00Z", "countryCode": "MY" }, "geometry": { "type": "Point", "coordinates": [ 116.115016, 5.953808 ] } },
{ "type": "Feature", "properties": { "decimalLatitude": 22.276375, "decimalLongitude": 113.8418, "eventDate": "2025-06-02T12:01:00Z", "countryCode": "HK" }, "geometry": { "type": "Point", "coordinates": [ 113.8418, 22.276375 ] } },
{ "type": "Feature", "properties": { "decimalLatitude": 5.542842, "decimalLongitude": 101.341438, "eventDate": "2025-06-01T15:35:41Z", "countryCode": "MY" }, "geometry": { "type": "Point", "coordinates": [ 101.341438, 5.542842 ] } },
{ "type": "Feature", "properties": { "decimalLatitude": 22.451686, "decimalLongitude": 114.128692, "eventDate": "2025-06-02T10:45:00Z", "countryCode": "HK" }, "geometry": { "type": "Point", "coordinates": [ 114.128692, 22.451686 ] } },
{ "type": "Feature", "properties": { "decimalLatitude": 22.269562, "decimalLongitude": 114.221766, "eventDate": "2025-06-09T09:58:00Z", "countryCode": "HK" }, "geometry": { "type": "Point", "coordinates": [ 114.221766, 22.269562 ] } },
{ "type": "Feature", "properties": { "decimalLatitude": 22.330482, "decimalLongitude": 114.220845, "eventDate": "2025-06-06T10:23:00Z", "countryCode": "HK" }, "geometry": { "type": "Point", "coordinates": [ 114.220845, 22.330482 ] } },
{ "type": "Feature", "properties": { "decimalLatitude": 1.352593, "decimalLongitude": 103.793315, "eventDate": "2025-06-05T11:36:00Z", "countryCode": "SG" }, "geometry": { "type": "Point", "coordinates": [ 103.793315, 1.352593 ] } },
{ "type": "Feature", "properties": { "decimalLatitude": 1.352593, "decimalLongitude": 103.793315, "eventDate": "2025-06-05T13:14:00Z", "countryCode": "SG" }, "geometry": { "type": "Point", "coordinates": [ 103.793315, 1.352593 ] } },
{ "type": "Feature", "properties": { "decimalLatitude": 22.236365, "decimalLongitude": 114.113717, "eventDate": "2025-06-07T13:29:37Z", "countryCode": "HK" }, "geometry": { "type": "Point", "coordinates": [ 114.113717, 22.236365 ] } },
{ "type": "Feature", "properties": { "decimalLatitude": 1.364018, "decimalLongitude": 103.776397, "eventDate": "2025-06-13T16:07:00Z", "countryCode": "SG" }, "geometry": { "type": "Point", "coordinates": [ 103.776397, 1.364018 ] } },
{ "type": "Feature", "properties": { "decimalLatitude": 1.399853, "decimalLongitude": 103.806938, "eventDate": "2025-06-14T14:39:33Z", "countryCode": "SG" }, "geometry": { "type": "Point", "coordinates": [ 103.806938, 1.399853 ] } },
{ "type": "Feature", "properties": { "decimalLatitude": 5.413718, "decimalLongitude": 100.783355, "eventDate": "2025-06-11T12:20:00Z", "countryCode": "MY" }, "geometry": { "type": "Point", "coordinates": [ 100.783355, 5.413718 ] } },
{ "type": "Feature", "properties": { "decimalLatitude": 5.413274, "decimalLongitude": 100.780715, "eventDate": "2025-06-11T09:26:00Z", "countryCode": "MY" }, "geometry": { "type": "Point", "coordinates": [ 100.780715, 5.413274 ] } },
{ "type": "Feature", "properties": { "decimalLatitude": 1.351382, "decimalLongitude": 103.826608, "eventDate": "2025-06-17T11:44:00Z", "countryCode": "SG" }, "geometry": { "type": "Point", "coordinates": [ 103.826608, 1.351382 ] } },
{ "type": "Feature", "properties": { "decimalLatitude": 20.316688, "decimalLongitude": 105.608313, "eventDate": "2025-06-15T00:00:00Z", "countryCode": "VN" }, "geometry": { "type": "Point", "coordinates": [ 105.608313, 20.316688 ] } },
{ "type": "Feature", "properties": { "decimalLatitude": 20.316688, "decimalLongitude": 105.608313, "eventDate": "2025-06-14T22:19:00Z", "countryCode": "VN" }, "geometry": { "type": "Point", "coordinates": [ 105.608313, 20.316688 ] } },
{ "type": "Feature", "properties": { "decimalLatitude": 22.468468, "decimalLongitude": 114.200491, "eventDate": "2025-06-12T13:32:39Z", "countryCode": "HK" }, "geometry": { "type": "Point", "coordinates": [ 114.200491, 22.468468 ] } },
{ "type": "Feature", "properties": { "decimalLatitude": 20.25047, "decimalLongitude": 105.715253, "eventDate": "2025-06-15T11:54:00Z", "countryCode": "VN" }, "geometry": { "type": "Point", "coordinates": [ 105.715253, 20.25047 ] } },
{ "type": "Feature", "properties": { "decimalLatitude": 2.290067, "decimalLongitude": 111.863603, "eventDate": "2025-06-13T16:52:23Z", "countryCode": "MY" }, "geometry": { "type": "Point", "coordinates": [ 111.863603, 2.290067 ] } },
{ "type": "Feature", "properties": { "decimalLatitude": 1.35664, "decimalLongitude": 103.816466, "eventDate": "2025-06-16T12:56:00Z", "countryCode": "SG" }, "geometry": { "type": "Point", "coordinates": [ 103.816466, 1.35664 ] } },
{ "type": "Feature", "properties": { "decimalLatitude": 1.399177, "decimalLongitude": 103.806133, "eventDate": "2025-06-20T09:02:00Z", "countryCode": "SG" }, "geometry": { "type": "Point", "coordinates": [ 103.806133, 1.399177 ] } },
{ "type": "Feature", "properties": { "decimalLatitude": 1.356779, "decimalLongitude": 103.812561, "eventDate": "2025-06-16T12:35:00Z", "countryCode": "SG" }, "geometry": { "type": "Point", "coordinates": [ 103.812561, 1.356779 ] } },
{ "type": "Feature", "properties": { "decimalLatitude": 22.266988, "decimalLongitude": 114.282285, "eventDate": "2025-06-22T12:26:00Z", "countryCode": "HK" }, "geometry": { "type": "Point", "coordinates": [ 114.282285, 22.266988 ] } },
{ "type": "Feature", "properties": { "decimalLatitude": 22.133665, "decimalLongitude": 113.574481, "eventDate": "2025-06-22T11:42:49Z", "countryCode": "MO" }, "geometry": { "type": "Point", "coordinates": [ 113.574481, 22.133665 ] } },
{ "type": "Feature", "properties": { "decimalLatitude": 5.435639, "decimalLongitude": 100.292636, "eventDate": "2025-06-16T00:00:00Z", "countryCode": "MY" }, "geometry": { "type": "Point", "coordinates": [ 100.292636, 5.435639 ] } },
{ "type": "Feature", "properties": { "decimalLatitude": 22.580099, "decimalLongitude": 114.386002, "eventDate": "2025-06-19T12:08:00Z", "countryCode": "HK" }, "geometry": { "type": "Point", "coordinates": [ 114.386002, 22.580099 ] } },
{ "type": "Feature", "properties": { "decimalLatitude": 22.267582, "decimalLongitude": 114.277247, "eventDate": "2025-06-22T13:06:00Z", "countryCode": "HK" }, "geometry": { "type": "Point", "coordinates": [ 114.277247, 22.267582 ] } },
{ "type": "Feature", "properties": { "decimalLatitude": 22.114825, "decimalLongitude": 113.568121, "eventDate": "2025-06-20T10:25:02Z", "countryCode": "MO" }, "geometry": { "type": "Point", "coordinates": [ 113.568121, 22.114825 ] } },
{ "type": "Feature", "properties": { "decimalLatitude": 1.399093, "decimalLongitude": 103.806674, "eventDate": "2025-06-21T10:55:00Z", "countryCode": "SG" }, "geometry": { "type": "Point", "coordinates": [ 103.806674, 1.399093 ] } },
{ "type": "Feature", "properties": { "decimalLatitude": 1.381575, "decimalLongitude": 103.822045, "eventDate": "2025-06-24T09:48:00Z", "countryCode": "SG" }, "geometry": { "type": "Point", "coordinates": [ 103.822045, 1.381575 ] } },
{ "type": "Feature", "properties": { "decimalLatitude": 22.260137, "decimalLongitude": 113.859733, "eventDate": "2025-06-19T11:33:21Z", "countryCode": "HK" }, "geometry": { "type": "Point", "coordinates": [ 113.859733, 22.260137 ] } },
{ "type": "Feature", "properties": { "decimalLatitude": 15.764358, "decimalLongitude": 108.125039, "eventDate": "2025-06-18T10:49:43Z", "countryCode": "VN" }, "geometry": { "type": "Point", "coordinates": [ 108.125039, 15.764358 ] } },
{ "type": "Feature", "properties": { "decimalLatitude": 22.313473, "decimalLongitude": 113.970415, "eventDate": "2025-06-01T12:13:00Z", "countryCode": "HK" }, "geometry": { "type": "Point", "coordinates": [ 113.970415, 22.313473 ] } },
{ "type": "Feature", "properties": { "decimalLatitude": 1.399853, "decimalLongitude": 103.806938, "eventDate": "2025-06-21T12:45:00Z", "countryCode": "SG" }, "geometry": { "type": "Point", "coordinates": [ 103.806938, 1.399853 ] } },
{ "type": "Feature", "properties": { "decimalLatitude": 15.766055, "decimalLongitude": 108.122956, "eventDate": "2025-06-22T12:00:00Z", "countryCode": "VN" }, "geometry": { "type": "Point", "coordinates": [ 108.122956, 15.766055 ] } },
{ "type": "Feature", "properties": { "decimalLatitude": 1.344922, "decimalLongitude": 103.780788, "eventDate": "2025-06-26T16:57:19Z", "countryCode": "SG" }, "geometry": { "type": "Point", "coordinates": [ 103.780788, 1.344922 ] } },
{ "type": "Feature", "properties": { "decimalLatitude": 22.467136, "decimalLongitude": 114.179491, "eventDate": "2025-06-26T20:36:00Z", "countryCode": "HK" }, "geometry": { "type": "Point", "coordinates": [ 114.179491, 22.467136 ] } },
{ "type": "Feature", "properties": { "decimalLatitude": 22.348522, "decimalLongitude": 114.060189, "eventDate": "2025-06-29T15:33:33Z", "countryCode": "HK" }, "geometry": { "type": "Point", "coordinates": [ 114.060189, 22.348522 ] } },
{ "type": "Feature", "properties": { "decimalLatitude": 5.414943, "decimalLongitude": 100.783705, "eventDate": "2025-06-29T12:50:00Z", "countryCode": "MY" }, "geometry": { "type": "Point", "coordinates": [ 100.783705, 5.414943 ] } },
{ "type": "Feature", "properties": { "decimalLatitude": 3.150858, "decimalLongitude": 101.685188, "eventDate": "2025-06-24T12:10:50Z", "countryCode": "MY" }, "geometry": { "type": "Point", "coordinates": [ 101.685188, 3.150858 ] } },
{ "type": "Feature", "properties": { "decimalLatitude": 1.399134, "decimalLongitude": 103.806605, "eventDate": "2025-06-01T11:07:00Z", "countryCode": "SG" }, "geometry": { "type": "Point", "coordinates": [ 103.806605, 1.399134 ] } },
{ "type": "Feature", "properties": { "decimalLatitude": 22.431698, "decimalLongitude": 114.267822, "eventDate": "2025-06-08T11:44:00Z", "countryCode": "HK" }, "geometry": { "type": "Point", "coordinates": [ 114.267822, 22.431698 ] } },
{ "type": "Feature", "properties": { "decimalLatitude": 1.349082, "decimalLongitude": 103.764963, "eventDate": "2025-06-04T14:10:00Z", "countryCode": "SG" }, "geometry": { "type": "Point", "coordinates": [ 103.764963, 1.349082 ] } },
{ "type": "Feature", "properties": { "decimalLatitude": 18.522385, "decimalLongitude": 98.521831, "eventDate": "2025-06-29T00:00:00Z", "countryCode": "TH" }, "geometry": { "type": "Point", "coordinates": [ 98.521831, 18.522385 ] } },
{ "type": "Feature", "properties": { "decimalLatitude": 1.344963, "decimalLongitude": 103.782399, "eventDate": "2025-06-26T15:56:56Z", "countryCode": "SG" }, "geometry": { "type": "Point", "coordinates": [ 103.782399, 1.344963 ] } },
{ "type": "Feature", "properties": { "decimalLatitude": 1.398833, "decimalLongitude": 103.80739, "eventDate": "2025-06-21T12:22:00Z", "countryCode": "SG" }, "geometry": { "type": "Point", "coordinates": [ 103.80739, 1.398833 ] } },
{ "type": "Feature", "properties": { "decimalLatitude": 22.52896, "decimalLongitude": 110.463795, "eventDate": "2025-06-24T20:38:33Z", "countryCode": "CN" }, "geometry": { "type": "Point", "coordinates": [ 110.463795, 22.52896 ] } },
{ "type": "Feature", "properties": { "decimalLatitude": 22.272045, "decimalLongitude": 113.950645, "eventDate": "2025-06-22T15:16:41Z", "countryCode": "HK" }, "geometry": { "type": "Point", "coordinates": [ 113.950645, 22.272045 ] } },
{ "type": "Feature", "properties": { "decimalLatitude": 22.52896, "decimalLongitude": 110.463795, "eventDate": "2025-06-24T20:38:01Z", "countryCode": "CN" }, "geometry": { "type": "Point", "coordinates": [ 110.463795, 22.52896 ] } },
{ "type": "Feature", "properties": { "decimalLatitude": 1.417336, "decimalLongitude": 103.790352, "eventDate": "2025-06-13T15:14:00Z", "countryCode": "SG" }, "geometry": { "type": "Point", "coordinates": [ 103.790352, 1.417336 ] } },
{ "type": "Feature", "properties": { "decimalLatitude": 22.264454, "decimalLongitude": 114.348218, "eventDate": "2025-06-30T13:21:00Z", "countryCode": "HK" }, "geometry": { "type": "Point", "coordinates": [ 114.348218, 22.264454 ] } },
{ "type": "Feature", "properties": { "decimalLatitude": 5.516773, "decimalLongitude": 118.228978, "eventDate": "2025-06-20T12:07:00Z", "countryCode": "MY" }, "geometry": { "type": "Point", "coordinates": [ 118.228978, 5.516773 ] } },
{ "type": "Feature", "properties": { "decimalLatitude": 22.466064, "decimalLongitude": 114.180028, "eventDate": "2025-06-18T13:35:51Z", "countryCode": "HK" }, "geometry": { "type": "Point", "coordinates": [ 114.180028, 22.466064 ] } },
{ "type": "Feature", "properties": { "decimalLatitude": 22.467008, "decimalLongitude": 114.179762, "eventDate": "2025-06-18T12:33:09Z", "countryCode": "HK" }, "geometry": { "type": "Point", "coordinates": [ 114.179762, 22.467008 ] } },
{ "type": "Feature", "properties": { "decimalLatitude": 3.542113, "decimalLongitude": 98.111453, "eventDate": "2025-06-10T19:32:00Z", "countryCode": "ID" }, "geometry": { "type": "Point", "coordinates": [ 98.111453, 3.542113 ] } },
{ "type": "Feature", "properties": { "decimalLatitude": 22.00008, "decimalLongitude": 100.77163, "eventDate": "2025-06-13T21:25:00Z", "countryCode": "CN" }, "geometry": { "type": "Point", "coordinates": [ 100.77163, 22.00008 ] } },
{ "type": "Feature", "properties": { "decimalLatitude": 19.215042, "decimalLongitude": 99.012458, "eventDate": "2025-07-01T11:49:00Z", "countryCode": "TH" }, "geometry": { "type": "Point", "coordinates": [ 99.012458, 19.215042 ] } },
{ "type": "Feature", "properties": { "decimalLatitude": 22.347475, "decimalLongitude": 113.984776, "eventDate": "2025-07-03T13:28:00Z", "countryCode": "HK" }, "geometry": { "type": "Point", "coordinates": [ 113.984776, 22.347475 ] } },
{ "type": "Feature", "properties": { "decimalLatitude": 22.219429, "decimalLongitude": 113.930228, "eventDate": "2025-07-08T09:39:19Z", "countryCode": "HK" }, "geometry": { "type": "Point", "coordinates": [ 113.930228, 22.219429 ] } },
{ "type": "Feature", "properties": { "decimalLatitude": 22.412137, "decimalLongitude": 114.287688, "eventDate": "2025-07-07T13:57:00Z", "countryCode": "HK" }, "geometry": { "type": "Point", "coordinates": [ 114.287688, 22.412137 ] } },
{ "type": "Feature", "properties": { "decimalLatitude": 22.370692, "decimalLongitude": 114.114454, "eventDate": "2025-07-01T09:09:46Z", "countryCode": "HK" }, "geometry": { "type": "Point", "coordinates": [ 114.114454, 22.370692 ] } },
{ "type": "Feature", "properties": { "decimalLatitude": 22.378474, "decimalLongitude": 113.90099, "eventDate": "2025-07-03T13:44:00Z", "countryCode": "HK" }, "geometry": { "type": "Point", "coordinates": [ 113.90099, 22.378474 ] } },
{ "type": "Feature", "properties": { "decimalLatitude": 1.41811, "decimalLongitude": 103.791306, "eventDate": "2025-07-08T15:32:00Z", "countryCode": "SG" }, "geometry": { "type": "Point", "coordinates": [ 103.791306, 1.41811 ] } },
{ "type": "Feature", "properties": { "decimalLatitude": 22.527789, "decimalLongitude": 114.192178, "eventDate": "2025-07-08T10:46:00Z", "countryCode": "HK" }, "geometry": { "type": "Point", "coordinates": [ 114.192178, 22.527789 ] } },
{ "type": "Feature", "properties": { "decimalLatitude": 22.383113, "decimalLongitude": 113.98333, "eventDate": "2025-07-13T13:01:39Z", "countryCode": "HK" }, "geometry": { "type": "Point", "coordinates": [ 113.98333, 22.383113 ] } },
{ "type": "Feature", "properties": { "decimalLatitude": 22.219963, "decimalLongitude": 113.950009, "eventDate": "2025-07-03T11:58:00Z", "countryCode": "HK" }, "geometry": { "type": "Point", "coordinates": [ 113.950009, 22.219963 ] } },
{ "type": "Feature", "properties": { "decimalLatitude": 22.557649, "decimalLongitude": 114.293063, "eventDate": "2025-07-19T11:24:00Z", "countryCode": "HK" }, "geometry": { "type": "Point", "coordinates": [ 114.293063, 22.557649 ] } },
{ "type": "Feature", "properties": { "decimalLatitude": 18.736234, "decimalLongitude": 98.912912, "eventDate": "2025-07-09T09:33:00Z", "countryCode": "TH" }, "geometry": { "type": "Point", "coordinates": [ 98.912912, 18.736234 ] } },
{ "type": "Feature", "properties": { "decimalLatitude": 22.380192, "decimalLongitude": 114.118775, "eventDate": "2025-07-22T15:54:18Z", "countryCode": "HK" }, "geometry": { "type": "Point", "coordinates": [ 114.118775, 22.380192 ] } },
{ "type": "Feature", "properties": { "decimalLatitude": 22.592406, "decimalLongitude": 114.19309, "eventDate": "2025-07-22T07:48:27Z", "countryCode": "CN" }, "geometry": { "type": "Point", "coordinates": [ 114.19309, 22.592406 ] } },
{ "type": "Feature", "properties": { "decimalLatitude": 22.40582, "decimalLongitude": 114.306021, "eventDate": "2025-07-27T11:30:31Z", "countryCode": "HK" }, "geometry": { "type": "Point", "coordinates": [ 114.306021, 22.40582 ] } },
{ "type": "Feature", "properties": { "decimalLatitude": 22.289146, "decimalLongitude": 113.949299, "eventDate": "2025-07-25T06:49:10Z", "countryCode": "HK" }, "geometry": { "type": "Point", "coordinates": [ 113.949299, 22.289146 ] } },
{ "type": "Feature", "properties": { "decimalLatitude": 6.048548, "decimalLongitude": 116.701967, "eventDate": "2025-07-28T14:16:12Z", "countryCode": "MY" }, "geometry": { "type": "Point", "coordinates": [ 116.701967, 6.048548 ] } },
{ "type": "Feature", "properties": { "decimalLatitude": 22.430707, "decimalLongitude": 114.368382, "eventDate": "2025-07-30T11:14:00Z", "countryCode": "HK" }, "geometry": { "type": "Point", "coordinates": [ 114.368382, 22.430707 ] } },
{ "type": "Feature", "properties": { "decimalLatitude": 5.4127, "decimalLongitude": 100.782665, "eventDate": "2025-07-25T00:00:00Z", "countryCode": "MY" }, "geometry": { "type": "Point", "coordinates": [ 100.782665, 5.4127 ] } },
{ "type": "Feature", "properties": { "decimalLatitude": 1.362068, "decimalLongitude": 103.777937, "eventDate": "2025-07-06T13:05:00Z", "countryCode": "SG" }, "geometry": { "type": "Point", "coordinates": [ 103.777937, 1.362068 ] } },
{ "type": "Feature", "properties": { "decimalLatitude": 1.351916, "decimalLongitude": 103.822057, "eventDate": "2025-07-31T14:12:00Z", "countryCode": "SG" }, "geometry": { "type": "Point", "coordinates": [ 103.822057, 1.351916 ] } },
{ "type": "Feature", "properties": { "decimalLatitude": 22.278325, "decimalLongitude": 114.132767, "eventDate": "2025-07-25T14:54:26Z", "countryCode": "HK" }, "geometry": { "type": "Point", "coordinates": [ 114.132767, 22.278325 ] } },
{ "type": "Feature", "properties": { "decimalLatitude": 22.281238, "decimalLongitude": 114.136742, "eventDate": "2025-07-27T13:35:50Z", "countryCode": "HK" }, "geometry": { "type": "Point", "coordinates": [ 114.136742, 22.281238 ] } },
{ "type": "Feature", "properties": { "decimalLatitude": 22.465998, "decimalLongitude": 114.179998, "eventDate": "2025-07-02T12:03:51Z", "countryCode": "HK" }, "geometry": { "type": "Point", "coordinates": [ 114.179998, 22.465998 ] } },
{ "type": "Feature", "properties": { "decimalLatitude": 22.503775, "decimalLongitude": 114.17424, "eventDate": "2025-07-14T16:25:42Z", "countryCode": "HK" }, "geometry": { "type": "Point", "coordinates": [ 114.17424, 22.503775 ] } },
{ "type": "Feature", "properties": { "decimalLatitude": 5.452874, "decimalLongitude": 100.187263, "eventDate": "2025-08-02T14:47:13Z", "countryCode": "MY" }, "geometry": { "type": "Point", "coordinates": [ 100.187263, 5.452874 ] } },
{ "type": "Feature", "properties": { "decimalLatitude": 22.425505, "decimalLongitude": 114.243227, "eventDate": "2025-08-03T16:34:27Z", "countryCode": "HK" }, "geometry": { "type": "Point", "coordinates": [ 114.243227, 22.425505 ] } },
{ "type": "Feature", "properties": { "decimalLatitude": 22.425505, "decimalLongitude": 114.243227, "eventDate": "2025-08-03T16:37:03Z", "countryCode": "HK" }, "geometry": { "type": "Point", "coordinates": [ 114.243227, 22.425505 ] } },
{ "type": "Feature", "properties": { "decimalLatitude": 22.425505, "decimalLongitude": 114.243227, "eventDate": "2025-08-03T16:35:21Z", "countryCode": "HK" }, "geometry": { "type": "Point", "coordinates": [ 114.243227, 22.425505 ] } },
{ "type": "Feature", "properties": { "decimalLatitude": 1.346248, "decimalLongitude": 103.78506, "eventDate": "2025-08-01T16:20:00Z", "countryCode": "SG" }, "geometry": { "type": "Point", "coordinates": [ 103.78506, 1.346248 ] } },
{ "type": "Feature", "properties": { "decimalLatitude": 1.400187, "decimalLongitude": 103.80712, "eventDate": "2025-08-12T10:42:00Z", "countryCode": "SG" }, "geometry": { "type": "Point", "coordinates": [ 103.80712, 1.400187 ] } },
{ "type": "Feature", "properties": { "decimalLatitude": 1.341295, "decimalLongitude": 103.829606, "eventDate": "2025-08-06T12:30:33Z", "countryCode": "SG" }, "geometry": { "type": "Point", "coordinates": [ 103.829606, 1.341295 ] } },
{ "type": "Feature", "properties": { "decimalLatitude": 1.399853, "decimalLongitude": 103.806938, "eventDate": "2025-08-12T12:28:00Z", "countryCode": "SG" }, "geometry": { "type": "Point", "coordinates": [ 103.806938, 1.399853 ] } },
{ "type": "Feature", "properties": { "decimalLatitude": 1.399853, "decimalLongitude": 103.806938, "eventDate": "2025-08-12T10:44:00Z", "countryCode": "SG" }, "geometry": { "type": "Point", "coordinates": [ 103.806938, 1.399853 ] } },
{ "type": "Feature", "properties": { "decimalLatitude": 1.522754, "decimalLongitude": 110.387723, "eventDate": "2025-08-18T10:42:00Z", "countryCode": "MY" }, "geometry": { "type": "Point", "coordinates": [ 110.387723, 1.522754 ] } },
{ "type": "Feature", "properties": { "decimalLatitude": 1.359442, "decimalLongitude": 103.808552, "eventDate": "2025-08-06T10:32:00Z", "countryCode": "SG" }, "geometry": { "type": "Point", "coordinates": [ 103.808552, 1.359442 ] } },
{ "type": "Feature", "properties": { "decimalLatitude": 22.412727, "decimalLongitude": 114.249604, "eventDate": "2025-08-11T14:27:00Z", "countryCode": "HK" }, "geometry": { "type": "Point", "coordinates": [ 114.249604, 22.412727 ] } },
{ "type": "Feature", "properties": { "decimalLatitude": 19.231033, "decimalLongitude": 101.661125, "eventDate": "2025-08-10T15:11:22Z", "countryCode": "LA" }, "geometry": { "type": "Point", "coordinates": [ 101.661125, 19.231033 ] } },
{ "type": "Feature", "properties": { "decimalLatitude": 22.198278, "decimalLongitude": 113.551972, "eventDate": "2025-08-09T13:15:57Z", "countryCode": "MO" }, "geometry": { "type": "Point", "coordinates": [ 113.551972, 22.198278 ] } },
{ "type": "Feature", "properties": { "decimalLatitude": 22.308436, "decimalLongitude": 113.860292, "eventDate": "2025-08-07T12:57:00Z", "countryCode": "HK" }, "geometry": { "type": "Point", "coordinates": [ 113.860292, 22.308436 ] } },
{ "type": "Feature", "properties": { "decimalLatitude": 1.341295, "decimalLongitude": 103.829606, "eventDate": "2025-08-06T12:43:57Z", "countryCode": "SG" }, "geometry": { "type": "Point", "coordinates": [ 103.829606, 1.341295 ] } },
{ "type": "Feature", "properties": { "decimalLatitude": 1.341295, "decimalLongitude": 103.829606, "eventDate": "2025-08-06T12:31:48Z", "countryCode": "SG" }, "geometry": { "type": "Point", "coordinates": [ 103.829606, 1.341295 ] } },
{ "type": "Feature", "properties": { "decimalLatitude": 22.339247, "decimalLongitude": 114.044382, "eventDate": "2025-08-10T14:37:23Z", "countryCode": "HK" }, "geometry": { "type": "Point", "coordinates": [ 114.044382, 22.339247 ] } },
{ "type": "Feature", "properties": { "decimalLatitude": 22.595556, "decimalLongitude": 114.325959, "eventDate": "2025-08-11T14:26:00Z", "countryCode": "HK" }, "geometry": { "type": "Point", "coordinates": [ 114.325959, 22.595556 ] } },
{ "type": "Feature", "properties": { "decimalLatitude": 22.518895, "decimalLongitude": 114.216442, "eventDate": "2025-08-11T14:28:00Z", "countryCode": "HK" }, "geometry": { "type": "Point", "coordinates": [ 114.216442, 22.518895 ] } },
{ "type": "Feature", "properties": { "decimalLatitude": 19.368272, "decimalLongitude": 98.913545, "eventDate": "2025-08-13T11:22:00Z", "countryCode": "TH" }, "geometry": { "type": "Point", "coordinates": [ 98.913545, 19.368272 ] } },
{ "type": "Feature", "properties": { "decimalLatitude": 22.518895, "decimalLongitude": 114.216442, "eventDate": "2025-08-11T14:28:00Z", "countryCode": "HK" }, "geometry": { "type": "Point", "coordinates": [ 114.216442, 22.518895 ] } },
{ "type": "Feature", "properties": { "decimalLatitude": 1.375788, "decimalLongitude": 103.825683, "eventDate": "2025-08-16T14:11:23Z", "countryCode": "SG" }, "geometry": { "type": "Point", "coordinates": [ 103.825683, 1.375788 ] } },
{ "type": "Feature", "properties": { "decimalLatitude": 5.598349, "decimalLongitude": 118.170605, "eventDate": "2025-08-16T22:08:00Z", "countryCode": "MY" }, "geometry": { "type": "Point", "coordinates": [ 118.170605, 5.598349 ] } },
{ "type": "Feature", "properties": { "decimalLatitude": 22.412313, "decimalLongitude": 114.281958, "eventDate": "2025-08-20T12:40:00Z", "countryCode": "HK" }, "geometry": { "type": "Point", "coordinates": [ 114.281958, 22.412313 ] } },
{ "type": "Feature", "properties": { "decimalLatitude": 22.536145, "decimalLongitude": 114.256081, "eventDate": "2025-08-20T12:27:00Z", "countryCode": "HK" }, "geometry": { "type": "Point", "coordinates": [ 114.256081, 22.536145 ] } },
{ "type": "Feature", "properties": { "decimalLatitude": 22.477069, "decimalLongitude": 114.217582, "eventDate": "2025-08-22T11:58:47Z", "countryCode": "HK" }, "geometry": { "type": "Point", "coordinates": [ 114.217582, 22.477069 ] } },
{ "type": "Feature", "properties": { "decimalLatitude": 22.38384, "decimalLongitude": 114.150698, "eventDate": "2025-08-27T14:31:24Z", "countryCode": "HK" }, "geometry": { "type": "Point", "coordinates": [ 114.150698, 22.38384 ] } },
{ "type": "Feature", "properties": { "decimalLatitude": 3.772914, "decimalLongitude": 101.729999, "eventDate": "2025-08-03T16:05:00Z", "countryCode": "MY" }, "geometry": { "type": "Point", "coordinates": [ 101.729999, 3.772914 ] } },
{ "type": "Feature", "properties": { "decimalLatitude": 22.560884, "decimalLongitude": 114.275804, "eventDate": "2025-08-26T13:23:00Z", "countryCode": "HK" }, "geometry": { "type": "Point", "coordinates": [ 114.275804, 22.560884 ] } },
{ "type": "Feature", "properties": { "decimalLatitude": 1.356953, "decimalLongitude": 103.804514, "eventDate": "2025-08-31T16:07:00Z", "countryCode": "SG" }, "geometry": { "type": "Point", "coordinates": [ 103.804514, 1.356953 ] } },
{ "type": "Feature", "properties": { "decimalLatitude": 22.518894, "decimalLongitude": 114.216442, "eventDate": "2025-08-27T10:38:47Z", "countryCode": "HK" }, "geometry": { "type": "Point", "coordinates": [ 114.216442, 22.518894 ] } },
{ "type": "Feature", "properties": { "decimalLatitude": 1.360588, "decimalLongitude": 103.777778, "eventDate": "2025-08-30T11:11:00Z", "countryCode": "SG" }, "geometry": { "type": "Point", "coordinates": [ 103.777778, 1.360588 ] } },
{ "type": "Feature", "properties": { "decimalLatitude": -2.295332, "decimalLongitude": 101.533187, "eventDate": "2025-08-29T15:59:00Z", "countryCode": "ID" }, "geometry": { "type": "Point", "coordinates": [ 101.533187, -2.295332 ] } },
{ "type": "Feature", "properties": { "decimalLatitude": 3.970847, "decimalLongitude": 102.167511, "eventDate": "2025-08-09T16:48:00Z", "countryCode": "MY" }, "geometry": { "type": "Point", "coordinates": [ 102.167511, 3.970847 ] } },
{ "type": "Feature", "properties": { "decimalLatitude": 3.971027, "decimalLongitude": 102.075855, "eventDate": "2025-08-09T17:08:00Z", "countryCode": "MY" }, "geometry": { "type": "Point", "coordinates": [ 102.075855, 3.971027 ] } },
{ "type": "Feature", "properties": { "decimalLatitude": 1.222879, "decimalLongitude": 103.964385, "eventDate": "2025-08-13T14:52:00Z", "countryCode": "SG" }, "geometry": { "type": "Point", "coordinates": [ 103.964385, 1.222879 ] } },
{ "type": "Feature", "properties": { "decimalLatitude": 22.157425, "decimalLongitude": 113.480422, "eventDate": "2025-08-12T12:38:09Z", "countryCode": "CN" }, "geometry": { "type": "Point", "coordinates": [ 113.480422, 22.157425 ] } },
{ "type": "Feature", "properties": { "decimalLatitude": 20.551747, "decimalLongitude": 102.624542, "eventDate": "2025-08-31T13:55:40Z", "countryCode": "LA" }, "geometry": { "type": "Point", "coordinates": [ 102.624542, 20.551747 ] } },
{ "type": "Feature", "properties": { "decimalLatitude": 3.595429, "decimalLongitude": 101.750583, "eventDate": "2025-08-18T13:08:00Z", "countryCode": "MY" }, "geometry": { "type": "Point", "coordinates": [ 101.750583, 3.595429 ] } },
{ "type": "Feature", "properties": { "decimalLatitude": 3.425669, "decimalLongitude": 101.88487, "eventDate": "2025-08-26T12:36:52Z", "countryCode": "MY" }, "geometry": { "type": "Point", "coordinates": [ 101.88487, 3.425669 ] } },
{ "type": "Feature", "properties": { "decimalLatitude": 22.514066, "decimalLongitude": 114.327279, "eventDate": "2025-09-02T13:31:00Z", "countryCode": "HK" }, "geometry": { "type": "Point", "coordinates": [ 114.327279, 22.514066 ] } },
{ "type": "Feature", "properties": { "decimalLatitude": 22.281208, "decimalLongitude": 114.039181, "eventDate": "2025-09-02T13:05:25Z", "countryCode": "HK" }, "geometry": { "type": "Point", "coordinates": [ 114.039181, 22.281208 ] } },
{ "type": "Feature", "properties": { "decimalLatitude": 22.283699, "decimalLongitude": 114.044094, "eventDate": "2025-09-02T14:29:18Z", "countryCode": "HK" }, "geometry": { "type": "Point", "coordinates": [ 114.044094, 22.283699 ] } },
{ "type": "Feature", "properties": { "decimalLatitude": 1.34563, "decimalLongitude": 103.783867, "eventDate": "2025-09-07T15:16:34Z", "countryCode": "SG" }, "geometry": { "type": "Point", "coordinates": [ 103.783867, 1.34563 ] } },
{ "type": "Feature", "properties": { "decimalLatitude": 1.400102, "decimalLongitude": 103.807776, "eventDate": "2025-09-14T12:46:00Z", "countryCode": "SG" }, "geometry": { "type": "Point", "coordinates": [ 103.807776, 1.400102 ] } },
{ "type": "Feature", "properties": { "decimalLatitude": 22.123193, "decimalLongitude": 113.564674, "eventDate": "2025-09-13T09:24:07Z", "countryCode": "MO" }, "geometry": { "type": "Point", "coordinates": [ 113.564674, 22.123193 ] } },
{ "type": "Feature", "properties": { "decimalLatitude": 21.721977, "decimalLongitude": 101.384147, "eventDate": "2025-09-09T14:22:00Z", "countryCode": "CN" }, "geometry": { "type": "Point", "coordinates": [ 101.384147, 21.721977 ] } },
{ "type": "Feature", "properties": { "decimalLatitude": 1.399853, "decimalLongitude": 103.806938, "eventDate": "2025-09-14T11:43:33Z", "countryCode": "SG" }, "geometry": { "type": "Point", "coordinates": [ 103.806938, 1.399853 ] } },
{ "type": "Feature", "properties": { "decimalLatitude": 22.441483, "decimalLongitude": 114.283343, "eventDate": "2025-09-14T14:11:00Z", "countryCode": "HK" }, "geometry": { "type": "Point", "coordinates": [ 114.283343, 22.441483 ] } },
{ "type": "Feature", "properties": { "decimalLatitude": 1.399104, "decimalLongitude": 103.806166, "eventDate": "2025-09-14T11:20:00Z", "countryCode": "SG" }, "geometry": { "type": "Point", "coordinates": [ 103.806166, 1.399104 ] } },
{ "type": "Feature", "properties": { "decimalLatitude": 18.871462, "decimalLongitude": 98.940912, "eventDate": "2025-09-20T16:23:14Z", "countryCode": "TH" }, "geometry": { "type": "Point", "coordinates": [ 98.940912, 18.871462 ] } },
{ "type": "Feature", "properties": { "decimalLatitude": 1.359063, "decimalLongitude": 103.777835, "eventDate": "2025-09-20T13:46:00Z", "countryCode": "SG" }, "geometry": { "type": "Point", "coordinates": [ 103.777835, 1.359063 ] } },
{ "type": "Feature", "properties": { "decimalLatitude": 1.399853, "decimalLongitude": 103.806938, "eventDate": "2025-09-14T15:20:00Z", "countryCode": "SG" }, "geometry": { "type": "Point", "coordinates": [ 103.806938, 1.399853 ] } },
{ "type": "Feature", "properties": { "decimalLatitude": 22.159386, "decimalLongitude": 113.54616, "eventDate": "2025-09-12T13:57:00Z", "countryCode": "MO" }, "geometry": { "type": "Point", "coordinates": [ 113.54616, 22.159386 ] } },
{ "type": "Feature", "properties": { "decimalLatitude": 1.401917, "decimalLongitude": 103.795387, "eventDate": "2025-09-24T17:40:00Z", "countryCode": "SG" }, "geometry": { "type": "Point", "coordinates": [ 103.795387, 1.401917 ] } },
{ "type": "Feature", "properties": { "decimalLatitude": 22.53903, "decimalLongitude": 114.161771, "eventDate": "2025-09-27T11:26:00Z", "countryCode": "HK" }, "geometry": { "type": "Point", "coordinates": [ 114.161771, 22.53903 ] } },
{ "type": "Feature", "properties": { "decimalLatitude": 1.37337, "decimalLongitude": 103.803348, "eventDate": "2025-09-21T12:29:00Z", "countryCode": "SG" }, "geometry": { "type": "Point", "coordinates": [ 103.803348, 1.37337 ] } },
{ "type": "Feature", "properties": { "decimalLatitude": 18.807031, "decimalLongitude": 99.028368, "eventDate": "2025-09-29T09:32:00Z", "countryCode": "TH" }, "geometry": { "type": "Point", "coordinates": [ 99.028368, 18.807031 ] } },
{ "type": "Feature", "properties": { "decimalLatitude": 1.399853, "decimalLongitude": 103.806938, "eventDate": "2025-09-14T10:26:54Z", "countryCode": "SG" }, "geometry": { "type": "Point", "coordinates": [ 103.806938, 1.399853 ] } },
{ "type": "Feature", "properties": { "decimalLatitude": 21.713365, "decimalLongitude": 101.382969, "eventDate": "2025-09-09T10:55:00Z", "countryCode": "CN" }, "geometry": { "type": "Point", "coordinates": [ 101.382969, 21.713365 ] } },
{ "type": "Feature", "properties": { "decimalLatitude": 22.637558, "decimalLongitude": 114.247766, "eventDate": "2025-09-29T18:15:00Z", "countryCode": "CN" }, "geometry": { "type": "Point", "coordinates": [ 114.247766, 22.637558 ] } },
{ "type": "Feature", "properties": { "decimalLatitude": 22.402044, "decimalLongitude": 113.961381, "eventDate": "2025-10-07T13:26:00Z", "countryCode": "HK" }, "geometry": { "type": "Point", "coordinates": [ 113.961381, 22.402044 ] } },
{ "type": "Feature", "properties": { "decimalLatitude": 1.344893, "decimalLongitude": 103.780827, "eventDate": "2025-10-01T14:23:00Z", "countryCode": "SG" }, "geometry": { "type": "Point", "coordinates": [ 103.780827, 1.344893 ] } },
{ "type": "Feature", "properties": { "decimalLatitude": 22.282245, "decimalLongitude": 114.143372, "eventDate": "2025-10-03T11:18:29Z", "countryCode": "HK" }, "geometry": { "type": "Point", "coordinates": [ 114.143372, 22.282245 ] } },
{ "type": "Feature", "properties": { "decimalLatitude": 1.359518, "decimalLongitude": 103.77719, "eventDate": "2025-10-05T15:22:00Z", "countryCode": "SG" }, "geometry": { "type": "Point", "coordinates": [ 103.77719, 1.359518 ] } },
{ "type": "Feature", "properties": { "decimalLatitude": 22.23426, "decimalLongitude": 114.113439, "eventDate": "2025-10-04T09:51:24Z", "countryCode": "HK" }, "geometry": { "type": "Point", "coordinates": [ 114.113439, 22.23426 ] } },
{ "type": "Feature", "properties": { "decimalLatitude": 22.325966, "decimalLongitude": 114.220588, "eventDate": "2025-10-05T13:34:00Z", "countryCode": "HK" }, "geometry": { "type": "Point", "coordinates": [ 114.220588, 22.325966 ] } },
{ "type": "Feature", "properties": { "decimalLatitude": 22.325944, "decimalLongitude": 114.22057, "eventDate": "2025-10-05T13:29:00Z", "countryCode": "HK" }, "geometry": { "type": "Point", "coordinates": [ 114.22057, 22.325944 ] } },
{ "type": "Feature", "properties": { "decimalLatitude": 1.380576, "decimalLongitude": 103.822839, "eventDate": "2025-10-05T09:38:00Z", "countryCode": "SG" }, "geometry": { "type": "Point", "coordinates": [ 103.822839, 1.380576 ] } },
{ "type": "Feature", "properties": { "decimalLatitude": 22.467136, "decimalLongitude": 114.179491, "eventDate": "2025-10-03T08:29:00Z", "countryCode": "HK" }, "geometry": { "type": "Point", "coordinates": [ 114.179491, 22.467136 ] } },
{ "type": "Feature", "properties": { "decimalLatitude": 20.772178, "decimalLongitude": 106.984383, "eventDate": "2025-10-10T07:27:38Z", "countryCode": "VN" }, "geometry": { "type": "Point", "coordinates": [ 106.984383, 20.772178 ] } },
{ "type": "Feature", "properties": { "decimalLatitude": 8.913397, "decimalLongitude": 98.519508, "eventDate": "2025-10-14T10:40:50Z", "countryCode": "TH" }, "geometry": { "type": "Point", "coordinates": [ 98.519508, 8.913397 ] } },
{ "type": "Feature", "properties": { "decimalLatitude": 22.503205, "decimalLongitude": 114.2397, "eventDate": "2025-10-11T10:34:34Z", "countryCode": "HK" }, "geometry": { "type": "Point", "coordinates": [ 114.2397, 22.503205 ] } },
{ "type": "Feature", "properties": { "decimalLatitude": 22.586064, "decimalLongitude": 114.202408, "eventDate": "2025-10-09T15:54:11Z", "countryCode": "CN" }, "geometry": { "type": "Point", "coordinates": [ 114.202408, 22.586064 ] } },
{ "type": "Feature", "properties": { "decimalLatitude": 22.365813, "decimalLongitude": 114.194407, "eventDate": "2025-10-12T14:31:40Z", "countryCode": "HK" }, "geometry": { "type": "Point", "coordinates": [ 114.194407, 22.365813 ] } },
{ "type": "Feature", "properties": { "decimalLatitude": 5.414554, "decimalLongitude": 100.782612, "eventDate": "2025-10-07T00:00:00Z", "countryCode": "MY" }, "geometry": { "type": "Point", "coordinates": [ 100.782612, 5.414554 ] } },
{ "type": "Feature", "properties": { "decimalLatitude": 22.404911, "decimalLongitude": 113.959564, "eventDate": "2025-10-08T12:03:00Z", "countryCode": "HK" }, "geometry": { "type": "Point", "coordinates": [ 113.959564, 22.404911 ] } },
{ "type": "Feature", "properties": { "decimalLatitude": 22.375558, "decimalLongitude": 114.264794, "eventDate": "2025-10-10T14:56:03Z", "countryCode": "HK" }, "geometry": { "type": "Point", "coordinates": [ 114.264794, 22.375558 ] } },
{ "type": "Feature", "properties": { "decimalLatitude": 22.326029, "decimalLongitude": 114.220624, "eventDate": "2025-10-10T13:36:00Z", "countryCode": "HK" }, "geometry": { "type": "Point", "coordinates": [ 114.220624, 22.326029 ] } },
{ "type": "Feature", "properties": { "decimalLatitude": 20.469783, "decimalLongitude": 105.222192, "eventDate": "2025-10-07T13:21:54Z", "countryCode": "VN" }, "geometry": { "type": "Point", "coordinates": [ 105.222192, 20.469783 ] } },
{ "type": "Feature", "properties": { "decimalLatitude": 22.469405, "decimalLongitude": 114.233917, "eventDate": "2025-10-12T09:18:14Z", "countryCode": "HK" }, "geometry": { "type": "Point", "coordinates": [ 114.233917, 22.469405 ] } },
{ "type": "Feature", "properties": { "decimalLatitude": 4.310667, "decimalLongitude": 101.168536, "eventDate": "2025-10-10T00:00:00Z", "countryCode": "MY" }, "geometry": { "type": "Point", "coordinates": [ 101.168536, 4.310667 ] } },
{ "type": "Feature", "properties": { "decimalLatitude": 20.46978, "decimalLongitude": 105.222162, "eventDate": "2025-10-07T14:03:24Z", "countryCode": "VN" }, "geometry": { "type": "Point", "coordinates": [ 105.222162, 20.46978 ] } },
{ "type": "Feature", "properties": { "decimalLatitude": 22.250133, "decimalLongitude": 113.901365, "eventDate": "2025-10-18T13:19:00Z", "countryCode": "HK" }, "geometry": { "type": "Point", "coordinates": [ 113.901365, 22.250133 ] } },
{ "type": "Feature", "properties": { "decimalLatitude": 22.42739, "decimalLongitude": 114.17921, "eventDate": "2025-10-17T14:30:00Z", "countryCode": "HK" }, "geometry": { "type": "Point", "coordinates": [ 114.17921, 22.42739 ] } },
{ "type": "Feature", "properties": { "decimalLatitude": 22.467136, "decimalLongitude": 114.179491, "eventDate": "2025-10-11T14:41:00Z", "countryCode": "HK" }, "geometry": { "type": "Point", "coordinates": [ 114.179491, 22.467136 ] } },
{ "type": "Feature", "properties": { "decimalLatitude": 18.681263, "decimalLongitude": 98.87777, "eventDate": "2025-10-17T11:35:36Z", "countryCode": "TH" }, "geometry": { "type": "Point", "coordinates": [ 98.87777, 18.681263 ] } },
{ "type": "Feature", "properties": { "decimalLatitude": 22.250133, "decimalLongitude": 113.901365, "eventDate": "2025-10-18T13:18:00Z", "countryCode": "HK" }, "geometry": { "type": "Point", "coordinates": [ 113.901365, 22.250133 ] } },
{ "type": "Feature", "properties": { "decimalLatitude": 22.358065, "decimalLongitude": 114.094263, "eventDate": "2025-10-18T10:28:00Z", "countryCode": "HK" }, "geometry": { "type": "Point", "coordinates": [ 114.094263, 22.358065 ] } },
{ "type": "Feature", "properties": { "decimalLatitude": 22.513994, "decimalLongitude": 114.204861, "eventDate": "2025-10-16T09:50:37Z", "countryCode": "HK" }, "geometry": { "type": "Point", "coordinates": [ 114.204861, 22.513994 ] } },
{ "type": "Feature", "properties": { "decimalLatitude": 22.36685, "decimalLongitude": 114.130259, "eventDate": "2025-10-20T13:04:00Z", "countryCode": "HK" }, "geometry": { "type": "Point", "coordinates": [ 114.130259, 22.36685 ] } },
{ "type": "Feature", "properties": { "decimalLatitude": 1.360281, "decimalLongitude": 103.78023, "eventDate": "2025-10-20T17:16:16Z", "countryCode": "SG" }, "geometry": { "type": "Point", "coordinates": [ 103.78023, 1.360281 ] } },
{ "type": "Feature", "properties": { "decimalLatitude": 22.42739, "decimalLongitude": 114.17921, "eventDate": "2025-10-17T14:30:00Z", "countryCode": "HK" }, "geometry": { "type": "Point", "coordinates": [ 114.17921, 22.42739 ] } },
{ "type": "Feature", "properties": { "decimalLatitude": 1.359339, "decimalLongitude": 103.823536, "eventDate": "2025-10-29T11:10:00Z", "countryCode": "SG" }, "geometry": { "type": "Point", "coordinates": [ 103.823536, 1.359339 ] } },
{ "type": "Feature", "properties": { "decimalLatitude": 22.253691, "decimalLongitude": 114.158418, "eventDate": "2025-10-23T11:10:00Z", "countryCode": "HK" }, "geometry": { "type": "Point", "coordinates": [ 114.158418, 22.253691 ] } },
{ "type": "Feature", "properties": { "decimalLatitude": 5.413739, "decimalLongitude": 100.783047, "eventDate": "2025-10-27T00:00:00Z", "countryCode": "MY" }, "geometry": { "type": "Point", "coordinates": [ 100.783047, 5.413739 ] } },
{ "type": "Feature", "properties": { "decimalLatitude": 22.350996, "decimalLongitude": 114.090421, "eventDate": "2025-10-24T16:07:00Z", "countryCode": "HK" }, "geometry": { "type": "Point", "coordinates": [ 114.090421, 22.350996 ] } },
{ "type": "Feature", "properties": { "decimalLatitude": 22.384593, "decimalLongitude": 113.83178, "eventDate": "2025-10-23T10:40:00Z", "countryCode": "HK" }, "geometry": { "type": "Point", "coordinates": [ 113.83178, 22.384593 ] } },
{ "type": "Feature", "properties": { "decimalLatitude": 1.360781, "decimalLongitude": 103.777757, "eventDate": "2025-10-26T11:07:00Z", "countryCode": "SG" }, "geometry": { "type": "Point", "coordinates": [ 103.777757, 1.360781 ] } },
{ "type": "Feature", "properties": { "decimalLatitude": 18.761518, "decimalLongitude": 98.919709, "eventDate": "2025-10-29T08:10:00Z", "countryCode": "TH" }, "geometry": { "type": "Point", "coordinates": [ 98.919709, 18.761518 ] } },
{ "type": "Feature", "properties": { "decimalLatitude": 22.355851, "decimalLongitude": 114.090916, "eventDate": "2025-10-24T16:09:23Z", "countryCode": "HK" }, "geometry": { "type": "Point", "coordinates": [ 114.090916, 22.355851 ] } },
{ "type": "Feature", "properties": { "decimalLatitude": 22.53643, "decimalLongitude": 114.238892, "eventDate": "2025-10-29T09:52:57Z", "countryCode": "HK" }, "geometry": { "type": "Point", "coordinates": [ 114.238892, 22.53643 ] } },
{ "type": "Feature", "properties": { "decimalLatitude": 21.437445, "decimalLongitude": 103.102764, "eventDate": "2025-10-21T15:01:41Z", "countryCode": "VN" }, "geometry": { "type": "Point", "coordinates": [ 103.102764, 21.437445 ] } },
{ "type": "Feature", "properties": { "decimalLatitude": 19.307858, "decimalLongitude": 98.472953, "eventDate": "2025-10-25T14:14:00Z", "countryCode": "TH" }, "geometry": { "type": "Point", "coordinates": [ 98.472953, 19.307858 ] } },
{ "type": "Feature", "properties": { "decimalLatitude": 22.53383, "decimalLongitude": 114.254114, "eventDate": "2025-10-26T14:27:00Z", "countryCode": "HK" }, "geometry": { "type": "Point", "coordinates": [ 114.254114, 22.53383 ] } },
{ "type": "Feature", "properties": { "decimalLatitude": 22.382731, "decimalLongitude": 113.983719, "eventDate": "2025-10-09T11:28:00Z", "countryCode": "HK" }, "geometry": { "type": "Point", "coordinates": [ 113.983719, 22.382731 ] } },
{ "type": "Feature", "properties": { "decimalLatitude": 22.474654, "decimalLongitude": 114.215883, "eventDate": "2025-10-26T13:26:00Z", "countryCode": "HK" }, "geometry": { "type": "Point", "coordinates": [ 114.215883, 22.474654 ] } },
{ "type": "Feature", "properties": { "decimalLatitude": 18.761518, "decimalLongitude": 98.919709, "eventDate": "2025-10-29T13:51:00Z", "countryCode": "TH" }, "geometry": { "type": "Point", "coordinates": [ 98.919709, 18.761518 ] } },
{ "type": "Feature", "properties": { "decimalLatitude": 18.783408, "decimalLongitude": 98.9469, "eventDate": "2025-10-25T16:48:48Z", "countryCode": "TH" }, "geometry": { "type": "Point", "coordinates": [ 98.9469, 18.783408 ] } },
{ "type": "Feature", "properties": { "decimalLatitude": 1.360662, "decimalLongitude": 103.777688, "eventDate": "2025-10-25T11:23:00Z", "countryCode": "SG" }, "geometry": { "type": "Point", "coordinates": [ 103.777688, 1.360662 ] } },
{ "type": "Feature", "properties": { "decimalLatitude": 22.079717, "decimalLongitude": 113.423808, "eventDate": "2025-10-17T22:19:04Z", "countryCode": "CN" }, "geometry": { "type": "Point", "coordinates": [ 113.423808, 22.079717 ] } },
{ "type": "Feature", "properties": { "decimalLatitude": 21.433059, "decimalLongitude": 103.101024, "eventDate": "2025-10-16T13:12:55Z", "countryCode": "VN" }, "geometry": { "type": "Point", "coordinates": [ 103.101024, 21.433059 ] } },
{ "type": "Feature", "properties": { "decimalLatitude": 22.290692, "decimalLongitude": 113.859398, "eventDate": "2025-10-29T15:30:00Z", "countryCode": "HK" }, "geometry": { "type": "Point", "coordinates": [ 113.859398, 22.290692 ] } },
{ "type": "Feature", "properties": { "decimalLatitude": 22.588735, "decimalLongitude": 114.04081, "eventDate": "2025-10-25T08:55:00Z", "countryCode": "CN" }, "geometry": { "type": "Point", "coordinates": [ 114.04081, 22.588735 ] } },
{ "type": "Feature", "properties": { "decimalLatitude": 22.384359, "decimalLongitude": 114.113852, "eventDate": "2025-10-17T16:08:38Z", "countryCode": "HK" }, "geometry": { "type": "Point", "coordinates": [ 114.113852, 22.384359 ] } },
{ "type": "Feature", "properties": { "decimalLatitude": 1.360562, "decimalLongitude": 103.777819, "eventDate": "2025-11-02T08:51:45Z", "countryCode": "SG" }, "geometry": { "type": "Point", "coordinates": [ 103.777819, 1.360562 ] } },
{ "type": "Feature", "properties": { "decimalLatitude": 22.508094, "decimalLongitude": 114.250938, "eventDate": "2025-11-05T10:34:30Z", "countryCode": "HK" }, "geometry": { "type": "Point", "coordinates": [ 114.250938, 22.508094 ] } },
{ "type": "Feature", "properties": { "decimalLatitude": 22.249524, "decimalLongitude": 114.005174, "eventDate": "2025-11-03T16:08:00Z", "countryCode": "HK" }, "geometry": { "type": "Point", "coordinates": [ 114.005174, 22.249524 ] } },
{ "type": "Feature", "properties": { "decimalLatitude": 22.249598, "decimalLongitude": 114.005226, "eventDate": "2025-11-03T16:08:00Z", "countryCode": "HK" }, "geometry": { "type": "Point", "coordinates": [ 114.005226, 22.249598 ] } },
{ "type": "Feature", "properties": { "decimalLatitude": 1.360852, "decimalLongitude": 103.777809, "eventDate": "2025-11-01T16:57:00Z", "countryCode": "SG" }, "geometry": { "type": "Point", "coordinates": [ 103.777809, 1.360852 ] } },
{ "type": "Feature", "properties": { "decimalLatitude": 22.788624, "decimalLongitude": 104.966764, "eventDate": "2025-11-05T11:58:19Z", "countryCode": "VN" }, "geometry": { "type": "Point", "coordinates": [ 104.966764, 22.788624 ] } },
{ "type": "Feature", "properties": { "decimalLatitude": 22.512691, "decimalLongitude": 114.252098, "eventDate": "2025-11-05T13:13:00Z", "countryCode": "HK" }, "geometry": { "type": "Point", "coordinates": [ 114.252098, 22.512691 ] } },
{ "type": "Feature", "properties": { "decimalLatitude": 18.704485, "decimalLongitude": 98.890134, "eventDate": "2025-11-05T09:16:33Z", "countryCode": "TH" }, "geometry": { "type": "Point", "coordinates": [ 98.890134, 18.704485 ] } },
{ "type": "Feature", "properties": { "decimalLatitude": 22.249572, "decimalLongitude": 114.00521, "eventDate": "2025-11-03T16:09:00Z", "countryCode": "HK" }, "geometry": { "type": "Point", "coordinates": [ 114.00521, 22.249572 ] } },
{ "type": "Feature", "properties": { "decimalLatitude": 15.528181, "decimalLongitude": 106.273847, "eventDate": "2025-11-14T10:13:06Z", "countryCode": "LA" }, "geometry": { "type": "Point", "coordinates": [ 106.273847, 15.528181 ] } },
{ "type": "Feature", "properties": { "decimalLatitude": 18.495536, "decimalLongitude": 98.667885, "eventDate": "2025-11-18T11:35:00Z", "countryCode": "TH" }, "geometry": { "type": "Point", "coordinates": [ 98.667885, 18.495536 ] } },
{ "type": "Feature", "properties": { "decimalLatitude": 18.495536, "decimalLongitude": 98.667885, "eventDate": "2025-11-18T11:35:00Z", "countryCode": "TH" }, "geometry": { "type": "Point", "coordinates": [ 98.667885, 18.495536 ] } },
{ "type": "Feature", "properties": { "decimalLatitude": 22.243724, "decimalLongitude": 114.157245, "eventDate": "2025-11-17T21:18:19Z", "countryCode": "HK" }, "geometry": { "type": "Point", "coordinates": [ 114.157245, 22.243724 ] } },
{ "type": "Feature", "properties": { "decimalLatitude": 18.780953, "decimalLongitude": 98.991071, "eventDate": "2025-11-12T19:02:21Z", "countryCode": "TH" }, "geometry": { "type": "Point", "coordinates": [ 98.991071, 18.780953 ] } },
{ "type": "Feature", "properties": { "decimalLatitude": 22.222427, "decimalLongitude": 113.916507, "eventDate": "2025-11-14T14:43:00Z", "countryCode": "HK" }, "geometry": { "type": "Point", "coordinates": [ 113.916507, 22.222427 ] } },
{ "type": "Feature", "properties": { "decimalLatitude": 22.227708, "decimalLongitude": 113.905318, "eventDate": "2025-11-14T14:00:00Z", "countryCode": "HK" }, "geometry": { "type": "Point", "coordinates": [ 113.905318, 22.227708 ] } },
{ "type": "Feature", "properties": { "decimalLatitude": 1.359882, "decimalLongitude": 103.777545, "eventDate": "2025-11-21T16:17:00Z", "countryCode": "SG" }, "geometry": { "type": "Point", "coordinates": [ 103.777545, 1.359882 ] } },
{ "type": "Feature", "properties": { "decimalLatitude": 18.799408, "decimalLongitude": 98.938995, "eventDate": "2025-11-20T16:01:23Z", "countryCode": "TH" }, "geometry": { "type": "Point", "coordinates": [ 98.938995, 18.799408 ] } },
{ "type": "Feature", "properties": { "decimalLatitude": 1.359895, "decimalLongitude": 103.777499, "eventDate": "2025-11-21T16:17:00Z", "countryCode": "SG" }, "geometry": { "type": "Point", "coordinates": [ 103.777499, 1.359895 ] } },
{ "type": "Feature", "properties": { "decimalLatitude": 1.360363, "decimalLongitude": 103.821423, "eventDate": "2025-11-23T12:25:00Z", "countryCode": "SG" }, "geometry": { "type": "Point", "coordinates": [ 103.821423, 1.360363 ] } },
{ "type": "Feature", "properties": { "decimalLatitude": 18.8223, "decimalLongitude": 98.94075, "eventDate": "2025-11-24T12:00:37Z", "countryCode": "TH" }, "geometry": { "type": "Point", "coordinates": [ 98.94075, 18.8223 ] } },
{ "type": "Feature", "properties": { "decimalLatitude": 1.36416, "decimalLongitude": 103.77217, "eventDate": "2025-11-27T09:03:29Z", "countryCode": "SG" }, "geometry": { "type": "Point", "coordinates": [ 103.77217, 1.36416 ] } },
{ "type": "Feature", "properties": { "decimalLatitude": 1.36452, "decimalLongitude": 103.774799, "eventDate": "2025-11-27T09:12:16Z", "countryCode": "SG" }, "geometry": { "type": "Point", "coordinates": [ 103.774799, 1.36452 ] } },
{ "type": "Feature", "properties": { "decimalLatitude": 1.36004, "decimalLongitude": 103.777405, "eventDate": "2025-11-22T15:43:00Z", "countryCode": "SG" }, "geometry": { "type": "Point", "coordinates": [ 103.777405, 1.36004 ] } },
{ "type": "Feature", "properties": { "decimalLatitude": 20.3707, "decimalLongitude": 100.075583, "eventDate": "2025-11-17T11:30:29Z", "countryCode": "TH" }, "geometry": { "type": "Point", "coordinates": [ 100.075583, 20.3707 ] } },
{ "type": "Feature", "properties": { "decimalLatitude": 1.383332, "decimalLongitude": 103.813353, "eventDate": "2025-11-27T10:10:00Z", "countryCode": "SG" }, "geometry": { "type": "Point", "coordinates": [ 103.813353, 1.383332 ] } },
{ "type": "Feature", "properties": { "decimalLatitude": 16.73503, "decimalLongitude": 101.574347, "eventDate": "2025-11-27T12:40:33Z", "countryCode": "TH" }, "geometry": { "type": "Point", "coordinates": [ 101.574347, 16.73503 ] } },
{ "type": "Feature", "properties": { "decimalLatitude": 26.390032, "decimalLongitude": 93.880959, "eventDate": "2025-11-29T11:40:03Z", "countryCode": "IN" }, "geometry": { "type": "Point", "coordinates": [ 93.880959, 26.390032 ] } },
{ "type": "Feature", "properties": { "decimalLatitude": 2.0275, "decimalLongitude": 103.3575, "eventDate": "2025-11-22T12:44:30Z", "countryCode": "MY" }, "geometry": { "type": "Point", "coordinates": [ 103.3575, 2.0275 ] } },
{ "type": "Feature", "properties": { "decimalLatitude": 2.0275, "decimalLongitude": 103.3575, "eventDate": "2025-11-22T12:46:22Z", "countryCode": "MY" }, "geometry": { "type": "Point", "coordinates": [ 103.3575, 2.0275 ] } },
{ "type": "Feature", "properties": { "decimalLatitude": 18.811242, "decimalLongitude": 98.945362, "eventDate": "2025-11-20T12:48:00Z", "countryCode": "TH" }, "geometry": { "type": "Point", "coordinates": [ 98.945362, 18.811242 ] } },
{ "type": "Feature", "properties": { "decimalLatitude": 22.467136, "decimalLongitude": 114.179491, "eventDate": "2025-11-08T10:42:00Z", "countryCode": "HK" }, "geometry": { "type": "Point", "coordinates": [ 114.179491, 22.467136 ] } },
{ "type": "Feature", "properties": { "decimalLatitude": 20.365914, "decimalLongitude": 100.075331, "eventDate": "2025-11-16T07:11:55Z", "countryCode": "TH" }, "geometry": { "type": "Point", "coordinates": [ 100.075331, 20.365914 ] } },
{ "type": "Feature", "properties": { "decimalLatitude": 12.027567, "decimalLongitude": 120.203578, "eventDate": "2025-11-15T00:45:00Z", "countryCode": "PH" }, "geometry": { "type": "Point", "coordinates": [ 120.203578, 12.027567 ] } },
{ "type": "Feature", "properties": { "decimalLatitude": 18.738063, "decimalLongitude": 98.910243, "eventDate": "2025-11-23T13:58:00Z", "countryCode": "TH" }, "geometry": { "type": "Point", "coordinates": [ 98.910243, 18.738063 ] } },
{ "type": "Feature", "properties": { "decimalLatitude": 20.799214, "decimalLongitude": 107.043732, "eventDate": "2025-11-13T10:09:00Z", "countryCode": "VN" }, "geometry": { "type": "Point", "coordinates": [ 107.043732, 20.799214 ] } },
{ "type": "Feature", "properties": { "decimalLatitude": 1.342075, "decimalLongitude": 103.814888, "eventDate": "2025-11-22T11:27:36Z", "countryCode": "SG" }, "geometry": { "type": "Point", "coordinates": [ 103.814888, 1.342075 ] } },
{ "type": "Feature", "properties": { "decimalLatitude": 1.379747, "decimalLongitude": 103.81039, "eventDate": "2025-12-06T09:45:00Z", "countryCode": "SG" }, "geometry": { "type": "Point", "coordinates": [ 103.81039, 1.379747 ] } },
{ "type": "Feature", "properties": { "decimalLatitude": 4.853607, "decimalLongitude": 100.7616, "eventDate": "2025-12-07T00:00:00Z", "countryCode": "MY" }, "geometry": { "type": "Point", "coordinates": [ 100.7616, 4.853607 ] } },
{ "type": "Feature", "properties": { "decimalLatitude": 18.799503, "decimalLongitude": 98.938958, "eventDate": "2025-12-04T12:53:33Z", "countryCode": "TH" }, "geometry": { "type": "Point", "coordinates": [ 98.938958, 18.799503 ] } },
{ "type": "Feature", "properties": { "decimalLatitude": 18.49433, "decimalLongitude": 98.669509, "eventDate": "2025-12-13T00:16:00Z", "countryCode": "TH" }, "geometry": { "type": "Point", "coordinates": [ 98.669509, 18.49433 ] } },
{ "type": "Feature", "properties": { "decimalLatitude": 1.364018, "decimalLongitude": 103.776397, "eventDate": "2025-12-09T13:12:00Z", "countryCode": "SG" }, "geometry": { "type": "Point", "coordinates": [ 103.776397, 1.364018 ] } },
{ "type": "Feature", "properties": { "decimalLatitude": 22.276948, "decimalLongitude": 114.160818, "eventDate": "2025-12-09T12:23:06Z", "countryCode": "HK" }, "geometry": { "type": "Point", "coordinates": [ 114.160818, 22.276948 ] } },
{ "type": "Feature", "properties": { "decimalLatitude": 7.624364, "decimalLongitude": 99.079226, "eventDate": "2025-12-24T14:41:45Z", "countryCode": "TH" }, "geometry": { "type": "Point", "coordinates": [ 99.079226, 7.624364 ] } },
{ "type": "Feature", "properties": { "decimalLatitude": 22.261726, "decimalLongitude": 113.875593, "eventDate": "2025-12-21T11:17:00Z", "countryCode": "HK" }, "geometry": { "type": "Point", "coordinates": [ 113.875593, 22.261726 ] } },
{ "type": "Feature", "properties": { "decimalLatitude": 22.404911, "decimalLongitude": 113.959564, "eventDate": "2025-12-18T12:39:00Z", "countryCode": "HK" }, "geometry": { "type": "Point", "coordinates": [ 113.959564, 22.404911 ] } },
{ "type": "Feature", "properties": { "decimalLatitude": 1.354816, "decimalLongitude": 103.776299, "eventDate": "2025-12-29T15:01:00Z", "countryCode": "SG" }, "geometry": { "type": "Point", "coordinates": [ 103.776299, 1.354816 ] } },
{ "type": "Feature", "properties": { "decimalLatitude": 1.346263, "decimalLongitude": 103.782296, "eventDate": "2025-12-18T12:59:38Z", "countryCode": "SG" }, "geometry": { "type": "Point", "coordinates": [ 103.782296, 1.346263 ] } },
{ "type": "Feature", "properties": { "decimalLatitude": 11.405877, "decimalLongitude": 107.139145, "eventDate": "2025-12-04T16:31:28Z", "countryCode": "VN" }, "geometry": { "type": "Point", "coordinates": [ 107.139145, 11.405877 ] } },
{ "type": "Feature", "properties": { "decimalLatitude": 1.354816, "decimalLongitude": 103.776299, "eventDate": "2025-12-29T15:03:00Z", "countryCode": "SG" }, "geometry": { "type": "Point", "coordinates": [ 103.776299, 1.354816 ] } },
{ "type": "Feature", "properties": { "decimalLatitude": 16.450633, "decimalLongitude": 107.492575, "eventDate": "2025-12-19T16:08:32Z", "countryCode": "VN" }, "geometry": { "type": "Point", "coordinates": [ 107.492575, 16.450633 ] } },
{ "type": "Feature", "properties": { "decimalLatitude": 1.354816, "decimalLongitude": 103.776299, "eventDate": "2025-12-29T15:07:00Z", "countryCode": "SG" }, "geometry": { "type": "Point", "coordinates": [ 103.776299, 1.354816 ] } },
{ "type": "Feature", "properties": { "decimalLatitude": 3.145687, "decimalLongitude": 101.685553, "eventDate": "2025-12-23T00:00:00Z", "countryCode": "MY" }, "geometry": { "type": "Point", "coordinates": [ 101.685553, 3.145687 ] } },
{ "type": "Feature", "properties": { "decimalLatitude": 22.332673, "decimalLongitude": 114.259349, "eventDate": "2025-12-08T13:22:58Z", "countryCode": "HK" }, "geometry": { "type": "Point", "coordinates": [ 114.259349, 22.332673 ] } },
{ "type": "Feature", "properties": { "decimalLatitude": 4.859134, "decimalLongitude": 100.755322, "eventDate": "2025-12-09T16:00:00Z", "countryCode": "MY" }, "geometry": { "type": "Point", "coordinates": [ 100.755322, 4.859134 ] } },
{ "type": "Feature", "properties": { "decimalLatitude": 11.426784, "decimalLongitude": 107.415045, "eventDate": "2025-12-21T14:13:00Z", "countryCode": "VN" }, "geometry": { "type": "Point", "coordinates": [ 107.415045, 11.426784 ] } }
]
}
