species_name,common_name,status,category,extent,temporal_range,expected_obs,actual_obs,last_updated,taxonomic_rank,gbif_key,data_quality,color,notes,countries_observed,subregion,host_plants,host_plant_families,host_plant_status
Manataria hercyna,,ingested,lepidoptera,"[-115.65, -30.05, -46.96, 31.37]",2015-01-14 to 2025-12-20,52.0,30.0,2026-02-14,SPECIES,1911933,57.7,,,"AR,BR,CO,EC,GT,MX,PA,PE,VE",South America,Bambusa,Poaceae,complete
Papilio thoas,King Swallowtail,ingested,lepidoptera,"[-109.45, -38.89, -34.83, 32.47]",2015-01-07 to 2023-12-31,0.0,2990.0,2026-02-14,SPECIES,1937885,100.0,,,"AR,AW,BO,BR,BZ,CO,CR,EC,GF,GT,GY,HN,MX,NI,PA,PE,PY,SR,SV,TT,US,UY,VE",South America,"Citrus, Citrus aurantifolia, Citrus limon, Citrus limonia, Citrus reticulata, Citrus sinensis, Esenbeckia, Esenbeckia pumila, Monnieria trifolia, Piper, Piper aduncum, Piper belemense, Piper peltatum, Piper umbellatum, Ptelea, Ruta graveolens, Zanthoxylum, Zanthoxylum fagara, Zanthoxylum martinicense, Zanthoxylum rhoifolium","Piperaceae, Rutaceae",complete
Siproeta stelenes,Malachite,ingested,lepidoptera,"[-109.10, -32.37, 3.75, 56.56]",2018-01-01 to 2024-12-31,10694.0,5155.0,2026-02-14,SPECIES,4299213,48.2,,,"AR,BO,BR,BZ,CA,CO,CR,CU,DO,EC,FR,GF,GT,HN,HT,JM,KY,MX,NI,PA,PE,PR,PY,SR,SV,TT,US,UY,VE",South America,"Blechum, Blechum pyramidatum, Calliandra parvifolia, Calliandra tweediei, Justicia, Justicia candelariae, Justicia carthagenensis, Pithecellobium cochliocarpum, Plantago, Plantago major, Pseuderanthemum, Ruellia, Ruellia coccinea, Ruellia metallica, Salvia splendens, Strobilanthes","Acanthaceae, Fabaceae, Lamiaceae, Plantaginaceae",complete
Dryas iulia,Julia Heliconian,ingested,lepidoptera,"[-108.91, -36.31, 105.36, 52.75]",2015-01-01 to 2024-12-31,15922.0,8324.0,2026-02-14,SPECIES,5128034,52.3,,,"AR,AW,BE,BO,BQ,BR,BS,BZ,CO,CR,CU,CW,DE,DM,DO,EC,GD,GF,GP,GT,GY,HN,HT,ID,JM,KY,LC,MQ,MX,MY,NI,NL,PA,PE,PR,PY,SG,SR,SV,TH,TT,US,UY,VC,VE,VG,VI",Caribbean,"Lantana camara, Passiflora, Passiflora X violaceae, Passiflora adenopoda, Passiflora alata, Passiflora auriculata, Passiflora biflora, Passiflora caerulea, Passiflora capsularis, Passiflora cerradensis, Passiflora coriacea, Passiflora costaricensis, Passiflora edulis, Passiflora glandulosa, Passiflora glaucescens, Passiflora ichthyura, Passiflora lancifolia, Passiflora lutea, Passiflora miersii, Passiflora morifolia, Passiflora organensis, Passiflora platyloba, Passiflora pohlii, Passiflora quadrangularis, Passiflora rhamnifolia, Passiflora rubra, Passiflora securiclata, Passiflora suberosa, Passiflora truncata, Passiflora tryphostemmatoides, Passiflora tuberosa, Passiflora vespertilio","Passifloraceae, Verbenaceae",complete
Catopsilia florella,African Emigrant,ingested,lepidoptera,"[-85.35, -34.59, 59.54, 33.11]",2015-01-02 to 2025-12-31,7182.0,3636.0,2026-02-14,SPECIES,1919346,50.6,,,"AE,AO,BF,BJ,BW,CD,CF,CG,CI,CM,CR,CV,DZ,EG,ES,ET,GH,GM,GN,GW,IL,IQ,JO,KE,KM,LR,LS,MG,ML,MR,MU,MW,MZ,NG,OM,PS,QA,RE,RW,SA,SD,SN,SO,SS,ST,SY,SZ,TD,TG,TZ,UG,YE,YT,ZA,ZM,ZW",Sub-Saharan Africa,"Acacia, Cassia, Cassia absus, Cassia fistula, Cassia javanica, Cassia nodosa, Cassia occidentalis, Gossypium, Senna alata, Senna petersiana, Sesbania","Fabaceae, Malvaceae",complete
Belenois aurota,African Caper White,ingested,lepidoptera,"[-16.73, -34.41, 145.08, 32.91]",2015-01-02 to 2021-12-31,12739.0,1361.0,2026-02-14,SPECIES,1919181,10.7,,,"AE,BJ,BW,DZ,ET,GM,IL,IN,IR,JO,KE,KW,LK,MW,MZ,NE,NG,OM,PG,PK,PS,RW,SA,SY,SZ,TZ,UG,ZA,ZM,ZW",Sub-Saharan Africa,"Boscia, Capparis, Maerua",Capparaceae,complete
Danaus chrysippus,African Monarch,ingested,lepidoptera,"[-147.66, -69.41, 175.54, 51.25]",2015-01-01 to 2022-04-29,40018.0,13503.0,2026-02-14,SPECIES,7642610,33.7,,,"AE,AL,AO,AQ,AU,BD,BF,BH,BJ,BT,BW,CD,CG,CI,CM,CN,CV,CX,DJ,DZ,EG,EH,ES,ET,FR,GA,GH,GM,GN,GR,GW,HK,ID,IL,IN,IQ,IR,IT,JO,JP,KE,KH,KM,KW,LA,LK,LR,LS,MA,ME,MG,ML,MM,MO,MR,MT,MU,MV,MW,MY,MZ,NC,NG,NL,NP,NZ,OM,PH,PK,PS,QA,RE,RW,SA,SD,SG,SH,SL,SN,SO,ST,SY,SZ,TD,TF,TH,TL,TN,TR,TW,TZ,UG,VN,YT,ZA,ZM,ZW",Sub-Saharan Africa,"Antirrhinum, Asclepias, Asclepias cancellata, Asclepias coarctata, Asclepias curassavica, Asclepias fulva, Asclepias kaessneri, Asclepias lineolata, Asclepias physocarpa, Asclepias reflexa, Asclepias scabrifolia, Asclepias semilunata, Asclepias stenophylla, Asclepias swynnertonii, Asclepias syriaca, Aspidoglossum, Aspidoglossum interruptum, Calotropis, Calotropis gigantea, Calotropis procera, Caralluma, Ceropegia, Cynanchum, Cynanchum abyssinicum, Cynanchum acutum, Cynanchum altiscandens, Cynanchum amplexicaule, Cynanchum carnosum, Cynanchum floribundum, Cynanchum sublanceolatum, Dyerophytum indicum, Euphorbia, Ficus laevis, Ficus racemosa, Gomphocarpus, Gomphocarpus fruticosus, Hibiscus, Huernia, Ipomoea, Ipomoea alba, Ipomoea bona-nox, Ischnostemma, Kanahia, Kanahia laniflora, Leichardtia, Leichardtia australis, Lepisanthes rubiginosa, Leptadenia, Leptadenia hastata, Marsdenia, Marsdenia leichhardtiana, Metaplexis, Metaplexis japonica, Oxystelma pulchellum, Pachycarpus, Pentarrhinum, Pentatropis, Pentatropis atropurpurea, Pentatropis quinquepartita, Pergularia, Pergularia daemia, Pergularia daemia ?, Periploca, Periploca linearifolia, Pleurostelma, Pleurostelma cernuum, Raphistemma, Rosa, Schizoglossum, Secamone, Secamone afzelii, Secamone parvifolia, Secamone platystigma, Stapelia, Stapelia gigantea, Stathmostelma, Stathmostelma gigantiflorum, Stathmostelma pedunculatum, Tylophora, Tylophora stenoloba, Tylophora sylvatica","Asclepiadaceae, Convolvulaceae, Euphorbiaceae, Malvaceae, Moraceae, Plantaginaceae, Plumbaginaceae, Rosaceae, Sapindaceae",complete
Bicyclus anynana,Squinting Bush-brown,ingested,lepidoptera,"[-0.70, -32.73, 85.36, 24.01]",2015-02-03 to 2021-12-31,1096.0,475.0,2026-02-14,SPECIES,9840414,43.3,,,"BI,BW,CD,GH,IN,KE,KM,MW,MZ,RW,SZ,TZ,UG,YE,ZA,ZM,ZW",Sub-Saharan Africa,Ehrharta erecta,Poaceae,complete
Papilio demodocus,Christmas Butterfly,ingested,lepidoptera,"[-25.18, -34.68, 106.71, 47.60]",2015-01-01 to 2025-12-31,9249.0,5273.0,2026-02-14,SPECIES,1938125,57.0,,,"AO,BF,BI,BJ,BW,CD,CF,CG,CI,CM,CV,DE,ER,ET,GA,GH,GM,GN,GW,IN,KE,KM,LR,LS,MG,ML,MU,MW,MZ,NG,OM,RE,RW,SA,SD,SL,SN,SO,SS,ST,SZ,TD,TG,TZ,UG,VN,YT,ZA,ZM,ZW",Sub-Saharan Africa,"Acacia, Aegle marmelos, Athamanta, Calodendrum, Calodendrum capense, Citrus, Citrus aurantium, Clausena, Clausena anisata, Euphorbia hirta, Fagaropsis, Fagaropsis angolenses, Foeniculum, Glycosmis pentaphylla, Haplophyllum, Hippobromus, Murraya, Pituranthos, Poncirus, Pseudospondias, Pseudospondias microcarpa, Psoralea, Ptaeroxylon, Ruta, Teclea, Teclea natalensis, Teclea nobilis, Teclea swynnertonii, Toddalia, Toddalia asiatica, Vepris, Zanthoxylum, Ziziphus mauritiana","Anacardiaceae, Apiaceae, Euphorbiaceae, Fabaceae, Ptaeroxylaceae, Rhamnaceae, Rutaceae, Sapindaceae",complete
Junonia hierta,Yellow Pansy,ingested,lepidoptera,"[-16.71, -34.50, 110.33, 33.12]",2015-01-02 to 2020-12-31,8416.0,2649.0,2026-02-14,SPECIES,5130542,31.5,,,"AO,BD,BJ,BT,BW,CD,CI,CM,CN,EG,ET,GH,GM,IN,KE,KH,LA,LK,LS,MG,ML,MM,MW,MZ,NG,OM,RW,SD,SN,SZ,TH,TZ,UG,VN,ZA,ZM,ZW",Sub-Saharan Africa,"Asystasia, Asystasia gangetica, Barleria, Barleria cristata, Barleria pungens, Barleria stuhlmannii ?, Chaetacanthus setiger, Eremomastax, Hygrophila, Hygrophila costata, Justicia, Justicia densiflora, Nelsonia canescens, Ruellia, Ruellia cordata",Acanthaceae,complete
Cacyreus marshalli,Common Geranium Bronze,ingested,lepidoptera,"[-17.98, -34.62, 55.45, 53.15]",2020-01-01 to 2025-12-31,31157.0,8895.0,2026-02-14,SPECIES,1932752,28.5,,,"AD,AE,AL,AT,BE,BW,CH,DE,DZ,EG,ES,ET,FR,GI,GM,GR,HR,IL,IT,KE,MA,MC,ME,MT,MW,NL,PS,PT,RE,RS,SI,SM,TN,TR,ZA,ZM,ZW",Southern Europe,"Geranium, Pelargonium",Geraniaceae,complete
Melanitis leda,Twilight Brown,ingested,lepidoptera,"[-179.78, -34.53, 178.47, 52.36]",2015-01-01 to 2025-12-31,15895.0,8111.0,2026-02-14,SPECIES,1895956,51.0,,,"AO,AU,BD,BI,BJ,BT,BW,CD,CK,CM,CN,CV,FJ,GH,GM,GN,GU,HK,ID,IE,IN,JP,KE,KH,LA,LK,MG,ML,MM,MO,MP,MU,MV,MW,MY,MZ,NC,NG,NP,OM,PF,PG,PH,PK,RE,SC,SD,SG,ST,SZ,TH,TL,TO,TW,TZ,UG,VN,VU,YT,ZA,ZM,ZW",Sub-Saharan Africa,"Andropogon sorghum, Apluda mutica, Axonopus, Bambusa, Bambusa multiplex, Brachiaria mutica, Capillipedium parviflorum, Coix lacryma-jobi, Digitaria, Digitaria cruciata, Digitaria sanguinalis, Elaeis guineensis, Eleusine indica, Imperata, Imperata cylindrica, Microstegium ciliatum, Miscanthus japonicus, Miscanthus sinensis, Oryza, Oryza sativa, Panicum, Panicum maximum, Panicum repens, Paspalum, Pennisetum, Pennisetum americanum, Pennisetum purpureum, Poa pratensis, Saccharum, Saccharum officinarum, Saccharum robustum, Setaria chevalieri, Setaria cris-ardeae, Setaria palmifolia, Setaria viridis, Sorghum, Sorghum vulgare, Stenotaphrum, Thysanolaena maxima, Zea mays, Zizania latifolia","Arecaceae, Poaceae",complete
Danaus plexippus,Monarch,ingested,lepidoptera,"[-179.88, -46.90, 179.76, 59.99]",2015-01-01 to 2025-12-31,345604.0,331542.0,2026-03-28,SPECIES,5133088,95.9,,,"AG,AI,AR,AS,AU,AW,BB,BL,BM,BQ,BR,BS,BT,BZ,CA,CK,CO,CR,CU,CW,DE,DM,DO,EC,ES,FJ,FM,FR,GB,GF,GI,GP,GT,GU,GY,HN,HT,ID,IE,IN,IT,JM,KN,LC,MA,MF,MP,MQ,MR,MS,MX,NC,NF,NI,NL,NZ,OM,PA,PE,PF,PG,PH,PM,PR,PT,PY,RE,SE,SR,SV,SX,SZ,TC,TO,TT,UM,US,VC,VE,VG,VI,VU,WS",Caribbean,"Apocynum androsaemifolium, Araujia sericifera, Araujia sericofera, Asclepias, Asclepias amplexicaulis, Asclepias asperula, Asclepias californica, Asclepias cancellata, Asclepias cordifolia, Asclepias curassavica, Asclepias curtissii, Asclepias eriocarpa, Asclepias erosa, Asclepias exaltata, Asclepias fascicularis, Asclepias hirtella, Asclepias humistrata, Asclepias incarnata, Asclepias lanceolata, Asclepias longifolia, Asclepias nivea, Asclepias obovata, Asclepias oenotheroides, Asclepias physocarpa, Asclepias purpurascens, Asclepias semilunata, Asclepias speciosa, Asclepias subulata, Asclepias subverticillata, Asclepias sullivantii, Asclepias syriaca, Asclepias tomentosa, Asclepias tuberosa, Asclepias variegata, Asclepias verticillata, Asclepias vestita, Asclepias viridiflora, Asclepias viridis, Calotropis gigantea, Calotropis procera, Citrus, Cynanchum angustifolium, Cynanchum laeve, Euphorbia, Euphorbia mauritanica, Gomphocarpus arborescens, Gomphocarpus fruticosus, Gomphocarpus grandiflorus, Gomphocarpus physocarpus, Gonolobus rostratus, Gossypium, Gossypium arboreum, Ipomoea, Manilkara grandiflora, Marsdenia, Matelea laevis, Matelea reticulata, Orbea variegata, Oxypetalum coeruleum, Oxypetalum umbellatum, Oxystelma pulchellum, Sarcostemma clausum, Stephanotis, Stephanotis floribunda","Apocynaceae, Asclepiadaceae, Convolvulaceae, Euphorbiaceae, Malvaceae, Rutaceae, Sapotaceae",complete
Euptoieta claudia,Variegated Fritillary,ingested,lepidoptera,"[-123.70, -21.56, -64.13, 54.47]",2015-01-01 to 2025-12-31,44299.0,42873.0,2026-03-27,SPECIES,1894342,96.8,,,"BO,BS,CA,CU,DO,GT,HN,MX,PE,US",Central America,"Boerhavia, Boerhavia intermedia, Caragana arborescens, Cynanchum arizonicum, Cynoglossum, Desmodium paniculatum, Glycine max, Hybanthus, Hybanthus verticillatus, Ipomoea, Ipomoea batatas, Linum, Linum australe, Linum puberulum, Linum rigidum, Linum sulcatum, Linum usitatissimum, Melolobium, Menispermum, Metastelma, Passiflora, Passiflora caerulea, Passiflora foetida, Passiflora incarnata, Phaseolus vulgaris, Plantago, Podophyllum, Podophyllum peltatum, Portulaca, Portulaca oleracea, Sedum, Sedum lanceolatum, Sedum pulchellum, Sedum telephium, Trifolium rubrum, Triticum aestivum, Turnera ulmifolia, Vigna unguiculata, Viola, Viola bicolor, Viola cornuta, Viola odorata, Viola sagittata, Viola sororia, Viola tricolor, Zea mays","Asclepiadaceae, Berberidaceae, Boraginaceae, Convolvulaceae, Crassulaceae, Fabaceae, Linaceae, Menispermaceae, Nyctaginaceae, Passifloraceae, Plantaginaceae, Poaceae, Portulacaceae, Turneraceae, Violaceae",complete
Hesperia dacotae,Dakota Skipper,ingested,lepidoptera,"[-101.00, 46.89, -96.49, 50.80]",2015-07-01 to 2025-07-17,34.0,34.0,2026-03-27,SPECIES,5142293,100.0,,,"CA,US",Northern America,"Aristida, Bouteloua curtipendula, Panicum, Poa pratensis, Schizachyrium scoparium, Stipa",Poaceae,complete
Hesperia ottoe,Ottoe Skipper,ingested,lepidoptera,"[-105.38, 35.81, -87.37, 47.63]",2015-07-13 to 2025-07-26,35.0,34.0,2026-03-27,SPECIES,5142239,97.1,,,US,Northern America,"Andropogon gerardii, Bouteloua curtipendula, Bouteloua gracilis, Bouteloua hirsuta, Bromus, Carex geyeri, Digitaria cognata, Panicum wilcoxianum, Schizachyrium scoparium, Sporobolus neglectus","Cyperaceae, Poaceae",complete
Hypaurotis crysalus,Colorado Hairstreak,ingested,lepidoptera,"[-113.59, 17.34, -96.85, 41.31]",2015-05-29 to 2025-09-14,337.0,331.0,2026-03-27,SPECIES,1933998,98.2,,,"MX,US",Central America,Quercus gambelii,Fagaceae,complete
Junonia coenia,Common Buckeye,ingested,lepidoptera,"[-124.16, 0.97, -62.97, 50.71]",2015-01-01 to 2025-12-31,78739.0,74848.0,2026-03-27,SPECIES,5130514,95.1,,,"BM,BQ,BS,CA,CO,CU,MX,PA,US",Northern America,"Agalinis, Agalinis fasciculata, Agalinis homalantha, Agalinis maritima, Agalinis pinetorum, Agalinis purpurea, Agalinis strictifolia, Agalinis tenuifolia, Antirrhinum, Antirrhinum majus, Aucuba, Aureolaria grandiflora, Buchnera americana, Castilleja exserta, Castilleja lacera, Castilleja purpurea, Cymbalaria muralis, Diascia vigilis, Digitalis, Dyschoriste linearis, Kickxia spuria, Linaria, Linaria maroccana, Linaria vulgaris, Lippia, Maurandella antirrhiniflora, Mimulus, Mimulus guttatus?, Mimulus moschatus, Nuttallanthus canadensis, Penstemon azureus, Phyla lanceolata, Phyla nodiflora, Plantago, Plantago coronopus, Plantago erecta, Plantago helleri, Plantago lanceolata, Plantago major, Plantago rugelii, Plantago virginica, Ruellia nudiflora, Russelia equisetiformis, Seymeria cassioides, Seymeria pectinata, Striga asiatica, Verbena lasiostachys, Veronica americana, Veronica anagallis-aquatica","Acanthaceae, Aucubaceae, Plantaginaceae, Verbenaceae",complete
Panacea regina,,ingested,lepidoptera,"[-78.66, -12.78, -67.81, 5.42]",2015-10-19 to 2025-11-28,25.0,25.0,2026-03-27,SPECIES,5130572,100.0,,,"BR,CO,EC,PE",South America,,,missing
Papilio polyxenes,American Black Swallowtail,ingested,lepidoptera,"[-122.10, -6.94, 87.31, 53.44]",2015-01-01 to 2025-12-28,89882.0,85867.0,2026-03-27,SPECIES,1937816,95.5,,,"CA,CO,CR,CZ,EC,GT,HN,KN,MX,NI,NP,PA,PE,SV,US,VE",Central America,"Aegopodium, Anethum, Anethum graveolens, Angelica, Angelica ampla, Angelica atropurpurea, Angelica venenosa, Apium, Apium graveolens, Berula erecta, Brassica oleracea, Carum carvi, Cicuta, Cicuta bulbifera, Cicuta douglasii, Cicuta maculata, Conium, Conium maculatum, Cryptotaenia canadensis, Cymopterus panamintensis, Daucus, Daucus carota, Daucus dioica, Daucus pusillus, Dictamnus, Dictamnus albus, Eryngium cuneifolium, Foeniculum, Foeniculum vulgare, Harbouria trachypleura, Heracleum, Heracleum maximum, Levisticum officinale, Ligusticum, Ligusticum scoticum, Lomatium, Magnolia acuminata, Magnolia virginiana, Musineon tenuifolium, Osmorhiza claytonii, Osmorhiza longistylis, Oxypolis canbyi, Oxypolis filiformis, Pastinaca, Pastinaca sativa, Petroselinum, Petroselinum crispum, Ptilimnium capillaceum, Ruta graveolens, Sanicula odorata, Sium suave, Spananthe paniculata, Spermolepis divaricata, Taenidia, Taenidia integerrima, Tauschia arguta, Tauschia parishii, Thamnosma, Thamnosma montana, Thamnosma texana, Thaspium barbinode, Torilis, Zanthoxylum americanum, Zizia","Apiaceae, Brassicaceae, Magnoliaceae, Rutaceae",complete
Phoebis sennae,Cloudless Giant Sulphur,ingested,lepidoptera,"[-121.84, -37.31, -34.83, 46.68]",2015-01-01 to 2025-12-31,36859.0,33205.0,2026-03-27,SPECIES,1919653,90.1,,,"AG,AI,AR,AW,BB,BL,BM,BO,BQ,BR,BZ,CA,CL,CO,CR,CU,CW,DM,DO,EC,GF,GP,GT,HN,HT,JM,KN,KY,LC,MF,MQ,MX,NI,PA,PE,PR,PY,SR,SV,SX,TT,US,UY,VC,VE,VG,VI",Caribbean,"Casearia sylvestris, Cassia, Cassia alata, Cassia biflora, Cassia ferruginea, Cassia fistula, Cassia occidentalis, Chamaecrista chamaecristoides, Chamaecrista fasciculata, Chamaecrista nictitans, Crotalaria agatiflora, Phaseolus, Senna alata, Senna armata, Senna bicapsularis, Senna corymbosa, Senna covesii, Senna hirsuta, Senna marilandica, Senna obtusifolia, Senna occidentalis, Senna uniflora","Fabaceae, Flacourtiaceae",complete
Speyeria cybele,Great Spangled Fritillary,ingested,lepidoptera,"[-124.11, 29.68, -59.82, 56.71]",2015-01-01 to 2025-11-17,40949.0,37499.0,2026-03-27,SPECIES,1905172,91.6,,,"CA,US",Northern America,"Viola, Viola adunca, Viola canadensis, Viola palustris, Viola rotundifolia, Viola sororia",Violaceae,complete
Speyeria idalia,Regal Fritillary,ingested,lepidoptera,"[-110.73, 35.22, -75.61, 48.17]",2015-01-01 to 2025-09-18,899.0,881.0,2026-03-27,SPECIES,1905162,98.0,,,US,Northern America,"Viola, Viola lanceolata, Viola pedata, Viola pedatifida, Viola sororia",Violaceae,complete
Vanessa atalanta,Red Admiral,ingested,lepidoptera,"[-156.35, -0.20, 111.65, 75.15]",2015-01-01 to 2025-12-31,1680149.0,1494974.0,2026-04-01,SPECIES,1898286,89.0,,,"AD,AL,AM,AT,AX,AZ,BA,BE,BG,BM,BS,BY,CA,CH,CN,CV,CY,CZ,DE,DK,DO,DZ,EE,EG,ES,FI,FO,FR,GA,GB,GE,GG,GI,GR,GT,HR,HT,HU,IE,IL,IM,IQ,IR,IS,IT,JE,JO,KG,KZ,LB,LI,LT,LU,LV,MA,MC,MD,ME,MK,MN,MT,MX,NL,NO,PK,PL,PM,PS,PT,RO,RS,RU,SA,SE,SI,SJ,SK,SM,SY,TN,TR,UA,US,UZ,VA,XK",Southern Europe,"Boehmeria, Boehmeria cylindrica, Boehmeria nivea, Carduus, Cirsium, Helichrysum, Humulus, Humulus lupulus, Laportea canadensis, Parietaria, Parietaria floridana, Parietaria judaica, Parietaria officinalis, Parietaria pensylvanica, Pipturus albidus, Salix, Soleirolia soleirolii, Urtica, Urtica dioica, Urtica urens","Asteraceae, Cannabaceae, Salicaceae, Urticaceae",complete
Vanessa cardui,Painted Lady,ingested,lepidoptera,"[-135.32, -34.41, 138.43, 68.22]",2015-01-01 to 2015-08-31,0.0,38157.0,2026-03-30,SPECIES,4299368,100.0,,,"AD,AL,AM,AT,AX,BD,BE,BG,BT,BY,CA,CH,CN,CU,CY,CZ,DE,DK,DZ,EE,EG,ES,ET,FI,FR,GB,GE,GG,GR,HR,HU,IE,IL,IM,IN,IR,IT,JE,JP,KR,LB,LT,LU,MA,ME,MG,MK,MW,MX,MZ,NL,NO,NP,PL,PS,PT,RO,RS,RU,SE,SH,SI,SK,SY,SZ,TJ,TR,TZ,UA,US,XK,ZA,ZM",Northern Europe,"Achillea millefolium, Alcea rosea, Althaea, Althaea officinalis, Amsinckia, Amsinckia douglasiana, Anaphalis, Anaphalis margaritacea, Anchusa, Anchusa officinalis, Arctium, Arctium lappa, Arctium minus, Arctium tomentosum, Arctotis, Arctotis grandis, Arctotis stoechadifolia, Argemone mexicana, Argyrolobium, Artemisia, Artemisia frigida, Artemisia ludoviciana, Artemisia princeps, Artemisia stelleriana, Artemisia subdecurrens, Artemisia vulgaris, Berkheya, Berkheya discolor, Beta vulgaris, Blumea, Blumea alata, Boehmeria, Boehmeria nivea, Borago, Borago officinalis, Brassica rapa, Calendula officinalis, Carduus, Carduus acanthoides, Carduus crispus, Carduus nutans, Carduus pycnocephalus, Carlina vulgaris, Centaurea, Centaurea nigra, Centaurea solstitialis, Chenopodium album, Chrysanthemum, Cirsium, Cirsium acaule, Cirsium altissimum, Cirsium arvense, Cirsium callilepis, Cirsium discolor, Cirsium douglasii, Cirsium helenioides, Cirsium hydrophilum, Cirsium japonicum, Cirsium muticum, Cirsium neomexicanum, Cirsium occidentale, Cirsium scopulorum, Cirsium texanum, Cirsium undulatum, Cirsium vulgare, Citrus sinensis, Cnicus benedictus, Cryptantha, Cryptantha angustifolia, Cucumis melo, Cynara cardunculus, Cynara scolymus, Cynoglossum, Cynoglossum coeruleum ?, Cynoglossum lanceolatum ?, Debregeasia bicolor, Dendranthema indicum, Dimorphotheca, Dimorphotheca pluvialis, Dolichos, Echinops humilis, Echium, Echium vulgare, Eriodictyon californicum, Eryngium, Euchiton japonicus, Filago, Filago arvensis, Filago pyramidata, Fragaria, Gamochaeta pensylvanica, Gamochaeta purpurea, Gazania, Gerardiina, Girardinia, Girardinia diversifolia, Glycine, Glycine max, Gnaphalium, Gnaphalium affiro, Gnaphalium declinatum, Gnaphalium purpureum, Gossypium, Helianthella, Helianthus annuus, Helianthus argophyllus, Helichrysum, Ipomoea batatas, Lablab purpureus, Lactuca sativa, Lantana, Laportea, Laportea allidens, Lappula, Lupinus, Lupinus albifrons, Lupinus arboreus, Lupinus argenteus, Lupinus articus, Lupinus bicolor, Lupinus formosus, Lupinus perennis, Lupinus succulentus, Madia, Madia sativa, Malva, Malva moschata, Malva neglecta, Malva nicaeensis, Malva parviflora, Malva rotundifolia, Malva sylvestris, Malva verticillata, Malvella leprosa, Medicago sativa, Mentha, Mentha spicata, Myosotis, Nicotiana, Nicotiana glauca, Nonea, Obetia radula, Onopordum acanthium, Oryza sativa, Parietaria, Parthenium argentatum, Pentzia, Petunia, Phacelia campanularia, Phaseolus, Phaseolus vulgaris, Pisum sativum, Plantago lanceolata, Plantago major, Prunus, Raphanus sativus, Rhamnus, Ricinus, Ricinus communis, Rumex, Salvia, Senecio, Senecio cineraria, Senecio maritima, Serratula, Silybum marianum, Smilax china, Solanum tuberosum, Soleirolia, Sonchus, Sphaeralcea ambigua, Stachys floridana, Stoebe, Symphytum X uplandicum, Symphytum officinale, Tanacetum, Trifolium, Ulmus americana, Ulmus davidiana, Urtica, Urtica dioica, Urtica massaica, Urtica thunbergiana, Urtica urens, Wyethia glabra, Xanthium, Xanthium spinosum, Xanthium strumarium, Zea mays, Zornia diphylla","Amaranthaceae, Apiaceae, Asteraceae, Boraginaceae, Brassicaceae, Convolvulaceae, Cucurbitaceae, Euphorbiaceae, Fabaceae, Hydrophyllaceae, Lamiaceae, Malvaceae, Papaveraceae, Plantaginaceae, Poaceae, Polygonaceae, Rhamnaceae, Rosaceae, Rutaceae, Smilacaceae, Solanaceae, Ulmaceae, Urticaceae, Verbenaceae",complete
Phyciodes tharos,Pearl Crescent,ingested,lepidoptera,"[-160.99, 16.08, -52.69, 69.22]",2015-01-01 to 2025-12-25,99697.0,64322.0,2026-02-13,SPECIES,1918988,64.5,,,"CA,MX,US",Northern America,"Aster, Aster acuminatus, Aster ciliolatus, Aster drummondii, Aster dumosus, Aster ericoides, Aster laevis, Aster lanceolatus, Aster lateriflorus, Aster novae-angliae, Aster pilosus, Aster praealtus, Aster puniceus, Aster umbellatus, Cirsium, Plantago, Sericocarpus linifolius, Verbesina, Verbesina helianthoides","Asteraceae, Plantaginaceae",complete
Speyeria aphrodite,Aphrodite Friitllary,ingested,lepidoptera,"[-125.07, 33.94, -60.98, 60.03]",2015-01-01 to 2025-10-03,5215.0,4577.0,2026-01-31,SPECIES,1905301,87.8,,,"CA,US",Northern America,"Viola, Viola lanceolata, Viola nuttallii, Viola sagittata, Viola sororia, Viola tricolor, Viola x primulifolia",Violaceae,complete
Speyeria callippe,Callippe Fritillary,ingested,lepidoptera,"[-125.37, 32.61, -103.39, 52.58]",2015-03-14 to 2025-08-22,,2185.0,2026-02-13,SPECIES,1905267,100.0,,,"CA,US",Northern America,"Artemisia, Viola, Viola beckwithii, Viola douglasii, Viola nuttallii, Viola pedunculata, Viola purpurea","Asteraceae, Violaceae",complete
Calycopis cecrops,Red-banded Hairstreak,ingested,lepidoptera,"[-99.12, 0.97, -69.95, 42.76]",2015-03-04 to 2025-04-27,0.0,980.0,2026-01-31,SPECIES,1922851,100.0,,,"CO,HN,US",Northern America,"Croton, Croton linearis, Gossypium, Gossypium herbaceum, Mangifera indica, Myrica cerifera, Quercus chapmanii, Quercus hemisphaerica, Quercus myrtifolia, Rhus, Rhus aromatica, Rhus copallinum, Rhus typhina, Schinus","Anacardiaceae, Euphorbiaceae, Fagaceae, Malvaceae, Myricaceae",complete
Pholisora catullus,Common Sootywing,ingested,lepidoptera,"[-123.38, 19.04, -71.34, 50.68]",2015-01-01 to 2021-07-31,0.0,625.0,2026-01-31,SPECIES,1951217,100.0,,,"CA,MX,US",Northern America,"Amaranthus, Amaranthus albus, Amaranthus caudatus, Amaranthus hybridus, Amaranthus retroflexus, Amaranthus spinosus, Ambrosia, Atriplex rosea, Celosia cristata, Chenopodium, Chenopodium album, Chenopodium ambrosioides, Chenopodium berlandieri, Chenopodium foliosum, Saccharum officinarum","Amaranthaceae, Asteraceae, Poaceae",complete
Satyrium calanus,Banded Hairstreak,ingested,lepidoptera,"[-121.90, 28.49, -70.36, 45.82]",2025-04-12 to 2025-06-30,0.0,300.0,2026-01-31,SPECIES,5139029,100.0,,,US,Northern America,"Acer negundo, Carya, Carya glabra, Carya ovata, Castanea dentata, Fraxinus, Juglans, Juglans cinerea, Juglans microcarpa, Juglans nigra, Malus pumila, Prunus virginiana, Quercus, Quercus alba, Quercus coccinea/rubra, Quercus falcata, Quercus gambelii, Quercus incana, Quercus laevis, Quercus macrocarpa, Quercus prinus, Quercus rubra","Aceraceae, Fagaceae, Juglandaceae, Oleaceae, Rosaceae",complete
Callophrys gryneus,Juniper Hairstreak,ingested,lepidoptera,"[-125.05, 28.48, -70.12, 50.49]",2015-01-24 to 2020-05-31,0.0,459.0,2026-01-31,SPECIES,4300347,100.0,,,"CA,US",Northern America,"Betula, Calluna vulgaris, Ceanothus fendleri, Clerodendrum paniculatum, Colutea arborescens, Cornus, Cornutia grandifolia, Cytisus, Enkianthus japonicus, Eriogonum, Eriogonum compositum, Eriogonum corymbosum, Eriogonum elatum, Eriogonum fasciculatum, Eriogonum flavum, Eriogonum heermannii, Eriogonum heracleoides, Eriogonum incanum, Eriogonum jamesi, Eriogonum kennedyi, Eriogonum latifolium, Eriogonum marifolium, Eriogonum nudum, Eriogonum umbellatum, Eriogonum wrightii, Genista tinctoria, Helianthemum, Lantana camara, Lithraea brasiliensis, Lotus, Lotus argophyllus, Lotus corniculatus, Lotus crassifolius, Lotus oblongifolius, Lotus scoparius, Lotus strigosus, Mangifera indica, Mikania, Pieris japonica, Prunus padus, Rhamnus, Rhododendron, Rubus, Rubus idaeus, Schinus molle, Schinus polygamus, Trifolium medium, Ulex, Vaccinium myrtillus, Vaccinium uliginosum, Vicia cracca","Anacardiaceae, Asteraceae, Betulaceae, Cistaceae, Cornaceae, Ericaceae, Fabaceae, Polygonaceae, Rhamnaceae, Rosaceae, Verbenaceae",complete
Lycaena heteronea,Blue Copper,ingested,lepidoptera,"[-122.73, 38.92, -105.22, 49.46]",2024-07-12 to 2025-08-12,0.0,29.0,2026-01-31,SPECIES,5139346,100.0,,,"CA,US",Northern America,"Abutilon, Centaurea, Goniolimon speciosum, Oxyria digyna, Polygonum, Polygonum viviparum, Rheum rhabarbarum, Rumex, Rumex acetosa, Rumex acetosella, Rumex aquaticus, Rumex bequaertii, Rumex crispus, Rumex hydrolapathum, Rumex japonicus, Rumex longifolius, Rumex nepalensis, Rumex paucifolius","Asteraceae, Malvaceae, Plumbaginaceae, Polygonaceae",complete
Erynnis baptisiae,Wild Indigo Duskywing,ingested,lepidoptera,"[-97.48, 29.30, -69.24, 45.46]",2017-03-25 to 2022-07-30,0.0,892.0,2026-01-31,SPECIES,5977220,100.0,,,"CA,US",Northern America,"Astragalus canadensis, Baptisia, Baptisia alba, Baptisia australis, Baptisia bracteata, Baptisia tinctoria, Coronilla varia, Crotalaria sagittalis, Lupinus perennis, Thermopsis villosa",Fabaceae,complete
Polyura jalysus,Indian Yellow Nawab,ingested,lepidoptera,"[98.12, 1.41, 112.00, 20.63]",2015-06-10 to 2025-12-02,,142.0,2026-02-12,SPECIES,5127998,100.0,,,"ID,KH,LA,MY,TH,VN",South-Eastern Asia,"Acacia, Acacia baileyana, Acacia caesia, Acacia catechu, Acacia dealbata, Acacia decurrens, Acacia farnesiana, Acacia fulva, Acacia longifolia, Acacia maidenii, Acacia mearnsii, Acacia neriifolia, Acacia pennata, Acacia podalyriafolia, Acacia saligna, Acacia sinuata, Acacia spectabilis, Adenanthera, Adenanthera bicolor, Adenanthera pavonina, Albizia, Albizia chinensis, Albizia corniculata, Albizia falcataria, Albizia julibrissin, Albizia lebbeck, Albizia lebbek, Albizia moluccana, Annona, Brachychiton acerifolius, Brachychiton discolor, Brachychiton populneum, Bridelia ovata, Bruguiera cylindrica, Caesalpinia, Caesalpinia bonduc, Caesalpinia ferrea, Caesalpinia gilliesii, Caesalpinia major, Caesalpinia mimosoides, Caesalpinia regia, Caesalpinia sappan, Cassia fistula, Cassia javanica, Cassia surattensis, Castanopsis, Celtis, Celtis boninensis, Celtis formosana, Celtis paniculata, Celtis philippensis, Celtis sinensis, Cinnamomum, Cinnamomum camphora, Cynometra, Cynometra cauliflora, Delonix regia, Grewia, Guilfoylia monostylis, Lagerstroemia indica, Leucaena leucocephala, Mesua ferrea, Millettia reticulata, Moullava spicata, Nephelium, Nephelium lappaceum, Pararchidendron pruinosum, Paraserianthes falcataria, Paraserianthes lophantha, Parkia speciosa, Peltophorum pterocarpum, Pithecellobium, Pithecellobium clypearia, Pithecellobium dulce, Pithecellobium jiringa, Pithecellobium lucidum, Prunus phaeosticta, Rhamnella franguloides, Rhamnella inaequilatera, Rhizophora apiculata, Rhizophora mucronata, Robinia pseudoacacia, Rosa, Rourea santaloides, Senna alata, Tectona grandis, Theobroma cacao, Trema orientalis, Ventilago leiocarpa","Annonaceae, Connaraceae, Euphorbiaceae, Fabaceae, Fagaceae, Hypericaceae, Lauraceae, Lythraceae, Rhamnaceae, Rhizophoraceae, Rosaceae, Sapindaceae, Sterculiaceae, Surianaceae, Tiliaceae, Ulmaceae, Verbenaceae",complete
Parthenos aspila,,ingested,lepidoptera,"[133.91, -5.22, 145.79, -1.11]",2015-04-03 to 2024-12-30,,40.0,2026-02-12,SPECIES,5129273,100.0,,,"ID,PG",South-Eastern Asia,"Adenia, Adenia palmata, Adenia penangiana, Tinospora, Tinospora cordifolia","Menispermaceae, Passifloraceae",complete
Parthenos sylvia,Clipper,ingested,lepidoptera,"[-72.66, -15.71, 168.17, 52.20]",2015-01-21 to 2025-12-28,,1914.0,2026-02-12,SPECIES,7346331,100.0,,,"BD,BN,CN,GB,ID,IN,KH,LA,LK,MM,MY,PG,PH,SB,SG,TH,US,VN,VU",South-Eastern Asia,"Adenia, Adenia palmata, Adenia penangiana, Tinospora, Tinospora cordifolia","Menispermaceae, Passifloraceae",complete
Lycaena alciphron,Purple-shot Copper,ingested,lepidoptera,"[-9.06, 31.15, 92.95, 59.43]",2015-01-01 to 2025-08-24,,12105.0,2026-02-12,SPECIES,8356768,100.0,,,"AD,AL,AM,AT,AZ,BA,BG,BY,CH,CZ,DE,EE,ES,FR,GE,GR,HR,HU,IR,IT,KG,KZ,LT,LV,MA,ME,MK,PL,PT,RO,RS,RU,SI,SK,TR,UA,XK",Southern Europe,"Abutilon, Centaurea, Goniolimon speciosum, Oxyria digyna, Polygonum, Polygonum viviparum, Rheum rhabarbarum, Rumex, Rumex acetosa, Rumex acetosella, Rumex aquaticus, Rumex bequaertii, Rumex crispus, Rumex hydrolapathum, Rumex japonicus, Rumex longifolius, Rumex nepalensis, Rumex paucifolius","Asteraceae, Malvaceae, Plumbaginaceae, Polygonaceae",complete
Eucyclodes gavissima,Oriental Orange-banded Green Geometer Moth,ingested,lepidoptera,"[73.41, 3.25, 129.37, 37.98]",2015-07-26 to 2025-10-13,,79.0,2026-02-12,SPECIES,6133651,100.0,,,"CN,ID,IN,KR,MM,MY,TH,VN",South-Eastern Asia,"Memecylon, Memecylon edule",Melastomataceae,complete
Hypolimnas bolina,Great Eggfly or Common Eggfly,ingested,lepidoptera,"[-180.00, -43.01, 180.00, 51.09]",2015-01-03 to 2025-12-31,,23878.0,2026-02-12,SPECIES,1910629,100.0,,,"AS,AU,BD,BE,BN,BT,CC,CK,CN,CX,DE,FJ,FM,GU,HK,ID,IN,IO,IT,JP,KH,KR,LA,LK,MG,MH,MM,MO,MP,MV,MY,NC,NF,NP,NU,NZ,OM,PF,PG,PH,PK,PW,SB,SG,TH,TL,TO,TW,UG,VN,VU,WS",South-Eastern Asia,"Abutilon, Achyranthes aspera, Alternanthera, Alternanthera denticulata, Alternanthera philoxeroides, Alternanthera sessilis, Asystasia, Asystasia gangetica, Asystasia scandens, Blechum, Blechum pyramidatum, Commelina communis, Desmodium caudatum, Eclipta, Eclipta prostrata, Elatostema, Elatostema cuneatum, Eranthemum pacificum, Ficus, Ficus microcarpa, Ficus pumila, Ipomoea, Ipomoea aquatica, Ipomoea batatas, Ipomoea gracilis, Ipomoea hederacea, Ipomoea indica, Ipomoea pes-caprae, Ipomoea triloba, Justicia, Laportea, Laportea interrupta, Malvastrum coromandelianum, Merremia, Merremia hederacea, Perilla frutescens, Persicaria prostrata, Phaseolus, Pipturus, Pipturus argenteus, Polygonum, Portulaca, Portulaca oleracea, Pseuderanthemum, Pseuderanthemum bicolor, Pseuderanthemum mulleri-fernandi, Pseuderanthemum variabile, Richardia, Richardia brasiliensis, Ruellia, Ruellia aruensis, Ruellia guppyi, Sida, Sida acuta, Sida alnifolia, Sida fallax, Sida javensis, Sida rhombifolia, Synedrella, Synedrella nodiflora, Triumfetta rhomboidea, Urtica, Urtica dioica, Urtica urens, Vigna umbellata","Acanthaceae, Amaranthaceae, Asteraceae, Commelinaceae, Convolvulaceae, Fabaceae, Lamiaceae, Malvaceae, Moraceae, Polygonaceae, Portulacaceae, Rubiaceae, Tiliaceae, Urticaceae",complete
Apatura ilia,Lesser Purple Emperor,ingested,lepidoptera,"[-78.66, -12.78, -67.81, 5.42]",2015-10-19 to 2025-11-28,,33142.0,2026-02-12,SPECIES,8138711,100.0,,,,,"Alnus, Populus, Populus alba, Populus italica, Populus nigra, Populus tremula, Salix, Salix X blanda, Salix alba, Salix babylonica, Salix caprea, Salix koriyanagi, Salix rosmarinifolia, Salix viminalis","Betulaceae, Salicaceae",complete
Eogenes alcides,Alcides skipper,ingested,lepidoptera,"[-9.10, 23.75, 145.51, 64.21]",2015-01-01 to 2025-12-27,,34.0,2026-02-12,SPECIES,1950164,100.0,,,"AD,AL,AM,AT,AX,BA,BE,BG,BY,CH,CN,CZ,DE,DK,EE,ES,FI,FR,GE,GR,HR,HU,IT,JP,KR,LT,LU,LV,ME,MK,NL,PL,PT,RO,RS,RU,SE,SI,SK,TR,UA,XK",Southern Europe,Phoenix dactylifera,Arecaceae,complete
Heliconius erato,Common Patch Longwing,ingested,lepidoptera,"[40.87, 35.86, 53.86, 41.28]",2015-06-14 to 2025-08-04,,6706.0,2026-02-12,SPECIES,1900872,100.0,,,"AM,GE,IQ,IR,TR",Western Asia,"Dilkea, Passiflora, Passiflora X violaceae, Passiflora alata, Passiflora auriculata, Passiflora biflora, Passiflora caerulea, Passiflora candollei, Passiflora capsularis, Passiflora chelidonea, Passiflora coriacea, Passiflora cuspidifolia, Passiflora edulis, Passiflora glaucescens, Passiflora hahnii, Passiflora ichthyura, Passiflora jileki, Passiflora laurifolia, Passiflora miersii, Passiflora morifolia, Passiflora mucronata, Passiflora organensis, Passiflora ovalis, Passiflora pohlii, Passiflora punctata, Passiflora resticulata, Passiflora rhamnifolia, Passiflora rubra, Passiflora suberosa, Passiflora talamancensis, Passiflora truncata, Passiflora tryphostemmatoides, Passiflora tuberosa, Passiflora vespertilio",Passifloraceae,complete
Bebearia sophus,Sophus Forester,ingested,lepidoptera,"[-115.65, -32.37, 8.81, 56.56]",2015-01-03 to 2025-12-31,,32.0,2026-02-12,SPECIES,1904255,100.0,,,,,"Chrysophyllum, Landolphia","Apocynaceae, Sapotaceae",complete
Dione moneta,Mexican Silverspot,ingested,lepidoptera,"[-160.17, -34.84, -34.80, 26.22]",2015-01-03 to 2025-12-31,,5841.0,2026-02-12,SPECIES,8367663,100.0,,,"AR,BO,BR,BZ,CK,CO,CR,CW,EC,GF,GT,GY,HN,MX,NI,PA,PE,PY,SR,SV,TT,US,UY,VE",South America,"Passiflora, Passiflora X violaceae, Passiflora adenopoda, Passiflora capsularis, Passiflora edulis, Passiflora lobata, Passiflora morifolia",Passifloraceae,complete
Chlosyne hoffmanni,Hoffmann's Checkerspot,ingested,lepidoptera,"[-4.05, -2.76, 34.89, 8.94]",2015-09-02 to 2025-09-12,,861.0,2026-02-12,SPECIES,1914484,100.0,,,"CD,CI,GA,GH,KE,NG,TG,UG",Sub-Saharan Africa,"Amaranthus, Amaranthus hybridus, Ambrosia artemisiifolia, Ambrosia trifida, Anisacanthus quadrifidus, Aphelandra scabra, Baltimora, Calyptocarpus vialis, Clibadium, Dicliptera brachiata, Dicliptera sexangularis, Eupatorium, Gaillardia pulchella, Grindelia microcephala, Helianthus, Helianthus annuus, Helianthus argophyllus, Helianthus ciliaris, Helianthus debilis, Helianthus maximiliani, Helianthus petiolaris, Helianthus tuberosus, Heterotheca subaxillaris, Justicia, Melanthera, Odontonema callistachyum, Palafoxia hookeriana, Palafoxia sphacelata, Parthenium hysterophorus, Pilea, Silphium, Silphium albiflorum, Silphium radula, Simsia calva, Siphonoglossa pilosella, Stenandrium barbatum, Verbesina encelioides, Verbesina virginica, Viguiera, Viguiera deltoidea, Viguiera dentata, Viguiera parishii, Wedelia acapulcensis, Wedelia glauca, Xanthium strumarium","Acanthaceae, Amaranthaceae, Asteraceae, Urticaceae",complete
Euphaedra janetta,Janetta Themis Forester,ingested,lepidoptera,"[-115.65, -34.83, -44.19, 38.86]",2015-01-01 to 2025-12-31,,46.0,2026-02-12,SPECIES,1896456,100.0,,,"AR,BO,BR,CO,CR,EC,GT,HN,MX,NI,PA,PE,SV,US,VE",Central America,"Allophylus, Allophylus macrobotrys, Allophylus subcoriaceus, Blighia, Blighia sapida, Blighia unijugata, Blighia zambesiaca, Citrus, Cola, Deinbollia, Deinbollia borbonica, Deinbollia fulvotomentella, Deinbollia kilimandscharica, Deinbollia pinnata, Dennettia, Dennettia tripetala, Lecaniodiscus, Lecaniodiscus cupanioides, Pancovia, Pancovia pedicellaris, Paullinia, Paullinia pinnata, Phoenix reclinata, Rhus, Sorindeia, Sorindeia warneckei","Anacardiaceae, Annonaceae, Arecaceae, Rutaceae, Sapindaceae, Sterculiaceae",complete
Marpesia zerynthia,Waiter Daggerwing,ingested,lepidoptera,"[-123.48, 37.07, -118.99, 49.60]",2015-06-20 to 2025-08-12,,719.0,2026-02-12,SPECIES,9219529,100.0,,,"CA,US",Northern America,"Anacardium, Anacardium occidentale, Artocarpus, Artocarpus heterophyllus, Artocarpus integrifolia, Brosimum, Brosimum alicastrum, Brosimum lactescens, Ficus, Ficus aurea, Ficus benjamina, Ficus carica, Ficus citrifolia, Ficus goldmanii, Ficus microcarpa, Ficus pertusa, Hedera helix, Maclura, Maclura excelsa, Maclura pomifera, Maclura tinctoria, Morus, Morus alba, Morus nigra, Zanthoxylum, Zanthoxylum fagara, Zanthoxylum rhoifolium","Anacardiaceae, Araliaceae, Moraceae, Rutaceae",complete
Marpesia marcella,Pansy Daggerwing,ingested,lepidoptera,"[-11.20, 4.10, 9.06, 8.18]",2016-02-04 to 2025-09-13,,376.0,2026-02-12,SPECIES,5133634,100.0,,,"CI,CM,GH,GN,LR,SL",Sub-Saharan Africa,"Anacardium, Anacardium occidentale, Artocarpus, Artocarpus heterophyllus, Artocarpus integrifolia, Brosimum, Brosimum alicastrum, Brosimum lactescens, Ficus, Ficus aurea, Ficus benjamina, Ficus carica, Ficus citrifolia, Ficus goldmanii, Ficus microcarpa, Ficus pertusa, Hedera helix, Maclura, Maclura excelsa, Maclura pomifera, Maclura tinctoria, Morus, Morus alba, Morus nigra, Zanthoxylum, Zanthoxylum fagara, Zanthoxylum rhoifolium","Anacardiaceae, Araliaceae, Moraceae, Rutaceae",complete
Euphaedra neophron,Gold-banded Forester,ingested,lepidoptera,"[-99.00, -30.07, -41.05, 21.40]",2015-01-17 to 2025-12-26,,906.0,2026-02-12,SPECIES,1896600,100.0,,,"BO,BR,CO,CR,EC,GT,HN,MX,NI,PA,PE,SV,VE",Central America,"Allophylus, Blighia, Deinbollia, Deinbollia borbonica, Deinbollia kilimandscharica, Paullinia",Sapindaceae,complete
Euthalia formosana,Formosan Duke,ingested,lepidoptera,"[-91.80, -17.17, -65.76, 15.54]",2015-03-18 to 2025-11-22,,147.0,2026-02-12,SPECIES,5130908,100.0,,,"BO,CO,CR,EC,GT,HN,NI,PA,PE,VE",Central America,"Lithocarpus hancei, Mallotus philippensis, Quercus, Quercus acuta, Quercus glauca","Euphorbiaceae, Fagaceae",complete
Papilio maackii,Alpine Black Swallowtail,ingested,lepidoptera,"[-13.18, -28.39, 40.51, 12.96]",2015-01-19 to 2025-12-30,,1061.0,2026-02-12,SPECIES,1938168,100.0,,,"KE,MW,MZ,RW,SN,TZ,ZA,ZM,ZW",Sub-Saharan Africa,"Euodia meliaefolia, Orixa japonica, Phellodendron amurense, Zanthoxylum ailanthoides",Rutaceae,complete
Lexias pardalis,Common Archduke,ingested,lepidoptera,"[99.01, 25.74, 147.77, 53.27]",2015-01-01 to 2025-10-29,,3500.0,2026-02-12,SPECIES,10043827,100.0,,,"CN,JP,KR,RU",Eastern Asia,"Achyronychia, Agathis robusta, Calophyllum, Cratoxylum maingayi, Garcinia lateriflora","Araucariaceae, Hypericaceae, Illecebraceae",complete
Alcides metaurus,Zodiac Moth,ingested,lepidoptera,"[131.70, -23.90, 151.26, -0.78]",2015-09-25 to 2025-12-28,,668.0,2026-02-12,SPECIES,5143279,100.0,,,"AU,ID",Australia and New Zealand,"Endospermum, Omphalea",Euphorbiaceae,complete
Papilio palinurus,Banded Peacock,ingested,lepidoptera,"[12.57, -6.56, 124.88, 55.69]",2015-11-27 to 2025-11-04,118.0,117.0,2026-02-13,SPECIES,1937966,99.2,,,"DK,ID,LK,MY,PH,TH",South-Eastern Asia,"Clausena excavata, Euodia, Micromelum minutum",Rutaceae,complete
Phocides pigmalion,Mangrove Skipper,ingested,lepidoptera,"[131.70, -23.90, 151.26, -0.78]",2015-09-25 to 2025-12-28,,359.0,2026-02-12,SPECIES,1947587,100.0,,,"AU,ID",Australia and New Zealand,Rhizophora mangle,Rhizophoraceae,complete
Erebia cassioides,Common Brassy Ringlet,ingested,lepidoptera,"[-5.96, 39.90, 23.52, 47.37]",2015-06-30 to 2025-09-11,,2734.0,2026-02-12,SPECIES,8137978,100.0,,,"AD,AT,BG,CH,ES,FR,IT",Western Europe,"Agrostis canina, Aira, Aira praecox, Carex, Carex atratiformis, Carex atrofusca, Carex conica, Carex multifolia, Carex pisiformis, Carex rariflora, Carex reinii, Carex shimidzensis, Dactylis glomerata, Deschampsia cespitosa, Deschampsia setacea, Digitaria, Digitaria sanguinalis, Festuca, Festuca iberica, Festuca liniensis, Festuca ovina, Festuca ovina ?, Festuca rubra, Festuca sp. (rubra group), Holcus mollis, Juncus, Lolium, Lolium arundinaceum, Luzula, Luzula spicata, Milium, Milium effusum, Molinia caerulea, Nardus stricta, Poa, Poa alpina, Poa annua, Poa annua ?, Poa glauca, Poa kamtschatica ?, Poa pratensis, Poa secunda, Poa trivialis, Sesleria caerulea","Cyperaceae, Juncaceae, Poaceae",complete
Nymphalis antiopa,Camberwell Beauty,ingested,lepidoptera,"[-109.12, -29.64, -34.83, 28.68]",2015-01-08 to 2025-12-27,,36098.0,2026-02-12,SPECIES,5130682,100.0,,,"BO,BR,BZ,CO,CR,CU,EC,HN,MX,NI,PA,PE,SR,SV,TT,US",Central America,"Acer, Alnus, Alnus incana, Betula, Betula alleghaniensis, Betula dahurica, Betula ermanii, Betula nana, Betula papyrifera, Betula pendula, Betula platyphylla, Betula pubescens, Celtis, Celtis laevigata, Celtis occidentalis, Fraxinus americana, Humulus lupulus, Morus rubra, Onobrychis viciifolia, Ostrya virginiana, Populus, Populus X jackii, Populus alba, Populus balsamifera, Populus deltoides, Populus grandidentata, Populus maximowiczii, Populus nigra, Populus tremula, Populus tremuloides, Populus x canadensis, Pyrus communis, Rosa, Rubus, Rumex acetosella, Salix, Salix alba, Salix amygdaloides, Salix aurita, Salix babylonica, Salix bebbiana, Salix candida, Salix caprea, Salix cinerea, Salix discolor, Salix exigua, Salix integra, Salix jepsonii, Salix lucida, Salix lutea, Salix nigra, Salix pentandra, Salix phylicifolia, Salix sericea, Salix viminalis, Sorbus, Sparganium, Spiraea alba, Tilia americana, Ulmus, Ulmus americana, Ulmus parvifolia, Ulmus pumila, Ulmus rubra, Urtica","Aceraceae, Betulaceae, Cannabaceae, Corylaceae, Fabaceae, Moraceae, Oleaceae, Polygonaceae, Rosaceae, Salicaceae, Tiliaceae, Typhaceae, Ulmaceae, Urticaceae",complete
Catacroptera cloanthe,Pirate,ingested,lepidoptera,"[-5.96, 39.90, 23.52, 47.37]",2015-06-30 to 2025-09-11,,818.0,2026-02-12,SPECIES,1899198,100.0,,,"AD,AT,BG,CH,ES,FR,IT",Western Europe,"Asystasia, Asystasia gangetica, Barleria, Barleria opaca, Barleria stuhlmannii, Gomphocarpus, Justicia, Justicia pulegioides, Phaulopsis, Phaulopsis falcisepala, Ruellia, Ruellia cordata, Ruellia itogoensis","Acanthaceae, Asclepiadaceae",complete
Fabriciana adippe,High Brown Fritillary,ingested,lepidoptera,"[-155.78, 11.01, 139.65, 69.24]",2015-01-01 to 2025-04-17,,31107.0,2026-02-12,SPECIES,7809779,100.0,,,"AD,AL,AT,AX,BA,BE,BG,BT,BY,CA,CH,CN,CZ,DE,DK,EE,ES,FI,FR,GB,GE,GR,GT,HR,HU,IE,IT,JP,KZ,LI,LT,LU,LV,ME,MK,MN,MX,NL,NO,PL,PT,RO,RS,RU,SE,SI,SK,TR,UA,US,VE",Southern Europe,"Viola, Viola canina, Viola odorata, Viola sylvatica, Viola tricolor, Viola willkommii",Violaceae,complete
Papilio troilus,Spicebush Swallowtail,ingested,lepidoptera,"[-108.32, 25.29, -68.82, 45.42]",2015-01-01 to 2025-12-23,37266.0,37254.0,2026-02-13,SPECIES,1938104,100.0,,,"CA,US",Northern America,"Cercis canadensis, Cinnamomum camphora, Lindera, Lindera benzoin, Lindera melissifolia, Liriodendron tulipifera, Magnolia, Magnolia virginiana, Persea, Persea borbonia, Photinia arbutifolia, Prunus persica, Prunus serotina, Sassafras, Sassafras albidum, Syringa vulgaris, Zanthoxylum, Zanthoxylum americanum, Zanthoxylum clava-herculis","Fabaceae, Lauraceae, Magnoliaceae, Oleaceae, Rosaceae, Rutaceae",complete
Euphydryas phaeton,Baltimore Checkerspot,ingested,lepidoptera,"[-96.17, 34.78, -59.97, 49.96]",2015-01-01 to 2025-09-04,5637.0,5217.0,2026-02-21,SPECIES,1895138,92.5,,,"CA,US",Northern America,,,
Graellsia isabellae,Spanish Moon Moth,ingested,lepidoptera,"[-72.66, 37.78, 9.72, 50.51]",2015-05-03 to 2025-07-17,699.0,692.0,2026-02-21,SPECIES,5124512,99.0,,,"AD,CH,DE,ES,FR,US",Western Europe,,,
Odina hieroglyphica,Hieroglyphic Flat,ingested,lepidoptera,"[98.51, -4.96, 122.88, 10.03]",2015-06-04 to 2025-11-16,113.0,112.0,2026-02-21,SPECIES,5141643,99.1,,,"ID,MY,SG,TH",South-Eastern Asia,,,
Eurybia molochina,Molochina Underleaf,ingested,lepidoptera,"[-73.27, -28.49, -40.68, 1.24]",2015-03-04 to 2025-12-28,74.0,74.0,2026-03-16,SPECIES,5140654,100.0,,,"BR,CO,PE",South America,,,
Cymothoe hobarti,Hobart's Red Glidder,ingested,lepidoptera,"[16.63, -2.88, 34.94, 2.59]",2015-02-03 to 2024-10-29,18.0,18.0,2026-03-18,SPECIES,11447885,100.0,,,"CD,CG,KE,UG",Sub-Saharan Africa,,,
Taenaris urania,,ingested,lepidoptera,"[126.24, -3.17, 129.47, -2.75]",2016-11-20 to 2025-12-12,6.0,6.0,2026-03-16,SPECIES,1914890,100.0,,,ID,South-Eastern Asia,,,
Thisbe irenea,Irenea Metalmark,ingested,lepidoptera,"[-96.31, -22.86, -42.87, 19.18]",2016-04-28 to 2025-12-31,0.0,199.0,2026-03-18,SPECIES,5140969,100.0,,,"BR,BZ,CO,CR,EC,GF,HN,MX,PA,PE,SR,TT,VE",South America,,,
Adelpha eulalia,Arizona Sister,ingested,lepidoptera,"[-124.46, 14.02, -87.07, 45.87]",2016-01-01 to 2025-12-21,0.0,7868.0,2026-03-18,SPECIES,5714316,100.0,,,"HN,MX,US",Central America,,,
Prepona deiphile,Orange-spotted Prepona,ingested,lepidoptera,"[-147.66, -69.41, -67.61, 20.25]",2015-11-19 to 2025-10-13,11.0,11.0,2026-03-16,SPECIES,1912077,100.0,,,"AQ,BO,CR,GT,MX,PE",Central America,,,
Danaus affinis,Swamp Tiger,ingested,lepidoptera,"[99.82, -33.89, 167.39, 13.43]",2015-01-10 to 2025-12-31,0.0,2139.0,2026-03-18,SPECIES,6100725,100.0,,,"AU,ID,KH,MY,NC,PG,PW,SB,TH,TL,VN",South-Eastern Asia,,,
Trogonoptera brookiana,Raja Brooke's Birdwing,ingested,lepidoptera,"[97.66, -2.79, 118.72, 6.21]",2015-02-17 to 2025-12-20,575.0,575.0,2026-03-18,SPECIES,1937514,100.0,,,"BN,ID,MY",South-Eastern Asia,,,
Euphaedra themis,Themis Forester,ingested,lepidoptera,"[-1.34, 3.98, 9.26, 9.07]",2016-10-10 to 2024-09-19,23.0,22.0,2026-03-16,SPECIES,1896444,95.7,,,"CM,GH,NG,TG",Sub-Saharan Africa,,,
Junonia rhadama,Royal Blue Pansy,ingested,lepidoptera,"[2.19, -25.04, 63.45, 46.64]",2015-02-20 to 2025-12-28,548.0,543.0,2026-03-18,SPECIES,5130487,99.1,,,"FR,KM,MG,MU,RE,TZ,YT",Sub-Saharan Africa,,,
Pachliopta aristolochia,Common Rose Swallowtail,ingested,lepidoptera,"[92.63, 10.16, 107.43, 19.41]",2015-09-13 to 2025-04-30,13.0,13.0,2026-03-18,SPECIES,11833166,100.0,,,"IN,KH,MM,TH,VN",South-Eastern Asia,,,
Morpho cisseis,,ingested,lepidoptera,"[-77.78, -15.80, -50.27, 1.22]",2015-08-06 to 2025-10-07,17.0,17.0,2026-03-18,SPECIES,5133322,100.0,,,"BO,BR,CO,EC,PE",South America,,,
Zerynthia polyxena,Southern Festoon,ingested,lepidoptera,"[-8.00, -20.04, 57.57, 56.59]",2015-01-01 to 2025-07-24,14090.0,14013.0,2026-03-18,SPECIES,5141262,99.5,,,"AL,AT,BA,BG,BY,CH,CY,CZ,DE,ES,FR,GR,HR,HU,IT,MD,ME,MK,MU,PT,RO,RS,RU,SI,SK,TR,UA,XK",Southern Europe,,,
Speiredonia spectans,Granny's Cloak Moth,ingested,lepidoptera,"[130.74, -38.40, 167.45, -12.43]",2015-01-01 to 2025-12-31,1429.0,1429.0,2026-03-18,SPECIES,1797039,100.0,,,"AU,NC",Australia and New Zealand,,,
Marpesia petreus,Red Dagger Wing,ingested,lepidoptera,"[-112.09, -34.89, 119.55, 33.37]",2015-01-04 to 2025-12-31,5979.0,5937.0,2026-03-16,SPECIES,5133621,99.3,,,"AR,BO,BQ,BR,BZ,CO,CR,DM,DO,EC,GF,GP,GT,HN,ID,KN,LC,MS,MX,NI,PA,PE,PR,PY,SR,SV,TT,US,UY,VE",South America,,,
Hamadryas laodamia,Starry Night Cracker,ingested,lepidoptera,"[-96.64, -25.03, -35.17, 18.06]",2015-01-12 to 2025-12-27,1163.0,1157.0,2026-03-16,SPECIES,9255328,99.5,,,"BO,BR,BZ,CO,CR,EC,GF,GT,HN,MX,NI,PA,PE,PY,SR,TT,VE",South America,,,
Aglais urticae,Small Tortoiseshell,ingested,lepidoptera,"[-128.59, -90.00, 167.05, 71.17]",2015-01-01 to 2025-06-09,957602.0,470610.0,2026-03-18,SPECIES,1894840,49.1,,,"AD,AL,AM,AQ,AT,AX,AZ,BA,BE,BG,BY,CA,CH,CN,CZ,DE,DK,EE,ES,FI,FR,GB,GE,GG,GR,HR,HU,IE,IM,IN,IR,IS,IT,JE,JP,KG,KZ,LB,LI,LT,LU,LV,ME,MG,MK,MN,NL,NO,PL,PT,RO,RS,RU,SE,SI,SK,SM,SY,TJ,TR,UA,XK",Northern Europe,,,
Caria chrysame,,ingested,lepidoptera,"[-77.60, -15.81, -67.56, -0.62]",2018-12-26 to 2021-09-19,4.0,4.0,2026-03-16,SPECIES,5141065,100.0,,,"BO,EC",South America,,,
Melitaea phoebe,Knapweed Fritillary,ingested,lepidoptera,"[-9.79, 29.79, 129.70, 62.04]",2015-01-01 to 2025-10-15,38864.0,37072.0,2026-03-16,SPECIES,7934873,95.4,,,"AD,AL,AM,AT,BA,BG,BY,CH,CN,DE,DK,DZ,EE,ES,FR,GE,GR,HR,HU,IL,IT,KG,KZ,LI,LT,LV,MA,MD,ME,MK,MN,PL,PS,PT,RO,RS,RU,SI,SK,SY,TR,UA,XK",Southern Europe,,,
Euptoieta hegesia,Mexican Fritillary,ingested,lepidoptera,"[-112.19, -30.05, -34.80, 34.86]",2015-01-03 to 2025-12-31,7484.0,7346.0,2026-03-16,SPECIES,1894329,98.2,,,"AR,BO,BR,BS,BZ,CO,CR,CU,CW,DO,EC,GF,GT,GY,HN,HT,JM,KY,MX,NI,PA,PE,PR,PY,SV,TT,US,VE",South America,,,
Epiphile orea,,ingested,lepidoptera,"[-91.23, -29.68, -40.21, 14.59]",2015-02-05 to 2025-12-31,314.0,301.0,2026-04-05,SPECIES,1900134,95.9,,,"AR,BO,BR,CO,CR,EC,GT,HN,PA,PE,PY",South America,,,
Bebearia tentyris,Hewitson's Forester,ingested,lepidoptera,"[-1.38, -1.77, 13.00, 7.95]",2015-04-05 to 2025-05-12,0.0,64.0,2026-03-24,SPECIES,9180243,100.0,,,"CM,GA,GH",Sub-Saharan Africa,,,
Callophrys rubi,Green Hairstreak,ingested,lepidoptera,"[-10.47, 31.19, 149.09, 70.59]",2015-01-01 to 2025-09-24,173726.0,155427.0,2026-03-17,SPECIES,1932411,89.5,,,"AD,AL,AM,AT,AX,AZ,BA,BE,BG,BY,CH,CN,CZ,DE,DK,DZ,EE,ES,FI,FR,GB,GE,GG,GR,HR,HU,IE,IL,IQ,IR,IT,JE,KZ,LB,LI,LT,LU,LV,MA,ME,MK,MN,NL,NO,PL,PT,RO,RS,RU,SE,SI,SK,SY,TR,UA,XK",Southern Europe,,,
Gonepteryx rhamni,Brimstone,ingested,lepidoptera,"[-61.64, 16.16, 93.39, 69.77]",2015-01-04 to 2025-12-31,1252934.0,923963.0,2026-03-23,SPECIES,1920712,73.7,,,"AD,AL,AM,AT,AX,AZ,BA,BE,BG,BY,CH,CN,CZ,DE,DK,DZ,EE,EG,ES,FI,FR,GB,GE,GG,GP,GR,HR,HU,IE,IL,IN,IR,IT,JE,KG,KZ,LB,LI,LT,LU,LV,MA,MC,ME,MK,NL,NO,PL,PT,RO,RS,RU,SE,SI,SK,SY,TR,UA,XK",Southern Europe,,,
Battus belus,Belus Swallowtail,ingested,lepidoptera,"[-85.41, -15.63, -52.35, 10.99]",2017-07-13 to 2025-12-07,62.0,62.0,2026-03-17,SPECIES,5141329,100.0,,,"BR,CO,CR,EC,GF,GY,PA,PE,SR,VE",South America,,,
Symmachia rubina,,ingested,lepidoptera,"[-96.31, -12.87, 11.54, 48.17]",2015-07-14 to 2025-06-28,32.0,32.0,2026-03-17,SPECIES,5141042,100.0,,,"BZ,CO,CR,DE,MX,PA,PE",Central America,,,
Cethosia hypsea,Malayan Lacewing,ingested,lepidoptera,"[97.65, -8.80, 119.75, 11.07]",2015-04-13 to 2025-12-04,183.0,183.0,2026-03-17,SPECIES,1904764,100.0,,,"BN,ID,MM,MY,PH,SG,TH",South-Eastern Asia,,,
Saturnia pavonia,Small Emperor Moth,ingested,lepidoptera,"[-10.47, 36.01, 117.93, 70.50]",2015-01-01 to 2025-12-13,24166.0,23460.0,2026-03-17,SPECIES,1867820,97.1,,,"AD,AM,AT,AX,BE,BG,BY,CH,CZ,DE,DK,EE,ES,FI,FR,GB,GE,GG,HU,IE,IM,IT,KZ,LI,LT,LU,LV,ME,MK,MN,NL,NO,PL,PT,RO,RS,RU,SE,SK,UA",Northern Europe,,,
Euthalia patala,Grand Duchess,ingested,lepidoptera,"[76.33, 17.31, 101.52, 32.25]",2015-03-24 to 2025-08-17,72.0,72.0,2026-03-17,SPECIES,5130971,100.0,,,"IN,NP,TH",Southern Asia,,,
Chlosyne californica,California Patch,ingested,lepidoptera,"[-118.45, 25.91, -108.17, 37.19]",2015-03-07 to 2025-12-28,1448.0,1425.0,2026-03-17,SPECIES,1914410,98.4,,,"MX,US",Northern America,,,
Ascalapha odorata,Black Witch,ingested,lepidoptera,"[-169.54, -38.85, 166.63, 52.71]",2015-01-01 to 2025-12-31,19441.0,19389.0,2026-03-17,SPECIES,1775796,99.7,,,"AG,AI,AR,AW,BB,BE,BM,BO,BQ,BR,BS,BZ,CA,CL,CO,CR,CU,CW,DM,DO,EC,GD,GF,GP,GT,GY,HN,HT,JM,KI,KN,KY,LC,MF,MQ,MS,MX,NI,PA,PE,PR,PY,SR,SV,SX,TC,TT,UM,US,UY,VC,VE,VG,VI",Caribbean,,,
Stibochiona nicea,Popinjay,ingested,lepidoptera,"[77.14, 3.42, 121.82, 32.52]",2015-03-01 to 2025-12-14,619.0,619.0,2026-03-17,SPECIES,1895159,100.0,,,"BD,BT,CN,IN,LA,MM,MY,NP,TH,VN",South-Eastern Asia,,,
Ornithoptera goliath,Goliath Birdwing,ingested,lepidoptera,"[129.09, -4.15, 137.10, -0.97]",2016-07-29 to 2025-10-18,39.0,39.0,2026-03-17,SPECIES,1937442,100.0,,,ID,South-Eastern Asia,,,
Mechanitis polymnia,Disturbed Tigerwing,ingested,lepidoptera,"[-118.58, -27.30, -38.31, 37.33]",2015-01-04 to 2025-12-30,2094.0,2054.0,2026-03-17,SPECIES,1902479,98.1,,,"AR,BO,BR,BZ,CO,CR,EC,GF,GT,HN,MX,NI,PA,PE,SR,SV,TT,US,VE",South America,,,
Morpho aurora,Aurora Morpho,ingested,lepidoptera,"[-71.53, -18.11, -63.60, -13.03]",2016-02-26 to 2025-10-09,7.0,7.0,2026-03-17,SPECIES,5133464,100.0,,,"BO,PE",South America,,,
Myscelia cyananthe,Blackened Bluewing,ingested,lepidoptera,"[-112.49, 15.67, -89.79, 31.74]",2015-01-12 to 2025-12-31,809.0,797.0,2026-03-17,SPECIES,1901268,98.5,,,"MX,US",Central America,,,
Creonpyge creon,Creon Skipper,ingested,lepidoptera,"[-85.31, 8.63, -80.03, 10.76]",2015-06-13 to 2025-09-27,33.0,33.0,2026-03-17,SPECIES,11425116,100.0,,,"CR,PA",Central America,,,
Myscelia ethusa,Mexican Bluewing,ingested,lepidoptera,"[-107.42, 9.13, -79.72, 31.54]",2015-01-16 to 2025-12-31,2632.0,2471.0,2026-03-17,SPECIES,8247566,93.9,,,"BZ,CO,CR,GT,HN,MX,NI,PA,SV,US",Central America,,,
Junonia orithya,Blue Pansy,ingested,lepidoptera,"[-16.70, -34.24, 153.24, 37.16]",2015-01-01 to 2025-12-31,10178.0,10162.0,2026-03-17,SPECIES,5130464,99.8,,,"AE,AO,AU,BD,BF,BH,BI,BJ,BN,BT,BW,CD,CF,CG,CI,CN,ET,GA,GH,GM,GN,GW,HK,ID,IL,IN,IQ,IR,JP,KE,KH,KW,LA,LK,LS,MG,ML,MM,MO,MV,MW,MY,MZ,NE,NG,NP,OM,PG,PH,PK,QA,RW,SA,SD,SG,SN,SO,SY,SZ,TH,TL,TR,TW,TZ,UG,VN,ZA,ZM,ZW",Sub-Saharan Africa,,,
Parnassius smintheus,Mountain Parnassian,ingested,lepidoptera,"[-137.68, 35.79, -101.08, 61.90]",2015-01-01 to 2025-09-23,2767.0,2697.0,2026-04-05,SPECIES,1938975,97.5,,,"CA,US",Northern America,,,
Lycaena phlaeas,American Copper,ingested,lepidoptera,"[-149.82, -10.67, 158.68, 71.09]",2015-01-01 to 2025-12-31,629505.0,496856.0,2026-03-23,SPECIES,1929697,78.9,,,"AD,AF,AL,AM,AT,AX,AZ,BA,BE,BG,BT,BY,CA,CH,CN,CY,CZ,DE,DK,DZ,EE,ES,ET,FI,FR,GB,GE,GG,GI,GR,HK,HR,HU,IE,IL,IM,IN,IQ,IR,IT,JE,JP,KE,KG,KR,KZ,LB,LT,LU,LV,MA,MD,ME,MK,MN,MW,NL,NO,NP,PK,PL,PS,PT,RO,RS,RU,RW,SA,SE,SI,SK,SY,TJ,TN,TR,TZ,UA,UG,US,UZ,XK",Southern Europe,,,
Junonia orithya,Blue Pansy,ingested,lepidoptera,"[-16.70, -34.24, 153.24, 37.16]",2015-01-01 to 2025-12-31,10178.0,10162.0,2026-03-17,SPECIES,5130464,99.8,,,"AE,AO,AU,BD,BF,BH,BI,BJ,BN,BT,BW,CD,CF,CG,CI,CN,ET,GA,GH,GM,GN,GW,HK,ID,IL,IN,IQ,IR,JP,KE,KH,KW,LA,LK,LS,MG,ML,MM,MO,MV,MW,MY,MZ,NE,NG,NP,OM,PG,PH,PK,QA,RW,SA,SD,SG,SN,SO,SY,SZ,TH,TL,TR,TW,TZ,UG,VN,ZA,ZM,ZW",Sub-Saharan Africa,,,
Dione vanillae,Galapagos Silver Fritillary,ingested,lepidoptera,"[-159.68, -43.32, 145.82, 47.38]",2015-01-01 to 2025-08-31,0.0,105456.0,2026-03-17,SPECIES,11701883,100.0,,,"AG,AI,AR,AW,BB,BL,BM,BO,BQ,BR,BS,BZ,CL,CO,CR,CU,CW,DM,DO,EC,GD,GF,GP,GT,GU,GY,HN,HT,JM,KN,KY,LC,LR,MF,MP,MQ,MS,MX,NI,PA,PE,PR,PY,SR,SV,SX,TC,TT,US,UY,VC,VE,VG,VI",Caribbean,,,
Pieris rapae,Cabbage Butterfly,ingested,lepidoptera,"[-176.56, -46.90, 178.05, 69.26]",2015-01-01 to 2025-12-31,1754088.0,921465.0,2026-03-28,SPECIES,1920496,52.5,,,"AD,AF,AL,AM,AT,AU,AX,AZ,BA,BE,BG,BM,BY,CA,CH,CN,CY,CZ,DE,DK,DZ,EE,EG,ES,FI,FR,GB,GE,GG,GI,GR,HK,HN,HR,HU,IE,IL,IM,IN,IQ,IR,IS,IT,JE,JO,JP,KG,KP,KR,KZ,LA,LB,LI,LT,LU,LV,MA,MC,MD,ME,MK,MN,MO,MT,MX,NC,NL,NO,NZ,PK,PL,PS,PT,RO,RS,RU,SE,SI,SK,SY,TH,TJ,TN,TR,TW,UA,US,UZ,VN,XK",Northern Europe,,,
Noctua pronuba,European Yellow Underwing Moth,ingested,lepidoptera,"[-151.85, 27.78, 48.94, 68.41]",2015-01-01 to 2024-08-27,0.0,151545.0,2026-03-17,SPECIES,1789695,100.0,,,"AL,AT,AX,AZ,BA,BE,BG,BY,CA,CH,CY,CZ,DE,DK,DZ,EE,EG,ES,FI,FO,FR,GB,GE,GG,GI,GR,HR,HU,IE,IL,IM,IQ,IS,IT,JE,JO,LT,LU,LV,MD,ME,MK,MT,MX,NL,NO,PL,PS,PT,RO,RS,RU,SE,SI,SK,SY,TN,TR,UA,US,XK",Northern Europe,,,
Heteronympha merope,Common Brown,ingested,lepidoptera,"[11.55, -43.46, 153.50, 43.68]",2015-01-01 to 2025-12-31,22539.0,22510.0,2026-03-17,SPECIES,1899947,99.9,,,"AU,IT,JP",Australia and New Zealand,,,
Crasilogia gressitti,,ingested,lepidoptera,"[145.34, -36.86, 153.50, -16.61]",2015-06-11 to 2025-12-31,969.0,969.0,2026-03-17,SPECIES,10411202,100.0,,,AU,Australia and New Zealand,,,
Hyphantria cunea,American White Moth,ingested,lepidoptera,"[-125.27, 19.51, 142.20, 53.63]",2015-03-11 to 2025-12-27,37844.0,37828.0,2026-03-17,SPECIES,1817797,100.0,,,"AT,AZ,BG,BY,CA,CH,CN,CZ,FR,GE,GR,HR,HU,IR,IT,JP,KG,KR,MD,ME,MX,PL,PM,RO,RS,RU,TR,UA,US",Eastern Europe,,,
Limenitis arthemis,Red-spotted Admiral,ingested,lepidoptera,"[-156.93, 19.28, -52.63, 69.58]",2015-04-06 to 2025-12-05,39377.0,33100.0,2026-03-18,SPECIES,5132084,84.1,,,"CA,MX,US",Northern America,,,
Strymon melinus,Cotton Square Borer,ingested,lepidoptera,"[-125.87, 3.18, -59.96, 51.94]",2015-01-01 to 2023-07-26,0.0,31777.0,2026-03-17,SPECIES,1925429,100.0,,,"CA,CO,GT,HN,MX,US,VE",Central America,,,
Hylephila phyleus,Fiery Skipper,ingested,lepidoptera,"[-159.77, -39.98, 144.87, 47.38]",2015-01-01 to 2025-12-31,78004.0,75249.0,2026-03-18,SPECIES,5715127,96.5,,,"AG,AI,AR,AW,BB,BO,BQ,BR,BS,BZ,CA,CL,CO,CR,CU,CW,DO,EC,GD,GF,GP,GT,GU,HN,ID,JM,KN,KY,LC,MF,MQ,MS,MX,NI,PA,PE,PR,PY,SR,SX,TC,TT,US,UY,VE,VG,VI",Caribbean,,,
Papilio glaucus,Eastern Tiger Swallowtail,ingested,lepidoptera,"[-121.98, 20.73, -69.36, 52.28]",2015-01-01 to 2025-12-31,95481.0,94197.0,2026-03-23,SPECIES,1938016,98.7,,,"CA,MX,US",Northern America,,,
Vanessa kershawi,Australian Painted Lady,ingested,lepidoptera,"[11.65, -46.99, 176.42, 43.07]",2015-01-03 to 2025-12-31,15369.0,14137.0,2026-03-18,SPECIES,5806177,92.0,,,"AU,IT,JP,NZ,TR",Australia and New Zealand,,,
Anticlea vasiliata,Variable Carpet,ingested,lepidoptera,"[-151.85, 36.48, -57.38, 64.94]",2025-03-23 to 2025-06-30,0.0,531.0,2026-03-17,SPECIES,5715277,100.0,,,"CA,US",Northern America,,,
Ectropis crepuscularia,Engrailed,ingested,lepidoptera,"[-135.70, 26.08, 140.78, 68.23]",2015-01-11 to 2025-12-23,100476.0,83220.0,2026-03-23,SPECIES,8421569,82.8,,,"AT,AX,AZ,BE,BG,BY,CA,CH,CZ,DE,DK,EE,ES,FI,FR,GB,GE,GG,HR,HU,IE,IM,IN,IT,JP,KP,KR,LI,LT,LU,LV,MD,ME,NL,NO,PL,PT,RO,RS,RU,SE,SI,SK,TR,UA,US",Northern Europe,,,
Polyommatus icarus,Common Blue,ingested,lepidoptera,"[-80.49, 29.04, 136.48, 71.01]",2015-01-30 to 2025-12-18,1086755.0,1008793.0,2026-03-23,SPECIES,5140214,92.8,,,"AD,AL,AM,AT,AX,AZ,BA,BE,BG,BY,CA,CH,CN,CY,CZ,DE,DK,EE,ES,FI,FR,GB,GE,GG,GR,HR,HU,IE,IL,IM,IR,IT,JE,JO,KG,KR,KZ,LB,LI,LT,LU,LV,MA,MD,ME,MK,MN,NL,NO,PK,PL,PS,PT,RO,RS,RU,SE,SI,SK,SM,SY,TJ,TR,UA,US,UZ,VA,XK",Southern Europe,,,
Pasiphila rectangulata,Green Pug,ingested,lepidoptera,"[-122.34, 37.20, 18.25, 54.35]",2025-03-31 to 2025-05-31,0.0,300.0,2026-03-17,SPECIES,4523885,100.0,,,"AT,BE,CH,DE,FR,GB,HU,NL,US",Western Europe,,,
Geitoneura klugii,Klug's Xenica,ingested,lepidoptera,"[115.02, -43.49, 153.35, -28.34]",2015-01-06 to 2025-12-31,4094.0,4091.0,2026-03-18,SPECIES,1902244,99.9,,,AU,Australia and New Zealand,,,
Apamea cogitata,Thoughtful Apamea,ingested,lepidoptera,"[-155.62, 35.92, -52.69, 64.94]",2015-07-03 to 2025-09-24,837.0,836.0,2026-03-18,SPECIES,1796181,99.9,,,"CA,US",Northern America,,,
Maniola jurtina,Meadow Brown,ingested,lepidoptera,"[-61.64, 16.16, 85.87, 62.25]",2015-01-05 to 2020-07-31,0.0,502311.0,2026-03-23,SPECIES,5135513,100.0,,,"AD,AL,AM,AT,AX,AZ,BA,BE,BG,BY,CH,CY,CZ,DE,DK,DZ,EE,ES,FI,FR,GB,GE,GG,GP,GR,HR,HU,IE,IM,IR,IT,JE,LI,LT,LU,LV,MA,MD,ME,MK,NL,NO,PL,PT,RO,RS,RU,SE,SI,SK,TR,UA,XK",Northern Europe,,,
Pararge aegeria,Speckled Wood,pending,lepidoptera,"[-82.00, -14.71, 60.17, 66.55]",2015-01-01 to 2025-12-31,1645795.0,1437803.0,2026-04-12,SPECIES,8049830,87.4,,,"AD,AL,AM,AO,AT,AX,AZ,BA,BE,BG,BY,CH,CY,CZ,DE,DK,DZ,EE,ES,FI,FR,GB,GE,GG,GI,GR,HR,HU,IE,IL,IM,IR,IT,JE,LB,LI,LT,LU,LV,MA,MC,MD,ME,MK,MT,NL,NO,PL,PT,RO,RS,RU,SA,SC,SE,SI,SK,SM,SY,TN,TR,UA,US,XK",Southern Europe,,,
Campaea perlata,Fringed Looper,ingested,lepidoptera,"[-157.00, 32.69, -52.68, 65.18]",2015-03-11 to 2025-12-24,23932.0,23880.0,2026-03-19,SPECIES,1978751,99.8,,,"CA,US",Northern America,,,
Dysstroma citrata,Dark Marbled Carpet,ingested,lepidoptera,"[-148.91, 37.82, 86.67, 69.86]",2018-05-18 to 2025-08-03,0.0,464.0,2026-03-17,SPECIES,1962516,100.0,,,"AT,CA,CH,DE,DK,ES,FI,FR,GB,IM,IT,NO,RU,SE,US",Northern Europe,,,
Lerema accius,Clouded Skipper,ingested,lepidoptera,"[-111.04, 8.63, -76.25, 39.00]",2017-01-02 to 2025-05-31,0.0,532.0,2026-03-17,SPECIES,1950133,100.0,,,"CR,GT,MX,PA,US",Central America,,,
Anaplectoides prasina,Green Arches,ingested,lepidoptera,"[-136.36, 35.75, 137.57, 69.45]",2015-01-01 to 2025-11-17,27598.0,18394.0,2026-03-19,SPECIES,1766646,66.6,,,"AT,AX,BE,BG,BY,CA,CH,CN,CZ,DE,DK,EE,ES,FI,FR,GB,GE,HU,IE,IM,IT,JP,KG,LI,LT,LU,LV,ME,NL,NO,PL,RO,RS,RU,SE,SI,SK,TR,UA,US",Northern Europe,,,
Colias eurytheme,Alfalfa Butterfly,ingested,lepidoptera,"[-125.11, 16.68, -62.62, 53.92]",2015-01-01 to 2025-12-31,46518.0,41932.0,2026-03-19,SPECIES,5137694,90.1,,,"CA,MX,US",Northern America,,,
Danaus gilippus,Queen,ingested,lepidoptera,"[-122.47, -32.96, -34.83, 42.74]",2015-01-01 to 2025-12-31,47377.0,46203.0,2026-03-19,SPECIES,5714299,97.5,,,"AR,AW,BO,BR,BZ,CO,CR,CU,DO,EC,GT,GY,HN,HT,JM,KY,MX,NI,PA,PE,PR,PY,SV,TC,US,UY,VE",South America,,,
Hypena scabra,Green Cloverworm,ingested,lepidoptera,"[-111.28, 25.88, -19.49, 63.53]",2015-01-01 to 2025-12-31,36849.0,36831.0,2026-03-19,SPECIES,9579730,100.0,,,"CA,IS,MX,US",Northern America,,,
Microcrambus elegans,Elegant Grass-veneer,ingested,lepidoptera,"[-106.23, 18.21, -60.03, 50.14]",2015-02-25 to 2025-11-01,19043.0,19042.0,2026-03-19,SPECIES,1886378,100.0,,,"CA,MX,PR,US",Northern America,,,
Limenitis archippus,Viceroy,ingested,lepidoptera,"[-122.98, 19.30, -59.92, 61.15]",2015-01-01 to 2025-12-31,38695.0,35542.0,2026-03-19,SPECIES,5132398,91.9,,,"CA,MX,US",Northern America,,,
Zizina otis,Lesser Grass Blue,ingested,lepidoptera,"[-159.58, -42.96, 178.47, 26.11]",2025-01-01 to 2025-03-31,0.0,900.0,2026-03-17,SPECIES,7346444,100.0,,,"AU,BD,BJ,CN,CX,FJ,FM,GH,GM,HK,ID,IN,KH,LA,LK,MM,MV,MY,NC,NZ,PG,PH,RE,SG,ST,TH,TW,US,VN,VU,ZA",South-Eastern Asia,,,
Orgyia leucostigma,White-marked Tussock Moth,ingested,lepidoptera,"[-105.53, 19.30, -52.62, 53.78]",2015-04-21 to 2025-12-28,20498.0,20496.0,2026-03-19,SPECIES,5925317,100.0,,,"CA,MX,PM,US",Northern America,,,
Scaphidriotis xylogramma,,ingested,lepidoptera,"[145.38, -37.97, 153.48, -25.55]",2015-02-10 to 2025-12-24,514.0,514.0,2026-03-19,SPECIES,1805806,100.0,,,AU,Australia and New Zealand,,,
Venusia cambrica,Welsh Wave,ingested,lepidoptera,"[-149.52, 35.59, 158.19, 68.25]",2025-05-02 to 2025-09-17,0.0,279.0,2026-03-17,SPECIES,5147827,100.0,,,"AT,CA,CH,CZ,FI,GB,NO,RU,SE,US",Northern Europe,,,
Paraclemensia acerifoliella,Maple Leafcutter,ingested,lepidoptera,"[-112.83, 30.10, -60.16, 53.68]",2015-05-05 to 2025-12-12,735.0,735.0,2026-03-19,SPECIES,1860736,100.0,,,"CA,US",Northern America,,,
Halysidota tessellaris,Banded Tussock Moth,ingested,lepidoptera,"[-111.77, 18.20, -55.36, 51.25]",2015-03-24 to 2025-12-25,36364.0,36364.0,2026-03-19,SPECIES,1814338,100.0,,,"CA,MX,US",Northern America,,,
Urbanus proteus,Bean Leafroller,ingested,lepidoptera,"[-118.20, -32.76, -34.83, 44.29]",2015-01-03 to 2025-12-31,20617.0,19402.0,2026-03-19,SPECIES,1944314,94.1,,,"AG,AI,AR,BB,BO,BQ,BR,BS,BZ,CA,CO,CR,CU,DM,DO,EC,GF,GP,GT,HN,HT,JM,KN,KY,LC,MF,MQ,MS,MX,NI,PA,PE,PR,PY,SR,SV,SX,TC,TT,US,UY,VC,VE,VG,VI",Caribbean,,,
Paradromulia ambigua,,ingested,lepidoptera,"[145.61, -30.40, 153.44, -16.90]",2021-01-17 to 2021-12-31,0.0,55.0,2026-03-17,SPECIES,1977350,100.0,,,AU,Australia and New Zealand,,,
Anartia jatrophae,White Peacock,ingested,lepidoptera,"[-112.90, -36.63, -34.81, 42.44]",2015-01-01 to 2025-12-31,33131.0,32470.0,2026-03-19,SPECIES,5128007,98.0,,,"AG,AI,AR,AW,BO,BQ,BR,BS,BZ,CO,CR,CU,CW,DM,DO,EC,GD,GF,GP,GT,GY,HN,HT,JM,KN,KY,LC,MF,MQ,MS,MX,NI,PA,PE,PR,PY,SR,SV,SX,TT,US,UY,VC,VE",Caribbean,,,
Dryocampa rubicunda,Rosy Maple Moth,ingested,lepidoptera,"[-97.85, 3.89, -16.54, 49.79]",2015-03-22 to 2025-12-24,19778.0,19776.0,2026-03-19,SPECIES,1865862,100.0,,,"CA,CO,ES,US",Northern America,,,
Eurema nicippe,Sleepy Orange,ingested,lepidoptera,"[-159.77, 9.38, -66.91, 46.78]",2015-01-17 to 2025-12-31,26384.0,24298.0,2026-03-19,SPECIES,5714876,92.1,,,"CR,CU,DO,GT,HN,HT,MX,PR,SV,US",Central America,,,
Addaea subtessellata,,ingested,lepidoptera,"[152.74, -30.29, 153.38, -26.72]",2024-01-04 to 2024-12-31,0.0,69.0,2026-03-17,SPECIES,1993021,100.0,,,AU,Australia and New Zealand,,,
Ocybadistes walkeri,Yellow-banded Dart,ingested,lepidoptera,"[115.83, -42.94, 153.55, -12.43]",2019-01-01 to 2019-12-30,0.0,277.0,2026-03-17,SPECIES,1942618,100.0,,,AU,Australia and New Zealand,,,
Plutella xylostella,Diamond Backed Moth,ingested,lepidoptera,"[-178.30, -50.41, 176.90, 78.22]",2015-01-01 to 2025-12-31,120724.0,106188.0,2026-03-23,SPECIES,1831136,88.0,,,"AE,AL,AM,AR,AT,AU,AX,AZ,BA,BD,BE,BG,BH,BM,BR,BT,BW,BY,CA,CH,CI,CK,CL,CN,CO,CR,CU,CV,CY,CZ,DE,DK,DO,DZ,EC,EE,EG,ES,FI,FR,GB,GE,GG,GI,GM,GP,GR,HK,HN,HR,HU,ID,IE,IL,IM,IN,IQ,IR,IS,IT,JE,JM,JP,KE,KG,KH,KN,KR,KW,KY,KZ,LB,LK,LT,LU,LV,MA,MD,ME,MG,MK,MN,MT,MU,MX,MY,NF,NI,NL,NO,NP,NZ,OM,PA,PE,PH,PK,PL,PR,PS,PT,QA,RE,RO,RS,RU,RW,SE,SG,SH,SI,SJ,SK,SS,ST,SY,SZ,TH,TJ,TN,TO,TR,TT,TW,TZ,UA,UM,US,UY,UZ,YT,ZA,ZM,ZW",Sub-Saharan Africa,,,
Hypagyrtis unipunctata,One-Spotted Variant,ingested,lepidoptera,"[-124.11, 27.67, -60.03, 53.46]",2015-04-14 to 2025-11-17,4481.0,4481.0,2026-03-23,SPECIES,1963892,100.0,,,"CA,US",Northern America,,,
Antheraea polyphemus,Polyphemus Moth,ingested,lepidoptera,"[-128.61, 13.96, -54.57, 61.37]",2015-01-03 to 2025-12-31,42000.0,39690.0,2026-03-23,SPECIES,1866570,94.5,,,"BZ,CA,MX,SV,US",Central America,,,
Catoria camelaria,,ingested,lepidoptera,"[100.48, -34.38, 165.20, 19.20]",2015-02-04 to 2025-12-29,674.0,674.0,2026-03-23,SPECIES,1986774,100.0,,,"AU,ID,NC,PG,TH",South-Eastern Asia,,,
Habrosyne scripta,Lettered Habrosyne Moth,ingested,lepidoptera,"[-135.33, 34.87, -52.87, 57.05]",2015-05-08 to 2023-07-31,0.0,376.0,2026-03-17,SPECIES,1952032,100.0,,,"CA,US",Northern America,,,
Lon zabulon,Zabulon Skipper,ingested,lepidoptera,"[-98.55, 8.84, -69.99, 46.41]",2015-03-29 to 2025-11-25,31828.0,30868.0,2026-03-23,SPECIES,11654707,97.0,,,"CA,CR,GT,MX,PA,US",Central America,,,
Euphyes vestris,Dun Skipper,ingested,lepidoptera,"[-125.99, 3.84, -59.87, 57.15]",2015-01-01 to 2025-11-28,20059.0,17555.0,2026-03-23,SPECIES,1942947,87.5,,,"CA,CO,MX,PA,US",Northern America,,,
Anavitrinella pampinaria,Common Gray,ingested,lepidoptera,"[-124.93, 18.91, -59.94, 52.58]",2015-04-10 to 2025-11-29,10753.0,10750.0,2026-03-23,SPECIES,4302221,100.0,,,"CA,MX,US",Northern America,,,
Malacosoma americana,Eastern Tent Caterpillar,ingested,lepidoptera,"[-122.17, 27.99, -60.00, 50.29]",2015-02-27 to 2025-12-10,34563.0,34559.0,2026-03-23,SPECIES,5715280,100.0,,,"CA,US",Northern America,,,
Traminda aventiaria,Cross-line Wave Moth,ingested,lepidoptera,"[73.39, -32.23, 153.58, 28.67]",2015-01-01 to 2025-12-30,4641.0,4641.0,2026-03-23,SPECIES,6133643,100.0,,,"AU,BD,CN,GU,HK,ID,IN,JP,LA,LK,MO,MY,PG,PH,SG,TH,TL,TW,VN",South-Eastern Asia,,,
Nudaria mollis,,ingested,lepidoptera,"[145.41, -34.14, 153.45, -16.18]",2018-05-06 to 2025-11-12,373.0,373.0,2026-03-23,SPECIES,5116397,100.0,,,AU,Australia and New Zealand,,,
Hydrelia inornata,Unadorned Carpet Moth,ingested,lepidoptera,"[-92.13, 34.75, -60.04, 49.16]",2015-04-11 to 2025-08-22,1315.0,1315.0,2026-03-23,SPECIES,5146305,100.0,,,"CA,US",Northern America,,,
Polygonia c-album,Comma,ingested,lepidoptera,"[-8.79, 24.18, 121.50, 62.92]",2022-01-01 to 2022-03-29,0.0,900.0,2026-03-17,SPECIES,1898544,100.0,,,"AT,BE,BG,CH,CZ,DE,DK,ES,FR,GB,HR,HU,IT,LT,LU,NL,NO,PL,PT,RS,RU,SE,TW,UA",Western Europe,,,
Ochlodes sylvanus,Large Skipper,ingested,lepidoptera,"[-9.26, 35.52, 107.59, 66.80]",2015-01-01 to 2019-07-31,0.0,237077.0,2026-03-23,SPECIES,1946844,100.0,,,"AD,AL,AM,AT,AX,BA,BE,BG,BY,CH,CZ,DE,DK,EE,ES,FI,FR,GB,GE,GR,HR,HU,IR,IT,JE,KG,KZ,LI,LT,LU,LV,ME,MK,NL,NO,PL,PT,RO,RS,RU,SE,SI,SK,SY,TR,UA,XK",Southern Europe,,,
Melanolophia imitata,Western Carpet,ingested,lepidoptera,"[-135.75, 33.54, -105.09, 58.25]",2015-04-26 to 2025-06-29,1672.0,1672.0,2026-03-23,SPECIES,1962727,100.0,,,"CA,US",Northern America,,,
Orthosia hibisci,Green Fruitworm,ingested,lepidoptera,"[-149.52, 32.97, -55.36, 60.99]",2024-01-01 to 2024-07-28,0.0,761.0,2026-03-17,SPECIES,5114128,100.0,,,"CA,US",Northern America,,,
Sauris malaca,,ingested,lepidoptera,"[80.59, -36.65, 153.46, 23.18]",2015-03-23 to 2025-11-29,379.0,379.0,2026-03-23,SPECIES,1986650,100.0,,,"AU,LK,TW",Australia and New Zealand,,,
Chlorochlamys chloroleucaria,Blackberry Looper,ingested,lepidoptera,"[-105.43, 18.92, -60.31, 49.82]",2020-02-04 to 2020-12-13,0.0,949.0,2026-03-17,SPECIES,5806132,100.0,,,"CA,MX,US",Northern America,,,
Euphaedra eleus,Eleus Orange Forester,ingested,lepidoptera,"[-11.36, -11.07, 30.38, 7.56]",2017-05-15 to 2025-09-13,37.0,35.0,2026-04-01,SPECIES,1896583,94.6,,,"AO,CD,CG,CI,GA,GH,LR,SL,UG",Sub-Saharan Africa,,,
Chlosyne lacinia,Bordered Patch,ingested,lepidoptera,"[-116.21, -31.55, -38.40, 41.28]",2015-01-02 to 2025-12-31,19058.0,18770.0,2026-03-23,SPECIES,1914465,98.5,,,"AR,BO,BR,BZ,CO,CR,EC,GT,HN,MX,NI,PA,PE,PY,SV,TT,US,VE",Central America,,,
Junonia cymodoce,Blue Leaf Pansy,ingested,lepidoptera,"[-1.69, -7.77, 26.17, 6.97]",2015-01-02 to 2025-08-14,19.0,19.0,2026-03-23,SPECIES,8734312,100.0,,,"AO,BJ,CD,CG,CM,GA,GH,ST",Sub-Saharan Africa,,,
Libytheana carinenta,American Snout,ingested,lepidoptera,"[-120.57, -36.37, -35.69, 46.76]",2015-01-01 to 2025-12-31,29311.0,27917.0,2026-03-23,SPECIES,1898402,95.2,,,"AR,BO,BR,BZ,CA,CO,CR,EC,GT,HN,MX,NI,PA,PE,PY,SR,SV,US,UY,VE",South America,,,
Udea rubigalis,Celery Leafer Moth,ingested,lepidoptera,"[-125.19, 16.70, 6.50, 50.56]",2015-01-01 to 2025-12-31,23308.0,23306.0,2026-03-23,SPECIES,1887122,100.0,,,"CA,DO,FR,MX,US",Northern America,,,
Estigmene acrea,Saltmarsh Caterpillar,ingested,lepidoptera,"[-124.13, 10.74, 5.75, 56.29]",2015-01-01 to 2025-12-31,36826.0,36822.0,2026-03-23,SPECIES,1813415,100.0,,,"BZ,CA,CR,CU,GT,HN,MX,NI,NL,US",Central America,,,
Iridopsis defectaria,Brown-shaded Gray,ingested,lepidoptera,"[-108.95, 14.02, -71.26, 47.79]",2015-02-10 to 2025-12-31,9384.0,9384.0,2026-03-23,SPECIES,9544337,100.0,,,"CA,HN,MX,US",Northern America,,,
Papilio machaon,Artemisia Swallowtail,pending,lepidoptera,"[-166.03, 0.51, 170.61, 70.82]",2015-01-01 to 2025-12-31,286230.0,209341.0,2026-04-13,SPECIES,8225376,73.1,,,"AD,AE,AF,AL,AM,AT,AX,AZ,BA,BE,BG,BT,BY,CA,CH,CN,CY,CZ,DE,DK,DZ,EE,ES,FI,FR,GB,GE,GI,GR,HK,HR,HU,IE,IL,IN,IQ,IR,IS,IT,JE,JO,JP,KG,KR,KZ,LB,LI,LT,LU,LV,MA,MD,ME,MK,MN,MT,NL,NO,NP,OM,PK,PL,PS,PT,RO,RS,RU,SE,SI,SK,SM,SY,TJ,TM,TN,TR,TW,UA,US,UZ,VN,XK",Southern Europe,,,
Thymelicus lineola,Essex Skipper,ingested,lepidoptera,"[-128.78, 31.20, 160.09, 66.80]",2015-01-01 to 2025-09-21,221863.0,197553.0,2026-03-24,SPECIES,8133678,89.0,,,"AD,AL,AM,AT,AX,BA,BE,BG,BY,CA,CH,CN,CZ,DE,DK,DZ,EE,ES,FI,FR,GB,GE,GR,HR,HU,IE,IR,IT,JE,JP,KG,KZ,LB,LI,LT,LU,LV,MA,MD,ME,MK,NL,NO,PL,PM,PS,PT,RO,RS,RU,SE,SI,SK,TR,UA,US,UZ,XK",Southern Europe,,,
Pleuroprucha insulsaria,Common Tan Wave,ingested,lepidoptera,"[-107.47, -30.03, 44.03, 49.91]",2015-02-01 to 2025-12-28,13746.0,13745.0,2026-03-24,SPECIES,1968942,100.0,,,"BM,BR,CA,CO,CR,CU,GT,HN,MX,PA,PE,PR,SO,TT,US,VE",Central America,,,
Pseudothyatira cymatophoroides,Tufted Thyatirid Moth,ingested,lepidoptera,"[-135.88, 32.40, -52.77, 58.45]",2015-05-15 to 2025-10-08,4081.0,4081.0,2026-03-24,SPECIES,1952093,100.0,,,"CA,US",Northern America,,,
Ascia monuste,Great Southern White,ingested,lepidoptera,"[-115.19, -37.37, -34.83, 40.37]",2015-01-03 to 2025-12-31,15389.0,15030.0,2026-03-24,SPECIES,5137540,97.7,,,"AG,AI,AR,AW,BB,BL,BO,BQ,BR,BS,BZ,CO,CR,CU,CW,DM,DO,EC,GD,GF,GP,GT,GY,HN,HT,JM,KN,KY,LC,MF,MQ,MS,MX,NI,PA,PE,PR,PY,SR,SV,SX,TC,TT,US,UY,VC,VE,VG,VI",Caribbean,,,
Nematocampa resistaria,Horned Spanworm Moth,ingested,lepidoptera,"[-125.26, 27.49, -60.43, 53.61]",2017-03-28 to 2024-09-30,0.0,3186.0,2026-03-17,SPECIES,1991012,100.0,,,"CA,US",Northern America,,,
Eurema lisa,Little Yellow,ingested,lepidoptera,"[-110.24, 12.56, -61.39, 39.46]",2020-01-03 to 2020-06-25,0.0,300.0,2026-03-17,SPECIES,5714871,100.0,,,"AG,AI,AW,CU,DO,HN,MX,PR,US,VC",Caribbean,,,
Aglais io,Peacock,ingested,lepidoptera,"[-76.54, -38.71, 146.82, 70.44]",2015-01-01 to 2025-12-31,1421861.0,984128.0,2026-03-24,SPECIES,4535827,69.2,,,"AD,AL,AM,AT,AX,BA,BE,BG,BR,BY,CA,CH,CL,CN,CZ,DE,DK,EE,ES,FI,FR,GB,GE,GG,GI,GR,HK,HR,HU,IE,IM,IN,IR,IS,IT,JE,JP,KG,KP,KR,KZ,LI,LT,LU,LV,MD,ME,MK,MN,MY,NG,NL,NO,PL,PT,RO,RS,RU,SE,SG,SI,SK,TN,TR,UA,US,UY,XK,ZA",Northern Europe,,,
Coesyra hemiphragma,,ingested,lepidoptera,"[152.45, -32.38, 153.58, -26.61]",2017-09-06 to 2025-11-11,245.0,245.0,2026-03-23,SPECIES,1834850,100.0,,,AU,Australia and New Zealand,,,
Lophocampa maculata,Spotted Tussock Moth,ingested,lepidoptera,"[-135.45, 32.63, -52.76, 62.65]",2022-01-11 to 2022-12-24,0.0,1821.0,2026-03-17,SPECIES,1817729,100.0,,,"CA,US",Northern America,,,
Asterocampa celtis,Hackberry Emperor,ingested,lepidoptera,"[-113.14, 20.10, -70.95, 46.81]",2015-01-01 to 2025-12-13,35023.0,34143.0,2026-03-23,SPECIES,1898416,97.5,,,"CA,MX,US",Northern America,,,
Cisseps fulvicollis,Yellow-collared scape moth,ingested,lepidoptera,"[-123.92, 27.78, -60.89, 53.01]",2015-04-15 to 2015-12-30,0.0,225.0,2026-03-17,SPECIES,1810469,100.0,,,"CA,US",Northern America,,,
Amphithera heteroleuca,,ingested,lepidoptera,"[152.82, -31.64, 153.45, -26.61]",2022-02-11 to 2022-12-23,0.0,37.0,2026-03-17,SPECIES,1748780,100.0,,,AU,Australia and New Zealand,,,
Lymantria dispar,"Asian Gypsy Moth, Gypsy Moth",ingested,lepidoptera,"[-122.30, 7.10, 145.00, 61.77]",2015-01-01 to 2023-08-31,0.0,71375.0,2026-03-23,SPECIES,1820406,100.0,,,"AL,AM,AT,AZ,BA,BE,BG,BY,CA,CH,CN,CY,CZ,DE,DK,DZ,EE,ES,FI,FR,GB,GE,GG,GR,HR,HU,IL,IN,IR,IT,JE,JP,KG,KR,KZ,LI,LK,LT,LU,LV,MA,MD,ME,MK,MN,NL,PL,PT,RO,RS,RU,SE,SI,SK,SM,SY,TJ,TR,UA,US,UZ,XK",Southern Europe,,,
Scopula limboundata,Large Lace Border,ingested,lepidoptera,"[-121.73, 30.27, -62.73, 56.12]",2015-05-14 to 2015-09-19,0.0,203.0,2026-03-17,SPECIES,5145521,100.0,,,"CA,US",Northern America,,,
Xestia c-nigrum,Cutworm Moth,ingested,lepidoptera,"[-151.54, 11.39, 158.43, 66.38]",2015-01-01 to 2025-12-13,284154.0,246012.0,2026-03-24,SPECIES,5714973,86.6,,,"AM,AT,AX,AZ,BA,BE,BG,BT,BY,CA,CH,CN,CY,CZ,DE,DK,EE,ES,FI,FR,GB,GE,GG,GR,HR,HU,IE,IM,IN,IR,IS,IT,JE,JP,KG,KR,KZ,LI,LT,LU,LV,MA,MD,ME,MK,NL,NO,NP,PK,PL,PT,RO,RS,RU,SE,SI,SK,TR,UA,US,UZ",Northern Europe,,,
Pieris napi,Green-veined White,ingested,lepidoptera,"[-89.31, 34.53, 160.64, 71.14]",2015-01-01 to 2023-12-27,0.0,281384.0,2026-03-17,SPECIES,1920494,100.0,,,"AD,AL,AM,AT,AX,BA,BE,BG,BY,CA,CH,CZ,DE,DK,EE,ES,FI,FR,GB,GE,GG,GR,HR,HU,IE,IM,IR,IT,JE,KG,KR,KZ,LI,LT,LU,LV,ME,MK,NL,NO,PL,PT,RO,RS,RU,SE,SI,SK,TR,UA,XK",Northern Europe,,,
Protoboarmia porcelaria,Porcelain Gray,ingested,lepidoptera,"[-124.27, 27.27, -52.76, 54.83]",2015-03-23 to 2025-12-30,8674.0,8665.0,2026-03-17,SPECIES,4302230,99.9,,,"CA,US",Northern America,,,
Ctenucha virginica,Virginia Ctenucha Moth,ingested,lepidoptera,"[-123.18, 31.36, -52.60, 60.90]",2015-03-14 to 2025-12-24,18779.0,18768.0,2026-03-17,SPECIES,1814843,99.9,,,"CA,PM,US",Northern America,,,
Epirrhoe alternata,Common Carpet,ingested,lepidoptera,"[-166.52, 35.97, 140.38, 70.58]",2015-01-01 to 2025-10-20,163252.0,140416.0,2026-03-24,SPECIES,8361848,86.0,,,"AL,AT,AX,AZ,BA,BE,BG,BY,CA,CH,CZ,DE,DK,EE,ES,FI,FR,GB,GE,GG,GR,HR,HU,IE,IM,IS,IT,JE,JP,KZ,LI,LT,LU,LV,MD,ME,MK,MT,NL,NO,PL,PT,RO,RS,RU,SE,SI,SK,TR,UA,US",Northern Europe,,,
Ectropis bispinaria,,ingested,lepidoptera,"[138.55, -43.49, 153.43, -17.05]",2015-02-06 to 2025-12-31,701.0,701.0,2026-03-17,SPECIES,1980821,100.0,,,AU,Australia and New Zealand,,,
Casbia rectaria,Pomaderris Moth,ingested,lepidoptera,"[116.00, -35.83, 153.60, -12.62]",2015-02-01 to 2025-12-31,1524.0,1524.0,2026-03-17,SPECIES,1978937,100.0,,,AU,Australia and New Zealand,,,
Ecliptopera silaceata,Small Phoenix,ingested,lepidoptera,"[-150.86, 36.37, 158.61, 70.42]",2015-01-01 to 2024-08-31,0.0,48571.0,2026-03-17,SPECIES,1978445,100.0,,,"AT,BE,BG,BY,CA,CH,CZ,DE,DK,EE,ES,FI,FR,GB,GE,GG,GR,HR,HU,IE,IM,IT,KR,LI,LT,LU,LV,NL,NO,PL,RS,RU,SE,SI,SK,UA,US",Northern Europe,,,
Eurema hecabe,Common Grass Yellow,ingested,lepidoptera,"[-179.88, -36.10, 180.00, 38.24]",2015-01-01 to 2025-12-31,15174.0,15107.0,2026-03-23,SPECIES,5137849,99.6,,,"AO,AS,AU,BD,BF,BI,BJ,BN,BT,BW,CD,CG,CI,CM,CN,CV,ET,FJ,GA,GH,GM,GU,HK,ID,IN,JP,KE,KH,KR,LA,LK,LR,ML,MM,MO,MP,MV,MW,MY,MZ,NC,NE,NG,NP,OM,PG,PH,PK,RW,SB,SD,SG,SL,SN,SZ,TD,TH,TO,TW,TZ,UG,VN,VU,WS,ZA,ZM,ZW",Sub-Saharan Africa,,,
Acrocercops obscurella,,ingested,lepidoptera,"[152.78, -28.83, 153.44, -26.48]",2021-01-19 to 2025-12-09,212.0,212.0,2026-03-23,SPECIES,1750934,100.0,,,AU,Australia and New Zealand,,,
Spilosoma virginica,Virginia Tiger Moth,ingested,lepidoptera,"[-128.34, -35.68, -52.62, 58.66]",2025-01-05 to 2025-08-31,0.0,4200.0,2026-03-17,SPECIES,1811948,100.0,,,"AR,CA,MX,PM,US",Northern America,,,
Horisme intestinata,Brown Bark Carpet,ingested,lepidoptera,"[-122.43, 29.11, -59.94, 55.81]",2015-03-19 to 2025-10-26,3390.0,3389.0,2026-03-24,SPECIES,1971835,100.0,,,"CA,US",Northern America,,,
Pieris brassicae,Cabbage White,ingested,lepidoptera,"[-73.40, -38.76, 143.02, 67.19]",2019-01-01 to 2020-04-28,0.0,91022.0,2026-03-17,SPECIES,1920506,100.0,,,"AM,AR,AT,AX,BE,BG,BT,CH,CL,CN,CY,CZ,DE,DK,DZ,EE,ES,FI,FR,GB,GE,GR,HR,HU,IE,IL,IM,IN,IS,IT,JE,JP,KZ,LB,LI,LT,LU,LV,MA,MN,MT,NL,NO,PK,PL,PS,PT,RO,RS,RU,SE,SI,SY,TR,UA,UZ,ZA",Northern Europe,,,
Macaria pustularia,Lesser Maple Spanworm Moth,ingested,lepidoptera,"[-97.44, 32.57, -55.65, 49.98]",2024-05-08 to 2024-10-18,0.0,2456.0,2026-03-23,SPECIES,9368398,100.0,,,"CA,US",Northern America,,,
Automeris io,Io Moth,ingested,lepidoptera,"[-105.46, 9.49, -70.10, 48.93]",2016-01-03 to 2016-12-30,0.0,272.0,2026-03-17,SPECIES,1866085,100.0,,,"CA,CO,MX,US",Northern America,,,
Spoladea recurvalis,Beet Webworm,ingested,lepidoptera,"[-175.03, -41.60, 176.15, 55.87]",2023-01-01 to 2023-12-31,0.0,3633.0,2026-03-17,SPECIES,1886251,100.0,,,"AE,AG,AI,AL,AT,AU,BD,BE,BH,BJ,BM,BQ,BR,BS,BT,BW,BZ,CA,CK,CL,CM,CN,CO,CR,CV,CY,DO,DZ,EC,EG,EH,ER,ES,ET,FR,GB,GH,GM,GN,GR,GY,HK,HN,ID,IE,IL,IN,IR,IT,JE,JM,JP,KE,KH,KN,KR,KW,LK,LR,MA,MF,MG,MM,MO,MP,MT,MU,MW,MX,MY,MZ,NF,NG,NL,NP,NZ,OM,PA,PE,PF,PG,PH,PK,PN,PR,PS,PT,QA,RE,RU,RW,SA,SG,SR,SY,SZ,TH,TO,TR,TT,TW,TZ,UG,US,UY,UZ,VE,VN,VU,WS,ZA,ZM,ZW",Sub-Saharan Africa,,,
Lophocampa caryae,Hickory Tussock Moth,ingested,lepidoptera,"[-91.01, 27.80, -65.39, 45.55]",2017-04-26 to 2017-11-02,0.0,708.0,2026-03-23,SPECIES,1817732,100.0,,,"CA,US",Northern America,,,
Gonepteryx rhamni,Brimstone,ingested,lepidoptera,"[-61.64, 16.16, 93.39, 69.77]",2015-01-04 to 2025-12-31,1252934.0,923963.0,2026-03-23,SPECIES,1920712,73.7,,,"AD,AL,AM,AT,AX,AZ,BA,BE,BG,BY,CH,CN,CZ,DE,DK,DZ,EE,EG,ES,FI,FR,GB,GE,GG,GP,GR,HR,HU,IE,IL,IN,IR,IT,JE,KG,KZ,LB,LI,LT,LU,LV,MA,MC,ME,MK,NL,NO,PL,PT,RO,RS,RU,SE,SI,SK,SY,TR,UA,XK",Southern Europe,,,
Coenonympha pamphilus,Small Heath,ingested,lepidoptera,"[-10.56, 31.11, 88.25, 67.71]",2015-01-01 to 2025-11-08,885416.0,730582.0,2026-03-28,SPECIES,1911461,82.5,,,"AD,AL,AM,AT,AX,AZ,BA,BE,BG,BY,CH,CN,CZ,DE,DK,DZ,EE,ES,FI,FR,GB,GE,GG,GR,HR,HU,IE,IM,IQ,IR,IT,JE,KG,KZ,LB,LI,LT,LU,LV,MA,MD,ME,MK,MT,NL,NO,PL,PT,RO,RS,RU,SE,SI,SK,SM,TJ,TN,TR,UA,UZ,XK",Southern Europe,,,
Cladara limitaria,Mottled Gray Carpet,ingested,lepidoptera,"[-135.32, 35.54, -69.95, 57.05]",2015-03-30 to 2015-05-28,0.0,82.0,2026-03-17,SPECIES,4302274,100.0,,,"CA,US",Northern America,,,
Lasiommata megera,The Wall,ingested,lepidoptera,"[-10.41, 30.15, 55.05, 59.95]",2015-01-01 to 2018-06-30,0.0,85110.0,2026-03-24,SPECIES,4535632,100.0,,,"AD,AL,AM,AT,AZ,BA,BE,BG,BY,CH,CY,CZ,DE,DK,ES,FR,GB,GE,GG,GI,GR,HR,HU,IE,IL,IM,IR,IT,JE,JO,LI,LT,LU,LV,MA,MC,ME,MK,MT,NL,NO,PL,PS,PT,RO,RS,RU,SE,SI,SK,SY,TR,UA,XK",Southern Europe,,,
Malacosoma disstria,Forest Tent Caterpillar,ingested,lepidoptera,"[-124.00, 27.94, -60.03, 60.11]",2016-01-01 to 2016-10-08,0.0,389.0,2026-03-17,SPECIES,5101763,100.0,,,"CA,US",Northern America,,,
Adoneta spinuloides,Purple-crested Slug Moth,ingested,lepidoptera,"[-97.88, 27.67, -70.68, 47.17]",2015-04-15 to 2025-11-29,1254.0,1253.0,2026-03-24,SPECIES,1752285,99.9,,,"CA,US",Northern America,,,
Neoalcis californiaria,Brown-lined Looper,ingested,lepidoptera,"[-135.34, 33.24, -117.00, 57.06]",2017-06-02 to 2017-10-24,0.0,94.0,2026-03-17,SPECIES,1970119,100.0,,,"CA,US",Northern America,,,
Hypena baltimoralis,Baltimore Snout,ingested,lepidoptera,"[-97.77, 26.50, -59.94, 48.60]",2024-02-11 to 2024-12-31,0.0,1726.0,2026-03-17,SPECIES,9238900,100.0,,,"CA,US",Northern America,,,
Lithacodes fasciola,Yellow-shouldered Slug Moth,ingested,lepidoptera,"[-108.46, 25.55, -61.44, 52.75]",2015-03-31 to 2025-11-16,5892.0,5887.0,2026-03-24,SPECIES,5105603,99.9,,,"CA,MX,US",Northern America,,,
Barea nymphica,,ingested,lepidoptera,"[152.41, -32.23, 153.41, -26.71]",2016-10-10 to 2025-10-20,182.0,182.0,2026-03-24,SPECIES,1838255,100.0,,,AU,Australia and New Zealand,,,
Phrissogonus laticostata,Apple Looper,ingested,lepidoptera,"[114.27, -43.77, 178.00, -12.76]",2022-01-01 to 2022-12-31,0.0,1214.0,2026-03-17,SPECIES,1992167,100.0,,,"AU,NF,NZ",Australia and New Zealand,,,
Actias luna,Luna Moth,ingested,lepidoptera,"[-114.50, 16.49, 7.58, 56.74]",2015-02-26 to 2025-12-22,36508.0,36507.0,2026-03-24,SPECIES,1865668,100.0,,,"CA,DE,MX,US",Northern America,,,
Erynnis horatius,Horace's Duskywing,ingested,lepidoptera,"[-101.06, 25.38, -70.63, 41.81]",2015-01-01 to 2015-12-31,0.0,201.0,2026-03-17,SPECIES,5977216,100.0,,,US,Northern America,,,
Darapsa myron,Hog Sphinx,ingested,lepidoptera,"[-103.84, 21.16, -69.75, 45.69]",2021-01-25 to 2021-12-10,0.0,1275.0,2026-03-17,SPECIES,1863088,100.0,,,"CA,MX,US",Northern America,,,
Spodoptera ornithogalli,Yellowstriped Armyworm,ingested,lepidoptera,"[-121.80, 6.16, -63.58, 46.01]",2021-01-05 to 2021-12-30,0.0,1531.0,2026-03-17,SPECIES,5109845,100.0,,,"BM,CA,CO,MX,US",Northern America,,,
Asterocampa clyton,Tawny Emperor,ingested,lepidoptera,"[-111.11, 18.88, -72.07, 46.56]",2015-01-01 to 2025-12-31,17241.0,16741.0,2026-03-24,SPECIES,1898431,97.1,,,"CA,MX,US",Northern America,,,
Pseudaletia unipuncta,Armyworm Moth,ingested,lepidoptera,"[-157.76, -29.46, 50.38, 60.20]",2023-01-01 to 2023-12-31,0.0,4595.0,2026-03-17,SPECIES,1780241,100.0,,,"AL,AR,AT,BG,CA,CH,CR,CY,DE,DZ,ES,FI,FR,GB,GE,GI,GR,HN,HR,HU,IR,IT,MA,MT,MX,NO,PE,PT,RO,RS,RU,SI,TR,UA,US",Southern Europe,,,
Junonia villida,Meadow Argus,ingested,lepidoptera,"[-179.99, -43.29, 179.91, 27.69]",2015-01-01 to 2025-12-31,12165.0,12091.0,2026-03-24,SPECIES,5130456,99.4,,,"AU,CC,CK,CO,CX,FJ,ID,IO,NC,NF,NZ,PG,PW,SB,TL,TO,TV,VU,WS",Australia and New Zealand,,,
Emmelina monodactyla,Common Plume,ingested,lepidoptera,"[-127.51, -6.41, 128.49, 66.58]",2018-01-01 to 2025-12-31,0.0,33843.0,2026-03-23,SPECIES,1859046,100.0,,,"AD,AL,AM,AT,AX,AZ,BA,BE,BG,BY,CA,CH,CN,CO,CY,CZ,DE,DK,DZ,EE,ES,FI,FR,GB,GE,GG,GR,HR,HU,IE,IL,IM,IQ,IR,IT,KG,KR,KW,KZ,LT,LU,LV,MD,ME,MK,MT,MX,NL,NO,PE,PL,PM,PS,PT,RO,RS,RU,SE,SI,SK,TR,UA,US",Southern Europe,,,
Plemyria georgii,George's Carpet Moth,ingested,lepidoptera,"[-150.05, 41.30, -80.20, 65.51]",2015-06-22 to 2016-10-10,0.0,25.0,2026-03-23,SPECIES,5715275,100.0,,,"CA,US",Northern America,,,
Ancyloxypha numitor,Common Least Skipper,ingested,lepidoptera,"[-112.96, 18.95, -58.57, 54.46]",2015-01-01 to 2025-11-30,20923.0,18450.0,2026-03-24,SPECIES,1949697,88.2,,,"CA,MX,US",Northern America,,,
Argynnis cybele,Great Spangled Fritillary,ingested,lepidoptera,"[-123.85, 33.73, -60.12, 56.34]",2019-03-30 to 2019-10-13,0.0,1351.0,2026-03-17,SPECIES,12044284,100.0,,,"CA,US",Northern America,,,
Ascalapha odorata,Black Witch,ingested,lepidoptera,"[-169.54, -38.85, 166.63, 52.71]",2015-01-01 to 2025-12-31,19441.0,19389.0,2026-03-17,SPECIES,1775796,99.7,,,"AG,AI,AR,AW,BB,BE,BM,BO,BQ,BR,BS,BZ,CA,CL,CO,CR,CU,CW,DM,DO,EC,GD,GF,GP,GT,GY,HN,HT,JM,KI,KN,KY,LC,MF,MQ,MS,MX,NI,PA,PE,PR,PY,SR,SV,SX,TC,TT,UM,US,UY,VC,VE,VG,VI",Caribbean,,,
Panoquina ocola,Ocola Skipper,ingested,lepidoptera,"[-106.61, -34.92, -40.30, 44.37]",2023-01-04 to 2023-12-30,0.0,1348.0,2026-03-17,SPECIES,1943571,100.0,,,"AR,BR,BZ,CA,CR,CU,DO,EC,JM,MX,PA,SR,TT,US,UY",South America,,,
Acharia stimulea,Saddleback Catterpillar Moth,ingested,lepidoptera,"[-105.27, 1.53, 5.53, 50.99]",2015-04-15 to 2025-12-29,5412.0,5412.0,2026-03-24,SPECIES,9776414,100.0,,,"BE,CA,CO,CR,GT,MX,US",Central America,,,
Lomographa glomeraria,Gray Spring Moth,ingested,lepidoptera,"[-93.18, 35.09, -64.62, 47.75]",2016-01-31 to 2016-07-28,0.0,72.0,2026-03-17,SPECIES,1986020,100.0,,,"CA,US",Northern America,,,
Echinargus isola,Reakirt's Blue,ingested,lepidoptera,"[-121.86, 14.52, -87.30, 43.20]",2023-01-01 to 2023-12-31,0.0,2229.0,2026-03-17,SPECIES,1924176,100.0,,,"GT,MX,US",Central America,,,
Vanessa itea,Yellow Admiral,ingested,lepidoptera,"[114.64, -46.62, 177.77, -24.41]",2023-01-01 to 2023-12-31,0.0,1314.0,2026-03-17,SPECIES,5806175,100.0,,,"AU,NZ",Australia and New Zealand,,,
Palpita magniferalis,Splendid Palpita Moth,ingested,lepidoptera,"[-113.44, 25.85, -60.05, 53.55]",2015-03-23 to 2025-12-22,4200.0,4199.0,2026-03-24,SPECIES,1889838,100.0,,,"CA,US",Northern America,,,
Natada nasoni,Nason's Slug Moth,ingested,lepidoptera,"[-94.10, 30.09, -76.69, 40.07]",2016-05-15 to 2016-11-07,0.0,26.0,2026-03-17,SPECIES,1753668,100.0,,,US,Northern America,,,
Polites peckius,Peck's Skipper,ingested,lepidoptera,"[-123.41, 33.88, -53.78, 59.23]",2015-01-01 to 2025-11-04,28512.0,24735.0,2026-03-24,SPECIES,1943982,86.8,,,"CA,US",Northern America,,,
Calluga costalis,,ingested,lepidoptera,"[105.59, -31.94, 153.29, 25.16]",2019-01-06 to 2019-12-28,0.0,76.0,2026-03-17,SPECIES,1957333,100.0,,,"AU,TW,VN",Eastern Asia,,,
Harrisina americana,Grapeleaf Skeletonizer Moth,ingested,lepidoptera,"[-107.47, 15.77, -67.62, 46.75]",2015-04-14 to 2025-12-27,6413.0,6412.0,2026-03-24,SPECIES,5105656,100.0,,,"CA,MX,US",Northern America,,,
Platynota exasperatana,Exasperating Platynota Moth,ingested,lepidoptera,"[-97.80, 26.61, -62.70, 48.13]",2022-01-31 to 2022-12-27,0.0,243.0,2026-03-17,SPECIES,1741812,100.0,,,"CA,US",Northern America,,,
Megisto cymela,Little Wood-Satyr,ingested,lepidoptera,"[-103.82, -21.77, -46.45, 51.85]",2015-01-01 to 2025-12-27,25182.0,22087.0,2026-03-24,SPECIES,4299764,87.7,,,"BR,CA,US",Northern America,,,
Mniotype tenera,,ingested,lepidoptera,"[-149.52, 49.07, -63.59, 60.99]",2017-07-18 to 2025-08-02,85.0,85.0,2026-03-24,SPECIES,9490756,100.0,,,"CA,US",Northern America,,,
Polygonia comma,Eastern Comma,ingested,lepidoptera,"[-105.12, 27.87, -64.49, 50.91]",2024-01-24 to 2025-12-31,0.0,7875.0,2026-03-17,SPECIES,5129430,100.0,,,"CA,US",Northern America,,,
Epimecis hortaria,Tulip-Tree Beauty,ingested,lepidoptera,"[-96.79, 28.25, -72.24, 42.82]",2020-02-05 to 2020-05-31,0.0,300.0,2026-03-23,SPECIES,5149237,100.0,,,US,Northern America,,,
Argynnis paphia,Silver-washed Fritillary,ingested,lepidoptera,"[-9.51, 28.31, 137.86, 62.99]",2018-01-01 to 2025-06-30,0.0,2822.0,2026-03-23,SPECIES,1909398,100.0,,,"AL,AM,AT,BE,BG,CH,CN,CZ,DE,DK,EE,ES,FI,FR,GB,GE,GR,HR,HU,IE,IT,JP,LU,MK,NL,NO,PL,PT,RO,RS,RU,SE,SI,SK,TR,UA",Southern Europe,,,
Scopula rubraria,Plantain Moth,ingested,lepidoptera,"[138.29, -45.85, 176.91, -25.05]",2022-01-01 to 2022-12-31,0.0,886.0,2026-03-17,SPECIES,5144937,100.0,,,"AU,NZ",Australia and New Zealand,,,
Tisiphone abeona,Swordgrass Brown,ingested,lepidoptera,"[140.47, -39.08, 153.61, -25.39]",2015-01-02 to 2025-12-31,3958.0,3952.0,2026-03-24,SPECIES,5128224,99.8,,,AU,Australia and New Zealand,,,
Minoa euthecta,,ingested,lepidoptera,"[152.74, -30.29, 153.30, -26.48]",2017-09-15 to 2025-12-12,209.0,209.0,2026-03-24,SPECIES,11660632,100.0,,,AU,Australia and New Zealand,,,
Nathalis iole,Dainty Sulphur,ingested,lepidoptera,"[-122.67, 10.00, -73.03, 45.49]",2024-01-01 to 2024-12-31,0.0,3950.0,2026-03-17,SPECIES,1920192,100.0,,,"CO,CU,GT,HN,MX,SV,US",Central America,,,
Phoebis agarithe,Large Orange Sulphur,ingested,lepidoptera,"[-159.77, -6.54, -59.52, 44.12]",2015-01-02 to 2025-12-31,8978.0,8468.0,2026-03-24,SPECIES,1919652,94.3,,,"AW,BB,BQ,BS,BZ,CA,CO,CR,CU,CW,DO,EC,GP,GT,HN,HT,JM,KY,LC,MQ,MX,NI,PA,PE,PR,SV,TT,US,VC",Caribbean,,,
Euchaetes egle,Milkweed Tussock Moth,ingested,lepidoptera,"[-113.92, 27.92, -61.35, 48.44]",2015-05-24 to 2025-11-02,25864.0,25853.0,2026-03-28,SPECIES,5116353,100.0,,,"CA,US",Northern America,,,
Acroceuthes metaxanthana,,ingested,lepidoptera,"[138.61, -43.16, 153.46, -25.33]",2015-12-03 to 2025-12-25,826.0,826.0,2026-03-24,SPECIES,1745019,100.0,,,AU,Australia and New Zealand,,,
Vanicela xenadelpha,,ingested,lepidoptera,"[130.87, -34.58, 153.59, -12.36]",2015-02-20 to 2025-11-27,299.0,299.0,2026-03-28,SPECIES,1836906,100.0,,,AU,Australia and New Zealand,,,
Chloroclystis mniochroa,,ingested,lepidoptera,"[145.68, -28.81, 153.30, -17.20]",2020-01-27 to 2020-12-22,0.0,15.0,2026-03-17,SPECIES,1989522,100.0,,,AU,Australia and New Zealand,,,
Autographa gamma,Silver Y,ingested,lepidoptera,"[-52.90, -23.66, 158.55, 70.54]",2015-01-01 to 2025-12-31,403936.0,361089.0,2026-03-30,SPECIES,1792418,89.4,,,"AD,AL,AM,AT,AX,AZ,BA,BE,BG,BY,CH,CY,CZ,DE,DK,DZ,EE,EG,ES,FI,FO,FR,GB,GE,GG,GI,GL,GR,HR,HU,IE,IL,IM,IQ,IR,IS,IT,JE,JP,KG,KR,KW,KZ,LB,LI,LT,LU,LV,MA,MD,ME,MG,MK,MT,NL,NO,PL,PS,PT,RO,RS,RU,SE,SI,SK,SY,TN,TR,UA,UZ,XK",Northern Europe,,,
Leptotes marina,Marine Blue,ingested,lepidoptera,"[-122.48, -2.17, -71.74, 47.79]",2015-01-01 to 2025-12-30,15845.0,15290.0,2026-03-24,SPECIES,5140063,96.5,,,"CA,EC,GT,HN,MX,NI,SV,US",Central America,,,
Fishia illocata,Wandering Brocade Moth,ingested,lepidoptera,"[-135.33, 41.72, -57.44, 57.05]",2019-08-23 to 2019-10-21,0.0,131.0,2026-03-17,SPECIES,9322646,100.0,,,"CA,US",Northern America,,,
Tympanota perophora,,complete,lepidoptera,"[153.25, -28.18, 153.25, -28.18]",2016-11-18 to 2016-11-18,0.0,1.0,2026-03-17,SPECIES,1988302,100.0,,,AU,Australia and New Zealand,,,
Phragmatobia fuliginosa,Ruby Tiger,ingested,lepidoptera,"[-159.96, 34.87, 158.61, 70.24]",2023-01-01 to 2023-12-31,0.0,9002.0,2026-03-17,SPECIES,1804071,100.0,,,"AD,AL,AM,AT,AX,BA,BE,BG,BY,CA,CH,CN,CZ,DE,DK,EE,ES,FI,FR,GB,GE,GG,GR,HR,HU,IE,IM,IT,KZ,LI,LT,LU,LV,MA,ME,NL,NO,PL,PT,RO,RS,RU,SE,SI,SK,TR,UA,US,UZ",Northern Europe,,,
Hypercompe scribonia,Giant Leopard Moth,ingested,lepidoptera,"[-106.21, 8.43, -69.95, 53.63]",2023-01-01 to 2023-12-30,0.0,3551.0,2026-03-17,SPECIES,1811079,100.0,,,"BZ,CA,CR,GT,HN,MX,PA,US",Central America,,,
Costaconvexa centrostrigaria,Bent-line Carpet,ingested,lepidoptera,"[-124.78, 19.48, -8.72, 51.19]",2015-01-05 to 2025-12-30,16867.0,16848.0,2026-03-29,SPECIES,4524223,99.9,,,"CA,ES,MX,PT,US",Northern America,,,
Galgula partita,Wedgeling,ingested,lepidoptera,"[-122.78, 20.82, -2.78, 50.93]",2015-01-01 to 2015-12-27,0.0,123.0,2026-03-17,SPECIES,1787438,100.0,,,"CA,GB,MX,US",Northern America,,,
Papilio polytes,Common Mormon,ingested,lepidoptera,"[70.46, 1.22, 145.73, 36.04]",2022-01-01 to 2022-12-31,0.0,1867.0,2026-03-17,SPECIES,1938088,100.0,,,"BD,BT,CN,GU,HK,IN,JP,KH,LA,LK,MM,MP,MV,MY,NP,PK,SG,TH,TW,VN",Southern Asia,,,
Prochoerodes lineola,Large Maple Spanworm,ingested,lepidoptera,"[-100.00, 28.13, -72.89, 45.36]",2021-02-27 to 2021-06-30,0.0,300.0,2026-03-17,SPECIES,1963848,100.0,,,"CA,US",Northern America,,,
Cutina distincta,Distinguished Cypress Owlet Moth,ingested,lepidoptera,"[-95.26, 25.76, -75.44, 40.43]",2015-02-17 to 2025-09-28,364.0,364.0,2026-03-24,SPECIES,1770384,100.0,,,US,Northern America,,,
Pontia protodice,Checkered White,ingested,lepidoptera,"[-123.97, 14.41, -72.65, 52.46]",2015-01-01 to 2025-12-31,22812.0,22234.0,2026-03-24,SPECIES,5137800,97.5,,,"CA,GT,MX,US",Northern America,,,
Scoparia biplagialis,Double-striped Scoparia Moth,ingested,lepidoptera,"[-151.23, 9.69, -55.36, 64.89]",2015-05-04 to 2025-10-12,4182.0,4164.0,2026-03-24,SPECIES,5126963,99.6,,,"CA,CR,MX,US",Northern America,,,
Elophila obliteralis,Waterlily Leafcutter Moth,ingested,lepidoptera,"[-122.66, 25.44, -62.73, 50.81]",2024-01-19 to 2024-07-31,0.0,1500.0,2026-03-17,SPECIES,9181627,100.0,,,"CA,US",Northern America,,,
Hypoprepia fucosa,Painted Lichen Moth,ingested,lepidoptera,"[-100.83, 27.47, -70.90, 46.00]",2025-03-29 to 2025-06-30,0.0,300.0,2026-03-23,SPECIES,1806737,100.0,,,"CA,US",Northern America,,,
Euplexia benesimilis,American Angle Shades,ingested,lepidoptera,"[-135.78, 31.48, -52.74, 57.31]",2015-03-02 to 2025-11-08,3086.0,3084.0,2026-03-24,SPECIES,1776618,99.9,,,"CA,US",Northern America,,,
Acronicta americana,American Dagger Moth,ingested,lepidoptera,"[-104.88, 29.26, -64.60, 48.38]",2019-03-09 to 2019-07-31,0.0,300.0,2026-03-23,SPECIES,1783008,100.0,,,"CA,US",Northern America,,,
Oxycanus beltista,,ingested,lepidoptera,"[150.21, -34.68, 153.29, -26.71]",2017-05-14 to 2025-06-30,226.0,226.0,2026-03-24,SPECIES,1828491,100.0,,,AU,Australia and New Zealand,,,
Lon hobomok,Hobomok Skipper,ingested,lepidoptera,"[-114.69, 35.07, -60.40, 53.63]",2017-05-01 to 2023-06-06,0.0,563.0,2026-03-17,SPECIES,11834445,100.0,,,"CA,US",Northern America,,,
oreta rosea,Rose Hooktip,ingested,lepidoptera,"[-121.70, 27.72, -60.05, 55.81]",2015-04-11 to 2020-10-27,0.0,456.0,2026-03-17,SPECIES,1951448,100.0,,,"CA,US",Northern America,,,
Caripeta divisata,Gray Spruce Looper,ingested,lepidoptera,"[-135.78, 34.84, -52.71, 60.72]",2015-06-12 to 2025-09-25,3832.0,3830.0,2026-03-24,SPECIES,5144593,99.9,,,"CA,US",Northern America,,,
Anticarsia gemmatalis,Cutworm Moth,ingested,lepidoptera,"[-111.21, -61.28, 15.89, 48.86]",2015-02-19 to 2025-12-30,6195.0,6189.0,2026-03-24,SPECIES,1777942,99.9,,,"AG,AI,AQ,AR,BB,BM,BO,BQ,BR,BZ,CA,CL,CO,CR,CU,CW,DO,EC,GF,GP,GT,HN,JM,KN,KY,LC,MQ,MS,MX,NI,PA,PE,PR,SR,SV,SX,TT,US,UY,VE",Caribbean,,,
Cercyonis pegala,Common Wood-Nymph,ingested,lepidoptera,"[-124.21, 29.87, -59.95, 55.26]",2022-03-12 to 2022-07-31,0.0,1403.0,2026-03-23,SPECIES,1915492,100.0,,,"CA,US",Northern America,,,
Celastrina neglecta,Summer Azure,ingested,lepidoptera,"[-115.61, 29.89, -66.69, 52.75]",2015-03-07 to 2025-11-25,16961.0,14923.0,2026-03-24,SPECIES,4300004,88.0,,,"CA,US",Northern America,,,
Melanargia galathea,Marbled White,ingested,lepidoptera,"[-9.05, -2.21, 91.67, 56.75]",2015-01-01 to 2025-12-03,483212.0,476410.0,2026-03-25,SPECIES,7854318,98.6,,,"AD,AL,AM,AT,AZ,BA,BE,BG,BY,CH,CZ,DE,DK,ES,FR,GB,GE,GR,HR,HU,IN,IT,JE,LI,LT,LU,MD,ME,MK,NL,PL,PT,RO,RS,RU,RW,SE,SI,SK,SM,TR,UA,XK",Southern Europe,,,
Heterogenea shurtleffi,Red-eyed Button Slug Moth,ingested,lepidoptera,"[-98.25, 28.13, -70.68, 42.35]",2015-04-15 to 2025-11-22,413.0,413.0,2026-03-25,SPECIES,10515719,100.0,,,US,Northern America,,,
Brephidium exilis,Western Pygmy-Blue,ingested,lepidoptera,"[-159.78, 10.04, 59.58, 46.71]",2015-01-01 to 2025-12-31,14390.0,14180.0,2026-03-29,SPECIES,1932172,98.5,,,"AE,AW,BH,BQ,BZ,CO,CR,CU,CW,DO,EG,IL,JM,JO,KW,KY,MX,NI,OM,PS,QA,SA,US,VE",Western Asia,,,
Pyronia tithonus,Gatekeeper,ingested,lepidoptera,"[-16.50, 28.36, 31.95, 55.91]",2015-03-07 to 2025-11-06,879541.0,815516.0,2026-04-01,SPECIES,7622059,92.7,,,"AD,AL,BA,BE,BG,CH,CZ,DE,ES,FR,GB,GG,GR,HR,HU,IE,IT,JE,LU,MK,NL,PL,PT,RO,RS,SI,TR,XK",Southern Europe,,,
Argyrotaenia velutinana,Red-banded Leafroller Moth,ingested,lepidoptera,"[-112.09, 29.21, -60.43, 50.56]",2015-03-18 to 2025-12-29,5722.0,5719.0,2026-03-31,SPECIES,1747189,99.9,,,"CA,US",Northern America,,,
Gymnoscelis rufifasciata,Cankerworm,ingested,lepidoptera,"[-17.78, 28.35, 23.74, 59.61]",2019-01-01 to 2019-03-31,0.0,891.0,2026-03-23,SPECIES,1992066,100.0,,,"AT,BE,CH,DE,ES,FR,GB,GR,HU,IM,IT,LU,MA,NL,NO,PT,RS",Western Europe,,,
Manduca sexta,Carolina Sphinx,ingested,lepidoptera,"[-123.34, -37.51, 151.12, 53.94]",2015-01-31 to 2025-12-23,17675.0,17660.0,2026-03-25,SPECIES,1863978,99.9,,,"AU,BQ,BS,BZ,CA,CL,CO,CR,CU,DE,GP,HN,LC,MF,MQ,MS,MX,NI,PA,PR,SV,SX,TC,US,VE",Caribbean,,,
Phosphila miselioides,Spotted Phosphila Moth,ingested,lepidoptera,"[-103.53, 15.15, -70.02, 50.38]",2015-04-15 to 2025-12-02,3295.0,3295.0,2026-03-25,SPECIES,1760455,100.0,,,"CA,GT,MX,US",Northern America,,,
Celastrina argiolus,Holly Blue,ingested,lepidoptera,"[-116.30, 16.10, 145.78, 70.52]",2015-01-01 to 2025-12-23,542256.0,485767.0,2026-03-30,SPECIES,1925918,89.6,,,"AD,AL,AM,AT,AX,BA,BE,BG,BY,CH,CN,CY,CZ,DE,DK,DZ,EE,ES,FI,FR,GB,GE,GG,GI,GR,HR,HU,IE,IL,IM,IN,IR,IT,JE,JP,KG,KP,KR,KZ,LB,LI,LT,LU,LV,LY,MA,MD,ME,MK,MM,MT,MX,NL,NO,NP,PK,PL,PT,RO,RS,RU,SE,SI,SK,SM,SY,TH,TN,TR,TW,UA,US,UZ,XK",Southern Europe,,,
Anicla infecta,Green Cutworm,ingested,lepidoptera,"[-118.09, -15.76, -47.86, 43.50]",2019-01-02 to 2019-08-29,0.0,300.0,2026-03-17,SPECIES,1761892,100.0,,,"BR,CA,CR,DO,MQ,MX,US",Northern America,,,
Eutrapela clemataria,Curved-Toothed Geometer,ingested,lepidoptera,"[-105.94, 27.91, -59.94, 53.82]",2015-03-04 to 2025-12-30,13965.0,13963.0,2026-03-30,SPECIES,5148520,100.0,,,"CA,US",Northern America,,,
Scopula optivata,Varied Wave Moth,ingested,lepidoptera,"[115.13, -43.48, 153.45, -13.02]",2015-02-06 to 2025-12-31,1537.0,1537.0,2026-03-25,SPECIES,5144942,100.0,,,AU,Australia and New Zealand,,,
Cecropterus dorantes,Lilac-banded longtail,ingested,lepidoptera,"[-112.07, -34.76, -38.02, 43.58]",2023-01-01 to 2023-05-30,0.0,300.0,2026-03-17,SPECIES,12070012,100.0,,,"AR,BR,BS,CA,CO,CR,DO,EC,GF,GP,LC,MQ,MX,NI,PA,PR,TT,US,VE",Caribbean,,,
Pseudeustrotia carneola,Pink-barred Lithacodia Moth,ingested,lepidoptera,"[-120.97, 30.95, -55.36, 56.29]",2015-04-30 to 2025-10-19,9916.0,9910.0,2026-03-25,SPECIES,9368026,99.9,,,"CA,US",Northern America,,,
Idia aemula,Common Idia Moth,ingested,lepidoptera,"[-139.44, 26.30, -57.69, 64.08]",2015-04-12 to 2025-12-28,14887.0,14886.0,2026-03-25,SPECIES,9407200,100.0,,,"CA,US",Northern America,,,
Clepsis peritana,Garden Tortrix,ingested,lepidoptera,"[-139.31, 20.03, -3.54, 61.51]",2017-01-10 to 2017-12-18,0.0,231.0,2026-03-17,SPECIES,4530608,100.0,,,"CA,ES,MX,PT,US",Northern America,,,
Colias philodice,Clouded Sulphur,ingested,lepidoptera,"[-164.80, 14.93, -52.63, 68.35]",2015-01-01 to 2025-12-27,35772.0,26512.0,2026-03-25,SPECIES,5137672,74.1,,,"CA,GT,MX,US",Central America,,,
Aphantopus hyperantus,Ringlet,ingested,lepidoptera,"[-79.34, 27.83, 140.29, 67.09]",2015-03-01 to 2025-12-27,806934.0,753782.0,2026-03-30,SPECIES,1896841,93.4,,,"AD,AL,AT,AX,BA,BE,BG,BY,CA,CH,CN,CZ,DE,DK,EE,ES,FI,FR,GB,GR,HR,HU,IE,IT,KR,KZ,LI,LT,LU,LV,ME,MK,MN,NL,NO,PL,RO,RS,RU,SE,SI,SK,TR,UA,XK",Southern Europe,,,
Heraclides cresphontes,Eastern Giant Swallowtail,ingested,lepidoptera,"[-105.07, -25.59, -54.07, 47.61]",2015-01-01 to 2025-12-30,25919.0,23878.0,2026-03-30,SPECIES,11059513,92.1,,,"AR,BS,CA,CR,MX,US",Northern America,,,
Hyppa contrasta,Summer Hyppa Moth,ingested,lepidoptera,"[-135.33, 43.77, -65.15, 57.05]",2024-06-05 to 2024-09-07,0.0,34.0,2026-03-17,SPECIES,1798371,100.0,,,"CA,US",Northern America,,,
Pholodes sinistraria,Sinister Moth,ingested,lepidoptera,"[144.75, -38.86, 153.54, -23.67]",2015-01-11 to 2025-12-29,1449.0,1449.0,2026-03-31,SPECIES,1985267,100.0,,,AU,Australia and New Zealand,,,
Anartia fatima,Banded Peacock,ingested,lepidoptera,"[-110.77, 8.49, -79.16, 31.37]",2016-01-01 to 2016-12-29,0.0,321.0,2026-03-17,SPECIES,5128005,100.0,,,"BZ,CR,GT,HN,MX,NI,PA,SV,US",Central America,,,
Glaucopsyche lygdamus,Silvery Blue,ingested,lepidoptera,"[-164.71, 22.20, 158.63, 70.19]",2015-01-01 to 2025-11-30,19203.0,16323.0,2026-03-26,SPECIES,1924106,85.0,,,"CA,MX,RU,US",Northern America,,,
Phyciodes cocyta,Northern Crescent,ingested,lepidoptera,"[-122.47, 21.14, -71.14, 42.16]",2017-01-05 to 2017-04-20,0.0,253.0,2026-03-17,SPECIES,1918971,100.0,,,"MX,US",Northern America,,,
Parallelia bistriaris,Maple Looper Moth,ingested,lepidoptera,"[-97.09, 29.53, -60.31, 47.39]",2022-03-07 to 2022-07-09,0.0,300.0,2026-03-23,SPECIES,1762474,100.0,,,"CA,US",Northern America,,,
Lampides boeticus,Bean butterfly,ingested,lepidoptera,"[-159.77, -41.33, 176.30, 53.92]",2024-01-01 to 2024-03-31,0.0,600.0,2026-03-17,SPECIES,1924713,100.0,,,"AE,AU,BD,BJ,BW,CN,CV,CY,DE,EG,ES,GI,GM,GN,GR,HK,ID,IL,IN,JP,KW,LA,LK,MA,MG,MO,MW,MY,NG,NP,NZ,OM,PH,PK,PT,RE,SG,SZ,TH,TR,TW,US,VN,ZA,ZM,ZW",Sub-Saharan Africa,,,
Crambus agitatellus,Double-banded Grass-veneer,ingested,lepidoptera,"[-95.32, 30.00, -62.73, 46.39]",2015-03-24 to 2015-09-03,0.0,160.0,2026-03-17,SPECIES,1880083,100.0,,,"CA,US",Northern America,,,
Hofmannophila pseudospretella,Brown House Moth,ingested,lepidoptera,"[-176.64, -46.90, 177.41, 68.60]",2015-01-01 to 2025-12-31,65183.0,64184.0,2026-03-26,SPECIES,1836899,98.5,,,"AT,AU,BE,BG,CA,CH,CL,CO,CR,CZ,DE,DK,EE,ES,FI,FO,FR,GB,GG,GR,IE,IM,IN,IS,IT,JE,LT,LU,ME,NF,NL,NO,NZ,PL,PT,RO,RU,SE,SG,SI,UA,US",Northern Europe,,,
Celastrina echo,Echo Azure,ingested,lepidoptera,"[-127.26, 8.78, -79.72, 52.44]",2015-01-25 to 2025-12-28,12879.0,12493.0,2026-03-26,SPECIES,1925843,97.0,,,"CA,CR,GT,HN,MX,PA,SV,US",Central America,,,
Hemaris diffinis,Bumblebee Moth,ingested,lepidoptera,"[-120.83, 29.25, -60.94, 60.00]",2015-03-20 to 2025-11-17,20453.0,17665.0,2026-03-30,SPECIES,1861836,86.4,,,"CA,US",Northern America,,,
Peribatodes rhomboidaria,Willow Beauty,ingested,lepidoptera,"[-9.69, -17.93, 88.63, 62.41]",2015-01-01 to 2025-12-15,252055.0,249869.0,2026-03-27,SPECIES,1957572,99.1,,,"AD,AL,AM,AT,AZ,BA,BE,BG,BY,CH,CY,CZ,DE,DK,DZ,EE,ES,FI,FR,GB,GE,GG,GI,GR,HR,HU,IE,IL,IM,IQ,IR,IT,JE,LB,LI,LT,LU,LV,MD,ME,MG,MK,NL,NO,PL,PS,PT,RO,RS,RU,SE,SI,SK,SY,TR,UA",Southern Europe,,,
Heteronympha penelope,Shouldered Brown,ingested,lepidoptera,"[143.40, -43.23, 152.37, -28.34]",2025-01-02 to 2025-05-14,0.0,350.0,2026-03-17,SPECIES,1899950,100.0,,,AU,Australia and New Zealand,,,
Junonia grisea,Gray Buckeye,ingested,lepidoptera,"[-124.50, 25.41, -101.87, 45.63]",2015-01-17 to 2025-12-30,16951.0,16935.0,2026-03-30,SPECIES,12258652,99.9,,,"MX,US",Northern America,,,
Rivula propinqualis,Spotted Grass Moth,ingested,lepidoptera,"[-99.77, 30.98, -62.70, 50.20]",2025-03-28 to 2025-06-30,0.0,300.0,2026-03-17,SPECIES,1769841,100.0,,,"CA,US",Northern America,,,
Cleora sabulata,,ingested,lepidoptera,"[131.81, -34.33, 153.53, -0.82]",2015-04-29 to 2025-12-22,632.0,632.0,2026-03-27,SPECIES,5148223,100.0,,,"AU,ID",Australia and New Zealand,,,
Heraclides rumiko,Wester Gian Swallowtail,ingested,lepidoptera,"[-119.71, 8.06, -79.55, 39.73]",2019-01-24 to 2019-12-31,0.0,760.0,2026-03-17,SPECIES,9041545,100.0,,,"CR,GT,HN,MX,NI,PA,SV,US",Central America,,,
Lethe anthedon,Northern Pearly-eye,ingested,lepidoptera,"[-118.47, 31.65, -60.22, 56.51]",2023-04-17 to 2023-11-24,0.0,2191.0,2026-03-23,SPECIES,4299804,100.0,,,"CA,US",Northern America,,,
Phocides batabano,Mangrove Skipper,ingested,lepidoptera,"[-84.95, 19.91, -75.12, 29.10]",2015-01-17 to 2025-12-31,1230.0,1230.0,2026-04-07,SPECIES,1947577,100.0,,,"BS,CU,US",Caribbean,,,
Phocides lilea,Guava Skipper,ingested,lepidoptera,"[-106.54, 9.80, -82.98, 26.43]",2015-01-11 to 2025-12-30,1506.0,1506.0,2026-04-07,SPECIES,1947568,100.0,,,"BZ,CR,GT,HN,MX,NI,SV,US",Central America,,,
Phocides polybius,Southern Guava Skipper,ingested,lepidoptera,"[-98.37, -36.62, -34.84, 26.18]",2015-02-20 to 2025-12-30,663.0,615.0,2026-04-07,SPECIES,1947597,92.8,,,"AR,BO,BR,CO,CR,GF,GT,MX,PA,PY,SR,TT,US,UY",South America,,,
Phocides urania,Rainbow Skipper,ingested,lepidoptera,"[-107.55, 1.62, -73.08, 25.93]",2015-04-07 to 2025-10-22,197.0,197.0,2026-04-07,SPECIES,1947588,100.0,,,"CO,GT,HN,MX,SV",Central America,,,
Perisama oppelii,,pending,lepidoptera,"[-79.74, -23.65, -64.69, 10.78]",2015-01-07 to 2025-12-15,210.0,178.0,2026-04-12,SPECIES,1909573,84.8,,,"AR,BO,CO,EC,PE",South America,,,
Parides sesostris,Emerald-patched Cattleheart,ingested,lepidoptera,"[-96.31, -16.68, -48.42, 18.55]",2015-02-19 to 2025-12-31,339.0,331.0,2026-04-07,SPECIES,1937110,97.6,,,"BO,BR,BZ,CO,CR,EC,GF,GT,HN,MX,NI,PA,PE,SR,TT,VE",South America,,,
Mesosemia mevania,Mevania Eyed-Metalmark,ingested,lepidoptera,"[-78.85, -10.66, -72.99, 6.79]",2015-12-25 to 2025-12-30,0.0,156.0,2026-04-07,SPECIES,1934970,100.0,,,"CO,EC,PE",South America,,,
Epiphile epimenes,,ingested,lepidoptera,"[-78.77, 0.03, -71.12, 11.17]",2015-04-05 to 2025-12-28,122.0,122.0,2026-04-07,SPECIES,1900121,100.0,,,"CO,EC,VE",South America,,,
Caria castalia,Orange-edged Greenmark,ingested,lepidoptera,"[-77.95, -28.55, -47.52, 3.61]",2015-06-24 to 2025-12-25,80.0,80.0,2026-04-07,SPECIES,5141063,100.0,,,"AR,BO,BR,CO,EC,GF,PE,PY",South America,,,
Athyma perius,Common Sergeant,ingested,lepidoptera,"[72.75, -9.90, 121.85, 34.20]",2016-01-21 to 2025-12-31,956.0,936.0,2026-04-05,SPECIES,5882325,97.9,,,"BD,BT,CN,HK,ID,IN,KH,LA,MM,MY,NP,PH,PK,SG,TH,TW,VN",South-Eastern Asia,,,
Symbrenthia niphanda,Bluetail Jester,ingested,lepidoptera,"[76.35, 22.98, 108.07, 32.25]",2017-10-08 to 2025-11-24,77.0,77.0,2026-04-07,SPECIES,1898958,100.0,,,"BT,CN,IN,NP",Southern Asia,,,
Cirrochroa thais,Tamil Yeoman,ingested,lepidoptera,"[73.31, 6.36, 107.36, 17.19]",2016-01-09 to 2025-12-13,589.0,576.0,2026-04-05,SPECIES,1915275,97.8,,,"IN,LK,VN",Southern Asia,,,
Eunica tatila,Florida Purplewing,ingested,lepidoptera,"[-106.44, -33.07, -36.35, 26.18]",2015-02-15 to 2025-12-31,991.0,987.0,2026-04-07,SPECIES,5128475,99.6,,,"AR,BO,BR,BS,BZ,CO,CU,DO,GT,HN,HT,MX,PR,PY,US,UY",South America,,,
Doxocopa laurentia,Turquoise Emperor,ingested,lepidoptera,"[-102.44, -38.25, -40.16, 22.23]",2015-01-10 to 2025-12-31,1672.0,1672.0,2026-04-05,SPECIES,1892736,100.0,,,"AR,BO,BR,CO,CR,EC,HN,MX,PE,PY,UY",South America,,,
Myscelia cyaniris,Whitened Bluewing,ingested,lepidoptera,"[-106.65, -3.98, -60.02, 24.40]",2015-01-01 to 2025-12-26,353.0,347.0,2026-04-07,SPECIES,1901261,98.3,,,"BZ,CO,CR,EC,GY,HN,MX,NI,PA,VE",Central America,,,
Evenus regalis,Regal Hairstreak,ingested,lepidoptera,"[-105.46, -28.49, -34.84, 23.74]",2015-01-17 to 2025-12-30,510.0,509.0,2026-04-05,SPECIES,5139864,99.8,,,"AR,BR,BZ,CO,CR,EC,GT,HN,MX,NI,PA,PE,SV,TT,VE",Central America,,,
Bebearia cocalia,Common Palm Forester,ingested,lepidoptera,"[-11.34, -8.51, 39.27, 7.56]",2016-01-23 to 2025-08-18,101.0,86.0,2026-04-07,SPECIES,1904240,85.1,,,"AO,CD,CG,CI,CM,GA,GH,KE,LR,NG,RW,SL,TZ,UG",Sub-Saharan Africa,,,
Bebearia orientis,Eastern Palm Forester,ingested,lepidoptera,"[31.61, -18.98, 39.75, -4.01]",2015-04-23 to 2025-10-02,82.0,80.0,2026-04-05,SPECIES,1904206,97.6,,,"KE,MW,MZ,TZ,ZM,ZW",Sub-Saharan Africa,,,
Epiphile adrasta,Common Banner,ingested,lepidoptera,"[-107.39, 2.20, -75.65, 31.80]",2015-02-07 to 2025-12-28,488.0,485.0,2026-04-05,SPECIES,1900131,99.4,,,"CO,CR,GT,HN,MX,NI,PA,SV,US",Central America,,,
Epiphile hubneri,,ingested,lepidoptera,"[-84.11, -32.30, -43.84, 10.03]",2015-08-11 to 2025-12-27,101.0,101.0,2026-04-05,SPECIES,1900112,100.0,,,"AR,BR,CR,PY,UY",South America,,,
Epiphile orea,,ingested,lepidoptera,"[-91.23, -29.68, -40.21, 14.59]",2015-02-05 to 2025-12-31,314.0,301.0,2026-04-05,SPECIES,1900134,95.9,,,"AR,BO,BR,CO,CR,EC,GT,HN,PA,PE,PY",South America,,,
Epiphile epimenes,,ingested,lepidoptera,"[-78.77, 0.03, -71.12, 11.17]",2015-04-05 to 2025-12-28,122.0,122.0,2026-04-07,SPECIES,1900121,100.0,,,"CO,EC,VE",South America,,,
Icaricia lupini,Lupine Blue,ingested,lepidoptera,"[-124.27, 18.97, -97.16, 52.31]",2015-02-07 to 2025-12-02,2236.0,2236.0,2026-04-05,SPECIES,10113190,100.0,,,"CA,MX,US",Northern America,,,
Parnassius smintheus,Rocky Mountain Parnassian,ingested,lepidoptera,"[-137.68, 35.79, -101.08, 61.90]",2015-01-01 to 2025-09-23,2767.0,2697.0,2026-04-05,SPECIES,1938975,97.5,,,"CA,US",Northern America,,,
Papilio zelicaon,Anise Swallowtail,ingested,lepidoptera,"[-129.96, 31.05, -102.41, 56.29]",2015-01-01 to 2025-12-21,15219.0,14891.0,2026-04-05,SPECIES,1937751,97.8,,,"CA,MX,US",Northern America,,,
Papilio machaon,Artemisia Swallowtail,pending,lepidoptera,"[-166.03, 0.51, 170.61, 70.82]",2015-01-01 to 2025-12-31,286230.0,209341.0,2026-04-13,SPECIES,8225376,73.1,,,"AD,AE,AF,AL,AM,AT,AX,AZ,BA,BE,BG,BT,BY,CA,CH,CN,CY,CZ,DE,DK,DZ,EE,ES,FI,FR,GB,GE,GI,GR,HK,HR,HU,IE,IL,IN,IQ,IR,IS,IT,JE,JO,JP,KG,KR,KZ,LB,LI,LT,LU,LV,MA,MD,ME,MK,MN,MT,NL,NO,NP,OM,PK,PL,PS,PT,RO,RS,RU,SE,SI,SK,SM,SY,TJ,TM,TN,TR,TW,UA,US,UZ,VN,XK",Southern Europe,,,
Vanessa gonerilla,New Zealand Red Admiral,ingested,lepidoptera,"[-176.81, -46.97, 178.07, -35.57]",2015-01-01 to 2025-12-29,2484.0,2484.0,2026-04-05,SPECIES,5806176,100.0,,,NZ,Australia and New Zealand,,,
Eroessa chiliensis,,ingested,lepidoptera,"[-73.98, -45.46, -71.71, -35.98]",2015-01-13 to 2025-12-27,70.0,70.0,2026-04-05,SPECIES,5137969,100.0,,,CL,South America,,,
Anthocharis cardamines,Orange-Tip,ingested,lepidoptera,"[-122.03, -25.00, 140.79, 69.06]",2015-01-01 to 2025-12-24,650265.0,633430.0,2026-04-06,SPECIES,1919712,97.4,,,"AD,AL,AM,AT,AX,AZ,BA,BE,BG,BY,CH,CN,CY,CZ,DE,DK,EE,ES,FI,FR,GB,GE,GR,HR,HU,IE,IL,IM,IQ,IR,IT,JE,JP,KG,KZ,LB,LI,LT,LU,LV,MD,ME,MK,NL,NO,NP,PL,PS,PT,RO,RS,RU,SE,SI,SK,SY,TR,UA,US,UZ,XK,ZA",Northern Europe,,,
Papilio eurymedon,Pale Swallowtail,ingested,lepidoptera,"[-127.08, 30.75, -103.58, 53.27]",2015-01-01 to 2025-12-29,10761.0,10761.0,2026-04-05,SPECIES,1937642,100.0,,,"CA,MX,US",Northern America,,,
Papilio multicaudata,Two-tailed Swallowtail,ingested,lepidoptera,"[-123.63, 13.52, -88.39, 52.14]",2015-01-01 to 2025-12-31,13383.0,13171.0,2026-04-05,SPECIES,1937803,98.4,,,"CA,GT,MX,SV,US",Central America,,,
Papilio rutulus,Western Tiger Swallowtail,ingested,lepidoptera,"[-126.18, 21.62, 9.57, 61.93]",2015-01-01 to 2025-12-22,20016.0,20015.0,2026-04-05,SPECIES,1937691,100.0,,,"CA,MX,NO,US",Northern America,,,
Epargyreus clarus,Silver-spotted Skipper,ingested,lepidoptera,"[-124.99, 25.56, 94.81, 53.99]",2015-01-01 to 2025-12-20,70614.0,65872.0,2026-04-05,SPECIES,1947915,93.3,,,"CA,IN,MX,US",Northern America,,,
Vanessa terpsichore,Chilean Lady,ingested,lepidoptera,"[-73.81, -51.12, -69.83, -29.57]",2015-01-22 to 2025-12-28,361.0,361.0,2026-04-05,SPECIES,10208801,100.0,,,"AR,CL",South America,,,
Erynnis funeralis,Funeral Duskywing,ingested,lepidoptera,"[-123.02, -43.32, -40.31, 44.98]",2015-01-01 to 2025-12-31,7966.0,7682.0,2026-04-05,SPECIES,5977260,96.4,,,"AR,BO,BR,BZ,CA,CL,EC,MX,PE,PY,US,UY",South America,,,
Erynnis icelus,Dreamy Duskywing,ingested,lepidoptera,"[-129.07, 32.69, -59.93, 61.27]",2015-01-01 to 2025-08-25,4945.0,3859.0,2026-04-05,SPECIES,5977250,78.0,,,"CA,US",Northern America,,,
Erynnis pacuvius,Pacuvius Duskywing,ingested,lepidoptera,"[-123.78, 29.28, -105.18, 50.18]",2015-01-01 to 2025-08-12,676.0,626.0,2026-04-05,SPECIES,5977262,92.6,,,"CA,MX,US",Northern America,,,
Limenitis weidemeyerii,Weidemeyer's Admiral,ingested,lepidoptera,"[-119.26, 31.87, -102.99, 49.14]",2015-01-01 to 2025-10-02,3957.0,3885.0,2026-04-05,SPECIES,5714333,98.2,,,"CA,US",Northern America,,,
Erebia epipsodea,Common Alpine,ingested,lepidoptera,"[-149.02, 35.67, -3.65, 65.50]",2015-01-01 to 2025-08-18,2786.0,2460.0,2026-04-05,SPECIES,5134759,88.3,,,"CA,GB,US",Northern America,,,
Anthocharis julia,Julia Orangetip,ingested,lepidoptera,"[-136.18, 33.24, -105.24, 60.37]",2015-01-01 to 2025-08-09,2055.0,2048.0,2026-04-05,SPECIES,1919719,99.7,,,"CA,US",Northern America,,,
Citheronia regalis,Regal Moth,complete,lepidoptera,"[-96.39, 27.81, -71.82, 42.33]",2015-04-04 to 2025-11-30,3783.0,3783.0,2026-04-12,SPECIES,1865555,100.0,,,US,Northern America,,,
Hyalophora cecropia,Cecropia Moth,complete,lepidoptera,"[-111.87, 26.07, -60.00, 51.17]",2015-02-25 to 2025-12-30,10152.0,10152.0,2026-04-10,SPECIES,1865839,100.0,,,"CA,US",Northern America,,,
