{
"type": "FeatureCollection",
"name": "speiredonia-spectans-gbif",
"crs": { "type": "name", "properties": { "name": "urn:ogc:def:crs:OGC:1.3:CRS84" } },
"features": [
{ "type": "Feature", "properties": { "decimalLatitude": -27.996944, "decimalLongitude": 153.182671, "eventDate": "2015-01-25T09:47:17Z", "countryCode": "AU" }, "geometry": { "type": "Point", "coordinates": [ 153.182671, -27.996944 ] } },
{ "type": "Feature", "properties": { "decimalLatitude": -26.444337, "decimalLongitude": 152.681962, "eventDate": "2015-01-25T12:43:00Z", "countryCode": "AU" }, "geometry": { "type": "Point", "coordinates": [ 152.681962, -26.444337 ] } },
{ "type": "Feature", "properties": { "decimalLatitude": -26.443838, "decimalLongitude": 152.682205, "eventDate": "2015-01-25T02:43:00Z", "countryCode": "AU" }, "geometry": { "type": "Point", "coordinates": [ 152.682205, -26.443838 ] } },
{ "type": "Feature", "properties": { "decimalLatitude": -26.623946, "decimalLongitude": 152.843125, "eventDate": "2015-01-01T00:00:00Z", "countryCode": "AU" }, "geometry": { "type": "Point", "coordinates": [ 152.843125, -26.623946 ] } },
{ "type": "Feature", "properties": { "decimalLatitude": -27.197849, "decimalLongitude": 152.952569, "eventDate": "2015-01-26T06:06:00Z", "countryCode": "AU" }, "geometry": { "type": "Point", "coordinates": [ 152.952569, -27.197849 ] } },
{ "type": "Feature", "properties": { "decimalLatitude": -25.7901, "decimalLongitude": 152.69558, "eventDate": "2015-02-14T07:37:00Z", "countryCode": "AU" }, "geometry": { "type": "Point", "coordinates": [ 152.69558, -25.7901 ] } },
{ "type": "Feature", "properties": { "decimalLatitude": -28.587652, "decimalLongitude": 153.137155, "eventDate": "2015-02-22T00:00:00Z", "countryCode": "AU" }, "geometry": { "type": "Point", "coordinates": [ 153.137155, -28.587652 ] } },
{ "type": "Feature", "properties": { "decimalLatitude": -26.234862, "decimalLongitude": 152.639825, "eventDate": "2015-02-09T10:48:00Z", "countryCode": "AU" }, "geometry": { "type": "Point", "coordinates": [ 152.639825, -26.234862 ] } },
{ "type": "Feature", "properties": { "decimalLatitude": -28.174625, "decimalLongitude": 153.446045, "eventDate": "2015-03-07T14:18:00Z", "countryCode": "AU" }, "geometry": { "type": "Point", "coordinates": [ 153.446045, -28.174625 ] } },
{ "type": "Feature", "properties": { "decimalLatitude": -30.452336, "decimalLongitude": 152.88589, "eventDate": "2015-05-31T12:01:00Z", "countryCode": "AU" }, "geometry": { "type": "Point", "coordinates": [ 152.88589, -30.452336 ] } },
{ "type": "Feature", "properties": { "decimalLatitude": -27.523528, "decimalLongitude": 152.886624, "eventDate": "2015-06-02T10:51:00Z", "countryCode": "AU" }, "geometry": { "type": "Point", "coordinates": [ 152.886624, -27.523528 ] } },
{ "type": "Feature", "properties": { "decimalLatitude": -33.8, "decimalLongitude": 151.02, "eventDate": "2015-09-02T12:54:00Z", "countryCode": "AU" }, "geometry": { "type": "Point", "coordinates": [ 151.02, -33.8 ] } },
{ "type": "Feature", "properties": { "decimalLatitude": -33.79298, "decimalLongitude": 150.995408, "eventDate": "2015-10-02T12:45:00Z", "countryCode": "AU" }, "geometry": { "type": "Point", "coordinates": [ 150.995408, -33.79298 ] } },
{ "type": "Feature", "properties": { "decimalLatitude": -28.386245, "decimalLongitude": 152.977248, "eventDate": "2015-10-16T17:00:00Z", "countryCode": "AU" }, "geometry": { "type": "Point", "coordinates": [ 152.977248, -28.386245 ] } },
{ "type": "Feature", "properties": { "decimalLatitude": -28.349582, "decimalLongitude": 152.968978, "eventDate": "2015-10-16T16:58:00Z", "countryCode": "AU" }, "geometry": { "type": "Point", "coordinates": [ 152.968978, -28.349582 ] } },
{ "type": "Feature", "properties": { "decimalLatitude": -27.487317, "decimalLongitude": 152.669847, "eventDate": "2015-10-17T13:29:00Z", "countryCode": "AU" }, "geometry": { "type": "Point", "coordinates": [ 152.669847, -27.487317 ] } },
{ "type": "Feature", "properties": { "decimalLatitude": -27.487317, "decimalLongitude": 152.669848, "eventDate": "2015-10-17T19:57:00Z", "countryCode": "AU" }, "geometry": { "type": "Point", "coordinates": [ 152.669848, -27.487317 ] } },
{ "type": "Feature", "properties": { "decimalLatitude": -28.645108, "decimalLongitude": 153.630391, "eventDate": "2015-11-08T07:31:00Z", "countryCode": "AU" }, "geometry": { "type": "Point", "coordinates": [ 153.630391, -28.645108 ] } },
{ "type": "Feature", "properties": { "decimalLatitude": -27.535349, "decimalLongitude": 152.872167, "eventDate": "2015-11-04T12:18:50Z", "countryCode": "AU" }, "geometry": { "type": "Point", "coordinates": [ 152.872167, -27.535349 ] } },
{ "type": "Feature", "properties": { "decimalLatitude": -32.073339, "decimalLongitude": 152.49257, "eventDate": "2015-12-26T21:32:00Z", "countryCode": "AU" }, "geometry": { "type": "Point", "coordinates": [ 152.49257, -32.073339 ] } },
{ "type": "Feature", "properties": { "decimalLatitude": -25.12465, "decimalLongitude": 152.061056, "eventDate": "2015-12-22T09:02:00Z", "countryCode": "AU" }, "geometry": { "type": "Point", "coordinates": [ 152.061056, -25.12465 ] } },
{ "type": "Feature", "properties": { "decimalLatitude": -26.758629, "decimalLongitude": 152.874545, "eventDate": "2016-01-04T10:56:00Z", "countryCode": "AU" }, "geometry": { "type": "Point", "coordinates": [ 152.874545, -26.758629 ] } },
{ "type": "Feature", "properties": { "decimalLatitude": -29.583483, "decimalLongitude": 151.389512, "eventDate": "2016-01-03T15:03:00Z", "countryCode": "AU" }, "geometry": { "type": "Point", "coordinates": [ 151.389512, -29.583483 ] } },
{ "type": "Feature", "properties": { "decimalLatitude": -33.47995, "decimalLongitude": 150.704422, "eventDate": "2016-01-10T10:43:00Z", "countryCode": "AU" }, "geometry": { "type": "Point", "coordinates": [ 150.704422, -33.47995 ] } },
{ "type": "Feature", "properties": { "decimalLatitude": -30.452281, "decimalLongitude": 152.885495, "eventDate": "2016-01-17T19:21:00Z", "countryCode": "AU" }, "geometry": { "type": "Point", "coordinates": [ 152.885495, -30.452281 ] } },
{ "type": "Feature", "properties": { "decimalLatitude": -27.510588, "decimalLongitude": 153.039536, "eventDate": "2016-01-23T11:07:00Z", "countryCode": "AU" }, "geometry": { "type": "Point", "coordinates": [ 153.039536, -27.510588 ] } },
{ "type": "Feature", "properties": { "decimalLatitude": -26.54, "decimalLongitude": 153.05, "eventDate": "2016-01-05T12:54:00Z", "countryCode": "AU" }, "geometry": { "type": "Point", "coordinates": [ 153.05, -26.54 ] } },
{ "type": "Feature", "properties": { "decimalLatitude": -30.347442, "decimalLongitude": 153.027106, "eventDate": "2016-01-29T18:29:00Z", "countryCode": "AU" }, "geometry": { "type": "Point", "coordinates": [ 153.027106, -30.347442 ] } },
{ "type": "Feature", "properties": { "decimalLatitude": -26.82421, "decimalLongitude": 152.920118, "eventDate": "2016-02-09T17:27:00Z", "countryCode": "AU" }, "geometry": { "type": "Point", "coordinates": [ 152.920118, -26.82421 ] } },
{ "type": "Feature", "properties": { "decimalLatitude": -26.72778, "decimalLongitude": 152.762467, "eventDate": "2016-02-15T16:26:00Z", "countryCode": "AU" }, "geometry": { "type": "Point", "coordinates": [ 152.762467, -26.72778 ] } },
{ "type": "Feature", "properties": { "decimalLatitude": -31.069884, "decimalLongitude": 152.814049, "eventDate": "2016-02-23T02:27:00Z", "countryCode": "AU" }, "geometry": { "type": "Point", "coordinates": [ 152.814049, -31.069884 ] } },
{ "type": "Feature", "properties": { "decimalLatitude": -19.38111, "decimalLongitude": 146.44888, "eventDate": "2016-02-14T00:00:00Z", "countryCode": "AU" }, "geometry": { "type": "Point", "coordinates": [ 146.44888, -19.38111 ] } },
{ "type": "Feature", "properties": { "decimalLatitude": -29.19926, "decimalLongitude": 153.143204, "eventDate": "2016-02-04T23:30:00Z", "countryCode": "AU" }, "geometry": { "type": "Point", "coordinates": [ 153.143204, -29.19926 ] } },
{ "type": "Feature", "properties": { "decimalLatitude": -16.817369, "decimalLongitude": 145.719605, "eventDate": "2016-02-08T00:00:00Z", "countryCode": "AU" }, "geometry": { "type": "Point", "coordinates": [ 145.719605, -16.817369 ] } },
{ "type": "Feature", "properties": { "decimalLatitude": -29.19926, "decimalLongitude": 153.143204, "eventDate": "2016-02-04T23:30:00Z", "countryCode": "AU" }, "geometry": { "type": "Point", "coordinates": [ 153.143204, -29.19926 ] } },
{ "type": "Feature", "properties": { "decimalLatitude": -26.824743, "decimalLongitude": 152.919369, "eventDate": "2016-03-03T17:08:00Z", "countryCode": "AU" }, "geometry": { "type": "Point", "coordinates": [ 152.919369, -26.824743 ] } },
{ "type": "Feature", "properties": { "decimalLatitude": -33.831039, "decimalLongitude": 151.263766, "eventDate": "2016-03-28T11:20:14Z", "countryCode": "AU" }, "geometry": { "type": "Point", "coordinates": [ 151.263766, -33.831039 ] } },
{ "type": "Feature", "properties": { "decimalLatitude": -26.82381, "decimalLongitude": 152.916552, "eventDate": "2016-04-13T21:47:00Z", "countryCode": "AU" }, "geometry": { "type": "Point", "coordinates": [ 152.916552, -26.82381 ] } },
{ "type": "Feature", "properties": { "decimalLatitude": -24.718416, "decimalLongitude": 150.993572, "eventDate": "2016-04-30T04:09:51Z", "countryCode": "AU" }, "geometry": { "type": "Point", "coordinates": [ 150.993572, -24.718416 ] } },
{ "type": "Feature", "properties": { "decimalLatitude": -25.518671, "decimalLongitude": 152.685377, "eventDate": "2016-04-03T00:00:00Z", "countryCode": "AU" }, "geometry": { "type": "Point", "coordinates": [ 152.685377, -25.518671 ] } },
{ "type": "Feature", "properties": { "decimalLatitude": -33.916143, "decimalLongitude": 151.21838, "eventDate": "2016-05-12T17:43:00Z", "countryCode": "AU" }, "geometry": { "type": "Point", "coordinates": [ 151.21838, -33.916143 ] } },
{ "type": "Feature", "properties": { "decimalLatitude": -27.8304, "decimalLongitude": 152.4178, "eventDate": "2016-07-02T19:36:00Z", "countryCode": "AU" }, "geometry": { "type": "Point", "coordinates": [ 152.4178, -27.8304 ] } },
{ "type": "Feature", "properties": { "decimalLatitude": -18.221494, "decimalLongitude": 144.579025, "eventDate": "2016-08-28T09:45:47Z", "countryCode": "AU" }, "geometry": { "type": "Point", "coordinates": [ 144.579025, -18.221494 ] } },
{ "type": "Feature", "properties": { "decimalLatitude": -30.452303, "decimalLongitude": 152.88545, "eventDate": "2016-09-10T09:39:00Z", "countryCode": "AU" }, "geometry": { "type": "Point", "coordinates": [ 152.88545, -30.452303 ] } },
{ "type": "Feature", "properties": { "decimalLatitude": -30.452303, "decimalLongitude": 152.88545, "eventDate": "2016-09-10T09:39:00Z", "countryCode": "AU" }, "geometry": { "type": "Point", "coordinates": [ 152.88545, -30.452303 ] } },
{ "type": "Feature", "properties": { "decimalLatitude": -24.921514, "decimalLongitude": 152.55728, "eventDate": "2016-10-15T23:55:15Z", "countryCode": "AU" }, "geometry": { "type": "Point", "coordinates": [ 152.55728, -24.921514 ] } },
{ "type": "Feature", "properties": { "decimalLatitude": -23.839954, "decimalLongitude": 151.256696, "eventDate": "2016-10-01T18:04:00Z", "countryCode": "AU" }, "geometry": { "type": "Point", "coordinates": [ 151.256696, -23.839954 ] } },
{ "type": "Feature", "properties": { "decimalLatitude": -30.367042, "decimalLongitude": 153.079705, "eventDate": "2016-10-17T16:35:00Z", "countryCode": "AU" }, "geometry": { "type": "Point", "coordinates": [ 153.079705, -30.367042 ] } },
{ "type": "Feature", "properties": { "decimalLatitude": -33.884563, "decimalLongitude": 151.188522, "eventDate": "2016-10-27T08:56:00Z", "countryCode": "AU" }, "geometry": { "type": "Point", "coordinates": [ 151.188522, -33.884563 ] } },
{ "type": "Feature", "properties": { "decimalLatitude": -30.367042, "decimalLongitude": 153.079705, "eventDate": "2016-10-17T16:35:00Z", "countryCode": "AU" }, "geometry": { "type": "Point", "coordinates": [ 153.079705, -30.367042 ] } },
{ "type": "Feature", "properties": { "decimalLatitude": -33.840338, "decimalLongitude": 151.124446, "eventDate": "2016-10-27T08:56:00Z", "countryCode": "AU" }, "geometry": { "type": "Point", "coordinates": [ 151.124446, -33.840338 ] } },
{ "type": "Feature", "properties": { "decimalLatitude": -27.07643, "decimalLongitude": 151.74752, "eventDate": "2016-11-11T10:11:00Z", "countryCode": "AU" }, "geometry": { "type": "Point", "coordinates": [ 151.74752, -27.07643 ] } },
{ "type": "Feature", "properties": { "decimalLatitude": -30.444514, "decimalLongitude": 152.903096, "eventDate": "2016-11-04T18:30:00Z", "countryCode": "AU" }, "geometry": { "type": "Point", "coordinates": [ 152.903096, -30.444514 ] } },
{ "type": "Feature", "properties": { "decimalLatitude": -33.421344, "decimalLongitude": 151.339664, "eventDate": "2016-11-23T08:52:00Z", "countryCode": "AU" }, "geometry": { "type": "Point", "coordinates": [ 151.339664, -33.421344 ] } },
{ "type": "Feature", "properties": { "decimalLatitude": -33.574427, "decimalLongitude": 151.272391, "eventDate": "2016-11-23T08:52:00Z", "countryCode": "AU" }, "geometry": { "type": "Point", "coordinates": [ 151.272391, -33.574427 ] } },
{ "type": "Feature", "properties": { "decimalLatitude": -23.163574, "decimalLongitude": 150.466844, "eventDate": "2016-11-09T05:23:00Z", "countryCode": "AU" }, "geometry": { "type": "Point", "coordinates": [ 150.466844, -23.163574 ] } },
{ "type": "Feature", "properties": { "decimalLatitude": -27.015213, "decimalLongitude": 152.940558, "eventDate": "2016-11-14T16:10:00Z", "countryCode": "AU" }, "geometry": { "type": "Point", "coordinates": [ 152.940558, -27.015213 ] } },
{ "type": "Feature", "properties": { "decimalLatitude": -23.163937, "decimalLongitude": 150.467398, "eventDate": "2016-12-04T14:45:00Z", "countryCode": "AU" }, "geometry": { "type": "Point", "coordinates": [ 150.467398, -23.163937 ] } },
{ "type": "Feature", "properties": { "decimalLatitude": -28.061016, "decimalLongitude": 153.434097, "eventDate": "2016-12-08T00:00:00Z", "countryCode": "AU" }, "geometry": { "type": "Point", "coordinates": [ 153.434097, -28.061016 ] } },
{ "type": "Feature", "properties": { "decimalLatitude": -19.332659, "decimalLongitude": 146.753753, "eventDate": "2017-02-20T21:27:00Z", "countryCode": "AU" }, "geometry": { "type": "Point", "coordinates": [ 146.753753, -19.332659 ] } },
{ "type": "Feature", "properties": { "decimalLatitude": -19.335419, "decimalLongitude": 146.747213, "eventDate": "2017-02-17T17:20:00Z", "countryCode": "AU" }, "geometry": { "type": "Point", "coordinates": [ 146.747213, -19.335419 ] } },
{ "type": "Feature", "properties": { "decimalLatitude": -17.242291, "decimalLongitude": 145.295187, "eventDate": "2017-03-25T22:23:00Z", "countryCode": "AU" }, "geometry": { "type": "Point", "coordinates": [ 145.295187, -17.242291 ] } },
{ "type": "Feature", "properties": { "decimalLatitude": -31.522245, "decimalLongitude": 159.063161, "eventDate": "2017-03-04T09:05:00Z", "countryCode": "AU" }, "geometry": { "type": "Point", "coordinates": [ 159.063161, -31.522245 ] } },
{ "type": "Feature", "properties": { "decimalLatitude": -19.319155, "decimalLongitude": 146.764856, "eventDate": "2017-05-20T17:14:00Z", "countryCode": "AU" }, "geometry": { "type": "Point", "coordinates": [ 146.764856, -19.319155 ] } },
{ "type": "Feature", "properties": { "decimalLatitude": -17.2, "decimalLongitude": 145.4, "eventDate": "2017-06-11T10:25:00Z", "countryCode": "AU" }, "geometry": { "type": "Point", "coordinates": [ 145.4, -17.2 ] } },
{ "type": "Feature", "properties": { "decimalLatitude": -31.941691, "decimalLongitude": 152.401024, "eventDate": "2017-07-26T18:24:00Z", "countryCode": "AU" }, "geometry": { "type": "Point", "coordinates": [ 152.401024, -31.941691 ] } },
{ "type": "Feature", "properties": { "decimalLatitude": -19.347229, "decimalLongitude": 146.762975, "eventDate": "2017-08-24T17:04:00Z", "countryCode": "AU" }, "geometry": { "type": "Point", "coordinates": [ 146.762975, -19.347229 ] } },
{ "type": "Feature", "properties": { "decimalLatitude": -30.272175, "decimalLongitude": 153.067157, "eventDate": "2017-09-13T18:11:00Z", "countryCode": "AU" }, "geometry": { "type": "Point", "coordinates": [ 153.067157, -30.272175 ] } },
{ "type": "Feature", "properties": { "decimalLatitude": -30.272175, "decimalLongitude": 153.067157, "eventDate": "2017-09-13T18:11:00Z", "countryCode": "AU" }, "geometry": { "type": "Point", "coordinates": [ 153.067157, -30.272175 ] } },
{ "type": "Feature", "properties": { "decimalLatitude": -17.02494, "decimalLongitude": 145.586648, "eventDate": "2017-09-06T23:43:00Z", "countryCode": "AU" }, "geometry": { "type": "Point", "coordinates": [ 145.586648, -17.02494 ] } },
{ "type": "Feature", "properties": { "decimalLatitude": -31.886896, "decimalLongitude": 152.306649, "eventDate": "2017-09-14T22:26:00Z", "countryCode": "AU" }, "geometry": { "type": "Point", "coordinates": [ 152.306649, -31.886896 ] } },
{ "type": "Feature", "properties": { "decimalLatitude": -34.91146, "decimalLongitude": 138.57901, "eventDate": "2017-11-28T00:00:00Z", "countryCode": "AU" }, "geometry": { "type": "Point", "coordinates": [ 138.57901, -34.91146 ] } },
{ "type": "Feature", "properties": { "decimalLatitude": -27.486003, "decimalLongitude": 152.977236, "eventDate": "2017-12-13T13:15:00Z", "countryCode": "AU" }, "geometry": { "type": "Point", "coordinates": [ 152.977236, -27.486003 ] } },
{ "type": "Feature", "properties": { "decimalLatitude": -28.811008, "decimalLongitude": 153.283911, "eventDate": "2017-12-15T22:07:00Z", "countryCode": "AU" }, "geometry": { "type": "Point", "coordinates": [ 153.283911, -28.811008 ] } },
{ "type": "Feature", "properties": { "decimalLatitude": -27.521484, "decimalLongitude": 153.110548, "eventDate": "2017-12-25T14:03:03Z", "countryCode": "AU" }, "geometry": { "type": "Point", "coordinates": [ 153.110548, -27.521484 ] } },
{ "type": "Feature", "properties": { "decimalLatitude": -27.455585, "decimalLongitude": 152.976369, "eventDate": "2017-12-22T00:23:00Z", "countryCode": "AU" }, "geometry": { "type": "Point", "coordinates": [ 152.976369, -27.455585 ] } },
{ "type": "Feature", "properties": { "decimalLatitude": -27.532333, "decimalLongitude": 152.898037, "eventDate": "2017-12-31T20:23:00Z", "countryCode": "AU" }, "geometry": { "type": "Point", "coordinates": [ 152.898037, -27.532333 ] } },
{ "type": "Feature", "properties": { "decimalLatitude": -27.994806, "decimalLongitude": 153.022599, "eventDate": "2017-12-26T00:00:00Z", "countryCode": "AU" }, "geometry": { "type": "Point", "coordinates": [ 153.022599, -27.994806 ] } },
{ "type": "Feature", "properties": { "decimalLatitude": -27.612158, "decimalLongitude": 152.754234, "eventDate": "2017-12-20T21:20:26Z", "countryCode": "AU" }, "geometry": { "type": "Point", "coordinates": [ 152.754234, -27.612158 ] } },
{ "type": "Feature", "properties": { "decimalLatitude": -33.852131, "decimalLongitude": 151.127259, "eventDate": "2017-12-29T12:14:41Z", "countryCode": "AU" }, "geometry": { "type": "Point", "coordinates": [ 151.127259, -33.852131 ] } },
{ "type": "Feature", "properties": { "decimalLatitude": -27.467914, "decimalLongitude": 153.025124, "eventDate": "2017-12-15T09:47:31Z", "countryCode": "AU" }, "geometry": { "type": "Point", "coordinates": [ 153.025124, -27.467914 ] } },
{ "type": "Feature", "properties": { "decimalLatitude": -27.461518, "decimalLongitude": 152.8828, "eventDate": "2017-12-24T00:00:00Z", "countryCode": "AU" }, "geometry": { "type": "Point", "coordinates": [ 152.8828, -27.461518 ] } },
{ "type": "Feature", "properties": { "decimalLatitude": -28.32943, "decimalLongitude": 153.388397, "eventDate": "2017-12-23T14:52:00Z", "countryCode": "AU" }, "geometry": { "type": "Point", "coordinates": [ 153.388397, -28.32943 ] } },
{ "type": "Feature", "properties": { "decimalLatitude": -36.86288, "decimalLongitude": 149.932104, "eventDate": "2017-12-20T21:53:30Z", "countryCode": "AU" }, "geometry": { "type": "Point", "coordinates": [ 149.932104, -36.86288 ] } },
{ "type": "Feature", "properties": { "decimalLatitude": -28.389317, "decimalLongitude": 153.234203, "eventDate": "2017-12-31T11:59:00Z", "countryCode": "AU" }, "geometry": { "type": "Point", "coordinates": [ 153.234203, -28.389317 ] } },
{ "type": "Feature", "properties": { "decimalLatitude": -26.234862, "decimalLongitude": 152.639825, "eventDate": "2017-12-15T10:58:00Z", "countryCode": "AU" }, "geometry": { "type": "Point", "coordinates": [ 152.639825, -26.234862 ] } },
{ "type": "Feature", "properties": { "decimalLatitude": -27.535633, "decimalLongitude": 152.992642, "eventDate": "2018-01-04T07:04:00Z", "countryCode": "AU" }, "geometry": { "type": "Point", "coordinates": [ 152.992642, -27.535633 ] } },
{ "type": "Feature", "properties": { "decimalLatitude": -32.700074, "decimalLongitude": 152.059259, "eventDate": "2018-01-07T08:13:00Z", "countryCode": "AU" }, "geometry": { "type": "Point", "coordinates": [ 152.059259, -32.700074 ] } },
{ "type": "Feature", "properties": { "decimalLatitude": -31.634328, "decimalLongitude": 152.759893, "eventDate": "2018-01-14T12:13:00Z", "countryCode": "AU" }, "geometry": { "type": "Point", "coordinates": [ 152.759893, -31.634328 ] } },
{ "type": "Feature", "properties": { "decimalLatitude": -34.338519, "decimalLongitude": 150.496706, "eventDate": "2018-01-14T13:05:00Z", "countryCode": "AU" }, "geometry": { "type": "Point", "coordinates": [ 150.496706, -34.338519 ] } },
{ "type": "Feature", "properties": { "decimalLatitude": -26.696609, "decimalLongitude": 152.868508, "eventDate": "2018-01-04T19:46:00Z", "countryCode": "AU" }, "geometry": { "type": "Point", "coordinates": [ 152.868508, -26.696609 ] } },
{ "type": "Feature", "properties": { "decimalLatitude": -33.096879, "decimalLongitude": 151.37614, "eventDate": "2018-01-07T17:51:00Z", "countryCode": "AU" }, "geometry": { "type": "Point", "coordinates": [ 151.37614, -33.096879 ] } },
{ "type": "Feature", "properties": { "decimalLatitude": -32.678924, "decimalLongitude": 152.164856, "eventDate": "2018-01-07T08:13:00Z", "countryCode": "AU" }, "geometry": { "type": "Point", "coordinates": [ 152.164856, -32.678924 ] } },
{ "type": "Feature", "properties": { "decimalLatitude": -34.338519, "decimalLongitude": 150.496706, "eventDate": "2018-01-14T13:05:00Z", "countryCode": "AU" }, "geometry": { "type": "Point", "coordinates": [ 150.496706, -34.338519 ] } },
{ "type": "Feature", "properties": { "decimalLatitude": -33.096879, "decimalLongitude": 151.37614, "eventDate": "2018-01-07T17:51:00Z", "countryCode": "AU" }, "geometry": { "type": "Point", "coordinates": [ 151.37614, -33.096879 ] } },
{ "type": "Feature", "properties": { "decimalLatitude": -26.686919, "decimalLongitude": 152.007217, "eventDate": "2018-01-09T15:21:00Z", "countryCode": "AU" }, "geometry": { "type": "Point", "coordinates": [ 152.007217, -26.686919 ] } },
{ "type": "Feature", "properties": { "decimalLatitude": -27.478096, "decimalLongitude": 153.129093, "eventDate": "2018-01-07T10:24:00Z", "countryCode": "AU" }, "geometry": { "type": "Point", "coordinates": [ 153.129093, -27.478096 ] } },
{ "type": "Feature", "properties": { "decimalLatitude": -31.874868, "decimalLongitude": 152.240516, "eventDate": "2018-01-04T21:52:00Z", "countryCode": "AU" }, "geometry": { "type": "Point", "coordinates": [ 152.240516, -31.874868 ] } },
{ "type": "Feature", "properties": { "decimalLatitude": -26.686919, "decimalLongitude": 152.007217, "eventDate": "2018-01-09T15:21:00Z", "countryCode": "AU" }, "geometry": { "type": "Point", "coordinates": [ 152.007217, -26.686919 ] } },
{ "type": "Feature", "properties": { "decimalLatitude": -33.826037, "decimalLongitude": 151.200912, "eventDate": "2018-01-09T14:10:13Z", "countryCode": "AU" }, "geometry": { "type": "Point", "coordinates": [ 151.200912, -33.826037 ] } },
{ "type": "Feature", "properties": { "decimalLatitude": -33.782696, "decimalLongitude": 151.138596, "eventDate": "2018-01-12T21:33:00Z", "countryCode": "AU" }, "geometry": { "type": "Point", "coordinates": [ 151.138596, -33.782696 ] } },
{ "type": "Feature", "properties": { "decimalLatitude": -30.467291, "decimalLongitude": 152.886577, "eventDate": "2018-02-20T18:18:00Z", "countryCode": "AU" }, "geometry": { "type": "Point", "coordinates": [ 152.886577, -30.467291 ] } },
{ "type": "Feature", "properties": { "decimalLatitude": -30.467291, "decimalLongitude": 152.886577, "eventDate": "2018-02-20T18:18:00Z", "countryCode": "AU" }, "geometry": { "type": "Point", "coordinates": [ 152.886577, -30.467291 ] } },
{ "type": "Feature", "properties": { "decimalLatitude": -27.941728, "decimalLongitude": 153.114543, "eventDate": "2018-02-22T00:00:00Z", "countryCode": "AU" }, "geometry": { "type": "Point", "coordinates": [ 153.114543, -27.941728 ] } },
{ "type": "Feature", "properties": { "decimalLatitude": -35.114444, "decimalLongitude": 150.769444, "eventDate": "2018-02-21T11:49:00Z", "countryCode": "AU" }, "geometry": { "type": "Point", "coordinates": [ 150.769444, -35.114444 ] } },
{ "type": "Feature", "properties": { "decimalLatitude": -27.539183, "decimalLongitude": 152.874525, "eventDate": "2018-02-10T11:43:02Z", "countryCode": "AU" }, "geometry": { "type": "Point", "coordinates": [ 152.874525, -27.539183 ] } },
{ "type": "Feature", "properties": { "decimalLatitude": -27.352875, "decimalLongitude": 152.767671, "eventDate": "2018-02-17T17:41:00Z", "countryCode": "AU" }, "geometry": { "type": "Point", "coordinates": [ 152.767671, -27.352875 ] } },
{ "type": "Feature", "properties": { "decimalLatitude": -27.52991, "decimalLongitude": 152.824062, "eventDate": "2018-03-03T14:32:00Z", "countryCode": "AU" }, "geometry": { "type": "Point", "coordinates": [ 152.824062, -27.52991 ] } },
{ "type": "Feature", "properties": { "decimalLatitude": -27.195168, "decimalLongitude": 152.945588, "eventDate": "2018-03-03T21:56:00Z", "countryCode": "AU" }, "geometry": { "type": "Point", "coordinates": [ 152.945588, -27.195168 ] } },
{ "type": "Feature", "properties": { "decimalLatitude": -27.195168, "decimalLongitude": 152.945588, "eventDate": "2018-03-26T18:12:00Z", "countryCode": "AU" }, "geometry": { "type": "Point", "coordinates": [ 152.945588, -27.195168 ] } },
{ "type": "Feature", "properties": { "decimalLatitude": -27.37435, "decimalLongitude": 152.765374, "eventDate": "2018-03-23T11:24:00Z", "countryCode": "AU" }, "geometry": { "type": "Point", "coordinates": [ 152.765374, -27.37435 ] } },
{ "type": "Feature", "properties": { "decimalLatitude": -31.941709, "decimalLongitude": 152.401024, "eventDate": "2018-04-07T23:09:00Z", "countryCode": "AU" }, "geometry": { "type": "Point", "coordinates": [ 152.401024, -31.941709 ] } },
{ "type": "Feature", "properties": { "decimalLatitude": -33.890128, "decimalLongitude": 151.11975, "eventDate": "2018-04-14T21:46:16Z", "countryCode": "AU" }, "geometry": { "type": "Point", "coordinates": [ 151.11975, -33.890128 ] } },
{ "type": "Feature", "properties": { "decimalLatitude": -27.399289, "decimalLongitude": 152.809927, "eventDate": "2018-04-21T10:23:00Z", "countryCode": "AU" }, "geometry": { "type": "Point", "coordinates": [ 152.809927, -27.399289 ] } },
{ "type": "Feature", "properties": { "decimalLatitude": -27.40072, "decimalLongitude": 152.812498, "eventDate": "2018-04-21T10:23:00Z", "countryCode": "AU" }, "geometry": { "type": "Point", "coordinates": [ 152.812498, -27.40072 ] } },
{ "type": "Feature", "properties": { "decimalLatitude": -27.500352, "decimalLongitude": 153.048902, "eventDate": "2018-05-29T07:07:00Z", "countryCode": "AU" }, "geometry": { "type": "Point", "coordinates": [ 153.048902, -27.500352 ] } },
{ "type": "Feature", "properties": { "decimalLatitude": -27.500352, "decimalLongitude": 153.048902, "eventDate": "2018-05-29T07:07:00Z", "countryCode": "AU" }, "geometry": { "type": "Point", "coordinates": [ 153.048902, -27.500352 ] } },
{ "type": "Feature", "properties": { "decimalLatitude": -27.921466, "decimalLongitude": 153.186374, "eventDate": "2018-06-29T17:22:00Z", "countryCode": "AU" }, "geometry": { "type": "Point", "coordinates": [ 153.186374, -27.921466 ] } },
{ "type": "Feature", "properties": { "decimalLatitude": -33.728158, "decimalLongitude": 151.27275, "eventDate": "2018-07-03T19:12:43Z", "countryCode": "AU" }, "geometry": { "type": "Point", "coordinates": [ 151.27275, -33.728158 ] } },
{ "type": "Feature", "properties": { "decimalLatitude": -27.780074, "decimalLongitude": 153.191732, "eventDate": "2018-08-19T13:13:00Z", "countryCode": "AU" }, "geometry": { "type": "Point", "coordinates": [ 153.191732, -27.780074 ] } },
{ "type": "Feature", "properties": { "decimalLatitude": -27.775561, "decimalLongitude": 153.179632, "eventDate": "2018-08-19T13:13:00Z", "countryCode": "AU" }, "geometry": { "type": "Point", "coordinates": [ 153.179632, -27.775561 ] } },
{ "type": "Feature", "properties": { "decimalLatitude": -27.472538, "decimalLongitude": 152.976184, "eventDate": "2018-08-23T18:29:00Z", "countryCode": "AU" }, "geometry": { "type": "Point", "coordinates": [ 152.976184, -27.472538 ] } },
{ "type": "Feature", "properties": { "decimalLatitude": -27.498012, "decimalLongitude": 152.801618, "eventDate": "2018-08-23T18:29:00Z", "countryCode": "AU" }, "geometry": { "type": "Point", "coordinates": [ 152.801618, -27.498012 ] } },
{ "type": "Feature", "properties": { "decimalLatitude": -27.535099, "decimalLongitude": 153.007508, "eventDate": "2018-09-09T15:03:00Z", "countryCode": "AU" }, "geometry": { "type": "Point", "coordinates": [ 153.007508, -27.535099 ] } },
{ "type": "Feature", "properties": { "decimalLatitude": -28.394481, "decimalLongitude": 153.352244, "eventDate": "2018-09-20T10:29:00Z", "countryCode": "AU" }, "geometry": { "type": "Point", "coordinates": [ 153.352244, -28.394481 ] } },
{ "type": "Feature", "properties": { "decimalLatitude": -28.205983, "decimalLongitude": 153.270375, "eventDate": "2018-09-20T10:27:00Z", "countryCode": "AU" }, "geometry": { "type": "Point", "coordinates": [ 153.270375, -28.205983 ] } },
{ "type": "Feature", "properties": { "decimalLatitude": -26.823995, "decimalLongitude": 152.919953, "eventDate": "2018-10-11T21:44:00Z", "countryCode": "AU" }, "geometry": { "type": "Point", "coordinates": [ 152.919953, -26.823995 ] } },
{ "type": "Feature", "properties": { "decimalLatitude": -26.823995, "decimalLongitude": 152.919953, "eventDate": "2018-10-16T20:03:00Z", "countryCode": "AU" }, "geometry": { "type": "Point", "coordinates": [ 152.919953, -26.823995 ] } },
{ "type": "Feature", "properties": { "decimalLatitude": -27.460114, "decimalLongitude": 153.161283, "eventDate": "2018-10-10T06:04:00Z", "countryCode": "AU" }, "geometry": { "type": "Point", "coordinates": [ 153.161283, -27.460114 ] } },
{ "type": "Feature", "properties": { "decimalLatitude": -27.002877, "decimalLongitude": 152.82139, "eventDate": "2018-10-10T20:48:00Z", "countryCode": "AU" }, "geometry": { "type": "Point", "coordinates": [ 152.82139, -27.002877 ] } },
{ "type": "Feature", "properties": { "decimalLatitude": -27.405828, "decimalLongitude": 152.773029, "eventDate": "2018-10-13T09:41:00Z", "countryCode": "AU" }, "geometry": { "type": "Point", "coordinates": [ 152.773029, -27.405828 ] } },
{ "type": "Feature", "properties": { "decimalLatitude": -23.802614, "decimalLongitude": 151.354084, "eventDate": "2018-10-27T16:28:00Z", "countryCode": "AU" }, "geometry": { "type": "Point", "coordinates": [ 151.354084, -23.802614 ] } },
{ "type": "Feature", "properties": { "decimalLatitude": -27.48726, "decimalLongitude": 152.669931, "eventDate": "2018-10-13T09:41:00Z", "countryCode": "AU" }, "geometry": { "type": "Point", "coordinates": [ 152.669931, -27.48726 ] } },
{ "type": "Feature", "properties": { "decimalLatitude": -23.95134, "decimalLongitude": 151.36718, "eventDate": "2018-10-27T16:28:00Z", "countryCode": "AU" }, "geometry": { "type": "Point", "coordinates": [ 151.36718, -23.95134 ] } },
{ "type": "Feature", "properties": { "decimalLatitude": -27.470072, "decimalLongitude": 153.068984, "eventDate": "2018-10-10T06:04:00Z", "countryCode": "AU" }, "geometry": { "type": "Point", "coordinates": [ 153.068984, -27.470072 ] } },
{ "type": "Feature", "properties": { "decimalLatitude": -27.244194, "decimalLongitude": 151.797251, "eventDate": "2018-10-10T07:46:00Z", "countryCode": "AU" }, "geometry": { "type": "Point", "coordinates": [ 151.797251, -27.244194 ] } },
{ "type": "Feature", "properties": { "decimalLatitude": -27.095088, "decimalLongitude": 152.920237, "eventDate": "2018-10-10T20:48:00Z", "countryCode": "AU" }, "geometry": { "type": "Point", "coordinates": [ 152.920237, -27.095088 ] } },
{ "type": "Feature", "properties": { "decimalLatitude": -28.852303, "decimalLongitude": 153.287937, "eventDate": "2018-10-19T07:18:00Z", "countryCode": "AU" }, "geometry": { "type": "Point", "coordinates": [ 153.287937, -28.852303 ] } },
{ "type": "Feature", "properties": { "decimalLatitude": -27.807175, "decimalLongitude": 153.12401, "eventDate": "2018-11-11T00:00:00Z", "countryCode": "AU" }, "geometry": { "type": "Point", "coordinates": [ 153.12401, -27.807175 ] } },
{ "type": "Feature", "properties": { "decimalLatitude": -27.808886, "decimalLongitude": 153.008331, "eventDate": "2018-11-03T00:00:00Z", "countryCode": "AU" }, "geometry": { "type": "Point", "coordinates": [ 153.008331, -27.808886 ] } },
{ "type": "Feature", "properties": { "decimalLatitude": -27.097321, "decimalLongitude": 152.900205, "eventDate": "2018-12-22T15:27:00Z", "countryCode": "AU" }, "geometry": { "type": "Point", "coordinates": [ 152.900205, -27.097321 ] } },
{ "type": "Feature", "properties": { "decimalLatitude": -32.679853, "decimalLongitude": 152.162139, "eventDate": "2018-12-26T17:19:00Z", "countryCode": "AU" }, "geometry": { "type": "Point", "coordinates": [ 152.162139, -32.679853 ] } },
{ "type": "Feature", "properties": { "decimalLatitude": -33.650701, "decimalLongitude": 151.047486, "eventDate": "2018-12-26T09:32:22Z", "countryCode": "AU" }, "geometry": { "type": "Point", "coordinates": [ 151.047486, -33.650701 ] } },
{ "type": "Feature", "properties": { "decimalLatitude": -33.935295, "decimalLongitude": 150.872012, "eventDate": "2018-12-21T15:17:00Z", "countryCode": "AU" }, "geometry": { "type": "Point", "coordinates": [ 150.872012, -33.935295 ] } },
{ "type": "Feature", "properties": { "decimalLatitude": -25.663144, "decimalLongitude": 151.051969, "eventDate": "2018-12-25T22:54:00Z", "countryCode": "AU" }, "geometry": { "type": "Point", "coordinates": [ 151.051969, -25.663144 ] } },
{ "type": "Feature", "properties": { "decimalLatitude": -33.962758, "decimalLongitude": 150.935988, "eventDate": "2018-12-21T15:17:00Z", "countryCode": "AU" }, "geometry": { "type": "Point", "coordinates": [ 150.935988, -33.962758 ] } },
{ "type": "Feature", "properties": { "decimalLatitude": -25.715673, "decimalLongitude": 151.144645, "eventDate": "2018-12-25T22:54:00Z", "countryCode": "AU" }, "geometry": { "type": "Point", "coordinates": [ 151.144645, -25.715673 ] } },
{ "type": "Feature", "properties": { "decimalLatitude": -34.374805, "decimalLongitude": 150.921912, "eventDate": "2018-12-24T20:32:00Z", "countryCode": "AU" }, "geometry": { "type": "Point", "coordinates": [ 150.921912, -34.374805 ] } },
{ "type": "Feature", "properties": { "decimalLatitude": -33.796271, "decimalLongitude": 151.015558, "eventDate": "2018-12-26T12:54:00Z", "countryCode": "AU" }, "geometry": { "type": "Point", "coordinates": [ 151.015558, -33.796271 ] } },
{ "type": "Feature", "properties": { "decimalLatitude": -32.679853, "decimalLongitude": 152.162139, "eventDate": "2019-01-02T06:49:00Z", "countryCode": "AU" }, "geometry": { "type": "Point", "coordinates": [ 152.162139, -32.679853 ] } },
{ "type": "Feature", "properties": { "decimalLatitude": -33.624617, "decimalLongitude": 151.115223, "eventDate": "2019-01-03T18:17:00Z", "countryCode": "AU" }, "geometry": { "type": "Point", "coordinates": [ 151.115223, -33.624617 ] } },
{ "type": "Feature", "properties": { "decimalLatitude": -33.862701, "decimalLongitude": 151.193011, "eventDate": "2019-01-05T01:28:00Z", "countryCode": "AU" }, "geometry": { "type": "Point", "coordinates": [ 151.193011, -33.862701 ] } },
{ "type": "Feature", "properties": { "decimalLatitude": -27.445021, "decimalLongitude": 153.138316, "eventDate": "2019-01-05T17:33:00Z", "countryCode": "AU" }, "geometry": { "type": "Point", "coordinates": [ 153.138316, -27.445021 ] } },
{ "type": "Feature", "properties": { "decimalLatitude": -32.919073, "decimalLongitude": 151.665085, "eventDate": "2019-01-06T11:50:00Z", "countryCode": "AU" }, "geometry": { "type": "Point", "coordinates": [ 151.665085, -32.919073 ] } },
{ "type": "Feature", "properties": { "decimalLatitude": -27.410301, "decimalLongitude": 152.906233, "eventDate": "2019-01-08T09:08:57Z", "countryCode": "AU" }, "geometry": { "type": "Point", "coordinates": [ 152.906233, -27.410301 ] } },
{ "type": "Feature", "properties": { "decimalLatitude": -33.848431, "decimalLongitude": 151.35612, "eventDate": "2019-01-21T19:50:00Z", "countryCode": "AU" }, "geometry": { "type": "Point", "coordinates": [ 151.35612, -33.848431 ] } },
{ "type": "Feature", "properties": { "decimalLatitude": -27.221654, "decimalLongitude": 152.857775, "eventDate": "2019-01-25T09:31:00Z", "countryCode": "AU" }, "geometry": { "type": "Point", "coordinates": [ 152.857775, -27.221654 ] } },
{ "type": "Feature", "properties": { "decimalLatitude": -33.758061, "decimalLongitude": 151.008042, "eventDate": "2019-01-25T08:27:00Z", "countryCode": "AU" }, "geometry": { "type": "Point", "coordinates": [ 151.008042, -33.758061 ] } },
{ "type": "Feature", "properties": { "decimalLatitude": -24.35583, "decimalLongitude": 150.966473, "eventDate": "2019-01-28T22:05:00Z", "countryCode": "AU" }, "geometry": { "type": "Point", "coordinates": [ 150.966473, -24.35583 ] } },
{ "type": "Feature", "properties": { "decimalLatitude": -33.696579, "decimalLongitude": 150.985005, "eventDate": "2019-01-09T07:28:00Z", "countryCode": "AU" }, "geometry": { "type": "Point", "coordinates": [ 150.985005, -33.696579 ] } },
{ "type": "Feature", "properties": { "decimalLatitude": -28.397752, "decimalLongitude": 153.113129, "eventDate": "2019-01-06T00:06:00Z", "countryCode": "AU" }, "geometry": { "type": "Point", "coordinates": [ 153.113129, -28.397752 ] } },
{ "type": "Feature", "properties": { "decimalLatitude": -33.718519, "decimalLongitude": 151.121182, "eventDate": "2019-01-19T10:56:00Z", "countryCode": "AU" }, "geometry": { "type": "Point", "coordinates": [ 151.121182, -33.718519 ] } },
{ "type": "Feature", "properties": { "decimalLatitude": -26.63109, "decimalLongitude": 152.994383, "eventDate": "2019-01-28T09:50:00Z", "countryCode": "AU" }, "geometry": { "type": "Point", "coordinates": [ 152.994383, -26.63109 ] } },
{ "type": "Feature", "properties": { "decimalLatitude": -26.778256, "decimalLongitude": 152.96033, "eventDate": "2019-01-28T09:50:00Z", "countryCode": "AU" }, "geometry": { "type": "Point", "coordinates": [ 152.96033, -26.778256 ] } },
{ "type": "Feature", "properties": { "decimalLatitude": -32.939561, "decimalLongitude": 151.715728, "eventDate": "2019-01-06T11:50:00Z", "countryCode": "AU" }, "geometry": { "type": "Point", "coordinates": [ 151.715728, -32.939561 ] } },
{ "type": "Feature", "properties": { "decimalLatitude": -25.226536, "decimalLongitude": 151.950889, "eventDate": "2019-01-13T08:33:00Z", "countryCode": "AU" }, "geometry": { "type": "Point", "coordinates": [ 151.950889, -25.226536 ] } },
{ "type": "Feature", "properties": { "decimalLatitude": -27.538085, "decimalLongitude": 153.031901, "eventDate": "2019-01-05T17:33:00Z", "countryCode": "AU" }, "geometry": { "type": "Point", "coordinates": [ 153.031901, -27.538085 ] } },
{ "type": "Feature", "properties": { "decimalLatitude": -24.360326, "decimalLongitude": 150.978248, "eventDate": "2019-01-28T22:05:00Z", "countryCode": "AU" }, "geometry": { "type": "Point", "coordinates": [ 150.978248, -24.360326 ] } },
{ "type": "Feature", "properties": { "decimalLatitude": -33.845216, "decimalLongitude": 151.193193, "eventDate": "2019-01-05T01:28:00Z", "countryCode": "AU" }, "geometry": { "type": "Point", "coordinates": [ 151.193193, -33.845216 ] } },
{ "type": "Feature", "properties": { "decimalLatitude": -33.797186, "decimalLongitude": 151.134107, "eventDate": "2019-01-25T08:27:00Z", "countryCode": "AU" }, "geometry": { "type": "Point", "coordinates": [ 151.134107, -33.797186 ] } },
{ "type": "Feature", "properties": { "decimalLatitude": -28.200116, "decimalLongitude": 153.196362, "eventDate": "2019-01-06T00:06:00Z", "countryCode": "AU" }, "geometry": { "type": "Point", "coordinates": [ 153.196362, -28.200116 ] } },
{ "type": "Feature", "properties": { "decimalLatitude": -33.725088, "decimalLongitude": 151.11197, "eventDate": "2019-01-19T10:56:00Z", "countryCode": "AU" }, "geometry": { "type": "Point", "coordinates": [ 151.11197, -33.725088 ] } },
{ "type": "Feature", "properties": { "decimalLatitude": -34.622027, "decimalLongitude": 150.771037, "eventDate": "2019-01-22T09:33:00Z", "countryCode": "AU" }, "geometry": { "type": "Point", "coordinates": [ 150.771037, -34.622027 ] } },
{ "type": "Feature", "properties": { "decimalLatitude": -33.724679, "decimalLongitude": 151.112389, "eventDate": "2019-01-18T08:55:00Z", "countryCode": "AU" }, "geometry": { "type": "Point", "coordinates": [ 151.112389, -33.724679 ] } },
{ "type": "Feature", "properties": { "decimalLatitude": -25.341719, "decimalLongitude": 151.80611, "eventDate": "2019-01-13T08:33:00Z", "countryCode": "AU" }, "geometry": { "type": "Point", "coordinates": [ 151.80611, -25.341719 ] } },
{ "type": "Feature", "properties": { "decimalLatitude": -33.979196, "decimalLongitude": 151.165488, "eventDate": "2019-01-14T07:12:00Z", "countryCode": "AU" }, "geometry": { "type": "Point", "coordinates": [ 151.165488, -33.979196 ] } },
{ "type": "Feature", "properties": { "decimalLatitude": -23.166081, "decimalLongitude": 150.492288, "eventDate": "2019-01-28T11:35:00Z", "countryCode": "AU" }, "geometry": { "type": "Point", "coordinates": [ 150.492288, -23.166081 ] } },
{ "type": "Feature", "properties": { "decimalLatitude": -27.462154, "decimalLongitude": 152.862424, "eventDate": "2019-01-07T11:44:34Z", "countryCode": "AU" }, "geometry": { "type": "Point", "coordinates": [ 152.862424, -27.462154 ] } },
{ "type": "Feature", "properties": { "decimalLatitude": -31.867396, "decimalLongitude": 152.251031, "eventDate": "2019-01-07T21:22:00Z", "countryCode": "AU" }, "geometry": { "type": "Point", "coordinates": [ 152.251031, -31.867396 ] } },
{ "type": "Feature", "properties": { "decimalLatitude": -32.961944, "decimalLongitude": 151.652778, "eventDate": "2019-01-13T17:21:16Z", "countryCode": "AU" }, "geometry": { "type": "Point", "coordinates": [ 151.652778, -32.961944 ] } },
{ "type": "Feature", "properties": { "decimalLatitude": -22.481016, "decimalLongitude": 143.172069, "eventDate": "2019-01-30T10:27:00Z", "countryCode": "AU" }, "geometry": { "type": "Point", "coordinates": [ 143.172069, -22.481016 ] } },
{ "type": "Feature", "properties": { "decimalLatitude": -31.973109, "decimalLongitude": 152.536381, "eventDate": "2019-01-27T23:00:00Z", "countryCode": "AU" }, "geometry": { "type": "Point", "coordinates": [ 152.536381, -31.973109 ] } },
{ "type": "Feature", "properties": { "decimalLatitude": -18.089313, "decimalLongitude": 144.862121, "eventDate": "2019-02-06T14:16:00Z", "countryCode": "AU" }, "geometry": { "type": "Point", "coordinates": [ 144.862121, -18.089313 ] } },
{ "type": "Feature", "properties": { "decimalLatitude": -33.975811, "decimalLongitude": 151.252506, "eventDate": "2019-02-27T18:31:00Z", "countryCode": "AU" }, "geometry": { "type": "Point", "coordinates": [ 151.252506, -33.975811 ] } },
{ "type": "Feature", "properties": { "decimalLatitude": -26.327244, "decimalLongitude": 151.717785, "eventDate": "2019-02-02T14:48:00Z", "countryCode": "AU" }, "geometry": { "type": "Point", "coordinates": [ 151.717785, -26.327244 ] } },
{ "type": "Feature", "properties": { "decimalLatitude": -33.619513, "decimalLongitude": 151.096962, "eventDate": "2019-02-11T08:40:00Z", "countryCode": "AU" }, "geometry": { "type": "Point", "coordinates": [ 151.096962, -33.619513 ] } },
{ "type": "Feature", "properties": { "decimalLatitude": -26.320222, "decimalLongitude": 151.662183, "eventDate": "2019-02-02T14:48:00Z", "countryCode": "AU" }, "geometry": { "type": "Point", "coordinates": [ 151.662183, -26.320222 ] } },
{ "type": "Feature", "properties": { "decimalLatitude": -33.848158, "decimalLongitude": 151.245239, "eventDate": "2019-02-27T18:31:00Z", "countryCode": "AU" }, "geometry": { "type": "Point", "coordinates": [ 151.245239, -33.848158 ] } },
{ "type": "Feature", "properties": { "decimalLatitude": -33.724812, "decimalLongitude": 151.111916, "eventDate": "2019-02-11T08:40:00Z", "countryCode": "AU" }, "geometry": { "type": "Point", "coordinates": [ 151.111916, -33.724812 ] } },
{ "type": "Feature", "properties": { "decimalLatitude": -27.195168, "decimalLongitude": 152.945588, "eventDate": "2019-03-12T19:26:00Z", "countryCode": "AU" }, "geometry": { "type": "Point", "coordinates": [ 152.945588, -27.195168 ] } },
{ "type": "Feature", "properties": { "decimalLatitude": -27.994885, "decimalLongitude": 153.183124, "eventDate": "2019-03-11T14:26:00Z", "countryCode": "AU" }, "geometry": { "type": "Point", "coordinates": [ 153.183124, -27.994885 ] } },
{ "type": "Feature", "properties": { "decimalLatitude": -33.639227, "decimalLongitude": 151.045013, "eventDate": "2019-03-04T21:19:00Z", "countryCode": "AU" }, "geometry": { "type": "Point", "coordinates": [ 151.045013, -33.639227 ] } },
{ "type": "Feature", "properties": { "decimalLatitude": -32.949202, "decimalLongitude": 151.646749, "eventDate": "2019-03-22T11:10:00Z", "countryCode": "AU" }, "geometry": { "type": "Point", "coordinates": [ 151.646749, -32.949202 ] } },
{ "type": "Feature", "properties": { "decimalLatitude": -31.516, "decimalLongitude": 152.242, "eventDate": "2019-03-21T11:41:25Z", "countryCode": "AU" }, "geometry": { "type": "Point", "coordinates": [ 152.242, -31.516 ] } },
{ "type": "Feature", "properties": { "decimalLatitude": -32.949202, "decimalLongitude": 151.646749, "eventDate": "2019-03-22T11:10:00Z", "countryCode": "AU" }, "geometry": { "type": "Point", "coordinates": [ 151.646749, -32.949202 ] } },
{ "type": "Feature", "properties": { "decimalLatitude": -33.639227, "decimalLongitude": 151.045013, "eventDate": "2019-03-04T21:19:00Z", "countryCode": "AU" }, "geometry": { "type": "Point", "coordinates": [ 151.045013, -33.639227 ] } },
{ "type": "Feature", "properties": { "decimalLatitude": -18.790739, "decimalLongitude": 145.821877, "eventDate": "2019-03-24T11:54:00Z", "countryCode": "AU" }, "geometry": { "type": "Point", "coordinates": [ 145.821877, -18.790739 ] } },
{ "type": "Feature", "properties": { "decimalLatitude": -33.876711, "decimalLongitude": 151.118377, "eventDate": "2019-04-02T00:00:00Z", "countryCode": "AU" }, "geometry": { "type": "Point", "coordinates": [ 151.118377, -33.876711 ] } },
{ "type": "Feature", "properties": { "decimalLatitude": -33.828975, "decimalLongitude": 151.143014, "eventDate": "2019-04-02T11:00:00Z", "countryCode": "AU" }, "geometry": { "type": "Point", "coordinates": [ 151.143014, -33.828975 ] } },
{ "type": "Feature", "properties": { "decimalLatitude": -33.031294, "decimalLongitude": 151.613132, "eventDate": "2019-04-03T13:00:00Z", "countryCode": "AU" }, "geometry": { "type": "Point", "coordinates": [ 151.613132, -33.031294 ] } },
{ "type": "Feature", "properties": { "decimalLatitude": -35.349702, "decimalLongitude": 149.041087, "eventDate": "2019-04-21T16:58:00Z", "countryCode": "AU" }, "geometry": { "type": "Point", "coordinates": [ 149.041087, -35.349702 ] } },
{ "type": "Feature", "properties": { "decimalLatitude": -33.031294, "decimalLongitude": 151.613132, "eventDate": "2019-04-03T13:00:00Z", "countryCode": "AU" }, "geometry": { "type": "Point", "coordinates": [ 151.613132, -33.031294 ] } },
{ "type": "Feature", "properties": { "decimalLatitude": -35.349702, "decimalLongitude": 149.041087, "eventDate": "2019-04-21T16:58:00Z", "countryCode": "AU" }, "geometry": { "type": "Point", "coordinates": [ 149.041087, -35.349702 ] } },
{ "type": "Feature", "properties": { "decimalLatitude": -34.013092, "decimalLongitude": 150.893464, "eventDate": "2019-04-20T22:59:00Z", "countryCode": "AU" }, "geometry": { "type": "Point", "coordinates": [ 150.893464, -34.013092 ] } },
{ "type": "Feature", "properties": { "decimalLatitude": -18.22535, "decimalLongitude": 144.638371, "eventDate": "2019-04-23T11:46:00Z", "countryCode": "AU" }, "geometry": { "type": "Point", "coordinates": [ 144.638371, -18.22535 ] } },
{ "type": "Feature", "properties": { "decimalLatitude": -34.745392, "decimalLongitude": 150.710556, "eventDate": "2019-06-11T11:42:00Z", "countryCode": "AU" }, "geometry": { "type": "Point", "coordinates": [ 150.710556, -34.745392 ] } },
{ "type": "Feature", "properties": { "decimalLatitude": -34.745392, "decimalLongitude": 150.710556, "eventDate": "2019-06-11T01:42:00Z", "countryCode": "AU" }, "geometry": { "type": "Point", "coordinates": [ 150.710556, -34.745392 ] } },
{ "type": "Feature", "properties": { "decimalLatitude": -34.827194, "decimalLongitude": 150.46876, "eventDate": "2019-07-05T01:36:00Z", "countryCode": "AU" }, "geometry": { "type": "Point", "coordinates": [ 150.46876, -34.827194 ] } },
{ "type": "Feature", "properties": { "decimalLatitude": -19.818198, "decimalLongitude": 146.092604, "eventDate": "2019-08-07T19:17:00Z", "countryCode": "AU" }, "geometry": { "type": "Point", "coordinates": [ 146.092604, -19.818198 ] } },
{ "type": "Feature", "properties": { "decimalLatitude": -30.7533, "decimalLongitude": 152.889778, "eventDate": "2019-09-23T20:51:00Z", "countryCode": "AU" }, "geometry": { "type": "Point", "coordinates": [ 152.889778, -30.7533 ] } },
{ "type": "Feature", "properties": { "decimalLatitude": -30.612054, "decimalLongitude": 152.969008, "eventDate": "2019-09-23T20:50:00Z", "countryCode": "AU" }, "geometry": { "type": "Point", "coordinates": [ 152.969008, -30.612054 ] } },
{ "type": "Feature", "properties": { "decimalLatitude": -27.359585, "decimalLongitude": 153.062676, "eventDate": "2019-09-28T07:07:51Z", "countryCode": "AU" }, "geometry": { "type": "Point", "coordinates": [ 153.062676, -27.359585 ] } },
{ "type": "Feature", "properties": { "decimalLatitude": -27.616334, "decimalLongitude": 152.761149, "eventDate": "2019-09-26T12:21:00Z", "countryCode": "AU" }, "geometry": { "type": "Point", "coordinates": [ 152.761149, -27.616334 ] } },
{ "type": "Feature", "properties": { "decimalLatitude": -33.633178, "decimalLongitude": 151.337813, "eventDate": "2019-09-22T10:25:42Z", "countryCode": "AU" }, "geometry": { "type": "Point", "coordinates": [ 151.337813, -33.633178 ] } },
{ "type": "Feature", "properties": { "decimalLatitude": -27.195168, "decimalLongitude": 152.945588, "eventDate": "2019-09-07T20:24:00Z", "countryCode": "AU" }, "geometry": { "type": "Point", "coordinates": [ 152.945588, -27.195168 ] } },
{ "type": "Feature", "properties": { "decimalLatitude": -27.195168, "decimalLongitude": 152.945588, "eventDate": "2019-09-06T23:13:00Z", "countryCode": "AU" }, "geometry": { "type": "Point", "coordinates": [ 152.945588, -27.195168 ] } },
{ "type": "Feature", "properties": { "decimalLatitude": -27.195168, "decimalLongitude": 152.945588, "eventDate": "2019-09-08T23:00:00Z", "countryCode": "AU" }, "geometry": { "type": "Point", "coordinates": [ 152.945588, -27.195168 ] } },
{ "type": "Feature", "properties": { "decimalLatitude": -28.809315, "decimalLongitude": 153.288288, "eventDate": "2019-09-27T16:19:00Z", "countryCode": "AU" }, "geometry": { "type": "Point", "coordinates": [ 153.288288, -28.809315 ] } },
{ "type": "Feature", "properties": { "decimalLatitude": -28.809315, "decimalLongitude": 153.288288, "eventDate": "2019-09-27T06:41:00Z", "countryCode": "AU" }, "geometry": { "type": "Point", "coordinates": [ 153.288288, -28.809315 ] } },
{ "type": "Feature", "properties": { "decimalLatitude": -30.782325, "decimalLongitude": 152.872028, "eventDate": "2019-10-17T08:22:44Z", "countryCode": "AU" }, "geometry": { "type": "Point", "coordinates": [ 152.872028, -30.782325 ] } },
{ "type": "Feature", "properties": { "decimalLatitude": -26.823995, "decimalLongitude": 152.919953, "eventDate": "2019-10-17T21:43:00Z", "countryCode": "AU" }, "geometry": { "type": "Point", "coordinates": [ 152.919953, -26.823995 ] } },
{ "type": "Feature", "properties": { "decimalLatitude": -28.812592, "decimalLongitude": 153.283118, "eventDate": "2019-10-16T20:14:00Z", "countryCode": "AU" }, "geometry": { "type": "Point", "coordinates": [ 153.283118, -28.812592 ] } },
{ "type": "Feature", "properties": { "decimalLatitude": -27.924891, "decimalLongitude": 153.193958, "eventDate": "2019-10-25T02:37:00Z", "countryCode": "AU" }, "geometry": { "type": "Point", "coordinates": [ 153.193958, -27.924891 ] } },
{ "type": "Feature", "properties": { "decimalLatitude": -28.007876, "decimalLongitude": 153.428205, "eventDate": "2019-10-30T21:58:00Z", "countryCode": "AU" }, "geometry": { "type": "Point", "coordinates": [ 153.428205, -28.007876 ] } },
{ "type": "Feature", "properties": { "decimalLatitude": -27.508108, "decimalLongitude": 153.02565, "eventDate": "2019-10-21T18:06:06Z", "countryCode": "AU" }, "geometry": { "type": "Point", "coordinates": [ 153.02565, -27.508108 ] } },
{ "type": "Feature", "properties": { "decimalLatitude": -27.195168, "decimalLongitude": 152.945588, "eventDate": "2019-10-30T22:25:00Z", "countryCode": "AU" }, "geometry": { "type": "Point", "coordinates": [ 152.945588, -27.195168 ] } },
{ "type": "Feature", "properties": { "decimalLatitude": -27.563322, "decimalLongitude": 152.883146, "eventDate": "2019-10-09T20:27:36Z", "countryCode": "AU" }, "geometry": { "type": "Point", "coordinates": [ 152.883146, -27.563322 ] } },
{ "type": "Feature", "properties": { "decimalLatitude": -27.502337, "decimalLongitude": 153.394911, "eventDate": "2019-10-21T19:25:00Z", "countryCode": "AU" }, "geometry": { "type": "Point", "coordinates": [ 153.394911, -27.502337 ] } },
{ "type": "Feature", "properties": { "decimalLatitude": -28.818265, "decimalLongitude": 153.414387, "eventDate": "2019-10-18T08:23:00Z", "countryCode": "AU" }, "geometry": { "type": "Point", "coordinates": [ 153.414387, -28.818265 ] } },
{ "type": "Feature", "properties": { "decimalLatitude": -28.12047, "decimalLongitude": 153.18282, "eventDate": "2019-10-31T07:08:00Z", "countryCode": "AU" }, "geometry": { "type": "Point", "coordinates": [ 153.18282, -28.12047 ] } },
{ "type": "Feature", "properties": { "decimalLatitude": -27.658158, "decimalLongitude": 152.740905, "eventDate": "2019-10-22T08:30:00Z", "countryCode": "AU" }, "geometry": { "type": "Point", "coordinates": [ 152.740905, -27.658158 ] } },
{ "type": "Feature", "properties": { "decimalLatitude": -27.412506, "decimalLongitude": 152.889775, "eventDate": "2019-10-17T20:51:40Z", "countryCode": "AU" }, "geometry": { "type": "Point", "coordinates": [ 152.889775, -27.412506 ] } },
{ "type": "Feature", "properties": { "decimalLatitude": -26.823995, "decimalLongitude": 152.919953, "eventDate": "2019-11-28T05:17:00Z", "countryCode": "AU" }, "geometry": { "type": "Point", "coordinates": [ 152.919953, -26.823995 ] } },
{ "type": "Feature", "properties": { "decimalLatitude": -30.678375, "decimalLongitude": 152.962533, "eventDate": "2019-11-29T20:36:00Z", "countryCode": "AU" }, "geometry": { "type": "Point", "coordinates": [ 152.962533, -30.678375 ] } },
{ "type": "Feature", "properties": { "decimalLatitude": -27.195168, "decimalLongitude": 152.945588, "eventDate": "2019-11-07T00:00:00Z", "countryCode": "AU" }, "geometry": { "type": "Point", "coordinates": [ 152.945588, -27.195168 ] } },
{ "type": "Feature", "properties": { "decimalLatitude": -23.897333, "decimalLongitude": 151.258815, "eventDate": "2019-11-28T10:55:00Z", "countryCode": "AU" }, "geometry": { "type": "Point", "coordinates": [ 151.258815, -23.897333 ] } },
{ "type": "Feature", "properties": { "decimalLatitude": -25.758539, "decimalLongitude": 152.955595, "eventDate": "2019-12-12T10:37:00Z", "countryCode": "AU" }, "geometry": { "type": "Point", "coordinates": [ 152.955595, -25.758539 ] } },
{ "type": "Feature", "properties": { "decimalLatitude": -29.400353, "decimalLongitude": 153.351658, "eventDate": "2019-12-12T23:42:00Z", "countryCode": "AU" }, "geometry": { "type": "Point", "coordinates": [ 153.351658, -29.400353 ] } },
{ "type": "Feature", "properties": { "decimalLatitude": -29.400495, "decimalLongitude": 153.35154, "eventDate": "2019-12-21T12:24:00Z", "countryCode": "AU" }, "geometry": { "type": "Point", "coordinates": [ 153.35154, -29.400495 ] } },
{ "type": "Feature", "properties": { "decimalLatitude": -27.527812, "decimalLongitude": 152.704606, "eventDate": "2019-12-21T11:17:00Z", "countryCode": "AU" }, "geometry": { "type": "Point", "coordinates": [ 152.704606, -27.527812 ] } },
{ "type": "Feature", "properties": { "decimalLatitude": -27.195168, "decimalLongitude": 152.945588, "eventDate": "2019-12-03T23:45:00Z", "countryCode": "AU" }, "geometry": { "type": "Point", "coordinates": [ 152.945588, -27.195168 ] } },
{ "type": "Feature", "properties": { "decimalLatitude": -30.297317, "decimalLongitude": 152.783273, "eventDate": "2019-12-14T20:12:39Z", "countryCode": "AU" }, "geometry": { "type": "Point", "coordinates": [ 152.783273, -30.297317 ] } },
{ "type": "Feature", "properties": { "decimalLatitude": -27.461158, "decimalLongitude": 152.881944, "eventDate": "2020-01-05T09:18:00Z", "countryCode": "AU" }, "geometry": { "type": "Point", "coordinates": [ 152.881944, -27.461158 ] } },
{ "type": "Feature", "properties": { "decimalLatitude": -24.836477, "decimalLongitude": 152.345879, "eventDate": "2020-02-21T22:39:28Z", "countryCode": "AU" }, "geometry": { "type": "Point", "coordinates": [ 152.345879, -24.836477 ] } },
{ "type": "Feature", "properties": { "decimalLatitude": -30.641945, "decimalLongitude": 153.008606, "eventDate": "2020-02-18T07:40:25Z", "countryCode": "AU" }, "geometry": { "type": "Point", "coordinates": [ 153.008606, -30.641945 ] } },
{ "type": "Feature", "properties": { "decimalLatitude": -26.076055, "decimalLongitude": 152.499847, "eventDate": "2020-02-23T11:09:18Z", "countryCode": "AU" }, "geometry": { "type": "Point", "coordinates": [ 152.499847, -26.076055 ] } },
{ "type": "Feature", "properties": { "decimalLatitude": -23.44209, "decimalLongitude": 151.915616, "eventDate": "2020-02-27T00:00:00Z", "countryCode": "AU" }, "geometry": { "type": "Point", "coordinates": [ 151.915616, -23.44209 ] } },
{ "type": "Feature", "properties": { "decimalLatitude": -25.934697, "decimalLongitude": 152.624999, "eventDate": "2020-02-22T19:47:00Z", "countryCode": "AU" }, "geometry": { "type": "Point", "coordinates": [ 152.624999, -25.934697 ] } },
{ "type": "Feature", "properties": { "decimalLatitude": -23.347205, "decimalLongitude": 150.544113, "eventDate": "2020-02-27T07:54:27Z", "countryCode": "AU" }, "geometry": { "type": "Point", "coordinates": [ 150.544113, -23.347205 ] } },
{ "type": "Feature", "properties": { "decimalLatitude": -26.700177, "decimalLongitude": 153.070835, "eventDate": "2020-02-27T07:44:00Z", "countryCode": "AU" }, "geometry": { "type": "Point", "coordinates": [ 153.070835, -26.700177 ] } },
{ "type": "Feature", "properties": { "decimalLatitude": -26.234862, "decimalLongitude": 152.639825, "eventDate": "2020-02-12T11:26:00Z", "countryCode": "AU" }, "geometry": { "type": "Point", "coordinates": [ 152.639825, -26.234862 ] } },
{ "type": "Feature", "properties": { "decimalLatitude": -23.538147, "decimalLongitude": 148.171459, "eventDate": "2020-02-20T11:03:00Z", "countryCode": "AU" }, "geometry": { "type": "Point", "coordinates": [ 148.171459, -23.538147 ] } },
{ "type": "Feature", "properties": { "decimalLatitude": -27.504603, "decimalLongitude": 153.029861, "eventDate": "2020-03-02T09:59:45Z", "countryCode": "AU" }, "geometry": { "type": "Point", "coordinates": [ 153.029861, -27.504603 ] } },
{ "type": "Feature", "properties": { "decimalLatitude": -23.038527, "decimalLongitude": 150.406227, "eventDate": "2020-03-01T09:54:59Z", "countryCode": "AU" }, "geometry": { "type": "Point", "coordinates": [ 150.406227, -23.038527 ] } },
{ "type": "Feature", "properties": { "decimalLatitude": -27.366513, "decimalLongitude": 152.184867, "eventDate": "2020-03-08T11:05:00Z", "countryCode": "AU" }, "geometry": { "type": "Point", "coordinates": [ 152.184867, -27.366513 ] } },
{ "type": "Feature", "properties": { "decimalLatitude": -27.510352, "decimalLongitude": 153.070052, "eventDate": "2020-03-06T17:32:00Z", "countryCode": "AU" }, "geometry": { "type": "Point", "coordinates": [ 153.070052, -27.510352 ] } },
{ "type": "Feature", "properties": { "decimalLatitude": -23.898886, "decimalLongitude": 151.261706, "eventDate": "2020-03-15T08:23:55Z", "countryCode": "AU" }, "geometry": { "type": "Point", "coordinates": [ 151.261706, -23.898886 ] } },
{ "type": "Feature", "properties": { "decimalLatitude": -27.017778, "decimalLongitude": 152.699167, "eventDate": "2020-03-16T08:47:18Z", "countryCode": "AU" }, "geometry": { "type": "Point", "coordinates": [ 152.699167, -27.017778 ] } },
{ "type": "Feature", "properties": { "decimalLatitude": -23.962217, "decimalLongitude": 151.283582, "eventDate": "2020-03-05T10:53:00Z", "countryCode": "AU" }, "geometry": { "type": "Point", "coordinates": [ 151.283582, -23.962217 ] } },
{ "type": "Feature", "properties": { "decimalLatitude": -21.279167, "decimalLongitude": 149.151672, "eventDate": "2020-03-07T07:15:00Z", "countryCode": "AU" }, "geometry": { "type": "Point", "coordinates": [ 149.151672, -21.279167 ] } },
{ "type": "Feature", "properties": { "decimalLatitude": -27.631421, "decimalLongitude": 153.203874, "eventDate": "2020-03-21T13:00:44Z", "countryCode": "AU" }, "geometry": { "type": "Point", "coordinates": [ 153.203874, -27.631421 ] } },
{ "type": "Feature", "properties": { "decimalLatitude": -27.801416, "decimalLongitude": 153.181848, "eventDate": "2020-03-21T09:18:00Z", "countryCode": "AU" }, "geometry": { "type": "Point", "coordinates": [ 153.181848, -27.801416 ] } },
{ "type": "Feature", "properties": { "decimalLatitude": -23.897832, "decimalLongitude": 151.259473, "eventDate": "2020-03-29T08:37:00Z", "countryCode": "AU" }, "geometry": { "type": "Point", "coordinates": [ 151.259473, -23.897832 ] } },
{ "type": "Feature", "properties": { "decimalLatitude": -20.922567, "decimalLongitude": 149.045798, "eventDate": "2020-03-05T19:50:00Z", "countryCode": "AU" }, "geometry": { "type": "Point", "coordinates": [ 149.045798, -20.922567 ] } },
{ "type": "Feature", "properties": { "decimalLatitude": -27.538845, "decimalLongitude": 153.031447, "eventDate": "2020-03-01T14:46:00Z", "countryCode": "AU" }, "geometry": { "type": "Point", "coordinates": [ 153.031447, -27.538845 ] } },
{ "type": "Feature", "properties": { "decimalLatitude": -27.397122, "decimalLongitude": 152.926987, "eventDate": "2020-03-28T16:50:00Z", "countryCode": "AU" }, "geometry": { "type": "Point", "coordinates": [ 152.926987, -27.397122 ] } },
{ "type": "Feature", "properties": { "decimalLatitude": -20.922567, "decimalLongitude": 149.045798, "eventDate": "2020-03-06T20:26:00Z", "countryCode": "AU" }, "geometry": { "type": "Point", "coordinates": [ 149.045798, -20.922567 ] } },
{ "type": "Feature", "properties": { "decimalLatitude": -20.922567, "decimalLongitude": 149.045798, "eventDate": "2020-03-06T20:29:00Z", "countryCode": "AU" }, "geometry": { "type": "Point", "coordinates": [ 149.045798, -20.922567 ] } },
{ "type": "Feature", "properties": { "decimalLatitude": -27.528468, "decimalLongitude": 152.704468, "eventDate": "2020-03-20T17:44:00Z", "countryCode": "AU" }, "geometry": { "type": "Point", "coordinates": [ 152.704468, -27.528468 ] } },
{ "type": "Feature", "properties": { "decimalLatitude": -27.666929, "decimalLongitude": 153.078443, "eventDate": "2020-03-21T08:13:00Z", "countryCode": "AU" }, "geometry": { "type": "Point", "coordinates": [ 153.078443, -27.666929 ] } },
{ "type": "Feature", "properties": { "decimalLatitude": -29.246283, "decimalLongitude": 153.369155, "eventDate": "2020-03-07T08:49:00Z", "countryCode": "AU" }, "geometry": { "type": "Point", "coordinates": [ 153.369155, -29.246283 ] } },
{ "type": "Feature", "properties": { "decimalLatitude": -27.465018, "decimalLongitude": 153.188387, "eventDate": "2020-03-21T18:18:40Z", "countryCode": "AU" }, "geometry": { "type": "Point", "coordinates": [ 153.188387, -27.465018 ] } },
{ "type": "Feature", "properties": { "decimalLatitude": -17.204083, "decimalLongitude": 145.675194, "eventDate": "2020-03-13T22:41:16Z", "countryCode": "AU" }, "geometry": { "type": "Point", "coordinates": [ 145.675194, -17.204083 ] } },
{ "type": "Feature", "properties": { "decimalLatitude": -19.37933, "decimalLongitude": 146.449622, "eventDate": "2020-03-26T01:36:12Z", "countryCode": "AU" }, "geometry": { "type": "Point", "coordinates": [ 146.449622, -19.37933 ] } },
{ "type": "Feature", "properties": { "decimalLatitude": -25.90998, "decimalLongitude": 153.085258, "eventDate": "2020-04-05T22:51:42Z", "countryCode": "AU" }, "geometry": { "type": "Point", "coordinates": [ 153.085258, -25.90998 ] } },
{ "type": "Feature", "properties": { "decimalLatitude": -27.579067, "decimalLongitude": 152.761397, "eventDate": "2020-04-16T21:25:45Z", "countryCode": "AU" }, "geometry": { "type": "Point", "coordinates": [ 152.761397, -27.579067 ] } },
{ "type": "Feature", "properties": { "decimalLatitude": -28.02233, "decimalLongitude": 153.282115, "eventDate": "2020-04-15T08:08:47Z", "countryCode": "AU" }, "geometry": { "type": "Point", "coordinates": [ 153.282115, -28.02233 ] } },
{ "type": "Feature", "properties": { "decimalLatitude": -27.660642, "decimalLongitude": 152.754501, "eventDate": "2020-04-23T22:23:50Z", "countryCode": "AU" }, "geometry": { "type": "Point", "coordinates": [ 152.754501, -27.660642 ] } },
{ "type": "Feature", "properties": { "decimalLatitude": -17.259019, "decimalLongitude": 145.464025, "eventDate": "2020-04-23T14:30:00Z", "countryCode": "AU" }, "geometry": { "type": "Point", "coordinates": [ 145.464025, -17.259019 ] } },
{ "type": "Feature", "properties": { "decimalLatitude": -27.660642, "decimalLongitude": 152.754501, "eventDate": "2020-04-23T20:15:07Z", "countryCode": "AU" }, "geometry": { "type": "Point", "coordinates": [ 152.754501, -27.660642 ] } },
{ "type": "Feature", "properties": { "decimalLatitude": -24.842113, "decimalLongitude": 152.407638, "eventDate": "2020-04-19T18:01:00Z", "countryCode": "AU" }, "geometry": { "type": "Point", "coordinates": [ 152.407638, -24.842113 ] } },
{ "type": "Feature", "properties": { "decimalLatitude": -24.842158, "decimalLongitude": 152.407653, "eventDate": "2020-04-16T07:53:00Z", "countryCode": "AU" }, "geometry": { "type": "Point", "coordinates": [ 152.407653, -24.842158 ] } },
{ "type": "Feature", "properties": { "decimalLatitude": -14.515832, "decimalLongitude": 132.174163, "eventDate": "2020-04-09T08:14:00Z", "countryCode": "AU" }, "geometry": { "type": "Point", "coordinates": [ 132.174163, -14.515832 ] } },
{ "type": "Feature", "properties": { "decimalLatitude": -24.341354, "decimalLongitude": 151.769083, "eventDate": "2020-04-11T10:39:00Z", "countryCode": "AU" }, "geometry": { "type": "Point", "coordinates": [ 151.769083, -24.341354 ] } },
{ "type": "Feature", "properties": { "decimalLatitude": -28.720331, "decimalLongitude": 153.52944, "eventDate": "2020-04-01T03:47:00Z", "countryCode": "AU" }, "geometry": { "type": "Point", "coordinates": [ 153.52944, -28.720331 ] } },
{ "type": "Feature", "properties": { "decimalLatitude": -26.4825, "decimalLongitude": 152.898333, "eventDate": "2020-04-19T22:45:00Z", "countryCode": "AU" }, "geometry": { "type": "Point", "coordinates": [ 152.898333, -26.4825 ] } },
{ "type": "Feature", "properties": { "decimalLatitude": -27.753252, "decimalLongitude": 152.947903, "eventDate": "2020-04-18T17:21:00Z", "countryCode": "AU" }, "geometry": { "type": "Point", "coordinates": [ 152.947903, -27.753252 ] } },
{ "type": "Feature", "properties": { "decimalLatitude": -17.433855, "decimalLongitude": 145.511182, "eventDate": "2020-04-23T21:36:13Z", "countryCode": "AU" }, "geometry": { "type": "Point", "coordinates": [ 145.511182, -17.433855 ] } },
{ "type": "Feature", "properties": { "decimalLatitude": -27.541256, "decimalLongitude": 152.987959, "eventDate": "2020-04-25T17:45:00Z", "countryCode": "AU" }, "geometry": { "type": "Point", "coordinates": [ 152.987959, -27.541256 ] } },
{ "type": "Feature", "properties": { "decimalLatitude": -27.298171, "decimalLongitude": 151.831446, "eventDate": "2020-04-24T21:21:00Z", "countryCode": "AU" }, "geometry": { "type": "Point", "coordinates": [ 151.831446, -27.298171 ] } },
{ "type": "Feature", "properties": { "decimalLatitude": -28.185982, "decimalLongitude": 153.308313, "eventDate": "2020-04-17T00:00:00Z", "countryCode": "AU" }, "geometry": { "type": "Point", "coordinates": [ 153.308313, -28.185982 ] } },
{ "type": "Feature", "properties": { "decimalLatitude": -21.075152, "decimalLongitude": 148.6388, "eventDate": "2020-04-24T19:45:13Z", "countryCode": "AU" }, "geometry": { "type": "Point", "coordinates": [ 148.6388, -21.075152 ] } },
{ "type": "Feature", "properties": { "decimalLatitude": -26.714302, "decimalLongitude": 152.815096, "eventDate": "2020-04-22T17:20:00Z", "countryCode": "AU" }, "geometry": { "type": "Point", "coordinates": [ 152.815096, -26.714302 ] } },
{ "type": "Feature", "properties": { "decimalLatitude": -32.89058, "decimalLongitude": 151.723403, "eventDate": "2020-04-19T17:17:04Z", "countryCode": "AU" }, "geometry": { "type": "Point", "coordinates": [ 151.723403, -32.89058 ] } },
{ "type": "Feature", "properties": { "decimalLatitude": -27.082005, "decimalLongitude": 153.170196, "eventDate": "2020-04-12T11:19:00Z", "countryCode": "AU" }, "geometry": { "type": "Point", "coordinates": [ 153.170196, -27.082005 ] } },
{ "type": "Feature", "properties": { "decimalLatitude": -32.904059, "decimalLongitude": 151.663036, "eventDate": "2020-04-30T18:59:45Z", "countryCode": "AU" }, "geometry": { "type": "Point", "coordinates": [ 151.663036, -32.904059 ] } },
{ "type": "Feature", "properties": { "decimalLatitude": -27.405944, "decimalLongitude": 153.004425, "eventDate": "2020-04-25T16:19:00Z", "countryCode": "AU" }, "geometry": { "type": "Point", "coordinates": [ 153.004425, -27.405944 ] } },
{ "type": "Feature", "properties": { "decimalLatitude": -28.794422, "decimalLongitude": 153.388302, "eventDate": "2020-04-09T22:30:00Z", "countryCode": "AU" }, "geometry": { "type": "Point", "coordinates": [ 153.388302, -28.794422 ] } },
{ "type": "Feature", "properties": { "decimalLatitude": -27.401745, "decimalLongitude": 152.792717, "eventDate": "2020-05-05T12:46:27Z", "countryCode": "AU" }, "geometry": { "type": "Point", "coordinates": [ 152.792717, -27.401745 ] } },
{ "type": "Feature", "properties": { "decimalLatitude": -27.402967, "decimalLongitude": 152.965928, "eventDate": "2020-05-08T15:29:21Z", "countryCode": "AU" }, "geometry": { "type": "Point", "coordinates": [ 152.965928, -27.402967 ] } },
{ "type": "Feature", "properties": { "decimalLatitude": -32.877934, "decimalLongitude": 151.565331, "eventDate": "2020-05-16T15:29:05Z", "countryCode": "AU" }, "geometry": { "type": "Point", "coordinates": [ 151.565331, -32.877934 ] } },
{ "type": "Feature", "properties": { "decimalLatitude": -27.544672, "decimalLongitude": 152.837061, "eventDate": "2020-05-26T13:24:11Z", "countryCode": "AU" }, "geometry": { "type": "Point", "coordinates": [ 152.837061, -27.544672 ] } },
{ "type": "Feature", "properties": { "decimalLatitude": -24.931773, "decimalLongitude": 152.23909, "eventDate": "2020-05-23T15:21:00Z", "countryCode": "AU" }, "geometry": { "type": "Point", "coordinates": [ 152.23909, -24.931773 ] } },
{ "type": "Feature", "properties": { "decimalLatitude": -31.409313, "decimalLongitude": 152.899917, "eventDate": "2020-05-15T19:52:00Z", "countryCode": "AU" }, "geometry": { "type": "Point", "coordinates": [ 152.899917, -31.409313 ] } },
{ "type": "Feature", "properties": { "decimalLatitude": -33.843183, "decimalLongitude": 151.19425, "eventDate": "2020-05-21T02:14:16Z", "countryCode": "AU" }, "geometry": { "type": "Point", "coordinates": [ 151.19425, -33.843183 ] } },
{ "type": "Feature", "properties": { "decimalLatitude": -28.258347, "decimalLongitude": 153.40185, "eventDate": "2020-06-07T14:20:00Z", "countryCode": "AU" }, "geometry": { "type": "Point", "coordinates": [ 153.40185, -28.258347 ] } },
{ "type": "Feature", "properties": { "decimalLatitude": -23.897893, "decimalLongitude": 151.261161, "eventDate": "2020-06-26T08:50:21Z", "countryCode": "AU" }, "geometry": { "type": "Point", "coordinates": [ 151.261161, -23.897893 ] } },
{ "type": "Feature", "properties": { "decimalLatitude": -18.974245, "decimalLongitude": 146.03952, "eventDate": "2020-06-19T19:16:29Z", "countryCode": "AU" }, "geometry": { "type": "Point", "coordinates": [ 146.03952, -18.974245 ] } },
{ "type": "Feature", "properties": { "decimalLatitude": -27.090799, "decimalLongitude": 152.945007, "eventDate": "2020-06-14T13:13:00Z", "countryCode": "AU" }, "geometry": { "type": "Point", "coordinates": [ 152.945007, -27.090799 ] } },
{ "type": "Feature", "properties": { "decimalLatitude": -27.556745, "decimalLongitude": 151.97295, "eventDate": "2020-06-01T06:59:00Z", "countryCode": "AU" }, "geometry": { "type": "Point", "coordinates": [ 151.97295, -27.556745 ] } },
{ "type": "Feature", "properties": { "decimalLatitude": -27.072566, "decimalLongitude": 152.61911, "eventDate": "2020-06-05T08:43:00Z", "countryCode": "AU" }, "geometry": { "type": "Point", "coordinates": [ 152.61911, -27.072566 ] } },
{ "type": "Feature", "properties": { "decimalLatitude": -25.081588, "decimalLongitude": 151.675112, "eventDate": "2020-06-28T09:50:00Z", "countryCode": "AU" }, "geometry": { "type": "Point", "coordinates": [ 151.675112, -25.081588 ] } },
{ "type": "Feature", "properties": { "decimalLatitude": -19.256849, "decimalLongitude": 146.752666, "eventDate": "2020-06-23T08:34:22Z", "countryCode": "AU" }, "geometry": { "type": "Point", "coordinates": [ 146.752666, -19.256849 ] } },
{ "type": "Feature", "properties": { "decimalLatitude": -22.138285, "decimalLongitude": 150.06255, "eventDate": "2020-06-30T10:29:00Z", "countryCode": "AU" }, "geometry": { "type": "Point", "coordinates": [ 150.06255, -22.138285 ] } },
{ "type": "Feature", "properties": { "decimalLatitude": -19.006816, "decimalLongitude": 146.087844, "eventDate": "2020-06-21T12:10:08Z", "countryCode": "AU" }, "geometry": { "type": "Point", "coordinates": [ 146.087844, -19.006816 ] } },
{ "type": "Feature", "properties": { "decimalLatitude": -25.269444, "decimalLongitude": 152.755833, "eventDate": "2020-07-11T08:17:59Z", "countryCode": "AU" }, "geometry": { "type": "Point", "coordinates": [ 152.755833, -25.269444 ] } },
{ "type": "Feature", "properties": { "decimalLatitude": -26.432093, "decimalLongitude": 152.90801, "eventDate": "2020-07-31T07:20:00Z", "countryCode": "AU" }, "geometry": { "type": "Point", "coordinates": [ 152.90801, -26.432093 ] } },
{ "type": "Feature", "properties": { "decimalLatitude": -23.163942, "decimalLongitude": 150.467399, "eventDate": "2020-07-25T11:19:00Z", "countryCode": "AU" }, "geometry": { "type": "Point", "coordinates": [ 150.467399, -23.163942 ] } },
{ "type": "Feature", "properties": { "decimalLatitude": -24.718133, "decimalLongitude": 150.99392, "eventDate": "2020-07-19T12:51:00Z", "countryCode": "AU" }, "geometry": { "type": "Point", "coordinates": [ 150.99392, -24.718133 ] } },
{ "type": "Feature", "properties": { "decimalLatitude": -28.254282, "decimalLongitude": 153.377129, "eventDate": "2020-08-17T20:34:00Z", "countryCode": "AU" }, "geometry": { "type": "Point", "coordinates": [ 153.377129, -28.254282 ] } },
{ "type": "Feature", "properties": { "decimalLatitude": -26.482573, "decimalLongitude": 152.898134, "eventDate": "2020-08-14T20:51:00Z", "countryCode": "AU" }, "geometry": { "type": "Point", "coordinates": [ 152.898134, -26.482573 ] } },
{ "type": "Feature", "properties": { "decimalLatitude": -23.07733, "decimalLongitude": 150.886045, "eventDate": "2020-08-08T17:08:44Z", "countryCode": "AU" }, "geometry": { "type": "Point", "coordinates": [ 150.886045, -23.07733 ] } },
{ "type": "Feature", "properties": { "decimalLatitude": -27.528011, "decimalLongitude": 152.704588, "eventDate": "2020-08-08T18:50:00Z", "countryCode": "AU" }, "geometry": { "type": "Point", "coordinates": [ 152.704588, -27.528011 ] } },
{ "type": "Feature", "properties": { "decimalLatitude": -27.195168, "decimalLongitude": 152.945588, "eventDate": "2020-08-28T23:46:00Z", "countryCode": "AU" }, "geometry": { "type": "Point", "coordinates": [ 152.945588, -27.195168 ] } },
{ "type": "Feature", "properties": { "decimalLatitude": -27.664736, "decimalLongitude": 153.069276, "eventDate": "2020-08-28T20:00:00Z", "countryCode": "AU" }, "geometry": { "type": "Point", "coordinates": [ 153.069276, -27.664736 ] } },
{ "type": "Feature", "properties": { "decimalLatitude": -27.5, "decimalLongitude": 153.0, "eventDate": "2020-08-17T06:34:00Z", "countryCode": "AU" }, "geometry": { "type": "Point", "coordinates": [ 153.0, -27.5 ] } },
{ "type": "Feature", "properties": { "decimalLatitude": -28.069774, "decimalLongitude": 153.425053, "eventDate": "2020-09-03T21:07:00Z", "countryCode": "AU" }, "geometry": { "type": "Point", "coordinates": [ 153.425053, -28.069774 ] } },
{ "type": "Feature", "properties": { "decimalLatitude": -35.030972, "decimalLongitude": 150.6613, "eventDate": "2020-09-04T13:21:39Z", "countryCode": "AU" }, "geometry": { "type": "Point", "coordinates": [ 150.6613, -35.030972 ] } },
{ "type": "Feature", "properties": { "decimalLatitude": -31.449173, "decimalLongitude": 152.869983, "eventDate": "2020-09-15T11:52:26Z", "countryCode": "AU" }, "geometry": { "type": "Point", "coordinates": [ 152.869983, -31.449173 ] } },
{ "type": "Feature", "properties": { "decimalLatitude": -31.439003, "decimalLongitude": 152.924704, "eventDate": "2020-09-16T17:25:22Z", "countryCode": "AU" }, "geometry": { "type": "Point", "coordinates": [ 152.924704, -31.439003 ] } },
{ "type": "Feature", "properties": { "decimalLatitude": -18.202197, "decimalLongitude": 144.5719, "eventDate": "2020-09-16T12:19:00Z", "countryCode": "AU" }, "geometry": { "type": "Point", "coordinates": [ 144.5719, -18.202197 ] } },
{ "type": "Feature", "properties": { "decimalLatitude": -31.394285, "decimalLongitude": 152.906097, "eventDate": "2020-09-16T16:37:42Z", "countryCode": "AU" }, "geometry": { "type": "Point", "coordinates": [ 152.906097, -31.394285 ] } },
{ "type": "Feature", "properties": { "decimalLatitude": -26.714302, "decimalLongitude": 152.815096, "eventDate": "2020-09-20T19:53:00Z", "countryCode": "AU" }, "geometry": { "type": "Point", "coordinates": [ 152.815096, -26.714302 ] } },
{ "type": "Feature", "properties": { "decimalLatitude": -26.915656, "decimalLongitude": 152.759573, "eventDate": "2020-09-21T13:19:58Z", "countryCode": "AU" }, "geometry": { "type": "Point", "coordinates": [ 152.759573, -26.915656 ] } },
{ "type": "Feature", "properties": { "decimalLatitude": -27.195168, "decimalLongitude": 152.945588, "eventDate": "2020-09-28T18:54:00Z", "countryCode": "AU" }, "geometry": { "type": "Point", "coordinates": [ 152.945588, -27.195168 ] } },
{ "type": "Feature", "properties": { "decimalLatitude": -37.808764, "decimalLongitude": 144.997425, "eventDate": "2020-09-16T14:35:00Z", "countryCode": "AU" }, "geometry": { "type": "Point", "coordinates": [ 144.997425, -37.808764 ] } },
{ "type": "Feature", "properties": { "decimalLatitude": -27.195168, "decimalLongitude": 152.945588, "eventDate": "2020-09-30T10:35:00Z", "countryCode": "AU" }, "geometry": { "type": "Point", "coordinates": [ 152.945588, -27.195168 ] } },
{ "type": "Feature", "properties": { "decimalLatitude": -23.89423, "decimalLongitude": 151.257771, "eventDate": "2020-10-15T08:46:00Z", "countryCode": "AU" }, "geometry": { "type": "Point", "coordinates": [ 151.257771, -23.89423 ] } },
{ "type": "Feature", "properties": { "decimalLatitude": -26.764845, "decimalLongitude": 153.008934, "eventDate": "2020-10-10T19:29:00Z", "countryCode": "AU" }, "geometry": { "type": "Point", "coordinates": [ 153.008934, -26.764845 ] } },
{ "type": "Feature", "properties": { "decimalLatitude": -27.356111, "decimalLongitude": 152.968333, "eventDate": "2020-10-28T08:53:00Z", "countryCode": "AU" }, "geometry": { "type": "Point", "coordinates": [ 152.968333, -27.356111 ] } },
{ "type": "Feature", "properties": { "decimalLatitude": -26.714302, "decimalLongitude": 152.815096, "eventDate": "2020-10-26T19:01:00Z", "countryCode": "AU" }, "geometry": { "type": "Point", "coordinates": [ 152.815096, -26.714302 ] } },
{ "type": "Feature", "properties": { "decimalLatitude": -27.195168, "decimalLongitude": 152.945588, "eventDate": "2020-10-21T00:37:00Z", "countryCode": "AU" }, "geometry": { "type": "Point", "coordinates": [ 152.945588, -27.195168 ] } },
{ "type": "Feature", "properties": { "decimalLatitude": -16.8, "decimalLongitude": 145.6, "eventDate": "2020-10-18T21:25:00Z", "countryCode": "AU" }, "geometry": { "type": "Point", "coordinates": [ 145.6, -16.8 ] } },
{ "type": "Feature", "properties": { "decimalLatitude": -31.900993, "decimalLongitude": 152.526049, "eventDate": "2020-10-06T05:34:00Z", "countryCode": "AU" }, "geometry": { "type": "Point", "coordinates": [ 152.526049, -31.900993 ] } },
{ "type": "Feature", "properties": { "decimalLatitude": -27.5, "decimalLongitude": 152.7, "eventDate": "2020-10-29T19:01:00Z", "countryCode": "AU" }, "geometry": { "type": "Point", "coordinates": [ 152.7, -27.5 ] } },
{ "type": "Feature", "properties": { "decimalLatitude": -26.907664, "decimalLongitude": 152.756421, "eventDate": "2020-10-24T10:20:18Z", "countryCode": "AU" }, "geometry": { "type": "Point", "coordinates": [ 152.756421, -26.907664 ] } },
{ "type": "Feature", "properties": { "decimalLatitude": -26.47743, "decimalLongitude": 152.666746, "eventDate": "2020-11-05T19:54:20Z", "countryCode": "AU" }, "geometry": { "type": "Point", "coordinates": [ 152.666746, -26.47743 ] } },
{ "type": "Feature", "properties": { "decimalLatitude": -19.405199, "decimalLongitude": 146.733003, "eventDate": "2020-11-08T13:15:01Z", "countryCode": "AU" }, "geometry": { "type": "Point", "coordinates": [ 146.733003, -19.405199 ] } },
{ "type": "Feature", "properties": { "decimalLatitude": -36.30245, "decimalLongitude": 150.128516, "eventDate": "2020-11-09T20:41:32Z", "countryCode": "AU" }, "geometry": { "type": "Point", "coordinates": [ 150.128516, -36.30245 ] } },
{ "type": "Feature", "properties": { "decimalLatitude": -26.714302, "decimalLongitude": 152.815096, "eventDate": "2020-11-07T19:31:00Z", "countryCode": "AU" }, "geometry": { "type": "Point", "coordinates": [ 152.815096, -26.714302 ] } },
{ "type": "Feature", "properties": { "decimalLatitude": -35.775904, "decimalLongitude": 150.227147, "eventDate": "2020-11-14T21:46:28Z", "countryCode": "AU" }, "geometry": { "type": "Point", "coordinates": [ 150.227147, -35.775904 ] } },
{ "type": "Feature", "properties": { "decimalLatitude": -25.539686, "decimalLongitude": 152.696071, "eventDate": "2020-12-09T08:10:00Z", "countryCode": "AU" }, "geometry": { "type": "Point", "coordinates": [ 152.696071, -25.539686 ] } },
{ "type": "Feature", "properties": { "decimalLatitude": -30.641944, "decimalLongitude": 153.008611, "eventDate": "2020-12-08T06:32:21Z", "countryCode": "AU" }, "geometry": { "type": "Point", "coordinates": [ 153.008611, -30.641944 ] } },
{ "type": "Feature", "properties": { "decimalLatitude": -26.714302, "decimalLongitude": 152.815096, "eventDate": "2020-12-08T20:46:00Z", "countryCode": "AU" }, "geometry": { "type": "Point", "coordinates": [ 152.815096, -26.714302 ] } },
{ "type": "Feature", "properties": { "decimalLatitude": -29.400644, "decimalLongitude": 153.351384, "eventDate": "2020-12-11T10:58:46Z", "countryCode": "AU" }, "geometry": { "type": "Point", "coordinates": [ 153.351384, -29.400644 ] } },
{ "type": "Feature", "properties": { "decimalLatitude": -19.210829, "decimalLongitude": 146.510833, "eventDate": "2020-12-10T16:22:49Z", "countryCode": "AU" }, "geometry": { "type": "Point", "coordinates": [ 146.510833, -19.210829 ] } },
{ "type": "Feature", "properties": { "decimalLatitude": -27.403051, "decimalLongitude": 153.029723, "eventDate": "2020-12-14T13:59:17Z", "countryCode": "AU" }, "geometry": { "type": "Point", "coordinates": [ 153.029723, -27.403051 ] } },
{ "type": "Feature", "properties": { "decimalLatitude": -27.858554, "decimalLongitude": 153.394206, "eventDate": "2020-12-14T19:39:00Z", "countryCode": "AU" }, "geometry": { "type": "Point", "coordinates": [ 153.394206, -27.858554 ] } },
{ "type": "Feature", "properties": { "decimalLatitude": -27.627039, "decimalLongitude": 152.904706, "eventDate": "2020-12-15T19:31:41Z", "countryCode": "AU" }, "geometry": { "type": "Point", "coordinates": [ 152.904706, -27.627039 ] } },
{ "type": "Feature", "properties": { "decimalLatitude": -32.279903, "decimalLongitude": 151.675599, "eventDate": "2020-12-13T12:18:47Z", "countryCode": "AU" }, "geometry": { "type": "Point", "coordinates": [ 151.675599, -32.279903 ] } },
{ "type": "Feature", "properties": { "decimalLatitude": -21.166087, "decimalLongitude": 148.505308, "eventDate": "2020-12-05T20:20:00Z", "countryCode": "AU" }, "geometry": { "type": "Point", "coordinates": [ 148.505308, -21.166087 ] } },
{ "type": "Feature", "properties": { "decimalLatitude": -25.274171, "decimalLongitude": 152.765708, "eventDate": "2020-12-16T12:23:00Z", "countryCode": "AU" }, "geometry": { "type": "Point", "coordinates": [ 152.765708, -25.274171 ] } },
{ "type": "Feature", "properties": { "decimalLatitude": -28.079616, "decimalLongitude": 153.36152, "eventDate": "2020-12-25T08:47:00Z", "countryCode": "AU" }, "geometry": { "type": "Point", "coordinates": [ 153.36152, -28.079616 ] } },
{ "type": "Feature", "properties": { "decimalLatitude": -32.885845, "decimalLongitude": 151.647112, "eventDate": "2020-12-24T13:13:59Z", "countryCode": "AU" }, "geometry": { "type": "Point", "coordinates": [ 151.647112, -32.885845 ] } },
{ "type": "Feature", "properties": { "decimalLatitude": -27.510326, "decimalLongitude": 153.070076, "eventDate": "2020-12-19T20:48:00Z", "countryCode": "AU" }, "geometry": { "type": "Point", "coordinates": [ 153.070076, -27.510326 ] } },
{ "type": "Feature", "properties": { "decimalLatitude": -27.195168, "decimalLongitude": 152.945588, "eventDate": "2020-12-18T22:21:00Z", "countryCode": "AU" }, "geometry": { "type": "Point", "coordinates": [ 152.945588, -27.195168 ] } },
{ "type": "Feature", "properties": { "decimalLatitude": -27.195168, "decimalLongitude": 152.945588, "eventDate": "2020-12-12T22:33:00Z", "countryCode": "AU" }, "geometry": { "type": "Point", "coordinates": [ 152.945588, -27.195168 ] } },
{ "type": "Feature", "properties": { "decimalLatitude": -30.456067, "decimalLongitude": 151.670472, "eventDate": "2020-12-29T11:27:26Z", "countryCode": "AU" }, "geometry": { "type": "Point", "coordinates": [ 151.670472, -30.456067 ] } },
{ "type": "Feature", "properties": { "decimalLatitude": -33.639281, "decimalLongitude": 151.076616, "eventDate": "2020-12-29T16:41:11Z", "countryCode": "AU" }, "geometry": { "type": "Point", "coordinates": [ 151.076616, -33.639281 ] } },
{ "type": "Feature", "properties": { "decimalLatitude": -27.61089, "decimalLongitude": 152.919002, "eventDate": "2020-12-08T14:20:25Z", "countryCode": "AU" }, "geometry": { "type": "Point", "coordinates": [ 152.919002, -27.61089 ] } },
{ "type": "Feature", "properties": { "decimalLatitude": -26.772981, "decimalLongitude": 153.087169, "eventDate": "2020-12-16T00:00:00Z", "countryCode": "AU" }, "geometry": { "type": "Point", "coordinates": [ 153.087169, -26.772981 ] } },
{ "type": "Feature", "properties": { "decimalLatitude": -26.909432, "decimalLongitude": 152.756823, "eventDate": "2020-12-12T16:58:09Z", "countryCode": "AU" }, "geometry": { "type": "Point", "coordinates": [ 152.756823, -26.909432 ] } },
{ "type": "Feature", "properties": { "decimalLatitude": -27.328406, "decimalLongitude": 152.930234, "eventDate": "2020-12-31T15:49:00Z", "countryCode": "AU" }, "geometry": { "type": "Point", "coordinates": [ 152.930234, -27.328406 ] } },
{ "type": "Feature", "properties": { "decimalLatitude": -19.249451, "decimalLongitude": 146.795774, "eventDate": "2022-01-11T21:15:25Z", "countryCode": "AU" }, "geometry": { "type": "Point", "coordinates": [ 146.795774, -19.249451 ] } },
{ "type": "Feature", "properties": { "decimalLatitude": -25.790164, "decimalLongitude": 152.695435, "eventDate": "2022-01-05T08:13:00Z", "countryCode": "AU" }, "geometry": { "type": "Point", "coordinates": [ 152.695435, -25.790164 ] } },
{ "type": "Feature", "properties": { "decimalLatitude": -27.310903, "decimalLongitude": 152.715863, "eventDate": "2022-01-16T11:36:00Z", "countryCode": "AU" }, "geometry": { "type": "Point", "coordinates": [ 152.715863, -27.310903 ] } },
{ "type": "Feature", "properties": { "decimalLatitude": -33.819036, "decimalLongitude": 151.209466, "eventDate": "2022-01-02T10:40:34Z", "countryCode": "AU" }, "geometry": { "type": "Point", "coordinates": [ 151.209466, -33.819036 ] } },
{ "type": "Feature", "properties": { "decimalLatitude": -20.323485, "decimalLongitude": 148.617601, "eventDate": "2022-01-13T20:07:00Z", "countryCode": "AU" }, "geometry": { "type": "Point", "coordinates": [ 148.617601, -20.323485 ] } },
{ "type": "Feature", "properties": { "decimalLatitude": -34.450276, "decimalLongitude": 150.824132, "eventDate": "2022-01-13T15:51:33Z", "countryCode": "AU" }, "geometry": { "type": "Point", "coordinates": [ 150.824132, -34.450276 ] } },
{ "type": "Feature", "properties": { "decimalLatitude": -33.717581, "decimalLongitude": 151.297285, "eventDate": "2022-01-06T22:50:16Z", "countryCode": "AU" }, "geometry": { "type": "Point", "coordinates": [ 151.297285, -33.717581 ] } },
{ "type": "Feature", "properties": { "decimalLatitude": -26.40124, "decimalLongitude": 153.063765, "eventDate": "2022-01-13T12:24:09Z", "countryCode": "AU" }, "geometry": { "type": "Point", "coordinates": [ 153.063765, -26.40124 ] } },
{ "type": "Feature", "properties": { "decimalLatitude": -25.790116, "decimalLongitude": 152.695485, "eventDate": "2022-01-04T15:59:00Z", "countryCode": "AU" }, "geometry": { "type": "Point", "coordinates": [ 152.695485, -25.790116 ] } },
{ "type": "Feature", "properties": { "decimalLatitude": -17.426613, "decimalLongitude": 145.485978, "eventDate": "2022-01-14T21:52:33Z", "countryCode": "AU" }, "geometry": { "type": "Point", "coordinates": [ 145.485978, -17.426613 ] } },
{ "type": "Feature", "properties": { "decimalLatitude": -27.679825, "decimalLongitude": 152.828606, "eventDate": "2022-01-17T10:49:12Z", "countryCode": "AU" }, "geometry": { "type": "Point", "coordinates": [ 152.828606, -27.679825 ] } },
{ "type": "Feature", "properties": { "decimalLatitude": -25.866326, "decimalLongitude": 152.578797, "eventDate": "2022-01-15T10:44:04Z", "countryCode": "AU" }, "geometry": { "type": "Point", "coordinates": [ 152.578797, -25.866326 ] } },
{ "type": "Feature", "properties": { "decimalLatitude": -33.51958, "decimalLongitude": 151.363755, "eventDate": "2022-01-09T21:10:53Z", "countryCode": "AU" }, "geometry": { "type": "Point", "coordinates": [ 151.363755, -33.51958 ] } },
{ "type": "Feature", "properties": { "decimalLatitude": -27.249316, "decimalLongitude": 152.824358, "eventDate": "2022-01-16T14:23:00Z", "countryCode": "AU" }, "geometry": { "type": "Point", "coordinates": [ 152.824358, -27.249316 ] } },
{ "type": "Feature", "properties": { "decimalLatitude": -32.906204, "decimalLongitude": 151.598601, "eventDate": "2022-01-07T19:00:00Z", "countryCode": "AU" }, "geometry": { "type": "Point", "coordinates": [ 151.598601, -32.906204 ] } },
{ "type": "Feature", "properties": { "decimalLatitude": -28.800833, "decimalLongitude": 151.843, "eventDate": "2022-01-07T16:06:41Z", "countryCode": "AU" }, "geometry": { "type": "Point", "coordinates": [ 151.843, -28.800833 ] } },
{ "type": "Feature", "properties": { "decimalLatitude": -27.195168, "decimalLongitude": 152.945588, "eventDate": "2022-01-08T21:57:00Z", "countryCode": "AU" }, "geometry": { "type": "Point", "coordinates": [ 152.945588, -27.195168 ] } },
{ "type": "Feature", "properties": { "decimalLatitude": -28.413172, "decimalLongitude": 153.022823, "eventDate": "2022-01-01T19:51:00Z", "countryCode": "AU" }, "geometry": { "type": "Point", "coordinates": [ 153.022823, -28.413172 ] } },
{ "type": "Feature", "properties": { "decimalLatitude": -26.925321, "decimalLongitude": 151.886054, "eventDate": "2022-01-18T09:09:17Z", "countryCode": "AU" }, "geometry": { "type": "Point", "coordinates": [ 151.886054, -26.925321 ] } },
{ "type": "Feature", "properties": { "decimalLatitude": -27.576521, "decimalLongitude": 151.959274, "eventDate": "2022-01-19T13:17:22Z", "countryCode": "AU" }, "geometry": { "type": "Point", "coordinates": [ 151.959274, -27.576521 ] } },
{ "type": "Feature", "properties": { "decimalLatitude": -30.5524, "decimalLongitude": 151.655687, "eventDate": "2022-01-05T18:24:20Z", "countryCode": "AU" }, "geometry": { "type": "Point", "coordinates": [ 151.655687, -30.5524 ] } },
{ "type": "Feature", "properties": { "decimalLatitude": -26.172899, "decimalLongitude": 152.739245, "eventDate": "2022-01-07T11:23:00Z", "countryCode": "AU" }, "geometry": { "type": "Point", "coordinates": [ 152.739245, -26.172899 ] } },
{ "type": "Feature", "properties": { "decimalLatitude": -26.823995, "decimalLongitude": 152.919953, "eventDate": "2022-01-07T05:13:00Z", "countryCode": "AU" }, "geometry": { "type": "Point", "coordinates": [ 152.919953, -26.823995 ] } },
{ "type": "Feature", "properties": { "decimalLatitude": -29.583492, "decimalLongitude": 151.38948, "eventDate": "2022-01-06T12:53:51Z", "countryCode": "AU" }, "geometry": { "type": "Point", "coordinates": [ 151.38948, -29.583492 ] } },
{ "type": "Feature", "properties": { "decimalLatitude": -28.800833, "decimalLongitude": 151.843, "eventDate": "2022-01-08T16:10:41Z", "countryCode": "AU" }, "geometry": { "type": "Point", "coordinates": [ 151.843, -28.800833 ] } },
{ "type": "Feature", "properties": { "decimalLatitude": -27.980913, "decimalLongitude": 152.346326, "eventDate": "2022-01-16T08:20:00Z", "countryCode": "AU" }, "geometry": { "type": "Point", "coordinates": [ 152.346326, -27.980913 ] } },
{ "type": "Feature", "properties": { "decimalLatitude": -26.538144, "decimalLongitude": 151.858556, "eventDate": "2022-01-11T09:12:50Z", "countryCode": "AU" }, "geometry": { "type": "Point", "coordinates": [ 151.858556, -26.538144 ] } },
{ "type": "Feature", "properties": { "decimalLatitude": -29.781936, "decimalLongitude": 151.362614, "eventDate": "2022-01-27T11:10:00Z", "countryCode": "AU" }, "geometry": { "type": "Point", "coordinates": [ 151.362614, -29.781936 ] } },
{ "type": "Feature", "properties": { "decimalLatitude": -26.320961, "decimalLongitude": 152.820343, "eventDate": "2022-01-22T08:09:16Z", "countryCode": "AU" }, "geometry": { "type": "Point", "coordinates": [ 152.820343, -26.320961 ] } },
{ "type": "Feature", "properties": { "decimalLatitude": -25.269312, "decimalLongitude": 152.756378, "eventDate": "2022-01-26T11:41:13Z", "countryCode": "AU" }, "geometry": { "type": "Point", "coordinates": [ 152.756378, -25.269312 ] } },
{ "type": "Feature", "properties": { "decimalLatitude": -34.72767, "decimalLongitude": 150.648072, "eventDate": "2022-01-27T22:13:19Z", "countryCode": "AU" }, "geometry": { "type": "Point", "coordinates": [ 150.648072, -34.72767 ] } },
{ "type": "Feature", "properties": { "decimalLatitude": -33.718898, "decimalLongitude": 150.389248, "eventDate": "2022-01-30T21:17:00Z", "countryCode": "AU" }, "geometry": { "type": "Point", "coordinates": [ 150.389248, -33.718898 ] } },
{ "type": "Feature", "properties": { "decimalLatitude": -27.118778, "decimalLongitude": 152.968477, "eventDate": "2022-01-28T14:08:58Z", "countryCode": "AU" }, "geometry": { "type": "Point", "coordinates": [ 152.968477, -27.118778 ] } },
{ "type": "Feature", "properties": { "decimalLatitude": -26.851272, "decimalLongitude": 152.877455, "eventDate": "2022-01-29T11:40:56Z", "countryCode": "AU" }, "geometry": { "type": "Point", "coordinates": [ 152.877455, -26.851272 ] } },
{ "type": "Feature", "properties": { "decimalLatitude": -17.442107, "decimalLongitude": 145.456991, "eventDate": "2022-01-31T10:40:00Z", "countryCode": "AU" }, "geometry": { "type": "Point", "coordinates": [ 145.456991, -17.442107 ] } },
{ "type": "Feature", "properties": { "decimalLatitude": -27.402453, "decimalLongitude": 152.791696, "eventDate": "2022-01-21T20:24:00Z", "countryCode": "AU" }, "geometry": { "type": "Point", "coordinates": [ 152.791696, -27.402453 ] } },
{ "type": "Feature", "properties": { "decimalLatitude": -27.435598, "decimalLongitude": 152.880938, "eventDate": "2022-01-30T09:32:57Z", "countryCode": "AU" }, "geometry": { "type": "Point", "coordinates": [ 152.880938, -27.435598 ] } },
{ "type": "Feature", "properties": { "decimalLatitude": -34.055681, "decimalLongitude": 151.142506, "eventDate": "2022-01-03T11:27:00Z", "countryCode": "AU" }, "geometry": { "type": "Point", "coordinates": [ 151.142506, -34.055681 ] } },
{ "type": "Feature", "properties": { "decimalLatitude": -33.8, "decimalLongitude": 150.9, "eventDate": "2022-01-16T22:15:00Z", "countryCode": "AU" }, "geometry": { "type": "Point", "coordinates": [ 150.9, -33.8 ] } },
{ "type": "Feature", "properties": { "decimalLatitude": -34.658023, "decimalLongitude": 150.300064, "eventDate": "2022-01-12T18:49:00Z", "countryCode": "AU" }, "geometry": { "type": "Point", "coordinates": [ 150.300064, -34.658023 ] } },
{ "type": "Feature", "properties": { "decimalLatitude": -30.288557, "decimalLongitude": 152.737727, "eventDate": "2022-01-09T01:20:00Z", "countryCode": "AU" }, "geometry": { "type": "Point", "coordinates": [ 152.737727, -30.288557 ] } },
{ "type": "Feature", "properties": { "decimalLatitude": -35.171389, "decimalLongitude": 149.128889, "eventDate": "2022-01-10T10:49:00Z", "countryCode": "AU" }, "geometry": { "type": "Point", "coordinates": [ 149.128889, -35.171389 ] } },
{ "type": "Feature", "properties": { "decimalLatitude": -27.07607, "decimalLongitude": 151.747424, "eventDate": "2022-01-15T09:50:16Z", "countryCode": "AU" }, "geometry": { "type": "Point", "coordinates": [ 151.747424, -27.07607 ] } },
{ "type": "Feature", "properties": { "decimalLatitude": -33.749657, "decimalLongitude": 151.185134, "eventDate": "2022-01-10T15:28:00Z", "countryCode": "AU" }, "geometry": { "type": "Point", "coordinates": [ 151.185134, -33.749657 ] } },
{ "type": "Feature", "properties": { "decimalLatitude": -33.86882, "decimalLongitude": 151.209296, "eventDate": "2022-01-10T12:33:00Z", "countryCode": "AU" }, "geometry": { "type": "Point", "coordinates": [ 151.209296, -33.86882 ] } },
{ "type": "Feature", "properties": { "decimalLatitude": -29.318915, "decimalLongitude": 151.778654, "eventDate": "2022-01-22T10:52:00Z", "countryCode": "AU" }, "geometry": { "type": "Point", "coordinates": [ 151.778654, -29.318915 ] } },
{ "type": "Feature", "properties": { "decimalLatitude": -27.311053, "decimalLongitude": 152.265914, "eventDate": "2022-01-09T15:30:36Z", "countryCode": "AU" }, "geometry": { "type": "Point", "coordinates": [ 152.265914, -27.311053 ] } },
{ "type": "Feature", "properties": { "decimalLatitude": -28.701382, "decimalLongitude": 153.301641, "eventDate": "2022-01-13T10:46:00Z", "countryCode": "AU" }, "geometry": { "type": "Point", "coordinates": [ 153.301641, -28.701382 ] } },
{ "type": "Feature", "properties": { "decimalLatitude": -27.568034, "decimalLongitude": 152.58888, "eventDate": "2022-01-25T07:53:00Z", "countryCode": "AU" }, "geometry": { "type": "Point", "coordinates": [ 152.58888, -27.568034 ] } },
{ "type": "Feature", "properties": { "decimalLatitude": -33.71766, "decimalLongitude": 151.297297, "eventDate": "2022-01-01T08:54:37Z", "countryCode": "AU" }, "geometry": { "type": "Point", "coordinates": [ 151.297297, -33.71766 ] } },
{ "type": "Feature", "properties": { "decimalLatitude": -27.74856, "decimalLongitude": 152.975299, "eventDate": "2022-01-29T01:58:43Z", "countryCode": "AU" }, "geometry": { "type": "Point", "coordinates": [ 152.975299, -27.74856 ] } },
{ "type": "Feature", "properties": { "decimalLatitude": -27.461563, "decimalLongitude": 152.882741, "eventDate": "2022-02-07T10:16:53Z", "countryCode": "AU" }, "geometry": { "type": "Point", "coordinates": [ 152.882741, -27.461563 ] } },
{ "type": "Feature", "properties": { "decimalLatitude": -27.793547, "decimalLongitude": 153.251678, "eventDate": "2022-02-05T09:55:12Z", "countryCode": "AU" }, "geometry": { "type": "Point", "coordinates": [ 153.251678, -27.793547 ] } },
{ "type": "Feature", "properties": { "decimalLatitude": -27.46171, "decimalLongitude": 152.882709, "eventDate": "2022-02-06T05:32:38Z", "countryCode": "AU" }, "geometry": { "type": "Point", "coordinates": [ 152.882709, -27.46171 ] } },
{ "type": "Feature", "properties": { "decimalLatitude": -17.348983, "decimalLongitude": 145.594043, "eventDate": "2022-02-05T21:41:02Z", "countryCode": "AU" }, "geometry": { "type": "Point", "coordinates": [ 145.594043, -17.348983 ] } },
{ "type": "Feature", "properties": { "decimalLatitude": -26.791158, "decimalLongitude": 152.737062, "eventDate": "2022-02-17T21:49:22Z", "countryCode": "AU" }, "geometry": { "type": "Point", "coordinates": [ 152.737062, -26.791158 ] } },
{ "type": "Feature", "properties": { "decimalLatitude": -28.275396, "decimalLongitude": 152.771993, "eventDate": "2022-02-12T20:52:15Z", "countryCode": "AU" }, "geometry": { "type": "Point", "coordinates": [ 152.771993, -28.275396 ] } },
{ "type": "Feature", "properties": { "decimalLatitude": -26.791247, "decimalLongitude": 152.736983, "eventDate": "2022-02-17T21:51:50Z", "countryCode": "AU" }, "geometry": { "type": "Point", "coordinates": [ 152.736983, -26.791247 ] } },
{ "type": "Feature", "properties": { "decimalLatitude": -27.324373, "decimalLongitude": 152.671487, "eventDate": "2022-02-08T10:00:00Z", "countryCode": "AU" }, "geometry": { "type": "Point", "coordinates": [ 152.671487, -27.324373 ] } },
{ "type": "Feature", "properties": { "decimalLatitude": -23.390356, "decimalLongitude": 150.497838, "eventDate": "2022-02-12T13:30:16Z", "countryCode": "AU" }, "geometry": { "type": "Point", "coordinates": [ 150.497838, -23.390356 ] } },
{ "type": "Feature", "properties": { "decimalLatitude": -27.676852, "decimalLongitude": 152.620706, "eventDate": "2022-02-21T14:26:04Z", "countryCode": "AU" }, "geometry": { "type": "Point", "coordinates": [ 152.620706, -27.676852 ] } },
{ "type": "Feature", "properties": { "decimalLatitude": -24.661994, "decimalLongitude": 151.308002, "eventDate": "2022-02-19T09:59:00Z", "countryCode": "AU" }, "geometry": { "type": "Point", "coordinates": [ 151.308002, -24.661994 ] } },
{ "type": "Feature", "properties": { "decimalLatitude": -27.514103, "decimalLongitude": 152.861278, "eventDate": "2022-02-20T10:13:00Z", "countryCode": "AU" }, "geometry": { "type": "Point", "coordinates": [ 152.861278, -27.514103 ] } },
{ "type": "Feature", "properties": { "decimalLatitude": -26.004003, "decimalLongitude": 153.12329, "eventDate": "2022-02-19T11:40:00Z", "countryCode": "AU" }, "geometry": { "type": "Point", "coordinates": [ 153.12329, -26.004003 ] } },
{ "type": "Feature", "properties": { "decimalLatitude": -27.319662, "decimalLongitude": 152.863663, "eventDate": "2022-02-19T06:23:38Z", "countryCode": "AU" }, "geometry": { "type": "Point", "coordinates": [ 152.863663, -27.319662 ] } },
{ "type": "Feature", "properties": { "decimalLatitude": -26.714302, "decimalLongitude": 152.815096, "eventDate": "2022-02-27T08:36:00Z", "countryCode": "AU" }, "geometry": { "type": "Point", "coordinates": [ 152.815096, -26.714302 ] } },
{ "type": "Feature", "properties": { "decimalLatitude": -27.195168, "decimalLongitude": 152.945588, "eventDate": "2022-02-14T19:23:00Z", "countryCode": "AU" }, "geometry": { "type": "Point", "coordinates": [ 152.945588, -27.195168 ] } },
{ "type": "Feature", "properties": { "decimalLatitude": -16.813337, "decimalLongitude": 145.568001, "eventDate": "2022-02-24T15:26:00Z", "countryCode": "AU" }, "geometry": { "type": "Point", "coordinates": [ 145.568001, -16.813337 ] } },
{ "type": "Feature", "properties": { "decimalLatitude": -27.195168, "decimalLongitude": 152.945588, "eventDate": "2022-02-15T23:11:00Z", "countryCode": "AU" }, "geometry": { "type": "Point", "coordinates": [ 152.945588, -27.195168 ] } },
{ "type": "Feature", "properties": { "decimalLatitude": -25.934095, "decimalLongitude": 152.624655, "eventDate": "2022-02-12T20:08:00Z", "countryCode": "AU" }, "geometry": { "type": "Point", "coordinates": [ 152.624655, -25.934095 ] } },
{ "type": "Feature", "properties": { "decimalLatitude": -31.933551, "decimalLongitude": 152.210664, "eventDate": "2022-02-08T20:53:00Z", "countryCode": "AU" }, "geometry": { "type": "Point", "coordinates": [ 152.210664, -31.933551 ] } },
{ "type": "Feature", "properties": { "decimalLatitude": -27.48167, "decimalLongitude": 153.025708, "eventDate": "2022-02-04T00:32:00Z", "countryCode": "AU" }, "geometry": { "type": "Point", "coordinates": [ 153.025708, -27.48167 ] } },
{ "type": "Feature", "properties": { "decimalLatitude": -34.0, "decimalLongitude": 151.0, "eventDate": "2022-02-01T10:18:00Z", "countryCode": "AU" }, "geometry": { "type": "Point", "coordinates": [ 151.0, -34.0 ] } },
{ "type": "Feature", "properties": { "decimalLatitude": -35.2487, "decimalLongitude": 149.0369, "eventDate": "2022-02-03T06:14:00Z", "countryCode": "AU" }, "geometry": { "type": "Point", "coordinates": [ 149.0369, -35.2487 ] } },
{ "type": "Feature", "properties": { "decimalLatitude": -33.399927, "decimalLongitude": 151.330282, "eventDate": "2022-02-13T08:03:00Z", "countryCode": "AU" }, "geometry": { "type": "Point", "coordinates": [ 151.330282, -33.399927 ] } },
{ "type": "Feature", "properties": { "decimalLatitude": -26.798264, "decimalLongitude": 152.934652, "eventDate": "2022-02-10T07:00:18Z", "countryCode": "AU" }, "geometry": { "type": "Point", "coordinates": [ 152.934652, -26.798264 ] } },
{ "type": "Feature", "properties": { "decimalLatitude": -17.426398, "decimalLongitude": 145.396058, "eventDate": "2022-02-07T08:48:00Z", "countryCode": "AU" }, "geometry": { "type": "Point", "coordinates": [ 145.396058, -17.426398 ] } },
{ "type": "Feature", "properties": { "decimalLatitude": -34.31141, "decimalLongitude": 150.913439, "eventDate": "2022-02-27T14:12:00Z", "countryCode": "AU" }, "geometry": { "type": "Point", "coordinates": [ 150.913439, -34.31141 ] } },
{ "type": "Feature", "properties": { "decimalLatitude": -24.978762, "decimalLongitude": 152.337166, "eventDate": "2022-02-28T23:36:00Z", "countryCode": "AU" }, "geometry": { "type": "Point", "coordinates": [ 152.337166, -24.978762 ] } },
{ "type": "Feature", "properties": { "decimalLatitude": -27.933098, "decimalLongitude": 152.394882, "eventDate": "2022-02-17T14:14:36Z", "countryCode": "AU" }, "geometry": { "type": "Point", "coordinates": [ 152.394882, -27.933098 ] } },
{ "type": "Feature", "properties": { "decimalLatitude": -27.820123, "decimalLongitude": 153.39408, "eventDate": "2022-02-17T19:56:57Z", "countryCode": "AU" }, "geometry": { "type": "Point", "coordinates": [ 153.39408, -27.820123 ] } },
{ "type": "Feature", "properties": { "decimalLatitude": -30.373013, "decimalLongitude": 153.066681, "eventDate": "2022-02-22T14:50:09Z", "countryCode": "AU" }, "geometry": { "type": "Point", "coordinates": [ 153.066681, -30.373013 ] } },
{ "type": "Feature", "properties": { "decimalLatitude": -34.311296, "decimalLongitude": 150.913438, "eventDate": "2022-02-27T14:09:31Z", "countryCode": "AU" }, "geometry": { "type": "Point", "coordinates": [ 150.913438, -34.311296 ] } },
{ "type": "Feature", "properties": { "decimalLatitude": -33.745062, "decimalLongitude": 151.1173, "eventDate": "2022-02-25T20:51:00Z", "countryCode": "AU" }, "geometry": { "type": "Point", "coordinates": [ 151.1173, -33.745062 ] } },
{ "type": "Feature", "properties": { "decimalLatitude": -27.808577, "decimalLongitude": 153.182567, "eventDate": "2022-03-01T15:32:00Z", "countryCode": "AU" }, "geometry": { "type": "Point", "coordinates": [ 153.182567, -27.808577 ] } },
{ "type": "Feature", "properties": { "decimalLatitude": -27.488097, "decimalLongitude": 153.138611, "eventDate": "2022-03-07T09:04:01Z", "countryCode": "AU" }, "geometry": { "type": "Point", "coordinates": [ 153.138611, -27.488097 ] } },
{ "type": "Feature", "properties": { "decimalLatitude": -32.902796, "decimalLongitude": 151.708005, "eventDate": "2022-03-08T18:46:01Z", "countryCode": "AU" }, "geometry": { "type": "Point", "coordinates": [ 151.708005, -32.902796 ] } },
{ "type": "Feature", "properties": { "decimalLatitude": -35.116528, "decimalLongitude": 150.65769, "eventDate": "2022-03-05T13:32:11Z", "countryCode": "AU" }, "geometry": { "type": "Point", "coordinates": [ 150.65769, -35.116528 ] } },
{ "type": "Feature", "properties": { "decimalLatitude": -27.498793, "decimalLongitude": 152.95669, "eventDate": "2022-03-10T08:10:00Z", "countryCode": "AU" }, "geometry": { "type": "Point", "coordinates": [ 152.95669, -27.498793 ] } },
{ "type": "Feature", "properties": { "decimalLatitude": -32.974267, "decimalLongitude": 151.659897, "eventDate": "2022-03-15T09:11:58Z", "countryCode": "AU" }, "geometry": { "type": "Point", "coordinates": [ 151.659897, -32.974267 ] } },
{ "type": "Feature", "properties": { "decimalLatitude": -26.623946, "decimalLongitude": 152.955306, "eventDate": "2022-03-17T11:10:53Z", "countryCode": "AU" }, "geometry": { "type": "Point", "coordinates": [ 152.955306, -26.623946 ] } },
{ "type": "Feature", "properties": { "decimalLatitude": -33.747928, "decimalLongitude": 151.132347, "eventDate": "2022-03-14T23:42:18Z", "countryCode": "AU" }, "geometry": { "type": "Point", "coordinates": [ 151.132347, -33.747928 ] } },
{ "type": "Feature", "properties": { "decimalLatitude": -17.442356, "decimalLongitude": 145.456215, "eventDate": "2022-03-05T20:39:00Z", "countryCode": "AU" }, "geometry": { "type": "Point", "coordinates": [ 145.456215, -17.442356 ] } },
{ "type": "Feature", "properties": { "decimalLatitude": -23.157249, "decimalLongitude": 150.462569, "eventDate": "2022-03-20T11:16:23Z", "countryCode": "AU" }, "geometry": { "type": "Point", "coordinates": [ 150.462569, -23.157249 ] } },
{ "type": "Feature", "properties": { "decimalLatitude": -27.923607, "decimalLongitude": 153.193484, "eventDate": "2022-03-19T21:50:29Z", "countryCode": "AU" }, "geometry": { "type": "Point", "coordinates": [ 153.193484, -27.923607 ] } },
{ "type": "Feature", "properties": { "decimalLatitude": -26.824208, "decimalLongitude": 152.919937, "eventDate": "2022-03-26T10:56:32Z", "countryCode": "AU" }, "geometry": { "type": "Point", "coordinates": [ 152.919937, -26.824208 ] } },
{ "type": "Feature", "properties": { "decimalLatitude": -27.996009, "decimalLongitude": 153.183795, "eventDate": "2022-03-07T00:04:00Z", "countryCode": "AU" }, "geometry": { "type": "Point", "coordinates": [ 153.183795, -27.996009 ] } },
{ "type": "Feature", "properties": { "decimalLatitude": -33.785119, "decimalLongitude": 150.715585, "eventDate": "2022-03-27T08:23:00Z", "countryCode": "AU" }, "geometry": { "type": "Point", "coordinates": [ 150.715585, -33.785119 ] } },
{ "type": "Feature", "properties": { "decimalLatitude": -33.739229, "decimalLongitude": 150.754944, "eventDate": "2022-03-27T08:14:00Z", "countryCode": "AU" }, "geometry": { "type": "Point", "coordinates": [ 150.754944, -33.739229 ] } },
{ "type": "Feature", "properties": { "decimalLatitude": -27.947545, "decimalLongitude": 153.194353, "eventDate": "2022-03-20T22:01:00Z", "countryCode": "AU" }, "geometry": { "type": "Point", "coordinates": [ 153.194353, -27.947545 ] } },
{ "type": "Feature", "properties": { "decimalLatitude": -27.947585, "decimalLongitude": 153.194332, "eventDate": "2022-03-20T22:43:00Z", "countryCode": "AU" }, "geometry": { "type": "Point", "coordinates": [ 153.194332, -27.947585 ] } },
{ "type": "Feature", "properties": { "decimalLatitude": -33.750397, "decimalLongitude": 150.626572, "eventDate": "2022-03-30T10:08:28Z", "countryCode": "AU" }, "geometry": { "type": "Point", "coordinates": [ 150.626572, -33.750397 ] } },
{ "type": "Feature", "properties": { "decimalLatitude": -26.6, "decimalLongitude": 153.0, "eventDate": "2022-03-17T15:23:00Z", "countryCode": "AU" }, "geometry": { "type": "Point", "coordinates": [ 153.0, -26.6 ] } },
{ "type": "Feature", "properties": { "decimalLatitude": -33.761908, "decimalLongitude": 150.992925, "eventDate": "2022-03-31T06:51:54Z", "countryCode": "AU" }, "geometry": { "type": "Point", "coordinates": [ 150.992925, -33.761908 ] } },
{ "type": "Feature", "properties": { "decimalLatitude": -27.923467, "decimalLongitude": 153.19365, "eventDate": "2022-03-19T21:49:01Z", "countryCode": "AU" }, "geometry": { "type": "Point", "coordinates": [ 153.19365, -27.923467 ] } },
{ "type": "Feature", "properties": { "decimalLatitude": -23.370708, "decimalLongitude": 150.492613, "eventDate": "2022-03-11T19:17:57Z", "countryCode": "AU" }, "geometry": { "type": "Point", "coordinates": [ 150.492613, -23.370708 ] } },
{ "type": "Feature", "properties": { "decimalLatitude": -28.581263, "decimalLongitude": 153.280992, "eventDate": "2022-03-07T12:51:46Z", "countryCode": "AU" }, "geometry": { "type": "Point", "coordinates": [ 153.280992, -28.581263 ] } },
{ "type": "Feature", "properties": { "decimalLatitude": -18.222848, "decimalLongitude": 144.651405, "eventDate": "2022-04-08T12:17:34Z", "countryCode": "AU" }, "geometry": { "type": "Point", "coordinates": [ 144.651405, -18.222848 ] } },
{ "type": "Feature", "properties": { "decimalLatitude": -26.679552, "decimalLongitude": 152.832042, "eventDate": "2022-04-18T07:11:49Z", "countryCode": "AU" }, "geometry": { "type": "Point", "coordinates": [ 152.832042, -26.679552 ] } },
{ "type": "Feature", "properties": { "decimalLatitude": -28.236275, "decimalLongitude": 153.479472, "eventDate": "2022-04-04T19:20:12Z", "countryCode": "AU" }, "geometry": { "type": "Point", "coordinates": [ 153.479472, -28.236275 ] } },
{ "type": "Feature", "properties": { "decimalLatitude": -27.399003, "decimalLongitude": 152.783728, "eventDate": "2022-04-04T23:07:00Z", "countryCode": "AU" }, "geometry": { "type": "Point", "coordinates": [ 152.783728, -27.399003 ] } },
{ "type": "Feature", "properties": { "decimalLatitude": -27.528064, "decimalLongitude": 153.026752, "eventDate": "2022-04-05T17:33:06Z", "countryCode": "AU" }, "geometry": { "type": "Point", "coordinates": [ 153.026752, -27.528064 ] } },
{ "type": "Feature", "properties": { "decimalLatitude": -26.569184, "decimalLongitude": 152.919856, "eventDate": "2022-04-05T11:48:00Z", "countryCode": "AU" }, "geometry": { "type": "Point", "coordinates": [ 152.919856, -26.569184 ] } },
{ "type": "Feature", "properties": { "decimalLatitude": -32.959516, "decimalLongitude": 151.727776, "eventDate": "2022-04-04T14:38:08Z", "countryCode": "AU" }, "geometry": { "type": "Point", "coordinates": [ 151.727776, -32.959516 ] } },
{ "type": "Feature", "properties": { "decimalLatitude": -28.344266, "decimalLongitude": 152.966544, "eventDate": "2022-04-25T08:02:00Z", "countryCode": "AU" }, "geometry": { "type": "Point", "coordinates": [ 152.966544, -28.344266 ] } },
{ "type": "Feature", "properties": { "decimalLatitude": -28.236275, "decimalLongitude": 153.479472, "eventDate": "2022-04-30T10:20:18Z", "countryCode": "AU" }, "geometry": { "type": "Point", "coordinates": [ 153.479472, -28.236275 ] } },
{ "type": "Feature", "properties": { "decimalLatitude": -27.195168, "decimalLongitude": 152.945588, "eventDate": "2022-04-25T12:20:00Z", "countryCode": "AU" }, "geometry": { "type": "Point", "coordinates": [ 152.945588, -27.195168 ] } },
{ "type": "Feature", "properties": { "decimalLatitude": -34.533653, "decimalLongitude": 150.871522, "eventDate": "2022-04-23T12:42:30Z", "countryCode": "AU" }, "geometry": { "type": "Point", "coordinates": [ 150.871522, -34.533653 ] } },
{ "type": "Feature", "properties": { "decimalLatitude": -30.508928, "decimalLongitude": 152.366822, "eventDate": "2022-04-16T10:34:07Z", "countryCode": "AU" }, "geometry": { "type": "Point", "coordinates": [ 152.366822, -30.508928 ] } },
{ "type": "Feature", "properties": { "decimalLatitude": -27.461532, "decimalLongitude": 152.882803, "eventDate": "2022-05-09T08:52:00Z", "countryCode": "AU" }, "geometry": { "type": "Point", "coordinates": [ 152.882803, -27.461532 ] } },
{ "type": "Feature", "properties": { "decimalLatitude": -33.713742, "decimalLongitude": 151.087783, "eventDate": "2022-05-10T07:15:10Z", "countryCode": "AU" }, "geometry": { "type": "Point", "coordinates": [ 151.087783, -33.713742 ] } },
{ "type": "Feature", "properties": { "decimalLatitude": -34.317803, "decimalLongitude": 150.915528, "eventDate": "2022-05-14T10:41:29Z", "countryCode": "AU" }, "geometry": { "type": "Point", "coordinates": [ 150.915528, -34.317803 ] } },
{ "type": "Feature", "properties": { "decimalLatitude": -28.257918, "decimalLongitude": 153.401596, "eventDate": "2022-05-28T08:23:00Z", "countryCode": "AU" }, "geometry": { "type": "Point", "coordinates": [ 153.401596, -28.257918 ] } },
{ "type": "Feature", "properties": { "decimalLatitude": -19.028725, "decimalLongitude": 146.982154, "eventDate": "2022-05-30T11:05:55Z", "countryCode": "AU" }, "geometry": { "type": "Point", "coordinates": [ 146.982154, -19.028725 ] } },
{ "type": "Feature", "properties": { "decimalLatitude": -27.195168, "decimalLongitude": 152.945588, "eventDate": "2022-05-01T20:53:00Z", "countryCode": "AU" }, "geometry": { "type": "Point", "coordinates": [ 152.945588, -27.195168 ] } },
{ "type": "Feature", "properties": { "decimalLatitude": -31.983038, "decimalLongitude": 151.819137, "eventDate": "2022-05-04T14:06:48Z", "countryCode": "AU" }, "geometry": { "type": "Point", "coordinates": [ 151.819137, -31.983038 ] } },
{ "type": "Feature", "properties": { "decimalLatitude": -27.481892, "decimalLongitude": 152.090058, "eventDate": "2022-05-01T22:05:24Z", "countryCode": "AU" }, "geometry": { "type": "Point", "coordinates": [ 152.090058, -27.481892 ] } },
{ "type": "Feature", "properties": { "decimalLatitude": -34.273915, "decimalLongitude": 150.915528, "eventDate": "2022-05-14T13:24:00Z", "countryCode": "AU" }, "geometry": { "type": "Point", "coordinates": [ 150.915528, -34.273915 ] } },
{ "type": "Feature", "properties": { "decimalLatitude": -30.99731, "decimalLongitude": 150.925412, "eventDate": "2022-05-27T15:21:27Z", "countryCode": "AU" }, "geometry": { "type": "Point", "coordinates": [ 150.925412, -30.99731 ] } },
{ "type": "Feature", "properties": { "decimalLatitude": -25.934613, "decimalLongitude": 152.624614, "eventDate": "2022-06-28T08:29:00Z", "countryCode": "AU" }, "geometry": { "type": "Point", "coordinates": [ 152.624614, -25.934613 ] } },
{ "type": "Feature", "properties": { "decimalLatitude": -27.459611, "decimalLongitude": 152.883252, "eventDate": "2022-06-12T14:54:12Z", "countryCode": "AU" }, "geometry": { "type": "Point", "coordinates": [ 152.883252, -27.459611 ] } },
{ "type": "Feature", "properties": { "decimalLatitude": -28.096864, "decimalLongitude": 153.345095, "eventDate": "2022-06-22T17:32:31Z", "countryCode": "AU" }, "geometry": { "type": "Point", "coordinates": [ 153.345095, -28.096864 ] } },
{ "type": "Feature", "properties": { "decimalLatitude": -27.676788, "decimalLongitude": 152.620758, "eventDate": "2022-06-22T09:06:54Z", "countryCode": "AU" }, "geometry": { "type": "Point", "coordinates": [ 152.620758, -27.676788 ] } },
{ "type": "Feature", "properties": { "decimalLatitude": -30.430861, "decimalLongitude": 152.913995, "eventDate": "2022-06-06T10:03:00Z", "countryCode": "AU" }, "geometry": { "type": "Point", "coordinates": [ 152.913995, -30.430861 ] } },
{ "type": "Feature", "properties": { "decimalLatitude": -30.3, "decimalLongitude": 153.1, "eventDate": "2022-06-30T23:06:00Z", "countryCode": "AU" }, "geometry": { "type": "Point", "coordinates": [ 153.1, -30.3 ] } },
{ "type": "Feature", "properties": { "decimalLatitude": -33.5, "decimalLongitude": 150.7, "eventDate": "2022-06-03T14:18:00Z", "countryCode": "AU" }, "geometry": { "type": "Point", "coordinates": [ 150.7, -33.5 ] } },
{ "type": "Feature", "properties": { "decimalLatitude": -26.087815, "decimalLongitude": 152.786609, "eventDate": "2022-06-06T10:09:00Z", "countryCode": "AU" }, "geometry": { "type": "Point", "coordinates": [ 152.786609, -26.087815 ] } },
{ "type": "Feature", "properties": { "decimalLatitude": -27.386883, "decimalLongitude": 152.899811, "eventDate": "2022-07-04T14:44:34Z", "countryCode": "AU" }, "geometry": { "type": "Point", "coordinates": [ 152.899811, -27.386883 ] } },
{ "type": "Feature", "properties": { "decimalLatitude": -28.095098, "decimalLongitude": 153.456546, "eventDate": "2022-07-24T14:47:38Z", "countryCode": "AU" }, "geometry": { "type": "Point", "coordinates": [ 153.456546, -28.095098 ] } },
{ "type": "Feature", "properties": { "decimalLatitude": -36.853516, "decimalLongitude": 149.924257, "eventDate": "2022-07-22T09:51:00Z", "countryCode": "AU" }, "geometry": { "type": "Point", "coordinates": [ 149.924257, -36.853516 ] } },
{ "type": "Feature", "properties": { "decimalLatitude": -26.645711, "decimalLongitude": 151.99825, "eventDate": "2022-07-31T16:36:16Z", "countryCode": "AU" }, "geometry": { "type": "Point", "coordinates": [ 151.99825, -26.645711 ] } },
{ "type": "Feature", "properties": { "decimalLatitude": -17.009169, "decimalLongitude": 145.582769, "eventDate": "2022-07-24T20:26:00Z", "countryCode": "AU" }, "geometry": { "type": "Point", "coordinates": [ 145.582769, -17.009169 ] } },
{ "type": "Feature", "properties": { "decimalLatitude": -33.688968, "decimalLongitude": 150.731588, "eventDate": "2022-07-11T00:00:00Z", "countryCode": "AU" }, "geometry": { "type": "Point", "coordinates": [ 150.731588, -33.688968 ] } },
{ "type": "Feature", "properties": { "decimalLatitude": -28.275046, "decimalLongitude": 153.395295, "eventDate": "2022-08-10T14:09:43Z", "countryCode": "AU" }, "geometry": { "type": "Point", "coordinates": [ 153.395295, -28.275046 ] } },
{ "type": "Feature", "properties": { "decimalLatitude": -27.494623, "decimalLongitude": 152.908891, "eventDate": "2022-08-09T15:39:31Z", "countryCode": "AU" }, "geometry": { "type": "Point", "coordinates": [ 152.908891, -27.494623 ] } },
{ "type": "Feature", "properties": { "decimalLatitude": -25.528149, "decimalLongitude": 152.701046, "eventDate": "2022-08-23T07:53:00Z", "countryCode": "AU" }, "geometry": { "type": "Point", "coordinates": [ 152.701046, -25.528149 ] } },
{ "type": "Feature", "properties": { "decimalLatitude": -27.546471, "decimalLongitude": 153.058488, "eventDate": "2022-08-22T19:17:31Z", "countryCode": "AU" }, "geometry": { "type": "Point", "coordinates": [ 153.058488, -27.546471 ] } },
{ "type": "Feature", "properties": { "decimalLatitude": -27.546137, "decimalLongitude": 153.058584, "eventDate": "2022-08-22T19:17:01Z", "countryCode": "AU" }, "geometry": { "type": "Point", "coordinates": [ 153.058584, -27.546137 ] } },
{ "type": "Feature", "properties": { "decimalLatitude": -25.316644, "decimalLongitude": 152.694388, "eventDate": "2022-08-10T09:59:00Z", "countryCode": "AU" }, "geometry": { "type": "Point", "coordinates": [ 152.694388, -25.316644 ] } },
{ "type": "Feature", "properties": { "decimalLatitude": -27.195168, "decimalLongitude": 152.945588, "eventDate": "2022-08-31T20:34:00Z", "countryCode": "AU" }, "geometry": { "type": "Point", "coordinates": [ 152.945588, -27.195168 ] } },
{ "type": "Feature", "properties": { "decimalLatitude": -27.495512, "decimalLongitude": 152.99202, "eventDate": "2022-08-01T22:18:28Z", "countryCode": "AU" }, "geometry": { "type": "Point", "coordinates": [ 152.99202, -27.495512 ] } },
{ "type": "Feature", "properties": { "decimalLatitude": -24.857347, "decimalLongitude": 152.33435, "eventDate": "2022-09-01T07:19:12Z", "countryCode": "AU" }, "geometry": { "type": "Point", "coordinates": [ 152.33435, -24.857347 ] } },
{ "type": "Feature", "properties": { "decimalLatitude": -32.957569, "decimalLongitude": 151.725134, "eventDate": "2022-09-10T12:15:00Z", "countryCode": "AU" }, "geometry": { "type": "Point", "coordinates": [ 151.725134, -32.957569 ] } },
{ "type": "Feature", "properties": { "decimalLatitude": -26.823995, "decimalLongitude": 152.919953, "eventDate": "2022-09-02T22:31:00Z", "countryCode": "AU" }, "geometry": { "type": "Point", "coordinates": [ 152.919953, -26.823995 ] } },
{ "type": "Feature", "properties": { "decimalLatitude": -23.4, "decimalLongitude": 148.2, "eventDate": "2022-09-03T11:23:00Z", "countryCode": "AU" }, "geometry": { "type": "Point", "coordinates": [ 148.2, -23.4 ] } },
{ "type": "Feature", "properties": { "decimalLatitude": -27.553585, "decimalLongitude": 152.910013, "eventDate": "2022-09-16T15:50:23Z", "countryCode": "AU" }, "geometry": { "type": "Point", "coordinates": [ 152.910013, -27.553585 ] } },
{ "type": "Feature", "properties": { "decimalLatitude": -26.91173, "decimalLongitude": 152.757655, "eventDate": "2022-09-24T14:17:01Z", "countryCode": "AU" }, "geometry": { "type": "Point", "coordinates": [ 152.757655, -26.91173 ] } },
{ "type": "Feature", "properties": { "decimalLatitude": -27.331935, "decimalLongitude": 152.762747, "eventDate": "2022-09-20T21:24:00Z", "countryCode": "AU" }, "geometry": { "type": "Point", "coordinates": [ 152.762747, -27.331935 ] } },
{ "type": "Feature", "properties": { "decimalLatitude": -17.298682, "decimalLongitude": 145.476271, "eventDate": "2022-09-11T00:00:00Z", "countryCode": "AU" }, "geometry": { "type": "Point", "coordinates": [ 145.476271, -17.298682 ] } },
{ "type": "Feature", "properties": { "decimalLatitude": -27.927857, "decimalLongitude": 153.246415, "eventDate": "2022-09-24T00:00:00Z", "countryCode": "AU" }, "geometry": { "type": "Point", "coordinates": [ 153.246415, -27.927857 ] } },
{ "type": "Feature", "properties": { "decimalLatitude": -27.641747, "decimalLongitude": 152.033822, "eventDate": "2022-09-25T11:38:07Z", "countryCode": "AU" }, "geometry": { "type": "Point", "coordinates": [ 152.033822, -27.641747 ] } },
{ "type": "Feature", "properties": { "decimalLatitude": -27.647878, "decimalLongitude": 151.950822, "eventDate": "2022-09-28T08:37:51Z", "countryCode": "AU" }, "geometry": { "type": "Point", "coordinates": [ 151.950822, -27.647878 ] } },
{ "type": "Feature", "properties": { "decimalLatitude": -27.332844, "decimalLongitude": 152.763451, "eventDate": "2022-09-20T21:24:00Z", "countryCode": "AU" }, "geometry": { "type": "Point", "coordinates": [ 152.763451, -27.332844 ] } },
{ "type": "Feature", "properties": { "decimalLatitude": -24.218702, "decimalLongitude": 151.916537, "eventDate": "2022-09-30T00:00:00Z", "countryCode": "AU" }, "geometry": { "type": "Point", "coordinates": [ 151.916537, -24.218702 ] } },
{ "type": "Feature", "properties": { "decimalLatitude": -28.041086, "decimalLongitude": 153.275955, "eventDate": "2022-09-30T11:01:35Z", "countryCode": "AU" }, "geometry": { "type": "Point", "coordinates": [ 153.275955, -28.041086 ] } },
{ "type": "Feature", "properties": { "decimalLatitude": -27.512771, "decimalLongitude": 153.073761, "eventDate": "2022-09-23T22:19:00Z", "countryCode": "AU" }, "geometry": { "type": "Point", "coordinates": [ 153.073761, -27.512771 ] } },
{ "type": "Feature", "properties": { "decimalLatitude": -31.122053, "decimalLongitude": 150.943809, "eventDate": "2022-09-17T08:00:00Z", "countryCode": "AU" }, "geometry": { "type": "Point", "coordinates": [ 150.943809, -31.122053 ] } },
{ "type": "Feature", "properties": { "decimalLatitude": -28.151884, "decimalLongitude": 153.465502, "eventDate": "2022-09-19T21:32:29Z", "countryCode": "AU" }, "geometry": { "type": "Point", "coordinates": [ 153.465502, -28.151884 ] } },
{ "type": "Feature", "properties": { "decimalLatitude": -28.083409, "decimalLongitude": 153.40553, "eventDate": "2022-10-01T12:51:51Z", "countryCode": "AU" }, "geometry": { "type": "Point", "coordinates": [ 153.40553, -28.083409 ] } },
{ "type": "Feature", "properties": { "decimalLatitude": -27.539771, "decimalLongitude": 153.033118, "eventDate": "2022-10-01T09:19:00Z", "countryCode": "AU" }, "geometry": { "type": "Point", "coordinates": [ 153.033118, -27.539771 ] } },
{ "type": "Feature", "properties": { "decimalLatitude": -27.647822, "decimalLongitude": 151.950958, "eventDate": "2022-10-09T10:56:48Z", "countryCode": "AU" }, "geometry": { "type": "Point", "coordinates": [ 151.950958, -27.647822 ] } },
{ "type": "Feature", "properties": { "decimalLatitude": -27.7, "decimalLongitude": 152.0, "eventDate": "2022-10-15T13:36:00Z", "countryCode": "AU" }, "geometry": { "type": "Point", "coordinates": [ 152.0, -27.7 ] } },
{ "type": "Feature", "properties": { "decimalLatitude": -27.578427, "decimalLongitude": 152.87534, "eventDate": "2022-10-23T09:57:57Z", "countryCode": "AU" }, "geometry": { "type": "Point", "coordinates": [ 152.87534, -27.578427 ] } },
{ "type": "Feature", "properties": { "decimalLatitude": -31.521481, "decimalLongitude": 159.06037, "eventDate": "2022-10-15T13:33:23Z", "countryCode": "AU" }, "geometry": { "type": "Point", "coordinates": [ 159.06037, -31.521481 ] } },
{ "type": "Feature", "properties": { "decimalLatitude": -27.483606, "decimalLongitude": 152.82569, "eventDate": "2022-10-19T10:49:24Z", "countryCode": "AU" }, "geometry": { "type": "Point", "coordinates": [ 152.82569, -27.483606 ] } },
{ "type": "Feature", "properties": { "decimalLatitude": -28.25817, "decimalLongitude": 153.401601, "eventDate": "2022-10-02T10:26:00Z", "countryCode": "AU" }, "geometry": { "type": "Point", "coordinates": [ 153.401601, -28.25817 ] } },
{ "type": "Feature", "properties": { "decimalLatitude": -19.380192, "decimalLongitude": 146.720193, "eventDate": "2022-10-22T13:56:17Z", "countryCode": "AU" }, "geometry": { "type": "Point", "coordinates": [ 146.720193, -19.380192 ] } },
{ "type": "Feature", "properties": { "decimalLatitude": -33.920992, "decimalLongitude": 151.04621, "eventDate": "2022-10-27T16:09:21Z", "countryCode": "AU" }, "geometry": { "type": "Point", "coordinates": [ 151.04621, -33.920992 ] } },
{ "type": "Feature", "properties": { "decimalLatitude": -33.572228, "decimalLongitude": 150.675217, "eventDate": "2022-10-25T21:08:23Z", "countryCode": "AU" }, "geometry": { "type": "Point", "coordinates": [ 150.675217, -33.572228 ] } },
{ "type": "Feature", "properties": { "decimalLatitude": -27.677817, "decimalLongitude": 152.927731, "eventDate": "2022-10-31T08:26:20Z", "countryCode": "AU" }, "geometry": { "type": "Point", "coordinates": [ 152.927731, -27.677817 ] } },
{ "type": "Feature", "properties": { "decimalLatitude": -16.812433, "decimalLongitude": 145.566714, "eventDate": "2022-10-31T05:41:00Z", "countryCode": "AU" }, "geometry": { "type": "Point", "coordinates": [ 145.566714, -16.812433 ] } },
{ "type": "Feature", "properties": { "decimalLatitude": -33.890511, "decimalLongitude": 151.186363, "eventDate": "2022-10-18T00:52:20Z", "countryCode": "AU" }, "geometry": { "type": "Point", "coordinates": [ 151.186363, -33.890511 ] } },
{ "type": "Feature", "properties": { "decimalLatitude": -22.664068, "decimalLongitude": 167.44894, "eventDate": "2022-10-02T18:52:59Z", "countryCode": "NC" }, "geometry": { "type": "Point", "coordinates": [ 167.44894, -22.664068 ] } },
{ "type": "Feature", "properties": { "decimalLatitude": -33.798003, "decimalLongitude": 151.178513, "eventDate": "2022-10-10T15:25:16Z", "countryCode": "AU" }, "geometry": { "type": "Point", "coordinates": [ 151.178513, -33.798003 ] } },
{ "type": "Feature", "properties": { "decimalLatitude": -30.11906, "decimalLongitude": 153.14842, "eventDate": "2022-10-30T11:57:00Z", "countryCode": "AU" }, "geometry": { "type": "Point", "coordinates": [ 153.14842, -30.11906 ] } },
{ "type": "Feature", "properties": { "decimalLatitude": -27.598072, "decimalLongitude": 153.128317, "eventDate": "2022-10-30T18:13:18Z", "countryCode": "AU" }, "geometry": { "type": "Point", "coordinates": [ 153.128317, -27.598072 ] } },
{ "type": "Feature", "properties": { "decimalLatitude": -27.659132, "decimalLongitude": 153.170696, "eventDate": "2022-10-29T20:09:52Z", "countryCode": "AU" }, "geometry": { "type": "Point", "coordinates": [ 153.170696, -27.659132 ] } },
{ "type": "Feature", "properties": { "decimalLatitude": -23.490721, "decimalLongitude": 150.474843, "eventDate": "2022-11-01T20:37:58Z", "countryCode": "AU" }, "geometry": { "type": "Point", "coordinates": [ 150.474843, -23.490721 ] } },
{ "type": "Feature", "properties": { "decimalLatitude": -28.257863, "decimalLongitude": 153.401611, "eventDate": "2022-11-02T20:23:00Z", "countryCode": "AU" }, "geometry": { "type": "Point", "coordinates": [ 153.401611, -28.257863 ] } },
{ "type": "Feature", "properties": { "decimalLatitude": -25.718725, "decimalLongitude": 151.054997, "eventDate": "2022-11-06T09:57:00Z", "countryCode": "AU" }, "geometry": { "type": "Point", "coordinates": [ 151.054997, -25.718725 ] } },
{ "type": "Feature", "properties": { "decimalLatitude": -23.49069, "decimalLongitude": 150.47493, "eventDate": "2022-11-12T06:32:32Z", "countryCode": "AU" }, "geometry": { "type": "Point", "coordinates": [ 150.47493, -23.49069 ] } },
{ "type": "Feature", "properties": { "decimalLatitude": -24.03145, "decimalLongitude": 151.765119, "eventDate": "2022-11-07T12:30:00Z", "countryCode": "AU" }, "geometry": { "type": "Point", "coordinates": [ 151.765119, -24.03145 ] } },
{ "type": "Feature", "properties": { "decimalLatitude": -25.906058, "decimalLongitude": 153.089012, "eventDate": "2022-11-06T19:20:00Z", "countryCode": "AU" }, "geometry": { "type": "Point", "coordinates": [ 153.089012, -25.906058 ] } },
{ "type": "Feature", "properties": { "decimalLatitude": -27.696673, "decimalLongitude": 152.898722, "eventDate": "2022-11-19T21:32:00Z", "countryCode": "AU" }, "geometry": { "type": "Point", "coordinates": [ 152.898722, -27.696673 ] } },
{ "type": "Feature", "properties": { "decimalLatitude": -27.5, "decimalLongitude": 153.0, "eventDate": "2022-11-27T07:10:00Z", "countryCode": "AU" }, "geometry": { "type": "Point", "coordinates": [ 153.0, -27.5 ] } },
{ "type": "Feature", "properties": { "decimalLatitude": -24.028866, "decimalLongitude": 151.765636, "eventDate": "2022-11-07T20:07:00Z", "countryCode": "AU" }, "geometry": { "type": "Point", "coordinates": [ 151.765636, -24.028866 ] } },
{ "type": "Feature", "properties": { "decimalLatitude": -27.576595, "decimalLongitude": 152.939195, "eventDate": "2022-11-17T15:58:22Z", "countryCode": "AU" }, "geometry": { "type": "Point", "coordinates": [ 152.939195, -27.576595 ] } },
{ "type": "Feature", "properties": { "decimalLatitude": -31.519562, "decimalLongitude": 159.059196, "eventDate": "2022-11-02T10:56:57Z", "countryCode": "AU" }, "geometry": { "type": "Point", "coordinates": [ 159.059196, -31.519562 ] } },
{ "type": "Feature", "properties": { "decimalLatitude": -27.455772, "decimalLongitude": 153.013581, "eventDate": "2022-11-24T11:49:56Z", "countryCode": "AU" }, "geometry": { "type": "Point", "coordinates": [ 153.013581, -27.455772 ] } },
{ "type": "Feature", "properties": { "decimalLatitude": -33.834539, "decimalLongitude": 151.154552, "eventDate": "2022-11-26T18:03:21Z", "countryCode": "AU" }, "geometry": { "type": "Point", "coordinates": [ 151.154552, -33.834539 ] } },
{ "type": "Feature", "properties": { "decimalLatitude": -27.608205, "decimalLongitude": 152.883805, "eventDate": "2022-11-28T19:32:46Z", "countryCode": "AU" }, "geometry": { "type": "Point", "coordinates": [ 152.883805, -27.608205 ] } },
{ "type": "Feature", "properties": { "decimalLatitude": -26.627029, "decimalLongitude": 153.033136, "eventDate": "2022-11-21T09:01:00Z", "countryCode": "AU" }, "geometry": { "type": "Point", "coordinates": [ 153.033136, -26.627029 ] } },
{ "type": "Feature", "properties": { "decimalLatitude": -17.286155, "decimalLongitude": 145.636068, "eventDate": "2022-11-28T20:15:19Z", "countryCode": "AU" }, "geometry": { "type": "Point", "coordinates": [ 145.636068, -17.286155 ] } },
{ "type": "Feature", "properties": { "decimalLatitude": -27.493429, "decimalLongitude": 152.945175, "eventDate": "2022-11-29T11:09:27Z", "countryCode": "AU" }, "geometry": { "type": "Point", "coordinates": [ 152.945175, -27.493429 ] } },
{ "type": "Feature", "properties": { "decimalLatitude": -16.84465, "decimalLongitude": 145.612092, "eventDate": "2022-11-21T19:59:00Z", "countryCode": "AU" }, "geometry": { "type": "Point", "coordinates": [ 145.612092, -16.84465 ] } },
{ "type": "Feature", "properties": { "decimalLatitude": -27.6, "decimalLongitude": 152.9, "eventDate": "2022-11-30T10:32:00Z", "countryCode": "AU" }, "geometry": { "type": "Point", "coordinates": [ 152.9, -27.6 ] } },
{ "type": "Feature", "properties": { "decimalLatitude": -33.862738, "decimalLongitude": 151.076156, "eventDate": "2022-11-30T16:10:40Z", "countryCode": "AU" }, "geometry": { "type": "Point", "coordinates": [ 151.076156, -33.862738 ] } },
{ "type": "Feature", "properties": { "decimalLatitude": -32.225925, "decimalLongitude": 152.45465, "eventDate": "2022-11-23T08:15:00Z", "countryCode": "AU" }, "geometry": { "type": "Point", "coordinates": [ 152.45465, -32.225925 ] } },
{ "type": "Feature", "properties": { "decimalLatitude": -16.9, "decimalLongitude": 145.8, "eventDate": "2022-11-22T17:49:00Z", "countryCode": "AU" }, "geometry": { "type": "Point", "coordinates": [ 145.8, -16.9 ] } },
{ "type": "Feature", "properties": { "decimalLatitude": -26.679038, "decimalLongitude": 153.0486, "eventDate": "2022-11-24T11:08:42Z", "countryCode": "AU" }, "geometry": { "type": "Point", "coordinates": [ 153.0486, -26.679038 ] } },
{ "type": "Feature", "properties": { "decimalLatitude": -27.4, "decimalLongitude": 152.5, "eventDate": "2022-11-17T17:16:00Z", "countryCode": "AU" }, "geometry": { "type": "Point", "coordinates": [ 152.5, -27.4 ] } },
{ "type": "Feature", "properties": { "decimalLatitude": -27.195168, "decimalLongitude": 152.945588, "eventDate": "2022-11-05T21:19:00Z", "countryCode": "AU" }, "geometry": { "type": "Point", "coordinates": [ 152.945588, -27.195168 ] } },
{ "type": "Feature", "properties": { "decimalLatitude": -28.150392, "decimalLongitude": 153.491897, "eventDate": "2022-11-22T18:23:07Z", "countryCode": "AU" }, "geometry": { "type": "Point", "coordinates": [ 153.491897, -28.150392 ] } },
{ "type": "Feature", "properties": { "decimalLatitude": -27.296307, "decimalLongitude": 152.226506, "eventDate": "2022-11-24T12:31:51Z", "countryCode": "AU" }, "geometry": { "type": "Point", "coordinates": [ 152.226506, -27.296307 ] } },
{ "type": "Feature", "properties": { "decimalLatitude": -35.03784, "decimalLongitude": 150.668143, "eventDate": "2022-11-18T08:42:27Z", "countryCode": "AU" }, "geometry": { "type": "Point", "coordinates": [ 150.668143, -35.03784 ] } },
{ "type": "Feature", "properties": { "decimalLatitude": -27.552028, "decimalLongitude": 152.9747, "eventDate": "2022-11-28T06:52:12Z", "countryCode": "AU" }, "geometry": { "type": "Point", "coordinates": [ 152.9747, -27.552028 ] } },
{ "type": "Feature", "properties": { "decimalLatitude": -32.860301, "decimalLongitude": 151.813591, "eventDate": "2022-11-23T17:10:00Z", "countryCode": "AU" }, "geometry": { "type": "Point", "coordinates": [ 151.813591, -32.860301 ] } },
{ "type": "Feature", "properties": { "decimalLatitude": -27.440242, "decimalLongitude": 153.002486, "eventDate": "2022-11-16T07:43:09Z", "countryCode": "AU" }, "geometry": { "type": "Point", "coordinates": [ 153.002486, -27.440242 ] } },
{ "type": "Feature", "properties": { "decimalLatitude": -27.083397, "decimalLongitude": 152.932376, "eventDate": "2022-11-05T11:26:25Z", "countryCode": "AU" }, "geometry": { "type": "Point", "coordinates": [ 152.932376, -27.083397 ] } },
{ "type": "Feature", "properties": { "decimalLatitude": -29.360587, "decimalLongitude": 153.360078, "eventDate": "2022-12-06T13:27:00Z", "countryCode": "AU" }, "geometry": { "type": "Point", "coordinates": [ 153.360078, -29.360587 ] } },
{ "type": "Feature", "properties": { "decimalLatitude": -26.770178, "decimalLongitude": 153.124283, "eventDate": "2022-12-01T07:13:21Z", "countryCode": "AU" }, "geometry": { "type": "Point", "coordinates": [ 153.124283, -26.770178 ] } },
{ "type": "Feature", "properties": { "decimalLatitude": -30.058894, "decimalLongitude": 153.193803, "eventDate": "2022-12-04T12:12:33Z", "countryCode": "AU" }, "geometry": { "type": "Point", "coordinates": [ 153.193803, -30.058894 ] } },
{ "type": "Feature", "properties": { "decimalLatitude": -35.114441, "decimalLongitude": 150.769574, "eventDate": "2022-12-01T12:29:23Z", "countryCode": "AU" }, "geometry": { "type": "Point", "coordinates": [ 150.769574, -35.114441 ] } },
{ "type": "Feature", "properties": { "decimalLatitude": -26.173117, "decimalLongitude": 152.73948, "eventDate": "2022-12-04T11:04:00Z", "countryCode": "AU" }, "geometry": { "type": "Point", "coordinates": [ 152.73948, -26.173117 ] } },
{ "type": "Feature", "properties": { "decimalLatitude": -27.608463, "decimalLongitude": 152.793105, "eventDate": "2022-12-04T12:26:49Z", "countryCode": "AU" }, "geometry": { "type": "Point", "coordinates": [ 152.793105, -27.608463 ] } },
{ "type": "Feature", "properties": { "decimalLatitude": -27.556388, "decimalLongitude": 153.090983, "eventDate": "2022-12-06T14:00:00Z", "countryCode": "AU" }, "geometry": { "type": "Point", "coordinates": [ 153.090983, -27.556388 ] } },
{ "type": "Feature", "properties": { "decimalLatitude": -26.823995, "decimalLongitude": 152.919953, "eventDate": "2022-12-13T05:52:00Z", "countryCode": "AU" }, "geometry": { "type": "Point", "coordinates": [ 152.919953, -26.823995 ] } },
{ "type": "Feature", "properties": { "decimalLatitude": -26.714302, "decimalLongitude": 152.815096, "eventDate": "2022-12-13T17:07:00Z", "countryCode": "AU" }, "geometry": { "type": "Point", "coordinates": [ 152.815096, -26.714302 ] } },
{ "type": "Feature", "properties": { "decimalLatitude": -33.635683, "decimalLongitude": 150.975729, "eventDate": "2022-12-11T07:47:27Z", "countryCode": "AU" }, "geometry": { "type": "Point", "coordinates": [ 150.975729, -33.635683 ] } },
{ "type": "Feature", "properties": { "decimalLatitude": -27.736888, "decimalLongitude": 152.764358, "eventDate": "2022-12-08T05:40:20Z", "countryCode": "AU" }, "geometry": { "type": "Point", "coordinates": [ 152.764358, -27.736888 ] } },
{ "type": "Feature", "properties": { "decimalLatitude": -27.676822, "decimalLongitude": 152.620768, "eventDate": "2022-12-12T11:23:19Z", "countryCode": "AU" }, "geometry": { "type": "Point", "coordinates": [ 152.620768, -27.676822 ] } },
{ "type": "Feature", "properties": { "decimalLatitude": -33.7893, "decimalLongitude": 151.279097, "eventDate": "2022-12-12T14:09:52Z", "countryCode": "AU" }, "geometry": { "type": "Point", "coordinates": [ 151.279097, -33.7893 ] } },
{ "type": "Feature", "properties": { "decimalLatitude": -26.623999, "decimalLongitude": 152.690307, "eventDate": "2022-12-13T13:42:00Z", "countryCode": "AU" }, "geometry": { "type": "Point", "coordinates": [ 152.690307, -26.623999 ] } },
{ "type": "Feature", "properties": { "decimalLatitude": -28.598812, "decimalLongitude": 153.378343, "eventDate": "2022-12-07T07:58:39Z", "countryCode": "AU" }, "geometry": { "type": "Point", "coordinates": [ 153.378343, -28.598812 ] } },
{ "type": "Feature", "properties": { "decimalLatitude": -28.843359, "decimalLongitude": 153.452449, "eventDate": "2022-12-08T15:20:00Z", "countryCode": "AU" }, "geometry": { "type": "Point", "coordinates": [ 153.452449, -28.843359 ] } },
{ "type": "Feature", "properties": { "decimalLatitude": -33.651243, "decimalLongitude": 151.313363, "eventDate": "2022-12-12T19:40:17Z", "countryCode": "AU" }, "geometry": { "type": "Point", "coordinates": [ 151.313363, -33.651243 ] } },
{ "type": "Feature", "properties": { "decimalLatitude": -27.499525, "decimalLongitude": 152.894341, "eventDate": "2022-12-07T16:53:15Z", "countryCode": "AU" }, "geometry": { "type": "Point", "coordinates": [ 152.894341, -27.499525 ] } },
{ "type": "Feature", "properties": { "decimalLatitude": -27.070039, "decimalLongitude": 152.824616, "eventDate": "2022-12-09T05:27:00Z", "countryCode": "AU" }, "geometry": { "type": "Point", "coordinates": [ 152.824616, -27.070039 ] } },
{ "type": "Feature", "properties": { "decimalLatitude": -27.647898, "decimalLongitude": 151.951087, "eventDate": "2022-12-16T20:39:00Z", "countryCode": "AU" }, "geometry": { "type": "Point", "coordinates": [ 151.951087, -27.647898 ] } },
{ "type": "Feature", "properties": { "decimalLatitude": -26.651598, "decimalLongitude": 152.873154, "eventDate": "2022-12-16T08:25:33Z", "countryCode": "AU" }, "geometry": { "type": "Point", "coordinates": [ 152.873154, -26.651598 ] } },
{ "type": "Feature", "properties": { "decimalLatitude": -28.25861, "decimalLongitude": 153.40171, "eventDate": "2022-12-27T10:51:00Z", "countryCode": "AU" }, "geometry": { "type": "Point", "coordinates": [ 153.40171, -28.25861 ] } },
{ "type": "Feature", "properties": { "decimalLatitude": -27.969121, "decimalLongitude": 153.185108, "eventDate": "2022-12-13T09:52:40Z", "countryCode": "AU" }, "geometry": { "type": "Point", "coordinates": [ 153.185108, -27.969121 ] } },
{ "type": "Feature", "properties": { "decimalLatitude": -26.402257, "decimalLongitude": 152.632465, "eventDate": "2022-12-27T06:29:35Z", "countryCode": "AU" }, "geometry": { "type": "Point", "coordinates": [ 152.632465, -26.402257 ] } },
{ "type": "Feature", "properties": { "decimalLatitude": -33.878883, "decimalLongitude": 151.23607, "eventDate": "2022-12-23T18:39:41Z", "countryCode": "AU" }, "geometry": { "type": "Point", "coordinates": [ 151.23607, -33.878883 ] } },
{ "type": "Feature", "properties": { "decimalLatitude": -34.311413, "decimalLongitude": 150.913392, "eventDate": "2022-12-29T11:33:09Z", "countryCode": "AU" }, "geometry": { "type": "Point", "coordinates": [ 150.913392, -34.311413 ] } },
{ "type": "Feature", "properties": { "decimalLatitude": -27.50392, "decimalLongitude": 152.853399, "eventDate": "2022-12-29T08:07:31Z", "countryCode": "AU" }, "geometry": { "type": "Point", "coordinates": [ 152.853399, -27.50392 ] } },
{ "type": "Feature", "properties": { "decimalLatitude": -34.267521, "decimalLongitude": 150.913392, "eventDate": "2022-12-29T11:33:00Z", "countryCode": "AU" }, "geometry": { "type": "Point", "coordinates": [ 150.913392, -34.267521 ] } },
{ "type": "Feature", "properties": { "decimalLatitude": -17.9, "decimalLongitude": 146.1, "eventDate": "2022-12-25T15:29:00Z", "countryCode": "AU" }, "geometry": { "type": "Point", "coordinates": [ 146.1, -17.9 ] } },
{ "type": "Feature", "properties": { "decimalLatitude": -31.977603, "decimalLongitude": 152.359013, "eventDate": "2022-12-14T12:59:02Z", "countryCode": "AU" }, "geometry": { "type": "Point", "coordinates": [ 152.359013, -31.977603 ] } },
{ "type": "Feature", "properties": { "decimalLatitude": -31.47268, "decimalLongitude": 152.872263, "eventDate": "2022-12-05T08:23:01Z", "countryCode": "AU" }, "geometry": { "type": "Point", "coordinates": [ 152.872263, -31.47268 ] } },
{ "type": "Feature", "properties": { "decimalLatitude": -33.752439, "decimalLongitude": 151.184278, "eventDate": "2022-12-05T07:17:00Z", "countryCode": "AU" }, "geometry": { "type": "Point", "coordinates": [ 151.184278, -33.752439 ] } },
{ "type": "Feature", "properties": { "decimalLatitude": -27.414673, "decimalLongitude": 152.923886, "eventDate": "2022-12-05T18:16:47Z", "countryCode": "AU" }, "geometry": { "type": "Point", "coordinates": [ 152.923886, -27.414673 ] } },
{ "type": "Feature", "properties": { "decimalLatitude": -27.256838, "decimalLongitude": 153.107476, "eventDate": "2022-12-17T14:04:28Z", "countryCode": "AU" }, "geometry": { "type": "Point", "coordinates": [ 153.107476, -27.256838 ] } },
{ "type": "Feature", "properties": { "decimalLatitude": -22.351691, "decimalLongitude": 141.550991, "eventDate": "2022-12-22T10:49:33Z", "countryCode": "AU" }, "geometry": { "type": "Point", "coordinates": [ 141.550991, -22.351691 ] } },
{ "type": "Feature", "properties": { "decimalLatitude": -26.424455, "decimalLongitude": 152.991547, "eventDate": "2023-01-01T16:36:12Z", "countryCode": "AU" }, "geometry": { "type": "Point", "coordinates": [ 152.991547, -26.424455 ] } },
{ "type": "Feature", "properties": { "decimalLatitude": -27.461475, "decimalLongitude": 152.882796, "eventDate": "2023-01-03T09:04:00Z", "countryCode": "AU" }, "geometry": { "type": "Point", "coordinates": [ 152.882796, -27.461475 ] } },
{ "type": "Feature", "properties": { "decimalLatitude": -27.647876, "decimalLongitude": 151.951182, "eventDate": "2023-01-03T20:28:00Z", "countryCode": "AU" }, "geometry": { "type": "Point", "coordinates": [ 151.951182, -27.647876 ] } },
{ "type": "Feature", "properties": { "decimalLatitude": -32.101761, "decimalLongitude": 152.50094, "eventDate": "2023-01-05T21:57:03Z", "countryCode": "AU" }, "geometry": { "type": "Point", "coordinates": [ 152.50094, -32.101761 ] } },
{ "type": "Feature", "properties": { "decimalLatitude": -27.935878, "decimalLongitude": 153.190471, "eventDate": "2023-01-10T15:15:00Z", "countryCode": "AU" }, "geometry": { "type": "Point", "coordinates": [ 153.190471, -27.935878 ] } },
{ "type": "Feature", "properties": { "decimalLatitude": -38.403604, "decimalLongitude": 144.08844, "eventDate": "2023-01-12T15:12:20Z", "countryCode": "AU" }, "geometry": { "type": "Point", "coordinates": [ 144.08844, -38.403604 ] } },
{ "type": "Feature", "properties": { "decimalLatitude": -27.481895, "decimalLongitude": 151.90172, "eventDate": "2023-01-20T09:17:43Z", "countryCode": "AU" }, "geometry": { "type": "Point", "coordinates": [ 151.90172, -27.481895 ] } },
{ "type": "Feature", "properties": { "decimalLatitude": -27.647918, "decimalLongitude": 151.951328, "eventDate": "2023-01-20T12:10:00Z", "countryCode": "AU" }, "geometry": { "type": "Point", "coordinates": [ 151.951328, -27.647918 ] } },
{ "type": "Feature", "properties": { "decimalLatitude": -30.214424, "decimalLongitude": 153.067975, "eventDate": "2023-01-23T11:22:46Z", "countryCode": "AU" }, "geometry": { "type": "Point", "coordinates": [ 153.067975, -30.214424 ] } },
{ "type": "Feature", "properties": { "decimalLatitude": -27.63137, "decimalLongitude": 153.204065, "eventDate": "2023-01-21T09:22:00Z", "countryCode": "AU" }, "geometry": { "type": "Point", "coordinates": [ 153.204065, -27.63137 ] } },
{ "type": "Feature", "properties": { "decimalLatitude": -26.39859, "decimalLongitude": 153.025582, "eventDate": "2023-01-26T12:45:54Z", "countryCode": "AU" }, "geometry": { "type": "Point", "coordinates": [ 153.025582, -26.39859 ] } },
{ "type": "Feature", "properties": { "decimalLatitude": -27.474231, "decimalLongitude": 152.965131, "eventDate": "2023-01-25T09:08:00Z", "countryCode": "AU" }, "geometry": { "type": "Point", "coordinates": [ 152.965131, -27.474231 ] } },
{ "type": "Feature", "properties": { "decimalLatitude": -33.60577, "decimalLongitude": 151.327492, "eventDate": "2023-01-27T15:45:20Z", "countryCode": "AU" }, "geometry": { "type": "Point", "coordinates": [ 151.327492, -33.60577 ] } },
{ "type": "Feature", "properties": { "decimalLatitude": -28.149469, "decimalLongitude": 153.492089, "eventDate": "2023-01-25T22:50:53Z", "countryCode": "AU" }, "geometry": { "type": "Point", "coordinates": [ 153.492089, -28.149469 ] } },
{ "type": "Feature", "properties": { "decimalLatitude": -27.987092, "decimalLongitude": 153.185591, "eventDate": "2023-01-15T23:24:00Z", "countryCode": "AU" }, "geometry": { "type": "Point", "coordinates": [ 153.185591, -27.987092 ] } },
{ "type": "Feature", "properties": { "decimalLatitude": -34.413525, "decimalLongitude": 150.948308, "eventDate": "2023-01-29T14:41:40Z", "countryCode": "AU" }, "geometry": { "type": "Point", "coordinates": [ 150.948308, -34.413525 ] } },
{ "type": "Feature", "properties": { "decimalLatitude": -27.304998, "decimalLongitude": 152.695683, "eventDate": "2023-01-06T09:03:45Z", "countryCode": "AU" }, "geometry": { "type": "Point", "coordinates": [ 152.695683, -27.304998 ] } },
{ "type": "Feature", "properties": { "decimalLatitude": -23.168785, "decimalLongitude": 150.490508, "eventDate": "2023-01-11T12:40:00Z", "countryCode": "AU" }, "geometry": { "type": "Point", "coordinates": [ 150.490508, -23.168785 ] } },
{ "type": "Feature", "properties": { "decimalLatitude": -26.087811, "decimalLongitude": 152.786758, "eventDate": "2023-01-16T09:52:00Z", "countryCode": "AU" }, "geometry": { "type": "Point", "coordinates": [ 152.786758, -26.087811 ] } },
{ "type": "Feature", "properties": { "decimalLatitude": -31.665686, "decimalLongitude": 152.738468, "eventDate": "2023-02-03T07:56:47Z", "countryCode": "AU" }, "geometry": { "type": "Point", "coordinates": [ 152.738468, -31.665686 ] } },
{ "type": "Feature", "properties": { "decimalLatitude": -25.625436, "decimalLongitude": 152.656263, "eventDate": "2023-02-06T11:10:00Z", "countryCode": "AU" }, "geometry": { "type": "Point", "coordinates": [ 152.656263, -25.625436 ] } },
{ "type": "Feature", "properties": { "decimalLatitude": -28.195934, "decimalLongitude": 153.194745, "eventDate": "2023-02-07T11:47:00Z", "countryCode": "AU" }, "geometry": { "type": "Point", "coordinates": [ 153.194745, -28.195934 ] } },
{ "type": "Feature", "properties": { "decimalLatitude": -33.261558, "decimalLongitude": 151.536749, "eventDate": "2023-02-13T22:10:46Z", "countryCode": "AU" }, "geometry": { "type": "Point", "coordinates": [ 151.536749, -33.261558 ] } },
{ "type": "Feature", "properties": { "decimalLatitude": -31.6249, "decimalLongitude": 152.307974, "eventDate": "2023-02-16T11:05:41Z", "countryCode": "AU" }, "geometry": { "type": "Point", "coordinates": [ 152.307974, -31.6249 ] } },
{ "type": "Feature", "properties": { "decimalLatitude": -27.1, "decimalLongitude": 151.7, "eventDate": "2023-02-26T16:51:00Z", "countryCode": "AU" }, "geometry": { "type": "Point", "coordinates": [ 151.7, -27.1 ] } },
{ "type": "Feature", "properties": { "decimalLatitude": -21.3, "decimalLongitude": 149.2, "eventDate": "2023-02-01T07:23:00Z", "countryCode": "AU" }, "geometry": { "type": "Point", "coordinates": [ 149.2, -21.3 ] } },
{ "type": "Feature", "properties": { "decimalLatitude": -27.366127, "decimalLongitude": 152.796578, "eventDate": "2023-02-28T20:36:00Z", "countryCode": "AU" }, "geometry": { "type": "Point", "coordinates": [ 152.796578, -27.366127 ] } },
{ "type": "Feature", "properties": { "decimalLatitude": -27.1, "decimalLongitude": 151.7, "eventDate": "2023-02-26T16:51:00Z", "countryCode": "AU" }, "geometry": { "type": "Point", "coordinates": [ 151.7, -27.1 ] } },
{ "type": "Feature", "properties": { "decimalLatitude": -27.345306, "decimalLongitude": 153.00654, "eventDate": "2023-02-08T21:28:58Z", "countryCode": "AU" }, "geometry": { "type": "Point", "coordinates": [ 153.00654, -27.345306 ] } },
{ "type": "Feature", "properties": { "decimalLatitude": -28.194659, "decimalLongitude": 153.390253, "eventDate": "2023-02-09T20:29:06Z", "countryCode": "AU" }, "geometry": { "type": "Point", "coordinates": [ 153.390253, -28.194659 ] } },
{ "type": "Feature", "properties": { "decimalLatitude": -27.94754, "decimalLongitude": 153.194323, "eventDate": "2023-02-20T00:18:00Z", "countryCode": "AU" }, "geometry": { "type": "Point", "coordinates": [ 153.194323, -27.94754 ] } },
{ "type": "Feature", "properties": { "decimalLatitude": -27.364796, "decimalLongitude": 152.794387, "eventDate": "2023-03-14T09:26:00Z", "countryCode": "AU" }, "geometry": { "type": "Point", "coordinates": [ 152.794387, -27.364796 ] } },
{ "type": "Feature", "properties": { "decimalLatitude": -28.185835, "decimalLongitude": 153.184472, "eventDate": "2023-03-11T12:16:47Z", "countryCode": "AU" }, "geometry": { "type": "Point", "coordinates": [ 153.184472, -28.185835 ] } },
{ "type": "Feature", "properties": { "decimalLatitude": -26.717085, "decimalLongitude": 152.82335, "eventDate": "2023-03-03T19:57:00Z", "countryCode": "AU" }, "geometry": { "type": "Point", "coordinates": [ 152.82335, -26.717085 ] } },
{ "type": "Feature", "properties": { "decimalLatitude": -27.71835, "decimalLongitude": 152.171372, "eventDate": "2023-03-10T11:40:00Z", "countryCode": "AU" }, "geometry": { "type": "Point", "coordinates": [ 152.171372, -27.71835 ] } },
{ "type": "Feature", "properties": { "decimalLatitude": -28.098297, "decimalLongitude": 153.458192, "eventDate": "2023-03-09T12:48:36Z", "countryCode": "AU" }, "geometry": { "type": "Point", "coordinates": [ 153.458192, -28.098297 ] } },
{ "type": "Feature", "properties": { "decimalLatitude": -26.34975, "decimalLongitude": 152.812281, "eventDate": "2023-03-16T21:45:42Z", "countryCode": "AU" }, "geometry": { "type": "Point", "coordinates": [ 152.812281, -26.34975 ] } },
{ "type": "Feature", "properties": { "decimalLatitude": -28.1991, "decimalLongitude": 153.179322, "eventDate": "2023-03-24T23:20:17Z", "countryCode": "AU" }, "geometry": { "type": "Point", "coordinates": [ 153.179322, -28.1991 ] } },
{ "type": "Feature", "properties": { "decimalLatitude": -30.49, "decimalLongitude": 151.64, "eventDate": "2023-03-19T20:35:00Z", "countryCode": "AU" }, "geometry": { "type": "Point", "coordinates": [ 151.64, -30.49 ] } },
{ "type": "Feature", "properties": { "decimalLatitude": -30.38599, "decimalLongitude": 153.025363, "eventDate": "2023-03-31T19:20:15Z", "countryCode": "AU" }, "geometry": { "type": "Point", "coordinates": [ 153.025363, -30.38599 ] } },
{ "type": "Feature", "properties": { "decimalLatitude": -27.493203, "decimalLongitude": 152.246396, "eventDate": "2023-03-16T08:16:00Z", "countryCode": "AU" }, "geometry": { "type": "Point", "coordinates": [ 152.246396, -27.493203 ] } },
{ "type": "Feature", "properties": { "decimalLatitude": -26.42453, "decimalLongitude": 152.991408, "eventDate": "2023-04-04T14:42:03Z", "countryCode": "AU" }, "geometry": { "type": "Point", "coordinates": [ 152.991408, -26.42453 ] } },
{ "type": "Feature", "properties": { "decimalLatitude": -30.21731, "decimalLongitude": 152.864618, "eventDate": "2023-04-11T00:52:29Z", "countryCode": "AU" }, "geometry": { "type": "Point", "coordinates": [ 152.864618, -30.21731 ] } },
{ "type": "Feature", "properties": { "decimalLatitude": -30.786382, "decimalLongitude": 152.949743, "eventDate": "2023-04-18T15:05:00Z", "countryCode": "AU" }, "geometry": { "type": "Point", "coordinates": [ 152.949743, -30.786382 ] } },
{ "type": "Feature", "properties": { "decimalLatitude": -28.224712, "decimalLongitude": 153.27368, "eventDate": "2023-04-13T20:57:24Z", "countryCode": "AU" }, "geometry": { "type": "Point", "coordinates": [ 153.27368, -28.224712 ] } },
{ "type": "Feature", "properties": { "decimalLatitude": -18.601068, "decimalLongitude": 145.800921, "eventDate": "2023-04-27T11:02:00Z", "countryCode": "AU" }, "geometry": { "type": "Point", "coordinates": [ 145.800921, -18.601068 ] } },
{ "type": "Feature", "properties": { "decimalLatitude": -28.177145, "decimalLongitude": 153.361416, "eventDate": "2023-04-20T21:35:32Z", "countryCode": "AU" }, "geometry": { "type": "Point", "coordinates": [ 153.361416, -28.177145 ] } },
{ "type": "Feature", "properties": { "decimalLatitude": -28.820453, "decimalLongitude": 153.333749, "eventDate": "2023-04-04T00:00:00Z", "countryCode": "AU" }, "geometry": { "type": "Point", "coordinates": [ 153.333749, -28.820453 ] } },
{ "type": "Feature", "properties": { "decimalLatitude": -27.478553, "decimalLongitude": 152.931439, "eventDate": "2023-04-23T08:57:43Z", "countryCode": "AU" }, "geometry": { "type": "Point", "coordinates": [ 152.931439, -27.478553 ] } },
{ "type": "Feature", "properties": { "decimalLatitude": -27.947614, "decimalLongitude": 153.194264, "eventDate": "2023-04-03T00:12:00Z", "countryCode": "AU" }, "geometry": { "type": "Point", "coordinates": [ 153.194264, -27.947614 ] } },
{ "type": "Feature", "properties": { "decimalLatitude": -27.947614, "decimalLongitude": 153.194264, "eventDate": "2023-04-03T00:11:00Z", "countryCode": "AU" }, "geometry": { "type": "Point", "coordinates": [ 153.194264, -27.947614 ] } },
{ "type": "Feature", "properties": { "decimalLatitude": -27.545423, "decimalLongitude": 152.944753, "eventDate": "2023-05-16T10:58:00Z", "countryCode": "AU" }, "geometry": { "type": "Point", "coordinates": [ 152.944753, -27.545423 ] } },
{ "type": "Feature", "properties": { "decimalLatitude": -27.23925, "decimalLongitude": 152.810232, "eventDate": "2023-05-10T18:16:00Z", "countryCode": "AU" }, "geometry": { "type": "Point", "coordinates": [ 152.810232, -27.23925 ] } },
{ "type": "Feature", "properties": { "decimalLatitude": -27.461527, "decimalLongitude": 152.882785, "eventDate": "2023-05-06T10:58:28Z", "countryCode": "AU" }, "geometry": { "type": "Point", "coordinates": [ 152.882785, -27.461527 ] } },
{ "type": "Feature", "properties": { "decimalLatitude": -27.436628, "decimalLongitude": 153.11197, "eventDate": "2023-06-02T07:22:09Z", "countryCode": "AU" }, "geometry": { "type": "Point", "coordinates": [ 153.11197, -27.436628 ] } },
{ "type": "Feature", "properties": { "decimalLatitude": -26.361366, "decimalLongitude": 152.934664, "eventDate": "2023-06-01T06:45:19Z", "countryCode": "AU" }, "geometry": { "type": "Point", "coordinates": [ 152.934664, -26.361366 ] } },
{ "type": "Feature", "properties": { "decimalLatitude": -27.461406, "decimalLongitude": 152.882034, "eventDate": "2023-06-03T10:54:00Z", "countryCode": "AU" }, "geometry": { "type": "Point", "coordinates": [ 152.882034, -27.461406 ] } },
{ "type": "Feature", "properties": { "decimalLatitude": -31.460692, "decimalLongitude": 152.915659, "eventDate": "2023-06-12T23:59:54Z", "countryCode": "AU" }, "geometry": { "type": "Point", "coordinates": [ 152.915659, -31.460692 ] } },
{ "type": "Feature", "properties": { "decimalLatitude": -30.574944, "decimalLongitude": 152.990159, "eventDate": "2023-06-16T09:18:00Z", "countryCode": "AU" }, "geometry": { "type": "Point", "coordinates": [ 152.990159, -30.574944 ] } },
{ "type": "Feature", "properties": { "decimalLatitude": -33.785296, "decimalLongitude": 151.008022, "eventDate": "2023-06-23T09:58:29Z", "countryCode": "AU" }, "geometry": { "type": "Point", "coordinates": [ 151.008022, -33.785296 ] } },
{ "type": "Feature", "properties": { "decimalLatitude": -27.548071, "decimalLongitude": 152.409226, "eventDate": "2023-07-09T14:00:29Z", "countryCode": "AU" }, "geometry": { "type": "Point", "coordinates": [ 152.409226, -27.548071 ] } },
{ "type": "Feature", "properties": { "decimalLatitude": -32.320669, "decimalLongitude": 151.748079, "eventDate": "2023-07-19T09:20:00Z", "countryCode": "AU" }, "geometry": { "type": "Point", "coordinates": [ 151.748079, -32.320669 ] } },
{ "type": "Feature", "properties": { "decimalLatitude": -27.467153, "decimalLongitude": 153.015611, "eventDate": "2023-08-23T12:03:03Z", "countryCode": "AU" }, "geometry": { "type": "Point", "coordinates": [ 153.015611, -27.467153 ] } },
{ "type": "Feature", "properties": { "decimalLatitude": -19.337542, "decimalLongitude": 146.467486, "eventDate": "2023-08-19T03:41:24Z", "countryCode": "AU" }, "geometry": { "type": "Point", "coordinates": [ 146.467486, -19.337542 ] } },
{ "type": "Feature", "properties": { "decimalLatitude": -28.331379, "decimalLongitude": 153.536711, "eventDate": "2023-09-14T20:58:00Z", "countryCode": "AU" }, "geometry": { "type": "Point", "coordinates": [ 153.536711, -28.331379 ] } },
{ "type": "Feature", "properties": { "decimalLatitude": -33.615486, "decimalLongitude": 151.260699, "eventDate": "2023-09-13T19:56:41Z", "countryCode": "AU" }, "geometry": { "type": "Point", "coordinates": [ 151.260699, -33.615486 ] } },
{ "type": "Feature", "properties": { "decimalLatitude": -31.526197, "decimalLongitude": 159.067432, "eventDate": "2023-09-17T21:22:00Z", "countryCode": "AU" }, "geometry": { "type": "Point", "coordinates": [ 159.067432, -31.526197 ] } },
{ "type": "Feature", "properties": { "decimalLatitude": -28.742583, "decimalLongitude": 153.396805, "eventDate": "2023-09-30T18:21:21Z", "countryCode": "AU" }, "geometry": { "type": "Point", "coordinates": [ 153.396805, -28.742583 ] } },
{ "type": "Feature", "properties": { "decimalLatitude": -27.494432, "decimalLongitude": 153.006027, "eventDate": "2023-10-11T14:08:03Z", "countryCode": "AU" }, "geometry": { "type": "Point", "coordinates": [ 153.006027, -27.494432 ] } },
{ "type": "Feature", "properties": { "decimalLatitude": -26.717085, "decimalLongitude": 152.82335, "eventDate": "2023-10-15T20:26:00Z", "countryCode": "AU" }, "geometry": { "type": "Point", "coordinates": [ 152.82335, -26.717085 ] } },
{ "type": "Feature", "properties": { "decimalLatitude": -27.23912, "decimalLongitude": 152.810253, "eventDate": "2023-10-12T18:25:00Z", "countryCode": "AU" }, "geometry": { "type": "Point", "coordinates": [ 152.810253, -27.23912 ] } },
{ "type": "Feature", "properties": { "decimalLatitude": -27.379165, "decimalLongitude": 152.788828, "eventDate": "2023-10-15T02:20:00Z", "countryCode": "AU" }, "geometry": { "type": "Point", "coordinates": [ 152.788828, -27.379165 ] } },
{ "type": "Feature", "properties": { "decimalLatitude": -27.822804, "decimalLongitude": 153.261769, "eventDate": "2023-10-14T12:17:00Z", "countryCode": "AU" }, "geometry": { "type": "Point", "coordinates": [ 153.261769, -27.822804 ] } },
{ "type": "Feature", "properties": { "decimalLatitude": -28.805471, "decimalLongitude": 153.265394, "eventDate": "2023-10-23T18:11:05Z", "countryCode": "AU" }, "geometry": { "type": "Point", "coordinates": [ 153.265394, -28.805471 ] } },
{ "type": "Feature", "properties": { "decimalLatitude": -23.163897, "decimalLongitude": 150.467253, "eventDate": "2023-10-26T07:56:23Z", "countryCode": "AU" }, "geometry": { "type": "Point", "coordinates": [ 150.467253, -23.163897 ] } },
{ "type": "Feature", "properties": { "decimalLatitude": -26.461247, "decimalLongitude": 152.860764, "eventDate": "2023-11-14T19:34:00Z", "countryCode": "AU" }, "geometry": { "type": "Point", "coordinates": [ 152.860764, -26.461247 ] } },
{ "type": "Feature", "properties": { "decimalLatitude": -32.936633, "decimalLongitude": 151.676863, "eventDate": "2023-11-17T15:47:08Z", "countryCode": "AU" }, "geometry": { "type": "Point", "coordinates": [ 151.676863, -32.936633 ] } },
{ "type": "Feature", "properties": { "decimalLatitude": -28.231075, "decimalLongitude": 153.243278, "eventDate": "2023-11-18T18:44:44Z", "countryCode": "AU" }, "geometry": { "type": "Point", "coordinates": [ 153.243278, -28.231075 ] } },
{ "type": "Feature", "properties": { "decimalLatitude": -26.781378, "decimalLongitude": 152.88089, "eventDate": "2023-11-23T14:09:30Z", "countryCode": "AU" }, "geometry": { "type": "Point", "coordinates": [ 152.88089, -26.781378 ] } },
{ "type": "Feature", "properties": { "decimalLatitude": -26.8813, "decimalLongitude": 152.91852, "eventDate": "2023-11-27T21:08:10Z", "countryCode": "AU" }, "geometry": { "type": "Point", "coordinates": [ 152.91852, -26.8813 ] } },
{ "type": "Feature", "properties": { "decimalLatitude": -27.494646, "decimalLongitude": 152.951669, "eventDate": "2023-11-27T10:46:54Z", "countryCode": "AU" }, "geometry": { "type": "Point", "coordinates": [ 152.951669, -27.494646 ] } },
{ "type": "Feature", "properties": { "decimalLatitude": -29.410253, "decimalLongitude": 153.353256, "eventDate": "2023-11-24T14:55:00Z", "countryCode": "AU" }, "geometry": { "type": "Point", "coordinates": [ 153.353256, -29.410253 ] } },
{ "type": "Feature", "properties": { "decimalLatitude": -27.609952, "decimalLongitude": 153.094275, "eventDate": "2023-11-21T08:49:01Z", "countryCode": "AU" }, "geometry": { "type": "Point", "coordinates": [ 153.094275, -27.609952 ] } },
{ "type": "Feature", "properties": { "decimalLatitude": -27.610003, "decimalLongitude": 153.094242, "eventDate": "2023-11-21T08:49:01Z", "countryCode": "AU" }, "geometry": { "type": "Point", "coordinates": [ 153.094242, -27.610003 ] } },
{ "type": "Feature", "properties": { "decimalLatitude": -27.493292, "decimalLongitude": 152.9997, "eventDate": "2023-12-02T18:41:12Z", "countryCode": "AU" }, "geometry": { "type": "Point", "coordinates": [ 152.9997, -27.493292 ] } },
{ "type": "Feature", "properties": { "decimalLatitude": -31.91257, "decimalLongitude": 152.39722, "eventDate": "2023-12-08T07:20:00Z", "countryCode": "AU" }, "geometry": { "type": "Point", "coordinates": [ 152.39722, -31.91257 ] } },
{ "type": "Feature", "properties": { "decimalLatitude": -27.585679, "decimalLongitude": 152.723729, "eventDate": "2023-12-02T10:02:00Z", "countryCode": "AU" }, "geometry": { "type": "Point", "coordinates": [ 152.723729, -27.585679 ] } },
{ "type": "Feature", "properties": { "decimalLatitude": -26.279345, "decimalLongitude": 152.92717, "eventDate": "2023-12-03T14:19:06Z", "countryCode": "AU" }, "geometry": { "type": "Point", "coordinates": [ 152.92717, -26.279345 ] } },
{ "type": "Feature", "properties": { "decimalLatitude": -28.81076, "decimalLongitude": 153.296661, "eventDate": "2024-01-03T18:33:00Z", "countryCode": "AU" }, "geometry": { "type": "Point", "coordinates": [ 153.296661, -28.81076 ] } },
{ "type": "Feature", "properties": { "decimalLatitude": -27.577786, "decimalLongitude": 152.876383, "eventDate": "2024-01-10T11:50:39Z", "countryCode": "AU" }, "geometry": { "type": "Point", "coordinates": [ 152.876383, -27.577786 ] } },
{ "type": "Feature", "properties": { "decimalLatitude": -26.596077, "decimalLongitude": 153.013437, "eventDate": "2024-01-14T21:38:30Z", "countryCode": "AU" }, "geometry": { "type": "Point", "coordinates": [ 153.013437, -26.596077 ] } },
{ "type": "Feature", "properties": { "decimalLatitude": -27.493438, "decimalLongitude": 152.94514, "eventDate": "2024-01-16T08:10:02Z", "countryCode": "AU" }, "geometry": { "type": "Point", "coordinates": [ 152.94514, -27.493438 ] } },
{ "type": "Feature", "properties": { "decimalLatitude": -21.130617, "decimalLongitude": 148.489769, "eventDate": "2024-01-13T17:33:58Z", "countryCode": "AU" }, "geometry": { "type": "Point", "coordinates": [ 148.489769, -21.130617 ] } },
{ "type": "Feature", "properties": { "decimalLatitude": -26.619075, "decimalLongitude": 152.938872, "eventDate": "2024-01-15T11:56:10Z", "countryCode": "AU" }, "geometry": { "type": "Point", "coordinates": [ 152.938872, -26.619075 ] } },
{ "type": "Feature", "properties": { "decimalLatitude": -28.257408, "decimalLongitude": 153.40239, "eventDate": "2024-01-20T20:19:00Z", "countryCode": "AU" }, "geometry": { "type": "Point", "coordinates": [ 153.40239, -28.257408 ] } },
{ "type": "Feature", "properties": { "decimalLatitude": -28.325272, "decimalLongitude": 153.402038, "eventDate": "2024-01-27T07:40:59Z", "countryCode": "AU" }, "geometry": { "type": "Point", "coordinates": [ 153.402038, -28.325272 ] } },
{ "type": "Feature", "properties": { "decimalLatitude": -30.092924, "decimalLongitude": 153.050538, "eventDate": "2024-01-17T15:55:10Z", "countryCode": "AU" }, "geometry": { "type": "Point", "coordinates": [ 153.050538, -30.092924 ] } },
{ "type": "Feature", "properties": { "decimalLatitude": -27.724262, "decimalLongitude": 152.35135, "eventDate": "2024-01-30T19:02:18Z", "countryCode": "AU" }, "geometry": { "type": "Point", "coordinates": [ 152.35135, -27.724262 ] } },
{ "type": "Feature", "properties": { "decimalLatitude": -27.452321, "decimalLongitude": 151.92281, "eventDate": "2024-01-24T16:22:40Z", "countryCode": "AU" }, "geometry": { "type": "Point", "coordinates": [ 151.92281, -27.452321 ] } },
{ "type": "Feature", "properties": { "decimalLatitude": -20.323618, "decimalLongitude": 148.61727, "eventDate": "2024-01-26T17:19:00Z", "countryCode": "AU" }, "geometry": { "type": "Point", "coordinates": [ 148.61727, -20.323618 ] } },
{ "type": "Feature", "properties": { "decimalLatitude": -24.918276, "decimalLongitude": 152.133074, "eventDate": "2024-01-20T00:44:33Z", "countryCode": "AU" }, "geometry": { "type": "Point", "coordinates": [ 152.133074, -24.918276 ] } },
{ "type": "Feature", "properties": { "decimalLatitude": -26.486319, "decimalLongitude": 152.866652, "eventDate": "2024-01-28T16:38:38Z", "countryCode": "AU" }, "geometry": { "type": "Point", "coordinates": [ 152.866652, -26.486319 ] } },
{ "type": "Feature", "properties": { "decimalLatitude": -30.444503, "decimalLongitude": 152.8974, "eventDate": "2024-01-30T17:51:14Z", "countryCode": "AU" }, "geometry": { "type": "Point", "coordinates": [ 152.8974, -30.444503 ] } },
{ "type": "Feature", "properties": { "decimalLatitude": -27.647782, "decimalLongitude": 151.951352, "eventDate": "2024-01-27T18:42:00Z", "countryCode": "AU" }, "geometry": { "type": "Point", "coordinates": [ 151.951352, -27.647782 ] } },
{ "type": "Feature", "properties": { "decimalLatitude": -25.081551, "decimalLongitude": 151.675522, "eventDate": "2024-01-22T08:35:00Z", "countryCode": "AU" }, "geometry": { "type": "Point", "coordinates": [ 151.675522, -25.081551 ] } },
{ "type": "Feature", "properties": { "decimalLatitude": -27.57766, "decimalLongitude": 152.876508, "eventDate": "2024-01-31T14:23:17Z", "countryCode": "AU" }, "geometry": { "type": "Point", "coordinates": [ 152.876508, -27.57766 ] } },
{ "type": "Feature", "properties": { "decimalLatitude": -27.510381, "decimalLongitude": 153.094654, "eventDate": "2024-01-23T08:51:00Z", "countryCode": "AU" }, "geometry": { "type": "Point", "coordinates": [ 153.094654, -27.510381 ] } },
{ "type": "Feature", "properties": { "decimalLatitude": -27.990015, "decimalLongitude": 153.185106, "eventDate": "2024-01-28T21:29:00Z", "countryCode": "AU" }, "geometry": { "type": "Point", "coordinates": [ 153.185106, -27.990015 ] } },
{ "type": "Feature", "properties": { "decimalLatitude": -27.98976, "decimalLongitude": 153.185885, "eventDate": "2024-01-30T00:25:00Z", "countryCode": "AU" }, "geometry": { "type": "Point", "coordinates": [ 153.185885, -27.98976 ] } },
{ "type": "Feature", "properties": { "decimalLatitude": -31.858805, "decimalLongitude": 152.259132, "eventDate": "2024-01-25T11:48:00Z", "countryCode": "AU" }, "geometry": { "type": "Point", "coordinates": [ 152.259132, -31.858805 ] } },
{ "type": "Feature", "properties": { "decimalLatitude": -27.431934, "decimalLongitude": 152.611335, "eventDate": "2024-01-07T16:57:00Z", "countryCode": "AU" }, "geometry": { "type": "Point", "coordinates": [ 152.611335, -27.431934 ] } },
{ "type": "Feature", "properties": { "decimalLatitude": -27.209897, "decimalLongitude": 152.800979, "eventDate": "2024-01-12T09:17:07Z", "countryCode": "AU" }, "geometry": { "type": "Point", "coordinates": [ 152.800979, -27.209897 ] } },
{ "type": "Feature", "properties": { "decimalLatitude": -27.514975, "decimalLongitude": 152.643167, "eventDate": "2024-01-14T07:24:00Z", "countryCode": "AU" }, "geometry": { "type": "Point", "coordinates": [ 152.643167, -27.514975 ] } },
{ "type": "Feature", "properties": { "decimalLatitude": -24.655022, "decimalLongitude": 151.300203, "eventDate": "2024-01-28T08:00:17Z", "countryCode": "AU" }, "geometry": { "type": "Point", "coordinates": [ 151.300203, -24.655022 ] } },
{ "type": "Feature", "properties": { "decimalLatitude": -21.073536, "decimalLongitude": 148.69487, "eventDate": "2024-01-28T13:38:41Z", "countryCode": "AU" }, "geometry": { "type": "Point", "coordinates": [ 148.69487, -21.073536 ] } },
{ "type": "Feature", "properties": { "decimalLatitude": -28.218972, "decimalLongitude": 153.274117, "eventDate": "2024-01-26T13:52:23Z", "countryCode": "AU" }, "geometry": { "type": "Point", "coordinates": [ 153.274117, -28.218972 ] } },
{ "type": "Feature", "properties": { "decimalLatitude": -27.546837, "decimalLongitude": 152.967199, "eventDate": "2024-02-02T22:46:30Z", "countryCode": "AU" }, "geometry": { "type": "Point", "coordinates": [ 152.967199, -27.546837 ] } },
{ "type": "Feature", "properties": { "decimalLatitude": -19.251345, "decimalLongitude": 146.787613, "eventDate": "2024-02-03T07:53:09Z", "countryCode": "AU" }, "geometry": { "type": "Point", "coordinates": [ 146.787613, -19.251345 ] } },
{ "type": "Feature", "properties": { "decimalLatitude": -27.506778, "decimalLongitude": 153.06078, "eventDate": "2024-02-03T07:56:19Z", "countryCode": "AU" }, "geometry": { "type": "Point", "coordinates": [ 153.06078, -27.506778 ] } },
{ "type": "Feature", "properties": { "decimalLatitude": -34.421764, "decimalLongitude": 150.872982, "eventDate": "2024-02-05T12:59:06Z", "countryCode": "AU" }, "geometry": { "type": "Point", "coordinates": [ 150.872982, -34.421764 ] } },
{ "type": "Feature", "properties": { "decimalLatitude": -27.530166, "decimalLongitude": 153.092924, "eventDate": "2024-02-08T22:52:00Z", "countryCode": "AU" }, "geometry": { "type": "Point", "coordinates": [ 153.092924, -27.530166 ] } },
{ "type": "Feature", "properties": { "decimalLatitude": -28.231143, "decimalLongitude": 153.135777, "eventDate": "2024-02-10T19:56:07Z", "countryCode": "AU" }, "geometry": { "type": "Point", "coordinates": [ 153.135777, -28.231143 ] } },
{ "type": "Feature", "properties": { "decimalLatitude": -23.164968, "decimalLongitude": 150.490474, "eventDate": "2024-02-12T11:52:32Z", "countryCode": "AU" }, "geometry": { "type": "Point", "coordinates": [ 150.490474, -23.164968 ] } },
{ "type": "Feature", "properties": { "decimalLatitude": -23.164233, "decimalLongitude": 150.461383, "eventDate": "2024-02-12T11:52:12Z", "countryCode": "AU" }, "geometry": { "type": "Point", "coordinates": [ 150.461383, -23.164233 ] } },
{ "type": "Feature", "properties": { "decimalLatitude": -27.647889, "decimalLongitude": 151.951287, "eventDate": "2024-02-15T16:55:00Z", "countryCode": "AU" }, "geometry": { "type": "Point", "coordinates": [ 151.951287, -27.647889 ] } },
{ "type": "Feature", "properties": { "decimalLatitude": -25.286077, "decimalLongitude": 152.758412, "eventDate": "2024-02-24T08:44:00Z", "countryCode": "AU" }, "geometry": { "type": "Point", "coordinates": [ 152.758412, -25.286077 ] } },
{ "type": "Feature", "properties": { "decimalLatitude": -25.934619, "decimalLongitude": 152.625002, "eventDate": "2024-02-21T14:07:00Z", "countryCode": "AU" }, "geometry": { "type": "Point", "coordinates": [ 152.625002, -25.934619 ] } },
{ "type": "Feature", "properties": { "decimalLatitude": -26.717085, "decimalLongitude": 152.82335, "eventDate": "2024-02-23T22:53:00Z", "countryCode": "AU" }, "geometry": { "type": "Point", "coordinates": [ 152.82335, -26.717085 ] } },
{ "type": "Feature", "properties": { "decimalLatitude": -28.046559, "decimalLongitude": 153.28508, "eventDate": "2024-02-26T11:05:59Z", "countryCode": "AU" }, "geometry": { "type": "Point", "coordinates": [ 153.28508, -28.046559 ] } },
{ "type": "Feature", "properties": { "decimalLatitude": -27.076492, "decimalLongitude": 151.746972, "eventDate": "2024-02-28T11:20:28Z", "countryCode": "AU" }, "geometry": { "type": "Point", "coordinates": [ 151.746972, -27.076492 ] } },
{ "type": "Feature", "properties": { "decimalLatitude": -25.934984, "decimalLongitude": 152.62502, "eventDate": "2024-02-27T08:54:00Z", "countryCode": "AU" }, "geometry": { "type": "Point", "coordinates": [ 152.62502, -25.934984 ] } },
{ "type": "Feature", "properties": { "decimalLatitude": -27.989321, "decimalLongitude": 153.185575, "eventDate": "2024-02-18T23:19:00Z", "countryCode": "AU" }, "geometry": { "type": "Point", "coordinates": [ 153.185575, -27.989321 ] } },
{ "type": "Feature", "properties": { "decimalLatitude": -26.631323, "decimalLongitude": 152.960406, "eventDate": "2024-02-11T16:18:00Z", "countryCode": "AU" }, "geometry": { "type": "Point", "coordinates": [ 152.960406, -26.631323 ] } },
{ "type": "Feature", "properties": { "decimalLatitude": -16.831225, "decimalLongitude": 145.63263, "eventDate": "2024-02-24T10:18:03Z", "countryCode": "AU" }, "geometry": { "type": "Point", "coordinates": [ 145.63263, -16.831225 ] } },
{ "type": "Feature", "properties": { "decimalLatitude": -27.541226, "decimalLongitude": 152.703483, "eventDate": "2024-02-07T06:45:00Z", "countryCode": "AU" }, "geometry": { "type": "Point", "coordinates": [ 152.703483, -27.541226 ] } },
{ "type": "Feature", "properties": { "decimalLatitude": -27.981051, "decimalLongitude": 152.348103, "eventDate": "2024-02-07T17:05:00Z", "countryCode": "AU" }, "geometry": { "type": "Point", "coordinates": [ 152.348103, -27.981051 ] } },
{ "type": "Feature", "properties": { "decimalLatitude": -27.925523, "decimalLongitude": 153.193665, "eventDate": "2024-02-29T20:35:08Z", "countryCode": "AU" }, "geometry": { "type": "Point", "coordinates": [ 153.193665, -27.925523 ] } },
{ "type": "Feature", "properties": { "decimalLatitude": -23.370822, "decimalLongitude": 150.492538, "eventDate": "2024-02-15T23:03:51Z", "countryCode": "AU" }, "geometry": { "type": "Point", "coordinates": [ 150.492538, -23.370822 ] } },
{ "type": "Feature", "properties": { "decimalLatitude": -32.963998, "decimalLongitude": 151.724527, "eventDate": "2024-03-07T20:49:51Z", "countryCode": "AU" }, "geometry": { "type": "Point", "coordinates": [ 151.724527, -32.963998 ] } },
{ "type": "Feature", "properties": { "decimalLatitude": -27.559111, "decimalLongitude": 153.2035, "eventDate": "2024-03-08T11:52:00Z", "countryCode": "AU" }, "geometry": { "type": "Point", "coordinates": [ 153.2035, -27.559111 ] } },
{ "type": "Feature", "properties": { "decimalLatitude": -28.660242, "decimalLongitude": 152.71747, "eventDate": "2024-03-17T08:29:01Z", "countryCode": "AU" }, "geometry": { "type": "Point", "coordinates": [ 152.71747, -28.660242 ] } },
{ "type": "Feature", "properties": { "decimalLatitude": -26.553047, "decimalLongitude": 152.89183, "eventDate": "2024-03-08T05:12:45Z", "countryCode": "AU" }, "geometry": { "type": "Point", "coordinates": [ 152.89183, -26.553047 ] } },
{ "type": "Feature", "properties": { "decimalLatitude": -33.633081, "decimalLongitude": 151.25529, "eventDate": "2024-03-08T21:24:43Z", "countryCode": "AU" }, "geometry": { "type": "Point", "coordinates": [ 151.25529, -33.633081 ] } },
{ "type": "Feature", "properties": { "decimalLatitude": -27.73467, "decimalLongitude": 153.102356, "eventDate": "2024-03-13T06:58:07Z", "countryCode": "AU" }, "geometry": { "type": "Point", "coordinates": [ 153.102356, -27.73467 ] } },
{ "type": "Feature", "properties": { "decimalLatitude": -21.136055, "decimalLongitude": 148.509963, "eventDate": "2024-03-08T19:08:27Z", "countryCode": "AU" }, "geometry": { "type": "Point", "coordinates": [ 148.509963, -21.136055 ] } },
{ "type": "Feature", "properties": { "decimalLatitude": -26.717085, "decimalLongitude": 152.82335, "eventDate": "2024-03-15T07:56:00Z", "countryCode": "AU" }, "geometry": { "type": "Point", "coordinates": [ 152.82335, -26.717085 ] } },
{ "type": "Feature", "properties": { "decimalLatitude": -26.482649, "decimalLongitude": 152.898005, "eventDate": "2024-03-20T10:11:00Z", "countryCode": "AU" }, "geometry": { "type": "Point", "coordinates": [ 152.898005, -26.482649 ] } },
{ "type": "Feature", "properties": { "decimalLatitude": -21.168213, "decimalLongitude": 148.503464, "eventDate": "2024-03-18T15:43:00Z", "countryCode": "AU" }, "geometry": { "type": "Point", "coordinates": [ 148.503464, -21.168213 ] } },
{ "type": "Feature", "properties": { "decimalLatitude": -32.923688, "decimalLongitude": 151.685042, "eventDate": "2024-03-30T11:44:14Z", "countryCode": "AU" }, "geometry": { "type": "Point", "coordinates": [ 151.685042, -32.923688 ] } },
{ "type": "Feature", "properties": { "decimalLatitude": -33.790671, "decimalLongitude": 150.838063, "eventDate": "2024-03-30T17:06:38Z", "countryCode": "AU" }, "geometry": { "type": "Point", "coordinates": [ 150.838063, -33.790671 ] } },
{ "type": "Feature", "properties": { "decimalLatitude": -28.078219, "decimalLongitude": 152.507317, "eventDate": "2024-03-08T00:00:00Z", "countryCode": "AU" }, "geometry": { "type": "Point", "coordinates": [ 152.507317, -28.078219 ] } },
{ "type": "Feature", "properties": { "decimalLatitude": -30.235695, "decimalLongitude": 153.000869, "eventDate": "2024-03-07T09:50:35Z", "countryCode": "AU" }, "geometry": { "type": "Point", "coordinates": [ 153.000869, -30.235695 ] } },
{ "type": "Feature", "properties": { "decimalLatitude": -33.772691, "decimalLongitude": 151.220376, "eventDate": "2024-03-31T11:12:00Z", "countryCode": "AU" }, "geometry": { "type": "Point", "coordinates": [ 151.220376, -33.772691 ] } },
{ "type": "Feature", "properties": { "decimalLatitude": -31.528853, "decimalLongitude": 159.075911, "eventDate": "2024-03-04T09:11:00Z", "countryCode": "AU" }, "geometry": { "type": "Point", "coordinates": [ 159.075911, -31.528853 ] } },
{ "type": "Feature", "properties": { "decimalLatitude": -27.53244, "decimalLongitude": 152.813127, "eventDate": "2024-04-16T15:30:44Z", "countryCode": "AU" }, "geometry": { "type": "Point", "coordinates": [ 152.813127, -27.53244 ] } },
{ "type": "Feature", "properties": { "decimalLatitude": -25.154925, "decimalLongitude": 152.63022, "eventDate": "2024-04-25T10:25:45Z", "countryCode": "AU" }, "geometry": { "type": "Point", "coordinates": [ 152.63022, -25.154925 ] } },
{ "type": "Feature", "properties": { "decimalLatitude": -23.153397, "decimalLongitude": 150.460975, "eventDate": "2024-04-29T13:01:00Z", "countryCode": "AU" }, "geometry": { "type": "Point", "coordinates": [ 150.460975, -23.153397 ] } },
{ "type": "Feature", "properties": { "decimalLatitude": -31.527966, "decimalLongitude": 159.066688, "eventDate": "2024-04-27T08:55:00Z", "countryCode": "AU" }, "geometry": { "type": "Point", "coordinates": [ 159.066688, -31.527966 ] } },
{ "type": "Feature", "properties": { "decimalLatitude": -27.4, "decimalLongitude": 152.9, "eventDate": "2024-04-28T09:01:00Z", "countryCode": "AU" }, "geometry": { "type": "Point", "coordinates": [ 152.9, -27.4 ] } },
{ "type": "Feature", "properties": { "decimalLatitude": -17.373427, "decimalLongitude": 145.385147, "eventDate": "2024-05-02T13:10:16Z", "countryCode": "AU" }, "geometry": { "type": "Point", "coordinates": [ 145.385147, -17.373427 ] } },
{ "type": "Feature", "properties": { "decimalLatitude": -18.253872, "decimalLongitude": 144.667669, "eventDate": "2024-05-04T11:52:44Z", "countryCode": "AU" }, "geometry": { "type": "Point", "coordinates": [ 144.667669, -18.253872 ] } },
{ "type": "Feature", "properties": { "decimalLatitude": -27.530437, "decimalLongitude": 153.036118, "eventDate": "2024-05-11T10:29:59Z", "countryCode": "AU" }, "geometry": { "type": "Point", "coordinates": [ 153.036118, -27.530437 ] } },
{ "type": "Feature", "properties": { "decimalLatitude": -16.813769, "decimalLongitude": 145.585053, "eventDate": "2024-05-25T14:05:05Z", "countryCode": "AU" }, "geometry": { "type": "Point", "coordinates": [ 145.585053, -16.813769 ] } },
{ "type": "Feature", "properties": { "decimalLatitude": -17.163156, "decimalLongitude": 144.517325, "eventDate": "2024-05-21T00:00:00Z", "countryCode": "AU" }, "geometry": { "type": "Point", "coordinates": [ 144.517325, -17.163156 ] } },
{ "type": "Feature", "properties": { "decimalLatitude": -33.18127, "decimalLongitude": 151.415955, "eventDate": "2024-06-18T12:38:01Z", "countryCode": "AU" }, "geometry": { "type": "Point", "coordinates": [ 151.415955, -33.18127 ] } },
{ "type": "Feature", "properties": { "decimalLatitude": -24.678768, "decimalLongitude": 150.960634, "eventDate": "2024-06-07T14:29:00Z", "countryCode": "AU" }, "geometry": { "type": "Point", "coordinates": [ 150.960634, -24.678768 ] } },
{ "type": "Feature", "properties": { "decimalLatitude": -23.591706, "decimalLongitude": 150.470619, "eventDate": "2024-07-23T09:13:21Z", "countryCode": "AU" }, "geometry": { "type": "Point", "coordinates": [ 150.470619, -23.591706 ] } },
{ "type": "Feature", "properties": { "decimalLatitude": -18.202165, "decimalLongitude": 144.572555, "eventDate": "2024-07-26T23:10:06Z", "countryCode": "AU" }, "geometry": { "type": "Point", "coordinates": [ 144.572555, -18.202165 ] } },
{ "type": "Feature", "properties": { "decimalLatitude": -25.049709, "decimalLongitude": 151.684678, "eventDate": "2024-07-14T12:00:11Z", "countryCode": "AU" }, "geometry": { "type": "Point", "coordinates": [ 151.684678, -25.049709 ] } },
{ "type": "Feature", "properties": { "decimalLatitude": -24.883547, "decimalLongitude": 152.330247, "eventDate": "2024-08-18T11:50:27Z", "countryCode": "AU" }, "geometry": { "type": "Point", "coordinates": [ 152.330247, -24.883547 ] } },
{ "type": "Feature", "properties": { "decimalLatitude": -27.402986, "decimalLongitude": 152.791919, "eventDate": "2024-08-17T20:20:00Z", "countryCode": "AU" }, "geometry": { "type": "Point", "coordinates": [ 152.791919, -27.402986 ] } },
{ "type": "Feature", "properties": { "decimalLatitude": -29.953834, "decimalLongitude": 153.010172, "eventDate": "2024-08-31T07:17:17Z", "countryCode": "AU" }, "geometry": { "type": "Point", "coordinates": [ 153.010172, -29.953834 ] } },
{ "type": "Feature", "properties": { "decimalLatitude": -23.245587, "decimalLongitude": 150.491586, "eventDate": "2024-08-20T14:35:43Z", "countryCode": "AU" }, "geometry": { "type": "Point", "coordinates": [ 150.491586, -23.245587 ] } },
{ "type": "Feature", "properties": { "decimalLatitude": -33.852422, "decimalLongitude": 151.246455, "eventDate": "2024-08-31T18:35:59Z", "countryCode": "AU" }, "geometry": { "type": "Point", "coordinates": [ 151.246455, -33.852422 ] } },
{ "type": "Feature", "properties": { "decimalLatitude": -31.521547, "decimalLongitude": 159.0605, "eventDate": "2024-08-27T16:15:13Z", "countryCode": "AU" }, "geometry": { "type": "Point", "coordinates": [ 159.0605, -31.521547 ] } },
{ "type": "Feature", "properties": { "decimalLatitude": -27.963602, "decimalLongitude": 152.738469, "eventDate": "2024-08-22T16:03:27Z", "countryCode": "AU" }, "geometry": { "type": "Point", "coordinates": [ 152.738469, -27.963602 ] } },
{ "type": "Feature", "properties": { "decimalLatitude": -33.732911, "decimalLongitude": 151.104833, "eventDate": "2024-08-25T12:54:21Z", "countryCode": "AU" }, "geometry": { "type": "Point", "coordinates": [ 151.104833, -33.732911 ] } },
{ "type": "Feature", "properties": { "decimalLatitude": -27.988114, "decimalLongitude": 153.186182, "eventDate": "2024-08-26T23:53:00Z", "countryCode": "AU" }, "geometry": { "type": "Point", "coordinates": [ 153.186182, -27.988114 ] } },
{ "type": "Feature", "properties": { "decimalLatitude": -12.434367, "decimalLongitude": 130.74201, "eventDate": "2024-08-27T00:00:00Z", "countryCode": "AU" }, "geometry": { "type": "Point", "coordinates": [ 130.74201, -12.434367 ] } },
{ "type": "Feature", "properties": { "decimalLatitude": -17.916214, "decimalLongitude": 145.352692, "eventDate": "2024-08-23T09:28:00Z", "countryCode": "AU" }, "geometry": { "type": "Point", "coordinates": [ 145.352692, -17.916214 ] } },
{ "type": "Feature", "properties": { "decimalLatitude": -30.888611, "decimalLongitude": 153.073289, "eventDate": "2024-08-22T08:13:51Z", "countryCode": "AU" }, "geometry": { "type": "Point", "coordinates": [ 153.073289, -30.888611 ] } },
{ "type": "Feature", "properties": { "decimalLatitude": -27.322874, "decimalLongitude": 152.77854, "eventDate": "2024-08-15T06:06:06Z", "countryCode": "AU" }, "geometry": { "type": "Point", "coordinates": [ 152.77854, -27.322874 ] } },
{ "type": "Feature", "properties": { "decimalLatitude": -33.734163, "decimalLongitude": 151.141922, "eventDate": "2024-09-03T13:58:31Z", "countryCode": "AU" }, "geometry": { "type": "Point", "coordinates": [ 151.141922, -33.734163 ] } },
{ "type": "Feature", "properties": { "decimalLatitude": -27.434639, "decimalLongitude": 152.997321, "eventDate": "2024-09-10T22:17:00Z", "countryCode": "AU" }, "geometry": { "type": "Point", "coordinates": [ 152.997321, -27.434639 ] } },
{ "type": "Feature", "properties": { "decimalLatitude": -17.198979, "decimalLongitude": 144.513446, "eventDate": "2024-09-03T12:49:11Z", "countryCode": "AU" }, "geometry": { "type": "Point", "coordinates": [ 144.513446, -17.198979 ] } },
{ "type": "Feature", "properties": { "decimalLatitude": -26.685941, "decimalLongitude": 152.790432, "eventDate": "2024-09-04T11:01:14Z", "countryCode": "AU" }, "geometry": { "type": "Point", "coordinates": [ 152.790432, -26.685941 ] } },
{ "type": "Feature", "properties": { "decimalLatitude": -30.574992, "decimalLongitude": 152.990169, "eventDate": "2024-09-05T20:10:00Z", "countryCode": "AU" }, "geometry": { "type": "Point", "coordinates": [ 152.990169, -30.574992 ] } },
{ "type": "Feature", "properties": { "decimalLatitude": -26.700159, "decimalLongitude": 153.070858, "eventDate": "2024-09-10T18:34:00Z", "countryCode": "AU" }, "geometry": { "type": "Point", "coordinates": [ 153.070858, -26.700159 ] } },
{ "type": "Feature", "properties": { "decimalLatitude": -33.528872, "decimalLongitude": 151.343705, "eventDate": "2024-09-14T10:57:17Z", "countryCode": "AU" }, "geometry": { "type": "Point", "coordinates": [ 151.343705, -33.528872 ] } },
{ "type": "Feature", "properties": { "decimalLatitude": -30.57499, "decimalLongitude": 152.990189, "eventDate": "2024-09-05T20:11:00Z", "countryCode": "AU" }, "geometry": { "type": "Point", "coordinates": [ 152.990189, -30.57499 ] } },
{ "type": "Feature", "properties": { "decimalLatitude": -25.935009, "decimalLongitude": 152.62509, "eventDate": "2024-09-05T09:28:00Z", "countryCode": "AU" }, "geometry": { "type": "Point", "coordinates": [ 152.62509, -25.935009 ] } },
{ "type": "Feature", "properties": { "decimalLatitude": -32.91653, "decimalLongitude": 151.747467, "eventDate": "2024-09-18T08:33:50Z", "countryCode": "AU" }, "geometry": { "type": "Point", "coordinates": [ 151.747467, -32.91653 ] } },
{ "type": "Feature", "properties": { "decimalLatitude": -26.796863, "decimalLongitude": 152.775817, "eventDate": "2024-09-20T09:39:25Z", "countryCode": "AU" }, "geometry": { "type": "Point", "coordinates": [ 152.775817, -26.796863 ] } },
{ "type": "Feature", "properties": { "decimalLatitude": -27.238349, "decimalLongitude": 152.810493, "eventDate": "2024-09-30T18:54:00Z", "countryCode": "AU" }, "geometry": { "type": "Point", "coordinates": [ 152.810493, -27.238349 ] } },
{ "type": "Feature", "properties": { "decimalLatitude": -28.121323, "decimalLongitude": 153.331561, "eventDate": "2024-09-29T08:20:40Z", "countryCode": "AU" }, "geometry": { "type": "Point", "coordinates": [ 153.331561, -28.121323 ] } },
{ "type": "Feature", "properties": { "decimalLatitude": -27.65518, "decimalLongitude": 153.101338, "eventDate": "2024-09-18T14:23:32Z", "countryCode": "AU" }, "geometry": { "type": "Point", "coordinates": [ 153.101338, -27.65518 ] } },
{ "type": "Feature", "properties": { "decimalLatitude": -29.096968, "decimalLongitude": 152.516216, "eventDate": "2024-09-25T21:48:00Z", "countryCode": "AU" }, "geometry": { "type": "Point", "coordinates": [ 152.516216, -29.096968 ] } },
{ "type": "Feature", "properties": { "decimalLatitude": -27.151546, "decimalLongitude": 152.877431, "eventDate": "2024-09-13T18:15:00Z", "countryCode": "AU" }, "geometry": { "type": "Point", "coordinates": [ 152.877431, -27.151546 ] } },
{ "type": "Feature", "properties": { "decimalLatitude": -26.717085, "decimalLongitude": 152.82335, "eventDate": "2024-10-06T19:58:00Z", "countryCode": "AU" }, "geometry": { "type": "Point", "coordinates": [ 152.82335, -26.717085 ] } },
{ "type": "Feature", "properties": { "decimalLatitude": -31.000816, "decimalLongitude": 152.677157, "eventDate": "2024-10-08T09:54:43Z", "countryCode": "AU" }, "geometry": { "type": "Point", "coordinates": [ 152.677157, -31.000816 ] } },
{ "type": "Feature", "properties": { "decimalLatitude": -33.750122, "decimalLongitude": 150.689758, "eventDate": "2024-10-04T09:51:21Z", "countryCode": "AU" }, "geometry": { "type": "Point", "coordinates": [ 150.689758, -33.750122 ] } },
{ "type": "Feature", "properties": { "decimalLatitude": -34.043791, "decimalLongitude": 151.08465, "eventDate": "2024-10-01T19:01:46Z", "countryCode": "AU" }, "geometry": { "type": "Point", "coordinates": [ 151.08465, -34.043791 ] } },
{ "type": "Feature", "properties": { "decimalLatitude": -26.708804, "decimalLongitude": 152.893847, "eventDate": "2024-10-12T12:22:02Z", "countryCode": "AU" }, "geometry": { "type": "Point", "coordinates": [ 152.893847, -26.708804 ] } },
{ "type": "Feature", "properties": { "decimalLatitude": -28.161331, "decimalLongitude": 152.76133, "eventDate": "2024-10-09T06:04:00Z", "countryCode": "AU" }, "geometry": { "type": "Point", "coordinates": [ 152.76133, -28.161331 ] } },
{ "type": "Feature", "properties": { "decimalLatitude": -27.413488, "decimalLongitude": 153.026322, "eventDate": "2024-10-11T07:24:26Z", "countryCode": "AU" }, "geometry": { "type": "Point", "coordinates": [ 153.026322, -27.413488 ] } },
{ "type": "Feature", "properties": { "decimalLatitude": -28.842778, "decimalLongitude": 153.439972, "eventDate": "2024-10-22T15:19:35Z", "countryCode": "AU" }, "geometry": { "type": "Point", "coordinates": [ 153.439972, -28.842778 ] } },
{ "type": "Feature", "properties": { "decimalLatitude": -32.22587, "decimalLongitude": 152.454892, "eventDate": "2024-10-22T19:50:00Z", "countryCode": "AU" }, "geometry": { "type": "Point", "coordinates": [ 152.454892, -32.22587 ] } },
{ "type": "Feature", "properties": { "decimalLatitude": -26.717085, "decimalLongitude": 152.82335, "eventDate": "2024-10-20T08:28:00Z", "countryCode": "AU" }, "geometry": { "type": "Point", "coordinates": [ 152.82335, -26.717085 ] } },
{ "type": "Feature", "properties": { "decimalLatitude": -27.625025, "decimalLongitude": 152.763049, "eventDate": "2024-10-21T09:03:08Z", "countryCode": "AU" }, "geometry": { "type": "Point", "coordinates": [ 152.763049, -27.625025 ] } },
{ "type": "Feature", "properties": { "decimalLatitude": -23.417072, "decimalLongitude": 150.451217, "eventDate": "2024-10-15T16:39:35Z", "countryCode": "AU" }, "geometry": { "type": "Point", "coordinates": [ 150.451217, -23.417072 ] } },
{ "type": "Feature", "properties": { "decimalLatitude": -27.433938, "decimalLongitude": 152.997689, "eventDate": "2024-10-22T21:28:00Z", "countryCode": "AU" }, "geometry": { "type": "Point", "coordinates": [ 152.997689, -27.433938 ] } },
{ "type": "Feature", "properties": { "decimalLatitude": -27.706188, "decimalLongitude": 152.968219, "eventDate": "2024-10-15T22:29:13Z", "countryCode": "AU" }, "geometry": { "type": "Point", "coordinates": [ 152.968219, -27.706188 ] } },
{ "type": "Feature", "properties": { "decimalLatitude": -25.599295, "decimalLongitude": 153.091536, "eventDate": "2024-10-22T23:50:29Z", "countryCode": "AU" }, "geometry": { "type": "Point", "coordinates": [ 153.091536, -25.599295 ] } },
{ "type": "Feature", "properties": { "decimalLatitude": -28.368213, "decimalLongitude": 153.293633, "eventDate": "2024-10-22T13:09:02Z", "countryCode": "AU" }, "geometry": { "type": "Point", "coordinates": [ 153.293633, -28.368213 ] } },
{ "type": "Feature", "properties": { "decimalLatitude": -32.225878, "decimalLongitude": 152.454897, "eventDate": "2024-10-22T19:48:00Z", "countryCode": "AU" }, "geometry": { "type": "Point", "coordinates": [ 152.454897, -32.225878 ] } },
{ "type": "Feature", "properties": { "decimalLatitude": -31.431321, "decimalLongitude": 152.905899, "eventDate": "2024-10-23T09:35:57Z", "countryCode": "AU" }, "geometry": { "type": "Point", "coordinates": [ 152.905899, -31.431321 ] } },
{ "type": "Feature", "properties": { "decimalLatitude": -30.328081, "decimalLongitude": 153.104494, "eventDate": "2024-10-28T09:55:58Z", "countryCode": "AU" }, "geometry": { "type": "Point", "coordinates": [ 153.104494, -30.328081 ] } },
{ "type": "Feature", "properties": { "decimalLatitude": -31.241073, "decimalLongitude": 152.663258, "eventDate": "2024-10-26T15:47:07Z", "countryCode": "AU" }, "geometry": { "type": "Point", "coordinates": [ 152.663258, -31.241073 ] } },
{ "type": "Feature", "properties": { "decimalLatitude": -33.904488, "decimalLongitude": 151.179838, "eventDate": "2024-10-28T12:55:35Z", "countryCode": "AU" }, "geometry": { "type": "Point", "coordinates": [ 151.179838, -33.904488 ] } },
{ "type": "Feature", "properties": { "decimalLatitude": -27.44028, "decimalLongitude": 153.002394, "eventDate": "2024-10-23T21:03:59Z", "countryCode": "AU" }, "geometry": { "type": "Point", "coordinates": [ 153.002394, -27.44028 ] } },
{ "type": "Feature", "properties": { "decimalLatitude": -32.225875, "decimalLongitude": 152.454871, "eventDate": "2024-10-28T19:53:00Z", "countryCode": "AU" }, "geometry": { "type": "Point", "coordinates": [ 152.454871, -32.225875 ] } },
{ "type": "Feature", "properties": { "decimalLatitude": -29.57752, "decimalLongitude": 153.334747, "eventDate": "2024-10-19T09:05:16Z", "countryCode": "AU" }, "geometry": { "type": "Point", "coordinates": [ 153.334747, -29.57752 ] } },
{ "type": "Feature", "properties": { "decimalLatitude": -32.225876, "decimalLongitude": 152.454865, "eventDate": "2024-10-28T19:43:00Z", "countryCode": "AU" }, "geometry": { "type": "Point", "coordinates": [ 152.454865, -32.225876 ] } },
{ "type": "Feature", "properties": { "decimalLatitude": -26.313679, "decimalLongitude": 151.870185, "eventDate": "2024-10-18T11:59:00Z", "countryCode": "AU" }, "geometry": { "type": "Point", "coordinates": [ 151.870185, -26.313679 ] } },
{ "type": "Feature", "properties": { "decimalLatitude": -25.286077, "decimalLongitude": 152.758412, "eventDate": "2024-10-24T16:18:00Z", "countryCode": "AU" }, "geometry": { "type": "Point", "coordinates": [ 152.758412, -25.286077 ] } },
{ "type": "Feature", "properties": { "decimalLatitude": -32.225886, "decimalLongitude": 152.454854, "eventDate": "2024-10-27T11:12:00Z", "countryCode": "AU" }, "geometry": { "type": "Point", "coordinates": [ 152.454854, -32.225886 ] } },
{ "type": "Feature", "properties": { "decimalLatitude": -33.777262, "decimalLongitude": 151.17503, "eventDate": "2024-10-25T13:52:54Z", "countryCode": "AU" }, "geometry": { "type": "Point", "coordinates": [ 151.17503, -33.777262 ] } },
{ "type": "Feature", "properties": { "decimalLatitude": -28.835308, "decimalLongitude": 151.91513, "eventDate": "2024-10-26T04:54:22Z", "countryCode": "AU" }, "geometry": { "type": "Point", "coordinates": [ 151.91513, -28.835308 ] } },
{ "type": "Feature", "properties": { "decimalLatitude": -27.556877, "decimalLongitude": 152.973862, "eventDate": "2024-10-24T22:00:00Z", "countryCode": "AU" }, "geometry": { "type": "Point", "coordinates": [ 152.973862, -27.556877 ] } },
{ "type": "Feature", "properties": { "decimalLatitude": -32.311889, "decimalLongitude": 151.800028, "eventDate": "2024-10-27T21:22:46Z", "countryCode": "AU" }, "geometry": { "type": "Point", "coordinates": [ 151.800028, -32.311889 ] } },
{ "type": "Feature", "properties": { "decimalLatitude": -27.484002, "decimalLongitude": 152.986813, "eventDate": "2024-10-20T08:25:06Z", "countryCode": "AU" }, "geometry": { "type": "Point", "coordinates": [ 152.986813, -27.484002 ] } },
{ "type": "Feature", "properties": { "decimalLatitude": -28.230683, "decimalLongitude": 153.135881, "eventDate": "2024-10-27T21:14:21Z", "countryCode": "AU" }, "geometry": { "type": "Point", "coordinates": [ 153.135881, -28.230683 ] } },
{ "type": "Feature", "properties": { "decimalLatitude": -28.079188, "decimalLongitude": 153.447422, "eventDate": "2024-10-24T15:11:09Z", "countryCode": "AU" }, "geometry": { "type": "Point", "coordinates": [ 153.447422, -28.079188 ] } },
{ "type": "Feature", "properties": { "decimalLatitude": -31.440399, "decimalLongitude": 152.905737, "eventDate": "2024-10-23T23:26:42Z", "countryCode": "AU" }, "geometry": { "type": "Point", "coordinates": [ 152.905737, -31.440399 ] } },
{ "type": "Feature", "properties": { "decimalLatitude": -27.563308, "decimalLongitude": 152.95572, "eventDate": "2024-10-27T18:33:46Z", "countryCode": "AU" }, "geometry": { "type": "Point", "coordinates": [ 152.95572, -27.563308 ] } },
{ "type": "Feature", "properties": { "decimalLatitude": -27.820646, "decimalLongitude": 152.980628, "eventDate": "2024-10-23T11:06:20Z", "countryCode": "AU" }, "geometry": { "type": "Point", "coordinates": [ 152.980628, -27.820646 ] } },
{ "type": "Feature", "properties": { "decimalLatitude": -30.65832, "decimalLongitude": 152.925597, "eventDate": "2024-10-29T19:17:51Z", "countryCode": "AU" }, "geometry": { "type": "Point", "coordinates": [ 152.925597, -30.65832 ] } },
{ "type": "Feature", "properties": { "decimalLatitude": -27.823025, "decimalLongitude": 152.992308, "eventDate": "2024-10-29T07:42:48Z", "countryCode": "AU" }, "geometry": { "type": "Point", "coordinates": [ 152.992308, -27.823025 ] } },
{ "type": "Feature", "properties": { "decimalLatitude": -27.44888, "decimalLongitude": 153.042345, "eventDate": "2024-10-24T21:17:51Z", "countryCode": "AU" }, "geometry": { "type": "Point", "coordinates": [ 153.042345, -27.44888 ] } },
{ "type": "Feature", "properties": { "decimalLatitude": -30.287379, "decimalLongitude": 153.121557, "eventDate": "2024-10-27T08:11:26Z", "countryCode": "AU" }, "geometry": { "type": "Point", "coordinates": [ 153.121557, -30.287379 ] } },
{ "type": "Feature", "properties": { "decimalLatitude": -27.452531, "decimalLongitude": 153.004456, "eventDate": "2024-10-27T15:47:27Z", "countryCode": "AU" }, "geometry": { "type": "Point", "coordinates": [ 153.004456, -27.452531 ] } },
{ "type": "Feature", "properties": { "decimalLatitude": -33.742352, "decimalLongitude": 151.016072, "eventDate": "2024-10-27T21:42:42Z", "countryCode": "AU" }, "geometry": { "type": "Point", "coordinates": [ 151.016072, -33.742352 ] } },
{ "type": "Feature", "properties": { "decimalLatitude": -30.287872, "decimalLongitude": 152.737134, "eventDate": "2024-10-20T22:54:00Z", "countryCode": "AU" }, "geometry": { "type": "Point", "coordinates": [ 152.737134, -30.287872 ] } },
{ "type": "Feature", "properties": { "decimalLatitude": -29.506563, "decimalLongitude": 153.24443, "eventDate": "2024-10-20T12:18:21Z", "countryCode": "AU" }, "geometry": { "type": "Point", "coordinates": [ 153.24443, -29.506563 ] } },
{ "type": "Feature", "properties": { "decimalLatitude": -27.452446, "decimalLongitude": 153.010469, "eventDate": "2024-10-24T06:55:00Z", "countryCode": "AU" }, "geometry": { "type": "Point", "coordinates": [ 153.010469, -27.452446 ] } },
{ "type": "Feature", "properties": { "decimalLatitude": -27.461558, "decimalLongitude": 152.883007, "eventDate": "2024-10-27T13:56:00Z", "countryCode": "AU" }, "geometry": { "type": "Point", "coordinates": [ 152.883007, -27.461558 ] } },
{ "type": "Feature", "properties": { "decimalLatitude": -32.218924, "decimalLongitude": 152.436566, "eventDate": "2024-10-28T07:11:00Z", "countryCode": "AU" }, "geometry": { "type": "Point", "coordinates": [ 152.436566, -32.218924 ] } },
{ "type": "Feature", "properties": { "decimalLatitude": -33.749485, "decimalLongitude": 151.185067, "eventDate": "2024-10-19T19:26:00Z", "countryCode": "AU" }, "geometry": { "type": "Point", "coordinates": [ 151.185067, -33.749485 ] } },
{ "type": "Feature", "properties": { "decimalLatitude": -30.306171, "decimalLongitude": 153.117754, "eventDate": "2024-10-31T13:08:24Z", "countryCode": "AU" }, "geometry": { "type": "Point", "coordinates": [ 153.117754, -30.306171 ] } },
{ "type": "Feature", "properties": { "decimalLatitude": -30.356023, "decimalLongitude": 153.073899, "eventDate": "2024-10-24T07:11:22Z", "countryCode": "AU" }, "geometry": { "type": "Point", "coordinates": [ 153.073899, -30.356023 ] } },
{ "type": "Feature", "properties": { "decimalLatitude": -23.85525, "decimalLongitude": 151.250908, "eventDate": "2024-10-12T23:18:30Z", "countryCode": "AU" }, "geometry": { "type": "Point", "coordinates": [ 151.250908, -23.85525 ] } },
{ "type": "Feature", "properties": { "decimalLatitude": -33.847721, "decimalLongitude": 151.076804, "eventDate": "2024-10-28T07:30:00Z", "countryCode": "AU" }, "geometry": { "type": "Point", "coordinates": [ 151.076804, -33.847721 ] } },
{ "type": "Feature", "properties": { "decimalLatitude": -28.257862, "decimalLongitude": 153.401746, "eventDate": "2024-10-24T13:32:00Z", "countryCode": "AU" }, "geometry": { "type": "Point", "coordinates": [ 153.401746, -28.257862 ] } },
{ "type": "Feature", "properties": { "decimalLatitude": -25.597045, "decimalLongitude": 153.082092, "eventDate": "2024-10-20T15:23:53Z", "countryCode": "AU" }, "geometry": { "type": "Point", "coordinates": [ 153.082092, -25.597045 ] } },
{ "type": "Feature", "properties": { "decimalLatitude": -31.998771, "decimalLongitude": 152.500485, "eventDate": "2024-10-31T19:43:57Z", "countryCode": "AU" }, "geometry": { "type": "Point", "coordinates": [ 152.500485, -31.998771 ] } },
{ "type": "Feature", "properties": { "decimalLatitude": -32.615437, "decimalLongitude": 151.539561, "eventDate": "2024-10-28T13:13:19Z", "countryCode": "AU" }, "geometry": { "type": "Point", "coordinates": [ 151.539561, -32.615437 ] } },
{ "type": "Feature", "properties": { "decimalLatitude": -27.442672, "decimalLongitude": 152.995255, "eventDate": "2024-10-21T07:49:34Z", "countryCode": "AU" }, "geometry": { "type": "Point", "coordinates": [ 152.995255, -27.442672 ] } },
{ "type": "Feature", "properties": { "decimalLatitude": -32.149678, "decimalLongitude": 151.891496, "eventDate": "2024-10-21T19:42:48Z", "countryCode": "AU" }, "geometry": { "type": "Point", "coordinates": [ 151.891496, -32.149678 ] } },
{ "type": "Feature", "properties": { "decimalLatitude": -31.42425, "decimalLongitude": 152.893407, "eventDate": "2024-10-27T06:05:00Z", "countryCode": "AU" }, "geometry": { "type": "Point", "coordinates": [ 152.893407, -31.42425 ] } },
{ "type": "Feature", "properties": { "decimalLatitude": -26.45822, "decimalLongitude": 153.097686, "eventDate": "2024-10-20T22:19:08Z", "countryCode": "AU" }, "geometry": { "type": "Point", "coordinates": [ 153.097686, -26.45822 ] } },
{ "type": "Feature", "properties": { "decimalLatitude": -28.198554, "decimalLongitude": 153.523983, "eventDate": "2024-10-20T20:42:17Z", "countryCode": "AU" }, "geometry": { "type": "Point", "coordinates": [ 153.523983, -28.198554 ] } },
{ "type": "Feature", "properties": { "decimalLatitude": -27.97486, "decimalLongitude": 153.414526, "eventDate": "2024-10-23T18:53:06Z", "countryCode": "AU" }, "geometry": { "type": "Point", "coordinates": [ 153.414526, -27.97486 ] } },
{ "type": "Feature", "properties": { "decimalLatitude": -25.977211, "decimalLongitude": 153.033016, "eventDate": "2024-10-24T22:37:44Z", "countryCode": "AU" }, "geometry": { "type": "Point", "coordinates": [ 153.033016, -25.977211 ] } },
{ "type": "Feature", "properties": { "decimalLatitude": -30.341176, "decimalLongitude": 153.087511, "eventDate": "2024-10-29T19:24:00Z", "countryCode": "AU" }, "geometry": { "type": "Point", "coordinates": [ 153.087511, -30.341176 ] } },
{ "type": "Feature", "properties": { "decimalLatitude": -26.724448, "decimalLongitude": 153.134325, "eventDate": "2024-10-30T10:01:54Z", "countryCode": "AU" }, "geometry": { "type": "Point", "coordinates": [ 153.134325, -26.724448 ] } },
{ "type": "Feature", "properties": { "decimalLatitude": -32.944658, "decimalLongitude": 151.714132, "eventDate": "2024-10-23T16:58:44Z", "countryCode": "AU" }, "geometry": { "type": "Point", "coordinates": [ 151.714132, -32.944658 ] } },
{ "type": "Feature", "properties": { "decimalLatitude": -26.539703, "decimalLongitude": 151.840159, "eventDate": "2024-10-30T20:44:25Z", "countryCode": "AU" }, "geometry": { "type": "Point", "coordinates": [ 151.840159, -26.539703 ] } },
{ "type": "Feature", "properties": { "decimalLatitude": -28.843359, "decimalLongitude": 153.452449, "eventDate": "2024-10-23T20:12:00Z", "countryCode": "AU" }, "geometry": { "type": "Point", "coordinates": [ 153.452449, -28.843359 ] } },
{ "type": "Feature", "properties": { "decimalLatitude": -28.843359, "decimalLongitude": 153.452449, "eventDate": "2024-10-22T21:59:00Z", "countryCode": "AU" }, "geometry": { "type": "Point", "coordinates": [ 153.452449, -28.843359 ] } },
{ "type": "Feature", "properties": { "decimalLatitude": -30.05888, "decimalLongitude": 153.193817, "eventDate": "2024-10-21T11:09:54Z", "countryCode": "AU" }, "geometry": { "type": "Point", "coordinates": [ 153.193817, -30.05888 ] } },
{ "type": "Feature", "properties": { "decimalLatitude": -28.843359, "decimalLongitude": 153.452449, "eventDate": "2024-10-22T19:37:00Z", "countryCode": "AU" }, "geometry": { "type": "Point", "coordinates": [ 153.452449, -28.843359 ] } },
{ "type": "Feature", "properties": { "decimalLatitude": -27.126839, "decimalLongitude": 153.038546, "eventDate": "2024-10-29T11:12:36Z", "countryCode": "AU" }, "geometry": { "type": "Point", "coordinates": [ 153.038546, -27.126839 ] } },
{ "type": "Feature", "properties": { "decimalLatitude": -20.911944, "decimalLongitude": 149.031292, "eventDate": "2024-10-16T16:32:58Z", "countryCode": "AU" }, "geometry": { "type": "Point", "coordinates": [ 149.031292, -20.911944 ] } },
{ "type": "Feature", "properties": { "decimalLatitude": -27.453175, "decimalLongitude": 153.071672, "eventDate": "2024-10-14T15:30:00Z", "countryCode": "AU" }, "geometry": { "type": "Point", "coordinates": [ 153.071672, -27.453175 ] } },
{ "type": "Feature", "properties": { "decimalLatitude": -33.79483, "decimalLongitude": 151.271788, "eventDate": "2024-10-31T21:25:10Z", "countryCode": "AU" }, "geometry": { "type": "Point", "coordinates": [ 151.271788, -33.79483 ] } },
{ "type": "Feature", "properties": { "decimalLatitude": -30.167892, "decimalLongitude": 153.182228, "eventDate": "2024-10-31T19:50:00Z", "countryCode": "AU" }, "geometry": { "type": "Point", "coordinates": [ 153.182228, -30.167892 ] } },
{ "type": "Feature", "properties": { "decimalLatitude": -30.078286, "decimalLongitude": 153.20047, "eventDate": "2024-10-29T07:19:46Z", "countryCode": "AU" }, "geometry": { "type": "Point", "coordinates": [ 153.20047, -30.078286 ] } },
{ "type": "Feature", "properties": { "decimalLatitude": -28.660065, "decimalLongitude": 152.715838, "eventDate": "2024-10-24T12:27:00Z", "countryCode": "AU" }, "geometry": { "type": "Point", "coordinates": [ 152.715838, -28.660065 ] } },
{ "type": "Feature", "properties": { "decimalLatitude": -25.599275, "decimalLongitude": 153.091447, "eventDate": "2024-10-23T07:36:16Z", "countryCode": "AU" }, "geometry": { "type": "Point", "coordinates": [ 153.091447, -25.599275 ] } },
{ "type": "Feature", "properties": { "decimalLatitude": -27.460424, "decimalLongitude": 153.047342, "eventDate": "2024-10-27T09:53:00Z", "countryCode": "AU" }, "geometry": { "type": "Point", "coordinates": [ 153.047342, -27.460424 ] } },
{ "type": "Feature", "properties": { "decimalLatitude": -28.836891, "decimalLongitude": 153.575066, "eventDate": "2024-10-23T09:13:10Z", "countryCode": "AU" }, "geometry": { "type": "Point", "coordinates": [ 153.575066, -28.836891 ] } },
{ "type": "Feature", "properties": { "decimalLatitude": -28.701995, "decimalLongitude": 153.542016, "eventDate": "2024-10-28T20:13:20Z", "countryCode": "AU" }, "geometry": { "type": "Point", "coordinates": [ 153.542016, -28.701995 ] } },
{ "type": "Feature", "properties": { "decimalLatitude": -26.234862, "decimalLongitude": 152.639825, "eventDate": "2024-10-19T09:27:00Z", "countryCode": "AU" }, "geometry": { "type": "Point", "coordinates": [ 152.639825, -26.234862 ] } },
{ "type": "Feature", "properties": { "decimalLatitude": -31.649083, "decimalLongitude": 152.81845, "eventDate": "2024-10-26T05:07:12Z", "countryCode": "AU" }, "geometry": { "type": "Point", "coordinates": [ 152.81845, -31.649083 ] } },
{ "type": "Feature", "properties": { "decimalLatitude": -26.766353, "decimalLongitude": 153.123628, "eventDate": "2024-10-24T18:20:34Z", "countryCode": "AU" }, "geometry": { "type": "Point", "coordinates": [ 153.123628, -26.766353 ] } },
{ "type": "Feature", "properties": { "decimalLatitude": -34.142405, "decimalLongitude": 150.97358, "eventDate": "2024-10-15T00:00:00Z", "countryCode": "AU" }, "geometry": { "type": "Point", "coordinates": [ 150.97358, -34.142405 ] } },
{ "type": "Feature", "properties": { "decimalLatitude": -25.663791, "decimalLongitude": 151.68191, "eventDate": "2024-10-18T08:45:30Z", "countryCode": "AU" }, "geometry": { "type": "Point", "coordinates": [ 151.68191, -25.663791 ] } },
{ "type": "Feature", "properties": { "decimalLatitude": -33.54262, "decimalLongitude": 150.67453, "eventDate": "2024-11-05T17:34:12Z", "countryCode": "AU" }, "geometry": { "type": "Point", "coordinates": [ 150.67453, -33.54262 ] } },
{ "type": "Feature", "properties": { "decimalLatitude": -33.814247, "decimalLongitude": 151.173548, "eventDate": "2024-11-04T07:26:21Z", "countryCode": "AU" }, "geometry": { "type": "Point", "coordinates": [ 151.173548, -33.814247 ] } },
{ "type": "Feature", "properties": { "decimalLatitude": -28.064173, "decimalLongitude": 153.468613, "eventDate": "2024-11-05T18:37:11Z", "countryCode": "AU" }, "geometry": { "type": "Point", "coordinates": [ 153.468613, -28.064173 ] } },
{ "type": "Feature", "properties": { "decimalLatitude": -33.752637, "decimalLongitude": 151.057525, "eventDate": "2024-11-05T16:44:32Z", "countryCode": "AU" }, "geometry": { "type": "Point", "coordinates": [ 151.057525, -33.752637 ] } },
{ "type": "Feature", "properties": { "decimalLatitude": -33.672175, "decimalLongitude": 150.60943, "eventDate": "2024-11-02T16:59:41Z", "countryCode": "AU" }, "geometry": { "type": "Point", "coordinates": [ 150.60943, -33.672175 ] } },
{ "type": "Feature", "properties": { "decimalLatitude": -23.209867, "decimalLongitude": 150.475269, "eventDate": "2024-11-02T17:33:33Z", "countryCode": "AU" }, "geometry": { "type": "Point", "coordinates": [ 150.475269, -23.209867 ] } },
{ "type": "Feature", "properties": { "decimalLatitude": -32.74523, "decimalLongitude": 151.329772, "eventDate": "2024-11-04T09:43:23Z", "countryCode": "AU" }, "geometry": { "type": "Point", "coordinates": [ 151.329772, -32.74523 ] } },
{ "type": "Feature", "properties": { "decimalLatitude": -31.493977, "decimalLongitude": 152.802001, "eventDate": "2024-11-04T21:44:21Z", "countryCode": "AU" }, "geometry": { "type": "Point", "coordinates": [ 152.802001, -31.493977 ] } },
{ "type": "Feature", "properties": { "decimalLatitude": -33.724256, "decimalLongitude": 150.599635, "eventDate": "2024-11-04T14:32:00Z", "countryCode": "AU" }, "geometry": { "type": "Point", "coordinates": [ 150.599635, -33.724256 ] } },
{ "type": "Feature", "properties": { "decimalLatitude": -32.918652, "decimalLongitude": 151.798353, "eventDate": "2024-11-05T09:28:42Z", "countryCode": "AU" }, "geometry": { "type": "Point", "coordinates": [ 151.798353, -32.918652 ] } },
{ "type": "Feature", "properties": { "decimalLatitude": -33.754191, "decimalLongitude": 150.939879, "eventDate": "2024-11-02T21:24:21Z", "countryCode": "AU" }, "geometry": { "type": "Point", "coordinates": [ 150.939879, -33.754191 ] } },
{ "type": "Feature", "properties": { "decimalLatitude": -33.882144, "decimalLongitude": 151.058785, "eventDate": "2024-11-04T11:16:21Z", "countryCode": "AU" }, "geometry": { "type": "Point", "coordinates": [ 151.058785, -33.882144 ] } },
{ "type": "Feature", "properties": { "decimalLatitude": -33.817051, "decimalLongitude": 151.251562, "eventDate": "2024-11-05T09:31:35Z", "countryCode": "AU" }, "geometry": { "type": "Point", "coordinates": [ 151.251562, -33.817051 ] } },
{ "type": "Feature", "properties": { "decimalLatitude": -33.978595, "decimalLongitude": 151.04135, "eventDate": "2024-11-04T16:49:46Z", "countryCode": "AU" }, "geometry": { "type": "Point", "coordinates": [ 151.04135, -33.978595 ] } },
{ "type": "Feature", "properties": { "decimalLatitude": -27.572621, "decimalLongitude": 152.834586, "eventDate": "2024-11-01T07:41:50Z", "countryCode": "AU" }, "geometry": { "type": "Point", "coordinates": [ 152.834586, -27.572621 ] } },
{ "type": "Feature", "properties": { "decimalLatitude": -32.991699, "decimalLongitude": 151.723393, "eventDate": "2024-11-03T07:04:20Z", "countryCode": "AU" }, "geometry": { "type": "Point", "coordinates": [ 151.723393, -32.991699 ] } },
{ "type": "Feature", "properties": { "decimalLatitude": -33.865873, "decimalLongitude": 151.282114, "eventDate": "2024-11-02T06:50:23Z", "countryCode": "AU" }, "geometry": { "type": "Point", "coordinates": [ 151.282114, -33.865873 ] } },
{ "type": "Feature", "properties": { "decimalLatitude": -32.225875, "decimalLongitude": 152.454872, "eventDate": "2024-11-01T20:00:00Z", "countryCode": "AU" }, "geometry": { "type": "Point", "coordinates": [ 152.454872, -32.225875 ] } },
{ "type": "Feature", "properties": { "decimalLatitude": -23.209867, "decimalLongitude": 150.475269, "eventDate": "2024-11-02T17:33:23Z", "countryCode": "AU" }, "geometry": { "type": "Point", "coordinates": [ 150.475269, -23.209867 ] } },
{ "type": "Feature", "properties": { "decimalLatitude": -33.569135, "decimalLongitude": 150.625289, "eventDate": "2024-11-03T23:47:00Z", "countryCode": "AU" }, "geometry": { "type": "Point", "coordinates": [ 150.625289, -33.569135 ] } },
{ "type": "Feature", "properties": { "decimalLatitude": -28.347947, "decimalLongitude": 153.568633, "eventDate": "2024-11-01T11:02:42Z", "countryCode": "AU" }, "geometry": { "type": "Point", "coordinates": [ 153.568633, -28.347947 ] } },
{ "type": "Feature", "properties": { "decimalLatitude": -26.567459, "decimalLongitude": 153.007484, "eventDate": "2024-11-02T00:11:41Z", "countryCode": "AU" }, "geometry": { "type": "Point", "coordinates": [ 153.007484, -26.567459 ] } },
{ "type": "Feature", "properties": { "decimalLatitude": -33.840335, "decimalLongitude": 151.067021, "eventDate": "2024-11-04T17:59:28Z", "countryCode": "AU" }, "geometry": { "type": "Point", "coordinates": [ 151.067021, -33.840335 ] } },
{ "type": "Feature", "properties": { "decimalLatitude": -32.922858, "decimalLongitude": 151.75126, "eventDate": "2024-11-03T09:51:39Z", "countryCode": "AU" }, "geometry": { "type": "Point", "coordinates": [ 151.75126, -32.922858 ] } },
{ "type": "Feature", "properties": { "decimalLatitude": -26.884549, "decimalLongitude": 151.600005, "eventDate": "2024-11-03T19:10:00Z", "countryCode": "AU" }, "geometry": { "type": "Point", "coordinates": [ 151.600005, -26.884549 ] } },
{ "type": "Feature", "properties": { "decimalLatitude": -33.929345, "decimalLongitude": 151.19348, "eventDate": "2024-11-04T09:42:40Z", "countryCode": "AU" }, "geometry": { "type": "Point", "coordinates": [ 151.19348, -33.929345 ] } },
{ "type": "Feature", "properties": { "decimalLatitude": -33.549903, "decimalLongitude": 150.806679, "eventDate": "2024-11-02T18:04:16Z", "countryCode": "AU" }, "geometry": { "type": "Point", "coordinates": [ 150.806679, -33.549903 ] } },
{ "type": "Feature", "properties": { "decimalLatitude": -23.209867, "decimalLongitude": 150.475269, "eventDate": "2024-11-02T17:33:51Z", "countryCode": "AU" }, "geometry": { "type": "Point", "coordinates": [ 150.475269, -23.209867 ] } },
{ "type": "Feature", "properties": { "decimalLatitude": -35.571575, "decimalLongitude": 150.376013, "eventDate": "2024-11-07T11:05:53Z", "countryCode": "AU" }, "geometry": { "type": "Point", "coordinates": [ 150.376013, -35.571575 ] } },
{ "type": "Feature", "properties": { "decimalLatitude": -34.000771, "decimalLongitude": 151.025193, "eventDate": "2024-11-12T19:52:45Z", "countryCode": "AU" }, "geometry": { "type": "Point", "coordinates": [ 151.025193, -34.000771 ] } },
{ "type": "Feature", "properties": { "decimalLatitude": -27.259478, "decimalLongitude": 152.038349, "eventDate": "2024-11-07T06:39:40Z", "countryCode": "AU" }, "geometry": { "type": "Point", "coordinates": [ 152.038349, -27.259478 ] } },
{ "type": "Feature", "properties": { "decimalLatitude": -34.073039, "decimalLongitude": 150.777369, "eventDate": "2024-11-06T16:23:07Z", "countryCode": "AU" }, "geometry": { "type": "Point", "coordinates": [ 150.777369, -34.073039 ] } },
{ "type": "Feature", "properties": { "decimalLatitude": -33.875887, "decimalLongitude": 151.236833, "eventDate": "2024-11-09T20:29:59Z", "countryCode": "AU" }, "geometry": { "type": "Point", "coordinates": [ 151.236833, -33.875887 ] } },
{ "type": "Feature", "properties": { "decimalLatitude": -27.072049, "decimalLongitude": 153.18461, "eventDate": "2024-11-06T09:11:48Z", "countryCode": "AU" }, "geometry": { "type": "Point", "coordinates": [ 153.18461, -27.072049 ] } },
{ "type": "Feature", "properties": { "decimalLatitude": -31.435513, "decimalLongitude": 152.789995, "eventDate": "2024-11-06T06:24:41Z", "countryCode": "AU" }, "geometry": { "type": "Point", "coordinates": [ 152.789995, -31.435513 ] } },
{ "type": "Feature", "properties": { "decimalLatitude": -27.266737, "decimalLongitude": 153.016603, "eventDate": "2024-11-08T09:00:15Z", "countryCode": "AU" }, "geometry": { "type": "Point", "coordinates": [ 153.016603, -27.266737 ] } },
{ "type": "Feature", "properties": { "decimalLatitude": -32.895875, "decimalLongitude": 151.707997, "eventDate": "2024-11-06T15:37:52Z", "countryCode": "AU" }, "geometry": { "type": "Point", "coordinates": [ 151.707997, -32.895875 ] } },
{ "type": "Feature", "properties": { "decimalLatitude": -33.903728, "decimalLongitude": 151.180779, "eventDate": "2024-11-04T17:03:34Z", "countryCode": "AU" }, "geometry": { "type": "Point", "coordinates": [ 151.180779, -33.903728 ] } },
{ "type": "Feature", "properties": { "decimalLatitude": -33.861383, "decimalLongitude": 151.178536, "eventDate": "2024-11-09T14:07:00Z", "countryCode": "AU" }, "geometry": { "type": "Point", "coordinates": [ 151.178536, -33.861383 ] } },
{ "type": "Feature", "properties": { "decimalLatitude": -33.784722, "decimalLongitude": 151.193742, "eventDate": "2024-11-06T06:27:16Z", "countryCode": "AU" }, "geometry": { "type": "Point", "coordinates": [ 151.193742, -33.784722 ] } },
{ "type": "Feature", "properties": { "decimalLatitude": -27.389918, "decimalLongitude": 152.989303, "eventDate": "2024-11-11T11:41:19Z", "countryCode": "AU" }, "geometry": { "type": "Point", "coordinates": [ 152.989303, -27.389918 ] } },
{ "type": "Feature", "properties": { "decimalLatitude": -33.840568, "decimalLongitude": 151.227944, "eventDate": "2024-11-01T17:40:05Z", "countryCode": "AU" }, "geometry": { "type": "Point", "coordinates": [ 151.227944, -33.840568 ] } },
{ "type": "Feature", "properties": { "decimalLatitude": -31.310835, "decimalLongitude": 152.793503, "eventDate": "2024-11-07T14:48:42Z", "countryCode": "AU" }, "geometry": { "type": "Point", "coordinates": [ 152.793503, -31.310835 ] } },
{ "type": "Feature", "properties": { "decimalLatitude": -34.365387, "decimalLongitude": 150.894745, "eventDate": "2024-11-06T18:07:10Z", "countryCode": "AU" }, "geometry": { "type": "Point", "coordinates": [ 150.894745, -34.365387 ] } },
{ "type": "Feature", "properties": { "decimalLatitude": -34.305286, "decimalLongitude": 150.931414, "eventDate": "2024-11-12T21:01:12Z", "countryCode": "AU" }, "geometry": { "type": "Point", "coordinates": [ 150.931414, -34.305286 ] } },
{ "type": "Feature", "properties": { "decimalLatitude": -32.960842, "decimalLongitude": 151.689208, "eventDate": "2024-11-06T22:39:50Z", "countryCode": "AU" }, "geometry": { "type": "Point", "coordinates": [ 151.689208, -32.960842 ] } },
{ "type": "Feature", "properties": { "decimalLatitude": -33.812673, "decimalLongitude": 150.991412, "eventDate": "2024-11-02T09:55:22Z", "countryCode": "AU" }, "geometry": { "type": "Point", "coordinates": [ 150.991412, -33.812673 ] } },
{ "type": "Feature", "properties": { "decimalLatitude": -29.396642, "decimalLongitude": 153.371625, "eventDate": "2024-11-07T11:25:00Z", "countryCode": "AU" }, "geometry": { "type": "Point", "coordinates": [ 153.371625, -29.396642 ] } },
{ "type": "Feature", "properties": { "decimalLatitude": -32.895825, "decimalLongitude": 151.789112, "eventDate": "2024-11-12T00:06:09Z", "countryCode": "AU" }, "geometry": { "type": "Point", "coordinates": [ 151.789112, -32.895825 ] } },
{ "type": "Feature", "properties": { "decimalLatitude": -34.414073, "decimalLongitude": 150.861064, "eventDate": "2024-11-12T07:35:03Z", "countryCode": "AU" }, "geometry": { "type": "Point", "coordinates": [ 150.861064, -34.414073 ] } },
{ "type": "Feature", "properties": { "decimalLatitude": -33.752542, "decimalLongitude": 151.184261, "eventDate": "2024-11-08T08:05:00Z", "countryCode": "AU" }, "geometry": { "type": "Point", "coordinates": [ 151.184261, -33.752542 ] } },
{ "type": "Feature", "properties": { "decimalLatitude": -29.779569, "decimalLongitude": 151.348899, "eventDate": "2024-11-16T00:00:00Z", "countryCode": "AU" }, "geometry": { "type": "Point", "coordinates": [ 151.348899, -29.779569 ] } },
{ "type": "Feature", "properties": { "decimalLatitude": -33.896028, "decimalLongitude": 151.178345, "eventDate": "2024-11-14T18:52:59Z", "countryCode": "AU" }, "geometry": { "type": "Point", "coordinates": [ 151.178345, -33.896028 ] } },
{ "type": "Feature", "properties": { "decimalLatitude": -33.41, "decimalLongitude": 151.44, "eventDate": "2024-11-10T16:56:43Z", "countryCode": "AU" }, "geometry": { "type": "Point", "coordinates": [ 151.44, -33.41 ] } },
{ "type": "Feature", "properties": { "decimalLatitude": -33.569135, "decimalLongitude": 150.625289, "eventDate": "2024-11-16T23:00:00Z", "countryCode": "AU" }, "geometry": { "type": "Point", "coordinates": [ 150.625289, -33.569135 ] } },
{ "type": "Feature", "properties": { "decimalLatitude": -34.450227, "decimalLongitude": 150.824018, "eventDate": "2024-11-18T20:27:51Z", "countryCode": "AU" }, "geometry": { "type": "Point", "coordinates": [ 150.824018, -34.450227 ] } },
{ "type": "Feature", "properties": { "decimalLatitude": -33.97845, "decimalLongitude": 151.041442, "eventDate": "2024-11-13T14:03:12Z", "countryCode": "AU" }, "geometry": { "type": "Point", "coordinates": [ 151.041442, -33.97845 ] } },
{ "type": "Feature", "properties": { "decimalLatitude": -31.651898, "decimalLongitude": 152.830221, "eventDate": "2024-11-14T15:49:58Z", "countryCode": "AU" }, "geometry": { "type": "Point", "coordinates": [ 152.830221, -31.651898 ] } },
{ "type": "Feature", "properties": { "decimalLatitude": -33.896372, "decimalLongitude": 151.179823, "eventDate": "2024-11-16T23:16:26Z", "countryCode": "AU" }, "geometry": { "type": "Point", "coordinates": [ 151.179823, -33.896372 ] } },
{ "type": "Feature", "properties": { "decimalLatitude": -27.411412, "decimalLongitude": 153.094408, "eventDate": "2024-11-14T13:49:01Z", "countryCode": "AU" }, "geometry": { "type": "Point", "coordinates": [ 153.094408, -27.411412 ] } },
{ "type": "Feature", "properties": { "decimalLatitude": -29.712413, "decimalLongitude": 152.558547, "eventDate": "2024-11-12T12:06:22Z", "countryCode": "AU" }, "geometry": { "type": "Point", "coordinates": [ 152.558547, -29.712413 ] } },
{ "type": "Feature", "properties": { "decimalLatitude": -33.414836, "decimalLongitude": 151.297161, "eventDate": "2024-11-14T09:19:00Z", "countryCode": "AU" }, "geometry": { "type": "Point", "coordinates": [ 151.297161, -33.414836 ] } },
{ "type": "Feature", "properties": { "decimalLatitude": -33.892963, "decimalLongitude": 151.242538, "eventDate": "2024-11-15T06:33:34Z", "countryCode": "AU" }, "geometry": { "type": "Point", "coordinates": [ 151.242538, -33.892963 ] } },
{ "type": "Feature", "properties": { "decimalLatitude": -34.364372, "decimalLongitude": 150.920137, "eventDate": "2024-11-17T14:14:03Z", "countryCode": "AU" }, "geometry": { "type": "Point", "coordinates": [ 150.920137, -34.364372 ] } },
{ "type": "Feature", "properties": { "decimalLatitude": -27.205853, "decimalLongitude": 152.148685, "eventDate": "2024-11-17T11:52:14Z", "countryCode": "AU" }, "geometry": { "type": "Point", "coordinates": [ 152.148685, -27.205853 ] } },
{ "type": "Feature", "properties": { "decimalLatitude": -34.532291, "decimalLongitude": 150.87143, "eventDate": "2024-11-15T01:17:15Z", "countryCode": "AU" }, "geometry": { "type": "Point", "coordinates": [ 150.87143, -34.532291 ] } },
{ "type": "Feature", "properties": { "decimalLatitude": -32.985908, "decimalLongitude": 151.719925, "eventDate": "2024-11-15T19:00:19Z", "countryCode": "AU" }, "geometry": { "type": "Point", "coordinates": [ 151.719925, -32.985908 ] } },
{ "type": "Feature", "properties": { "decimalLatitude": -28.166363, "decimalLongitude": 153.378394, "eventDate": "2024-11-15T21:54:16Z", "countryCode": "AU" }, "geometry": { "type": "Point", "coordinates": [ 153.378394, -28.166363 ] } },
{ "type": "Feature", "properties": { "decimalLatitude": -34.019727, "decimalLongitude": 150.749727, "eventDate": "2024-11-13T20:54:32Z", "countryCode": "AU" }, "geometry": { "type": "Point", "coordinates": [ 150.749727, -34.019727 ] } },
{ "type": "Feature", "properties": { "decimalLatitude": -33.814767, "decimalLongitude": 151.113061, "eventDate": "2024-11-26T13:09:52Z", "countryCode": "AU" }, "geometry": { "type": "Point", "coordinates": [ 151.113061, -33.814767 ] } },
{ "type": "Feature", "properties": { "decimalLatitude": -28.785285, "decimalLongitude": 153.590175, "eventDate": "2024-11-24T09:48:00Z", "countryCode": "AU" }, "geometry": { "type": "Point", "coordinates": [ 153.590175, -28.785285 ] } },
{ "type": "Feature", "properties": { "decimalLatitude": -33.804589, "decimalLongitude": 151.175926, "eventDate": "2024-11-20T20:54:14Z", "countryCode": "AU" }, "geometry": { "type": "Point", "coordinates": [ 151.175926, -33.804589 ] } },
{ "type": "Feature", "properties": { "decimalLatitude": -34.85777, "decimalLongitude": 150.687287, "eventDate": "2024-11-26T14:19:37Z", "countryCode": "AU" }, "geometry": { "type": "Point", "coordinates": [ 150.687287, -34.85777 ] } },
{ "type": "Feature", "properties": { "decimalLatitude": -27.907685, "decimalLongitude": 152.389685, "eventDate": "2024-11-20T17:23:52Z", "countryCode": "AU" }, "geometry": { "type": "Point", "coordinates": [ 152.389685, -27.907685 ] } },
{ "type": "Feature", "properties": { "decimalLatitude": -33.698083, "decimalLongitude": 150.639505, "eventDate": "2024-11-23T11:16:20Z", "countryCode": "AU" }, "geometry": { "type": "Point", "coordinates": [ 150.639505, -33.698083 ] } },
{ "type": "Feature", "properties": { "decimalLatitude": -33.724261, "decimalLongitude": 150.599737, "eventDate": "2024-11-26T09:08:00Z", "countryCode": "AU" }, "geometry": { "type": "Point", "coordinates": [ 150.599737, -33.724261 ] } },
{ "type": "Feature", "properties": { "decimalLatitude": -27.510381, "decimalLongitude": 153.094654, "eventDate": "2024-11-11T03:11:00Z", "countryCode": "AU" }, "geometry": { "type": "Point", "coordinates": [ 153.094654, -27.510381 ] } },
{ "type": "Feature", "properties": { "decimalLatitude": -33.470263, "decimalLongitude": 150.164658, "eventDate": "2024-11-20T22:00:21Z", "countryCode": "AU" }, "geometry": { "type": "Point", "coordinates": [ 150.164658, -33.470263 ] } },
{ "type": "Feature", "properties": { "decimalLatitude": -33.861113, "decimalLongitude": 151.147581, "eventDate": "2024-11-25T13:53:00Z", "countryCode": "AU" }, "geometry": { "type": "Point", "coordinates": [ 151.147581, -33.861113 ] } },
{ "type": "Feature", "properties": { "decimalLatitude": -27.845113, "decimalLongitude": 152.212662, "eventDate": "2024-11-24T08:10:47Z", "countryCode": "AU" }, "geometry": { "type": "Point", "coordinates": [ 152.212662, -27.845113 ] } },
{ "type": "Feature", "properties": { "decimalLatitude": -33.753688, "decimalLongitude": 151.24298, "eventDate": "2024-11-20T17:01:35Z", "countryCode": "AU" }, "geometry": { "type": "Point", "coordinates": [ 151.24298, -33.753688 ] } },
{ "type": "Feature", "properties": { "decimalLatitude": -35.33848, "decimalLongitude": 150.454927, "eventDate": "2024-11-18T13:49:00Z", "countryCode": "AU" }, "geometry": { "type": "Point", "coordinates": [ 150.454927, -35.33848 ] } },
{ "type": "Feature", "properties": { "decimalLatitude": -27.510381, "decimalLongitude": 153.094654, "eventDate": "2024-11-11T03:11:00Z", "countryCode": "AU" }, "geometry": { "type": "Point", "coordinates": [ 153.094654, -27.510381 ] } },
{ "type": "Feature", "properties": { "decimalLatitude": -26.805362, "decimalLongitude": 152.967749, "eventDate": "2024-11-28T09:14:20Z", "countryCode": "AU" }, "geometry": { "type": "Point", "coordinates": [ 152.967749, -26.805362 ] } },
{ "type": "Feature", "properties": { "decimalLatitude": -27.325552, "decimalLongitude": 153.082597, "eventDate": "2024-11-27T10:33:00Z", "countryCode": "AU" }, "geometry": { "type": "Point", "coordinates": [ 153.082597, -27.325552 ] } },
{ "type": "Feature", "properties": { "decimalLatitude": -33.722762, "decimalLongitude": 151.030374, "eventDate": "2024-11-30T09:28:08Z", "countryCode": "AU" }, "geometry": { "type": "Point", "coordinates": [ 151.030374, -33.722762 ] } },
{ "type": "Feature", "properties": { "decimalLatitude": -33.515319, "decimalLongitude": 151.300824, "eventDate": "2024-11-13T07:55:48Z", "countryCode": "AU" }, "geometry": { "type": "Point", "coordinates": [ 151.300824, -33.515319 ] } },
{ "type": "Feature", "properties": { "decimalLatitude": -33.770579, "decimalLongitude": 151.1262, "eventDate": "2024-11-05T07:39:36Z", "countryCode": "AU" }, "geometry": { "type": "Point", "coordinates": [ 151.1262, -33.770579 ] } },
{ "type": "Feature", "properties": { "decimalLatitude": -33.786554, "decimalLongitude": 151.002941, "eventDate": "2024-11-06T12:36:35Z", "countryCode": "AU" }, "geometry": { "type": "Point", "coordinates": [ 151.002941, -33.786554 ] } },
{ "type": "Feature", "properties": { "decimalLatitude": -31.825236, "decimalLongitude": 152.302999, "eventDate": "2024-11-05T09:20:00Z", "countryCode": "AU" }, "geometry": { "type": "Point", "coordinates": [ 152.302999, -31.825236 ] } },
{ "type": "Feature", "properties": { "decimalLatitude": -35.264565, "decimalLongitude": 150.468813, "eventDate": "2024-11-05T11:52:13Z", "countryCode": "AU" }, "geometry": { "type": "Point", "coordinates": [ 150.468813, -35.264565 ] } },
{ "type": "Feature", "properties": { "decimalLatitude": -33.808751, "decimalLongitude": 151.187505, "eventDate": "2024-11-07T07:10:50Z", "countryCode": "AU" }, "geometry": { "type": "Point", "coordinates": [ 151.187505, -33.808751 ] } },
{ "type": "Feature", "properties": { "decimalLatitude": -33.685895, "decimalLongitude": 150.978942, "eventDate": "2024-11-08T10:00:00Z", "countryCode": "AU" }, "geometry": { "type": "Point", "coordinates": [ 150.978942, -33.685895 ] } },
{ "type": "Feature", "properties": { "decimalLatitude": -21.968494, "decimalLongitude": 149.656682, "eventDate": "2024-11-29T00:54:00Z", "countryCode": "AU" }, "geometry": { "type": "Point", "coordinates": [ 149.656682, -21.968494 ] } },
{ "type": "Feature", "properties": { "decimalLatitude": -33.897437, "decimalLongitude": 151.102856, "eventDate": "2024-11-20T18:35:26Z", "countryCode": "AU" }, "geometry": { "type": "Point", "coordinates": [ 151.102856, -33.897437 ] } },
{ "type": "Feature", "properties": { "decimalLatitude": -34.645638, "decimalLongitude": 150.292405, "eventDate": "2024-11-22T16:48:54Z", "countryCode": "AU" }, "geometry": { "type": "Point", "coordinates": [ 150.292405, -34.645638 ] } },
{ "type": "Feature", "properties": { "decimalLatitude": -28.843359, "decimalLongitude": 153.452449, "eventDate": "2024-11-30T18:51:00Z", "countryCode": "AU" }, "geometry": { "type": "Point", "coordinates": [ 153.452449, -28.843359 ] } },
{ "type": "Feature", "properties": { "decimalLatitude": -34.268258, "decimalLongitude": 150.523935, "eventDate": "2024-11-17T11:59:36Z", "countryCode": "AU" }, "geometry": { "type": "Point", "coordinates": [ 150.523935, -34.268258 ] } },
{ "type": "Feature", "properties": { "decimalLatitude": -33.76825, "decimalLongitude": 151.122849, "eventDate": "2024-11-24T15:21:09Z", "countryCode": "AU" }, "geometry": { "type": "Point", "coordinates": [ 151.122849, -33.76825 ] } },
{ "type": "Feature", "properties": { "decimalLatitude": -34.051547, "decimalLongitude": 151.07689, "eventDate": "2024-11-05T15:14:12Z", "countryCode": "AU" }, "geometry": { "type": "Point", "coordinates": [ 151.07689, -34.051547 ] } },
{ "type": "Feature", "properties": { "decimalLatitude": -34.827663, "decimalLongitude": 150.500503, "eventDate": "2024-11-07T11:02:19Z", "countryCode": "AU" }, "geometry": { "type": "Point", "coordinates": [ 150.500503, -34.827663 ] } },
{ "type": "Feature", "properties": { "decimalLatitude": -27.623316, "decimalLongitude": 153.150221, "eventDate": "2024-11-09T07:29:35Z", "countryCode": "AU" }, "geometry": { "type": "Point", "coordinates": [ 153.150221, -27.623316 ] } },
{ "type": "Feature", "properties": { "decimalLatitude": -33.26978, "decimalLongitude": 151.54512, "eventDate": "2024-11-08T20:20:11Z", "countryCode": "AU" }, "geometry": { "type": "Point", "coordinates": [ 151.54512, -33.26978 ] } },
{ "type": "Feature", "properties": { "decimalLatitude": -33.710983, "decimalLongitude": 151.301011, "eventDate": "2024-11-28T12:05:46Z", "countryCode": "AU" }, "geometry": { "type": "Point", "coordinates": [ 151.301011, -33.710983 ] } },
{ "type": "Feature", "properties": { "decimalLatitude": -28.994555, "decimalLongitude": 153.430733, "eventDate": "2024-11-05T18:27:36Z", "countryCode": "AU" }, "geometry": { "type": "Point", "coordinates": [ 153.430733, -28.994555 ] } },
{ "type": "Feature", "properties": { "decimalLatitude": -32.86973, "decimalLongitude": 151.806978, "eventDate": "2024-11-22T09:15:34Z", "countryCode": "AU" }, "geometry": { "type": "Point", "coordinates": [ 151.806978, -32.86973 ] } },
{ "type": "Feature", "properties": { "decimalLatitude": -33.215154, "decimalLongitude": 151.472376, "eventDate": "2024-11-04T18:30:00Z", "countryCode": "AU" }, "geometry": { "type": "Point", "coordinates": [ 151.472376, -33.215154 ] } },
{ "type": "Feature", "properties": { "decimalLatitude": -31.522038, "decimalLongitude": 159.06336, "eventDate": "2024-11-09T11:33:00Z", "countryCode": "AU" }, "geometry": { "type": "Point", "coordinates": [ 159.06336, -31.522038 ] } },
{ "type": "Feature", "properties": { "decimalLatitude": -33.767059, "decimalLongitude": 151.169345, "eventDate": "2024-11-08T00:01:00Z", "countryCode": "AU" }, "geometry": { "type": "Point", "coordinates": [ 151.169345, -33.767059 ] } },
{ "type": "Feature", "properties": { "decimalLatitude": -33.739333, "decimalLongitude": 151.309113, "eventDate": "2024-11-04T09:04:46Z", "countryCode": "AU" }, "geometry": { "type": "Point", "coordinates": [ 151.309113, -33.739333 ] } },
{ "type": "Feature", "properties": { "decimalLatitude": -27.442884, "decimalLongitude": 153.17277, "eventDate": "2024-11-06T13:49:28Z", "countryCode": "AU" }, "geometry": { "type": "Point", "coordinates": [ 153.17277, -27.442884 ] } },
{ "type": "Feature", "properties": { "decimalLatitude": -32.006278, "decimalLongitude": 151.24968, "eventDate": "2024-11-14T09:31:59Z", "countryCode": "AU" }, "geometry": { "type": "Point", "coordinates": [ 151.24968, -32.006278 ] } },
{ "type": "Feature", "properties": { "decimalLatitude": -33.896475, "decimalLongitude": 151.134825, "eventDate": "2024-11-07T17:04:15Z", "countryCode": "AU" }, "geometry": { "type": "Point", "coordinates": [ 151.134825, -33.896475 ] } },
{ "type": "Feature", "properties": { "decimalLatitude": -33.779445, "decimalLongitude": 151.342728, "eventDate": "2024-11-19T16:57:44Z", "countryCode": "AU" }, "geometry": { "type": "Point", "coordinates": [ 151.342728, -33.779445 ] } },
{ "type": "Feature", "properties": { "decimalLatitude": -27.420847, "decimalLongitude": 153.157388, "eventDate": "2024-11-14T12:37:49Z", "countryCode": "AU" }, "geometry": { "type": "Point", "coordinates": [ 153.157388, -27.420847 ] } },
{ "type": "Feature", "properties": { "decimalLatitude": -33.881393, "decimalLongitude": 151.163162, "eventDate": "2024-11-07T11:46:21Z", "countryCode": "AU" }, "geometry": { "type": "Point", "coordinates": [ 151.163162, -33.881393 ] } },
{ "type": "Feature", "properties": { "decimalLatitude": -29.669796, "decimalLongitude": 152.952737, "eventDate": "2024-11-19T19:40:00Z", "countryCode": "AU" }, "geometry": { "type": "Point", "coordinates": [ 152.952737, -29.669796 ] } },
{ "type": "Feature", "properties": { "decimalLatitude": -33.418317, "decimalLongitude": 151.277817, "eventDate": "2024-11-28T14:40:33Z", "countryCode": "AU" }, "geometry": { "type": "Point", "coordinates": [ 151.277817, -33.418317 ] } },
{ "type": "Feature", "properties": { "decimalLatitude": -34.467259, "decimalLongitude": 150.881116, "eventDate": "2024-11-19T14:13:52Z", "countryCode": "AU" }, "geometry": { "type": "Point", "coordinates": [ 150.881116, -34.467259 ] } },
{ "type": "Feature", "properties": { "decimalLatitude": -33.713808, "decimalLongitude": 150.310553, "eventDate": "2024-11-22T08:25:27Z", "countryCode": "AU" }, "geometry": { "type": "Point", "coordinates": [ 150.310553, -33.713808 ] } },
{ "type": "Feature", "properties": { "decimalLatitude": -34.555008, "decimalLongitude": 150.375408, "eventDate": "2024-11-13T07:10:00Z", "countryCode": "AU" }, "geometry": { "type": "Point", "coordinates": [ 150.375408, -34.555008 ] } },
{ "type": "Feature", "properties": { "decimalLatitude": -33.881828, "decimalLongitude": 151.183808, "eventDate": "2024-11-04T21:46:21Z", "countryCode": "AU" }, "geometry": { "type": "Point", "coordinates": [ 151.183808, -33.881828 ] } },
{ "type": "Feature", "properties": { "decimalLatitude": -27.59088, "decimalLongitude": 152.918638, "eventDate": "2024-11-03T02:55:07Z", "countryCode": "AU" }, "geometry": { "type": "Point", "coordinates": [ 152.918638, -27.59088 ] } },
{ "type": "Feature", "properties": { "decimalLatitude": -28.311138, "decimalLongitude": 153.356923, "eventDate": "2024-11-12T10:24:00Z", "countryCode": "AU" }, "geometry": { "type": "Point", "coordinates": [ 153.356923, -28.311138 ] } },
{ "type": "Feature", "properties": { "decimalLatitude": -33.520494, "decimalLongitude": 151.374335, "eventDate": "2024-11-01T00:00:00Z", "countryCode": "AU" }, "geometry": { "type": "Point", "coordinates": [ 151.374335, -33.520494 ] } },
{ "type": "Feature", "properties": { "decimalLatitude": -33.772691, "decimalLongitude": 151.220376, "eventDate": "2024-11-17T23:02:00Z", "countryCode": "AU" }, "geometry": { "type": "Point", "coordinates": [ 151.220376, -33.772691 ] } },
{ "type": "Feature", "properties": { "decimalLatitude": -32.1478, "decimalLongitude": 151.871848, "eventDate": "2024-12-04T12:07:13Z", "countryCode": "AU" }, "geometry": { "type": "Point", "coordinates": [ 151.871848, -32.1478 ] } },
{ "type": "Feature", "properties": { "decimalLatitude": -27.61479, "decimalLongitude": 151.990695, "eventDate": "2024-12-31T12:29:56Z", "countryCode": "AU" }, "geometry": { "type": "Point", "coordinates": [ 151.990695, -27.61479 ] } },
{ "type": "Feature", "properties": { "decimalLatitude": -32.934791, "decimalLongitude": 151.781944, "eventDate": "2024-12-23T15:03:24Z", "countryCode": "AU" }, "geometry": { "type": "Point", "coordinates": [ 151.781944, -32.934791 ] } },
{ "type": "Feature", "properties": { "decimalLatitude": -32.246267, "decimalLongitude": 151.69518, "eventDate": "2024-12-31T14:07:13Z", "countryCode": "AU" }, "geometry": { "type": "Point", "coordinates": [ 151.69518, -32.246267 ] } },
{ "type": "Feature", "properties": { "decimalLatitude": -30.80908, "decimalLongitude": 152.683363, "eventDate": "2024-12-27T23:04:46Z", "countryCode": "AU" }, "geometry": { "type": "Point", "coordinates": [ 152.683363, -30.80908 ] } },
{ "type": "Feature", "properties": { "decimalLatitude": -31.80098, "decimalLongitude": 151.793574, "eventDate": "2024-12-20T10:42:00Z", "countryCode": "AU" }, "geometry": { "type": "Point", "coordinates": [ 151.793574, -31.80098 ] } },
{ "type": "Feature", "properties": { "decimalLatitude": -34.311311, "decimalLongitude": 150.913367, "eventDate": "2024-12-30T15:37:00Z", "countryCode": "AU" }, "geometry": { "type": "Point", "coordinates": [ 150.913367, -34.311311 ] } },
{ "type": "Feature", "properties": { "decimalLatitude": -33.88756, "decimalLongitude": 151.055349, "eventDate": "2024-12-31T08:20:23Z", "countryCode": "AU" }, "geometry": { "type": "Point", "coordinates": [ 151.055349, -33.88756 ] } },
{ "type": "Feature", "properties": { "decimalLatitude": -34.933822, "decimalLongitude": 150.758116, "eventDate": "2024-12-04T07:16:48Z", "countryCode": "AU" }, "geometry": { "type": "Point", "coordinates": [ 150.758116, -34.933822 ] } },
{ "type": "Feature", "properties": { "decimalLatitude": -26.087786, "decimalLongitude": 152.78665, "eventDate": "2024-12-03T16:59:00Z", "countryCode": "AU" }, "geometry": { "type": "Point", "coordinates": [ 152.78665, -26.087786 ] } },
{ "type": "Feature", "properties": { "decimalLatitude": -34.399989, "decimalLongitude": 150.877228, "eventDate": "2024-12-01T14:37:48Z", "countryCode": "AU" }, "geometry": { "type": "Point", "coordinates": [ 150.877228, -34.399989 ] } },
{ "type": "Feature", "properties": { "decimalLatitude": -32.002575, "decimalLongitude": 151.829163, "eventDate": "2025-01-03T20:15:12Z", "countryCode": "AU" }, "geometry": { "type": "Point", "coordinates": [ 151.829163, -32.002575 ] } },
{ "type": "Feature", "properties": { "decimalLatitude": -32.853097, "decimalLongitude": 151.523251, "eventDate": "2025-01-01T17:41:00Z", "countryCode": "AU" }, "geometry": { "type": "Point", "coordinates": [ 151.523251, -32.853097 ] } },
{ "type": "Feature", "properties": { "decimalLatitude": -32.942628, "decimalLongitude": 151.7361, "eventDate": "2025-01-01T22:29:00Z", "countryCode": "AU" }, "geometry": { "type": "Point", "coordinates": [ 151.7361, -32.942628 ] } },
{ "type": "Feature", "properties": { "decimalLatitude": -32.225883, "decimalLongitude": 152.454942, "eventDate": "2025-01-13T12:49:05Z", "countryCode": "AU" }, "geometry": { "type": "Point", "coordinates": [ 152.454942, -32.225883 ] } },
{ "type": "Feature", "properties": { "decimalLatitude": -36.812097, "decimalLongitude": 149.787177, "eventDate": "2025-01-15T09:15:22Z", "countryCode": "AU" }, "geometry": { "type": "Point", "coordinates": [ 149.787177, -36.812097 ] } },
{ "type": "Feature", "properties": { "decimalLatitude": -33.681848, "decimalLongitude": 151.103304, "eventDate": "2025-01-07T09:37:49Z", "countryCode": "AU" }, "geometry": { "type": "Point", "coordinates": [ 151.103304, -33.681848 ] } },
{ "type": "Feature", "properties": { "decimalLatitude": -32.45475, "decimalLongitude": 151.087914, "eventDate": "2025-01-09T18:43:19Z", "countryCode": "AU" }, "geometry": { "type": "Point", "coordinates": [ 151.087914, -32.45475 ] } },
{ "type": "Feature", "properties": { "decimalLatitude": -33.813078, "decimalLongitude": 151.167528, "eventDate": "2025-01-16T03:18:45Z", "countryCode": "AU" }, "geometry": { "type": "Point", "coordinates": [ 151.167528, -33.813078 ] } },
{ "type": "Feature", "properties": { "decimalLatitude": -21.074664, "decimalLongitude": 148.53653, "eventDate": "2025-01-16T08:05:35Z", "countryCode": "AU" }, "geometry": { "type": "Point", "coordinates": [ 148.53653, -21.074664 ] } },
{ "type": "Feature", "properties": { "decimalLatitude": -27.382391, "decimalLongitude": 152.468377, "eventDate": "2025-01-16T10:29:00Z", "countryCode": "AU" }, "geometry": { "type": "Point", "coordinates": [ 152.468377, -27.382391 ] } },
{ "type": "Feature", "properties": { "decimalLatitude": -27.474233, "decimalLongitude": 152.964925, "eventDate": "2025-01-18T07:25:00Z", "countryCode": "AU" }, "geometry": { "type": "Point", "coordinates": [ 152.964925, -27.474233 ] } },
{ "type": "Feature", "properties": { "decimalLatitude": -34.416795, "decimalLongitude": 150.873842, "eventDate": "2025-01-19T11:32:30Z", "countryCode": "AU" }, "geometry": { "type": "Point", "coordinates": [ 150.873842, -34.416795 ] } },
{ "type": "Feature", "properties": { "decimalLatitude": -33.676889, "decimalLongitude": 151.31293, "eventDate": "2025-01-20T18:31:05Z", "countryCode": "AU" }, "geometry": { "type": "Point", "coordinates": [ 151.31293, -33.676889 ] } },
{ "type": "Feature", "properties": { "decimalLatitude": -27.444949, "decimalLongitude": 152.934769, "eventDate": "2025-01-22T06:43:06Z", "countryCode": "AU" }, "geometry": { "type": "Point", "coordinates": [ 152.934769, -27.444949 ] } },
{ "type": "Feature", "properties": { "decimalLatitude": -34.488349, "decimalLongitude": 150.435222, "eventDate": "2025-01-23T13:41:30Z", "countryCode": "AU" }, "geometry": { "type": "Point", "coordinates": [ 150.435222, -34.488349 ] } },
{ "type": "Feature", "properties": { "decimalLatitude": -26.173025, "decimalLongitude": 152.738425, "eventDate": "2025-01-24T09:39:00Z", "countryCode": "AU" }, "geometry": { "type": "Point", "coordinates": [ 152.738425, -26.173025 ] } },
{ "type": "Feature", "properties": { "decimalLatitude": -26.631517, "decimalLongitude": 152.611297, "eventDate": "2025-01-27T07:53:15Z", "countryCode": "AU" }, "geometry": { "type": "Point", "coordinates": [ 152.611297, -26.631517 ] } },
{ "type": "Feature", "properties": { "decimalLatitude": -27.024825, "decimalLongitude": 152.900485, "eventDate": "2025-01-24T06:53:00Z", "countryCode": "AU" }, "geometry": { "type": "Point", "coordinates": [ 152.900485, -27.024825 ] } },
{ "type": "Feature", "properties": { "decimalLatitude": -30.287872, "decimalLongitude": 152.737134, "eventDate": "2025-01-25T22:27:00Z", "countryCode": "AU" }, "geometry": { "type": "Point", "coordinates": [ 152.737134, -30.287872 ] } },
{ "type": "Feature", "properties": { "decimalLatitude": -31.912836, "decimalLongitude": 152.252968, "eventDate": "2025-01-28T00:01:00Z", "countryCode": "AU" }, "geometry": { "type": "Point", "coordinates": [ 152.252968, -31.912836 ] } },
{ "type": "Feature", "properties": { "decimalLatitude": -30.28788, "decimalLongitude": 152.737063, "eventDate": "2025-01-25T22:05:00Z", "countryCode": "AU" }, "geometry": { "type": "Point", "coordinates": [ 152.737063, -30.28788 ] } },
{ "type": "Feature", "properties": { "decimalLatitude": -28.348008, "decimalLongitude": 152.965142, "eventDate": "2025-01-27T11:11:37Z", "countryCode": "AU" }, "geometry": { "type": "Point", "coordinates": [ 152.965142, -28.348008 ] } },
{ "type": "Feature", "properties": { "decimalLatitude": -30.47592, "decimalLongitude": 151.35585, "eventDate": "2025-01-28T12:34:28Z", "countryCode": "AU" }, "geometry": { "type": "Point", "coordinates": [ 151.35585, -30.47592 ] } },
{ "type": "Feature", "properties": { "decimalLatitude": -33.870379, "decimalLongitude": 151.174322, "eventDate": "2025-01-27T09:09:02Z", "countryCode": "AU" }, "geometry": { "type": "Point", "coordinates": [ 151.174322, -33.870379 ] } },
{ "type": "Feature", "properties": { "decimalLatitude": -32.226158, "decimalLongitude": 152.45462, "eventDate": "2025-01-31T08:18:34Z", "countryCode": "AU" }, "geometry": { "type": "Point", "coordinates": [ 152.45462, -32.226158 ] } },
{ "type": "Feature", "properties": { "decimalLatitude": -26.234862, "decimalLongitude": 152.639825, "eventDate": "2025-01-25T16:46:00Z", "countryCode": "AU" }, "geometry": { "type": "Point", "coordinates": [ 152.639825, -26.234862 ] } },
{ "type": "Feature", "properties": { "decimalLatitude": -29.474175, "decimalLongitude": 152.315997, "eventDate": "2025-01-24T11:19:00Z", "countryCode": "AU" }, "geometry": { "type": "Point", "coordinates": [ 152.315997, -29.474175 ] } },
{ "type": "Feature", "properties": { "decimalLatitude": -17.359285, "decimalLongitude": 145.328079, "eventDate": "2025-01-23T19:57:00Z", "countryCode": "AU" }, "geometry": { "type": "Point", "coordinates": [ 145.328079, -17.359285 ] } },
{ "type": "Feature", "properties": { "decimalLatitude": -32.472143, "decimalLongitude": 151.461969, "eventDate": "2025-01-14T14:32:51Z", "countryCode": "AU" }, "geometry": { "type": "Point", "coordinates": [ 151.461969, -32.472143 ] } },
{ "type": "Feature", "properties": { "decimalLatitude": -31.519833, "decimalLongitude": 152.288545, "eventDate": "2025-01-25T16:43:56Z", "countryCode": "AU" }, "geometry": { "type": "Point", "coordinates": [ 152.288545, -31.519833 ] } },
{ "type": "Feature", "properties": { "decimalLatitude": -30.401355, "decimalLongitude": 152.347527, "eventDate": "2025-02-02T11:08:29Z", "countryCode": "AU" }, "geometry": { "type": "Point", "coordinates": [ 152.347527, -30.401355 ] } },
{ "type": "Feature", "properties": { "decimalLatitude": -33.712585, "decimalLongitude": 151.140903, "eventDate": "2025-02-06T18:51:52Z", "countryCode": "AU" }, "geometry": { "type": "Point", "coordinates": [ 151.140903, -33.712585 ] } },
{ "type": "Feature", "properties": { "decimalLatitude": -23.163619, "decimalLongitude": 150.466963, "eventDate": "2025-02-05T17:19:13Z", "countryCode": "AU" }, "geometry": { "type": "Point", "coordinates": [ 150.466963, -23.163619 ] } },
{ "type": "Feature", "properties": { "decimalLatitude": -32.961915, "decimalLongitude": 151.719426, "eventDate": "2025-02-07T13:17:00Z", "countryCode": "AU" }, "geometry": { "type": "Point", "coordinates": [ 151.719426, -32.961915 ] } },
{ "type": "Feature", "properties": { "decimalLatitude": -31.590187, "decimalLongitude": 152.624174, "eventDate": "2025-02-17T13:58:28Z", "countryCode": "AU" }, "geometry": { "type": "Point", "coordinates": [ 152.624174, -31.590187 ] } },
{ "type": "Feature", "properties": { "decimalLatitude": -30.492278, "decimalLongitude": 152.406555, "eventDate": "2025-02-15T13:16:36Z", "countryCode": "AU" }, "geometry": { "type": "Point", "coordinates": [ 152.406555, -30.492278 ] } },
{ "type": "Feature", "properties": { "decimalLatitude": -26.723453, "decimalLongitude": 152.957367, "eventDate": "2025-02-20T03:33:54Z", "countryCode": "AU" }, "geometry": { "type": "Point", "coordinates": [ 152.957367, -26.723453 ] } },
{ "type": "Feature", "properties": { "decimalLatitude": -27.649172, "decimalLongitude": 152.968428, "eventDate": "2025-02-21T11:07:00Z", "countryCode": "AU" }, "geometry": { "type": "Point", "coordinates": [ 152.968428, -27.649172 ] } },
{ "type": "Feature", "properties": { "decimalLatitude": -27.461772, "decimalLongitude": 152.882705, "eventDate": "2025-02-25T14:44:15Z", "countryCode": "AU" }, "geometry": { "type": "Point", "coordinates": [ 152.882705, -27.461772 ] } },
{ "type": "Feature", "properties": { "decimalLatitude": -21.167153, "decimalLongitude": 148.504486, "eventDate": "2025-02-12T19:54:00Z", "countryCode": "AU" }, "geometry": { "type": "Point", "coordinates": [ 148.504486, -21.167153 ] } },
{ "type": "Feature", "properties": { "decimalLatitude": -17.20408, "decimalLongitude": 145.675211, "eventDate": "2025-02-16T09:18:00Z", "countryCode": "AU" }, "geometry": { "type": "Point", "coordinates": [ 145.675211, -17.20408 ] } },
{ "type": "Feature", "properties": { "decimalLatitude": -26.467275, "decimalLongitude": 152.890917, "eventDate": "2025-02-28T09:55:44Z", "countryCode": "AU" }, "geometry": { "type": "Point", "coordinates": [ 152.890917, -26.467275 ] } },
{ "type": "Feature", "properties": { "decimalLatitude": -27.111412, "decimalLongitude": 153.045807, "eventDate": "2025-03-03T05:51:42Z", "countryCode": "AU" }, "geometry": { "type": "Point", "coordinates": [ 153.045807, -27.111412 ] } },
{ "type": "Feature", "properties": { "decimalLatitude": -25.92963, "decimalLongitude": 152.988891, "eventDate": "2025-03-01T18:02:00Z", "countryCode": "AU" }, "geometry": { "type": "Point", "coordinates": [ 152.988891, -25.92963 ] } },
{ "type": "Feature", "properties": { "decimalLatitude": -19.243173, "decimalLongitude": 146.790107, "eventDate": "2025-03-08T10:06:51Z", "countryCode": "AU" }, "geometry": { "type": "Point", "coordinates": [ 146.790107, -19.243173 ] } },
{ "type": "Feature", "properties": { "decimalLatitude": -33.786595, "decimalLongitude": 151.287499, "eventDate": "2025-03-28T14:26:00Z", "countryCode": "AU" }, "geometry": { "type": "Point", "coordinates": [ 151.287499, -33.786595 ] } },
{ "type": "Feature", "properties": { "decimalLatitude": -17.431812, "decimalLongitude": 145.439455, "eventDate": "2025-03-02T21:19:00Z", "countryCode": "AU" }, "geometry": { "type": "Point", "coordinates": [ 145.439455, -17.431812 ] } },
{ "type": "Feature", "properties": { "decimalLatitude": -31.6935, "decimalLongitude": 152.2258, "eventDate": "2025-03-29T00:14:41Z", "countryCode": "AU" }, "geometry": { "type": "Point", "coordinates": [ 152.2258, -31.6935 ] } },
{ "type": "Feature", "properties": { "decimalLatitude": -21.914597, "decimalLongitude": 149.463287, "eventDate": "2025-04-03T14:11:54Z", "countryCode": "AU" }, "geometry": { "type": "Point", "coordinates": [ 149.463287, -21.914597 ] } },
{ "type": "Feature", "properties": { "decimalLatitude": -21.914617, "decimalLongitude": 149.46315, "eventDate": "2025-04-03T14:11:38Z", "countryCode": "AU" }, "geometry": { "type": "Point", "coordinates": [ 149.46315, -21.914617 ] } },
{ "type": "Feature", "properties": { "decimalLatitude": -29.505486, "decimalLongitude": 152.823594, "eventDate": "2025-04-05T15:27:00Z", "countryCode": "AU" }, "geometry": { "type": "Point", "coordinates": [ 152.823594, -29.505486 ] } },
{ "type": "Feature", "properties": { "decimalLatitude": -27.349545, "decimalLongitude": 152.780593, "eventDate": "2025-04-06T17:33:00Z", "countryCode": "AU" }, "geometry": { "type": "Point", "coordinates": [ 152.780593, -27.349545 ] } },
{ "type": "Feature", "properties": { "decimalLatitude": -27.459652, "decimalLongitude": 152.877569, "eventDate": "2025-04-21T10:47:35Z", "countryCode": "AU" }, "geometry": { "type": "Point", "coordinates": [ 152.877569, -27.459652 ] } },
{ "type": "Feature", "properties": { "decimalLatitude": -27.360128, "decimalLongitude": 152.78029, "eventDate": "2025-04-06T11:06:54Z", "countryCode": "AU" }, "geometry": { "type": "Point", "coordinates": [ 152.78029, -27.360128 ] } },
{ "type": "Feature", "properties": { "decimalLatitude": -24.652606, "decimalLongitude": 151.298131, "eventDate": "2025-04-21T10:16:31Z", "countryCode": "AU" }, "geometry": { "type": "Point", "coordinates": [ 151.298131, -24.652606 ] } },
{ "type": "Feature", "properties": { "decimalLatitude": -27.510381, "decimalLongitude": 153.094654, "eventDate": "2025-04-16T07:29:00Z", "countryCode": "AU" }, "geometry": { "type": "Point", "coordinates": [ 153.094654, -27.510381 ] } },
{ "type": "Feature", "properties": { "decimalLatitude": -26.320233, "decimalLongitude": 152.387894, "eventDate": "2025-04-23T12:24:00Z", "countryCode": "AU" }, "geometry": { "type": "Point", "coordinates": [ 152.387894, -26.320233 ] } },
{ "type": "Feature", "properties": { "decimalLatitude": -21.141177, "decimalLongitude": 148.484586, "eventDate": "2025-04-25T08:37:00Z", "countryCode": "AU" }, "geometry": { "type": "Point", "coordinates": [ 148.484586, -21.141177 ] } },
{ "type": "Feature", "properties": { "decimalLatitude": -23.164446, "decimalLongitude": 150.490765, "eventDate": "2025-04-25T10:39:00Z", "countryCode": "AU" }, "geometry": { "type": "Point", "coordinates": [ 150.490765, -23.164446 ] } },
{ "type": "Feature", "properties": { "decimalLatitude": -23.164446, "decimalLongitude": 150.490765, "eventDate": "2025-04-25T10:01:00Z", "countryCode": "AU" }, "geometry": { "type": "Point", "coordinates": [ 150.490765, -23.164446 ] } },
{ "type": "Feature", "properties": { "decimalLatitude": -25.20086, "decimalLongitude": 152.708406, "eventDate": "2025-04-19T09:43:36Z", "countryCode": "AU" }, "geometry": { "type": "Point", "coordinates": [ 152.708406, -25.20086 ] } },
{ "type": "Feature", "properties": { "decimalLatitude": -16.811918, "decimalLongitude": 145.567521, "eventDate": "2025-05-22T10:03:00Z", "countryCode": "AU" }, "geometry": { "type": "Point", "coordinates": [ 145.567521, -16.811918 ] } },
{ "type": "Feature", "properties": { "decimalLatitude": -17.153819, "decimalLongitude": 144.521292, "eventDate": "2025-05-23T22:05:28Z", "countryCode": "AU" }, "geometry": { "type": "Point", "coordinates": [ 144.521292, -17.153819 ] } },
{ "type": "Feature", "properties": { "decimalLatitude": -27.040514, "decimalLongitude": 153.134261, "eventDate": "2025-05-30T16:47:58Z", "countryCode": "AU" }, "geometry": { "type": "Point", "coordinates": [ 153.134261, -27.040514 ] } },
{ "type": "Feature", "properties": { "decimalLatitude": -33.577999, "decimalLongitude": 151.300033, "eventDate": "2025-06-01T10:28:17Z", "countryCode": "AU" }, "geometry": { "type": "Point", "coordinates": [ 151.300033, -33.577999 ] } },
{ "type": "Feature", "properties": { "decimalLatitude": -32.003395, "decimalLongitude": 151.829921, "eventDate": "2025-06-05T12:25:44Z", "countryCode": "AU" }, "geometry": { "type": "Point", "coordinates": [ 151.829921, -32.003395 ] } },
{ "type": "Feature", "properties": { "decimalLatitude": -27.967828, "decimalLongitude": 153.002908, "eventDate": "2025-06-04T00:00:00Z", "countryCode": "AU" }, "geometry": { "type": "Point", "coordinates": [ 153.002908, -27.967828 ] } },
{ "type": "Feature", "properties": { "decimalLatitude": -20.926361, "decimalLongitude": 149.050812, "eventDate": "2025-06-11T15:24:48Z", "countryCode": "AU" }, "geometry": { "type": "Point", "coordinates": [ 149.050812, -20.926361 ] } },
{ "type": "Feature", "properties": { "decimalLatitude": -17.164942, "decimalLongitude": 144.516821, "eventDate": "2025-06-18T11:33:44Z", "countryCode": "AU" }, "geometry": { "type": "Point", "coordinates": [ 144.516821, -17.164942 ] } },
{ "type": "Feature", "properties": { "decimalLatitude": -17.2, "decimalLongitude": 144.5, "eventDate": "2025-06-18T20:03:00Z", "countryCode": "AU" }, "geometry": { "type": "Point", "coordinates": [ 144.5, -17.2 ] } },
{ "type": "Feature", "properties": { "decimalLatitude": -25.155643, "decimalLongitude": 152.630722, "eventDate": "2025-07-03T08:43:00Z", "countryCode": "AU" }, "geometry": { "type": "Point", "coordinates": [ 152.630722, -25.155643 ] } },
{ "type": "Feature", "properties": { "decimalLatitude": -17.200169, "decimalLongitude": 144.505473, "eventDate": "2025-07-03T07:51:03Z", "countryCode": "AU" }, "geometry": { "type": "Point", "coordinates": [ 144.505473, -17.200169 ] } },
{ "type": "Feature", "properties": { "decimalLatitude": -29.785683, "decimalLongitude": 153.033339, "eventDate": "2025-07-29T16:27:50Z", "countryCode": "AU" }, "geometry": { "type": "Point", "coordinates": [ 153.033339, -29.785683 ] } },
{ "type": "Feature", "properties": { "decimalLatitude": -18.224635, "decimalLongitude": 144.639142, "eventDate": "2025-07-03T19:43:00Z", "countryCode": "AU" }, "geometry": { "type": "Point", "coordinates": [ 144.639142, -18.224635 ] } },
{ "type": "Feature", "properties": { "decimalLatitude": -18.223979, "decimalLongitude": 144.640133, "eventDate": "2025-07-03T19:51:00Z", "countryCode": "AU" }, "geometry": { "type": "Point", "coordinates": [ 144.640133, -18.223979 ] } },
{ "type": "Feature", "properties": { "decimalLatitude": -18.224718, "decimalLongitude": 144.641031, "eventDate": "2025-07-03T19:55:00Z", "countryCode": "AU" }, "geometry": { "type": "Point", "coordinates": [ 144.641031, -18.224718 ] } },
{ "type": "Feature", "properties": { "decimalLatitude": -17.89867, "decimalLongitude": 145.928567, "eventDate": "2025-07-04T14:00:52Z", "countryCode": "AU" }, "geometry": { "type": "Point", "coordinates": [ 145.928567, -17.89867 ] } },
{ "type": "Feature", "properties": { "decimalLatitude": -18.22418, "decimalLongitude": 144.64156, "eventDate": "2025-08-17T09:30:13Z", "countryCode": "AU" }, "geometry": { "type": "Point", "coordinates": [ 144.64156, -18.22418 ] } },
{ "type": "Feature", "properties": { "decimalLatitude": -23.163665, "decimalLongitude": 150.467026, "eventDate": "2025-08-14T20:31:00Z", "countryCode": "AU" }, "geometry": { "type": "Point", "coordinates": [ 150.467026, -23.163665 ] } },
{ "type": "Feature", "properties": { "decimalLatitude": -27.686041, "decimalLongitude": 153.059304, "eventDate": "2025-08-28T10:25:00Z", "countryCode": "AU" }, "geometry": { "type": "Point", "coordinates": [ 153.059304, -27.686041 ] } },
{ "type": "Feature", "properties": { "decimalLatitude": -27.429483, "decimalLongitude": 153.043251, "eventDate": "2025-08-25T17:50:06Z", "countryCode": "AU" }, "geometry": { "type": "Point", "coordinates": [ 153.043251, -27.429483 ] } },
{ "type": "Feature", "properties": { "decimalLatitude": -33.89775, "decimalLongitude": 151.173905, "eventDate": "2025-08-27T15:26:00Z", "countryCode": "AU" }, "geometry": { "type": "Point", "coordinates": [ 151.173905, -33.89775 ] } },
{ "type": "Feature", "properties": { "decimalLatitude": -18.224168, "decimalLongitude": 144.643205, "eventDate": "2025-08-05T11:23:38Z", "countryCode": "AU" }, "geometry": { "type": "Point", "coordinates": [ 144.643205, -18.224168 ] } },
{ "type": "Feature", "properties": { "decimalLatitude": -18.2243, "decimalLongitude": 144.64261, "eventDate": "2025-08-05T12:06:14Z", "countryCode": "AU" }, "geometry": { "type": "Point", "coordinates": [ 144.64261, -18.2243 ] } },
{ "type": "Feature", "properties": { "decimalLatitude": -33.98462, "decimalLongitude": 151.070617, "eventDate": "2025-09-13T12:53:36Z", "countryCode": "AU" }, "geometry": { "type": "Point", "coordinates": [ 151.070617, -33.98462 ] } },
{ "type": "Feature", "properties": { "decimalLatitude": -16.840479, "decimalLongitude": 145.740656, "eventDate": "2025-09-23T09:07:12Z", "countryCode": "AU" }, "geometry": { "type": "Point", "coordinates": [ 145.740656, -16.840479 ] } },
{ "type": "Feature", "properties": { "decimalLatitude": -17.646917, "decimalLongitude": 145.34793, "eventDate": "2025-09-18T07:14:09Z", "countryCode": "AU" }, "geometry": { "type": "Point", "coordinates": [ 145.34793, -17.646917 ] } },
{ "type": "Feature", "properties": { "decimalLatitude": -31.653646, "decimalLongitude": 152.825508, "eventDate": "2025-09-27T19:44:28Z", "countryCode": "AU" }, "geometry": { "type": "Point", "coordinates": [ 152.825508, -31.653646 ] } },
{ "type": "Feature", "properties": { "decimalLatitude": -26.824267, "decimalLongitude": 152.919967, "eventDate": "2025-09-25T07:53:48Z", "countryCode": "AU" }, "geometry": { "type": "Point", "coordinates": [ 152.919967, -26.824267 ] } },
{ "type": "Feature", "properties": { "decimalLatitude": -28.939614, "decimalLongitude": 153.298675, "eventDate": "2025-09-29T09:45:29Z", "countryCode": "AU" }, "geometry": { "type": "Point", "coordinates": [ 153.298675, -28.939614 ] } },
{ "type": "Feature", "properties": { "decimalLatitude": -28.384963, "decimalLongitude": 152.985434, "eventDate": "2025-09-27T08:42:39Z", "countryCode": "AU" }, "geometry": { "type": "Point", "coordinates": [ 152.985434, -28.384963 ] } },
{ "type": "Feature", "properties": { "decimalLatitude": -30.351492, "decimalLongitude": 153.090445, "eventDate": "2025-09-29T16:55:00Z", "countryCode": "AU" }, "geometry": { "type": "Point", "coordinates": [ 153.090445, -30.351492 ] } },
{ "type": "Feature", "properties": { "decimalLatitude": -34.203508, "decimalLongitude": 150.967462, "eventDate": "2025-09-07T11:30:00Z", "countryCode": "AU" }, "geometry": { "type": "Point", "coordinates": [ 150.967462, -34.203508 ] } },
{ "type": "Feature", "properties": { "decimalLatitude": -27.813329, "decimalLongitude": 153.173035, "eventDate": "2025-09-27T07:20:52Z", "countryCode": "AU" }, "geometry": { "type": "Point", "coordinates": [ 153.173035, -27.813329 ] } },
{ "type": "Feature", "properties": { "decimalLatitude": -30.475892, "decimalLongitude": 152.883375, "eventDate": "2025-10-05T10:13:00Z", "countryCode": "AU" }, "geometry": { "type": "Point", "coordinates": [ 152.883375, -30.475892 ] } },
{ "type": "Feature", "properties": { "decimalLatitude": -27.278384, "decimalLongitude": 152.662174, "eventDate": "2025-10-02T17:52:00Z", "countryCode": "AU" }, "geometry": { "type": "Point", "coordinates": [ 152.662174, -27.278384 ] } },
{ "type": "Feature", "properties": { "decimalLatitude": -20.102786, "decimalLongitude": 146.881425, "eventDate": "2025-10-03T10:27:21Z", "countryCode": "AU" }, "geometry": { "type": "Point", "coordinates": [ 146.881425, -20.102786 ] } },
{ "type": "Feature", "properties": { "decimalLatitude": -31.40446, "decimalLongitude": 152.515053, "eventDate": "2025-10-01T21:59:10Z", "countryCode": "AU" }, "geometry": { "type": "Point", "coordinates": [ 152.515053, -31.40446 ] } },
{ "type": "Feature", "properties": { "decimalLatitude": -25.790087, "decimalLongitude": 152.69559, "eventDate": "2025-10-08T19:14:00Z", "countryCode": "AU" }, "geometry": { "type": "Point", "coordinates": [ 152.69559, -25.790087 ] } },
{ "type": "Feature", "properties": { "decimalLatitude": -25.154747, "decimalLongitude": 152.629958, "eventDate": "2025-10-11T09:16:47Z", "countryCode": "AU" }, "geometry": { "type": "Point", "coordinates": [ 152.629958, -25.154747 ] } },
{ "type": "Feature", "properties": { "decimalLatitude": -27.312818, "decimalLongitude": 153.066532, "eventDate": "2025-10-10T14:59:00Z", "countryCode": "AU" }, "geometry": { "type": "Point", "coordinates": [ 153.066532, -27.312818 ] } },
{ "type": "Feature", "properties": { "decimalLatitude": -27.405122, "decimalLongitude": 152.971103, "eventDate": "2025-10-18T19:12:09Z", "countryCode": "AU" }, "geometry": { "type": "Point", "coordinates": [ 152.971103, -27.405122 ] } },
{ "type": "Feature", "properties": { "decimalLatitude": -27.474333, "decimalLongitude": 153.263769, "eventDate": "2025-10-19T18:12:50Z", "countryCode": "AU" }, "geometry": { "type": "Point", "coordinates": [ 153.263769, -27.474333 ] } },
{ "type": "Feature", "properties": { "decimalLatitude": -28.568485, "decimalLongitude": 153.442875, "eventDate": "2025-10-14T19:32:08Z", "countryCode": "AU" }, "geometry": { "type": "Point", "coordinates": [ 153.442875, -28.568485 ] } },
{ "type": "Feature", "properties": { "decimalLatitude": -29.060112, "decimalLongitude": 152.538741, "eventDate": "2025-10-27T01:15:00Z", "countryCode": "AU" }, "geometry": { "type": "Point", "coordinates": [ 152.538741, -29.060112 ] } },
{ "type": "Feature", "properties": { "decimalLatitude": -28.014547, "decimalLongitude": 153.332264, "eventDate": "2025-10-30T05:41:05Z", "countryCode": "AU" }, "geometry": { "type": "Point", "coordinates": [ 153.332264, -28.014547 ] } },
{ "type": "Feature", "properties": { "decimalLatitude": -18.590439, "decimalLongitude": 145.803797, "eventDate": "2025-10-31T23:21:00Z", "countryCode": "AU" }, "geometry": { "type": "Point", "coordinates": [ 145.803797, -18.590439 ] } },
{ "type": "Feature", "properties": { "decimalLatitude": -29.060109, "decimalLongitude": 152.538853, "eventDate": "2025-10-27T01:12:02Z", "countryCode": "AU" }, "geometry": { "type": "Point", "coordinates": [ 152.538853, -29.060109 ] } },
{ "type": "Feature", "properties": { "decimalLatitude": -33.762027, "decimalLongitude": 151.106647, "eventDate": "2025-10-25T20:18:49Z", "countryCode": "AU" }, "geometry": { "type": "Point", "coordinates": [ 151.106647, -33.762027 ] } },
{ "type": "Feature", "properties": { "decimalLatitude": -25.027976, "decimalLongitude": 151.945407, "eventDate": "2025-10-30T09:32:18Z", "countryCode": "AU" }, "geometry": { "type": "Point", "coordinates": [ 151.945407, -25.027976 ] } },
{ "type": "Feature", "properties": { "decimalLatitude": -28.022963, "decimalLongitude": 153.315948, "eventDate": "2025-10-27T08:42:36Z", "countryCode": "AU" }, "geometry": { "type": "Point", "coordinates": [ 153.315948, -28.022963 ] } },
{ "type": "Feature", "properties": { "decimalLatitude": -25.286077, "decimalLongitude": 152.758412, "eventDate": "2025-10-24T12:22:00Z", "countryCode": "AU" }, "geometry": { "type": "Point", "coordinates": [ 152.758412, -25.286077 ] } },
{ "type": "Feature", "properties": { "decimalLatitude": -21.968385, "decimalLongitude": 149.656876, "eventDate": "2025-10-29T06:46:00Z", "countryCode": "AU" }, "geometry": { "type": "Point", "coordinates": [ 149.656876, -21.968385 ] } },
{ "type": "Feature", "properties": { "decimalLatitude": -27.517003, "decimalLongitude": 153.036925, "eventDate": "2025-10-27T07:39:54Z", "countryCode": "AU" }, "geometry": { "type": "Point", "coordinates": [ 153.036925, -27.517003 ] } },
{ "type": "Feature", "properties": { "decimalLatitude": -26.990819, "decimalLongitude": 152.82225, "eventDate": "2025-11-03T08:52:47Z", "countryCode": "AU" }, "geometry": { "type": "Point", "coordinates": [ 152.82225, -26.990819 ] } },
{ "type": "Feature", "properties": { "decimalLatitude": -35.467283, "decimalLongitude": 149.102051, "eventDate": "2025-11-01T16:22:47Z", "countryCode": "AU" }, "geometry": { "type": "Point", "coordinates": [ 149.102051, -35.467283 ] } },
{ "type": "Feature", "properties": { "decimalLatitude": -27.499945, "decimalLongitude": 152.999351, "eventDate": "2025-11-01T06:43:00Z", "countryCode": "AU" }, "geometry": { "type": "Point", "coordinates": [ 152.999351, -27.499945 ] } },
{ "type": "Feature", "properties": { "decimalLatitude": -27.601806, "decimalLongitude": 152.538806, "eventDate": "2025-11-08T07:05:46Z", "countryCode": "AU" }, "geometry": { "type": "Point", "coordinates": [ 152.538806, -27.601806 ] } },
{ "type": "Feature", "properties": { "decimalLatitude": -27.611242, "decimalLongitude": 152.977006, "eventDate": "2025-11-05T08:17:00Z", "countryCode": "AU" }, "geometry": { "type": "Point", "coordinates": [ 152.977006, -27.611242 ] } },
{ "type": "Feature", "properties": { "decimalLatitude": -26.717085, "decimalLongitude": 152.82335, "eventDate": "2025-11-19T06:29:00Z", "countryCode": "AU" }, "geometry": { "type": "Point", "coordinates": [ 152.82335, -26.717085 ] } },
{ "type": "Feature", "properties": { "decimalLatitude": -23.127861, "decimalLongitude": 150.748048, "eventDate": "2025-11-20T06:19:33Z", "countryCode": "AU" }, "geometry": { "type": "Point", "coordinates": [ 150.748048, -23.127861 ] } },
{ "type": "Feature", "properties": { "decimalLatitude": -26.824188, "decimalLongitude": 152.920135, "eventDate": "2025-11-20T22:08:00Z", "countryCode": "AU" }, "geometry": { "type": "Point", "coordinates": [ 152.920135, -26.824188 ] } },
{ "type": "Feature", "properties": { "decimalLatitude": -24.861294, "decimalLongitude": 152.495591, "eventDate": "2025-11-10T07:01:30Z", "countryCode": "AU" }, "geometry": { "type": "Point", "coordinates": [ 152.495591, -24.861294 ] } },
{ "type": "Feature", "properties": { "decimalLatitude": -31.694972, "decimalLongitude": 152.224213, "eventDate": "2025-11-24T20:10:28Z", "countryCode": "AU" }, "geometry": { "type": "Point", "coordinates": [ 152.224213, -31.694972 ] } },
{ "type": "Feature", "properties": { "decimalLatitude": -30.363708, "decimalLongitude": 152.728988, "eventDate": "2025-11-18T15:23:44Z", "countryCode": "AU" }, "geometry": { "type": "Point", "coordinates": [ 152.728988, -30.363708 ] } },
{ "type": "Feature", "properties": { "decimalLatitude": -27.33861, "decimalLongitude": 152.944625, "eventDate": "2025-11-28T20:47:18Z", "countryCode": "AU" }, "geometry": { "type": "Point", "coordinates": [ 152.944625, -27.33861 ] } },
{ "type": "Feature", "properties": { "decimalLatitude": -30.378762, "decimalLongitude": 152.518717, "eventDate": "2025-11-24T20:45:00Z", "countryCode": "AU" }, "geometry": { "type": "Point", "coordinates": [ 152.518717, -30.378762 ] } },
{ "type": "Feature", "properties": { "decimalLatitude": -31.527211, "decimalLongitude": 159.065636, "eventDate": "2025-11-26T17:34:44Z", "countryCode": "AU" }, "geometry": { "type": "Point", "coordinates": [ 159.065636, -31.527211 ] } },
{ "type": "Feature", "properties": { "decimalLatitude": -28.820435, "decimalLongitude": 153.333771, "eventDate": "2025-11-29T14:21:00Z", "countryCode": "AU" }, "geometry": { "type": "Point", "coordinates": [ 153.333771, -28.820435 ] } },
{ "type": "Feature", "properties": { "decimalLatitude": -28.858384, "decimalLongitude": 153.046968, "eventDate": "2025-12-08T07:29:55Z", "countryCode": "AU" }, "geometry": { "type": "Point", "coordinates": [ 153.046968, -28.858384 ] } },
{ "type": "Feature", "properties": { "decimalLatitude": -17.099664, "decimalLongitude": 144.374986, "eventDate": "2025-12-05T23:37:00Z", "countryCode": "AU" }, "geometry": { "type": "Point", "coordinates": [ 144.374986, -17.099664 ] } },
{ "type": "Feature", "properties": { "decimalLatitude": -30.287872, "decimalLongitude": 152.737134, "eventDate": "2025-12-07T21:05:00Z", "countryCode": "AU" }, "geometry": { "type": "Point", "coordinates": [ 152.737134, -30.287872 ] } },
{ "type": "Feature", "properties": { "decimalLatitude": -28.14242, "decimalLongitude": 153.336374, "eventDate": "2025-12-07T12:27:09Z", "countryCode": "AU" }, "geometry": { "type": "Point", "coordinates": [ 153.336374, -28.14242 ] } },
{ "type": "Feature", "properties": { "decimalLatitude": -30.287872, "decimalLongitude": 152.737134, "eventDate": "2025-12-13T21:31:00Z", "countryCode": "AU" }, "geometry": { "type": "Point", "coordinates": [ 152.737134, -30.287872 ] } },
{ "type": "Feature", "properties": { "decimalLatitude": -27.493217, "decimalLongitude": 152.246398, "eventDate": "2025-12-10T18:45:00Z", "countryCode": "AU" }, "geometry": { "type": "Point", "coordinates": [ 152.246398, -27.493217 ] } },
{ "type": "Feature", "properties": { "decimalLatitude": -20.32357, "decimalLongitude": 148.617553, "eventDate": "2025-12-13T20:13:00Z", "countryCode": "AU" }, "geometry": { "type": "Point", "coordinates": [ 148.617553, -20.32357 ] } },
{ "type": "Feature", "properties": { "decimalLatitude": -33.722831, "decimalLongitude": 151.166568, "eventDate": "2025-12-13T09:54:33Z", "countryCode": "AU" }, "geometry": { "type": "Point", "coordinates": [ 151.166568, -33.722831 ] } },
{ "type": "Feature", "properties": { "decimalLatitude": -26.57895, "decimalLongitude": 153.010681, "eventDate": "2025-12-05T13:00:25Z", "countryCode": "AU" }, "geometry": { "type": "Point", "coordinates": [ 153.010681, -26.57895 ] } },
{ "type": "Feature", "properties": { "decimalLatitude": -27.562113, "decimalLongitude": 152.971237, "eventDate": "2025-12-15T10:28:07Z", "countryCode": "AU" }, "geometry": { "type": "Point", "coordinates": [ 152.971237, -27.562113 ] } },
{ "type": "Feature", "properties": { "decimalLatitude": -26.884596, "decimalLongitude": 152.080164, "eventDate": "2025-12-12T19:07:00Z", "countryCode": "AU" }, "geometry": { "type": "Point", "coordinates": [ 152.080164, -26.884596 ] } },
{ "type": "Feature", "properties": { "decimalLatitude": -27.443749, "decimalLongitude": 152.15864, "eventDate": "2025-12-19T20:21:00Z", "countryCode": "AU" }, "geometry": { "type": "Point", "coordinates": [ 152.15864, -27.443749 ] } },
{ "type": "Feature", "properties": { "decimalLatitude": -27.755497, "decimalLongitude": 153.071466, "eventDate": "2025-12-20T00:09:17Z", "countryCode": "AU" }, "geometry": { "type": "Point", "coordinates": [ 153.071466, -27.755497 ] } },
{ "type": "Feature", "properties": { "decimalLatitude": -27.250438, "decimalLongitude": 153.158912, "eventDate": "2025-12-27T16:39:32Z", "countryCode": "AU" }, "geometry": { "type": "Point", "coordinates": [ 153.158912, -27.250438 ] } },
{ "type": "Feature", "properties": { "decimalLatitude": -27.389888, "decimalLongitude": 151.934967, "eventDate": "2025-12-19T08:30:20Z", "countryCode": "AU" }, "geometry": { "type": "Point", "coordinates": [ 151.934967, -27.389888 ] } },
{ "type": "Feature", "properties": { "decimalLatitude": -28.014548, "decimalLongitude": 153.332264, "eventDate": "2025-12-18T21:58:00Z", "countryCode": "AU" }, "geometry": { "type": "Point", "coordinates": [ 153.332264, -28.014548 ] } },
{ "type": "Feature", "properties": { "decimalLatitude": -27.955428, "decimalLongitude": 153.400404, "eventDate": "2025-12-25T11:48:09Z", "countryCode": "AU" }, "geometry": { "type": "Point", "coordinates": [ 153.400404, -27.955428 ] } },
{ "type": "Feature", "properties": { "decimalLatitude": -27.923227, "decimalLongitude": 152.78107, "eventDate": "2025-12-23T00:00:00Z", "countryCode": "AU" }, "geometry": { "type": "Point", "coordinates": [ 152.78107, -27.923227 ] } },
{ "type": "Feature", "properties": { "decimalLatitude": -27.528445, "decimalLongitude": 151.906403, "eventDate": "2025-12-23T08:01:30Z", "countryCode": "AU" }, "geometry": { "type": "Point", "coordinates": [ 151.906403, -27.528445 ] } },
{ "type": "Feature", "properties": { "decimalLatitude": -27.306248, "decimalLongitude": 151.851349, "eventDate": "2025-12-22T06:53:25Z", "countryCode": "AU" }, "geometry": { "type": "Point", "coordinates": [ 151.851349, -27.306248 ] } },
{ "type": "Feature", "properties": { "decimalLatitude": -27.907849, "decimalLongitude": 152.38945, "eventDate": "2025-12-19T05:42:00Z", "countryCode": "AU" }, "geometry": { "type": "Point", "coordinates": [ 152.38945, -27.907849 ] } },
{ "type": "Feature", "properties": { "decimalLatitude": -27.475195, "decimalLongitude": 153.168913, "eventDate": "2025-12-17T14:56:26Z", "countryCode": "AU" }, "geometry": { "type": "Point", "coordinates": [ 153.168913, -27.475195 ] } },
{ "type": "Feature", "properties": { "decimalLatitude": -28.257954, "decimalLongitude": 153.401784, "eventDate": "2025-12-24T06:53:00Z", "countryCode": "AU" }, "geometry": { "type": "Point", "coordinates": [ 153.401784, -28.257954 ] } },
{ "type": "Feature", "properties": { "decimalLatitude": -28.258001, "decimalLongitude": 153.401451, "eventDate": "2025-12-24T06:52:00Z", "countryCode": "AU" }, "geometry": { "type": "Point", "coordinates": [ 153.401451, -28.258001 ] } },
{ "type": "Feature", "properties": { "decimalLatitude": -27.51544, "decimalLongitude": 152.951282, "eventDate": "2025-12-28T07:25:00Z", "countryCode": "AU" }, "geometry": { "type": "Point", "coordinates": [ 152.951282, -27.51544 ] } },
{ "type": "Feature", "properties": { "decimalLatitude": -27.574459, "decimalLongitude": 152.940905, "eventDate": "2025-12-20T08:57:54Z", "countryCode": "AU" }, "geometry": { "type": "Point", "coordinates": [ 152.940905, -27.574459 ] } },
{ "type": "Feature", "properties": { "decimalLatitude": -27.932601, "decimalLongitude": 152.951708, "eventDate": "2025-12-24T19:56:14Z", "countryCode": "AU" }, "geometry": { "type": "Point", "coordinates": [ 152.951708, -27.932601 ] } },
{ "type": "Feature", "properties": { "decimalLatitude": -31.581534, "decimalLongitude": 152.978709, "eventDate": "2025-12-21T18:34:18Z", "countryCode": "AU" }, "geometry": { "type": "Point", "coordinates": [ 152.978709, -31.581534 ] } },
{ "type": "Feature", "properties": { "decimalLatitude": -32.562425, "decimalLongitude": 151.397388, "eventDate": "2025-12-17T07:48:00Z", "countryCode": "AU" }, "geometry": { "type": "Point", "coordinates": [ 151.397388, -32.562425 ] } },
{ "type": "Feature", "properties": { "decimalLatitude": -27.380789, "decimalLongitude": 153.050133, "eventDate": "2025-12-24T22:26:18Z", "countryCode": "AU" }, "geometry": { "type": "Point", "coordinates": [ 153.050133, -27.380789 ] } },
{ "type": "Feature", "properties": { "decimalLatitude": -32.226203, "decimalLongitude": 152.454497, "eventDate": "2025-12-24T07:53:48Z", "countryCode": "AU" }, "geometry": { "type": "Point", "coordinates": [ 152.454497, -32.226203 ] } },
{ "type": "Feature", "properties": { "decimalLatitude": -27.140919, "decimalLongitude": 153.044115, "eventDate": "2025-12-29T20:31:22Z", "countryCode": "AU" }, "geometry": { "type": "Point", "coordinates": [ 153.044115, -27.140919 ] } },
{ "type": "Feature", "properties": { "decimalLatitude": -27.667801, "decimalLongitude": 153.173354, "eventDate": "2025-12-23T21:44:31Z", "countryCode": "AU" }, "geometry": { "type": "Point", "coordinates": [ 153.173354, -27.667801 ] } },
{ "type": "Feature", "properties": { "decimalLatitude": -30.576053, "decimalLongitude": 152.582508, "eventDate": "2025-12-17T14:40:31Z", "countryCode": "AU" }, "geometry": { "type": "Point", "coordinates": [ 152.582508, -30.576053 ] } },
{ "type": "Feature", "properties": { "decimalLatitude": -27.948454, "decimalLongitude": 152.950962, "eventDate": "2025-12-23T09:36:00Z", "countryCode": "AU" }, "geometry": { "type": "Point", "coordinates": [ 152.950962, -27.948454 ] } },
{ "type": "Feature", "properties": { "decimalLatitude": -29.685814, "decimalLongitude": 152.890638, "eventDate": "2025-12-23T16:38:41Z", "countryCode": "AU" }, "geometry": { "type": "Point", "coordinates": [ 152.890638, -29.685814 ] } },
{ "type": "Feature", "properties": { "decimalLatitude": -33.753733, "decimalLongitude": 151.243058, "eventDate": "2025-12-22T08:39:45Z", "countryCode": "AU" }, "geometry": { "type": "Point", "coordinates": [ 151.243058, -33.753733 ] } },
{ "type": "Feature", "properties": { "decimalLatitude": -27.69405, "decimalLongitude": 153.160203, "eventDate": "2025-12-30T15:23:18Z", "countryCode": "AU" }, "geometry": { "type": "Point", "coordinates": [ 153.160203, -27.69405 ] } },
{ "type": "Feature", "properties": { "decimalLatitude": -20.291862, "decimalLongitude": 148.526795, "eventDate": "2025-12-31T08:18:03Z", "countryCode": "AU" }, "geometry": { "type": "Point", "coordinates": [ 148.526795, -20.291862 ] } },
{ "type": "Feature", "properties": { "decimalLatitude": -26.393036, "decimalLongitude": 152.954629, "eventDate": "2025-12-30T11:23:47Z", "countryCode": "AU" }, "geometry": { "type": "Point", "coordinates": [ 152.954629, -26.393036 ] } },
{ "type": "Feature", "properties": { "decimalLatitude": -30.373013, "decimalLongitude": 153.066606, "eventDate": "2025-12-31T15:41:49Z", "countryCode": "AU" }, "geometry": { "type": "Point", "coordinates": [ 153.066606, -30.373013 ] } },
{ "type": "Feature", "properties": { "decimalLatitude": -28.149448, "decimalLongitude": 153.326084, "eventDate": "2025-12-31T09:30:34Z", "countryCode": "AU" }, "geometry": { "type": "Point", "coordinates": [ 153.326084, -28.149448 ] } },
{ "type": "Feature", "properties": { "decimalLatitude": -27.78791, "decimalLongitude": 153.191954, "eventDate": "2025-12-31T13:57:34Z", "countryCode": "AU" }, "geometry": { "type": "Point", "coordinates": [ 153.191954, -27.78791 ] } },
{ "type": "Feature", "properties": { "decimalLatitude": -26.681782, "decimalLongitude": 153.067647, "eventDate": "2025-12-26T08:28:16Z", "countryCode": "AU" }, "geometry": { "type": "Point", "coordinates": [ 153.067647, -26.681782 ] } },
{ "type": "Feature", "properties": { "decimalLatitude": -27.579797, "decimalLongitude": 153.0533, "eventDate": "2025-12-30T16:09:00Z", "countryCode": "AU" }, "geometry": { "type": "Point", "coordinates": [ 153.0533, -27.579797 ] } },
{ "type": "Feature", "properties": { "decimalLatitude": -27.244517, "decimalLongitude": 153.108078, "eventDate": "2025-12-26T15:35:24Z", "countryCode": "AU" }, "geometry": { "type": "Point", "coordinates": [ 153.108078, -27.244517 ] } },
{ "type": "Feature", "properties": { "decimalLatitude": -27.129074, "decimalLongitude": 153.052322, "eventDate": "2025-12-31T09:00:00Z", "countryCode": "AU" }, "geometry": { "type": "Point", "coordinates": [ 153.052322, -27.129074 ] } },
{ "type": "Feature", "properties": { "decimalLatitude": -27.559976, "decimalLongitude": 152.943697, "eventDate": "2025-12-28T07:18:00Z", "countryCode": "AU" }, "geometry": { "type": "Point", "coordinates": [ 152.943697, -27.559976 ] } },
{ "type": "Feature", "properties": { "decimalLatitude": -27.924439, "decimalLongitude": 153.207369, "eventDate": "2025-12-26T15:21:50Z", "countryCode": "AU" }, "geometry": { "type": "Point", "coordinates": [ 153.207369, -27.924439 ] } },
{ "type": "Feature", "properties": { "decimalLatitude": -27.620878, "decimalLongitude": 152.741822, "eventDate": "2025-12-16T17:29:10Z", "countryCode": "AU" }, "geometry": { "type": "Point", "coordinates": [ 152.741822, -27.620878 ] } }
]
}
