{
"type": "FeatureCollection",
"name": "stibochiona-nicea-gbif",
"crs": { "type": "name", "properties": { "name": "urn:ogc:def:crs:OGC:1.3:CRS84" } },
"features": [
{ "type": "Feature", "properties": { "decimalLatitude": 26.662599, "decimalLongitude": 94.35361, "eventDate": "2015-03-14T10:31:00Z", "countryCode": "IN" }, "geometry": { "type": "Point", "coordinates": [ 94.35361, 26.662599 ] } },
{ "type": "Feature", "properties": { "decimalLatitude": 23.503054, "decimalLongitude": 92.533324, "eventDate": "2015-03-14T10:13:00Z", "countryCode": "IN" }, "geometry": { "type": "Point", "coordinates": [ 92.533324, 23.503054 ] } },
{ "type": "Feature", "properties": { "decimalLatitude": 24.600548, "decimalLongitude": 92.381362, "eventDate": "2015-03-08T08:39:13Z", "countryCode": "IN" }, "geometry": { "type": "Point", "coordinates": [ 92.381362, 24.600548 ] } },
{ "type": "Feature", "properties": { "decimalLatitude": 24.600548, "decimalLongitude": 92.381362, "eventDate": "2015-03-01T08:02:49Z", "countryCode": "IN" }, "geometry": { "type": "Point", "coordinates": [ 92.381362, 24.600548 ] } },
{ "type": "Feature", "properties": { "decimalLatitude": 24.600548, "decimalLongitude": 92.381362, "eventDate": "2015-11-08T07:06:22Z", "countryCode": "IN" }, "geometry": { "type": "Point", "coordinates": [ 92.381362, 24.600548 ] } },
{ "type": "Feature", "properties": { "decimalLatitude": 23.228688, "decimalLongitude": 100.767089, "eventDate": "2016-03-24T10:02:00Z", "countryCode": "CN" }, "geometry": { "type": "Point", "coordinates": [ 100.767089, 23.228688 ] } },
{ "type": "Feature", "properties": { "decimalLatitude": 27.275373, "decimalLongitude": 91.239777, "eventDate": "2016-04-22T00:00:00Z", "countryCode": "BT" }, "geometry": { "type": "Point", "coordinates": [ 91.239777, 27.275373 ] } },
{ "type": "Feature", "properties": { "decimalLatitude": 27.186213, "decimalLongitude": 90.707151, "eventDate": "2016-04-29T16:58:00Z", "countryCode": "BT" }, "geometry": { "type": "Point", "coordinates": [ 90.707151, 27.186213 ] } },
{ "type": "Feature", "properties": { "decimalLatitude": 27.066255, "decimalLongitude": 92.406258, "eventDate": "2016-05-04T18:48:00Z", "countryCode": "IN" }, "geometry": { "type": "Point", "coordinates": [ 92.406258, 27.066255 ] } },
{ "type": "Feature", "properties": { "decimalLatitude": 27.103966, "decimalLongitude": 92.398021, "eventDate": "2016-05-02T22:00:00Z", "countryCode": "IN" }, "geometry": { "type": "Point", "coordinates": [ 92.398021, 27.103966 ] } },
{ "type": "Feature", "properties": { "decimalLatitude": 21.118372, "decimalLongitude": 104.952135, "eventDate": "2016-06-29T06:50:00Z", "countryCode": "VN" }, "geometry": { "type": "Point", "coordinates": [ 104.952135, 21.118372 ] } },
{ "type": "Feature", "properties": { "decimalLatitude": 26.370023, "decimalLongitude": 108.202854, "eventDate": "2016-06-16T10:30:00Z", "countryCode": "CN" }, "geometry": { "type": "Point", "coordinates": [ 108.202854, 26.370023 ] } },
{ "type": "Feature", "properties": { "decimalLatitude": 21.921382, "decimalLongitude": 101.274925, "eventDate": "2016-08-06T20:16:00Z", "countryCode": "CN" }, "geometry": { "type": "Point", "coordinates": [ 101.274925, 21.921382 ] } },
{ "type": "Feature", "properties": { "decimalLatitude": 21.921035, "decimalLongitude": 101.27422, "eventDate": "2016-08-09T13:23:18Z", "countryCode": "CN" }, "geometry": { "type": "Point", "coordinates": [ 101.27422, 21.921035 ] } },
{ "type": "Feature", "properties": { "decimalLatitude": 27.705683, "decimalLongitude": 119.67511, "eventDate": "2016-08-29T14:54:00Z", "countryCode": "CN" }, "geometry": { "type": "Point", "coordinates": [ 119.67511, 27.705683 ] } },
{ "type": "Feature", "properties": { "decimalLatitude": 27.569594, "decimalLongitude": 93.982909, "eventDate": "2016-09-17T13:05:00Z", "countryCode": "IN" }, "geometry": { "type": "Point", "coordinates": [ 93.982909, 27.569594 ] } },
{ "type": "Feature", "properties": { "decimalLatitude": 25.200969, "decimalLongitude": 91.918128, "eventDate": "2016-10-21T15:12:00Z", "countryCode": "IN" }, "geometry": { "type": "Point", "coordinates": [ 91.918128, 25.200969 ] } },
{ "type": "Feature", "properties": { "decimalLatitude": 25.19997, "decimalLongitude": 91.927414, "eventDate": "2016-10-21T00:00:00Z", "countryCode": "IN" }, "geometry": { "type": "Point", "coordinates": [ 91.927414, 25.19997 ] } },
{ "type": "Feature", "properties": { "decimalLatitude": 26.651571, "decimalLongitude": 94.328262, "eventDate": "2016-10-09T00:00:00Z", "countryCode": "IN" }, "geometry": { "type": "Point", "coordinates": [ 94.328262, 26.651571 ] } },
{ "type": "Feature", "properties": { "decimalLatitude": 21.919041, "decimalLongitude": 101.271527, "eventDate": "2016-10-10T11:32:00Z", "countryCode": "CN" }, "geometry": { "type": "Point", "coordinates": [ 101.271527, 21.919041 ] } },
{ "type": "Feature", "properties": { "decimalLatitude": 21.919041, "decimalLongitude": 101.271527, "eventDate": "2016-10-10T11:34:00Z", "countryCode": "CN" }, "geometry": { "type": "Point", "coordinates": [ 101.271527, 21.919041 ] } },
{ "type": "Feature", "properties": { "decimalLatitude": 25.616629, "decimalLongitude": 91.85999, "eventDate": "2016-11-05T13:27:00Z", "countryCode": "IN" }, "geometry": { "type": "Point", "coordinates": [ 91.85999, 25.616629 ] } },
{ "type": "Feature", "properties": { "decimalLatitude": 24.33826, "decimalLongitude": 92.341762, "eventDate": "2016-12-18T10:55:37Z", "countryCode": "IN" }, "geometry": { "type": "Point", "coordinates": [ 92.341762, 24.33826 ] } },
{ "type": "Feature", "properties": { "decimalLatitude": 24.434369, "decimalLongitude": 92.266006, "eventDate": "2017-02-26T10:06:43Z", "countryCode": "IN" }, "geometry": { "type": "Point", "coordinates": [ 92.266006, 24.434369 ] } },
{ "type": "Feature", "properties": { "decimalLatitude": 18.546913, "decimalLongitude": 98.505138, "eventDate": "2017-03-13T09:23:00Z", "countryCode": "TH" }, "geometry": { "type": "Point", "coordinates": [ 98.505138, 18.546913 ] } },
{ "type": "Feature", "properties": { "decimalLatitude": 27.187113, "decimalLongitude": 90.532606, "eventDate": "2017-04-19T13:00:02Z", "countryCode": "BT" }, "geometry": { "type": "Point", "coordinates": [ 90.532606, 27.187113 ] } },
{ "type": "Feature", "properties": { "decimalLatitude": 27.187819, "decimalLongitude": 90.530876, "eventDate": "2017-04-18T00:00:00Z", "countryCode": "BT" }, "geometry": { "type": "Point", "coordinates": [ 90.530876, 27.187819 ] } },
{ "type": "Feature", "properties": { "decimalLatitude": 27.64544, "decimalLongitude": 85.45303, "eventDate": "2017-05-31T00:09:00Z", "countryCode": "NP" }, "geometry": { "type": "Point", "coordinates": [ 85.45303, 27.64544 ] } },
{ "type": "Feature", "properties": { "decimalLatitude": 24.43202, "decimalLongitude": 92.330689, "eventDate": "2017-07-09T08:08:48Z", "countryCode": "IN" }, "geometry": { "type": "Point", "coordinates": [ 92.330689, 24.43202 ] } },
{ "type": "Feature", "properties": { "decimalLatitude": 27.512337, "decimalLongitude": 88.527811, "eventDate": "2017-09-05T13:26:00Z", "countryCode": "IN" }, "geometry": { "type": "Point", "coordinates": [ 88.527811, 27.512337 ] } },
{ "type": "Feature", "properties": { "decimalLatitude": 27.576892, "decimalLongitude": 93.895031, "eventDate": "2017-09-23T12:40:00Z", "countryCode": "IN" }, "geometry": { "type": "Point", "coordinates": [ 93.895031, 27.576892 ] } },
{ "type": "Feature", "properties": { "decimalLatitude": 26.168766, "decimalLongitude": 91.718437, "eventDate": "2017-10-25T00:00:00Z", "countryCode": "IN" }, "geometry": { "type": "Point", "coordinates": [ 91.718437, 26.168766 ] } },
{ "type": "Feature", "properties": { "decimalLatitude": 24.380595, "decimalLongitude": 92.34291, "eventDate": "2017-10-08T10:42:23Z", "countryCode": "IN" }, "geometry": { "type": "Point", "coordinates": [ 92.34291, 24.380595 ] } },
{ "type": "Feature", "properties": { "decimalLatitude": 27.738904, "decimalLongitude": 96.33856, "eventDate": "2017-11-21T09:34:00Z", "countryCode": "IN" }, "geometry": { "type": "Point", "coordinates": [ 96.33856, 27.738904 ] } },
{ "type": "Feature", "properties": { "decimalLatitude": 25.143886, "decimalLongitude": 93.048188, "eventDate": "2018-02-20T12:56:00Z", "countryCode": "IN" }, "geometry": { "type": "Point", "coordinates": [ 93.048188, 25.143886 ] } },
{ "type": "Feature", "properties": { "decimalLatitude": 24.351319, "decimalLongitude": 92.341461, "eventDate": "2018-02-25T11:09:40Z", "countryCode": "IN" }, "geometry": { "type": "Point", "coordinates": [ 92.341461, 24.351319 ] } },
{ "type": "Feature", "properties": { "decimalLatitude": 16.100729, "decimalLongitude": 99.108306, "eventDate": "2018-02-13T12:37:00Z", "countryCode": "TH" }, "geometry": { "type": "Point", "coordinates": [ 99.108306, 16.100729 ] } },
{ "type": "Feature", "properties": { "decimalLatitude": 24.352678, "decimalLongitude": 92.344814, "eventDate": "2018-03-21T13:48:00Z", "countryCode": "IN" }, "geometry": { "type": "Point", "coordinates": [ 92.344814, 24.352678 ] } },
{ "type": "Feature", "properties": { "decimalLatitude": 24.3278, "decimalLongitude": 91.7836, "eventDate": "2018-03-16T00:00:00Z", "countryCode": "BD" }, "geometry": { "type": "Point", "coordinates": [ 91.7836, 24.3278 ] } },
{ "type": "Feature", "properties": { "decimalLatitude": 24.33, "decimalLongitude": 91.78, "eventDate": "2018-03-16T00:00:00Z", "countryCode": "BD" }, "geometry": { "type": "Point", "coordinates": [ 91.78, 24.33 ] } },
{ "type": "Feature", "properties": { "decimalLatitude": 27.048813, "decimalLongitude": 92.415594, "eventDate": "2018-03-31T17:21:00Z", "countryCode": "IN" }, "geometry": { "type": "Point", "coordinates": [ 92.415594, 27.048813 ] } },
{ "type": "Feature", "properties": { "decimalLatitude": 27.435626, "decimalLongitude": 91.573716, "eventDate": "2018-04-20T16:06:00Z", "countryCode": "BT" }, "geometry": { "type": "Point", "coordinates": [ 91.573716, 27.435626 ] } },
{ "type": "Feature", "properties": { "decimalLatitude": 27.508827, "decimalLongitude": 96.373761, "eventDate": "2018-04-30T10:23:00Z", "countryCode": "IN" }, "geometry": { "type": "Point", "coordinates": [ 96.373761, 27.508827 ] } },
{ "type": "Feature", "properties": { "decimalLatitude": 27.496369, "decimalLongitude": 96.391001, "eventDate": "2018-04-28T14:51:00Z", "countryCode": "IN" }, "geometry": { "type": "Point", "coordinates": [ 96.391001, 27.496369 ] } },
{ "type": "Feature", "properties": { "decimalLatitude": 27.485061, "decimalLongitude": 96.405934, "eventDate": "2018-04-29T12:07:00Z", "countryCode": "IN" }, "geometry": { "type": "Point", "coordinates": [ 96.405934, 27.485061 ] } },
{ "type": "Feature", "properties": { "decimalLatitude": 27.528611, "decimalLongitude": 96.387693, "eventDate": "2018-04-29T00:00:00Z", "countryCode": "IN" }, "geometry": { "type": "Point", "coordinates": [ 96.387693, 27.528611 ] } },
{ "type": "Feature", "properties": { "decimalLatitude": 30.346191, "decimalLongitude": 79.048506, "eventDate": "2018-04-03T11:21:00Z", "countryCode": "IN" }, "geometry": { "type": "Point", "coordinates": [ 79.048506, 30.346191 ] } },
{ "type": "Feature", "properties": { "decimalLatitude": 27.047497, "decimalLongitude": 92.417933, "eventDate": "2018-04-11T13:00:00Z", "countryCode": "IN" }, "geometry": { "type": "Point", "coordinates": [ 92.417933, 27.047497 ] } },
{ "type": "Feature", "properties": { "decimalLatitude": 29.73899, "decimalLongitude": 80.484803, "eventDate": "2018-05-24T15:41:00Z", "countryCode": "NP" }, "geometry": { "type": "Point", "coordinates": [ 80.484803, 29.73899 ] } },
{ "type": "Feature", "properties": { "decimalLatitude": 24.426319, "decimalLongitude": 92.338932, "eventDate": "2018-06-15T03:37:00Z", "countryCode": "IN" }, "geometry": { "type": "Point", "coordinates": [ 92.338932, 24.426319 ] } },
{ "type": "Feature", "properties": { "decimalLatitude": 21.124354, "decimalLongitude": 104.973178, "eventDate": "2018-06-08T05:30:00Z", "countryCode": "VN" }, "geometry": { "type": "Point", "coordinates": [ 104.973178, 21.124354 ] } },
{ "type": "Feature", "properties": { "decimalLatitude": 30.32986, "decimalLongitude": 119.442367, "eventDate": "2018-07-05T09:52:00Z", "countryCode": "CN" }, "geometry": { "type": "Point", "coordinates": [ 119.442367, 30.32986 ] } },
{ "type": "Feature", "properties": { "decimalLatitude": 21.937962, "decimalLongitude": 101.247363, "eventDate": "2018-08-05T10:59:00Z", "countryCode": "CN" }, "geometry": { "type": "Point", "coordinates": [ 101.247363, 21.937962 ] } },
{ "type": "Feature", "properties": { "decimalLatitude": 26.953094, "decimalLongitude": 88.155763, "eventDate": "2018-08-22T15:37:00Z", "countryCode": "IN" }, "geometry": { "type": "Point", "coordinates": [ 88.155763, 26.953094 ] } },
{ "type": "Feature", "properties": { "decimalLatitude": 30.901204, "decimalLongitude": 103.563828, "eventDate": "2018-08-13T00:00:00Z", "countryCode": "CN" }, "geometry": { "type": "Point", "coordinates": [ 103.563828, 30.901204 ] } },
{ "type": "Feature", "properties": { "decimalLatitude": 29.356081, "decimalLongitude": 110.426354, "eventDate": "2018-08-12T06:06:00Z", "countryCode": "CN" }, "geometry": { "type": "Point", "coordinates": [ 110.426354, 29.356081 ] } },
{ "type": "Feature", "properties": { "decimalLatitude": 21.926922, "decimalLongitude": 101.256318, "eventDate": "2018-08-11T14:18:00Z", "countryCode": "CN" }, "geometry": { "type": "Point", "coordinates": [ 101.256318, 21.926922 ] } },
{ "type": "Feature", "properties": { "decimalLatitude": 27.589168, "decimalLongitude": 88.401211, "eventDate": "2018-09-22T15:14:03Z", "countryCode": "IN" }, "geometry": { "type": "Point", "coordinates": [ 88.401211, 27.589168 ] } },
{ "type": "Feature", "properties": { "decimalLatitude": 27.032207, "decimalLongitude": 90.186966, "eventDate": "2018-09-23T00:00:00Z", "countryCode": "BT" }, "geometry": { "type": "Point", "coordinates": [ 90.186966, 27.032207 ] } },
{ "type": "Feature", "properties": { "decimalLatitude": 18.998886, "decimalLongitude": 109.07169, "eventDate": "2018-10-06T11:56:00Z", "countryCode": "CN" }, "geometry": { "type": "Point", "coordinates": [ 109.07169, 18.998886 ] } },
{ "type": "Feature", "properties": { "decimalLatitude": 21.910102, "decimalLongitude": 101.281232, "eventDate": "2018-11-06T09:45:40Z", "countryCode": "CN" }, "geometry": { "type": "Point", "coordinates": [ 101.281232, 21.910102 ] } },
{ "type": "Feature", "properties": { "decimalLatitude": 19.749346, "decimalLongitude": 101.987628, "eventDate": "2018-11-15T00:00:00Z", "countryCode": "LA" }, "geometry": { "type": "Point", "coordinates": [ 101.987628, 19.749346 ] } },
{ "type": "Feature", "properties": { "decimalLatitude": 24.352808, "decimalLongitude": 92.344603, "eventDate": "2018-11-10T23:21:00Z", "countryCode": "IN" }, "geometry": { "type": "Point", "coordinates": [ 92.344603, 24.352808 ] } },
{ "type": "Feature", "properties": { "decimalLatitude": 24.352808, "decimalLongitude": 92.344603, "eventDate": "2018-11-12T23:59:00Z", "countryCode": "IN" }, "geometry": { "type": "Point", "coordinates": [ 92.344603, 24.352808 ] } },
{ "type": "Feature", "properties": { "decimalLatitude": 25.27021, "decimalLongitude": 91.732288, "eventDate": "2018-11-07T09:22:00Z", "countryCode": "IN" }, "geometry": { "type": "Point", "coordinates": [ 91.732288, 25.27021 ] } },
{ "type": "Feature", "properties": { "decimalLatitude": 25.27021, "decimalLongitude": 91.732288, "eventDate": "2018-11-06T10:39:00Z", "countryCode": "IN" }, "geometry": { "type": "Point", "coordinates": [ 91.732288, 25.27021 ] } },
{ "type": "Feature", "properties": { "decimalLatitude": 25.27021, "decimalLongitude": 91.732288, "eventDate": "2018-11-10T10:36:00Z", "countryCode": "IN" }, "geometry": { "type": "Point", "coordinates": [ 91.732288, 25.27021 ] } },
{ "type": "Feature", "properties": { "decimalLatitude": 25.210993, "decimalLongitude": 90.653355, "eventDate": "2018-11-20T12:40:00Z", "countryCode": "IN" }, "geometry": { "type": "Point", "coordinates": [ 90.653355, 25.210993 ] } },
{ "type": "Feature", "properties": { "decimalLatitude": 25.357836, "decimalLongitude": 90.66189, "eventDate": "2018-11-24T10:55:00Z", "countryCode": "IN" }, "geometry": { "type": "Point", "coordinates": [ 90.66189, 25.357836 ] } },
{ "type": "Feature", "properties": { "decimalLatitude": 25.210993, "decimalLongitude": 90.653355, "eventDate": "2018-11-20T13:19:00Z", "countryCode": "IN" }, "geometry": { "type": "Point", "coordinates": [ 90.653355, 25.210993 ] } },
{ "type": "Feature", "properties": { "decimalLatitude": 24.478477, "decimalLongitude": 92.293232, "eventDate": "2018-11-11T07:44:34Z", "countryCode": "IN" }, "geometry": { "type": "Point", "coordinates": [ 92.293232, 24.478477 ] } },
{ "type": "Feature", "properties": { "decimalLatitude": 19.749248, "decimalLongitude": 101.986698, "eventDate": "2018-11-15T00:00:00Z", "countryCode": "LA" }, "geometry": { "type": "Point", "coordinates": [ 101.986698, 19.749248 ] } },
{ "type": "Feature", "properties": { "decimalLatitude": 25.248537, "decimalLongitude": 91.668838, "eventDate": "2018-12-16T00:00:00Z", "countryCode": "IN" }, "geometry": { "type": "Point", "coordinates": [ 91.668838, 25.248537 ] } },
{ "type": "Feature", "properties": { "decimalLatitude": 24.352674, "decimalLongitude": 92.344815, "eventDate": "2018-12-02T22:42:00Z", "countryCode": "IN" }, "geometry": { "type": "Point", "coordinates": [ 92.344815, 24.352674 ] } },
{ "type": "Feature", "properties": { "decimalLatitude": 12.357265, "decimalLongitude": 99.510665, "eventDate": "2019-01-29T03:50:00Z", "countryCode": "TH" }, "geometry": { "type": "Point", "coordinates": [ 99.510665, 12.357265 ] } },
{ "type": "Feature", "properties": { "decimalLatitude": 24.352674, "decimalLongitude": 92.344815, "eventDate": "2019-02-26T14:09:00Z", "countryCode": "IN" }, "geometry": { "type": "Point", "coordinates": [ 92.344815, 24.352674 ] } },
{ "type": "Feature", "properties": { "decimalLatitude": 24.352674, "decimalLongitude": 92.344818, "eventDate": "2019-02-26T00:00:00Z", "countryCode": "IN" }, "geometry": { "type": "Point", "coordinates": [ 92.344818, 24.352674 ] } },
{ "type": "Feature", "properties": { "decimalLatitude": 24.352674, "decimalLongitude": 92.344815, "eventDate": "2019-03-16T15:19:00Z", "countryCode": "IN" }, "geometry": { "type": "Point", "coordinates": [ 92.344815, 24.352674 ] } },
{ "type": "Feature", "properties": { "decimalLatitude": 19.749498, "decimalLongitude": 101.991931, "eventDate": "2019-03-03T00:00:00Z", "countryCode": "LA" }, "geometry": { "type": "Point", "coordinates": [ 101.991931, 19.749498 ] } },
{ "type": "Feature", "properties": { "decimalLatitude": 26.699424, "decimalLongitude": 89.617713, "eventDate": "2019-03-21T00:00:00Z", "countryCode": "IN" }, "geometry": { "type": "Point", "coordinates": [ 89.617713, 26.699424 ] } },
{ "type": "Feature", "properties": { "decimalLatitude": 25.467031, "decimalLongitude": 91.366216, "eventDate": "2019-03-14T23:41:00Z", "countryCode": "IN" }, "geometry": { "type": "Point", "coordinates": [ 91.366216, 25.467031 ] } },
{ "type": "Feature", "properties": { "decimalLatitude": 26.707656, "decimalLongitude": 89.560326, "eventDate": "2019-03-21T12:36:00Z", "countryCode": "IN" }, "geometry": { "type": "Point", "coordinates": [ 89.560326, 26.707656 ] } },
{ "type": "Feature", "properties": { "decimalLatitude": 27.518888, "decimalLongitude": 89.868057, "eventDate": "2019-04-12T14:09:26Z", "countryCode": "BT" }, "geometry": { "type": "Point", "coordinates": [ 89.868057, 27.518888 ] } },
{ "type": "Feature", "properties": { "decimalLatitude": 27.119444, "decimalLongitude": 90.665, "eventDate": "2019-04-15T10:50:00Z", "countryCode": "BT" }, "geometry": { "type": "Point", "coordinates": [ 90.665, 27.119444 ] } },
{ "type": "Feature", "properties": { "decimalLatitude": 24.352674, "decimalLongitude": 92.344815, "eventDate": "2019-04-18T10:32:00Z", "countryCode": "IN" }, "geometry": { "type": "Point", "coordinates": [ 92.344815, 24.352674 ] } },
{ "type": "Feature", "properties": { "decimalLatitude": 27.123112, "decimalLongitude": 90.666073, "eventDate": "2019-04-15T12:37:00Z", "countryCode": "BT" }, "geometry": { "type": "Point", "coordinates": [ 90.666073, 27.123112 ] } },
{ "type": "Feature", "properties": { "decimalLatitude": 27.123112, "decimalLongitude": 90.666073, "eventDate": "2019-04-15T12:49:00Z", "countryCode": "BT" }, "geometry": { "type": "Point", "coordinates": [ 90.666073, 27.123112 ] } },
{ "type": "Feature", "properties": { "decimalLatitude": 27.123112, "decimalLongitude": 90.666073, "eventDate": "2019-04-15T12:38:00Z", "countryCode": "BT" }, "geometry": { "type": "Point", "coordinates": [ 90.666073, 27.123112 ] } },
{ "type": "Feature", "properties": { "decimalLatitude": 25.752716, "decimalLongitude": 116.190451, "eventDate": "2019-04-09T13:01:00Z", "countryCode": "CN" }, "geometry": { "type": "Point", "coordinates": [ 116.190451, 25.752716 ] } },
{ "type": "Feature", "properties": { "decimalLatitude": 27.588951, "decimalLongitude": 87.323028, "eventDate": "2019-04-22T10:35:00Z", "countryCode": "NP" }, "geometry": { "type": "Point", "coordinates": [ 87.323028, 27.588951 ] } },
{ "type": "Feature", "properties": { "decimalLatitude": 26.662599, "decimalLongitude": 94.35361, "eventDate": "2019-05-24T00:00:00Z", "countryCode": "IN" }, "geometry": { "type": "Point", "coordinates": [ 94.35361, 26.662599 ] } },
{ "type": "Feature", "properties": { "decimalLatitude": 30.466366, "decimalLongitude": 79.077947, "eventDate": "2019-05-03T12:33:00Z", "countryCode": "IN" }, "geometry": { "type": "Point", "coordinates": [ 79.077947, 30.466366 ] } },
{ "type": "Feature", "properties": { "decimalLatitude": 31.006217, "decimalLongitude": 77.141414, "eventDate": "2019-06-28T08:25:00Z", "countryCode": "IN" }, "geometry": { "type": "Point", "coordinates": [ 77.141414, 31.006217 ] } },
{ "type": "Feature", "properties": { "decimalLatitude": 25.369725, "decimalLongitude": 112.196567, "eventDate": "2019-06-07T13:46:09Z", "countryCode": "CN" }, "geometry": { "type": "Point", "coordinates": [ 112.196567, 25.369725 ] } },
{ "type": "Feature", "properties": { "decimalLatitude": 30.078723, "decimalLongitude": 102.983563, "eventDate": "2019-06-16T04:34:00Z", "countryCode": "CN" }, "geometry": { "type": "Point", "coordinates": [ 102.983563, 30.078723 ] } },
{ "type": "Feature", "properties": { "decimalLatitude": 27.372426, "decimalLongitude": 88.222991, "eventDate": "2019-08-12T00:00:00Z", "countryCode": "IN" }, "geometry": { "type": "Point", "coordinates": [ 88.222991, 27.372426 ] } },
{ "type": "Feature", "properties": { "decimalLatitude": 25.234479, "decimalLongitude": 110.179953, "eventDate": "2019-08-14T18:23:07Z", "countryCode": "CN" }, "geometry": { "type": "Point", "coordinates": [ 110.179953, 25.234479 ] } },
{ "type": "Feature", "properties": { "decimalLatitude": 27.89796, "decimalLongitude": 119.15969, "eventDate": "2019-08-28T12:15:00Z", "countryCode": "CN" }, "geometry": { "type": "Point", "coordinates": [ 119.15969, 27.89796 ] } },
{ "type": "Feature", "properties": { "decimalLatitude": 27.492514, "decimalLongitude": 88.502457, "eventDate": "2019-10-20T08:55:44Z", "countryCode": "IN" }, "geometry": { "type": "Point", "coordinates": [ 88.502457, 27.492514 ] } },
{ "type": "Feature", "properties": { "decimalLatitude": 28.800596, "decimalLongitude": 94.801617, "eventDate": "2019-10-13T10:21:00Z", "countryCode": "IN" }, "geometry": { "type": "Point", "coordinates": [ 94.801617, 28.800596 ] } },
{ "type": "Feature", "properties": { "decimalLatitude": 27.735055, "decimalLongitude": 96.339093, "eventDate": "2019-10-09T13:11:00Z", "countryCode": "IN" }, "geometry": { "type": "Point", "coordinates": [ 96.339093, 27.735055 ] } },
{ "type": "Feature", "properties": { "decimalLatitude": 27.734065, "decimalLongitude": 96.33748, "eventDate": "2019-10-13T13:50:00Z", "countryCode": "IN" }, "geometry": { "type": "Point", "coordinates": [ 96.33748, 27.734065 ] } },
{ "type": "Feature", "properties": { "decimalLatitude": 27.734065, "decimalLongitude": 96.33748, "eventDate": "2019-10-13T13:50:00Z", "countryCode": "IN" }, "geometry": { "type": "Point", "coordinates": [ 96.33748, 27.734065 ] } },
{ "type": "Feature", "properties": { "decimalLatitude": 25.252897, "decimalLongitude": 91.671509, "eventDate": "2019-10-02T00:00:00Z", "countryCode": "IN" }, "geometry": { "type": "Point", "coordinates": [ 91.671509, 25.252897 ] } },
{ "type": "Feature", "properties": { "decimalLatitude": 25.358237, "decimalLongitude": 90.661847, "eventDate": "2019-11-24T00:00:00Z", "countryCode": "IN" }, "geometry": { "type": "Point", "coordinates": [ 90.661847, 25.358237 ] } },
{ "type": "Feature", "properties": { "decimalLatitude": 27.159211, "decimalLongitude": 90.54657, "eventDate": "2019-11-19T00:00:00Z", "countryCode": "BT" }, "geometry": { "type": "Point", "coordinates": [ 90.54657, 27.159211 ] } },
{ "type": "Feature", "properties": { "decimalLatitude": 25.219386, "decimalLongitude": 91.662814, "eventDate": "2019-12-03T07:36:00Z", "countryCode": "IN" }, "geometry": { "type": "Point", "coordinates": [ 91.662814, 25.219386 ] } },
{ "type": "Feature", "properties": { "decimalLatitude": 25.219386, "decimalLongitude": 91.662814, "eventDate": "2019-12-03T07:37:00Z", "countryCode": "IN" }, "geometry": { "type": "Point", "coordinates": [ 91.662814, 25.219386 ] } },
{ "type": "Feature", "properties": { "decimalLatitude": 24.43202, "decimalLongitude": 92.330689, "eventDate": "2020-01-04T00:00:00Z", "countryCode": "IN" }, "geometry": { "type": "Point", "coordinates": [ 92.330689, 24.43202 ] } },
{ "type": "Feature", "properties": { "decimalLatitude": 20.795098, "decimalLongitude": 106.996862, "eventDate": "2020-02-21T06:21:00Z", "countryCode": "VN" }, "geometry": { "type": "Point", "coordinates": [ 106.996862, 20.795098 ] } },
{ "type": "Feature", "properties": { "decimalLatitude": 24.352678, "decimalLongitude": 92.344814, "eventDate": "2020-03-30T10:36:00Z", "countryCode": "IN" }, "geometry": { "type": "Point", "coordinates": [ 92.344814, 24.352678 ] } },
{ "type": "Feature", "properties": { "decimalLatitude": 24.352678, "decimalLongitude": 92.344814, "eventDate": "2020-03-30T10:36:00Z", "countryCode": "IN" }, "geometry": { "type": "Point", "coordinates": [ 92.344814, 24.352678 ] } },
{ "type": "Feature", "properties": { "decimalLatitude": 24.352678, "decimalLongitude": 92.344814, "eventDate": "2020-03-13T09:58:00Z", "countryCode": "IN" }, "geometry": { "type": "Point", "coordinates": [ 92.344814, 24.352678 ] } },
{ "type": "Feature", "properties": { "decimalLatitude": 24.352674, "decimalLongitude": 92.344815, "eventDate": "2020-03-09T00:00:00Z", "countryCode": "IN" }, "geometry": { "type": "Point", "coordinates": [ 92.344815, 24.352674 ] } },
{ "type": "Feature", "properties": { "decimalLatitude": 24.352674, "decimalLongitude": 92.344815, "eventDate": "2020-03-29T00:00:00Z", "countryCode": "IN" }, "geometry": { "type": "Point", "coordinates": [ 92.344815, 24.352674 ] } },
{ "type": "Feature", "properties": { "decimalLatitude": 24.352674, "decimalLongitude": 92.344815, "eventDate": "2020-03-29T00:00:00Z", "countryCode": "IN" }, "geometry": { "type": "Point", "coordinates": [ 92.344815, 24.352674 ] } },
{ "type": "Feature", "properties": { "decimalLatitude": 24.43202, "decimalLongitude": 92.330689, "eventDate": "2020-03-19T08:35:34Z", "countryCode": "IN" }, "geometry": { "type": "Point", "coordinates": [ 92.330689, 24.43202 ] } },
{ "type": "Feature", "properties": { "decimalLatitude": 28.201186, "decimalLongitude": 94.751771, "eventDate": "2020-03-24T14:40:00Z", "countryCode": "IN" }, "geometry": { "type": "Point", "coordinates": [ 94.751771, 28.201186 ] } },
{ "type": "Feature", "properties": { "decimalLatitude": 29.804922, "decimalLongitude": 80.459488, "eventDate": "2020-04-16T10:54:52Z", "countryCode": "IN" }, "geometry": { "type": "Point", "coordinates": [ 80.459488, 29.804922 ] } },
{ "type": "Feature", "properties": { "decimalLatitude": 24.425633, "decimalLongitude": 92.338816, "eventDate": "2020-04-26T08:22:00Z", "countryCode": "IN" }, "geometry": { "type": "Point", "coordinates": [ 92.338816, 24.425633 ] } },
{ "type": "Feature", "properties": { "decimalLatitude": 27.595525, "decimalLongitude": 85.387033, "eventDate": "2020-05-12T11:00:00Z", "countryCode": "NP" }, "geometry": { "type": "Point", "coordinates": [ 85.387033, 27.595525 ] } },
{ "type": "Feature", "properties": { "decimalLatitude": 31.022369, "decimalLongitude": 103.629275, "eventDate": "2020-06-27T15:11:00Z", "countryCode": "CN" }, "geometry": { "type": "Point", "coordinates": [ 103.629275, 31.022369 ] } },
{ "type": "Feature", "properties": { "decimalLatitude": 27.525097, "decimalLongitude": 95.366727, "eventDate": "2020-07-03T16:47:00Z", "countryCode": "IN" }, "geometry": { "type": "Point", "coordinates": [ 95.366727, 27.525097 ] } },
{ "type": "Feature", "properties": { "decimalLatitude": 26.155939, "decimalLongitude": 119.28784, "eventDate": "2020-07-05T11:36:00Z", "countryCode": "CN" }, "geometry": { "type": "Point", "coordinates": [ 119.28784, 26.155939 ] } },
{ "type": "Feature", "properties": { "decimalLatitude": 28.49132, "decimalLongitude": 119.90866, "eventDate": "2020-07-18T08:20:00Z", "countryCode": "CN" }, "geometry": { "type": "Point", "coordinates": [ 119.90866, 28.49132 ] } },
{ "type": "Feature", "properties": { "decimalLatitude": 27.806785, "decimalLongitude": 84.725781, "eventDate": "2020-08-03T16:09:19Z", "countryCode": "NP" }, "geometry": { "type": "Point", "coordinates": [ 84.725781, 27.806785 ] } },
{ "type": "Feature", "properties": { "decimalLatitude": 30.022571, "decimalLongitude": 117.556228, "eventDate": "2020-08-16T17:35:00Z", "countryCode": "CN" }, "geometry": { "type": "Point", "coordinates": [ 117.556228, 30.022571 ] } },
{ "type": "Feature", "properties": { "decimalLatitude": 27.458922, "decimalLongitude": 88.497787, "eventDate": "2020-08-14T15:01:00Z", "countryCode": "IN" }, "geometry": { "type": "Point", "coordinates": [ 88.497787, 27.458922 ] } },
{ "type": "Feature", "properties": { "decimalLatitude": 29.484775, "decimalLongitude": 113.395662, "eventDate": "2020-08-09T13:56:36Z", "countryCode": "CN" }, "geometry": { "type": "Point", "coordinates": [ 113.395662, 29.484775 ] } },
{ "type": "Feature", "properties": { "decimalLatitude": 27.89796, "decimalLongitude": 119.15969, "eventDate": "2020-08-26T14:46:00Z", "countryCode": "CN" }, "geometry": { "type": "Point", "coordinates": [ 119.15969, 27.89796 ] } },
{ "type": "Feature", "properties": { "decimalLatitude": 27.301637, "decimalLongitude": 95.479743, "eventDate": "2020-09-20T09:53:00Z", "countryCode": "IN" }, "geometry": { "type": "Point", "coordinates": [ 95.479743, 27.301637 ] } },
{ "type": "Feature", "properties": { "decimalLatitude": 24.26788, "decimalLongitude": 92.530316, "eventDate": "2020-09-20T10:34:33Z", "countryCode": "IN" }, "geometry": { "type": "Point", "coordinates": [ 92.530316, 24.26788 ] } },
{ "type": "Feature", "properties": { "decimalLatitude": 28.216, "decimalLongitude": 83.9632, "eventDate": "2020-09-27T15:40:00Z", "countryCode": "NP" }, "geometry": { "type": "Point", "coordinates": [ 83.9632, 28.216 ] } },
{ "type": "Feature", "properties": { "decimalLatitude": 27.261595, "decimalLongitude": 95.609415, "eventDate": "2020-09-20T09:24:41Z", "countryCode": "IN" }, "geometry": { "type": "Point", "coordinates": [ 95.609415, 27.261595 ] } },
{ "type": "Feature", "properties": { "decimalLatitude": 27.261595, "decimalLongitude": 95.609415, "eventDate": "2020-09-20T09:27:01Z", "countryCode": "IN" }, "geometry": { "type": "Point", "coordinates": [ 95.609415, 27.261595 ] } },
{ "type": "Feature", "properties": { "decimalLatitude": 26.927693, "decimalLongitude": 88.246777, "eventDate": "2020-09-25T00:00:00Z", "countryCode": "IN" }, "geometry": { "type": "Point", "coordinates": [ 88.246777, 26.927693 ] } },
{ "type": "Feature", "properties": { "decimalLatitude": 26.168042, "decimalLongitude": 91.718674, "eventDate": "2020-09-18T00:00:00Z", "countryCode": "IN" }, "geometry": { "type": "Point", "coordinates": [ 91.718674, 26.168042 ] } },
{ "type": "Feature", "properties": { "decimalLatitude": 26.4134, "decimalLongitude": 90.4845, "eventDate": "2020-09-20T00:00:00Z", "countryCode": "IN" }, "geometry": { "type": "Point", "coordinates": [ 90.4845, 26.4134 ] } },
{ "type": "Feature", "properties": { "decimalLatitude": 26.4134, "decimalLongitude": 90.4845, "eventDate": "2020-09-18T00:00:00Z", "countryCode": "IN" }, "geometry": { "type": "Point", "coordinates": [ 90.4845, 26.4134 ] } },
{ "type": "Feature", "properties": { "decimalLatitude": 26.4292, "decimalLongitude": 90.6557, "eventDate": "2020-09-19T00:00:00Z", "countryCode": "IN" }, "geometry": { "type": "Point", "coordinates": [ 90.6557, 26.4292 ] } },
{ "type": "Feature", "properties": { "decimalLatitude": 26.084883, "decimalLongitude": 91.752643, "eventDate": "2020-10-18T09:43:30Z", "countryCode": "IN" }, "geometry": { "type": "Point", "coordinates": [ 91.752643, 26.084883 ] } },
{ "type": "Feature", "properties": { "decimalLatitude": 24.352678, "decimalLongitude": 92.344814, "eventDate": "2020-10-20T10:59:00Z", "countryCode": "IN" }, "geometry": { "type": "Point", "coordinates": [ 92.344814, 24.352678 ] } },
{ "type": "Feature", "properties": { "decimalLatitude": 18.221465, "decimalLongitude": 104.81305, "eventDate": "2020-10-05T12:01:26Z", "countryCode": "LA" }, "geometry": { "type": "Point", "coordinates": [ 104.81305, 18.221465 ] } },
{ "type": "Feature", "properties": { "decimalLatitude": 27.717238, "decimalLongitude": 85.323961, "eventDate": "2020-10-15T09:42:52Z", "countryCode": "NP" }, "geometry": { "type": "Point", "coordinates": [ 85.323961, 27.717238 ] } },
{ "type": "Feature", "properties": { "decimalLatitude": 24.352678, "decimalLongitude": 92.344814, "eventDate": "2020-10-20T00:00:00Z", "countryCode": "IN" }, "geometry": { "type": "Point", "coordinates": [ 92.344814, 24.352678 ] } },
{ "type": "Feature", "properties": { "decimalLatitude": 27.059356, "decimalLongitude": 88.469454, "eventDate": "2020-10-25T07:01:00Z", "countryCode": "IN" }, "geometry": { "type": "Point", "coordinates": [ 88.469454, 27.059356 ] } },
{ "type": "Feature", "properties": { "decimalLatitude": 17.509801, "decimalLongitude": 98.056442, "eventDate": "2020-10-24T14:08:00Z", "countryCode": "TH" }, "geometry": { "type": "Point", "coordinates": [ 98.056442, 17.509801 ] } },
{ "type": "Feature", "properties": { "decimalLatitude": 17.481744, "decimalLongitude": 98.074618, "eventDate": "2020-10-24T07:35:00Z", "countryCode": "TH" }, "geometry": { "type": "Point", "coordinates": [ 98.074618, 17.481744 ] } },
{ "type": "Feature", "properties": { "decimalLatitude": 26.725962, "decimalLongitude": 89.609705, "eventDate": "2020-11-07T13:33:00Z", "countryCode": "IN" }, "geometry": { "type": "Point", "coordinates": [ 89.609705, 26.725962 ] } },
{ "type": "Feature", "properties": { "decimalLatitude": 24.44004, "decimalLongitude": 92.38219, "eventDate": "2020-11-16T13:23:00Z", "countryCode": "IN" }, "geometry": { "type": "Point", "coordinates": [ 92.38219, 24.44004 ] } },
{ "type": "Feature", "properties": { "decimalLatitude": 26.977937, "decimalLongitude": 88.464708, "eventDate": "2020-11-06T12:35:45Z", "countryCode": "IN" }, "geometry": { "type": "Point", "coordinates": [ 88.464708, 26.977937 ] } },
{ "type": "Feature", "properties": { "decimalLatitude": 24.430791, "decimalLongitude": 92.355635, "eventDate": "2020-11-16T13:23:00Z", "countryCode": "IN" }, "geometry": { "type": "Point", "coordinates": [ 92.355635, 24.430791 ] } },
{ "type": "Feature", "properties": { "decimalLatitude": 25.274731, "decimalLongitude": 98.832332, "eventDate": "2020-11-10T16:22:00Z", "countryCode": "CN" }, "geometry": { "type": "Point", "coordinates": [ 98.832332, 25.274731 ] } },
{ "type": "Feature", "properties": { "decimalLatitude": 26.722933, "decimalLongitude": 89.604309, "eventDate": "2020-11-06T00:00:00Z", "countryCode": "IN" }, "geometry": { "type": "Point", "coordinates": [ 89.604309, 26.722933 ] } },
{ "type": "Feature", "properties": { "decimalLatitude": 24.430791, "decimalLongitude": 92.355635, "eventDate": "2020-11-16T00:00:00Z", "countryCode": "IN" }, "geometry": { "type": "Point", "coordinates": [ 92.355635, 24.430791 ] } },
{ "type": "Feature", "properties": { "decimalLatitude": 25.903123, "decimalLongitude": 92.666329, "eventDate": "2020-11-28T11:01:00Z", "countryCode": "IN" }, "geometry": { "type": "Point", "coordinates": [ 92.666329, 25.903123 ] } },
{ "type": "Feature", "properties": { "decimalLatitude": 27.473104, "decimalLongitude": 88.50746, "eventDate": "2020-11-15T13:30:00Z", "countryCode": "IN" }, "geometry": { "type": "Point", "coordinates": [ 88.50746, 27.473104 ] } },
{ "type": "Feature", "properties": { "decimalLatitude": 24.352881, "decimalLongitude": 92.34872, "eventDate": "2020-12-15T11:47:00Z", "countryCode": "IN" }, "geometry": { "type": "Point", "coordinates": [ 92.34872, 24.352881 ] } },
{ "type": "Feature", "properties": { "decimalLatitude": 25.902527, "decimalLongitude": 92.668322, "eventDate": "2020-12-01T10:54:00Z", "countryCode": "IN" }, "geometry": { "type": "Point", "coordinates": [ 92.668322, 25.902527 ] } },
{ "type": "Feature", "properties": { "decimalLatitude": 24.352881, "decimalLongitude": 92.34872, "eventDate": "2020-12-15T00:00:00Z", "countryCode": "IN" }, "geometry": { "type": "Point", "coordinates": [ 92.34872, 24.352881 ] } },
{ "type": "Feature", "properties": { "decimalLatitude": 25.237394, "decimalLongitude": 91.679573, "eventDate": "2021-02-14T14:31:16Z", "countryCode": "IN" }, "geometry": { "type": "Point", "coordinates": [ 91.679573, 25.237394 ] } },
{ "type": "Feature", "properties": { "decimalLatitude": 24.43202, "decimalLongitude": 92.330689, "eventDate": "2021-03-26T09:55:00Z", "countryCode": "IN" }, "geometry": { "type": "Point", "coordinates": [ 92.330689, 24.43202 ] } },
{ "type": "Feature", "properties": { "decimalLatitude": 24.425633, "decimalLongitude": 92.338816, "eventDate": "2021-03-26T09:30:00Z", "countryCode": "IN" }, "geometry": { "type": "Point", "coordinates": [ 92.338816, 24.425633 ] } },
{ "type": "Feature", "properties": { "decimalLatitude": 24.425633, "decimalLongitude": 92.338816, "eventDate": "2021-03-26T00:00:00Z", "countryCode": "IN" }, "geometry": { "type": "Point", "coordinates": [ 92.338816, 24.425633 ] } },
{ "type": "Feature", "properties": { "decimalLatitude": 24.384056, "decimalLongitude": 91.416897, "eventDate": "2021-03-28T15:37:35Z", "countryCode": "BD" }, "geometry": { "type": "Point", "coordinates": [ 91.416897, 24.384056 ] } },
{ "type": "Feature", "properties": { "decimalLatitude": 25.285839, "decimalLongitude": 90.701381, "eventDate": "2021-04-06T11:38:00Z", "countryCode": "IN" }, "geometry": { "type": "Point", "coordinates": [ 90.701381, 25.285839 ] } },
{ "type": "Feature", "properties": { "decimalLatitude": 25.353875, "decimalLongitude": 91.83965, "eventDate": "2021-04-20T03:17:00Z", "countryCode": "IN" }, "geometry": { "type": "Point", "coordinates": [ 91.83965, 25.353875 ] } },
{ "type": "Feature", "properties": { "decimalLatitude": 30.457041, "decimalLongitude": 79.274713, "eventDate": "2021-04-02T08:17:00Z", "countryCode": "IN" }, "geometry": { "type": "Point", "coordinates": [ 79.274713, 30.457041 ] } },
{ "type": "Feature", "properties": { "decimalLatitude": 21.890982, "decimalLongitude": 101.345833, "eventDate": "2021-06-19T10:22:07Z", "countryCode": "CN" }, "geometry": { "type": "Point", "coordinates": [ 101.345833, 21.890982 ] } },
{ "type": "Feature", "properties": { "decimalLatitude": 29.938487, "decimalLongitude": 110.082292, "eventDate": "2021-06-23T13:58:28Z", "countryCode": "CN" }, "geometry": { "type": "Point", "coordinates": [ 110.082292, 29.938487 ] } },
{ "type": "Feature", "properties": { "decimalLatitude": 26.161118, "decimalLongitude": 119.281923, "eventDate": "2021-07-06T11:42:00Z", "countryCode": "CN" }, "geometry": { "type": "Point", "coordinates": [ 119.281923, 26.161118 ] } },
{ "type": "Feature", "properties": { "decimalLatitude": 26.161118, "decimalLongitude": 119.281923, "eventDate": "2021-07-06T11:41:00Z", "countryCode": "CN" }, "geometry": { "type": "Point", "coordinates": [ 119.281923, 26.161118 ] } },
{ "type": "Feature", "properties": { "decimalLatitude": 26.556648, "decimalLongitude": 106.70722, "eventDate": "2021-07-11T15:48:01Z", "countryCode": "CN" }, "geometry": { "type": "Point", "coordinates": [ 106.70722, 26.556648 ] } },
{ "type": "Feature", "properties": { "decimalLatitude": 30.901553, "decimalLongitude": 103.56568, "eventDate": "2021-07-20T16:22:08Z", "countryCode": "CN" }, "geometry": { "type": "Point", "coordinates": [ 103.56568, 30.901553 ] } },
{ "type": "Feature", "properties": { "decimalLatitude": 30.181751, "decimalLongitude": 120.134108, "eventDate": "2021-08-06T11:12:00Z", "countryCode": "CN" }, "geometry": { "type": "Point", "coordinates": [ 120.134108, 30.181751 ] } },
{ "type": "Feature", "properties": { "decimalLatitude": 30.209713, "decimalLongitude": 119.330371, "eventDate": "2021-08-20T15:32:00Z", "countryCode": "CN" }, "geometry": { "type": "Point", "coordinates": [ 119.330371, 30.209713 ] } },
{ "type": "Feature", "properties": { "decimalLatitude": 26.171883, "decimalLongitude": 119.277162, "eventDate": "2021-08-20T10:06:50Z", "countryCode": "CN" }, "geometry": { "type": "Point", "coordinates": [ 119.277162, 26.171883 ] } },
{ "type": "Feature", "properties": { "decimalLatitude": 27.535737, "decimalLongitude": 93.752419, "eventDate": "2021-08-28T00:00:00Z", "countryCode": "IN" }, "geometry": { "type": "Point", "coordinates": [ 93.752419, 27.535737 ] } },
{ "type": "Feature", "properties": { "decimalLatitude": 27.313354, "decimalLongitude": 88.584928, "eventDate": "2021-09-05T15:07:30Z", "countryCode": "IN" }, "geometry": { "type": "Point", "coordinates": [ 88.584928, 27.313354 ] } },
{ "type": "Feature", "properties": { "decimalLatitude": 26.858621, "decimalLongitude": 88.261384, "eventDate": "2021-09-11T10:12:43Z", "countryCode": "IN" }, "geometry": { "type": "Point", "coordinates": [ 88.261384, 26.858621 ] } },
{ "type": "Feature", "properties": { "decimalLatitude": 22.021715, "decimalLongitude": 100.808456, "eventDate": "2021-09-08T08:55:00Z", "countryCode": "CN" }, "geometry": { "type": "Point", "coordinates": [ 100.808456, 22.021715 ] } },
{ "type": "Feature", "properties": { "decimalLatitude": 27.522506, "decimalLongitude": 88.510257, "eventDate": "2021-09-14T14:33:00Z", "countryCode": "IN" }, "geometry": { "type": "Point", "coordinates": [ 88.510257, 27.522506 ] } },
{ "type": "Feature", "properties": { "decimalLatitude": 21.949712, "decimalLongitude": 101.182787, "eventDate": "2021-09-25T13:22:03Z", "countryCode": "CN" }, "geometry": { "type": "Point", "coordinates": [ 101.182787, 21.949712 ] } },
{ "type": "Feature", "properties": { "decimalLatitude": 27.478968, "decimalLongitude": 88.520437, "eventDate": "2021-09-13T10:26:34Z", "countryCode": "IN" }, "geometry": { "type": "Point", "coordinates": [ 88.520437, 27.478968 ] } },
{ "type": "Feature", "properties": { "decimalLatitude": 27.482028, "decimalLongitude": 88.503917, "eventDate": "2021-09-13T10:40:00Z", "countryCode": "IN" }, "geometry": { "type": "Point", "coordinates": [ 88.503917, 27.482028 ] } },
{ "type": "Feature", "properties": { "decimalLatitude": 27.418719, "decimalLongitude": 88.513468, "eventDate": "2021-09-11T15:03:40Z", "countryCode": "IN" }, "geometry": { "type": "Point", "coordinates": [ 88.513468, 27.418719 ] } },
{ "type": "Feature", "properties": { "decimalLatitude": 27.520044, "decimalLongitude": 88.530932, "eventDate": "2021-09-14T14:38:00Z", "countryCode": "IN" }, "geometry": { "type": "Point", "coordinates": [ 88.530932, 27.520044 ] } },
{ "type": "Feature", "properties": { "decimalLatitude": 32.52389, "decimalLongitude": 109.126122, "eventDate": "2021-09-14T14:39:00Z", "countryCode": "CN" }, "geometry": { "type": "Point", "coordinates": [ 109.126122, 32.52389 ] } },
{ "type": "Feature", "properties": { "decimalLatitude": 30.218834, "decimalLongitude": 109.452513, "eventDate": "2021-09-29T16:10:00Z", "countryCode": "CN" }, "geometry": { "type": "Point", "coordinates": [ 109.452513, 30.218834 ] } },
{ "type": "Feature", "properties": { "decimalLatitude": 29.46764, "decimalLongitude": 119.22721, "eventDate": "2021-09-19T13:59:00Z", "countryCode": "CN" }, "geometry": { "type": "Point", "coordinates": [ 119.22721, 29.46764 ] } },
{ "type": "Feature", "properties": { "decimalLatitude": 27.445472, "decimalLongitude": 96.535809, "eventDate": "2021-09-23T00:00:00Z", "countryCode": "IN" }, "geometry": { "type": "Point", "coordinates": [ 96.535809, 27.445472 ] } },
{ "type": "Feature", "properties": { "decimalLatitude": 30.27415, "decimalLongitude": 120.15515, "eventDate": "2021-09-03T11:02:00Z", "countryCode": "CN" }, "geometry": { "type": "Point", "coordinates": [ 120.15515, 30.27415 ] } },
{ "type": "Feature", "properties": { "decimalLatitude": 25.987541, "decimalLongitude": 110.449852, "eventDate": "2021-09-27T17:10:28Z", "countryCode": "CN" }, "geometry": { "type": "Point", "coordinates": [ 110.449852, 25.987541 ] } },
{ "type": "Feature", "properties": { "decimalLatitude": 25.143525, "decimalLongitude": 94.283342, "eventDate": "2021-10-02T00:00:00Z", "countryCode": "IN" }, "geometry": { "type": "Point", "coordinates": [ 94.283342, 25.143525 ] } },
{ "type": "Feature", "properties": { "decimalLatitude": 18.804509, "decimalLongitude": 98.918026, "eventDate": "2021-10-23T10:43:00Z", "countryCode": "TH" }, "geometry": { "type": "Point", "coordinates": [ 98.918026, 18.804509 ] } },
{ "type": "Feature", "properties": { "decimalLatitude": 21.62465, "decimalLongitude": 101.587258, "eventDate": "2021-10-06T12:49:03Z", "countryCode": "CN" }, "geometry": { "type": "Point", "coordinates": [ 101.587258, 21.62465 ] } },
{ "type": "Feature", "properties": { "decimalLatitude": 26.677297, "decimalLongitude": 119.497111, "eventDate": "2021-10-31T00:58:00Z", "countryCode": "CN" }, "geometry": { "type": "Point", "coordinates": [ 119.497111, 26.677297 ] } },
{ "type": "Feature", "properties": { "decimalLatitude": 21.919041, "decimalLongitude": 101.271527, "eventDate": "2021-10-09T04:26:00Z", "countryCode": "CN" }, "geometry": { "type": "Point", "coordinates": [ 101.271527, 21.919041 ] } },
{ "type": "Feature", "properties": { "decimalLatitude": 26.09339, "decimalLongitude": 91.749112, "eventDate": "2021-10-13T00:00:00Z", "countryCode": "IN" }, "geometry": { "type": "Point", "coordinates": [ 91.749112, 26.09339 ] } },
{ "type": "Feature", "properties": { "decimalLatitude": 29.169483, "decimalLongitude": 117.77878, "eventDate": "2021-10-04T00:00:00Z", "countryCode": "CN" }, "geometry": { "type": "Point", "coordinates": [ 117.77878, 29.169483 ] } },
{ "type": "Feature", "properties": { "decimalLatitude": 22.480342, "decimalLongitude": 106.980142, "eventDate": "2021-10-03T14:29:00Z", "countryCode": "CN" }, "geometry": { "type": "Point", "coordinates": [ 106.980142, 22.480342 ] } },
{ "type": "Feature", "properties": { "decimalLatitude": 27.54992, "decimalLongitude": 87.338245, "eventDate": "2021-10-22T05:39:00Z", "countryCode": "NP" }, "geometry": { "type": "Point", "coordinates": [ 87.338245, 27.54992 ] } },
{ "type": "Feature", "properties": { "decimalLatitude": 21.911982, "decimalLongitude": 101.266609, "eventDate": "2021-11-16T12:39:06Z", "countryCode": "CN" }, "geometry": { "type": "Point", "coordinates": [ 101.266609, 21.911982 ] } },
{ "type": "Feature", "properties": { "decimalLatitude": 28.224789, "decimalLongitude": 83.967034, "eventDate": "2021-11-07T11:57:52Z", "countryCode": "NP" }, "geometry": { "type": "Point", "coordinates": [ 83.967034, 28.224789 ] } },
{ "type": "Feature", "properties": { "decimalLatitude": 26.103523, "decimalLongitude": 91.781142, "eventDate": "2021-11-07T08:31:00Z", "countryCode": "IN" }, "geometry": { "type": "Point", "coordinates": [ 91.781142, 26.103523 ] } },
{ "type": "Feature", "properties": { "decimalLatitude": 30.402665, "decimalLongitude": 103.509229, "eventDate": "2021-11-14T15:50:31Z", "countryCode": "CN" }, "geometry": { "type": "Point", "coordinates": [ 103.509229, 30.402665 ] } },
{ "type": "Feature", "properties": { "decimalLatitude": 26.893715, "decimalLongitude": 91.8235, "eventDate": "2021-12-11T00:00:00Z", "countryCode": "BT" }, "geometry": { "type": "Point", "coordinates": [ 91.8235, 26.893715 ] } },
{ "type": "Feature", "properties": { "decimalLatitude": 28.006514, "decimalLongitude": 96.424713, "eventDate": "2022-03-27T10:14:53Z", "countryCode": "IN" }, "geometry": { "type": "Point", "coordinates": [ 96.424713, 28.006514 ] } },
{ "type": "Feature", "properties": { "decimalLatitude": 24.306517, "decimalLongitude": 91.72955, "eventDate": "2022-03-11T10:53:17Z", "countryCode": "BD" }, "geometry": { "type": "Point", "coordinates": [ 91.72955, 24.306517 ] } },
{ "type": "Feature", "properties": { "decimalLatitude": 24.352674, "decimalLongitude": 92.344815, "eventDate": "2022-03-01T13:13:00Z", "countryCode": "IN" }, "geometry": { "type": "Point", "coordinates": [ 92.344815, 24.352674 ] } },
{ "type": "Feature", "properties": { "decimalLatitude": 28.293256, "decimalLongitude": 84.330325, "eventDate": "2022-03-26T15:05:12Z", "countryCode": "NP" }, "geometry": { "type": "Point", "coordinates": [ 84.330325, 28.293256 ] } },
{ "type": "Feature", "properties": { "decimalLatitude": 18.825643, "decimalLongitude": 98.894504, "eventDate": "2022-03-24T11:00:53Z", "countryCode": "TH" }, "geometry": { "type": "Point", "coordinates": [ 98.894504, 18.825643 ] } },
{ "type": "Feature", "properties": { "decimalLatitude": 12.824698, "decimalLongitude": 99.365768, "eventDate": "2022-04-24T12:02:00Z", "countryCode": "TH" }, "geometry": { "type": "Point", "coordinates": [ 99.365768, 12.824698 ] } },
{ "type": "Feature", "properties": { "decimalLatitude": 27.445472, "decimalLongitude": 96.535809, "eventDate": "2022-04-20T12:13:00Z", "countryCode": "IN" }, "geometry": { "type": "Point", "coordinates": [ 96.535809, 27.445472 ] } },
{ "type": "Feature", "properties": { "decimalLatitude": 28.131853, "decimalLongitude": 94.95727, "eventDate": "2022-04-27T13:18:41Z", "countryCode": "IN" }, "geometry": { "type": "Point", "coordinates": [ 94.95727, 28.131853 ] } },
{ "type": "Feature", "properties": { "decimalLatitude": 24.352674, "decimalLongitude": 92.344815, "eventDate": "2022-04-29T12:22:00Z", "countryCode": "IN" }, "geometry": { "type": "Point", "coordinates": [ 92.344815, 24.352674 ] } },
{ "type": "Feature", "properties": { "decimalLatitude": 30.457041, "decimalLongitude": 79.274713, "eventDate": "2022-04-16T14:23:25Z", "countryCode": "IN" }, "geometry": { "type": "Point", "coordinates": [ 79.274713, 30.457041 ] } },
{ "type": "Feature", "properties": { "decimalLatitude": 26.974529, "decimalLongitude": 88.373611, "eventDate": "2022-05-31T13:00:50Z", "countryCode": "IN" }, "geometry": { "type": "Point", "coordinates": [ 88.373611, 26.974529 ] } },
{ "type": "Feature", "properties": { "decimalLatitude": 26.660787, "decimalLongitude": 119.491038, "eventDate": "2022-05-30T01:06:00Z", "countryCode": "CN" }, "geometry": { "type": "Point", "coordinates": [ 119.491038, 26.660787 ] } },
{ "type": "Feature", "properties": { "decimalLatitude": 27.191492, "decimalLongitude": 92.440909, "eventDate": "2022-05-02T10:10:00Z", "countryCode": "IN" }, "geometry": { "type": "Point", "coordinates": [ 92.440909, 27.191492 ] } },
{ "type": "Feature", "properties": { "decimalLatitude": 19.185937, "decimalLongitude": 109.744008, "eventDate": "2022-05-21T10:32:00Z", "countryCode": "CN" }, "geometry": { "type": "Point", "coordinates": [ 109.744008, 19.185937 ] } },
{ "type": "Feature", "properties": { "decimalLatitude": 18.816797, "decimalLongitude": 98.924115, "eventDate": "2022-06-15T11:36:00Z", "countryCode": "TH" }, "geometry": { "type": "Point", "coordinates": [ 98.924115, 18.816797 ] } },
{ "type": "Feature", "properties": { "decimalLatitude": 26.750976, "decimalLongitude": 91.237164, "eventDate": "2022-06-29T00:00:00Z", "countryCode": "IN" }, "geometry": { "type": "Point", "coordinates": [ 91.237164, 26.750976 ] } },
{ "type": "Feature", "properties": { "decimalLatitude": 28.865408, "decimalLongitude": 94.752539, "eventDate": "2022-06-01T11:23:00Z", "countryCode": "IN" }, "geometry": { "type": "Point", "coordinates": [ 94.752539, 28.865408 ] } },
{ "type": "Feature", "properties": { "decimalLatitude": 28.993017, "decimalLongitude": 94.894932, "eventDate": "2022-06-07T12:01:00Z", "countryCode": "IN" }, "geometry": { "type": "Point", "coordinates": [ 94.894932, 28.993017 ] } },
{ "type": "Feature", "properties": { "decimalLatitude": 26.48939, "decimalLongitude": 119.54969, "eventDate": "2022-06-28T00:13:00Z", "countryCode": "CN" }, "geometry": { "type": "Point", "coordinates": [ 119.54969, 26.48939 ] } },
{ "type": "Feature", "properties": { "decimalLatitude": 30.93198, "decimalLongitude": 103.479775, "eventDate": "2022-07-09T17:13:19Z", "countryCode": "CN" }, "geometry": { "type": "Point", "coordinates": [ 103.479775, 30.93198 ] } },
{ "type": "Feature", "properties": { "decimalLatitude": 27.534646, "decimalLongitude": 88.487263, "eventDate": "2022-07-07T14:46:00Z", "countryCode": "IN" }, "geometry": { "type": "Point", "coordinates": [ 88.487263, 27.534646 ] } },
{ "type": "Feature", "properties": { "decimalLatitude": 21.934622, "decimalLongitude": 101.251656, "eventDate": "2022-07-29T16:04:56Z", "countryCode": "CN" }, "geometry": { "type": "Point", "coordinates": [ 101.251656, 21.934622 ] } },
{ "type": "Feature", "properties": { "decimalLatitude": 21.917224, "decimalLongitude": 101.273887, "eventDate": "2022-07-26T15:03:20Z", "countryCode": "CN" }, "geometry": { "type": "Point", "coordinates": [ 101.273887, 21.917224 ] } },
{ "type": "Feature", "properties": { "decimalLatitude": 21.909284, "decimalLongitude": 101.28483, "eventDate": "2022-07-29T15:51:00Z", "countryCode": "CN" }, "geometry": { "type": "Point", "coordinates": [ 101.28483, 21.909284 ] } },
{ "type": "Feature", "properties": { "decimalLatitude": 21.926548, "decimalLongitude": 101.256966, "eventDate": "2022-07-29T15:51:15Z", "countryCode": "CN" }, "geometry": { "type": "Point", "coordinates": [ 101.256966, 21.926548 ] } },
{ "type": "Feature", "properties": { "decimalLatitude": 21.917224, "decimalLongitude": 101.273887, "eventDate": "2022-07-29T15:39:43Z", "countryCode": "CN" }, "geometry": { "type": "Point", "coordinates": [ 101.273887, 21.917224 ] } },
{ "type": "Feature", "properties": { "decimalLatitude": 18.816797, "decimalLongitude": 98.924115, "eventDate": "2022-07-12T11:49:00Z", "countryCode": "TH" }, "geometry": { "type": "Point", "coordinates": [ 98.924115, 18.816797 ] } },
{ "type": "Feature", "properties": { "decimalLatitude": 29.805378, "decimalLongitude": 121.795312, "eventDate": "2022-07-05T10:25:54Z", "countryCode": "CN" }, "geometry": { "type": "Point", "coordinates": [ 121.795312, 29.805378 ] } },
{ "type": "Feature", "properties": { "decimalLatitude": 25.286227, "decimalLongitude": 116.879088, "eventDate": "2022-07-26T16:59:00Z", "countryCode": "CN" }, "geometry": { "type": "Point", "coordinates": [ 116.879088, 25.286227 ] } },
{ "type": "Feature", "properties": { "decimalLatitude": 25.339338, "decimalLongitude": 110.33886, "eventDate": "2022-07-05T10:50:00Z", "countryCode": "CN" }, "geometry": { "type": "Point", "coordinates": [ 110.33886, 25.339338 ] } },
{ "type": "Feature", "properties": { "decimalLatitude": 23.887409, "decimalLongitude": 90.263558, "eventDate": "2022-08-12T17:39:32Z", "countryCode": "BD" }, "geometry": { "type": "Point", "coordinates": [ 90.263558, 23.887409 ] } },
{ "type": "Feature", "properties": { "decimalLatitude": 23.552937, "decimalLongitude": 113.22438, "eventDate": "2022-08-27T13:20:57Z", "countryCode": "CN" }, "geometry": { "type": "Point", "coordinates": [ 113.22438, 23.552937 ] } },
{ "type": "Feature", "properties": { "decimalLatitude": 21.935158, "decimalLongitude": 101.248868, "eventDate": "2022-08-12T16:31:00Z", "countryCode": "CN" }, "geometry": { "type": "Point", "coordinates": [ 101.248868, 21.935158 ] } },
{ "type": "Feature", "properties": { "decimalLatitude": 30.325589, "decimalLongitude": 119.444688, "eventDate": "2022-08-12T13:37:45Z", "countryCode": "CN" }, "geometry": { "type": "Point", "coordinates": [ 119.444688, 30.325589 ] } },
{ "type": "Feature", "properties": { "decimalLatitude": 21.935158, "decimalLongitude": 101.248868, "eventDate": "2022-08-13T17:24:00Z", "countryCode": "CN" }, "geometry": { "type": "Point", "coordinates": [ 101.248868, 21.935158 ] } },
{ "type": "Feature", "properties": { "decimalLatitude": 27.807289, "decimalLongitude": 84.819443, "eventDate": "2022-08-10T00:00:00Z", "countryCode": "NP" }, "geometry": { "type": "Point", "coordinates": [ 84.819443, 27.807289 ] } },
{ "type": "Feature", "properties": { "decimalLatitude": 26.882748, "decimalLongitude": 91.806521, "eventDate": "2022-08-25T11:12:00Z", "countryCode": "BT" }, "geometry": { "type": "Point", "coordinates": [ 91.806521, 26.882748 ] } },
{ "type": "Feature", "properties": { "decimalLatitude": 28.44594, "decimalLongitude": 119.91284, "eventDate": "2022-08-19T13:58:00Z", "countryCode": "CN" }, "geometry": { "type": "Point", "coordinates": [ 119.91284, 28.44594 ] } },
{ "type": "Feature", "properties": { "decimalLatitude": 27.318187, "decimalLongitude": 97.405693, "eventDate": "2022-09-08T00:00:00Z", "countryCode": "MM" }, "geometry": { "type": "Point", "coordinates": [ 97.405693, 27.318187 ] } },
{ "type": "Feature", "properties": { "decimalLatitude": 26.953962, "decimalLongitude": 88.154767, "eventDate": "2022-09-10T19:06:52Z", "countryCode": "IN" }, "geometry": { "type": "Point", "coordinates": [ 88.154767, 26.953962 ] } },
{ "type": "Feature", "properties": { "decimalLatitude": 27.535943, "decimalLongitude": 88.494713, "eventDate": "2022-09-13T13:46:00Z", "countryCode": "IN" }, "geometry": { "type": "Point", "coordinates": [ 88.494713, 27.535943 ] } },
{ "type": "Feature", "properties": { "decimalLatitude": 27.550652, "decimalLongitude": 88.46241, "eventDate": "2022-09-16T12:31:00Z", "countryCode": "IN" }, "geometry": { "type": "Point", "coordinates": [ 88.46241, 27.550652 ] } },
{ "type": "Feature", "properties": { "decimalLatitude": 27.481463, "decimalLongitude": 88.506093, "eventDate": "2022-09-21T14:30:00Z", "countryCode": "IN" }, "geometry": { "type": "Point", "coordinates": [ 88.506093, 27.481463 ] } },
{ "type": "Feature", "properties": { "decimalLatitude": 29.067497, "decimalLongitude": 107.279672, "eventDate": "2022-09-10T10:01:12Z", "countryCode": "CN" }, "geometry": { "type": "Point", "coordinates": [ 107.279672, 29.067497 ] } },
{ "type": "Feature", "properties": { "decimalLatitude": 27.481251, "decimalLongitude": 88.49845, "eventDate": "2022-09-21T13:47:00Z", "countryCode": "IN" }, "geometry": { "type": "Point", "coordinates": [ 88.49845, 27.481251 ] } },
{ "type": "Feature", "properties": { "decimalLatitude": 27.497063, "decimalLongitude": 96.394003, "eventDate": "2022-10-03T09:03:00Z", "countryCode": "IN" }, "geometry": { "type": "Point", "coordinates": [ 96.394003, 27.497063 ] } },
{ "type": "Feature", "properties": { "decimalLatitude": 27.497092, "decimalLongitude": 96.393833, "eventDate": "2022-10-03T09:04:00Z", "countryCode": "IN" }, "geometry": { "type": "Point", "coordinates": [ 96.393833, 27.497092 ] } },
{ "type": "Feature", "properties": { "decimalLatitude": 25.237404, "decimalLongitude": 91.679573, "eventDate": "2022-10-09T14:57:28Z", "countryCode": "IN" }, "geometry": { "type": "Point", "coordinates": [ 91.679573, 25.237404 ] } },
{ "type": "Feature", "properties": { "decimalLatitude": 27.494233, "decimalLongitude": 96.368362, "eventDate": "2022-10-04T11:11:00Z", "countryCode": "IN" }, "geometry": { "type": "Point", "coordinates": [ 96.368362, 27.494233 ] } },
{ "type": "Feature", "properties": { "decimalLatitude": 28.184855, "decimalLongitude": 95.792328, "eventDate": "2022-10-01T14:50:38Z", "countryCode": "IN" }, "geometry": { "type": "Point", "coordinates": [ 95.792328, 28.184855 ] } },
{ "type": "Feature", "properties": { "decimalLatitude": 25.244678, "decimalLongitude": 91.724228, "eventDate": "2022-10-18T12:01:00Z", "countryCode": "IN" }, "geometry": { "type": "Point", "coordinates": [ 91.724228, 25.244678 ] } },
{ "type": "Feature", "properties": { "decimalLatitude": 27.445703, "decimalLongitude": 96.535809, "eventDate": "2022-10-05T10:49:36Z", "countryCode": "IN" }, "geometry": { "type": "Point", "coordinates": [ 96.535809, 27.445703 ] } },
{ "type": "Feature", "properties": { "decimalLatitude": 27.477081, "decimalLongitude": 96.399365, "eventDate": "2022-10-03T09:04:00Z", "countryCode": "IN" }, "geometry": { "type": "Point", "coordinates": [ 96.399365, 27.477081 ] } },
{ "type": "Feature", "properties": { "decimalLatitude": 27.492496, "decimalLongitude": 96.375227, "eventDate": "2022-10-02T10:10:00Z", "countryCode": "IN" }, "geometry": { "type": "Point", "coordinates": [ 96.375227, 27.492496 ] } },
{ "type": "Feature", "properties": { "decimalLatitude": 27.489379, "decimalLongitude": 88.508843, "eventDate": "2022-10-14T15:48:00Z", "countryCode": "IN" }, "geometry": { "type": "Point", "coordinates": [ 88.508843, 27.489379 ] } },
{ "type": "Feature", "properties": { "decimalLatitude": 25.245403, "decimalLongitude": 91.723998, "eventDate": "2022-10-18T12:25:00Z", "countryCode": "IN" }, "geometry": { "type": "Point", "coordinates": [ 91.723998, 25.245403 ] } },
{ "type": "Feature", "properties": { "decimalLatitude": 27.445703, "decimalLongitude": 96.535809, "eventDate": "2022-10-02T12:46:54Z", "countryCode": "IN" }, "geometry": { "type": "Point", "coordinates": [ 96.535809, 27.445703 ] } },
{ "type": "Feature", "properties": { "decimalLatitude": 25.24465, "decimalLongitude": 91.724192, "eventDate": "2022-10-18T13:14:00Z", "countryCode": "IN" }, "geometry": { "type": "Point", "coordinates": [ 91.724192, 25.24465 ] } },
{ "type": "Feature", "properties": { "decimalLatitude": 25.245298, "decimalLongitude": 91.723963, "eventDate": "2022-10-18T12:07:00Z", "countryCode": "IN" }, "geometry": { "type": "Point", "coordinates": [ 91.723963, 25.245298 ] } },
{ "type": "Feature", "properties": { "decimalLatitude": 27.457945, "decimalLongitude": 96.553535, "eventDate": "2022-10-06T13:44:00Z", "countryCode": "IN" }, "geometry": { "type": "Point", "coordinates": [ 96.553535, 27.457945 ] } },
{ "type": "Feature", "properties": { "decimalLatitude": 18.816797, "decimalLongitude": 98.924115, "eventDate": "2022-10-04T12:00:00Z", "countryCode": "TH" }, "geometry": { "type": "Point", "coordinates": [ 98.924115, 18.816797 ] } },
{ "type": "Feature", "properties": { "decimalLatitude": 27.477265, "decimalLongitude": 96.406547, "eventDate": "2022-10-02T13:38:00Z", "countryCode": "IN" }, "geometry": { "type": "Point", "coordinates": [ 96.406547, 27.477265 ] } },
{ "type": "Feature", "properties": { "decimalLatitude": 23.382584, "decimalLongitude": 105.833488, "eventDate": "2022-10-01T14:00:00Z", "countryCode": "CN" }, "geometry": { "type": "Point", "coordinates": [ 105.833488, 23.382584 ] } },
{ "type": "Feature", "properties": { "decimalLatitude": -6.945671, "decimalLongitude": 107.922125, "eventDate": "2022-10-09T12:05:08Z", "countryCode": "ID" }, "geometry": { "type": "Point", "coordinates": [ 107.922125, -6.945671 ] } },
{ "type": "Feature", "properties": { "decimalLatitude": 27.498256, "decimalLongitude": 96.277609, "eventDate": "2022-10-05T10:49:00Z", "countryCode": "IN" }, "geometry": { "type": "Point", "coordinates": [ 96.277609, 27.498256 ] } },
{ "type": "Feature", "properties": { "decimalLatitude": 28.11786, "decimalLongitude": 95.822591, "eventDate": "2022-10-03T14:22:00Z", "countryCode": "IN" }, "geometry": { "type": "Point", "coordinates": [ 95.822591, 28.11786 ] } },
{ "type": "Feature", "properties": { "decimalLatitude": 30.487616, "decimalLongitude": 79.209295, "eventDate": "2022-10-10T15:11:35Z", "countryCode": "IN" }, "geometry": { "type": "Point", "coordinates": [ 79.209295, 30.487616 ] } },
{ "type": "Feature", "properties": { "decimalLatitude": 21.874763, "decimalLongitude": 101.277329, "eventDate": "2022-11-19T21:47:42Z", "countryCode": "CN" }, "geometry": { "type": "Point", "coordinates": [ 101.277329, 21.874763 ] } },
{ "type": "Feature", "properties": { "decimalLatitude": 25.243448, "decimalLongitude": 91.679075, "eventDate": "2022-11-12T12:28:00Z", "countryCode": "IN" }, "geometry": { "type": "Point", "coordinates": [ 91.679075, 25.243448 ] } },
{ "type": "Feature", "properties": { "decimalLatitude": 26.9298, "decimalLongitude": 88.409535, "eventDate": "2022-11-27T09:44:00Z", "countryCode": "IN" }, "geometry": { "type": "Point", "coordinates": [ 88.409535, 26.9298 ] } },
{ "type": "Feature", "properties": { "decimalLatitude": 29.622372, "decimalLongitude": 106.339012, "eventDate": "2022-11-11T20:08:19Z", "countryCode": "CN" }, "geometry": { "type": "Point", "coordinates": [ 106.339012, 29.622372 ] } },
{ "type": "Feature", "properties": { "decimalLatitude": 24.36346, "decimalLongitude": 92.33968, "eventDate": "2022-11-29T09:14:00Z", "countryCode": "IN" }, "geometry": { "type": "Point", "coordinates": [ 92.33968, 24.36346 ] } },
{ "type": "Feature", "properties": { "decimalLatitude": 19.152921, "decimalLongitude": 109.728212, "eventDate": "2022-12-24T12:49:00Z", "countryCode": "CN" }, "geometry": { "type": "Point", "coordinates": [ 109.728212, 19.152921 ] } },
{ "type": "Feature", "properties": { "decimalLatitude": 24.642036, "decimalLongitude": 92.222999, "eventDate": "2022-12-16T13:22:00Z", "countryCode": "BD" }, "geometry": { "type": "Point", "coordinates": [ 92.222999, 24.642036 ] } },
{ "type": "Feature", "properties": { "decimalLatitude": 19.173054, "decimalLongitude": 109.746464, "eventDate": "2023-01-14T22:10:00Z", "countryCode": "CN" }, "geometry": { "type": "Point", "coordinates": [ 109.746464, 19.173054 ] } },
{ "type": "Feature", "properties": { "decimalLatitude": 19.802497, "decimalLongitude": 99.036995, "eventDate": "2023-02-18T14:15:51Z", "countryCode": "TH" }, "geometry": { "type": "Point", "coordinates": [ 99.036995, 19.802497 ] } },
{ "type": "Feature", "properties": { "decimalLatitude": 20.237517, "decimalLongitude": 105.932424, "eventDate": "2023-02-27T21:11:47Z", "countryCode": "VN" }, "geometry": { "type": "Point", "coordinates": [ 105.932424, 20.237517 ] } },
{ "type": "Feature", "properties": { "decimalLatitude": 26.083263, "decimalLongitude": 91.750669, "eventDate": "2023-03-04T13:29:00Z", "countryCode": "IN" }, "geometry": { "type": "Point", "coordinates": [ 91.750669, 26.083263 ] } },
{ "type": "Feature", "properties": { "decimalLatitude": 27.167767, "decimalLongitude": 90.70693, "eventDate": "2023-03-25T10:48:03Z", "countryCode": "BT" }, "geometry": { "type": "Point", "coordinates": [ 90.70693, 27.167767 ] } },
{ "type": "Feature", "properties": { "decimalLatitude": 18.613728, "decimalLongitude": 98.443667, "eventDate": "2023-03-31T10:59:00Z", "countryCode": "TH" }, "geometry": { "type": "Point", "coordinates": [ 98.443667, 18.613728 ] } },
{ "type": "Feature", "properties": { "decimalLatitude": 26.086678, "decimalLongitude": 91.744533, "eventDate": "2023-03-04T13:29:00Z", "countryCode": "IN" }, "geometry": { "type": "Point", "coordinates": [ 91.744533, 26.086678 ] } },
{ "type": "Feature", "properties": { "decimalLatitude": 14.491257, "decimalLongitude": 108.543027, "eventDate": "2023-03-07T16:36:30Z", "countryCode": "VN" }, "geometry": { "type": "Point", "coordinates": [ 108.543027, 14.491257 ] } },
{ "type": "Feature", "properties": { "decimalLatitude": 20.798439, "decimalLongitude": 106.99401, "eventDate": "2023-03-22T00:00:00Z", "countryCode": "VN" }, "geometry": { "type": "Point", "coordinates": [ 106.99401, 20.798439 ] } },
{ "type": "Feature", "properties": { "decimalLatitude": 16.0994, "decimalLongitude": 99.1078, "eventDate": "2023-03-19T10:39:00Z", "countryCode": "TH" }, "geometry": { "type": "Point", "coordinates": [ 99.1078, 16.0994 ] } },
{ "type": "Feature", "properties": { "decimalLatitude": 15.936233, "decimalLongitude": 99.206528, "eventDate": "2023-03-19T10:39:00Z", "countryCode": "TH" }, "geometry": { "type": "Point", "coordinates": [ 99.206528, 15.936233 ] } },
{ "type": "Feature", "properties": { "decimalLatitude": 3.7, "decimalLongitude": 101.75, "eventDate": "2023-04-17T14:08:00Z", "countryCode": "MY" }, "geometry": { "type": "Point", "coordinates": [ 101.75, 3.7 ] } },
{ "type": "Feature", "properties": { "decimalLatitude": 27.226849, "decimalLongitude": 91.134171, "eventDate": "2023-04-27T14:56:35Z", "countryCode": "BT" }, "geometry": { "type": "Point", "coordinates": [ 91.134171, 27.226849 ] } },
{ "type": "Feature", "properties": { "decimalLatitude": 18.816389, "decimalLongitude": 98.891944, "eventDate": "2023-04-01T11:24:00Z", "countryCode": "TH" }, "geometry": { "type": "Point", "coordinates": [ 98.891944, 18.816389 ] } },
{ "type": "Feature", "properties": { "decimalLatitude": 30.545525, "decimalLongitude": 78.187074, "eventDate": "2023-05-14T13:34:00Z", "countryCode": "IN" }, "geometry": { "type": "Point", "coordinates": [ 78.187074, 30.545525 ] } },
{ "type": "Feature", "properties": { "decimalLatitude": 27.349683, "decimalLongitude": 88.323931, "eventDate": "2023-05-20T08:50:24Z", "countryCode": "IN" }, "geometry": { "type": "Point", "coordinates": [ 88.323931, 27.349683 ] } },
{ "type": "Feature", "properties": { "decimalLatitude": 26.912657, "decimalLongitude": 88.281941, "eventDate": "2023-05-20T12:45:00Z", "countryCode": "IN" }, "geometry": { "type": "Point", "coordinates": [ 88.281941, 26.912657 ] } },
{ "type": "Feature", "properties": { "decimalLatitude": 27.819204, "decimalLongitude": 89.727574, "eventDate": "2023-05-29T01:33:00Z", "countryCode": "BT" }, "geometry": { "type": "Point", "coordinates": [ 89.727574, 27.819204 ] } },
{ "type": "Feature", "properties": { "decimalLatitude": 27.718906, "decimalLongitude": 89.755735, "eventDate": "2023-05-29T11:18:00Z", "countryCode": "BT" }, "geometry": { "type": "Point", "coordinates": [ 89.755735, 27.718906 ] } },
{ "type": "Feature", "properties": { "decimalLatitude": 27.010467, "decimalLongitude": 90.837815, "eventDate": "2023-05-31T16:42:00Z", "countryCode": "BT" }, "geometry": { "type": "Point", "coordinates": [ 90.837815, 27.010467 ] } },
{ "type": "Feature", "properties": { "decimalLatitude": 27.010453, "decimalLongitude": 90.837827, "eventDate": "2023-05-31T16:39:00Z", "countryCode": "BT" }, "geometry": { "type": "Point", "coordinates": [ 90.837827, 27.010453 ] } },
{ "type": "Feature", "properties": { "decimalLatitude": 27.053919, "decimalLongitude": 92.416196, "eventDate": "2023-05-02T23:25:38Z", "countryCode": "IN" }, "geometry": { "type": "Point", "coordinates": [ 92.416196, 27.053919 ] } },
{ "type": "Feature", "properties": { "decimalLatitude": 27.500227, "decimalLongitude": 90.508063, "eventDate": "2023-05-30T17:17:00Z", "countryCode": "BT" }, "geometry": { "type": "Point", "coordinates": [ 90.508063, 27.500227 ] } },
{ "type": "Feature", "properties": { "decimalLatitude": 27.05052, "decimalLongitude": 90.789736, "eventDate": "2023-05-30T16:12:00Z", "countryCode": "BT" }, "geometry": { "type": "Point", "coordinates": [ 90.789736, 27.05052 ] } },
{ "type": "Feature", "properties": { "decimalLatitude": 27.509577, "decimalLongitude": 116.991058, "eventDate": "2023-06-29T16:22:00Z", "countryCode": "CN" }, "geometry": { "type": "Point", "coordinates": [ 116.991058, 27.509577 ] } },
{ "type": "Feature", "properties": { "decimalLatitude": 20.256577, "decimalLongitude": 105.708973, "eventDate": "2023-06-19T09:11:00Z", "countryCode": "VN" }, "geometry": { "type": "Point", "coordinates": [ 105.708973, 20.256577 ] } },
{ "type": "Feature", "properties": { "decimalLatitude": 21.081844, "decimalLongitude": 105.377165, "eventDate": "2023-06-21T12:27:00Z", "countryCode": "VN" }, "geometry": { "type": "Point", "coordinates": [ 105.377165, 21.081844 ] } },
{ "type": "Feature", "properties": { "decimalLatitude": 20.256697, "decimalLongitude": 105.709018, "eventDate": "2023-06-18T12:31:00Z", "countryCode": "VN" }, "geometry": { "type": "Point", "coordinates": [ 105.709018, 20.256697 ] } },
{ "type": "Feature", "properties": { "decimalLatitude": 21.057879, "decimalLongitude": 105.36748, "eventDate": "2023-06-22T11:26:00Z", "countryCode": "VN" }, "geometry": { "type": "Point", "coordinates": [ 105.36748, 21.057879 ] } },
{ "type": "Feature", "properties": { "decimalLatitude": 30.347181, "decimalLongitude": 119.428912, "eventDate": "2023-07-15T14:27:00Z", "countryCode": "CN" }, "geometry": { "type": "Point", "coordinates": [ 119.428912, 30.347181 ] } },
{ "type": "Feature", "properties": { "decimalLatitude": 29.576338, "decimalLongitude": 103.398438, "eventDate": "2023-07-20T10:19:30Z", "countryCode": "CN" }, "geometry": { "type": "Point", "coordinates": [ 103.398438, 29.576338 ] } },
{ "type": "Feature", "properties": { "decimalLatitude": 29.568862, "decimalLongitude": 103.441247, "eventDate": "2023-07-08T11:38:00Z", "countryCode": "CN" }, "geometry": { "type": "Point", "coordinates": [ 103.441247, 29.568862 ] } },
{ "type": "Feature", "properties": { "decimalLatitude": 26.169872, "decimalLongitude": 119.278253, "eventDate": "2023-07-23T11:58:51Z", "countryCode": "CN" }, "geometry": { "type": "Point", "coordinates": [ 119.278253, 26.169872 ] } },
{ "type": "Feature", "properties": { "decimalLatitude": 27.308018, "decimalLongitude": 88.30767, "eventDate": "2023-07-18T11:53:00Z", "countryCode": "IN" }, "geometry": { "type": "Point", "coordinates": [ 88.30767, 27.308018 ] } },
{ "type": "Feature", "properties": { "decimalLatitude": 27.919194, "decimalLongitude": 96.903537, "eventDate": "2023-07-08T13:05:00Z", "countryCode": "IN" }, "geometry": { "type": "Point", "coordinates": [ 96.903537, 27.919194 ] } },
{ "type": "Feature", "properties": { "decimalLatitude": 27.511142, "decimalLongitude": 88.517212, "eventDate": "2023-07-22T11:09:59Z", "countryCode": "IN" }, "geometry": { "type": "Point", "coordinates": [ 88.517212, 27.511142 ] } },
{ "type": "Feature", "properties": { "decimalLatitude": 20.256978, "decimalLongitude": 105.898772, "eventDate": "2023-07-01T12:27:03Z", "countryCode": "VN" }, "geometry": { "type": "Point", "coordinates": [ 105.898772, 20.256978 ] } },
{ "type": "Feature", "properties": { "decimalLatitude": 30.233873, "decimalLongitude": 119.724733, "eventDate": "2023-07-15T15:40:00Z", "countryCode": "CN" }, "geometry": { "type": "Point", "coordinates": [ 119.724733, 30.233873 ] } },
{ "type": "Feature", "properties": { "decimalLatitude": 24.323963, "decimalLongitude": 91.681525, "eventDate": "2023-08-21T11:39:15Z", "countryCode": "BD" }, "geometry": { "type": "Point", "coordinates": [ 91.681525, 24.323963 ] } },
{ "type": "Feature", "properties": { "decimalLatitude": 27.097005, "decimalLongitude": 88.461647, "eventDate": "2023-09-06T17:48:00Z", "countryCode": "IN" }, "geometry": { "type": "Point", "coordinates": [ 88.461647, 27.097005 ] } },
{ "type": "Feature", "properties": { "decimalLatitude": 27.353662, "decimalLongitude": 88.478814, "eventDate": "2023-09-10T15:26:00Z", "countryCode": "IN" }, "geometry": { "type": "Point", "coordinates": [ 88.478814, 27.353662 ] } },
{ "type": "Feature", "properties": { "decimalLatitude": 27.336844, "decimalLongitude": 88.481168, "eventDate": "2023-09-10T14:25:00Z", "countryCode": "IN" }, "geometry": { "type": "Point", "coordinates": [ 88.481168, 27.336844 ] } },
{ "type": "Feature", "properties": { "decimalLatitude": 27.334582, "decimalLongitude": 88.483427, "eventDate": "2023-09-10T14:25:45Z", "countryCode": "IN" }, "geometry": { "type": "Point", "coordinates": [ 88.483427, 27.334582 ] } },
{ "type": "Feature", "properties": { "decimalLatitude": 26.948751, "decimalLongitude": 88.4109, "eventDate": "2023-09-19T20:32:00Z", "countryCode": "IN" }, "geometry": { "type": "Point", "coordinates": [ 88.4109, 26.948751 ] } },
{ "type": "Feature", "properties": { "decimalLatitude": 22.764036, "decimalLongitude": 103.967259, "eventDate": "2023-09-30T12:21:00Z", "countryCode": "CN" }, "geometry": { "type": "Point", "coordinates": [ 103.967259, 22.764036 ] } },
{ "type": "Feature", "properties": { "decimalLatitude": 19.428907, "decimalLongitude": 108.898232, "eventDate": "2023-09-13T00:41:00Z", "countryCode": "CN" }, "geometry": { "type": "Point", "coordinates": [ 108.898232, 19.428907 ] } },
{ "type": "Feature", "properties": { "decimalLatitude": 27.89796, "decimalLongitude": 119.15969, "eventDate": "2023-09-17T09:33:00Z", "countryCode": "CN" }, "geometry": { "type": "Point", "coordinates": [ 119.15969, 27.89796 ] } },
{ "type": "Feature", "properties": { "decimalLatitude": 28.44594, "decimalLongitude": 119.91284, "eventDate": "2023-09-23T10:01:00Z", "countryCode": "CN" }, "geometry": { "type": "Point", "coordinates": [ 119.91284, 28.44594 ] } },
{ "type": "Feature", "properties": { "decimalLatitude": 18.816797, "decimalLongitude": 98.924115, "eventDate": "2023-10-06T10:58:00Z", "countryCode": "TH" }, "geometry": { "type": "Point", "coordinates": [ 98.924115, 18.816797 ] } },
{ "type": "Feature", "properties": { "decimalLatitude": 27.723264, "decimalLongitude": 117.728718, "eventDate": "2023-10-01T23:23:00Z", "countryCode": "CN" }, "geometry": { "type": "Point", "coordinates": [ 117.728718, 27.723264 ] } },
{ "type": "Feature", "properties": { "decimalLatitude": 27.4932, "decimalLongitude": 96.386103, "eventDate": "2023-10-14T14:06:00Z", "countryCode": "IN" }, "geometry": { "type": "Point", "coordinates": [ 96.386103, 27.4932 ] } },
{ "type": "Feature", "properties": { "decimalLatitude": 27.497273, "decimalLongitude": 96.356452, "eventDate": "2023-10-13T13:17:00Z", "countryCode": "IN" }, "geometry": { "type": "Point", "coordinates": [ 96.356452, 27.497273 ] } },
{ "type": "Feature", "properties": { "decimalLatitude": 27.490123, "decimalLongitude": 96.39977, "eventDate": "2023-10-14T12:50:00Z", "countryCode": "IN" }, "geometry": { "type": "Point", "coordinates": [ 96.39977, 27.490123 ] } },
{ "type": "Feature", "properties": { "decimalLatitude": 27.494383, "decimalLongitude": 96.367557, "eventDate": "2023-10-13T11:42:00Z", "countryCode": "IN" }, "geometry": { "type": "Point", "coordinates": [ 96.367557, 27.494383 ] } },
{ "type": "Feature", "properties": { "decimalLatitude": 27.445443, "decimalLongitude": 96.535809, "eventDate": "2023-10-15T06:31:25Z", "countryCode": "IN" }, "geometry": { "type": "Point", "coordinates": [ 96.535809, 27.445443 ] } },
{ "type": "Feature", "properties": { "decimalLatitude": 27.494563, "decimalLongitude": 96.387535, "eventDate": "2023-10-14T13:55:00Z", "countryCode": "IN" }, "geometry": { "type": "Point", "coordinates": [ 96.387535, 27.494563 ] } },
{ "type": "Feature", "properties": { "decimalLatitude": 27.494383, "decimalLongitude": 96.367557, "eventDate": "2023-10-13T11:42:00Z", "countryCode": "IN" }, "geometry": { "type": "Point", "coordinates": [ 96.367557, 27.494383 ] } },
{ "type": "Feature", "properties": { "decimalLatitude": 30.619337, "decimalLongitude": 79.202484, "eventDate": "2023-10-01T11:27:02Z", "countryCode": "IN" }, "geometry": { "type": "Point", "coordinates": [ 79.202484, 30.619337 ] } },
{ "type": "Feature", "properties": { "decimalLatitude": 27.445472, "decimalLongitude": 96.535809, "eventDate": "2023-10-14T06:58:00Z", "countryCode": "IN" }, "geometry": { "type": "Point", "coordinates": [ 96.535809, 27.445472 ] } },
{ "type": "Feature", "properties": { "decimalLatitude": 26.95051, "decimalLongitude": 90.547167, "eventDate": "2023-10-28T10:56:47Z", "countryCode": "BT" }, "geometry": { "type": "Point", "coordinates": [ 90.547167, 26.95051 ] } },
{ "type": "Feature", "properties": { "decimalLatitude": 27.457864, "decimalLongitude": 88.504436, "eventDate": "2023-10-25T11:17:00Z", "countryCode": "IN" }, "geometry": { "type": "Point", "coordinates": [ 88.504436, 27.457864 ] } },
{ "type": "Feature", "properties": { "decimalLatitude": 22.09628, "decimalLongitude": 106.765441, "eventDate": "2023-10-30T15:28:00Z", "countryCode": "CN" }, "geometry": { "type": "Point", "coordinates": [ 106.765441, 22.09628 ] } },
{ "type": "Feature", "properties": { "decimalLatitude": 28.08439, "decimalLongitude": 96.801833, "eventDate": "2023-10-14T00:00:00Z", "countryCode": "IN" }, "geometry": { "type": "Point", "coordinates": [ 96.801833, 28.08439 ] } },
{ "type": "Feature", "properties": { "decimalLatitude": 16.100397, "decimalLongitude": 99.107785, "eventDate": "2023-10-29T14:26:00Z", "countryCode": "TH" }, "geometry": { "type": "Point", "coordinates": [ 99.107785, 16.100397 ] } },
{ "type": "Feature", "properties": { "decimalLatitude": 27.59244, "decimalLongitude": 85.388168, "eventDate": "2023-10-28T11:32:26Z", "countryCode": "NP" }, "geometry": { "type": "Point", "coordinates": [ 85.388168, 27.59244 ] } },
{ "type": "Feature", "properties": { "decimalLatitude": 25.24921, "decimalLongitude": 91.679704, "eventDate": "2023-11-16T07:32:00Z", "countryCode": "IN" }, "geometry": { "type": "Point", "coordinates": [ 91.679704, 25.24921 ] } },
{ "type": "Feature", "properties": { "decimalLatitude": 26.914998, "decimalLongitude": 88.402218, "eventDate": "2023-11-18T08:03:00Z", "countryCode": "IN" }, "geometry": { "type": "Point", "coordinates": [ 88.402218, 26.914998 ] } },
{ "type": "Feature", "properties": { "decimalLatitude": 20.799217, "decimalLongitude": 107.002165, "eventDate": "2023-11-07T00:00:00Z", "countryCode": "VN" }, "geometry": { "type": "Point", "coordinates": [ 107.002165, 20.799217 ] } },
{ "type": "Feature", "properties": { "decimalLatitude": 20.799217, "decimalLongitude": 107.002173, "eventDate": "2023-11-07T00:00:00Z", "countryCode": "VN" }, "geometry": { "type": "Point", "coordinates": [ 107.002173, 20.799217 ] } },
{ "type": "Feature", "properties": { "decimalLatitude": 20.799217, "decimalLongitude": 107.002173, "eventDate": "2023-11-07T13:27:00Z", "countryCode": "VN" }, "geometry": { "type": "Point", "coordinates": [ 107.002173, 20.799217 ] } },
{ "type": "Feature", "properties": { "decimalLatitude": 21.462182, "decimalLongitude": 105.647445, "eventDate": "2023-11-19T11:17:00Z", "countryCode": "VN" }, "geometry": { "type": "Point", "coordinates": [ 105.647445, 21.462182 ] } },
{ "type": "Feature", "properties": { "decimalLatitude": 24.352678, "decimalLongitude": 92.344814, "eventDate": "2023-11-29T12:55:00Z", "countryCode": "IN" }, "geometry": { "type": "Point", "coordinates": [ 92.344814, 24.352678 ] } },
{ "type": "Feature", "properties": { "decimalLatitude": 17.708028, "decimalLongitude": 100.969567, "eventDate": "2023-11-11T12:02:50Z", "countryCode": "TH" }, "geometry": { "type": "Point", "coordinates": [ 100.969567, 17.708028 ] } },
{ "type": "Feature", "properties": { "decimalLatitude": 26.440103, "decimalLongitude": 117.588767, "eventDate": "2023-12-23T12:29:55Z", "countryCode": "CN" }, "geometry": { "type": "Point", "coordinates": [ 117.588767, 26.440103 ] } },
{ "type": "Feature", "properties": { "decimalLatitude": 22.48958, "decimalLongitude": 92.17853, "eventDate": "2023-12-02T00:00:00Z", "countryCode": "BD" }, "geometry": { "type": "Point", "coordinates": [ 92.17853, 22.48958 ] } },
{ "type": "Feature", "properties": { "decimalLatitude": 29.416665, "decimalLongitude": 121.622995, "eventDate": "2024-01-12T16:22:59Z", "countryCode": "CN" }, "geometry": { "type": "Point", "coordinates": [ 121.622995, 29.416665 ] } },
{ "type": "Feature", "properties": { "decimalLatitude": 16.296993, "decimalLongitude": 99.441742, "eventDate": "2024-01-19T11:31:00Z", "countryCode": "TH" }, "geometry": { "type": "Point", "coordinates": [ 99.441742, 16.296993 ] } },
{ "type": "Feature", "properties": { "decimalLatitude": 12.824252, "decimalLongitude": 99.365508, "eventDate": "2024-02-03T15:13:00Z", "countryCode": "TH" }, "geometry": { "type": "Point", "coordinates": [ 99.365508, 12.824252 ] } },
{ "type": "Feature", "properties": { "decimalLatitude": 26.468414, "decimalLongitude": 90.623509, "eventDate": "2024-02-13T11:56:00Z", "countryCode": "IN" }, "geometry": { "type": "Point", "coordinates": [ 90.623509, 26.468414 ] } },
{ "type": "Feature", "properties": { "decimalLatitude": 21.625847, "decimalLongitude": 101.582778, "eventDate": "2024-02-26T13:23:10Z", "countryCode": "CN" }, "geometry": { "type": "Point", "coordinates": [ 101.582778, 21.625847 ] } },
{ "type": "Feature", "properties": { "decimalLatitude": 18.806187, "decimalLongitude": 98.908508, "eventDate": "2024-02-11T14:30:16Z", "countryCode": "TH" }, "geometry": { "type": "Point", "coordinates": [ 98.908508, 18.806187 ] } },
{ "type": "Feature", "properties": { "decimalLatitude": 20.217942, "decimalLongitude": 105.916297, "eventDate": "2024-02-28T13:35:00Z", "countryCode": "VN" }, "geometry": { "type": "Point", "coordinates": [ 105.916297, 20.217942 ] } },
{ "type": "Feature", "properties": { "decimalLatitude": 21.620239, "decimalLongitude": 101.57881, "eventDate": "2024-02-26T00:11:00Z", "countryCode": "CN" }, "geometry": { "type": "Point", "coordinates": [ 101.57881, 21.620239 ] } },
{ "type": "Feature", "properties": { "decimalLatitude": 22.727997, "decimalLongitude": 103.99285, "eventDate": "2024-02-20T14:23:00Z", "countryCode": "CN" }, "geometry": { "type": "Point", "coordinates": [ 103.99285, 22.727997 ] } },
{ "type": "Feature", "properties": { "decimalLatitude": 19.748012, "decimalLongitude": 101.991904, "eventDate": "2024-03-03T10:43:10Z", "countryCode": "LA" }, "geometry": { "type": "Point", "coordinates": [ 101.991904, 19.748012 ] } },
{ "type": "Feature", "properties": { "decimalLatitude": 27.335804, "decimalLongitude": 88.596736, "eventDate": "2024-03-26T12:42:35Z", "countryCode": "IN" }, "geometry": { "type": "Point", "coordinates": [ 88.596736, 27.335804 ] } },
{ "type": "Feature", "properties": { "decimalLatitude": 27.308156, "decimalLongitude": 88.602476, "eventDate": "2024-03-31T10:36:00Z", "countryCode": "IN" }, "geometry": { "type": "Point", "coordinates": [ 88.602476, 27.308156 ] } },
{ "type": "Feature", "properties": { "decimalLatitude": 26.084415, "decimalLongitude": 91.743697, "eventDate": "2024-03-16T10:17:22Z", "countryCode": "IN" }, "geometry": { "type": "Point", "coordinates": [ 91.743697, 26.084415 ] } },
{ "type": "Feature", "properties": { "decimalLatitude": 19.415143, "decimalLongitude": 98.912529, "eventDate": "2024-03-24T14:38:00Z", "countryCode": "TH" }, "geometry": { "type": "Point", "coordinates": [ 98.912529, 19.415143 ] } },
{ "type": "Feature", "properties": { "decimalLatitude": 24.352678, "decimalLongitude": 92.344814, "eventDate": "2024-03-16T11:01:00Z", "countryCode": "IN" }, "geometry": { "type": "Point", "coordinates": [ 92.344814, 24.352678 ] } },
{ "type": "Feature", "properties": { "decimalLatitude": 27.524283, "decimalLongitude": 96.399213, "eventDate": "2024-03-09T15:05:42Z", "countryCode": "IN" }, "geometry": { "type": "Point", "coordinates": [ 96.399213, 27.524283 ] } },
{ "type": "Feature", "properties": { "decimalLatitude": 22.00749, "decimalLongitude": 100.79739, "eventDate": "2024-03-01T16:40:00Z", "countryCode": "CN" }, "geometry": { "type": "Point", "coordinates": [ 100.79739, 22.00749 ] } },
{ "type": "Feature", "properties": { "decimalLatitude": 25.322289, "decimalLongitude": 107.935769, "eventDate": "2024-03-29T16:44:00Z", "countryCode": "CN" }, "geometry": { "type": "Point", "coordinates": [ 107.935769, 25.322289 ] } },
{ "type": "Feature", "properties": { "decimalLatitude": 21.919925, "decimalLongitude": 101.277947, "eventDate": "2024-03-03T12:29:00Z", "countryCode": "CN" }, "geometry": { "type": "Point", "coordinates": [ 101.277947, 21.919925 ] } },
{ "type": "Feature", "properties": { "decimalLatitude": 26.883921, "decimalLongitude": 93.640464, "eventDate": "2024-03-20T18:38:00Z", "countryCode": "IN" }, "geometry": { "type": "Point", "coordinates": [ 93.640464, 26.883921 ] } },
{ "type": "Feature", "properties": { "decimalLatitude": 26.116436, "decimalLongitude": 91.836205, "eventDate": "2024-04-07T12:54:10Z", "countryCode": "IN" }, "geometry": { "type": "Point", "coordinates": [ 91.836205, 26.116436 ] } },
{ "type": "Feature", "properties": { "decimalLatitude": 24.533062, "decimalLongitude": 113.302925, "eventDate": "2024-04-16T11:27:22Z", "countryCode": "CN" }, "geometry": { "type": "Point", "coordinates": [ 113.302925, 24.533062 ] } },
{ "type": "Feature", "properties": { "decimalLatitude": 26.090351, "decimalLongitude": 91.74777, "eventDate": "2024-04-26T12:29:00Z", "countryCode": "IN" }, "geometry": { "type": "Point", "coordinates": [ 91.74777, 26.090351 ] } },
{ "type": "Feature", "properties": { "decimalLatitude": 26.752587, "decimalLongitude": 89.590904, "eventDate": "2024-04-18T13:11:21Z", "countryCode": "IN" }, "geometry": { "type": "Point", "coordinates": [ 89.590904, 26.752587 ] } },
{ "type": "Feature", "properties": { "decimalLatitude": 28.217999, "decimalLongitude": 94.727753, "eventDate": "2024-04-19T00:35:00Z", "countryCode": "IN" }, "geometry": { "type": "Point", "coordinates": [ 94.727753, 28.217999 ] } },
{ "type": "Feature", "properties": { "decimalLatitude": 24.352678, "decimalLongitude": 92.344814, "eventDate": "2024-04-08T11:23:00Z", "countryCode": "IN" }, "geometry": { "type": "Point", "coordinates": [ 92.344814, 24.352678 ] } },
{ "type": "Feature", "properties": { "decimalLatitude": 19.395742, "decimalLongitude": 98.927812, "eventDate": "2024-04-28T15:06:45Z", "countryCode": "TH" }, "geometry": { "type": "Point", "coordinates": [ 98.927812, 19.395742 ] } },
{ "type": "Feature", "properties": { "decimalLatitude": 29.706864, "decimalLongitude": 119.724344, "eventDate": "2024-04-18T14:51:10Z", "countryCode": "CN" }, "geometry": { "type": "Point", "coordinates": [ 119.724344, 29.706864 ] } },
{ "type": "Feature", "properties": { "decimalLatitude": 27.07802, "decimalLongitude": 108.08459, "eventDate": "2024-04-23T13:42:00Z", "countryCode": "CN" }, "geometry": { "type": "Point", "coordinates": [ 108.08459, 27.07802 ] } },
{ "type": "Feature", "properties": { "decimalLatitude": 19.367814, "decimalLongitude": 98.964902, "eventDate": "2024-04-21T12:07:00Z", "countryCode": "TH" }, "geometry": { "type": "Point", "coordinates": [ 98.964902, 19.367814 ] } },
{ "type": "Feature", "properties": { "decimalLatitude": 20.266283, "decimalLongitude": 105.696707, "eventDate": "2024-05-11T11:09:00Z", "countryCode": "VN" }, "geometry": { "type": "Point", "coordinates": [ 105.696707, 20.266283 ] } },
{ "type": "Feature", "properties": { "decimalLatitude": 27.07427, "decimalLongitude": 88.566813, "eventDate": "2024-05-18T09:07:00Z", "countryCode": "IN" }, "geometry": { "type": "Point", "coordinates": [ 88.566813, 27.07427 ] } },
{ "type": "Feature", "properties": { "decimalLatitude": 27.07427, "decimalLongitude": 88.566813, "eventDate": "2024-05-18T09:26:00Z", "countryCode": "IN" }, "geometry": { "type": "Point", "coordinates": [ 88.566813, 27.07427 ] } },
{ "type": "Feature", "properties": { "decimalLatitude": 27.500501, "decimalLongitude": 88.534612, "eventDate": "2024-05-29T13:29:30Z", "countryCode": "IN" }, "geometry": { "type": "Point", "coordinates": [ 88.534612, 27.500501 ] } },
{ "type": "Feature", "properties": { "decimalLatitude": 26.043197, "decimalLongitude": 91.705233, "eventDate": "2024-05-07T14:45:00Z", "countryCode": "IN" }, "geometry": { "type": "Point", "coordinates": [ 91.705233, 26.043197 ] } },
{ "type": "Feature", "properties": { "decimalLatitude": 21.081201, "decimalLongitude": 105.362699, "eventDate": "2024-05-24T13:30:00Z", "countryCode": "VN" }, "geometry": { "type": "Point", "coordinates": [ 105.362699, 21.081201 ] } },
{ "type": "Feature", "properties": { "decimalLatitude": 28.86129, "decimalLongitude": 94.976654, "eventDate": "2024-05-15T09:22:00Z", "countryCode": "IN" }, "geometry": { "type": "Point", "coordinates": [ 94.976654, 28.86129 ] } },
{ "type": "Feature", "properties": { "decimalLatitude": 28.86129, "decimalLongitude": 94.976654, "eventDate": "2024-05-13T07:42:00Z", "countryCode": "IN" }, "geometry": { "type": "Point", "coordinates": [ 94.976654, 28.86129 ] } },
{ "type": "Feature", "properties": { "decimalLatitude": 28.072005, "decimalLongitude": 98.576754, "eventDate": "2024-06-09T17:04:37Z", "countryCode": "CN" }, "geometry": { "type": "Point", "coordinates": [ 98.576754, 28.072005 ] } },
{ "type": "Feature", "properties": { "decimalLatitude": 30.543544, "decimalLongitude": 78.185567, "eventDate": "2024-06-08T11:15:45Z", "countryCode": "IN" }, "geometry": { "type": "Point", "coordinates": [ 78.185567, 30.543544 ] } },
{ "type": "Feature", "properties": { "decimalLatitude": 24.876663, "decimalLongitude": 115.168376, "eventDate": "2024-06-14T14:24:43Z", "countryCode": "CN" }, "geometry": { "type": "Point", "coordinates": [ 115.168376, 24.876663 ] } },
{ "type": "Feature", "properties": { "decimalLatitude": 25.13014, "decimalLongitude": 113.34746, "eventDate": "2024-06-24T11:14:00Z", "countryCode": "CN" }, "geometry": { "type": "Point", "coordinates": [ 113.34746, 25.13014 ] } },
{ "type": "Feature", "properties": { "decimalLatitude": 30.543603, "decimalLongitude": 78.184929, "eventDate": "2024-06-07T14:49:00Z", "countryCode": "IN" }, "geometry": { "type": "Point", "coordinates": [ 78.184929, 30.543603 ] } },
{ "type": "Feature", "properties": { "decimalLatitude": 30.543603, "decimalLongitude": 78.184929, "eventDate": "2024-06-06T11:52:00Z", "countryCode": "IN" }, "geometry": { "type": "Point", "coordinates": [ 78.184929, 30.543603 ] } },
{ "type": "Feature", "properties": { "decimalLatitude": 27.270033, "decimalLongitude": 91.152381, "eventDate": "2024-06-22T20:20:00Z", "countryCode": "BT" }, "geometry": { "type": "Point", "coordinates": [ 91.152381, 27.270033 ] } },
{ "type": "Feature", "properties": { "decimalLatitude": 18.900181, "decimalLongitude": 109.682583, "eventDate": "2024-06-10T10:57:00Z", "countryCode": "CN" }, "geometry": { "type": "Point", "coordinates": [ 109.682583, 18.900181 ] } },
{ "type": "Feature", "properties": { "decimalLatitude": 28.908919, "decimalLongitude": 115.080844, "eventDate": "2024-06-01T14:14:14Z", "countryCode": "CN" }, "geometry": { "type": "Point", "coordinates": [ 115.080844, 28.908919 ] } },
{ "type": "Feature", "properties": { "decimalLatitude": 30.543661, "decimalLongitude": 78.184935, "eventDate": "2024-06-12T09:14:00Z", "countryCode": "IN" }, "geometry": { "type": "Point", "coordinates": [ 78.184935, 30.543661 ] } },
{ "type": "Feature", "properties": { "decimalLatitude": 30.468779, "decimalLongitude": 78.032362, "eventDate": "2024-06-09T08:48:00Z", "countryCode": "IN" }, "geometry": { "type": "Point", "coordinates": [ 78.032362, 30.468779 ] } },
{ "type": "Feature", "properties": { "decimalLatitude": 30.468779, "decimalLongitude": 78.032362, "eventDate": "2024-06-10T11:39:00Z", "countryCode": "IN" }, "geometry": { "type": "Point", "coordinates": [ 78.032362, 30.468779 ] } },
{ "type": "Feature", "properties": { "decimalLatitude": 30.543661, "decimalLongitude": 78.184935, "eventDate": "2024-06-12T09:12:00Z", "countryCode": "IN" }, "geometry": { "type": "Point", "coordinates": [ 78.184935, 30.543661 ] } },
{ "type": "Feature", "properties": { "decimalLatitude": 24.77998, "decimalLongitude": 112.37677, "eventDate": "2024-06-28T11:30:00Z", "countryCode": "CN" }, "geometry": { "type": "Point", "coordinates": [ 112.37677, 24.77998 ] } },
{ "type": "Feature", "properties": { "decimalLatitude": 24.466675, "decimalLongitude": 112.626495, "eventDate": "2024-07-20T21:35:00Z", "countryCode": "CN" }, "geometry": { "type": "Point", "coordinates": [ 112.626495, 24.466675 ] } },
{ "type": "Feature", "properties": { "decimalLatitude": 25.251858, "decimalLongitude": 107.73975, "eventDate": "2024-07-09T12:18:51Z", "countryCode": "CN" }, "geometry": { "type": "Point", "coordinates": [ 107.73975, 25.251858 ] } },
{ "type": "Feature", "properties": { "decimalLatitude": 25.362259, "decimalLongitude": 107.746386, "eventDate": "2024-07-21T09:21:29Z", "countryCode": "CN" }, "geometry": { "type": "Point", "coordinates": [ 107.746386, 25.362259 ] } },
{ "type": "Feature", "properties": { "decimalLatitude": 22.05209, "decimalLongitude": 100.980306, "eventDate": "2024-07-18T10:28:10Z", "countryCode": "CN" }, "geometry": { "type": "Point", "coordinates": [ 100.980306, 22.05209 ] } },
{ "type": "Feature", "properties": { "decimalLatitude": 25.990095, "decimalLongitude": 108.541771, "eventDate": "2024-07-24T11:44:02Z", "countryCode": "CN" }, "geometry": { "type": "Point", "coordinates": [ 108.541771, 25.990095 ] } },
{ "type": "Feature", "properties": { "decimalLatitude": 26.077758, "decimalLongitude": 91.748953, "eventDate": "2024-07-27T09:22:13Z", "countryCode": "IN" }, "geometry": { "type": "Point", "coordinates": [ 91.748953, 26.077758 ] } },
{ "type": "Feature", "properties": { "decimalLatitude": 26.328932, "decimalLongitude": 109.173225, "eventDate": "2024-07-21T09:58:57Z", "countryCode": "CN" }, "geometry": { "type": "Point", "coordinates": [ 109.173225, 26.328932 ] } },
{ "type": "Feature", "properties": { "decimalLatitude": 23.05196, "decimalLongitude": 112.48461, "eventDate": "2024-07-31T22:35:00Z", "countryCode": "CN" }, "geometry": { "type": "Point", "coordinates": [ 112.48461, 23.05196 ] } },
{ "type": "Feature", "properties": { "decimalLatitude": 29.328487, "decimalLongitude": 108.058433, "eventDate": "2024-07-10T14:35:00Z", "countryCode": "CN" }, "geometry": { "type": "Point", "coordinates": [ 108.058433, 29.328487 ] } },
{ "type": "Feature", "properties": { "decimalLatitude": 27.586965, "decimalLongitude": 85.38115, "eventDate": "2024-07-30T03:18:00Z", "countryCode": "NP" }, "geometry": { "type": "Point", "coordinates": [ 85.38115, 27.586965 ] } },
{ "type": "Feature", "properties": { "decimalLatitude": 29.895187, "decimalLongitude": 121.822476, "eventDate": "2024-08-05T12:53:12Z", "countryCode": "CN" }, "geometry": { "type": "Point", "coordinates": [ 121.822476, 29.895187 ] } },
{ "type": "Feature", "properties": { "decimalLatitude": 27.500501, "decimalLongitude": 88.534612, "eventDate": "2024-08-20T14:25:15Z", "countryCode": "IN" }, "geometry": { "type": "Point", "coordinates": [ 88.534612, 27.500501 ] } },
{ "type": "Feature", "properties": { "decimalLatitude": 25.974258, "decimalLongitude": 107.68175, "eventDate": "2024-08-25T12:32:50Z", "countryCode": "CN" }, "geometry": { "type": "Point", "coordinates": [ 107.68175, 25.974258 ] } },
{ "type": "Feature", "properties": { "decimalLatitude": 26.87128, "decimalLongitude": 88.361571, "eventDate": "2024-08-31T12:00:00Z", "countryCode": "IN" }, "geometry": { "type": "Point", "coordinates": [ 88.361571, 26.87128 ] } },
{ "type": "Feature", "properties": { "decimalLatitude": 26.566212, "decimalLongitude": 114.125624, "eventDate": "2024-08-25T10:27:00Z", "countryCode": "CN" }, "geometry": { "type": "Point", "coordinates": [ 114.125624, 26.566212 ] } },
{ "type": "Feature", "properties": { "decimalLatitude": 27.589205, "decimalLongitude": 85.375372, "eventDate": "2024-08-03T13:08:43Z", "countryCode": "NP" }, "geometry": { "type": "Point", "coordinates": [ 85.375372, 27.589205 ] } },
{ "type": "Feature", "properties": { "decimalLatitude": 22.864245, "decimalLongitude": 113.486779, "eventDate": "2024-08-24T16:44:16Z", "countryCode": "CN" }, "geometry": { "type": "Point", "coordinates": [ 113.486779, 22.864245 ] } },
{ "type": "Feature", "properties": { "decimalLatitude": 27.597194, "decimalLongitude": 85.379468, "eventDate": "2024-08-08T15:26:00Z", "countryCode": "NP" }, "geometry": { "type": "Point", "coordinates": [ 85.379468, 27.597194 ] } },
{ "type": "Feature", "properties": { "decimalLatitude": 26.87128, "decimalLongitude": 88.361571, "eventDate": "2024-08-30T15:02:00Z", "countryCode": "IN" }, "geometry": { "type": "Point", "coordinates": [ 88.361571, 26.87128 ] } },
{ "type": "Feature", "properties": { "decimalLatitude": 26.952406, "decimalLongitude": 88.493811, "eventDate": "2024-09-07T10:33:25Z", "countryCode": "IN" }, "geometry": { "type": "Point", "coordinates": [ 88.493811, 26.952406 ] } },
{ "type": "Feature", "properties": { "decimalLatitude": 26.913237, "decimalLongitude": 88.399298, "eventDate": "2024-09-12T00:00:00Z", "countryCode": "IN" }, "geometry": { "type": "Point", "coordinates": [ 88.399298, 26.913237 ] } },
{ "type": "Feature", "properties": { "decimalLatitude": 26.949846, "decimalLongitude": 88.413166, "eventDate": "2024-09-11T00:00:00Z", "countryCode": "IN" }, "geometry": { "type": "Point", "coordinates": [ 88.413166, 26.949846 ] } },
{ "type": "Feature", "properties": { "decimalLatitude": 26.951645, "decimalLongitude": 88.414157, "eventDate": "2024-09-11T00:00:00Z", "countryCode": "IN" }, "geometry": { "type": "Point", "coordinates": [ 88.414157, 26.951645 ] } },
{ "type": "Feature", "properties": { "decimalLatitude": 27.106975, "decimalLongitude": 88.575706, "eventDate": "2024-09-21T13:39:00Z", "countryCode": "IN" }, "geometry": { "type": "Point", "coordinates": [ 88.575706, 27.106975 ] } },
{ "type": "Feature", "properties": { "decimalLatitude": 27.106975, "decimalLongitude": 88.575706, "eventDate": "2024-09-21T13:35:00Z", "countryCode": "IN" }, "geometry": { "type": "Point", "coordinates": [ 88.575706, 27.106975 ] } },
{ "type": "Feature", "properties": { "decimalLatitude": 27.312503, "decimalLongitude": 88.588385, "eventDate": "2024-09-21T14:10:29Z", "countryCode": "IN" }, "geometry": { "type": "Point", "coordinates": [ 88.588385, 27.312503 ] } },
{ "type": "Feature", "properties": { "decimalLatitude": 24.01278, "decimalLongitude": 97.85189, "eventDate": "2024-09-23T15:20:00Z", "countryCode": "CN" }, "geometry": { "type": "Point", "coordinates": [ 97.85189, 24.01278 ] } },
{ "type": "Feature", "properties": { "decimalLatitude": 27.012518, "decimalLongitude": 88.251442, "eventDate": "2024-09-25T14:07:00Z", "countryCode": "IN" }, "geometry": { "type": "Point", "coordinates": [ 88.251442, 27.012518 ] } },
{ "type": "Feature", "properties": { "decimalLatitude": 26.959782, "decimalLongitude": 88.513014, "eventDate": "2024-09-07T11:01:00Z", "countryCode": "IN" }, "geometry": { "type": "Point", "coordinates": [ 88.513014, 26.959782 ] } },
{ "type": "Feature", "properties": { "decimalLatitude": 27.424846, "decimalLongitude": 88.510743, "eventDate": "2024-09-14T00:00:00Z", "countryCode": "IN" }, "geometry": { "type": "Point", "coordinates": [ 88.510743, 27.424846 ] } },
{ "type": "Feature", "properties": { "decimalLatitude": 27.012058, "decimalLongitude": 88.700905, "eventDate": "2024-09-17T15:57:00Z", "countryCode": "IN" }, "geometry": { "type": "Point", "coordinates": [ 88.700905, 27.012058 ] } },
{ "type": "Feature", "properties": { "decimalLatitude": 32.089536, "decimalLongitude": 77.160531, "eventDate": "2024-09-30T11:49:27Z", "countryCode": "IN" }, "geometry": { "type": "Point", "coordinates": [ 77.160531, 32.089536 ] } },
{ "type": "Feature", "properties": { "decimalLatitude": 26.938131, "decimalLongitude": 88.482537, "eventDate": "2024-09-12T08:23:26Z", "countryCode": "IN" }, "geometry": { "type": "Point", "coordinates": [ 88.482537, 26.938131 ] } },
{ "type": "Feature", "properties": { "decimalLatitude": 25.285978, "decimalLongitude": 108.071715, "eventDate": "2024-09-06T16:31:37Z", "countryCode": "CN" }, "geometry": { "type": "Point", "coordinates": [ 108.071715, 25.285978 ] } },
{ "type": "Feature", "properties": { "decimalLatitude": 26.938131, "decimalLongitude": 88.482537, "eventDate": "2024-09-07T09:50:20Z", "countryCode": "IN" }, "geometry": { "type": "Point", "coordinates": [ 88.482537, 26.938131 ] } },
{ "type": "Feature", "properties": { "decimalLatitude": 27.008206, "decimalLongitude": 88.249786, "eventDate": "2024-09-30T14:30:00Z", "countryCode": "IN" }, "geometry": { "type": "Point", "coordinates": [ 88.249786, 27.008206 ] } },
{ "type": "Feature", "properties": { "decimalLatitude": 27.456747, "decimalLongitude": 88.514372, "eventDate": "2024-10-06T12:04:37Z", "countryCode": "IN" }, "geometry": { "type": "Point", "coordinates": [ 88.514372, 27.456747 ] } },
{ "type": "Feature", "properties": { "decimalLatitude": 17.160297, "decimalLongitude": 98.47135, "eventDate": "2024-10-13T12:00:03Z", "countryCode": "TH" }, "geometry": { "type": "Point", "coordinates": [ 98.47135, 17.160297 ] } },
{ "type": "Feature", "properties": { "decimalLatitude": 20.299703, "decimalLongitude": 105.649162, "eventDate": "2024-10-03T13:19:00Z", "countryCode": "VN" }, "geometry": { "type": "Point", "coordinates": [ 105.649162, 20.299703 ] } },
{ "type": "Feature", "properties": { "decimalLatitude": 23.710447, "decimalLongitude": 92.670405, "eventDate": "2024-10-13T14:16:00Z", "countryCode": "IN" }, "geometry": { "type": "Point", "coordinates": [ 92.670405, 23.710447 ] } },
{ "type": "Feature", "properties": { "decimalLatitude": 23.690158, "decimalLongitude": 92.603073, "eventDate": "2024-10-13T09:00:00Z", "countryCode": "IN" }, "geometry": { "type": "Point", "coordinates": [ 92.603073, 23.690158 ] } },
{ "type": "Feature", "properties": { "decimalLatitude": 27.688183, "decimalLongitude": 117.742293, "eventDate": "2024-10-07T21:51:00Z", "countryCode": "CN" }, "geometry": { "type": "Point", "coordinates": [ 117.742293, 27.688183 ] } },
{ "type": "Feature", "properties": { "decimalLatitude": 24.686497, "decimalLongitude": 92.751605, "eventDate": "2024-10-17T09:20:30Z", "countryCode": "IN" }, "geometry": { "type": "Point", "coordinates": [ 92.751605, 24.686497 ] } },
{ "type": "Feature", "properties": { "decimalLatitude": 23.691057, "decimalLongitude": 92.601271, "eventDate": "2024-10-13T09:59:00Z", "countryCode": "IN" }, "geometry": { "type": "Point", "coordinates": [ 92.601271, 23.691057 ] } },
{ "type": "Feature", "properties": { "decimalLatitude": 24.638032, "decimalLongitude": 92.223606, "eventDate": "2024-10-14T00:00:00Z", "countryCode": "BD" }, "geometry": { "type": "Point", "coordinates": [ 92.223606, 24.638032 ] } },
{ "type": "Feature", "properties": { "decimalLatitude": 25.261685, "decimalLongitude": 107.72685, "eventDate": "2024-10-12T14:39:00Z", "countryCode": "CN" }, "geometry": { "type": "Point", "coordinates": [ 107.72685, 25.261685 ] } },
{ "type": "Feature", "properties": { "decimalLatitude": 25.294507, "decimalLongitude": 108.088782, "eventDate": "2024-10-06T15:12:00Z", "countryCode": "CN" }, "geometry": { "type": "Point", "coordinates": [ 108.088782, 25.294507 ] } },
{ "type": "Feature", "properties": { "decimalLatitude": 17.797125, "decimalLongitude": 97.950762, "eventDate": "2024-10-06T13:27:38Z", "countryCode": "TH" }, "geometry": { "type": "Point", "coordinates": [ 97.950762, 17.797125 ] } },
{ "type": "Feature", "properties": { "decimalLatitude": 25.201178, "decimalLongitude": 91.917029, "eventDate": "2024-11-07T11:32:00Z", "countryCode": "IN" }, "geometry": { "type": "Point", "coordinates": [ 91.917029, 25.201178 ] } },
{ "type": "Feature", "properties": { "decimalLatitude": 27.047118, "decimalLongitude": 92.418964, "eventDate": "2024-11-06T11:38:00Z", "countryCode": "IN" }, "geometry": { "type": "Point", "coordinates": [ 92.418964, 27.047118 ] } },
{ "type": "Feature", "properties": { "decimalLatitude": 26.895915, "decimalLongitude": 90.909405, "eventDate": "2024-11-07T00:00:00Z", "countryCode": "BT" }, "geometry": { "type": "Point", "coordinates": [ 90.909405, 26.895915 ] } },
{ "type": "Feature", "properties": { "decimalLatitude": 27.03208, "decimalLongitude": 92.414453, "eventDate": "2024-11-27T07:02:00Z", "countryCode": "IN" }, "geometry": { "type": "Point", "coordinates": [ 92.414453, 27.03208 ] } },
{ "type": "Feature", "properties": { "decimalLatitude": 21.584574, "decimalLongitude": 101.632984, "eventDate": "2024-11-05T15:46:00Z", "countryCode": "CN" }, "geometry": { "type": "Point", "coordinates": [ 101.632984, 21.584574 ] } },
{ "type": "Feature", "properties": { "decimalLatitude": 24.362739, "decimalLongitude": 92.342006, "eventDate": "2024-11-24T00:00:00Z", "countryCode": "IN" }, "geometry": { "type": "Point", "coordinates": [ 92.342006, 24.362739 ] } },
{ "type": "Feature", "properties": { "decimalLatitude": 25.782042, "decimalLongitude": 113.107432, "eventDate": "2024-11-27T16:46:00Z", "countryCode": "CN" }, "geometry": { "type": "Point", "coordinates": [ 113.107432, 25.782042 ] } },
{ "type": "Feature", "properties": { "decimalLatitude": 27.32293, "decimalLongitude": 91.13053, "eventDate": "2024-12-03T08:09:00Z", "countryCode": "BT" }, "geometry": { "type": "Point", "coordinates": [ 91.13053, 27.32293 ] } },
{ "type": "Feature", "properties": { "decimalLatitude": 24.322742, "decimalLongitude": 91.781738, "eventDate": "2024-12-24T13:22:31Z", "countryCode": "BD" }, "geometry": { "type": "Point", "coordinates": [ 91.781738, 24.322742 ] } },
{ "type": "Feature", "properties": { "decimalLatitude": 24.690929, "decimalLongitude": 112.992071, "eventDate": "2024-12-18T14:42:06Z", "countryCode": "CN" }, "geometry": { "type": "Point", "coordinates": [ 112.992071, 24.690929 ] } },
{ "type": "Feature", "properties": { "decimalLatitude": 25.778733, "decimalLongitude": 113.096197, "eventDate": "2024-12-03T09:48:00Z", "countryCode": "CN" }, "geometry": { "type": "Point", "coordinates": [ 113.096197, 25.778733 ] } },
{ "type": "Feature", "properties": { "decimalLatitude": 24.460691, "decimalLongitude": 97.645048, "eventDate": "2025-02-08T10:00:00Z", "countryCode": "CN" }, "geometry": { "type": "Point", "coordinates": [ 97.645048, 24.460691 ] } },
{ "type": "Feature", "properties": { "decimalLatitude": 18.862013, "decimalLongitude": 99.356903, "eventDate": "2025-02-18T12:09:00Z", "countryCode": "TH" }, "geometry": { "type": "Point", "coordinates": [ 99.356903, 18.862013 ] } },
{ "type": "Feature", "properties": { "decimalLatitude": 18.533341, "decimalLongitude": 98.522274, "eventDate": "2025-02-22T07:58:39Z", "countryCode": "TH" }, "geometry": { "type": "Point", "coordinates": [ 98.522274, 18.533341 ] } },
{ "type": "Feature", "properties": { "decimalLatitude": 20.288698, "decimalLongitude": 99.808795, "eventDate": "2025-03-02T11:15:58Z", "countryCode": "TH" }, "geometry": { "type": "Point", "coordinates": [ 99.808795, 20.288698 ] } },
{ "type": "Feature", "properties": { "decimalLatitude": 21.48566, "decimalLongitude": 101.555695, "eventDate": "2025-03-12T21:45:07Z", "countryCode": "CN" }, "geometry": { "type": "Point", "coordinates": [ 101.555695, 21.48566 ] } },
{ "type": "Feature", "properties": { "decimalLatitude": 25.246197, "decimalLongitude": 91.672081, "eventDate": "2025-03-13T12:38:07Z", "countryCode": "IN" }, "geometry": { "type": "Point", "coordinates": [ 91.672081, 25.246197 ] } },
{ "type": "Feature", "properties": { "decimalLatitude": 26.09056, "decimalLongitude": 91.748476, "eventDate": "2025-03-26T11:18:23Z", "countryCode": "IN" }, "geometry": { "type": "Point", "coordinates": [ 91.748476, 26.09056 ] } },
{ "type": "Feature", "properties": { "decimalLatitude": 22.105111, "decimalLongitude": 100.866262, "eventDate": "2025-03-25T22:57:07Z", "countryCode": "CN" }, "geometry": { "type": "Point", "coordinates": [ 100.866262, 22.105111 ] } },
{ "type": "Feature", "properties": { "decimalLatitude": 27.804042, "decimalLongitude": 89.73725, "eventDate": "2025-03-23T10:44:00Z", "countryCode": "BT" }, "geometry": { "type": "Point", "coordinates": [ 89.73725, 27.804042 ] } },
{ "type": "Feature", "properties": { "decimalLatitude": 28.186195, "decimalLongitude": 95.810623, "eventDate": "2025-03-09T08:10:00Z", "countryCode": "IN" }, "geometry": { "type": "Point", "coordinates": [ 95.810623, 28.186195 ] } },
{ "type": "Feature", "properties": { "decimalLatitude": 24.352678, "decimalLongitude": 92.344814, "eventDate": "2025-03-03T10:38:00Z", "countryCode": "IN" }, "geometry": { "type": "Point", "coordinates": [ 92.344814, 24.352678 ] } },
{ "type": "Feature", "properties": { "decimalLatitude": 24.352678, "decimalLongitude": 92.344814, "eventDate": "2025-03-15T15:33:00Z", "countryCode": "IN" }, "geometry": { "type": "Point", "coordinates": [ 92.344814, 24.352678 ] } },
{ "type": "Feature", "properties": { "decimalLatitude": 19.162283, "decimalLongitude": 109.746407, "eventDate": "2025-03-15T10:35:22Z", "countryCode": "CN" }, "geometry": { "type": "Point", "coordinates": [ 109.746407, 19.162283 ] } },
{ "type": "Feature", "properties": { "decimalLatitude": 18.522385, "decimalLongitude": 98.521831, "eventDate": "2025-04-10T13:52:22Z", "countryCode": "TH" }, "geometry": { "type": "Point", "coordinates": [ 98.521831, 18.522385 ] } },
{ "type": "Feature", "properties": { "decimalLatitude": 27.45497, "decimalLongitude": 85.219381, "eventDate": "2025-04-07T11:39:51Z", "countryCode": "NP" }, "geometry": { "type": "Point", "coordinates": [ 85.219381, 27.45497 ] } },
{ "type": "Feature", "properties": { "decimalLatitude": 26.678308, "decimalLongitude": 94.350953, "eventDate": "2025-04-14T13:29:00Z", "countryCode": "IN" }, "geometry": { "type": "Point", "coordinates": [ 94.350953, 26.678308 ] } },
{ "type": "Feature", "properties": { "decimalLatitude": 28.5436, "decimalLongitude": 114.566031, "eventDate": "2025-04-29T10:04:19Z", "countryCode": "CN" }, "geometry": { "type": "Point", "coordinates": [ 114.566031, 28.5436 ] } },
{ "type": "Feature", "properties": { "decimalLatitude": 26.505878, "decimalLongitude": 114.046739, "eventDate": "2025-04-28T15:37:00Z", "countryCode": "CN" }, "geometry": { "type": "Point", "coordinates": [ 114.046739, 26.505878 ] } },
{ "type": "Feature", "properties": { "decimalLatitude": 28.447941, "decimalLongitude": 84.385581, "eventDate": "2025-04-15T06:27:00Z", "countryCode": "NP" }, "geometry": { "type": "Point", "coordinates": [ 84.385581, 28.447941 ] } },
{ "type": "Feature", "properties": { "decimalLatitude": 30.923995, "decimalLongitude": 103.488309, "eventDate": "2025-04-30T15:33:00Z", "countryCode": "CN" }, "geometry": { "type": "Point", "coordinates": [ 103.488309, 30.923995 ] } },
{ "type": "Feature", "properties": { "decimalLatitude": 27.609405, "decimalLongitude": 91.497387, "eventDate": "2025-04-19T12:07:00Z", "countryCode": "BT" }, "geometry": { "type": "Point", "coordinates": [ 91.497387, 27.609405 ] } },
{ "type": "Feature", "properties": { "decimalLatitude": 29.357763, "decimalLongitude": 110.415497, "eventDate": "2025-04-17T11:51:20Z", "countryCode": "CN" }, "geometry": { "type": "Point", "coordinates": [ 110.415497, 29.357763 ] } },
{ "type": "Feature", "properties": { "decimalLatitude": 16.050283, "decimalLongitude": 108.190132, "eventDate": "2025-04-28T05:47:00Z", "countryCode": "VN" }, "geometry": { "type": "Point", "coordinates": [ 108.190132, 16.050283 ] } },
{ "type": "Feature", "properties": { "decimalLatitude": 25.778699, "decimalLongitude": 113.10387, "eventDate": "2025-04-06T14:24:00Z", "countryCode": "CN" }, "geometry": { "type": "Point", "coordinates": [ 113.10387, 25.778699 ] } },
{ "type": "Feature", "properties": { "decimalLatitude": 27.597294, "decimalLongitude": 85.378906, "eventDate": "2025-04-07T11:55:00Z", "countryCode": "NP" }, "geometry": { "type": "Point", "coordinates": [ 85.378906, 27.597294 ] } },
{ "type": "Feature", "properties": { "decimalLatitude": 29.306847, "decimalLongitude": 110.342414, "eventDate": "2025-05-20T12:52:00Z", "countryCode": "CN" }, "geometry": { "type": "Point", "coordinates": [ 110.342414, 29.306847 ] } },
{ "type": "Feature", "properties": { "decimalLatitude": 26.043197, "decimalLongitude": 91.705232, "eventDate": "2025-05-29T00:00:00Z", "countryCode": "IN" }, "geometry": { "type": "Point", "coordinates": [ 91.705232, 26.043197 ] } },
{ "type": "Feature", "properties": { "decimalLatitude": 28.540078, "decimalLongitude": 114.559567, "eventDate": "2025-05-26T12:47:30Z", "countryCode": "CN" }, "geometry": { "type": "Point", "coordinates": [ 114.559567, 28.540078 ] } },
{ "type": "Feature", "properties": { "decimalLatitude": 3.417935, "decimalLongitude": 101.844445, "eventDate": "2025-05-24T11:46:00Z", "countryCode": "MY" }, "geometry": { "type": "Point", "coordinates": [ 101.844445, 3.417935 ] } },
{ "type": "Feature", "properties": { "decimalLatitude": 27.58015, "decimalLongitude": 85.378731, "eventDate": "2025-06-07T11:10:19Z", "countryCode": "NP" }, "geometry": { "type": "Point", "coordinates": [ 85.378731, 27.58015 ] } },
{ "type": "Feature", "properties": { "decimalLatitude": 20.25047, "decimalLongitude": 105.715253, "eventDate": "2025-06-15T10:45:00Z", "countryCode": "VN" }, "geometry": { "type": "Point", "coordinates": [ 105.715253, 20.25047 ] } },
{ "type": "Feature", "properties": { "decimalLatitude": 20.25047, "decimalLongitude": 105.715253, "eventDate": "2025-06-14T08:56:00Z", "countryCode": "VN" }, "geometry": { "type": "Point", "coordinates": [ 105.715253, 20.25047 ] } },
{ "type": "Feature", "properties": { "decimalLatitude": 27.594065, "decimalLongitude": 85.376432, "eventDate": "2025-06-01T11:42:44Z", "countryCode": "NP" }, "geometry": { "type": "Point", "coordinates": [ 85.376432, 27.594065 ] } },
{ "type": "Feature", "properties": { "decimalLatitude": 20.316688, "decimalLongitude": 105.608313, "eventDate": "2025-06-14T17:45:00Z", "countryCode": "VN" }, "geometry": { "type": "Point", "coordinates": [ 105.608313, 20.316688 ] } },
{ "type": "Feature", "properties": { "decimalLatitude": 20.312606, "decimalLongitude": 105.646442, "eventDate": "2025-06-23T18:07:44Z", "countryCode": "VN" }, "geometry": { "type": "Point", "coordinates": [ 105.646442, 20.312606 ] } },
{ "type": "Feature", "properties": { "decimalLatitude": 29.305281, "decimalLongitude": 95.047144, "eventDate": "2025-06-28T12:52:45Z", "countryCode": "CN" }, "geometry": { "type": "Point", "coordinates": [ 95.047144, 29.305281 ] } },
{ "type": "Feature", "properties": { "decimalLatitude": 26.163185, "decimalLongitude": 119.280271, "eventDate": "2025-06-29T15:29:00Z", "countryCode": "CN" }, "geometry": { "type": "Point", "coordinates": [ 119.280271, 26.163185 ] } },
{ "type": "Feature", "properties": { "decimalLatitude": 27.736784, "decimalLongitude": 107.167785, "eventDate": "2025-06-21T16:01:31Z", "countryCode": "CN" }, "geometry": { "type": "Point", "coordinates": [ 107.167785, 27.736784 ] } },
{ "type": "Feature", "properties": { "decimalLatitude": 23.212608, "decimalLongitude": 106.380497, "eventDate": "2025-06-18T21:32:44Z", "countryCode": "CN" }, "geometry": { "type": "Point", "coordinates": [ 106.380497, 23.212608 ] } },
{ "type": "Feature", "properties": { "decimalLatitude": 28.504881, "decimalLongitude": 119.911491, "eventDate": "2025-06-15T12:54:39Z", "countryCode": "CN" }, "geometry": { "type": "Point", "coordinates": [ 119.911491, 28.504881 ] } },
{ "type": "Feature", "properties": { "decimalLatitude": 26.829965, "decimalLongitude": 117.815884, "eventDate": "2025-06-20T11:49:00Z", "countryCode": "CN" }, "geometry": { "type": "Point", "coordinates": [ 117.815884, 26.829965 ] } },
{ "type": "Feature", "properties": { "decimalLatitude": 28.49132, "decimalLongitude": 119.90866, "eventDate": "2025-06-25T09:00:00Z", "countryCode": "CN" }, "geometry": { "type": "Point", "coordinates": [ 119.90866, 28.49132 ] } },
{ "type": "Feature", "properties": { "decimalLatitude": 29.938135, "decimalLongitude": 110.080795, "eventDate": "2025-07-09T13:18:21Z", "countryCode": "CN" }, "geometry": { "type": "Point", "coordinates": [ 110.080795, 29.938135 ] } },
{ "type": "Feature", "properties": { "decimalLatitude": 3.712173, "decimalLongitude": 101.736744, "eventDate": "2025-07-15T11:16:00Z", "countryCode": "MY" }, "geometry": { "type": "Point", "coordinates": [ 101.736744, 3.712173 ] } },
{ "type": "Feature", "properties": { "decimalLatitude": 28.307167, "decimalLongitude": 118.56758, "eventDate": "2025-07-06T12:52:41Z", "countryCode": "CN" }, "geometry": { "type": "Point", "coordinates": [ 118.56758, 28.307167 ] } },
{ "type": "Feature", "properties": { "decimalLatitude": 24.764549, "decimalLongitude": 112.835545, "eventDate": "2025-07-22T12:11:19Z", "countryCode": "CN" }, "geometry": { "type": "Point", "coordinates": [ 112.835545, 24.764549 ] } },
{ "type": "Feature", "properties": { "decimalLatitude": 3.455701, "decimalLongitude": 101.81586, "eventDate": "2025-07-26T00:00:00Z", "countryCode": "MY" }, "geometry": { "type": "Point", "coordinates": [ 101.81586, 3.455701 ] } },
{ "type": "Feature", "properties": { "decimalLatitude": 3.716312, "decimalLongitude": 101.750084, "eventDate": "2025-07-28T11:36:00Z", "countryCode": "MY" }, "geometry": { "type": "Point", "coordinates": [ 101.750084, 3.716312 ] } },
{ "type": "Feature", "properties": { "decimalLatitude": 3.874331, "decimalLongitude": 102.461555, "eventDate": "2025-07-30T15:14:00Z", "countryCode": "MY" }, "geometry": { "type": "Point", "coordinates": [ 102.461555, 3.874331 ] } },
{ "type": "Feature", "properties": { "decimalLatitude": 26.840003, "decimalLongitude": 120.024314, "eventDate": "2025-07-13T09:56:31Z", "countryCode": "CN" }, "geometry": { "type": "Point", "coordinates": [ 120.024314, 26.840003 ] } },
{ "type": "Feature", "properties": { "decimalLatitude": 27.196733, "decimalLongitude": 88.259878, "eventDate": "2025-07-21T08:56:09Z", "countryCode": "IN" }, "geometry": { "type": "Point", "coordinates": [ 88.259878, 27.196733 ] } },
{ "type": "Feature", "properties": { "decimalLatitude": 30.85526, "decimalLongitude": 118.41386, "eventDate": "2025-07-02T09:26:00Z", "countryCode": "CN" }, "geometry": { "type": "Point", "coordinates": [ 118.41386, 30.85526 ] } },
{ "type": "Feature", "properties": { "decimalLatitude": 25.85449, "decimalLongitude": 110.47328, "eventDate": "2025-07-17T11:04:00Z", "countryCode": "CN" }, "geometry": { "type": "Point", "coordinates": [ 110.47328, 25.85449 ] } },
{ "type": "Feature", "properties": { "decimalLatitude": 25.322484, "decimalLongitude": 107.9359, "eventDate": "2025-07-17T10:24:00Z", "countryCode": "CN" }, "geometry": { "type": "Point", "coordinates": [ 107.9359, 25.322484 ] } },
{ "type": "Feature", "properties": { "decimalLatitude": 29.372323, "decimalLongitude": 120.227283, "eventDate": "2025-07-12T13:56:37Z", "countryCode": "CN" }, "geometry": { "type": "Point", "coordinates": [ 120.227283, 29.372323 ] } },
{ "type": "Feature", "properties": { "decimalLatitude": 24.655662, "decimalLongitude": 112.782103, "eventDate": "2025-07-20T12:01:56Z", "countryCode": "CN" }, "geometry": { "type": "Point", "coordinates": [ 112.782103, 24.655662 ] } },
{ "type": "Feature", "properties": { "decimalLatitude": 29.389404, "decimalLongitude": 120.232521, "eventDate": "2025-07-12T14:10:00Z", "countryCode": "CN" }, "geometry": { "type": "Point", "coordinates": [ 120.232521, 29.389404 ] } },
{ "type": "Feature", "properties": { "decimalLatitude": 25.293192, "decimalLongitude": 108.070936, "eventDate": "2025-07-24T07:45:00Z", "countryCode": "CN" }, "geometry": { "type": "Point", "coordinates": [ 108.070936, 25.293192 ] } },
{ "type": "Feature", "properties": { "decimalLatitude": 27.196639, "decimalLongitude": 88.259972, "eventDate": "2025-07-26T13:46:57Z", "countryCode": "IN" }, "geometry": { "type": "Point", "coordinates": [ 88.259972, 27.196639 ] } },
{ "type": "Feature", "properties": { "decimalLatitude": 25.77811, "decimalLongitude": 113.096381, "eventDate": "2025-07-22T12:05:00Z", "countryCode": "CN" }, "geometry": { "type": "Point", "coordinates": [ 113.096381, 25.77811 ] } },
{ "type": "Feature", "properties": { "decimalLatitude": 24.96419, "decimalLongitude": 113.105422, "eventDate": "2025-07-17T15:56:00Z", "countryCode": "CN" }, "geometry": { "type": "Point", "coordinates": [ 113.105422, 24.96419 ] } },
{ "type": "Feature", "properties": { "decimalLatitude": 30.989946, "decimalLongitude": 103.575195, "eventDate": "2025-07-28T14:35:00Z", "countryCode": "CN" }, "geometry": { "type": "Point", "coordinates": [ 103.575195, 30.989946 ] } },
{ "type": "Feature", "properties": { "decimalLatitude": 25.874889, "decimalLongitude": 109.113793, "eventDate": "2025-08-06T09:41:48Z", "countryCode": "CN" }, "geometry": { "type": "Point", "coordinates": [ 109.113793, 25.874889 ] } },
{ "type": "Feature", "properties": { "decimalLatitude": 21.911895, "decimalLongitude": 101.281936, "eventDate": "2025-08-09T13:03:50Z", "countryCode": "CN" }, "geometry": { "type": "Point", "coordinates": [ 101.281936, 21.911895 ] } },
{ "type": "Feature", "properties": { "decimalLatitude": 28.658828, "decimalLongitude": 120.659112, "eventDate": "2025-08-10T10:55:30Z", "countryCode": "CN" }, "geometry": { "type": "Point", "coordinates": [ 120.659112, 28.658828 ] } },
{ "type": "Feature", "properties": { "decimalLatitude": 24.325064, "decimalLongitude": 91.787147, "eventDate": "2025-08-30T14:14:09Z", "countryCode": "BD" }, "geometry": { "type": "Point", "coordinates": [ 91.787147, 24.325064 ] } },
{ "type": "Feature", "properties": { "decimalLatitude": 18.901262, "decimalLongitude": 109.690798, "eventDate": "2025-08-14T14:24:00Z", "countryCode": "CN" }, "geometry": { "type": "Point", "coordinates": [ 109.690798, 18.901262 ] } },
{ "type": "Feature", "properties": { "decimalLatitude": 28.423658, "decimalLongitude": 121.272698, "eventDate": "2025-08-30T11:00:07Z", "countryCode": "CN" }, "geometry": { "type": "Point", "coordinates": [ 121.272698, 28.423658 ] } },
{ "type": "Feature", "properties": { "decimalLatitude": 26.090724, "decimalLongitude": 91.748482, "eventDate": "2025-08-23T10:12:22Z", "countryCode": "IN" }, "geometry": { "type": "Point", "coordinates": [ 91.748482, 26.090724 ] } },
{ "type": "Feature", "properties": { "decimalLatitude": 27.546402, "decimalLongitude": 93.898663, "eventDate": "2025-08-27T08:37:00Z", "countryCode": "IN" }, "geometry": { "type": "Point", "coordinates": [ 93.898663, 27.546402 ] } },
{ "type": "Feature", "properties": { "decimalLatitude": 26.956386, "decimalLongitude": 106.987131, "eventDate": "2025-08-30T12:25:47Z", "countryCode": "CN" }, "geometry": { "type": "Point", "coordinates": [ 106.987131, 26.956386 ] } },
{ "type": "Feature", "properties": { "decimalLatitude": 25.79916, "decimalLongitude": 118.951262, "eventDate": "2025-08-16T20:12:04Z", "countryCode": "CN" }, "geometry": { "type": "Point", "coordinates": [ 118.951262, 25.79916 ] } },
{ "type": "Feature", "properties": { "decimalLatitude": 30.24577, "decimalLongitude": 119.0978, "eventDate": "2025-08-19T14:00:58Z", "countryCode": "CN" }, "geometry": { "type": "Point", "coordinates": [ 119.0978, 30.24577 ] } },
{ "type": "Feature", "properties": { "decimalLatitude": 26.091579, "decimalLongitude": 119.252815, "eventDate": "2025-08-22T16:19:58Z", "countryCode": "CN" }, "geometry": { "type": "Point", "coordinates": [ 119.252815, 26.091579 ] } },
{ "type": "Feature", "properties": { "decimalLatitude": 18.90331, "decimalLongitude": 109.685949, "eventDate": "2025-08-07T14:39:00Z", "countryCode": "CN" }, "geometry": { "type": "Point", "coordinates": [ 109.685949, 18.90331 ] } },
{ "type": "Feature", "properties": { "decimalLatitude": 27.709325, "decimalLongitude": 114.627681, "eventDate": "2025-08-08T13:30:45Z", "countryCode": "CN" }, "geometry": { "type": "Point", "coordinates": [ 114.627681, 27.709325 ] } },
{ "type": "Feature", "properties": { "decimalLatitude": 31.023297, "decimalLongitude": 103.610928, "eventDate": "2025-08-12T10:09:00Z", "countryCode": "CN" }, "geometry": { "type": "Point", "coordinates": [ 103.610928, 31.023297 ] } },
{ "type": "Feature", "properties": { "decimalLatitude": 28.62245, "decimalLongitude": 95.045889, "eventDate": "2025-09-10T09:05:15Z", "countryCode": "IN" }, "geometry": { "type": "Point", "coordinates": [ 95.045889, 28.62245 ] } },
{ "type": "Feature", "properties": { "decimalLatitude": 25.457981, "decimalLongitude": 114.392084, "eventDate": "2025-09-14T21:45:28Z", "countryCode": "CN" }, "geometry": { "type": "Point", "coordinates": [ 114.392084, 25.457981 ] } },
{ "type": "Feature", "properties": { "decimalLatitude": 21.726888, "decimalLongitude": 101.383841, "eventDate": "2025-09-09T14:37:44Z", "countryCode": "CN" }, "geometry": { "type": "Point", "coordinates": [ 101.383841, 21.726888 ] } },
{ "type": "Feature", "properties": { "decimalLatitude": 26.930046, "decimalLongitude": 88.384017, "eventDate": "2025-09-18T13:01:57Z", "countryCode": "IN" }, "geometry": { "type": "Point", "coordinates": [ 88.384017, 26.930046 ] } },
{ "type": "Feature", "properties": { "decimalLatitude": 28.241078, "decimalLongitude": 107.205642, "eventDate": "2025-09-07T17:33:00Z", "countryCode": "CN" }, "geometry": { "type": "Point", "coordinates": [ 107.205642, 28.241078 ] } },
{ "type": "Feature", "properties": { "decimalLatitude": 26.934638, "decimalLongitude": 88.367639, "eventDate": "2025-09-18T13:01:23Z", "countryCode": "IN" }, "geometry": { "type": "Point", "coordinates": [ 88.367639, 26.934638 ] } },
{ "type": "Feature", "properties": { "decimalLatitude": 16.008892, "decimalLongitude": 107.980205, "eventDate": "2025-09-18T16:56:00Z", "countryCode": "VN" }, "geometry": { "type": "Point", "coordinates": [ 107.980205, 16.008892 ] } },
{ "type": "Feature", "properties": { "decimalLatitude": 23.743309, "decimalLongitude": 92.726019, "eventDate": "2025-09-21T00:00:00Z", "countryCode": "IN" }, "geometry": { "type": "Point", "coordinates": [ 92.726019, 23.743309 ] } },
{ "type": "Feature", "properties": { "decimalLatitude": 20.797108, "decimalLongitude": 107.022811, "eventDate": "2025-09-19T11:21:04Z", "countryCode": "VN" }, "geometry": { "type": "Point", "coordinates": [ 107.022811, 20.797108 ] } },
{ "type": "Feature", "properties": { "decimalLatitude": 21.966053, "decimalLongitude": 101.203225, "eventDate": "2025-09-25T10:47:56Z", "countryCode": "CN" }, "geometry": { "type": "Point", "coordinates": [ 101.203225, 21.966053 ] } },
{ "type": "Feature", "properties": { "decimalLatitude": 28.580885, "decimalLongitude": 95.12236, "eventDate": "2025-09-09T14:02:00Z", "countryCode": "IN" }, "geometry": { "type": "Point", "coordinates": [ 95.12236, 28.580885 ] } },
{ "type": "Feature", "properties": { "decimalLatitude": 28.623585, "decimalLongitude": 95.036452, "eventDate": "2025-09-10T10:14:00Z", "countryCode": "IN" }, "geometry": { "type": "Point", "coordinates": [ 95.036452, 28.623585 ] } },
{ "type": "Feature", "properties": { "decimalLatitude": 27.334155, "decimalLongitude": 91.553266, "eventDate": "2025-09-18T08:48:00Z", "countryCode": "BT" }, "geometry": { "type": "Point", "coordinates": [ 91.553266, 27.334155 ] } },
{ "type": "Feature", "properties": { "decimalLatitude": 28.676617, "decimalLongitude": 118.990572, "eventDate": "2025-09-20T13:39:20Z", "countryCode": "CN" }, "geometry": { "type": "Point", "coordinates": [ 118.990572, 28.676617 ] } },
{ "type": "Feature", "properties": { "decimalLatitude": 28.788929, "decimalLongitude": 118.965468, "eventDate": "2025-09-20T08:12:40Z", "countryCode": "CN" }, "geometry": { "type": "Point", "coordinates": [ 118.965468, 28.788929 ] } },
{ "type": "Feature", "properties": { "decimalLatitude": 24.908637, "decimalLongitude": 98.783988, "eventDate": "2025-09-02T16:03:00Z", "countryCode": "CN" }, "geometry": { "type": "Point", "coordinates": [ 98.783988, 24.908637 ] } },
{ "type": "Feature", "properties": { "decimalLatitude": 26.151526, "decimalLongitude": 119.291596, "eventDate": "2025-09-05T10:09:00Z", "countryCode": "CN" }, "geometry": { "type": "Point", "coordinates": [ 119.291596, 26.151526 ] } },
{ "type": "Feature", "properties": { "decimalLatitude": 28.72822, "decimalLongitude": 118.95455, "eventDate": "2025-09-21T00:00:00Z", "countryCode": "CN" }, "geometry": { "type": "Point", "coordinates": [ 118.95455, 28.72822 ] } },
{ "type": "Feature", "properties": { "decimalLatitude": 28.57617, "decimalLongitude": 95.12661, "eventDate": "2025-09-10T10:17:00Z", "countryCode": "IN" }, "geometry": { "type": "Point", "coordinates": [ 95.12661, 28.57617 ] } },
{ "type": "Feature", "properties": { "decimalLatitude": 24.77591, "decimalLongitude": 113.27596, "eventDate": "2025-09-27T12:28:00Z", "countryCode": "CN" }, "geometry": { "type": "Point", "coordinates": [ 113.27596, 24.77591 ] } },
{ "type": "Feature", "properties": { "decimalLatitude": 25.250175, "decimalLongitude": 91.714041, "eventDate": "2025-09-29T13:20:55Z", "countryCode": "IN" }, "geometry": { "type": "Point", "coordinates": [ 91.714041, 25.250175 ] } },
{ "type": "Feature", "properties": { "decimalLatitude": 28.44594, "decimalLongitude": 119.91284, "eventDate": "2025-09-12T14:28:00Z", "countryCode": "CN" }, "geometry": { "type": "Point", "coordinates": [ 119.91284, 28.44594 ] } },
{ "type": "Feature", "properties": { "decimalLatitude": 21.713365, "decimalLongitude": 101.382969, "eventDate": "2025-09-09T14:36:00Z", "countryCode": "CN" }, "geometry": { "type": "Point", "coordinates": [ 101.382969, 21.713365 ] } },
{ "type": "Feature", "properties": { "decimalLatitude": 24.267516, "decimalLongitude": 91.906852, "eventDate": "2025-09-28T11:54:52Z", "countryCode": "BD" }, "geometry": { "type": "Point", "coordinates": [ 91.906852, 24.267516 ] } },
{ "type": "Feature", "properties": { "decimalLatitude": 29.036835, "decimalLongitude": 118.071281, "eventDate": "2025-09-16T13:20:23Z", "countryCode": "CN" }, "geometry": { "type": "Point", "coordinates": [ 118.071281, 29.036835 ] } },
{ "type": "Feature", "properties": { "decimalLatitude": 22.764038, "decimalLongitude": 112.653747, "eventDate": "2025-10-02T15:15:30Z", "countryCode": "CN" }, "geometry": { "type": "Point", "coordinates": [ 112.653747, 22.764038 ] } },
{ "type": "Feature", "properties": { "decimalLatitude": 25.211437, "decimalLongitude": 91.650735, "eventDate": "2025-10-03T11:16:58Z", "countryCode": "IN" }, "geometry": { "type": "Point", "coordinates": [ 91.650735, 25.211437 ] } },
{ "type": "Feature", "properties": { "decimalLatitude": 25.209736, "decimalLongitude": 91.656271, "eventDate": "2025-10-03T11:42:40Z", "countryCode": "IN" }, "geometry": { "type": "Point", "coordinates": [ 91.656271, 25.209736 ] } },
{ "type": "Feature", "properties": { "decimalLatitude": 28.415813, "decimalLongitude": 83.828583, "eventDate": "2025-10-06T15:31:45Z", "countryCode": "NP" }, "geometry": { "type": "Point", "coordinates": [ 83.828583, 28.415813 ] } },
{ "type": "Feature", "properties": { "decimalLatitude": 25.28526, "decimalLongitude": 108.072068, "eventDate": "2025-10-05T09:45:00Z", "countryCode": "CN" }, "geometry": { "type": "Point", "coordinates": [ 108.072068, 25.28526 ] } },
{ "type": "Feature", "properties": { "decimalLatitude": 24.902672, "decimalLongitude": 113.062661, "eventDate": "2025-10-18T11:55:22Z", "countryCode": "CN" }, "geometry": { "type": "Point", "coordinates": [ 113.062661, 24.902672 ] } },
{ "type": "Feature", "properties": { "decimalLatitude": 19.268428, "decimalLongitude": 98.943908, "eventDate": "2025-10-11T11:31:59Z", "countryCode": "TH" }, "geometry": { "type": "Point", "coordinates": [ 98.943908, 19.268428 ] } },
{ "type": "Feature", "properties": { "decimalLatitude": 25.465298, "decimalLongitude": 110.098282, "eventDate": "2025-10-01T10:58:00Z", "countryCode": "CN" }, "geometry": { "type": "Point", "coordinates": [ 110.098282, 25.465298 ] } },
{ "type": "Feature", "properties": { "decimalLatitude": 19.268522, "decimalLongitude": 98.94387, "eventDate": "2025-10-11T10:47:05Z", "countryCode": "TH" }, "geometry": { "type": "Point", "coordinates": [ 98.94387, 19.268522 ] } },
{ "type": "Feature", "properties": { "decimalLatitude": 25.20058, "decimalLongitude": 91.639527, "eventDate": "2025-10-03T11:16:00Z", "countryCode": "IN" }, "geometry": { "type": "Point", "coordinates": [ 91.639527, 25.20058 ] } },
{ "type": "Feature", "properties": { "decimalLatitude": 25.20058, "decimalLongitude": 91.639527, "eventDate": "2025-10-03T11:00:00Z", "countryCode": "IN" }, "geometry": { "type": "Point", "coordinates": [ 91.639527, 25.20058 ] } },
{ "type": "Feature", "properties": { "decimalLatitude": 11.617993, "decimalLongitude": 99.507439, "eventDate": "2025-10-11T10:52:00Z", "countryCode": "TH" }, "geometry": { "type": "Point", "coordinates": [ 99.507439, 11.617993 ] } },
{ "type": "Feature", "properties": { "decimalLatitude": 21.909692, "decimalLongitude": 101.280702, "eventDate": "2025-10-06T13:51:05Z", "countryCode": "CN" }, "geometry": { "type": "Point", "coordinates": [ 101.280702, 21.909692 ] } },
{ "type": "Feature", "properties": { "decimalLatitude": 27.585586, "decimalLongitude": 85.381878, "eventDate": "2025-10-19T10:44:05Z", "countryCode": "NP" }, "geometry": { "type": "Point", "coordinates": [ 85.381878, 27.585586 ] } },
{ "type": "Feature", "properties": { "decimalLatitude": 25.020694, "decimalLongitude": 92.624919, "eventDate": "2025-10-24T12:47:55Z", "countryCode": "IN" }, "geometry": { "type": "Point", "coordinates": [ 92.624919, 25.020694 ] } },
{ "type": "Feature", "properties": { "decimalLatitude": 27.08245, "decimalLongitude": 88.700689, "eventDate": "2025-10-22T13:07:00Z", "countryCode": "IN" }, "geometry": { "type": "Point", "coordinates": [ 88.700689, 27.08245 ] } },
{ "type": "Feature", "properties": { "decimalLatitude": 20.803411, "decimalLongitude": 107.039665, "eventDate": "2025-10-28T15:29:43Z", "countryCode": "VN" }, "geometry": { "type": "Point", "coordinates": [ 107.039665, 20.803411 ] } },
{ "type": "Feature", "properties": { "decimalLatitude": 19.129085, "decimalLongitude": 100.642307, "eventDate": "2025-10-27T09:12:00Z", "countryCode": "TH" }, "geometry": { "type": "Point", "coordinates": [ 100.642307, 19.129085 ] } },
{ "type": "Feature", "properties": { "decimalLatitude": 27.197448, "decimalLongitude": 94.736287, "eventDate": "2025-10-25T16:00:00Z", "countryCode": "IN" }, "geometry": { "type": "Point", "coordinates": [ 94.736287, 27.197448 ] } },
{ "type": "Feature", "properties": { "decimalLatitude": 27.272688, "decimalLongitude": 88.596345, "eventDate": "2025-10-03T11:51:39Z", "countryCode": "IN" }, "geometry": { "type": "Point", "coordinates": [ 88.596345, 27.272688 ] } },
{ "type": "Feature", "properties": { "decimalLatitude": 25.932733, "decimalLongitude": 91.775092, "eventDate": "2025-10-05T12:43:00Z", "countryCode": "IN" }, "geometry": { "type": "Point", "coordinates": [ 91.775092, 25.932733 ] } },
{ "type": "Feature", "properties": { "decimalLatitude": 25.935357, "decimalLongitude": 91.774613, "eventDate": "2025-10-05T12:14:00Z", "countryCode": "IN" }, "geometry": { "type": "Point", "coordinates": [ 91.774613, 25.935357 ] } },
{ "type": "Feature", "properties": { "decimalLatitude": 25.377611, "decimalLongitude": 90.675671, "eventDate": "2025-10-06T11:01:00Z", "countryCode": "IN" }, "geometry": { "type": "Point", "coordinates": [ 90.675671, 25.377611 ] } },
{ "type": "Feature", "properties": { "decimalLatitude": 22.718091, "decimalLongitude": 100.462722, "eventDate": "2025-10-31T13:04:00Z", "countryCode": "CN" }, "geometry": { "type": "Point", "coordinates": [ 100.462722, 22.718091 ] } },
{ "type": "Feature", "properties": { "decimalLatitude": 23.900586, "decimalLongitude": 101.958209, "eventDate": "2025-10-26T11:37:00Z", "countryCode": "CN" }, "geometry": { "type": "Point", "coordinates": [ 101.958209, 23.900586 ] } },
{ "type": "Feature", "properties": { "decimalLatitude": 19.262767, "decimalLongitude": 98.943108, "eventDate": "2025-10-29T14:56:18Z", "countryCode": "TH" }, "geometry": { "type": "Point", "coordinates": [ 98.943108, 19.262767 ] } },
{ "type": "Feature", "properties": { "decimalLatitude": 29.201615, "decimalLongitude": 95.215513, "eventDate": "2025-10-15T16:16:00Z", "countryCode": "CN" }, "geometry": { "type": "Point", "coordinates": [ 95.215513, 29.201615 ] } },
{ "type": "Feature", "properties": { "decimalLatitude": 22.162362, "decimalLongitude": 100.863051, "eventDate": "2025-10-05T22:31:00Z", "countryCode": "CN" }, "geometry": { "type": "Point", "coordinates": [ 100.863051, 22.162362 ] } },
{ "type": "Feature", "properties": { "decimalLatitude": 22.162362, "decimalLongitude": 100.863051, "eventDate": "2025-10-05T23:00:00Z", "countryCode": "CN" }, "geometry": { "type": "Point", "coordinates": [ 100.863051, 22.162362 ] } },
{ "type": "Feature", "properties": { "decimalLatitude": 27.842237, "decimalLongitude": 96.35936, "eventDate": "2025-10-24T12:22:00Z", "countryCode": "IN" }, "geometry": { "type": "Point", "coordinates": [ 96.35936, 27.842237 ] } },
{ "type": "Feature", "properties": { "decimalLatitude": 27.739917, "decimalLongitude": 96.339482, "eventDate": "2025-10-23T12:55:00Z", "countryCode": "IN" }, "geometry": { "type": "Point", "coordinates": [ 96.339482, 27.739917 ] } },
{ "type": "Feature", "properties": { "decimalLatitude": 27.85713, "decimalLongitude": 96.347347, "eventDate": "2025-10-25T14:22:00Z", "countryCode": "IN" }, "geometry": { "type": "Point", "coordinates": [ 96.347347, 27.85713 ] } },
{ "type": "Feature", "properties": { "decimalLatitude": 27.842209, "decimalLongitude": 96.359736, "eventDate": "2025-10-24T15:05:00Z", "countryCode": "IN" }, "geometry": { "type": "Point", "coordinates": [ 96.359736, 27.842209 ] } },
{ "type": "Feature", "properties": { "decimalLatitude": 25.367949, "decimalLongitude": 91.87803, "eventDate": "2025-10-16T11:42:00Z", "countryCode": "IN" }, "geometry": { "type": "Point", "coordinates": [ 91.87803, 25.367949 ] } },
{ "type": "Feature", "properties": { "decimalLatitude": 25.254047, "decimalLongitude": 91.432571, "eventDate": "2025-11-02T13:51:39Z", "countryCode": "IN" }, "geometry": { "type": "Point", "coordinates": [ 91.432571, 25.254047 ] } },
{ "type": "Feature", "properties": { "decimalLatitude": 26.951431, "decimalLongitude": 88.419495, "eventDate": "2025-11-05T14:23:07Z", "countryCode": "IN" }, "geometry": { "type": "Point", "coordinates": [ 88.419495, 26.951431 ] } },
{ "type": "Feature", "properties": { "decimalLatitude": 27.495574, "decimalLongitude": 96.39293, "eventDate": "2025-11-27T15:35:56Z", "countryCode": "IN" }, "geometry": { "type": "Point", "coordinates": [ 96.39293, 27.495574 ] } },
{ "type": "Feature", "properties": { "decimalLatitude": 27.497043, "decimalLongitude": 96.39099, "eventDate": "2025-11-27T15:37:15Z", "countryCode": "IN" }, "geometry": { "type": "Point", "coordinates": [ 96.39099, 27.497043 ] } },
{ "type": "Feature", "properties": { "decimalLatitude": 22.40157, "decimalLongitude": 105.603437, "eventDate": "2025-11-15T10:00:00Z", "countryCode": "VN" }, "geometry": { "type": "Point", "coordinates": [ 105.603437, 22.40157 ] } },
{ "type": "Feature", "properties": { "decimalLatitude": 27.445472, "decimalLongitude": 96.535809, "eventDate": "2025-11-25T12:07:00Z", "countryCode": "IN" }, "geometry": { "type": "Point", "coordinates": [ 96.535809, 27.445472 ] } },
{ "type": "Feature", "properties": { "decimalLatitude": 20.24588, "decimalLongitude": 105.905619, "eventDate": "2025-11-17T10:38:00Z", "countryCode": "VN" }, "geometry": { "type": "Point", "coordinates": [ 105.905619, 20.24588 ] } },
{ "type": "Feature", "properties": { "decimalLatitude": 27.542559, "decimalLongitude": 96.382932, "eventDate": "2025-11-27T15:31:00Z", "countryCode": "IN" }, "geometry": { "type": "Point", "coordinates": [ 96.382932, 27.542559 ] } },
{ "type": "Feature", "properties": { "decimalLatitude": 27.445244, "decimalLongitude": 96.535809, "eventDate": "2025-11-24T21:46:00Z", "countryCode": "IN" }, "geometry": { "type": "Point", "coordinates": [ 96.535809, 27.445244 ] } },
{ "type": "Feature", "properties": { "decimalLatitude": 20.252811, "decimalLongitude": 105.918035, "eventDate": "2025-11-13T06:11:06Z", "countryCode": "VN" }, "geometry": { "type": "Point", "coordinates": [ 105.918035, 20.252811 ] } },
{ "type": "Feature", "properties": { "decimalLatitude": 15.180855, "decimalLongitude": 106.138242, "eventDate": "2025-11-25T11:28:00Z", "countryCode": "LA" }, "geometry": { "type": "Point", "coordinates": [ 106.138242, 15.180855 ] } },
{ "type": "Feature", "properties": { "decimalLatitude": 21.960309, "decimalLongitude": 101.259199, "eventDate": "2025-11-22T15:24:00Z", "countryCode": "CN" }, "geometry": { "type": "Point", "coordinates": [ 101.259199, 21.960309 ] } },
{ "type": "Feature", "properties": { "decimalLatitude": 20.219014, "decimalLongitude": 105.892319, "eventDate": "2025-11-13T00:00:00Z", "countryCode": "VN" }, "geometry": { "type": "Point", "coordinates": [ 105.892319, 20.219014 ] } },
{ "type": "Feature", "properties": { "decimalLatitude": 24.366397, "decimalLongitude": 92.322314, "eventDate": "2025-12-06T08:10:00Z", "countryCode": "IN" }, "geometry": { "type": "Point", "coordinates": [ 92.322314, 24.366397 ] } },
{ "type": "Feature", "properties": { "decimalLatitude": 21.91164, "decimalLongitude": 101.281189, "eventDate": "2025-12-04T09:41:18Z", "countryCode": "CN" }, "geometry": { "type": "Point", "coordinates": [ 101.281189, 21.91164 ] } },
{ "type": "Feature", "properties": { "decimalLatitude": 20.456979, "decimalLongitude": 105.195749, "eventDate": "2025-12-14T15:11:16Z", "countryCode": "VN" }, "geometry": { "type": "Point", "coordinates": [ 105.195749, 20.456979 ] } }
]
}
