{
"type": "FeatureCollection",
"name": "trogonoptera-brookiana-gbif",
"crs": { "type": "name", "properties": { "name": "urn:ogc:def:crs:OGC:1.3:CRS84" } },
"features": [
{ "type": "Feature", "properties": { "decimalLatitude": 4.13669, "decimalLongitude": 114.894064, "eventDate": "2015-02-17T11:20:00Z", "countryCode": "MY" }, "geometry": { "type": "Point", "coordinates": [ 114.894064, 4.13669 ] } },
{ "type": "Feature", "properties": { "decimalLatitude": 4.09207, "decimalLongitude": 114.895802, "eventDate": "2015-04-06T15:52:00Z", "countryCode": "MY" }, "geometry": { "type": "Point", "coordinates": [ 114.895802, 4.09207 ] } },
{ "type": "Feature", "properties": { "decimalLatitude": 4.043883, "decimalLongitude": 114.811992, "eventDate": "2015-04-22T14:22:00Z", "countryCode": "MY" }, "geometry": { "type": "Point", "coordinates": [ 114.811992, 4.043883 ] } },
{ "type": "Feature", "properties": { "decimalLatitude": 5.159344, "decimalLongitude": 116.926367, "eventDate": "2015-11-10T23:33:00Z", "countryCode": "MY" }, "geometry": { "type": "Point", "coordinates": [ 116.926367, 5.159344 ] } },
{ "type": "Feature", "properties": { "decimalLatitude": 3.420875, "decimalLongitude": 115.155148, "eventDate": "2016-02-17T00:00:00Z", "countryCode": "MY" }, "geometry": { "type": "Point", "coordinates": [ 115.155148, 3.420875 ] } },
{ "type": "Feature", "properties": { "decimalLatitude": 3.724148, "decimalLongitude": 97.726709, "eventDate": "2016-03-05T08:04:00Z", "countryCode": "ID" }, "geometry": { "type": "Point", "coordinates": [ 97.726709, 3.724148 ] } },
{ "type": "Feature", "properties": { "decimalLatitude": 4.064626, "decimalLongitude": 114.830955, "eventDate": "2016-04-19T10:47:00Z", "countryCode": "MY" }, "geometry": { "type": "Point", "coordinates": [ 114.830955, 4.064626 ] } },
{ "type": "Feature", "properties": { "decimalLatitude": 6.099012, "decimalLongitude": 116.553763, "eventDate": "2016-04-16T00:04:00Z", "countryCode": "MY" }, "geometry": { "type": "Point", "coordinates": [ 116.553763, 6.099012 ] } },
{ "type": "Feature", "properties": { "decimalLatitude": -0.197248, "decimalLongitude": 101.122105, "eventDate": "2016-05-24T17:12:00Z", "countryCode": "ID" }, "geometry": { "type": "Point", "coordinates": [ 101.122105, -0.197248 ] } },
{ "type": "Feature", "properties": { "decimalLatitude": 4.473759, "decimalLongitude": 101.167476, "eventDate": "2016-06-26T09:44:00Z", "countryCode": "MY" }, "geometry": { "type": "Point", "coordinates": [ 101.167476, 4.473759 ] } },
{ "type": "Feature", "properties": { "decimalLatitude": 3.64692, "decimalLongitude": 101.59122, "eventDate": "2016-06-25T00:00:00Z", "countryCode": "MY" }, "geometry": { "type": "Point", "coordinates": [ 101.59122, 3.64692 ] } },
{ "type": "Feature", "properties": { "decimalLatitude": 3.6469, "decimalLongitude": 101.5912, "eventDate": "2016-06-25T13:41:00Z", "countryCode": "MY" }, "geometry": { "type": "Point", "coordinates": [ 101.5912, 3.6469 ] } },
{ "type": "Feature", "properties": { "decimalLatitude": 4.473498, "decimalLongitude": 101.170055, "eventDate": "2016-07-25T00:00:00Z", "countryCode": "MY" }, "geometry": { "type": "Point", "coordinates": [ 101.170055, 4.473498 ] } },
{ "type": "Feature", "properties": { "decimalLatitude": 4.451501, "decimalLongitude": 101.164856, "eventDate": "2016-07-27T14:37:00Z", "countryCode": "MY" }, "geometry": { "type": "Point", "coordinates": [ 101.164856, 4.451501 ] } },
{ "type": "Feature", "properties": { "decimalLatitude": 4.451501, "decimalLongitude": 101.164856, "eventDate": "2016-07-27T14:42:00Z", "countryCode": "MY" }, "geometry": { "type": "Point", "coordinates": [ 101.164856, 4.451501 ] } },
{ "type": "Feature", "properties": { "decimalLatitude": 3.711868, "decimalLongitude": 101.736556, "eventDate": "2016-07-11T10:58:00Z", "countryCode": "MY" }, "geometry": { "type": "Point", "coordinates": [ 101.736556, 3.711868 ] } },
{ "type": "Feature", "properties": { "decimalLatitude": 4.471721, "decimalLongitude": 101.165403, "eventDate": "2016-07-27T23:29:00Z", "countryCode": "MY" }, "geometry": { "type": "Point", "coordinates": [ 101.165403, 4.471721 ] } },
{ "type": "Feature", "properties": { "decimalLatitude": 4.471721, "decimalLongitude": 101.165403, "eventDate": "2016-07-27T14:38:00Z", "countryCode": "MY" }, "geometry": { "type": "Point", "coordinates": [ 101.165403, 4.471721 ] } },
{ "type": "Feature", "properties": { "decimalLatitude": 4.471721, "decimalLongitude": 101.165403, "eventDate": "2016-07-27T14:43:00Z", "countryCode": "MY" }, "geometry": { "type": "Point", "coordinates": [ 101.165403, 4.471721 ] } },
{ "type": "Feature", "properties": { "decimalLatitude": 0.5315, "decimalLongitude": 117.465331, "eventDate": "2016-07-22T10:50:00Z", "countryCode": "ID" }, "geometry": { "type": "Point", "coordinates": [ 117.465331, 0.5315 ] } },
{ "type": "Feature", "properties": { "decimalLatitude": 3.71998, "decimalLongitude": 101.729508, "eventDate": "2016-08-09T00:00:00Z", "countryCode": "MY" }, "geometry": { "type": "Point", "coordinates": [ 101.729508, 3.71998 ] } },
{ "type": "Feature", "properties": { "decimalLatitude": 3.384268, "decimalLongitude": 115.190875, "eventDate": "2016-08-18T12:26:00Z", "countryCode": "MY" }, "geometry": { "type": "Point", "coordinates": [ 115.190875, 3.384268 ] } },
{ "type": "Feature", "properties": { "decimalLatitude": 6.094143, "decimalLongitude": 116.554646, "eventDate": "2016-09-06T18:56:00Z", "countryCode": "MY" }, "geometry": { "type": "Point", "coordinates": [ 116.554646, 6.094143 ] } },
{ "type": "Feature", "properties": { "decimalLatitude": 3.678191, "decimalLongitude": 97.659336, "eventDate": "2016-10-13T03:22:17Z", "countryCode": "ID" }, "geometry": { "type": "Point", "coordinates": [ 97.659336, 3.678191 ] } },
{ "type": "Feature", "properties": { "decimalLatitude": 0.661944, "decimalLongitude": 117.597778, "eventDate": "2016-11-27T00:00:00Z", "countryCode": "ID" }, "geometry": { "type": "Point", "coordinates": [ 117.597778, 0.661944 ] } },
{ "type": "Feature", "properties": { "decimalLatitude": 3.692999, "decimalLongitude": 101.748379, "eventDate": "2017-02-24T16:32:00Z", "countryCode": "MY" }, "geometry": { "type": "Point", "coordinates": [ 101.748379, 3.692999 ] } },
{ "type": "Feature", "properties": { "decimalLatitude": 4.502549, "decimalLongitude": 101.183438, "eventDate": "2017-04-05T10:30:00Z", "countryCode": "MY" }, "geometry": { "type": "Point", "coordinates": [ 101.183438, 4.502549 ] } },
{ "type": "Feature", "properties": { "decimalLatitude": 4.45119, "decimalLongitude": 101.375074, "eventDate": "2017-05-19T08:45:14Z", "countryCode": "MY" }, "geometry": { "type": "Point", "coordinates": [ 101.375074, 4.45119 ] } },
{ "type": "Feature", "properties": { "decimalLatitude": 4.071758, "decimalLongitude": 114.838124, "eventDate": "2017-07-28T11:42:00Z", "countryCode": "MY" }, "geometry": { "type": "Point", "coordinates": [ 114.838124, 4.071758 ] } },
{ "type": "Feature", "properties": { "decimalLatitude": 4.063352, "decimalLongitude": 114.83093, "eventDate": "2017-08-01T12:40:00Z", "countryCode": "MY" }, "geometry": { "type": "Point", "coordinates": [ 114.83093, 4.063352 ] } },
{ "type": "Feature", "properties": { "decimalLatitude": 3.713801, "decimalLongitude": 101.742979, "eventDate": "2017-08-03T18:27:00Z", "countryCode": "MY" }, "geometry": { "type": "Point", "coordinates": [ 101.742979, 3.713801 ] } },
{ "type": "Feature", "properties": { "decimalLatitude": 3.713801, "decimalLongitude": 101.742979, "eventDate": "2017-08-03T18:27:00Z", "countryCode": "MY" }, "geometry": { "type": "Point", "coordinates": [ 101.742979, 3.713801 ] } },
{ "type": "Feature", "properties": { "decimalLatitude": 4.96184, "decimalLongitude": 117.689217, "eventDate": "2017-09-17T00:00:00Z", "countryCode": "MY" }, "geometry": { "type": "Point", "coordinates": [ 117.689217, 4.96184 ] } },
{ "type": "Feature", "properties": { "decimalLatitude": 4.467892, "decimalLongitude": 101.384787, "eventDate": "2017-10-24T15:25:00Z", "countryCode": "MY" }, "geometry": { "type": "Point", "coordinates": [ 101.384787, 4.467892 ] } },
{ "type": "Feature", "properties": { "decimalLatitude": 6.011818, "decimalLongitude": 116.534341, "eventDate": "2017-11-11T00:00:00Z", "countryCode": "MY" }, "geometry": { "type": "Point", "coordinates": [ 116.534341, 6.011818 ] } },
{ "type": "Feature", "properties": { "decimalLatitude": 4.721583, "decimalLongitude": 117.575944, "eventDate": "2017-11-24T00:00:00Z", "countryCode": "MY" }, "geometry": { "type": "Point", "coordinates": [ 117.575944, 4.721583 ] } },
{ "type": "Feature", "properties": { "decimalLatitude": 4.723663, "decimalLongitude": 117.599892, "eventDate": "2017-11-09T14:03:00Z", "countryCode": "MY" }, "geometry": { "type": "Point", "coordinates": [ 117.599892, 4.723663 ] } },
{ "type": "Feature", "properties": { "decimalLatitude": 4.023937, "decimalLongitude": 114.822785, "eventDate": "2018-02-15T16:16:00Z", "countryCode": "MY" }, "geometry": { "type": "Point", "coordinates": [ 114.822785, 4.023937 ] } },
{ "type": "Feature", "properties": { "decimalLatitude": 6.005535, "decimalLongitude": 116.542223, "eventDate": "2018-03-28T13:19:00Z", "countryCode": "MY" }, "geometry": { "type": "Point", "coordinates": [ 116.542223, 6.005535 ] } },
{ "type": "Feature", "properties": { "decimalLatitude": 6.005535, "decimalLongitude": 116.542223, "eventDate": "2018-04-08T23:03:00Z", "countryCode": "MY" }, "geometry": { "type": "Point", "coordinates": [ 116.542223, 6.005535 ] } },
{ "type": "Feature", "properties": { "decimalLatitude": 4.729951, "decimalLongitude": 117.599254, "eventDate": "2018-04-11T00:00:00Z", "countryCode": "MY" }, "geometry": { "type": "Point", "coordinates": [ 117.599254, 4.729951 ] } },
{ "type": "Feature", "properties": { "decimalLatitude": 5.976699, "decimalLongitude": 116.204074, "eventDate": "2018-05-04T14:09:00Z", "countryCode": "MY" }, "geometry": { "type": "Point", "coordinates": [ 116.204074, 5.976699 ] } },
{ "type": "Feature", "properties": { "decimalLatitude": 6.007795, "decimalLongitude": 116.54593, "eventDate": "2018-05-05T00:48:00Z", "countryCode": "MY" }, "geometry": { "type": "Point", "coordinates": [ 116.54593, 6.007795 ] } },
{ "type": "Feature", "properties": { "decimalLatitude": 5.854687, "decimalLongitude": 116.137372, "eventDate": "2018-05-12T12:13:00Z", "countryCode": "MY" }, "geometry": { "type": "Point", "coordinates": [ 116.137372, 5.854687 ] } },
{ "type": "Feature", "properties": { "decimalLatitude": 6.012787, "decimalLongitude": 116.53802, "eventDate": "2018-05-10T00:00:00Z", "countryCode": "MY" }, "geometry": { "type": "Point", "coordinates": [ 116.53802, 6.012787 ] } },
{ "type": "Feature", "properties": { "decimalLatitude": 5.853785, "decimalLongitude": 116.137383, "eventDate": "2018-05-12T00:00:00Z", "countryCode": "MY" }, "geometry": { "type": "Point", "coordinates": [ 116.137383, 5.853785 ] } },
{ "type": "Feature", "properties": { "decimalLatitude": 4.242946, "decimalLongitude": 101.32264, "eventDate": "2018-05-04T15:20:00Z", "countryCode": "MY" }, "geometry": { "type": "Point", "coordinates": [ 101.32264, 4.242946 ] } },
{ "type": "Feature", "properties": { "decimalLatitude": 4.242946, "decimalLongitude": 101.32264, "eventDate": "2018-05-04T15:28:00Z", "countryCode": "MY" }, "geometry": { "type": "Point", "coordinates": [ 101.32264, 4.242946 ] } },
{ "type": "Feature", "properties": { "decimalLatitude": 4.242946, "decimalLongitude": 101.32264, "eventDate": "2018-05-04T15:37:00Z", "countryCode": "MY" }, "geometry": { "type": "Point", "coordinates": [ 101.32264, 4.242946 ] } },
{ "type": "Feature", "properties": { "decimalLatitude": 4.242946, "decimalLongitude": 101.32264, "eventDate": "2018-05-04T15:34:00Z", "countryCode": "MY" }, "geometry": { "type": "Point", "coordinates": [ 101.32264, 4.242946 ] } },
{ "type": "Feature", "properties": { "decimalLatitude": 4.242946, "decimalLongitude": 101.32264, "eventDate": "2018-05-04T15:21:00Z", "countryCode": "MY" }, "geometry": { "type": "Point", "coordinates": [ 101.32264, 4.242946 ] } },
{ "type": "Feature", "properties": { "decimalLatitude": 4.242946, "decimalLongitude": 101.32264, "eventDate": "2018-05-04T15:38:00Z", "countryCode": "MY" }, "geometry": { "type": "Point", "coordinates": [ 101.32264, 4.242946 ] } },
{ "type": "Feature", "properties": { "decimalLatitude": 4.032879, "decimalLongitude": 114.817008, "eventDate": "2018-05-26T00:00:00Z", "countryCode": "MY" }, "geometry": { "type": "Point", "coordinates": [ 114.817008, 4.032879 ] } },
{ "type": "Feature", "properties": { "decimalLatitude": 3.315876, "decimalLongitude": 101.758266, "eventDate": "2018-06-17T15:21:00Z", "countryCode": "MY" }, "geometry": { "type": "Point", "coordinates": [ 101.758266, 3.315876 ] } },
{ "type": "Feature", "properties": { "decimalLatitude": 4.022457, "decimalLongitude": 114.82235, "eventDate": "2018-07-12T00:00:00Z", "countryCode": "MY" }, "geometry": { "type": "Point", "coordinates": [ 114.82235, 4.022457 ] } },
{ "type": "Feature", "properties": { "decimalLatitude": 4.242946, "decimalLongitude": 101.32264, "eventDate": "2018-08-26T18:10:00Z", "countryCode": "MY" }, "geometry": { "type": "Point", "coordinates": [ 101.32264, 4.242946 ] } },
{ "type": "Feature", "properties": { "decimalLatitude": 3.692778, "decimalLongitude": 101.748447, "eventDate": "2018-08-04T00:00:00Z", "countryCode": "MY" }, "geometry": { "type": "Point", "coordinates": [ 101.748447, 3.692778 ] } },
{ "type": "Feature", "properties": { "decimalLatitude": 5.975413, "decimalLongitude": 116.528299, "eventDate": "2018-08-11T00:00:00Z", "countryCode": "MY" }, "geometry": { "type": "Point", "coordinates": [ 116.528299, 5.975413 ] } },
{ "type": "Feature", "properties": { "decimalLatitude": 4.445926, "decimalLongitude": 101.224052, "eventDate": "2018-09-10T18:04:00Z", "countryCode": "MY" }, "geometry": { "type": "Point", "coordinates": [ 101.224052, 4.445926 ] } },
{ "type": "Feature", "properties": { "decimalLatitude": 4.545455, "decimalLongitude": 101.203157, "eventDate": "2018-09-30T18:03:00Z", "countryCode": "MY" }, "geometry": { "type": "Point", "coordinates": [ 101.203157, 4.545455 ] } },
{ "type": "Feature", "properties": { "decimalLatitude": 6.052154, "decimalLongitude": 116.285727, "eventDate": "2018-09-26T00:00:00Z", "countryCode": "MY" }, "geometry": { "type": "Point", "coordinates": [ 116.285727, 6.052154 ] } },
{ "type": "Feature", "properties": { "decimalLatitude": 3.41839, "decimalLongitude": 115.127897, "eventDate": "2018-09-29T11:15:00Z", "countryCode": "MY" }, "geometry": { "type": "Point", "coordinates": [ 115.127897, 3.41839 ] } },
{ "type": "Feature", "properties": { "decimalLatitude": 4.065223, "decimalLongitude": 114.832158, "eventDate": "2018-10-02T10:52:00Z", "countryCode": "MY" }, "geometry": { "type": "Point", "coordinates": [ 114.832158, 4.065223 ] } },
{ "type": "Feature", "properties": { "decimalLatitude": 4.549469, "decimalLongitude": 115.157819, "eventDate": "2018-10-05T11:41:00Z", "countryCode": "BN" }, "geometry": { "type": "Point", "coordinates": [ 115.157819, 4.549469 ] } },
{ "type": "Feature", "properties": { "decimalLatitude": 4.55, "decimalLongitude": 115.15, "eventDate": "2018-10-04T09:40:00Z", "countryCode": "BN" }, "geometry": { "type": "Point", "coordinates": [ 115.15, 4.55 ] } },
{ "type": "Feature", "properties": { "decimalLatitude": 4.55, "decimalLongitude": 115.15, "eventDate": "2018-10-05T06:26:00Z", "countryCode": "BN" }, "geometry": { "type": "Point", "coordinates": [ 115.15, 4.55 ] } },
{ "type": "Feature", "properties": { "decimalLatitude": 4.55, "decimalLongitude": 115.15, "eventDate": "2018-10-01T00:00:00Z", "countryCode": "BN" }, "geometry": { "type": "Point", "coordinates": [ 115.15, 4.55 ] } },
{ "type": "Feature", "properties": { "decimalLatitude": 4.55, "decimalLongitude": 115.15, "eventDate": "2018-10-01T00:00:00Z", "countryCode": "BN" }, "geometry": { "type": "Point", "coordinates": [ 115.15, 4.55 ] } },
{ "type": "Feature", "properties": { "decimalLatitude": 4.546867, "decimalLongitude": 115.157503, "eventDate": "2018-10-05T11:54:00Z", "countryCode": "BN" }, "geometry": { "type": "Point", "coordinates": [ 115.157503, 4.546867 ] } },
{ "type": "Feature", "properties": { "decimalLatitude": 6.050712, "decimalLongitude": 116.694121, "eventDate": "2018-11-23T04:51:00Z", "countryCode": "MY" }, "geometry": { "type": "Point", "coordinates": [ 116.694121, 6.050712 ] } },
{ "type": "Feature", "properties": { "decimalLatitude": 4.962316, "decimalLongitude": 117.803045, "eventDate": "2018-11-27T12:23:00Z", "countryCode": "MY" }, "geometry": { "type": "Point", "coordinates": [ 117.803045, 4.962316 ] } },
{ "type": "Feature", "properties": { "decimalLatitude": 4.736151, "decimalLongitude": 117.575905, "eventDate": "2018-11-12T12:47:00Z", "countryCode": "MY" }, "geometry": { "type": "Point", "coordinates": [ 117.575905, 4.736151 ] } },
{ "type": "Feature", "properties": { "decimalLatitude": 4.443106, "decimalLongitude": 101.251708, "eventDate": "2018-12-13T11:43:00Z", "countryCode": "MY" }, "geometry": { "type": "Point", "coordinates": [ 101.251708, 4.443106 ] } },
{ "type": "Feature", "properties": { "decimalLatitude": 4.455281, "decimalLongitude": 101.21861, "eventDate": "2018-12-13T16:25:00Z", "countryCode": "MY" }, "geometry": { "type": "Point", "coordinates": [ 101.21861, 4.455281 ] } },
{ "type": "Feature", "properties": { "decimalLatitude": 4.443106, "decimalLongitude": 101.251708, "eventDate": "2018-12-13T11:36:00Z", "countryCode": "MY" }, "geometry": { "type": "Point", "coordinates": [ 101.251708, 4.443106 ] } },
{ "type": "Feature", "properties": { "decimalLatitude": 4.443106, "decimalLongitude": 101.251708, "eventDate": "2018-12-13T11:39:00Z", "countryCode": "MY" }, "geometry": { "type": "Point", "coordinates": [ 101.251708, 4.443106 ] } },
{ "type": "Feature", "properties": { "decimalLatitude": 4.43995, "decimalLongitude": 101.250778, "eventDate": "2018-12-13T11:27:00Z", "countryCode": "MY" }, "geometry": { "type": "Point", "coordinates": [ 101.250778, 4.43995 ] } },
{ "type": "Feature", "properties": { "decimalLatitude": 4.43995, "decimalLongitude": 101.250778, "eventDate": "2018-12-13T10:01:00Z", "countryCode": "MY" }, "geometry": { "type": "Point", "coordinates": [ 101.250778, 4.43995 ] } },
{ "type": "Feature", "properties": { "decimalLatitude": 4.43995, "decimalLongitude": 101.250778, "eventDate": "2018-12-13T11:15:00Z", "countryCode": "MY" }, "geometry": { "type": "Point", "coordinates": [ 101.250778, 4.43995 ] } },
{ "type": "Feature", "properties": { "decimalLatitude": 1.855287, "decimalLongitude": 103.887684, "eventDate": "2018-12-31T11:57:00Z", "countryCode": "MY" }, "geometry": { "type": "Point", "coordinates": [ 103.887684, 1.855287 ] } },
{ "type": "Feature", "properties": { "decimalLatitude": 1.855287, "decimalLongitude": 103.887684, "eventDate": "2018-12-31T11:58:00Z", "countryCode": "MY" }, "geometry": { "type": "Point", "coordinates": [ 103.887684, 1.855287 ] } },
{ "type": "Feature", "properties": { "decimalLatitude": 4.440196, "decimalLongitude": 101.250555, "eventDate": "2018-12-21T05:37:00Z", "countryCode": "MY" }, "geometry": { "type": "Point", "coordinates": [ 101.250555, 4.440196 ] } },
{ "type": "Feature", "properties": { "decimalLatitude": 4.630139, "decimalLongitude": 101.15686, "eventDate": "2018-12-27T08:46:32Z", "countryCode": "MY" }, "geometry": { "type": "Point", "coordinates": [ 101.15686, 4.630139 ] } },
{ "type": "Feature", "properties": { "decimalLatitude": 4.962597, "decimalLongitude": 117.802863, "eventDate": "2018-12-03T11:31:00Z", "countryCode": "MY" }, "geometry": { "type": "Point", "coordinates": [ 117.802863, 4.962597 ] } },
{ "type": "Feature", "properties": { "decimalLatitude": 4.96256, "decimalLongitude": 117.802912, "eventDate": "2018-12-04T14:00:00Z", "countryCode": "MY" }, "geometry": { "type": "Point", "coordinates": [ 117.802912, 4.96256 ] } },
{ "type": "Feature", "properties": { "decimalLatitude": 5.796837, "decimalLongitude": 116.408463, "eventDate": "2019-01-10T14:44:00Z", "countryCode": "MY" }, "geometry": { "type": "Point", "coordinates": [ 116.408463, 5.796837 ] } },
{ "type": "Feature", "properties": { "decimalLatitude": 3.421224, "decimalLongitude": 115.089239, "eventDate": "2019-03-01T16:34:00Z", "countryCode": "MY" }, "geometry": { "type": "Point", "coordinates": [ 115.089239, 3.421224 ] } },
{ "type": "Feature", "properties": { "decimalLatitude": 3.413235, "decimalLongitude": 115.115803, "eventDate": "2019-03-02T12:02:00Z", "countryCode": "MY" }, "geometry": { "type": "Point", "coordinates": [ 115.115803, 3.413235 ] } },
{ "type": "Feature", "properties": { "decimalLatitude": 3.417999, "decimalLongitude": 115.123211, "eventDate": "2019-03-02T12:50:00Z", "countryCode": "MY" }, "geometry": { "type": "Point", "coordinates": [ 115.123211, 3.417999 ] } },
{ "type": "Feature", "properties": { "decimalLatitude": 3.421524, "decimalLongitude": 115.089582, "eventDate": "2019-03-02T09:17:00Z", "countryCode": "MY" }, "geometry": { "type": "Point", "coordinates": [ 115.089582, 3.421524 ] } },
{ "type": "Feature", "properties": { "decimalLatitude": 1.413219, "decimalLongitude": 112.008907, "eventDate": "2019-03-29T12:44:00Z", "countryCode": "MY" }, "geometry": { "type": "Point", "coordinates": [ 112.008907, 1.413219 ] } },
{ "type": "Feature", "properties": { "decimalLatitude": 4.441519, "decimalLongitude": 101.252834, "eventDate": "2019-04-10T16:01:00Z", "countryCode": "MY" }, "geometry": { "type": "Point", "coordinates": [ 101.252834, 4.441519 ] } },
{ "type": "Feature", "properties": { "decimalLatitude": 4.441211, "decimalLongitude": 101.252691, "eventDate": "2019-04-09T01:55:00Z", "countryCode": "MY" }, "geometry": { "type": "Point", "coordinates": [ 101.252691, 4.441211 ] } },
{ "type": "Feature", "properties": { "decimalLatitude": 3.419435, "decimalLongitude": 101.841667, "eventDate": "2019-04-06T00:00:00Z", "countryCode": "MY" }, "geometry": { "type": "Point", "coordinates": [ 101.841667, 3.419435 ] } },
{ "type": "Feature", "properties": { "decimalLatitude": 1.954554, "decimalLongitude": 103.991789, "eventDate": "2019-04-14T11:25:00Z", "countryCode": "MY" }, "geometry": { "type": "Point", "coordinates": [ 103.991789, 1.954554 ] } },
{ "type": "Feature", "properties": { "decimalLatitude": 4.092069, "decimalLongitude": 114.895802, "eventDate": "2019-04-16T00:00:00Z", "countryCode": "MY" }, "geometry": { "type": "Point", "coordinates": [ 114.895802, 4.092069 ] } },
{ "type": "Feature", "properties": { "decimalLatitude": 4.243936, "decimalLongitude": 101.323058, "eventDate": "2019-06-12T15:17:43Z", "countryCode": "MY" }, "geometry": { "type": "Point", "coordinates": [ 101.323058, 4.243936 ] } },
{ "type": "Feature", "properties": { "decimalLatitude": 3.569308, "decimalLongitude": 101.739578, "eventDate": "2019-06-02T05:02:34Z", "countryCode": "MY" }, "geometry": { "type": "Point", "coordinates": [ 101.739578, 3.569308 ] } },
{ "type": "Feature", "properties": { "decimalLatitude": 4.242946, "decimalLongitude": 101.32264, "eventDate": "2019-07-08T09:55:00Z", "countryCode": "MY" }, "geometry": { "type": "Point", "coordinates": [ 101.32264, 4.242946 ] } },
{ "type": "Feature", "properties": { "decimalLatitude": 4.149249, "decimalLongitude": 114.849267, "eventDate": "2019-07-20T08:28:26Z", "countryCode": "MY" }, "geometry": { "type": "Point", "coordinates": [ 114.849267, 4.149249 ] } },
{ "type": "Feature", "properties": { "decimalLatitude": 3.644107, "decimalLongitude": 101.741177, "eventDate": "2019-07-29T11:09:00Z", "countryCode": "MY" }, "geometry": { "type": "Point", "coordinates": [ 101.741177, 3.644107 ] } },
{ "type": "Feature", "properties": { "decimalLatitude": 6.045724, "decimalLongitude": 116.70336, "eventDate": "2019-07-23T12:43:00Z", "countryCode": "MY" }, "geometry": { "type": "Point", "coordinates": [ 116.70336, 6.045724 ] } },
{ "type": "Feature", "properties": { "decimalLatitude": 3.713523, "decimalLongitude": 101.732345, "eventDate": "2019-07-19T14:03:00Z", "countryCode": "MY" }, "geometry": { "type": "Point", "coordinates": [ 101.732345, 3.713523 ] } },
{ "type": "Feature", "properties": { "decimalLatitude": 3.609837, "decimalLongitude": 115.49205, "eventDate": "2019-07-05T14:57:00Z", "countryCode": "MY" }, "geometry": { "type": "Point", "coordinates": [ 115.49205, 3.609837 ] } },
{ "type": "Feature", "properties": { "decimalLatitude": 4.244468, "decimalLongitude": 101.322819, "eventDate": "2019-07-05T02:09:00Z", "countryCode": "MY" }, "geometry": { "type": "Point", "coordinates": [ 101.322819, 4.244468 ] } },
{ "type": "Feature", "properties": { "decimalLatitude": 3.714138, "decimalLongitude": 101.736397, "eventDate": "2019-07-27T13:00:00Z", "countryCode": "MY" }, "geometry": { "type": "Point", "coordinates": [ 101.736397, 3.714138 ] } },
{ "type": "Feature", "properties": { "decimalLatitude": 4.455793, "decimalLongitude": 101.171448, "eventDate": "2019-08-09T13:23:00Z", "countryCode": "MY" }, "geometry": { "type": "Point", "coordinates": [ 101.171448, 4.455793 ] } },
{ "type": "Feature", "properties": { "decimalLatitude": 5.02544, "decimalLongitude": 117.752791, "eventDate": "2019-09-28T08:42:36Z", "countryCode": "MY" }, "geometry": { "type": "Point", "coordinates": [ 117.752791, 5.02544 ] } },
{ "type": "Feature", "properties": { "decimalLatitude": 5.849492, "decimalLongitude": 116.069328, "eventDate": "2019-09-18T11:44:00Z", "countryCode": "MY" }, "geometry": { "type": "Point", "coordinates": [ 116.069328, 5.849492 ] } },
{ "type": "Feature", "properties": { "decimalLatitude": 4.443487, "decimalLongitude": 101.237992, "eventDate": "2019-09-28T17:41:00Z", "countryCode": "MY" }, "geometry": { "type": "Point", "coordinates": [ 101.237992, 4.443487 ] } },
{ "type": "Feature", "properties": { "decimalLatitude": 3.418307, "decimalLongitude": 115.126654, "eventDate": "2019-10-11T14:13:00Z", "countryCode": "MY" }, "geometry": { "type": "Point", "coordinates": [ 115.126654, 3.418307 ] } },
{ "type": "Feature", "properties": { "decimalLatitude": 3.419465, "decimalLongitude": 115.112247, "eventDate": "2019-10-12T12:45:00Z", "countryCode": "MY" }, "geometry": { "type": "Point", "coordinates": [ 115.112247, 3.419465 ] } },
{ "type": "Feature", "properties": { "decimalLatitude": 4.042355, "decimalLongitude": 114.813798, "eventDate": "2019-10-16T13:45:00Z", "countryCode": "MY" }, "geometry": { "type": "Point", "coordinates": [ 114.813798, 4.042355 ] } },
{ "type": "Feature", "properties": { "decimalLatitude": 3.381793, "decimalLongitude": 101.886879, "eventDate": "2019-10-04T00:00:00Z", "countryCode": "MY" }, "geometry": { "type": "Point", "coordinates": [ 101.886879, 3.381793 ] } },
{ "type": "Feature", "properties": { "decimalLatitude": 3.821361, "decimalLongitude": 113.765305, "eventDate": "2019-10-16T15:54:38Z", "countryCode": "MY" }, "geometry": { "type": "Point", "coordinates": [ 113.765305, 3.821361 ] } },
{ "type": "Feature", "properties": { "decimalLatitude": 6.006049, "decimalLongitude": 116.543886, "eventDate": "2019-10-17T12:00:00Z", "countryCode": "MY" }, "geometry": { "type": "Point", "coordinates": [ 116.543886, 6.006049 ] } },
{ "type": "Feature", "properties": { "decimalLatitude": 4.495254, "decimalLongitude": 101.286771, "eventDate": "2019-10-05T15:17:00Z", "countryCode": "MY" }, "geometry": { "type": "Point", "coordinates": [ 101.286771, 4.495254 ] } },
{ "type": "Feature", "properties": { "decimalLatitude": 2.29528, "decimalLongitude": 113.039215, "eventDate": "2019-11-06T13:46:00Z", "countryCode": "MY" }, "geometry": { "type": "Point", "coordinates": [ 113.039215, 2.29528 ] } },
{ "type": "Feature", "properties": { "decimalLatitude": 4.636991, "decimalLongitude": 101.162626, "eventDate": "2019-12-01T08:13:00Z", "countryCode": "MY" }, "geometry": { "type": "Point", "coordinates": [ 101.162626, 4.636991 ] } },
{ "type": "Feature", "properties": { "decimalLatitude": 4.035417, "decimalLongitude": 114.821817, "eventDate": "2020-01-24T04:06:58Z", "countryCode": "MY" }, "geometry": { "type": "Point", "coordinates": [ 114.821817, 4.035417 ] } },
{ "type": "Feature", "properties": { "decimalLatitude": 4.402681, "decimalLongitude": 101.500368, "eventDate": "2020-01-15T15:04:00Z", "countryCode": "MY" }, "geometry": { "type": "Point", "coordinates": [ 101.500368, 4.402681 ] } },
{ "type": "Feature", "properties": { "decimalLatitude": 5.796971, "decimalLongitude": 116.408255, "eventDate": "2020-02-12T20:15:00Z", "countryCode": "MY" }, "geometry": { "type": "Point", "coordinates": [ 116.408255, 5.796971 ] } },
{ "type": "Feature", "properties": { "decimalLatitude": -1.136107, "decimalLongitude": 100.366877, "eventDate": "2020-05-03T12:45:00Z", "countryCode": "ID" }, "geometry": { "type": "Point", "coordinates": [ 100.366877, -1.136107 ] } },
{ "type": "Feature", "properties": { "decimalLatitude": 5.986822, "decimalLongitude": 116.215947, "eventDate": "2020-09-19T09:30:00Z", "countryCode": "MY" }, "geometry": { "type": "Point", "coordinates": [ 116.215947, 5.986822 ] } },
{ "type": "Feature", "properties": { "decimalLatitude": 3.592721, "decimalLongitude": 101.734666, "eventDate": "2020-10-13T02:44:18Z", "countryCode": "MY" }, "geometry": { "type": "Point", "coordinates": [ 101.734666, 3.592721 ] } },
{ "type": "Feature", "properties": { "decimalLatitude": 3.592721, "decimalLongitude": 101.734666, "eventDate": "2020-10-13T02:44:56Z", "countryCode": "MY" }, "geometry": { "type": "Point", "coordinates": [ 101.734666, 3.592721 ] } },
{ "type": "Feature", "properties": { "decimalLatitude": 3.711868, "decimalLongitude": 101.736556, "eventDate": "2020-10-03T16:12:00Z", "countryCode": "MY" }, "geometry": { "type": "Point", "coordinates": [ 101.736556, 3.711868 ] } },
{ "type": "Feature", "properties": { "decimalLatitude": 5.988602, "decimalLongitude": 116.174735, "eventDate": "2020-11-08T10:05:00Z", "countryCode": "MY" }, "geometry": { "type": "Point", "coordinates": [ 116.174735, 5.988602 ] } },
{ "type": "Feature", "properties": { "decimalLatitude": 3.572822, "decimalLongitude": 101.646602, "eventDate": "2021-05-01T13:30:00Z", "countryCode": "MY" }, "geometry": { "type": "Point", "coordinates": [ 101.646602, 3.572822 ] } },
{ "type": "Feature", "properties": { "decimalLatitude": 2.009318, "decimalLongitude": 112.933383, "eventDate": "2021-06-16T07:53:04Z", "countryCode": "MY" }, "geometry": { "type": "Point", "coordinates": [ 112.933383, 2.009318 ] } },
{ "type": "Feature", "properties": { "decimalLatitude": -0.497702, "decimalLongitude": 112.574503, "eventDate": "2021-08-24T13:15:00Z", "countryCode": "ID" }, "geometry": { "type": "Point", "coordinates": [ 112.574503, -0.497702 ] } },
{ "type": "Feature", "properties": { "decimalLatitude": -0.619826, "decimalLongitude": 101.019084, "eventDate": "2021-10-17T00:00:00Z", "countryCode": "ID" }, "geometry": { "type": "Point", "coordinates": [ 101.019084, -0.619826 ] } },
{ "type": "Feature", "properties": { "decimalLatitude": 3.712382, "decimalLongitude": 101.727629, "eventDate": "2021-11-09T13:45:00Z", "countryCode": "MY" }, "geometry": { "type": "Point", "coordinates": [ 101.727629, 3.712382 ] } },
{ "type": "Feature", "properties": { "decimalLatitude": 4.507227, "decimalLongitude": 101.407089, "eventDate": "2021-11-06T17:10:16Z", "countryCode": "MY" }, "geometry": { "type": "Point", "coordinates": [ 101.407089, 4.507227 ] } },
{ "type": "Feature", "properties": { "decimalLatitude": 4.331294, "decimalLongitude": 101.137287, "eventDate": "2021-11-06T10:54:00Z", "countryCode": "MY" }, "geometry": { "type": "Point", "coordinates": [ 101.137287, 4.331294 ] } },
{ "type": "Feature", "properties": { "decimalLatitude": 2.253876, "decimalLongitude": 117.455639, "eventDate": "2021-12-13T09:23:00Z", "countryCode": "ID" }, "geometry": { "type": "Point", "coordinates": [ 117.455639, 2.253876 ] } },
{ "type": "Feature", "properties": { "decimalLatitude": 3.595686, "decimalLongitude": 101.735096, "eventDate": "2022-01-27T13:03:00Z", "countryCode": "MY" }, "geometry": { "type": "Point", "coordinates": [ 101.735096, 3.595686 ] } },
{ "type": "Feature", "properties": { "decimalLatitude": 3.595686, "decimalLongitude": 101.735096, "eventDate": "2022-01-28T11:32:00Z", "countryCode": "MY" }, "geometry": { "type": "Point", "coordinates": [ 101.735096, 3.595686 ] } },
{ "type": "Feature", "properties": { "decimalLatitude": 4.243961, "decimalLongitude": 101.32302, "eventDate": "2022-04-13T14:25:00Z", "countryCode": "MY" }, "geometry": { "type": "Point", "coordinates": [ 101.32302, 4.243961 ] } },
{ "type": "Feature", "properties": { "decimalLatitude": 4.416979, "decimalLongitude": 101.187934, "eventDate": "2022-04-13T00:00:00Z", "countryCode": "MY" }, "geometry": { "type": "Point", "coordinates": [ 101.187934, 4.416979 ] } },
{ "type": "Feature", "properties": { "decimalLatitude": 4.456565, "decimalLongitude": 101.212136, "eventDate": "2022-05-04T14:03:00Z", "countryCode": "MY" }, "geometry": { "type": "Point", "coordinates": [ 101.212136, 4.456565 ] } },
{ "type": "Feature", "properties": { "decimalLatitude": 3.608191, "decimalLongitude": 101.619547, "eventDate": "2022-05-10T09:53:55Z", "countryCode": "MY" }, "geometry": { "type": "Point", "coordinates": [ 101.619547, 3.608191 ] } },
{ "type": "Feature", "properties": { "decimalLatitude": 4.456565, "decimalLongitude": 101.212136, "eventDate": "2022-05-04T14:02:00Z", "countryCode": "MY" }, "geometry": { "type": "Point", "coordinates": [ 101.212136, 4.456565 ] } },
{ "type": "Feature", "properties": { "decimalLatitude": 4.456565, "decimalLongitude": 101.212136, "eventDate": "2022-05-04T13:50:00Z", "countryCode": "MY" }, "geometry": { "type": "Point", "coordinates": [ 101.212136, 4.456565 ] } },
{ "type": "Feature", "properties": { "decimalLatitude": 4.456565, "decimalLongitude": 101.212136, "eventDate": "2022-05-04T13:55:00Z", "countryCode": "MY" }, "geometry": { "type": "Point", "coordinates": [ 101.212136, 4.456565 ] } },
{ "type": "Feature", "properties": { "decimalLatitude": 4.456565, "decimalLongitude": 101.212136, "eventDate": "2022-05-04T13:41:00Z", "countryCode": "MY" }, "geometry": { "type": "Point", "coordinates": [ 101.212136, 4.456565 ] } },
{ "type": "Feature", "properties": { "decimalLatitude": 4.456565, "decimalLongitude": 101.212136, "eventDate": "2022-05-04T13:54:00Z", "countryCode": "MY" }, "geometry": { "type": "Point", "coordinates": [ 101.212136, 4.456565 ] } },
{ "type": "Feature", "properties": { "decimalLatitude": 4.456565, "decimalLongitude": 101.212136, "eventDate": "2022-05-04T13:57:00Z", "countryCode": "MY" }, "geometry": { "type": "Point", "coordinates": [ 101.212136, 4.456565 ] } },
{ "type": "Feature", "properties": { "decimalLatitude": 4.456565, "decimalLongitude": 101.212136, "eventDate": "2022-05-04T13:52:00Z", "countryCode": "MY" }, "geometry": { "type": "Point", "coordinates": [ 101.212136, 4.456565 ] } },
{ "type": "Feature", "properties": { "decimalLatitude": 4.298645, "decimalLongitude": 101.253901, "eventDate": "2022-05-12T00:00:00Z", "countryCode": "MY" }, "geometry": { "type": "Point", "coordinates": [ 101.253901, 4.298645 ] } },
{ "type": "Feature", "properties": { "decimalLatitude": 4.243858, "decimalLongitude": 101.322865, "eventDate": "2022-05-13T10:09:00Z", "countryCode": "MY" }, "geometry": { "type": "Point", "coordinates": [ 101.322865, 4.243858 ] } },
{ "type": "Feature", "properties": { "decimalLatitude": 4.243858, "decimalLongitude": 101.322865, "eventDate": "2022-05-13T10:10:00Z", "countryCode": "MY" }, "geometry": { "type": "Point", "coordinates": [ 101.322865, 4.243858 ] } },
{ "type": "Feature", "properties": { "decimalLatitude": 4.243858, "decimalLongitude": 101.322865, "eventDate": "2022-05-13T10:04:00Z", "countryCode": "MY" }, "geometry": { "type": "Point", "coordinates": [ 101.322865, 4.243858 ] } },
{ "type": "Feature", "properties": { "decimalLatitude": 4.243858, "decimalLongitude": 101.322865, "eventDate": "2022-05-13T10:13:00Z", "countryCode": "MY" }, "geometry": { "type": "Point", "coordinates": [ 101.322865, 4.243858 ] } },
{ "type": "Feature", "properties": { "decimalLatitude": 4.244029, "decimalLongitude": 101.322986, "eventDate": "2022-05-11T14:30:00Z", "countryCode": "MY" }, "geometry": { "type": "Point", "coordinates": [ 101.322986, 4.244029 ] } },
{ "type": "Feature", "properties": { "decimalLatitude": 4.244029, "decimalLongitude": 101.322986, "eventDate": "2022-05-11T14:37:00Z", "countryCode": "MY" }, "geometry": { "type": "Point", "coordinates": [ 101.322986, 4.244029 ] } },
{ "type": "Feature", "properties": { "decimalLatitude": 1.821978, "decimalLongitude": 103.862056, "eventDate": "2022-05-22T12:44:00Z", "countryCode": "MY" }, "geometry": { "type": "Point", "coordinates": [ 103.862056, 1.821978 ] } },
{ "type": "Feature", "properties": { "decimalLatitude": 1.827886, "decimalLongitude": 103.866997, "eventDate": "2022-05-22T22:31:00Z", "countryCode": "MY" }, "geometry": { "type": "Point", "coordinates": [ 103.866997, 1.827886 ] } },
{ "type": "Feature", "properties": { "decimalLatitude": 4.324371, "decimalLongitude": 101.324875, "eventDate": "2022-05-08T16:39:00Z", "countryCode": "MY" }, "geometry": { "type": "Point", "coordinates": [ 101.324875, 4.324371 ] } },
{ "type": "Feature", "properties": { "decimalLatitude": 0.838749, "decimalLongitude": 110.089511, "eventDate": "2022-06-05T11:33:00Z", "countryCode": "ID" }, "geometry": { "type": "Point", "coordinates": [ 110.089511, 0.838749 ] } },
{ "type": "Feature", "properties": { "decimalLatitude": 4.668696, "decimalLongitude": 101.210443, "eventDate": "2022-06-28T18:17:00Z", "countryCode": "MY" }, "geometry": { "type": "Point", "coordinates": [ 101.210443, 4.668696 ] } },
{ "type": "Feature", "properties": { "decimalLatitude": 4.669316, "decimalLongitude": 101.212052, "eventDate": "2022-06-28T17:50:00Z", "countryCode": "MY" }, "geometry": { "type": "Point", "coordinates": [ 101.212052, 4.669316 ] } },
{ "type": "Feature", "properties": { "decimalLatitude": -0.60049, "decimalLongitude": 112.430765, "eventDate": "2022-06-05T12:17:00Z", "countryCode": "ID" }, "geometry": { "type": "Point", "coordinates": [ 112.430765, -0.60049 ] } },
{ "type": "Feature", "properties": { "decimalLatitude": 3.315058, "decimalLongitude": 101.699858, "eventDate": "2022-06-14T12:22:33Z", "countryCode": "MY" }, "geometry": { "type": "Point", "coordinates": [ 101.699858, 3.315058 ] } },
{ "type": "Feature", "properties": { "decimalLatitude": 3.218297, "decimalLongitude": 101.839662, "eventDate": "2022-06-22T12:32:09Z", "countryCode": "MY" }, "geometry": { "type": "Point", "coordinates": [ 101.839662, 3.218297 ] } },
{ "type": "Feature", "properties": { "decimalLatitude": 6.047742, "decimalLongitude": 116.701726, "eventDate": "2022-06-09T13:27:00Z", "countryCode": "MY" }, "geometry": { "type": "Point", "coordinates": [ 116.701726, 6.047742 ] } },
{ "type": "Feature", "properties": { "decimalLatitude": 6.03262, "decimalLongitude": 116.530578, "eventDate": "2022-06-08T08:41:00Z", "countryCode": "MY" }, "geometry": { "type": "Point", "coordinates": [ 116.530578, 6.03262 ] } },
{ "type": "Feature", "properties": { "decimalLatitude": 4.964722, "decimalLongitude": 117.805104, "eventDate": "2022-06-20T13:02:00Z", "countryCode": "MY" }, "geometry": { "type": "Point", "coordinates": [ 117.805104, 4.964722 ] } },
{ "type": "Feature", "properties": { "decimalLatitude": 3.709903, "decimalLongitude": 101.73817, "eventDate": "2022-07-10T09:31:00Z", "countryCode": "MY" }, "geometry": { "type": "Point", "coordinates": [ 101.73817, 3.709903 ] } },
{ "type": "Feature", "properties": { "decimalLatitude": 4.961375, "decimalLongitude": 117.799359, "eventDate": "2022-07-17T15:43:00Z", "countryCode": "MY" }, "geometry": { "type": "Point", "coordinates": [ 117.799359, 4.961375 ] } },
{ "type": "Feature", "properties": { "decimalLatitude": 3.708093, "decimalLongitude": 101.74394, "eventDate": "2022-07-04T08:45:00Z", "countryCode": "MY" }, "geometry": { "type": "Point", "coordinates": [ 101.74394, 3.708093 ] } },
{ "type": "Feature", "properties": { "decimalLatitude": 4.094679, "decimalLongitude": 114.905923, "eventDate": "2022-07-15T13:43:55Z", "countryCode": "MY" }, "geometry": { "type": "Point", "coordinates": [ 114.905923, 4.094679 ] } },
{ "type": "Feature", "properties": { "decimalLatitude": 0.853749, "decimalLongitude": 116.397144, "eventDate": "2022-07-15T13:22:02Z", "countryCode": "ID" }, "geometry": { "type": "Point", "coordinates": [ 116.397144, 0.853749 ] } },
{ "type": "Feature", "properties": { "decimalLatitude": 5.437099, "decimalLongitude": 100.291812, "eventDate": "2022-08-05T00:00:00Z", "countryCode": "MY" }, "geometry": { "type": "Point", "coordinates": [ 100.291812, 5.437099 ] } },
{ "type": "Feature", "properties": { "decimalLatitude": 3.430278, "decimalLongitude": 101.731111, "eventDate": "2022-08-11T15:25:00Z", "countryCode": "MY" }, "geometry": { "type": "Point", "coordinates": [ 101.731111, 3.430278 ] } },
{ "type": "Feature", "properties": { "decimalLatitude": 3.315644, "decimalLongitude": 101.699372, "eventDate": "2022-08-19T13:47:32Z", "countryCode": "MY" }, "geometry": { "type": "Point", "coordinates": [ 101.699372, 3.315644 ] } },
{ "type": "Feature", "properties": { "decimalLatitude": 3.698611, "decimalLongitude": 101.752222, "eventDate": "2022-08-26T11:25:00Z", "countryCode": "MY" }, "geometry": { "type": "Point", "coordinates": [ 101.752222, 3.698611 ] } },
{ "type": "Feature", "properties": { "decimalLatitude": 3.698611, "decimalLongitude": 101.752222, "eventDate": "2022-08-23T10:34:00Z", "countryCode": "MY" }, "geometry": { "type": "Point", "coordinates": [ 101.752222, 3.698611 ] } },
{ "type": "Feature", "properties": { "decimalLatitude": 5.42273, "decimalLongitude": 100.268361, "eventDate": "2022-09-23T00:00:00Z", "countryCode": "MY" }, "geometry": { "type": "Point", "coordinates": [ 100.268361, 5.42273 ] } },
{ "type": "Feature", "properties": { "decimalLatitude": 5.214422, "decimalLongitude": 118.7198, "eventDate": "2022-09-02T09:39:00Z", "countryCode": "MY" }, "geometry": { "type": "Point", "coordinates": [ 118.7198, 5.214422 ] } },
{ "type": "Feature", "properties": { "decimalLatitude": 6.01622, "decimalLongitude": 116.544235, "eventDate": "2022-10-22T10:53:47Z", "countryCode": "MY" }, "geometry": { "type": "Point", "coordinates": [ 116.544235, 6.01622 ] } },
{ "type": "Feature", "properties": { "decimalLatitude": 3.351827, "decimalLongitude": 101.816991, "eventDate": "2022-10-27T09:52:00Z", "countryCode": "MY" }, "geometry": { "type": "Point", "coordinates": [ 101.816991, 3.351827 ] } },
{ "type": "Feature", "properties": { "decimalLatitude": 3.353198, "decimalLongitude": 101.823857, "eventDate": "2022-10-27T09:58:00Z", "countryCode": "MY" }, "geometry": { "type": "Point", "coordinates": [ 101.823857, 3.353198 ] } },
{ "type": "Feature", "properties": { "decimalLatitude": 4.446663, "decimalLongitude": 101.300581, "eventDate": "2022-10-09T02:47:00Z", "countryCode": "MY" }, "geometry": { "type": "Point", "coordinates": [ 101.300581, 4.446663 ] } },
{ "type": "Feature", "properties": { "decimalLatitude": 2.276556, "decimalLongitude": 102.298656, "eventDate": "2022-10-15T04:48:00Z", "countryCode": "MY" }, "geometry": { "type": "Point", "coordinates": [ 102.298656, 2.276556 ] } },
{ "type": "Feature", "properties": { "decimalLatitude": 4.45052, "decimalLongitude": 117.928125, "eventDate": "2022-10-05T11:27:14Z", "countryCode": "MY" }, "geometry": { "type": "Point", "coordinates": [ 117.928125, 4.45052 ] } },
{ "type": "Feature", "properties": { "decimalLatitude": 4.45052, "decimalLongitude": 117.928125, "eventDate": "2022-10-05T11:27:14Z", "countryCode": "MY" }, "geometry": { "type": "Point", "coordinates": [ 117.928125, 4.45052 ] } },
{ "type": "Feature", "properties": { "decimalLatitude": 4.507659, "decimalLongitude": 101.407465, "eventDate": "2022-11-11T11:18:15Z", "countryCode": "MY" }, "geometry": { "type": "Point", "coordinates": [ 101.407465, 4.507659 ] } },
{ "type": "Feature", "properties": { "decimalLatitude": 3.711885, "decimalLongitude": 101.728084, "eventDate": "2022-11-03T16:11:00Z", "countryCode": "MY" }, "geometry": { "type": "Point", "coordinates": [ 101.728084, 3.711885 ] } },
{ "type": "Feature", "properties": { "decimalLatitude": 4.458116, "decimalLongitude": 101.208478, "eventDate": "2022-11-13T14:45:00Z", "countryCode": "MY" }, "geometry": { "type": "Point", "coordinates": [ 101.208478, 4.458116 ] } },
{ "type": "Feature", "properties": { "decimalLatitude": 4.467892, "decimalLongitude": 101.384787, "eventDate": "2022-12-16T12:20:11Z", "countryCode": "MY" }, "geometry": { "type": "Point", "coordinates": [ 101.384787, 4.467892 ] } },
{ "type": "Feature", "properties": { "decimalLatitude": 3.33919, "decimalLongitude": 101.761129, "eventDate": "2023-01-12T09:49:00Z", "countryCode": "MY" }, "geometry": { "type": "Point", "coordinates": [ 101.761129, 3.33919 ] } },
{ "type": "Feature", "properties": { "decimalLatitude": 1.778036, "decimalLongitude": 117.26875, "eventDate": "2023-03-09T13:50:00Z", "countryCode": "ID" }, "geometry": { "type": "Point", "coordinates": [ 117.26875, 1.778036 ] } },
{ "type": "Feature", "properties": { "decimalLatitude": 6.005638, "decimalLongitude": 116.542066, "eventDate": "2023-03-09T09:49:00Z", "countryCode": "MY" }, "geometry": { "type": "Point", "coordinates": [ 116.542066, 6.005638 ] } },
{ "type": "Feature", "properties": { "decimalLatitude": 6.005638, "decimalLongitude": 116.542066, "eventDate": "2023-03-09T09:49:00Z", "countryCode": "MY" }, "geometry": { "type": "Point", "coordinates": [ 116.542066, 6.005638 ] } },
{ "type": "Feature", "properties": { "decimalLatitude": 3.693313, "decimalLongitude": 101.745617, "eventDate": "2023-03-06T07:52:37Z", "countryCode": "MY" }, "geometry": { "type": "Point", "coordinates": [ 101.745617, 3.693313 ] } },
{ "type": "Feature", "properties": { "decimalLatitude": 6.021255, "decimalLongitude": 116.546298, "eventDate": "2023-03-09T09:49:00Z", "countryCode": "MY" }, "geometry": { "type": "Point", "coordinates": [ 116.546298, 6.021255 ] } },
{ "type": "Feature", "properties": { "decimalLatitude": 3.400718, "decimalLongitude": 101.839132, "eventDate": "2023-03-02T00:00:00Z", "countryCode": "MY" }, "geometry": { "type": "Point", "coordinates": [ 101.839132, 3.400718 ] } },
{ "type": "Feature", "properties": { "decimalLatitude": 6.011743, "decimalLongitude": 116.542003, "eventDate": "2023-03-13T01:57:00Z", "countryCode": "MY" }, "geometry": { "type": "Point", "coordinates": [ 116.542003, 6.011743 ] } },
{ "type": "Feature", "properties": { "decimalLatitude": 3.711868, "decimalLongitude": 101.736556, "eventDate": "2023-04-14T10:50:00Z", "countryCode": "MY" }, "geometry": { "type": "Point", "coordinates": [ 101.736556, 3.711868 ] } },
{ "type": "Feature", "properties": { "decimalLatitude": 4.471721, "decimalLongitude": 101.165403, "eventDate": "2023-04-20T09:51:00Z", "countryCode": "MY" }, "geometry": { "type": "Point", "coordinates": [ 101.165403, 4.471721 ] } },
{ "type": "Feature", "properties": { "decimalLatitude": 4.471721, "decimalLongitude": 101.165403, "eventDate": "2023-04-23T15:29:00Z", "countryCode": "MY" }, "geometry": { "type": "Point", "coordinates": [ 101.165403, 4.471721 ] } },
{ "type": "Feature", "properties": { "decimalLatitude": 4.041495, "decimalLongitude": 114.813003, "eventDate": "2023-04-28T12:10:43Z", "countryCode": "MY" }, "geometry": { "type": "Point", "coordinates": [ 114.813003, 4.041495 ] } },
{ "type": "Feature", "properties": { "decimalLatitude": 4.471721, "decimalLongitude": 101.165403, "eventDate": "2023-04-20T09:50:00Z", "countryCode": "MY" }, "geometry": { "type": "Point", "coordinates": [ 101.165403, 4.471721 ] } },
{ "type": "Feature", "properties": { "decimalLatitude": 4.471721, "decimalLongitude": 101.165403, "eventDate": "2023-04-22T09:52:00Z", "countryCode": "MY" }, "geometry": { "type": "Point", "coordinates": [ 101.165403, 4.471721 ] } },
{ "type": "Feature", "properties": { "decimalLatitude": 5.79759, "decimalLongitude": 116.408326, "eventDate": "2023-04-28T14:42:52Z", "countryCode": "MY" }, "geometry": { "type": "Point", "coordinates": [ 116.408326, 5.79759 ] } },
{ "type": "Feature", "properties": { "decimalLatitude": 4.244073, "decimalLongitude": 101.323226, "eventDate": "2023-04-30T00:00:00Z", "countryCode": "MY" }, "geometry": { "type": "Point", "coordinates": [ 101.323226, 4.244073 ] } },
{ "type": "Feature", "properties": { "decimalLatitude": 4.458116, "decimalLongitude": 101.208478, "eventDate": "2023-04-20T09:30:56Z", "countryCode": "MY" }, "geometry": { "type": "Point", "coordinates": [ 101.208478, 4.458116 ] } },
{ "type": "Feature", "properties": { "decimalLatitude": 4.466833, "decimalLongitude": 101.223, "eventDate": "2023-04-22T12:25:25Z", "countryCode": "MY" }, "geometry": { "type": "Point", "coordinates": [ 101.223, 4.466833 ] } },
{ "type": "Feature", "properties": { "decimalLatitude": 4.458116, "decimalLongitude": 101.208478, "eventDate": "2023-04-23T10:52:25Z", "countryCode": "MY" }, "geometry": { "type": "Point", "coordinates": [ 101.208478, 4.458116 ] } },
{ "type": "Feature", "properties": { "decimalLatitude": 4.244615, "decimalLongitude": 101.32286, "eventDate": "2023-04-16T00:00:00Z", "countryCode": "MY" }, "geometry": { "type": "Point", "coordinates": [ 101.32286, 4.244615 ] } },
{ "type": "Feature", "properties": { "decimalLatitude": 6.019203, "decimalLongitude": 116.537532, "eventDate": "2023-04-14T11:11:00Z", "countryCode": "MY" }, "geometry": { "type": "Point", "coordinates": [ 116.537532, 6.019203 ] } },
{ "type": "Feature", "properties": { "decimalLatitude": 4.441953, "decimalLongitude": 101.230087, "eventDate": "2023-04-24T15:25:27Z", "countryCode": "MY" }, "geometry": { "type": "Point", "coordinates": [ 101.230087, 4.441953 ] } },
{ "type": "Feature", "properties": { "decimalLatitude": 1.787427, "decimalLongitude": 103.942561, "eventDate": "2023-05-07T16:27:00Z", "countryCode": "MY" }, "geometry": { "type": "Point", "coordinates": [ 103.942561, 1.787427 ] } },
{ "type": "Feature", "properties": { "decimalLatitude": 6.045724, "decimalLongitude": 116.70336, "eventDate": "2023-05-17T10:52:00Z", "countryCode": "MY" }, "geometry": { "type": "Point", "coordinates": [ 116.70336, 6.045724 ] } },
{ "type": "Feature", "properties": { "decimalLatitude": 5.027202, "decimalLongitude": 117.751122, "eventDate": "2023-05-10T15:48:00Z", "countryCode": "MY" }, "geometry": { "type": "Point", "coordinates": [ 117.751122, 5.027202 ] } },
{ "type": "Feature", "properties": { "decimalLatitude": 4.242946, "decimalLongitude": 101.32264, "eventDate": "2023-06-08T10:02:04Z", "countryCode": "MY" }, "geometry": { "type": "Point", "coordinates": [ 101.32264, 4.242946 ] } },
{ "type": "Feature", "properties": { "decimalLatitude": 4.242946, "decimalLongitude": 101.32264, "eventDate": "2023-06-08T10:07:03Z", "countryCode": "MY" }, "geometry": { "type": "Point", "coordinates": [ 101.32264, 4.242946 ] } },
{ "type": "Feature", "properties": { "decimalLatitude": 4.242946, "decimalLongitude": 101.32264, "eventDate": "2023-06-08T10:04:10Z", "countryCode": "MY" }, "geometry": { "type": "Point", "coordinates": [ 101.32264, 4.242946 ] } },
{ "type": "Feature", "properties": { "decimalLatitude": 5.668922, "decimalLongitude": 116.248052, "eventDate": "2023-06-11T14:05:13Z", "countryCode": "MY" }, "geometry": { "type": "Point", "coordinates": [ 116.248052, 5.668922 ] } },
{ "type": "Feature", "properties": { "decimalLatitude": 4.242946, "decimalLongitude": 101.32264, "eventDate": "2023-06-08T10:01:45Z", "countryCode": "MY" }, "geometry": { "type": "Point", "coordinates": [ 101.32264, 4.242946 ] } },
{ "type": "Feature", "properties": { "decimalLatitude": 4.458116, "decimalLongitude": 101.208478, "eventDate": "2023-06-06T16:53:15Z", "countryCode": "MY" }, "geometry": { "type": "Point", "coordinates": [ 101.208478, 4.458116 ] } },
{ "type": "Feature", "properties": { "decimalLatitude": 3.560932, "decimalLongitude": 101.658546, "eventDate": "2023-06-04T16:39:00Z", "countryCode": "MY" }, "geometry": { "type": "Point", "coordinates": [ 101.658546, 3.560932 ] } },
{ "type": "Feature", "properties": { "decimalLatitude": 5.798668, "decimalLongitude": 116.408437, "eventDate": "2023-06-13T11:51:56Z", "countryCode": "MY" }, "geometry": { "type": "Point", "coordinates": [ 116.408437, 5.798668 ] } },
{ "type": "Feature", "properties": { "decimalLatitude": 5.761961, "decimalLongitude": 116.038804, "eventDate": "2023-06-18T14:24:00Z", "countryCode": "MY" }, "geometry": { "type": "Point", "coordinates": [ 116.038804, 5.761961 ] } },
{ "type": "Feature", "properties": { "decimalLatitude": 3.456722, "decimalLongitude": 101.863828, "eventDate": "2023-06-17T13:20:18Z", "countryCode": "MY" }, "geometry": { "type": "Point", "coordinates": [ 101.863828, 3.456722 ] } },
{ "type": "Feature", "properties": { "decimalLatitude": 4.053367, "decimalLongitude": 114.817939, "eventDate": "2023-06-13T10:29:37Z", "countryCode": "MY" }, "geometry": { "type": "Point", "coordinates": [ 114.817939, 4.053367 ] } },
{ "type": "Feature", "properties": { "decimalLatitude": 4.467235, "decimalLongitude": 101.226873, "eventDate": "2023-06-13T14:17:00Z", "countryCode": "MY" }, "geometry": { "type": "Point", "coordinates": [ 101.226873, 4.467235 ] } },
{ "type": "Feature", "properties": { "decimalLatitude": 4.459355, "decimalLongitude": 101.192994, "eventDate": "2023-06-25T13:03:00Z", "countryCode": "MY" }, "geometry": { "type": "Point", "coordinates": [ 101.192994, 4.459355 ] } },
{ "type": "Feature", "properties": { "decimalLatitude": 4.242946, "decimalLongitude": 101.32264, "eventDate": "2023-06-08T09:45:02Z", "countryCode": "MY" }, "geometry": { "type": "Point", "coordinates": [ 101.32264, 4.242946 ] } },
{ "type": "Feature", "properties": { "decimalLatitude": 5.973878, "decimalLongitude": 116.203442, "eventDate": "2023-06-16T17:18:00Z", "countryCode": "MY" }, "geometry": { "type": "Point", "coordinates": [ 116.203442, 5.973878 ] } },
{ "type": "Feature", "properties": { "decimalLatitude": 4.242946, "decimalLongitude": 101.32264, "eventDate": "2023-06-08T09:44:53Z", "countryCode": "MY" }, "geometry": { "type": "Point", "coordinates": [ 101.32264, 4.242946 ] } },
{ "type": "Feature", "properties": { "decimalLatitude": 4.242946, "decimalLongitude": 101.32264, "eventDate": "2023-06-08T11:56:15Z", "countryCode": "MY" }, "geometry": { "type": "Point", "coordinates": [ 101.32264, 4.242946 ] } },
{ "type": "Feature", "properties": { "decimalLatitude": 4.242946, "decimalLongitude": 101.32264, "eventDate": "2023-06-08T09:47:01Z", "countryCode": "MY" }, "geometry": { "type": "Point", "coordinates": [ 101.32264, 4.242946 ] } },
{ "type": "Feature", "properties": { "decimalLatitude": 4.242946, "decimalLongitude": 101.32264, "eventDate": "2023-06-08T11:51:43Z", "countryCode": "MY" }, "geometry": { "type": "Point", "coordinates": [ 101.32264, 4.242946 ] } },
{ "type": "Feature", "properties": { "decimalLatitude": 4.242946, "decimalLongitude": 101.32264, "eventDate": "2023-06-08T09:59:44Z", "countryCode": "MY" }, "geometry": { "type": "Point", "coordinates": [ 101.32264, 4.242946 ] } },
{ "type": "Feature", "properties": { "decimalLatitude": 4.242946, "decimalLongitude": 101.32264, "eventDate": "2023-06-08T12:03:29Z", "countryCode": "MY" }, "geometry": { "type": "Point", "coordinates": [ 101.32264, 4.242946 ] } },
{ "type": "Feature", "properties": { "decimalLatitude": 4.242946, "decimalLongitude": 101.32264, "eventDate": "2023-06-08T09:59:44Z", "countryCode": "MY" }, "geometry": { "type": "Point", "coordinates": [ 101.32264, 4.242946 ] } },
{ "type": "Feature", "properties": { "decimalLatitude": 4.416009, "decimalLongitude": 101.187685, "eventDate": "2023-06-07T10:34:00Z", "countryCode": "MY" }, "geometry": { "type": "Point", "coordinates": [ 101.187685, 4.416009 ] } },
{ "type": "Feature", "properties": { "decimalLatitude": 4.242946, "decimalLongitude": 101.32264, "eventDate": "2023-06-08T11:57:00Z", "countryCode": "MY" }, "geometry": { "type": "Point", "coordinates": [ 101.32264, 4.242946 ] } },
{ "type": "Feature", "properties": { "decimalLatitude": 4.242946, "decimalLongitude": 101.32264, "eventDate": "2023-06-08T10:01:35Z", "countryCode": "MY" }, "geometry": { "type": "Point", "coordinates": [ 101.32264, 4.242946 ] } },
{ "type": "Feature", "properties": { "decimalLatitude": 4.242946, "decimalLongitude": 101.32264, "eventDate": "2023-06-08T11:56:40Z", "countryCode": "MY" }, "geometry": { "type": "Point", "coordinates": [ 101.32264, 4.242946 ] } },
{ "type": "Feature", "properties": { "decimalLatitude": 4.242946, "decimalLongitude": 101.32264, "eventDate": "2023-06-08T11:56:56Z", "countryCode": "MY" }, "geometry": { "type": "Point", "coordinates": [ 101.32264, 4.242946 ] } },
{ "type": "Feature", "properties": { "decimalLatitude": 6.021255, "decimalLongitude": 116.546298, "eventDate": "2023-06-30T09:48:00Z", "countryCode": "MY" }, "geometry": { "type": "Point", "coordinates": [ 116.546298, 6.021255 ] } },
{ "type": "Feature", "properties": { "decimalLatitude": 4.458109, "decimalLongitude": 101.208476, "eventDate": "2023-06-06T16:53:11Z", "countryCode": "MY" }, "geometry": { "type": "Point", "coordinates": [ 101.208476, 4.458109 ] } },
{ "type": "Feature", "properties": { "decimalLatitude": 4.458109, "decimalLongitude": 101.208476, "eventDate": "2023-06-06T15:47:41Z", "countryCode": "MY" }, "geometry": { "type": "Point", "coordinates": [ 101.208476, 4.458109 ] } },
{ "type": "Feature", "properties": { "decimalLatitude": 4.458109, "decimalLongitude": 101.208476, "eventDate": "2023-06-07T14:40:23Z", "countryCode": "MY" }, "geometry": { "type": "Point", "coordinates": [ 101.208476, 4.458109 ] } },
{ "type": "Feature", "properties": { "decimalLatitude": 4.458109, "decimalLongitude": 101.208476, "eventDate": "2023-06-07T14:41:16Z", "countryCode": "MY" }, "geometry": { "type": "Point", "coordinates": [ 101.208476, 4.458109 ] } },
{ "type": "Feature", "properties": { "decimalLatitude": 4.458109, "decimalLongitude": 101.208476, "eventDate": "2023-06-06T16:53:06Z", "countryCode": "MY" }, "geometry": { "type": "Point", "coordinates": [ 101.208476, 4.458109 ] } },
{ "type": "Feature", "properties": { "decimalLatitude": 4.458109, "decimalLongitude": 101.208476, "eventDate": "2023-06-06T16:56:47Z", "countryCode": "MY" }, "geometry": { "type": "Point", "coordinates": [ 101.208476, 4.458109 ] } },
{ "type": "Feature", "properties": { "decimalLatitude": 4.458109, "decimalLongitude": 101.208476, "eventDate": "2023-06-06T16:58:11Z", "countryCode": "MY" }, "geometry": { "type": "Point", "coordinates": [ 101.208476, 4.458109 ] } },
{ "type": "Feature", "properties": { "decimalLatitude": 4.458109, "decimalLongitude": 101.208476, "eventDate": "2023-06-06T17:13:37Z", "countryCode": "MY" }, "geometry": { "type": "Point", "coordinates": [ 101.208476, 4.458109 ] } },
{ "type": "Feature", "properties": { "decimalLatitude": 4.458109, "decimalLongitude": 101.208476, "eventDate": "2023-06-06T16:57:13Z", "countryCode": "MY" }, "geometry": { "type": "Point", "coordinates": [ 101.208476, 4.458109 ] } },
{ "type": "Feature", "properties": { "decimalLatitude": 4.435442, "decimalLongitude": 101.196755, "eventDate": "2023-07-01T13:56:26Z", "countryCode": "MY" }, "geometry": { "type": "Point", "coordinates": [ 101.196755, 4.435442 ] } },
{ "type": "Feature", "properties": { "decimalLatitude": 3.711868, "decimalLongitude": 101.736556, "eventDate": "2023-07-04T17:32:00Z", "countryCode": "MY" }, "geometry": { "type": "Point", "coordinates": [ 101.736556, 3.711868 ] } },
{ "type": "Feature", "properties": { "decimalLatitude": 3.724684, "decimalLongitude": 101.714374, "eventDate": "2023-07-24T00:00:00Z", "countryCode": "MY" }, "geometry": { "type": "Point", "coordinates": [ 101.714374, 3.724684 ] } },
{ "type": "Feature", "properties": { "decimalLatitude": 6.048624, "decimalLongitude": 116.70248, "eventDate": "2023-07-15T10:11:00Z", "countryCode": "MY" }, "geometry": { "type": "Point", "coordinates": [ 116.70248, 6.048624 ] } },
{ "type": "Feature", "properties": { "decimalLatitude": 6.048411, "decimalLongitude": 116.702351, "eventDate": "2023-07-15T10:24:00Z", "countryCode": "MY" }, "geometry": { "type": "Point", "coordinates": [ 116.702351, 6.048411 ] } },
{ "type": "Feature", "properties": { "decimalLatitude": 6.04856, "decimalLongitude": 116.702045, "eventDate": "2023-07-15T11:17:00Z", "countryCode": "MY" }, "geometry": { "type": "Point", "coordinates": [ 116.702045, 6.04856 ] } },
{ "type": "Feature", "properties": { "decimalLatitude": 5.973792, "decimalLongitude": 116.203467, "eventDate": "2023-07-10T13:32:44Z", "countryCode": "MY" }, "geometry": { "type": "Point", "coordinates": [ 116.203467, 5.973792 ] } },
{ "type": "Feature", "properties": { "decimalLatitude": 1.729375, "decimalLongitude": 103.899227, "eventDate": "2023-07-30T13:44:00Z", "countryCode": "MY" }, "geometry": { "type": "Point", "coordinates": [ 103.899227, 1.729375 ] } },
{ "type": "Feature", "properties": { "decimalLatitude": 5.822706, "decimalLongitude": 116.341693, "eventDate": "2023-07-31T14:22:00Z", "countryCode": "MY" }, "geometry": { "type": "Point", "coordinates": [ 116.341693, 5.822706 ] } },
{ "type": "Feature", "properties": { "decimalLatitude": 6.045724, "decimalLongitude": 116.70336, "eventDate": "2023-07-15T09:27:00Z", "countryCode": "MY" }, "geometry": { "type": "Point", "coordinates": [ 116.70336, 6.045724 ] } },
{ "type": "Feature", "properties": { "decimalLatitude": 6.045724, "decimalLongitude": 116.70336, "eventDate": "2023-07-15T09:27:00Z", "countryCode": "MY" }, "geometry": { "type": "Point", "coordinates": [ 116.70336, 6.045724 ] } },
{ "type": "Feature", "properties": { "decimalLatitude": -2.79436, "decimalLongitude": 115.495261, "eventDate": "2023-07-17T00:00:00Z", "countryCode": "ID" }, "geometry": { "type": "Point", "coordinates": [ 115.495261, -2.79436 ] } },
{ "type": "Feature", "properties": { "decimalLatitude": 5.339807, "decimalLongitude": 100.483246, "eventDate": "2023-07-09T19:04:00Z", "countryCode": "MY" }, "geometry": { "type": "Point", "coordinates": [ 100.483246, 5.339807 ] } },
{ "type": "Feature", "properties": { "decimalLatitude": 5.796971, "decimalLongitude": 116.408255, "eventDate": "2023-08-01T14:47:26Z", "countryCode": "MY" }, "geometry": { "type": "Point", "coordinates": [ 116.408255, 5.796971 ] } },
{ "type": "Feature", "properties": { "decimalLatitude": 3.7, "decimalLongitude": 101.75, "eventDate": "2023-08-01T14:13:00Z", "countryCode": "MY" }, "geometry": { "type": "Point", "coordinates": [ 101.75, 3.7 ] } },
{ "type": "Feature", "properties": { "decimalLatitude": 3.700017, "decimalLongitude": 101.749992, "eventDate": "2023-08-01T14:11:00Z", "countryCode": "MY" }, "geometry": { "type": "Point", "coordinates": [ 101.749992, 3.700017 ] } },
{ "type": "Feature", "properties": { "decimalLatitude": 5.402107, "decimalLongitude": 116.103446, "eventDate": "2023-08-10T07:32:00Z", "countryCode": "MY" }, "geometry": { "type": "Point", "coordinates": [ 116.103446, 5.402107 ] } },
{ "type": "Feature", "properties": { "decimalLatitude": 5.796971, "decimalLongitude": 116.408255, "eventDate": "2023-08-01T14:45:00Z", "countryCode": "MY" }, "geometry": { "type": "Point", "coordinates": [ 116.408255, 5.796971 ] } },
{ "type": "Feature", "properties": { "decimalLatitude": 3.73199, "decimalLongitude": 101.712051, "eventDate": "2023-08-01T13:03:00Z", "countryCode": "MY" }, "geometry": { "type": "Point", "coordinates": [ 101.712051, 3.73199 ] } },
{ "type": "Feature", "properties": { "decimalLatitude": 4.507572, "decimalLongitude": 101.407638, "eventDate": "2023-08-10T15:10:57Z", "countryCode": "MY" }, "geometry": { "type": "Point", "coordinates": [ 101.407638, 4.507572 ] } },
{ "type": "Feature", "properties": { "decimalLatitude": 4.242946, "decimalLongitude": 101.32264, "eventDate": "2023-08-21T12:45:04Z", "countryCode": "MY" }, "geometry": { "type": "Point", "coordinates": [ 101.32264, 4.242946 ] } },
{ "type": "Feature", "properties": { "decimalLatitude": 3.415628, "decimalLongitude": 101.843663, "eventDate": "2023-08-18T11:30:18Z", "countryCode": "MY" }, "geometry": { "type": "Point", "coordinates": [ 101.843663, 3.415628 ] } },
{ "type": "Feature", "properties": { "decimalLatitude": 4.037411, "decimalLongitude": 114.807989, "eventDate": "2023-08-12T08:36:00Z", "countryCode": "MY" }, "geometry": { "type": "Point", "coordinates": [ 114.807989, 4.037411 ] } },
{ "type": "Feature", "properties": { "decimalLatitude": 3.69957, "decimalLongitude": 101.733963, "eventDate": "2023-08-01T13:18:00Z", "countryCode": "MY" }, "geometry": { "type": "Point", "coordinates": [ 101.733963, 3.69957 ] } },
{ "type": "Feature", "properties": { "decimalLatitude": 6.20734, "decimalLongitude": 116.640898, "eventDate": "2023-08-18T11:54:00Z", "countryCode": "MY" }, "geometry": { "type": "Point", "coordinates": [ 116.640898, 6.20734 ] } },
{ "type": "Feature", "properties": { "decimalLatitude": 6.20734, "decimalLongitude": 116.640898, "eventDate": "2023-08-18T11:23:00Z", "countryCode": "MY" }, "geometry": { "type": "Point", "coordinates": [ 116.640898, 6.20734 ] } },
{ "type": "Feature", "properties": { "decimalLatitude": 6.005652, "decimalLongitude": 116.542078, "eventDate": "2023-08-18T11:54:00Z", "countryCode": "MY" }, "geometry": { "type": "Point", "coordinates": [ 116.542078, 6.005652 ] } },
{ "type": "Feature", "properties": { "decimalLatitude": 5.028377, "decimalLongitude": 117.750473, "eventDate": "2023-08-27T00:00:00Z", "countryCode": "MY" }, "geometry": { "type": "Point", "coordinates": [ 117.750473, 5.028377 ] } },
{ "type": "Feature", "properties": { "decimalLatitude": 5.018836, "decimalLongitude": 117.746033, "eventDate": "2023-08-27T00:00:00Z", "countryCode": "MY" }, "geometry": { "type": "Point", "coordinates": [ 117.746033, 5.018836 ] } },
{ "type": "Feature", "properties": { "decimalLatitude": 6.008461, "decimalLongitude": 116.541519, "eventDate": "2023-08-09T00:00:00Z", "countryCode": "MY" }, "geometry": { "type": "Point", "coordinates": [ 116.541519, 6.008461 ] } },
{ "type": "Feature", "properties": { "decimalLatitude": 4.240119, "decimalLongitude": 101.232328, "eventDate": "2023-08-06T11:44:48Z", "countryCode": "MY" }, "geometry": { "type": "Point", "coordinates": [ 101.232328, 4.240119 ] } },
{ "type": "Feature", "properties": { "decimalLatitude": -0.102074, "decimalLongitude": 114.381682, "eventDate": "2023-09-03T10:52:33Z", "countryCode": "ID" }, "geometry": { "type": "Point", "coordinates": [ 114.381682, -0.102074 ] } },
{ "type": "Feature", "properties": { "decimalLatitude": -2.783333, "decimalLongitude": 115.483333, "eventDate": "2023-09-03T12:25:00Z", "countryCode": "ID" }, "geometry": { "type": "Point", "coordinates": [ 115.483333, -2.783333 ] } },
{ "type": "Feature", "properties": { "decimalLatitude": 5.021604, "decimalLongitude": 117.74645, "eventDate": "2023-09-16T10:53:50Z", "countryCode": "MY" }, "geometry": { "type": "Point", "coordinates": [ 117.74645, 5.021604 ] } },
{ "type": "Feature", "properties": { "decimalLatitude": 4.546803, "decimalLongitude": 115.15812, "eventDate": "2023-09-21T10:11:44Z", "countryCode": "BN" }, "geometry": { "type": "Point", "coordinates": [ 115.15812, 4.546803 ] } },
{ "type": "Feature", "properties": { "decimalLatitude": 3.337328, "decimalLongitude": 101.721336, "eventDate": "2023-09-24T10:40:00Z", "countryCode": "MY" }, "geometry": { "type": "Point", "coordinates": [ 101.721336, 3.337328 ] } },
{ "type": "Feature", "properties": { "decimalLatitude": 4.969137, "decimalLongitude": 117.805119, "eventDate": "2023-09-13T12:47:59Z", "countryCode": "MY" }, "geometry": { "type": "Point", "coordinates": [ 117.805119, 4.969137 ] } },
{ "type": "Feature", "properties": { "decimalLatitude": 4.982311, "decimalLongitude": 117.861358, "eventDate": "2023-09-16T08:49:00Z", "countryCode": "MY" }, "geometry": { "type": "Point", "coordinates": [ 117.861358, 4.982311 ] } },
{ "type": "Feature", "properties": { "decimalLatitude": 4.964113, "decimalLongitude": 117.803345, "eventDate": "2023-09-17T00:00:00Z", "countryCode": "MY" }, "geometry": { "type": "Point", "coordinates": [ 117.803345, 4.964113 ] } },
{ "type": "Feature", "properties": { "decimalLatitude": 4.965713, "decimalLongitude": 117.803588, "eventDate": "2023-10-14T13:43:42Z", "countryCode": "MY" }, "geometry": { "type": "Point", "coordinates": [ 117.803588, 4.965713 ] } },
{ "type": "Feature", "properties": { "decimalLatitude": 3.712173, "decimalLongitude": 101.736744, "eventDate": "2023-10-11T19:22:00Z", "countryCode": "MY" }, "geometry": { "type": "Point", "coordinates": [ 101.736744, 3.712173 ] } },
{ "type": "Feature", "properties": { "decimalLatitude": 6.008924, "decimalLongitude": 116.206961, "eventDate": "2023-10-11T12:16:00Z", "countryCode": "MY" }, "geometry": { "type": "Point", "coordinates": [ 116.206961, 6.008924 ] } },
{ "type": "Feature", "properties": { "decimalLatitude": 5.367406, "decimalLongitude": 117.430057, "eventDate": "2023-10-07T15:53:00Z", "countryCode": "MY" }, "geometry": { "type": "Point", "coordinates": [ 117.430057, 5.367406 ] } },
{ "type": "Feature", "properties": { "decimalLatitude": 6.059049, "decimalLongitude": 116.254163, "eventDate": "2023-10-10T12:19:00Z", "countryCode": "MY" }, "geometry": { "type": "Point", "coordinates": [ 116.254163, 6.059049 ] } },
{ "type": "Feature", "properties": { "decimalLatitude": 6.009803, "decimalLongitude": 116.207368, "eventDate": "2023-10-11T10:20:00Z", "countryCode": "MY" }, "geometry": { "type": "Point", "coordinates": [ 116.207368, 6.009803 ] } },
{ "type": "Feature", "properties": { "decimalLatitude": 1.696385, "decimalLongitude": 109.839079, "eventDate": "2023-10-14T11:04:51Z", "countryCode": "MY" }, "geometry": { "type": "Point", "coordinates": [ 109.839079, 1.696385 ] } },
{ "type": "Feature", "properties": { "decimalLatitude": 5.799525, "decimalLongitude": 116.409033, "eventDate": "2023-10-26T08:26:51Z", "countryCode": "MY" }, "geometry": { "type": "Point", "coordinates": [ 116.409033, 5.799525 ] } },
{ "type": "Feature", "properties": { "decimalLatitude": 2.279263, "decimalLongitude": 112.980183, "eventDate": "2023-10-04T16:01:00Z", "countryCode": "MY" }, "geometry": { "type": "Point", "coordinates": [ 112.980183, 2.279263 ] } },
{ "type": "Feature", "properties": { "decimalLatitude": 4.467356, "decimalLongitude": 101.22656, "eventDate": "2023-11-21T11:40:00Z", "countryCode": "MY" }, "geometry": { "type": "Point", "coordinates": [ 101.22656, 4.467356 ] } },
{ "type": "Feature", "properties": { "decimalLatitude": 4.96184, "decimalLongitude": 117.689217, "eventDate": "2023-11-01T20:19:00Z", "countryCode": "MY" }, "geometry": { "type": "Point", "coordinates": [ 117.689217, 4.96184 ] } },
{ "type": "Feature", "properties": { "decimalLatitude": 4.54746, "decimalLongitude": 115.15776, "eventDate": "2023-12-03T08:47:17Z", "countryCode": "BN" }, "geometry": { "type": "Point", "coordinates": [ 115.15776, 4.54746 ] } },
{ "type": "Feature", "properties": { "decimalLatitude": 4.243262, "decimalLongitude": 101.323863, "eventDate": "2023-12-17T10:43:00Z", "countryCode": "MY" }, "geometry": { "type": "Point", "coordinates": [ 101.323863, 4.243262 ] } },
{ "type": "Feature", "properties": { "decimalLatitude": 6.021255, "decimalLongitude": 116.546298, "eventDate": "2023-12-12T02:25:00Z", "countryCode": "MY" }, "geometry": { "type": "Point", "coordinates": [ 116.546298, 6.021255 ] } },
{ "type": "Feature", "properties": { "decimalLatitude": 6.047567, "decimalLongitude": 116.701474, "eventDate": "2024-01-09T11:34:00Z", "countryCode": "MY" }, "geometry": { "type": "Point", "coordinates": [ 116.701474, 6.047567 ] } },
{ "type": "Feature", "properties": { "decimalLatitude": 6.047462, "decimalLongitude": 116.701463, "eventDate": "2024-01-09T13:05:00Z", "countryCode": "MY" }, "geometry": { "type": "Point", "coordinates": [ 116.701463, 6.047462 ] } },
{ "type": "Feature", "properties": { "decimalLatitude": 4.55459, "decimalLongitude": 101.369446, "eventDate": "2024-01-03T13:57:00Z", "countryCode": "MY" }, "geometry": { "type": "Point", "coordinates": [ 101.369446, 4.55459 ] } },
{ "type": "Feature", "properties": { "decimalLatitude": 4.244055, "decimalLongitude": 101.323228, "eventDate": "2024-01-23T10:41:00Z", "countryCode": "MY" }, "geometry": { "type": "Point", "coordinates": [ 101.323228, 4.244055 ] } },
{ "type": "Feature", "properties": { "decimalLatitude": 4.244055, "decimalLongitude": 101.323228, "eventDate": "2024-01-23T10:39:00Z", "countryCode": "MY" }, "geometry": { "type": "Point", "coordinates": [ 101.323228, 4.244055 ] } },
{ "type": "Feature", "properties": { "decimalLatitude": 4.244055, "decimalLongitude": 101.323228, "eventDate": "2024-01-23T11:05:00Z", "countryCode": "MY" }, "geometry": { "type": "Point", "coordinates": [ 101.323228, 4.244055 ] } },
{ "type": "Feature", "properties": { "decimalLatitude": 4.244055, "decimalLongitude": 101.323228, "eventDate": "2024-01-23T10:42:00Z", "countryCode": "MY" }, "geometry": { "type": "Point", "coordinates": [ 101.323228, 4.244055 ] } },
{ "type": "Feature", "properties": { "decimalLatitude": 4.244055, "decimalLongitude": 101.323228, "eventDate": "2024-01-23T11:06:00Z", "countryCode": "MY" }, "geometry": { "type": "Point", "coordinates": [ 101.323228, 4.244055 ] } },
{ "type": "Feature", "properties": { "decimalLatitude": 4.244055, "decimalLongitude": 101.323228, "eventDate": "2024-01-23T11:53:00Z", "countryCode": "MY" }, "geometry": { "type": "Point", "coordinates": [ 101.323228, 4.244055 ] } },
{ "type": "Feature", "properties": { "decimalLatitude": 4.244055, "decimalLongitude": 101.323228, "eventDate": "2024-01-23T10:44:00Z", "countryCode": "MY" }, "geometry": { "type": "Point", "coordinates": [ 101.323228, 4.244055 ] } },
{ "type": "Feature", "properties": { "decimalLatitude": 6.045724, "decimalLongitude": 116.70336, "eventDate": "2024-01-19T12:20:00Z", "countryCode": "MY" }, "geometry": { "type": "Point", "coordinates": [ 116.70336, 6.045724 ] } },
{ "type": "Feature", "properties": { "decimalLatitude": 3.100036, "decimalLongitude": 102.072184, "eventDate": "2024-02-02T10:55:39Z", "countryCode": "MY" }, "geometry": { "type": "Point", "coordinates": [ 102.072184, 3.100036 ] } },
{ "type": "Feature", "properties": { "decimalLatitude": 4.546953, "decimalLongitude": 115.157916, "eventDate": "2024-02-10T13:21:11Z", "countryCode": "BN" }, "geometry": { "type": "Point", "coordinates": [ 115.157916, 4.546953 ] } },
{ "type": "Feature", "properties": { "decimalLatitude": 3.212386, "decimalLongitude": 101.841469, "eventDate": "2024-02-06T12:23:57Z", "countryCode": "MY" }, "geometry": { "type": "Point", "coordinates": [ 101.841469, 3.212386 ] } },
{ "type": "Feature", "properties": { "decimalLatitude": 4.302259, "decimalLongitude": 101.254874, "eventDate": "2024-02-16T00:00:00Z", "countryCode": "MY" }, "geometry": { "type": "Point", "coordinates": [ 101.254874, 4.302259 ] } },
{ "type": "Feature", "properties": { "decimalLatitude": 4.442177, "decimalLongitude": 101.256004, "eventDate": "2024-02-22T11:51:00Z", "countryCode": "MY" }, "geometry": { "type": "Point", "coordinates": [ 101.256004, 4.442177 ] } },
{ "type": "Feature", "properties": { "decimalLatitude": 4.442177, "decimalLongitude": 101.256004, "eventDate": "2024-02-22T11:52:00Z", "countryCode": "MY" }, "geometry": { "type": "Point", "coordinates": [ 101.256004, 4.442177 ] } },
{ "type": "Feature", "properties": { "decimalLatitude": 4.443942, "decimalLongitude": 101.198883, "eventDate": "2024-02-22T11:51:00Z", "countryCode": "MY" }, "geometry": { "type": "Point", "coordinates": [ 101.198883, 4.443942 ] } },
{ "type": "Feature", "properties": { "decimalLatitude": 4.442177, "decimalLongitude": 101.256004, "eventDate": "2024-02-22T11:52:00Z", "countryCode": "MY" }, "geometry": { "type": "Point", "coordinates": [ 101.256004, 4.442177 ] } },
{ "type": "Feature", "properties": { "decimalLatitude": 4.442177, "decimalLongitude": 101.256004, "eventDate": "2024-02-22T11:51:00Z", "countryCode": "MY" }, "geometry": { "type": "Point", "coordinates": [ 101.256004, 4.442177 ] } },
{ "type": "Feature", "properties": { "decimalLatitude": 4.442177, "decimalLongitude": 101.256004, "eventDate": "2024-02-22T11:52:00Z", "countryCode": "MY" }, "geometry": { "type": "Point", "coordinates": [ 101.256004, 4.442177 ] } },
{ "type": "Feature", "properties": { "decimalLatitude": 4.442177, "decimalLongitude": 101.256004, "eventDate": "2024-02-22T11:52:00Z", "countryCode": "MY" }, "geometry": { "type": "Point", "coordinates": [ 101.256004, 4.442177 ] } },
{ "type": "Feature", "properties": { "decimalLatitude": 4.442177, "decimalLongitude": 101.256004, "eventDate": "2024-02-22T11:52:00Z", "countryCode": "MY" }, "geometry": { "type": "Point", "coordinates": [ 101.256004, 4.442177 ] } },
{ "type": "Feature", "properties": { "decimalLatitude": 4.442177, "decimalLongitude": 101.256004, "eventDate": "2024-02-22T11:51:00Z", "countryCode": "MY" }, "geometry": { "type": "Point", "coordinates": [ 101.256004, 4.442177 ] } },
{ "type": "Feature", "properties": { "decimalLatitude": 4.442177, "decimalLongitude": 101.256004, "eventDate": "2024-02-22T11:52:00Z", "countryCode": "MY" }, "geometry": { "type": "Point", "coordinates": [ 101.256004, 4.442177 ] } },
{ "type": "Feature", "properties": { "decimalLatitude": 4.442177, "decimalLongitude": 101.256004, "eventDate": "2024-02-22T11:52:00Z", "countryCode": "MY" }, "geometry": { "type": "Point", "coordinates": [ 101.256004, 4.442177 ] } },
{ "type": "Feature", "properties": { "decimalLatitude": 4.442177, "decimalLongitude": 101.256004, "eventDate": "2024-02-22T11:51:00Z", "countryCode": "MY" }, "geometry": { "type": "Point", "coordinates": [ 101.256004, 4.442177 ] } },
{ "type": "Feature", "properties": { "decimalLatitude": 4.442177, "decimalLongitude": 101.256004, "eventDate": "2024-02-22T11:51:00Z", "countryCode": "MY" }, "geometry": { "type": "Point", "coordinates": [ 101.256004, 4.442177 ] } },
{ "type": "Feature", "properties": { "decimalLatitude": 4.442177, "decimalLongitude": 101.256004, "eventDate": "2024-02-22T11:51:00Z", "countryCode": "MY" }, "geometry": { "type": "Point", "coordinates": [ 101.256004, 4.442177 ] } },
{ "type": "Feature", "properties": { "decimalLatitude": 3.661092, "decimalLongitude": 101.504131, "eventDate": "2024-03-03T02:21:00Z", "countryCode": "MY" }, "geometry": { "type": "Point", "coordinates": [ 101.504131, 3.661092 ] } },
{ "type": "Feature", "properties": { "decimalLatitude": 6.007157, "decimalLongitude": 116.543602, "eventDate": "2024-03-11T00:00:00Z", "countryCode": "MY" }, "geometry": { "type": "Point", "coordinates": [ 116.543602, 6.007157 ] } },
{ "type": "Feature", "properties": { "decimalLatitude": 6.016837, "decimalLongitude": 116.537048, "eventDate": "2024-03-09T00:00:00Z", "countryCode": "MY" }, "geometry": { "type": "Point", "coordinates": [ 116.537048, 6.016837 ] } },
{ "type": "Feature", "properties": { "decimalLatitude": 3.222746, "decimalLongitude": 101.882862, "eventDate": "2024-03-24T10:43:00Z", "countryCode": "MY" }, "geometry": { "type": "Point", "coordinates": [ 101.882862, 3.222746 ] } },
{ "type": "Feature", "properties": { "decimalLatitude": 3.680443, "decimalLongitude": 101.630131, "eventDate": "2024-03-09T09:26:11Z", "countryCode": "MY" }, "geometry": { "type": "Point", "coordinates": [ 101.630131, 3.680443 ] } },
{ "type": "Feature", "properties": { "decimalLatitude": 5.971713, "decimalLongitude": 116.198529, "eventDate": "2024-04-28T16:42:13Z", "countryCode": "MY" }, "geometry": { "type": "Point", "coordinates": [ 116.198529, 5.971713 ] } },
{ "type": "Feature", "properties": { "decimalLatitude": -2.321095, "decimalLongitude": 101.535998, "eventDate": "2024-04-19T13:23:00Z", "countryCode": "ID" }, "geometry": { "type": "Point", "coordinates": [ 101.535998, -2.321095 ] } },
{ "type": "Feature", "properties": { "decimalLatitude": 4.244251, "decimalLongitude": 101.323023, "eventDate": "2024-04-26T13:47:00Z", "countryCode": "MY" }, "geometry": { "type": "Point", "coordinates": [ 101.323023, 4.244251 ] } },
{ "type": "Feature", "properties": { "decimalLatitude": 4.376743, "decimalLongitude": 101.329586, "eventDate": "2024-04-26T00:00:00Z", "countryCode": "MY" }, "geometry": { "type": "Point", "coordinates": [ 101.329586, 4.376743 ] } },
{ "type": "Feature", "properties": { "decimalLatitude": 4.053728, "decimalLongitude": 114.818078, "eventDate": "2024-05-01T09:08:15Z", "countryCode": "MY" }, "geometry": { "type": "Point", "coordinates": [ 114.818078, 4.053728 ] } },
{ "type": "Feature", "properties": { "decimalLatitude": 4.136336, "decimalLongitude": 114.893472, "eventDate": "2024-05-10T03:09:57Z", "countryCode": "MY" }, "geometry": { "type": "Point", "coordinates": [ 114.893472, 4.136336 ] } },
{ "type": "Feature", "properties": { "decimalLatitude": 5.017717, "decimalLongitude": 117.749436, "eventDate": "2024-05-10T11:34:16Z", "countryCode": "MY" }, "geometry": { "type": "Point", "coordinates": [ 117.749436, 5.017717 ] } },
{ "type": "Feature", "properties": { "decimalLatitude": 4.462531, "decimalLongitude": 101.206111, "eventDate": "2024-05-16T00:00:00Z", "countryCode": "MY" }, "geometry": { "type": "Point", "coordinates": [ 101.206111, 4.462531 ] } },
{ "type": "Feature", "properties": { "decimalLatitude": 4.457554, "decimalLongitude": 101.19653, "eventDate": "2024-05-16T00:00:00Z", "countryCode": "MY" }, "geometry": { "type": "Point", "coordinates": [ 101.19653, 4.457554 ] } },
{ "type": "Feature", "properties": { "decimalLatitude": 4.449894, "decimalLongitude": 101.231293, "eventDate": "2024-05-16T00:00:00Z", "countryCode": "MY" }, "geometry": { "type": "Point", "coordinates": [ 101.231293, 4.449894 ] } },
{ "type": "Feature", "properties": { "decimalLatitude": 4.459658, "decimalLongitude": 101.217798, "eventDate": "2024-05-16T00:00:00Z", "countryCode": "MY" }, "geometry": { "type": "Point", "coordinates": [ 101.217798, 4.459658 ] } },
{ "type": "Feature", "properties": { "decimalLatitude": 4.416622, "decimalLongitude": 101.257933, "eventDate": "2024-05-16T00:00:00Z", "countryCode": "MY" }, "geometry": { "type": "Point", "coordinates": [ 101.257933, 4.416622 ] } },
{ "type": "Feature", "properties": { "decimalLatitude": 4.463778, "decimalLongitude": 101.196993, "eventDate": "2024-05-16T00:00:00Z", "countryCode": "MY" }, "geometry": { "type": "Point", "coordinates": [ 101.196993, 4.463778 ] } },
{ "type": "Feature", "properties": { "decimalLatitude": 4.458838, "decimalLongitude": 101.194636, "eventDate": "2024-05-16T00:00:00Z", "countryCode": "MY" }, "geometry": { "type": "Point", "coordinates": [ 101.194636, 4.458838 ] } },
{ "type": "Feature", "properties": { "decimalLatitude": 4.467874, "decimalLongitude": 101.192022, "eventDate": "2024-05-16T00:00:00Z", "countryCode": "MY" }, "geometry": { "type": "Point", "coordinates": [ 101.192022, 4.467874 ] } },
{ "type": "Feature", "properties": { "decimalLatitude": 3.166092, "decimalLongitude": 101.909029, "eventDate": "2024-05-22T15:24:02Z", "countryCode": "MY" }, "geometry": { "type": "Point", "coordinates": [ 101.909029, 3.166092 ] } },
{ "type": "Feature", "properties": { "decimalLatitude": 4.477857, "decimalLongitude": 101.189965, "eventDate": "2024-05-16T00:00:00Z", "countryCode": "MY" }, "geometry": { "type": "Point", "coordinates": [ 101.189965, 4.477857 ] } },
{ "type": "Feature", "properties": { "decimalLatitude": 4.457216, "decimalLongitude": 101.200202, "eventDate": "2024-05-16T00:00:00Z", "countryCode": "MY" }, "geometry": { "type": "Point", "coordinates": [ 101.200202, 4.457216 ] } },
{ "type": "Feature", "properties": { "decimalLatitude": 4.460237, "decimalLongitude": 101.205276, "eventDate": "2024-05-16T00:00:00Z", "countryCode": "MY" }, "geometry": { "type": "Point", "coordinates": [ 101.205276, 4.460237 ] } },
{ "type": "Feature", "properties": { "decimalLatitude": 4.962194, "decimalLongitude": 117.801796, "eventDate": "2024-05-08T06:42:00Z", "countryCode": "MY" }, "geometry": { "type": "Point", "coordinates": [ 117.801796, 4.962194 ] } },
{ "type": "Feature", "properties": { "decimalLatitude": 6.018126, "decimalLongitude": 116.543743, "eventDate": "2024-05-15T08:35:00Z", "countryCode": "MY" }, "geometry": { "type": "Point", "coordinates": [ 116.543743, 6.018126 ] } },
{ "type": "Feature", "properties": { "decimalLatitude": 5.024114, "decimalLongitude": 117.744595, "eventDate": "2024-05-15T00:00:00Z", "countryCode": "MY" }, "geometry": { "type": "Point", "coordinates": [ 117.744595, 5.024114 ] } },
{ "type": "Feature", "properties": { "decimalLatitude": 2.23382, "decimalLongitude": 103.728387, "eventDate": "2024-05-03T12:14:00Z", "countryCode": "MY" }, "geometry": { "type": "Point", "coordinates": [ 103.728387, 2.23382 ] } },
{ "type": "Feature", "properties": { "decimalLatitude": 4.437597, "decimalLongitude": 115.526043, "eventDate": "2024-06-15T11:24:00Z", "countryCode": "MY" }, "geometry": { "type": "Point", "coordinates": [ 115.526043, 4.437597 ] } },
{ "type": "Feature", "properties": { "decimalLatitude": 3.430687, "decimalLongitude": 101.730223, "eventDate": "2024-06-05T14:17:00Z", "countryCode": "MY" }, "geometry": { "type": "Point", "coordinates": [ 101.730223, 3.430687 ] } },
{ "type": "Feature", "properties": { "decimalLatitude": 6.005652, "decimalLongitude": 116.542078, "eventDate": "2024-06-05T04:42:00Z", "countryCode": "MY" }, "geometry": { "type": "Point", "coordinates": [ 116.542078, 6.005652 ] } },
{ "type": "Feature", "properties": { "decimalLatitude": -0.180704, "decimalLongitude": 101.085585, "eventDate": "2024-07-09T11:30:00Z", "countryCode": "ID" }, "geometry": { "type": "Point", "coordinates": [ 101.085585, -0.180704 ] } },
{ "type": "Feature", "properties": { "decimalLatitude": 5.254559, "decimalLongitude": 116.727164, "eventDate": "2024-07-03T12:00:52Z", "countryCode": "MY" }, "geometry": { "type": "Point", "coordinates": [ 116.727164, 5.254559 ] } },
{ "type": "Feature", "properties": { "decimalLatitude": 4.092069, "decimalLongitude": 114.895802, "eventDate": "2024-07-08T16:02:24Z", "countryCode": "MY" }, "geometry": { "type": "Point", "coordinates": [ 114.895802, 4.092069 ] } },
{ "type": "Feature", "properties": { "decimalLatitude": 6.000636, "decimalLongitude": 116.202494, "eventDate": "2024-07-13T16:03:00Z", "countryCode": "MY" }, "geometry": { "type": "Point", "coordinates": [ 116.202494, 6.000636 ] } },
{ "type": "Feature", "properties": { "decimalLatitude": 3.724502, "decimalLongitude": 101.714393, "eventDate": "2024-07-24T00:00:00Z", "countryCode": "MY" }, "geometry": { "type": "Point", "coordinates": [ 101.714393, 3.724502 ] } },
{ "type": "Feature", "properties": { "decimalLatitude": 6.010064, "decimalLongitude": 116.540262, "eventDate": "2024-07-30T07:20:37Z", "countryCode": "MY" }, "geometry": { "type": "Point", "coordinates": [ 116.540262, 6.010064 ] } },
{ "type": "Feature", "properties": { "decimalLatitude": 5.445393, "decimalLongitude": 116.447958, "eventDate": "2024-07-18T08:51:34Z", "countryCode": "MY" }, "geometry": { "type": "Point", "coordinates": [ 116.447958, 5.445393 ] } },
{ "type": "Feature", "properties": { "decimalLatitude": 4.242946, "decimalLongitude": 101.32264, "eventDate": "2024-07-29T14:35:00Z", "countryCode": "MY" }, "geometry": { "type": "Point", "coordinates": [ 101.32264, 4.242946 ] } },
{ "type": "Feature", "properties": { "decimalLatitude": 4.242946, "decimalLongitude": 101.32264, "eventDate": "2024-07-29T14:36:00Z", "countryCode": "MY" }, "geometry": { "type": "Point", "coordinates": [ 101.32264, 4.242946 ] } },
{ "type": "Feature", "properties": { "decimalLatitude": 4.242946, "decimalLongitude": 101.32264, "eventDate": "2024-07-29T13:35:00Z", "countryCode": "MY" }, "geometry": { "type": "Point", "coordinates": [ 101.32264, 4.242946 ] } },
{ "type": "Feature", "properties": { "decimalLatitude": 4.242946, "decimalLongitude": 101.32264, "eventDate": "2024-07-29T14:29:00Z", "countryCode": "MY" }, "geometry": { "type": "Point", "coordinates": [ 101.32264, 4.242946 ] } },
{ "type": "Feature", "properties": { "decimalLatitude": 4.242946, "decimalLongitude": 101.32264, "eventDate": "2024-07-29T14:37:00Z", "countryCode": "MY" }, "geometry": { "type": "Point", "coordinates": [ 101.32264, 4.242946 ] } },
{ "type": "Feature", "properties": { "decimalLatitude": 6.047548, "decimalLongitude": 116.701483, "eventDate": "2024-07-30T10:58:00Z", "countryCode": "MY" }, "geometry": { "type": "Point", "coordinates": [ 116.701483, 6.047548 ] } },
{ "type": "Feature", "properties": { "decimalLatitude": 6.007867, "decimalLongitude": 116.542789, "eventDate": "2024-07-29T10:33:00Z", "countryCode": "MY" }, "geometry": { "type": "Point", "coordinates": [ 116.542789, 6.007867 ] } },
{ "type": "Feature", "properties": { "decimalLatitude": 6.02766, "decimalLongitude": 116.531677, "eventDate": "2024-07-05T08:28:00Z", "countryCode": "MY" }, "geometry": { "type": "Point", "coordinates": [ 116.531677, 6.02766 ] } },
{ "type": "Feature", "properties": { "decimalLatitude": 6.028342, "decimalLongitude": 116.537408, "eventDate": "2024-07-20T17:58:00Z", "countryCode": "MY" }, "geometry": { "type": "Point", "coordinates": [ 116.537408, 6.028342 ] } },
{ "type": "Feature", "properties": { "decimalLatitude": 4.961932, "decimalLongitude": 117.803159, "eventDate": "2024-07-07T18:48:00Z", "countryCode": "MY" }, "geometry": { "type": "Point", "coordinates": [ 117.803159, 4.961932 ] } },
{ "type": "Feature", "properties": { "decimalLatitude": 4.09207, "decimalLongitude": 114.895802, "eventDate": "2024-07-07T13:15:00Z", "countryCode": "MY" }, "geometry": { "type": "Point", "coordinates": [ 114.895802, 4.09207 ] } },
{ "type": "Feature", "properties": { "decimalLatitude": 5.969764, "decimalLongitude": 116.575576, "eventDate": "2024-08-14T07:25:14Z", "countryCode": "MY" }, "geometry": { "type": "Point", "coordinates": [ 116.575576, 5.969764 ] } },
{ "type": "Feature", "properties": { "decimalLatitude": 1.697677, "decimalLongitude": 109.839173, "eventDate": "2024-08-11T12:18:00Z", "countryCode": "MY" }, "geometry": { "type": "Point", "coordinates": [ 109.839173, 1.697677 ] } },
{ "type": "Feature", "properties": { "decimalLatitude": 4.440568, "decimalLongitude": 101.246226, "eventDate": "2024-08-07T14:03:00Z", "countryCode": "MY" }, "geometry": { "type": "Point", "coordinates": [ 101.246226, 4.440568 ] } },
{ "type": "Feature", "properties": { "decimalLatitude": 4.242946, "decimalLongitude": 101.32264, "eventDate": "2024-08-25T14:36:00Z", "countryCode": "MY" }, "geometry": { "type": "Point", "coordinates": [ 101.32264, 4.242946 ] } },
{ "type": "Feature", "properties": { "decimalLatitude": 6.066209, "decimalLongitude": 116.6861, "eventDate": "2024-08-04T15:16:00Z", "countryCode": "MY" }, "geometry": { "type": "Point", "coordinates": [ 116.6861, 6.066209 ] } },
{ "type": "Feature", "properties": { "decimalLatitude": 6.047661, "decimalLongitude": 116.701256, "eventDate": "2024-08-14T11:47:00Z", "countryCode": "MY" }, "geometry": { "type": "Point", "coordinates": [ 116.701256, 6.047661 ] } },
{ "type": "Feature", "properties": { "decimalLatitude": 4.441532, "decimalLongitude": 101.24778, "eventDate": "2024-08-07T10:34:00Z", "countryCode": "MY" }, "geometry": { "type": "Point", "coordinates": [ 101.24778, 4.441532 ] } },
{ "type": "Feature", "properties": { "decimalLatitude": 4.416009, "decimalLongitude": 101.187685, "eventDate": "2024-08-18T14:25:00Z", "countryCode": "MY" }, "geometry": { "type": "Point", "coordinates": [ 101.187685, 4.416009 ] } },
{ "type": "Feature", "properties": { "decimalLatitude": 4.023736, "decimalLongitude": 114.820004, "eventDate": "2024-08-27T16:24:00Z", "countryCode": "MY" }, "geometry": { "type": "Point", "coordinates": [ 114.820004, 4.023736 ] } },
{ "type": "Feature", "properties": { "decimalLatitude": 6.045, "decimalLongitude": 116.701667, "eventDate": "2024-08-09T08:42:00Z", "countryCode": "MY" }, "geometry": { "type": "Point", "coordinates": [ 116.701667, 6.045 ] } },
{ "type": "Feature", "properties": { "decimalLatitude": 3.30205, "decimalLongitude": 101.696075, "eventDate": "2024-09-15T15:01:28Z", "countryCode": "MY" }, "geometry": { "type": "Point", "coordinates": [ 101.696075, 3.30205 ] } },
{ "type": "Feature", "properties": { "decimalLatitude": 6.04862, "decimalLongitude": 116.702117, "eventDate": "2024-09-28T10:39:03Z", "countryCode": "MY" }, "geometry": { "type": "Point", "coordinates": [ 116.702117, 6.04862 ] } },
{ "type": "Feature", "properties": { "decimalLatitude": 5.019653, "decimalLongitude": 117.746112, "eventDate": "2024-09-27T10:16:37Z", "countryCode": "MY" }, "geometry": { "type": "Point", "coordinates": [ 117.746112, 5.019653 ] } },
{ "type": "Feature", "properties": { "decimalLatitude": 3.209053, "decimalLongitude": 101.843517, "eventDate": "2024-09-05T10:46:38Z", "countryCode": "MY" }, "geometry": { "type": "Point", "coordinates": [ 101.843517, 3.209053 ] } },
{ "type": "Feature", "properties": { "decimalLatitude": 4.243276, "decimalLongitude": 101.321038, "eventDate": "2024-09-24T23:36:00Z", "countryCode": "MY" }, "geometry": { "type": "Point", "coordinates": [ 101.321038, 4.243276 ] } },
{ "type": "Feature", "properties": { "decimalLatitude": 6.018539, "decimalLongitude": 116.536925, "eventDate": "2024-10-05T09:47:27Z", "countryCode": "MY" }, "geometry": { "type": "Point", "coordinates": [ 116.536925, 6.018539 ] } },
{ "type": "Feature", "properties": { "decimalLatitude": 5.95903, "decimalLongitude": 116.144346, "eventDate": "2024-10-02T12:41:53Z", "countryCode": "MY" }, "geometry": { "type": "Point", "coordinates": [ 116.144346, 5.95903 ] } },
{ "type": "Feature", "properties": { "decimalLatitude": 3.382303, "decimalLongitude": 114.302391, "eventDate": "2024-10-15T16:55:56Z", "countryCode": "MY" }, "geometry": { "type": "Point", "coordinates": [ 114.302391, 3.382303 ] } },
{ "type": "Feature", "properties": { "decimalLatitude": 6.021255, "decimalLongitude": 116.546298, "eventDate": "2024-10-20T15:47:00Z", "countryCode": "MY" }, "geometry": { "type": "Point", "coordinates": [ 116.546298, 6.021255 ] } },
{ "type": "Feature", "properties": { "decimalLatitude": 6.020036, "decimalLongitude": 116.537296, "eventDate": "2024-10-08T03:35:00Z", "countryCode": "MY" }, "geometry": { "type": "Point", "coordinates": [ 116.537296, 6.020036 ] } },
{ "type": "Feature", "properties": { "decimalLatitude": 6.020841, "decimalLongitude": 116.542507, "eventDate": "2024-10-20T09:02:00Z", "countryCode": "MY" }, "geometry": { "type": "Point", "coordinates": [ 116.542507, 6.020841 ] } },
{ "type": "Feature", "properties": { "decimalLatitude": 4.041994, "decimalLongitude": 114.812695, "eventDate": "2024-10-18T02:18:00Z", "countryCode": "MY" }, "geometry": { "type": "Point", "coordinates": [ 114.812695, 4.041994 ] } },
{ "type": "Feature", "properties": { "decimalLatitude": 4.444005, "decimalLongitude": 101.230817, "eventDate": "2024-11-05T09:51:14Z", "countryCode": "MY" }, "geometry": { "type": "Point", "coordinates": [ 101.230817, 4.444005 ] } },
{ "type": "Feature", "properties": { "decimalLatitude": 4.466202, "decimalLongitude": 101.22275, "eventDate": "2024-11-07T14:29:04Z", "countryCode": "MY" }, "geometry": { "type": "Point", "coordinates": [ 101.22275, 4.466202 ] } },
{ "type": "Feature", "properties": { "decimalLatitude": 4.416581, "decimalLongitude": 101.187631, "eventDate": "2024-11-22T00:00:00Z", "countryCode": "MY" }, "geometry": { "type": "Point", "coordinates": [ 101.187631, 4.416581 ] } },
{ "type": "Feature", "properties": { "decimalLatitude": 4.443886, "decimalLongitude": 101.230997, "eventDate": "2024-11-05T10:27:00Z", "countryCode": "MY" }, "geometry": { "type": "Point", "coordinates": [ 101.230997, 4.443886 ] } },
{ "type": "Feature", "properties": { "decimalLatitude": 4.598089, "decimalLongitude": 101.089949, "eventDate": "2024-11-04T09:52:00Z", "countryCode": "MY" }, "geometry": { "type": "Point", "coordinates": [ 101.089949, 4.598089 ] } },
{ "type": "Feature", "properties": { "decimalLatitude": 4.443886, "decimalLongitude": 101.230997, "eventDate": "2024-11-05T09:34:00Z", "countryCode": "MY" }, "geometry": { "type": "Point", "coordinates": [ 101.230997, 4.443886 ] } },
{ "type": "Feature", "properties": { "decimalLatitude": 4.97586, "decimalLongitude": 100.79368, "eventDate": "2024-11-04T09:39:00Z", "countryCode": "MY" }, "geometry": { "type": "Point", "coordinates": [ 100.79368, 4.97586 ] } },
{ "type": "Feature", "properties": { "decimalLatitude": 4.424776, "decimalLongitude": 101.381752, "eventDate": "2024-11-05T09:56:00Z", "countryCode": "MY" }, "geometry": { "type": "Point", "coordinates": [ 101.381752, 4.424776 ] } },
{ "type": "Feature", "properties": { "decimalLatitude": 4.308053, "decimalLongitude": 101.168686, "eventDate": "2024-12-09T00:00:00Z", "countryCode": "MY" }, "geometry": { "type": "Point", "coordinates": [ 101.168686, 4.308053 ] } },
{ "type": "Feature", "properties": { "decimalLatitude": 1.809299, "decimalLongitude": 103.849104, "eventDate": "2024-12-26T14:18:00Z", "countryCode": "MY" }, "geometry": { "type": "Point", "coordinates": [ 103.849104, 1.809299 ] } },
{ "type": "Feature", "properties": { "decimalLatitude": 4.023644, "decimalLongitude": 114.822625, "eventDate": "2024-12-26T16:35:49Z", "countryCode": "MY" }, "geometry": { "type": "Point", "coordinates": [ 114.822625, 4.023644 ] } },
{ "type": "Feature", "properties": { "decimalLatitude": 5.355664, "decimalLongitude": 100.295214, "eventDate": "2024-12-26T00:26:23Z", "countryCode": "MY" }, "geometry": { "type": "Point", "coordinates": [ 100.295214, 5.355664 ] } },
{ "type": "Feature", "properties": { "decimalLatitude": 3.644507, "decimalLongitude": 101.590078, "eventDate": "2024-12-27T14:16:45Z", "countryCode": "MY" }, "geometry": { "type": "Point", "coordinates": [ 101.590078, 3.644507 ] } },
{ "type": "Feature", "properties": { "decimalLatitude": 4.23432, "decimalLongitude": 101.266998, "eventDate": "2024-12-19T23:09:00Z", "countryCode": "MY" }, "geometry": { "type": "Point", "coordinates": [ 101.266998, 4.23432 ] } },
{ "type": "Feature", "properties": { "decimalLatitude": 4.630585, "decimalLongitude": 101.155002, "eventDate": "2024-12-29T15:12:00Z", "countryCode": "MY" }, "geometry": { "type": "Point", "coordinates": [ 101.155002, 4.630585 ] } },
{ "type": "Feature", "properties": { "decimalLatitude": 4.462205, "decimalLongitude": 101.19535, "eventDate": "2024-12-29T09:52:02Z", "countryCode": "MY" }, "geometry": { "type": "Point", "coordinates": [ 101.19535, 4.462205 ] } },
{ "type": "Feature", "properties": { "decimalLatitude": -0.420409, "decimalLongitude": 111.211249, "eventDate": "2024-12-09T01:17:00Z", "countryCode": "ID" }, "geometry": { "type": "Point", "coordinates": [ 111.211249, -0.420409 ] } },
{ "type": "Feature", "properties": { "decimalLatitude": 1.809317, "decimalLongitude": 103.849477, "eventDate": "2024-12-26T14:17:00Z", "countryCode": "MY" }, "geometry": { "type": "Point", "coordinates": [ 103.849477, 1.809317 ] } },
{ "type": "Feature", "properties": { "decimalLatitude": 3.708128, "decimalLongitude": 101.56485, "eventDate": "2024-12-19T05:11:00Z", "countryCode": "MY" }, "geometry": { "type": "Point", "coordinates": [ 101.56485, 3.708128 ] } },
{ "type": "Feature", "properties": { "decimalLatitude": 3.606797, "decimalLongitude": 101.618103, "eventDate": "2025-01-08T11:12:31Z", "countryCode": "MY" }, "geometry": { "type": "Point", "coordinates": [ 101.618103, 3.606797 ] } },
{ "type": "Feature", "properties": { "decimalLatitude": 3.606728, "decimalLongitude": 101.61792, "eventDate": "2025-01-08T14:54:23Z", "countryCode": "MY" }, "geometry": { "type": "Point", "coordinates": [ 101.61792, 3.606728 ] } },
{ "type": "Feature", "properties": { "decimalLatitude": 3.609242, "decimalLongitude": 101.624442, "eventDate": "2025-01-08T13:08:06Z", "countryCode": "MY" }, "geometry": { "type": "Point", "coordinates": [ 101.624442, 3.609242 ] } },
{ "type": "Feature", "properties": { "decimalLatitude": 6.007278, "decimalLongitude": 116.543464, "eventDate": "2025-01-17T13:19:30Z", "countryCode": "MY" }, "geometry": { "type": "Point", "coordinates": [ 116.543464, 6.007278 ] } },
{ "type": "Feature", "properties": { "decimalLatitude": 4.024681, "decimalLongitude": 114.823191, "eventDate": "2025-01-20T16:28:02Z", "countryCode": "MY" }, "geometry": { "type": "Point", "coordinates": [ 114.823191, 4.024681 ] } },
{ "type": "Feature", "properties": { "decimalLatitude": 4.023495, "decimalLongitude": 114.822717, "eventDate": "2025-01-22T16:07:38Z", "countryCode": "MY" }, "geometry": { "type": "Point", "coordinates": [ 114.822717, 4.023495 ] } },
{ "type": "Feature", "properties": { "decimalLatitude": 5.795293, "decimalLongitude": 116.409979, "eventDate": "2025-01-23T11:06:00Z", "countryCode": "MY" }, "geometry": { "type": "Point", "coordinates": [ 116.409979, 5.795293 ] } },
{ "type": "Feature", "properties": { "decimalLatitude": 3.685051, "decimalLongitude": 98.074235, "eventDate": "2025-02-10T00:02:39Z", "countryCode": "ID" }, "geometry": { "type": "Point", "coordinates": [ 98.074235, 3.685051 ] } },
{ "type": "Feature", "properties": { "decimalLatitude": 3.13192, "decimalLongitude": 101.684059, "eventDate": "2025-02-12T10:36:00Z", "countryCode": "MY" }, "geometry": { "type": "Point", "coordinates": [ 101.684059, 3.13192 ] } },
{ "type": "Feature", "properties": { "decimalLatitude": 5.974028, "decimalLongitude": 116.202955, "eventDate": "2025-02-18T16:30:28Z", "countryCode": "MY" }, "geometry": { "type": "Point", "coordinates": [ 116.202955, 5.974028 ] } },
{ "type": "Feature", "properties": { "decimalLatitude": 4.243952, "decimalLongitude": 101.323204, "eventDate": "2025-02-24T00:00:00Z", "countryCode": "MY" }, "geometry": { "type": "Point", "coordinates": [ 101.323204, 4.243952 ] } },
{ "type": "Feature", "properties": { "decimalLatitude": 4.242693, "decimalLongitude": 101.323371, "eventDate": "2025-02-24T00:00:00Z", "countryCode": "MY" }, "geometry": { "type": "Point", "coordinates": [ 101.323371, 4.242693 ] } },
{ "type": "Feature", "properties": { "decimalLatitude": 4.243566, "decimalLongitude": 101.322229, "eventDate": "2025-02-24T00:00:00Z", "countryCode": "MY" }, "geometry": { "type": "Point", "coordinates": [ 101.322229, 4.243566 ] } },
{ "type": "Feature", "properties": { "decimalLatitude": 4.02366, "decimalLongitude": 114.822654, "eventDate": "2025-02-21T08:35:06Z", "countryCode": "MY" }, "geometry": { "type": "Point", "coordinates": [ 114.822654, 4.02366 ] } },
{ "type": "Feature", "properties": { "decimalLatitude": 6.007955, "decimalLongitude": 116.20695, "eventDate": "2025-02-06T09:56:00Z", "countryCode": "MY" }, "geometry": { "type": "Point", "coordinates": [ 116.20695, 6.007955 ] } },
{ "type": "Feature", "properties": { "decimalLatitude": 4.041997, "decimalLongitude": 114.81357, "eventDate": "2025-02-08T10:25:33Z", "countryCode": "MY" }, "geometry": { "type": "Point", "coordinates": [ 114.81357, 4.041997 ] } },
{ "type": "Feature", "properties": { "decimalLatitude": 6.045916, "decimalLongitude": 116.703506, "eventDate": "2025-02-15T04:00:21Z", "countryCode": "MY" }, "geometry": { "type": "Point", "coordinates": [ 116.703506, 6.045916 ] } },
{ "type": "Feature", "properties": { "decimalLatitude": 4.242946, "decimalLongitude": 101.32264, "eventDate": "2025-03-06T10:23:00Z", "countryCode": "MY" }, "geometry": { "type": "Point", "coordinates": [ 101.32264, 4.242946 ] } },
{ "type": "Feature", "properties": { "decimalLatitude": 4.242946, "decimalLongitude": 101.32264, "eventDate": "2025-03-06T09:25:00Z", "countryCode": "MY" }, "geometry": { "type": "Point", "coordinates": [ 101.32264, 4.242946 ] } },
{ "type": "Feature", "properties": { "decimalLatitude": 4.243417, "decimalLongitude": 101.322744, "eventDate": "2025-03-17T00:00:00Z", "countryCode": "MY" }, "geometry": { "type": "Point", "coordinates": [ 101.322744, 4.243417 ] } },
{ "type": "Feature", "properties": { "decimalLatitude": 4.243206, "decimalLongitude": 101.321774, "eventDate": "2025-03-17T00:00:00Z", "countryCode": "MY" }, "geometry": { "type": "Point", "coordinates": [ 101.321774, 4.243206 ] } },
{ "type": "Feature", "properties": { "decimalLatitude": 4.243896, "decimalLongitude": 101.322143, "eventDate": "2025-03-17T00:00:00Z", "countryCode": "MY" }, "geometry": { "type": "Point", "coordinates": [ 101.322143, 4.243896 ] } },
{ "type": "Feature", "properties": { "decimalLatitude": 6.007955, "decimalLongitude": 116.20695, "eventDate": "2025-03-12T12:09:50Z", "countryCode": "MY" }, "geometry": { "type": "Point", "coordinates": [ 116.20695, 6.007955 ] } },
{ "type": "Feature", "properties": { "decimalLatitude": 4.24354, "decimalLongitude": 101.324249, "eventDate": "2025-03-06T07:30:00Z", "countryCode": "MY" }, "geometry": { "type": "Point", "coordinates": [ 101.324249, 4.24354 ] } },
{ "type": "Feature", "properties": { "decimalLatitude": 4.442693, "decimalLongitude": 101.253835, "eventDate": "2025-03-08T03:30:00Z", "countryCode": "MY" }, "geometry": { "type": "Point", "coordinates": [ 101.253835, 4.442693 ] } },
{ "type": "Feature", "properties": { "decimalLatitude": 2.187625, "decimalLongitude": 117.422913, "eventDate": "2025-03-28T14:10:31Z", "countryCode": "ID" }, "geometry": { "type": "Point", "coordinates": [ 117.422913, 2.187625 ] } },
{ "type": "Feature", "properties": { "decimalLatitude": 6.007344, "decimalLongitude": 116.54164, "eventDate": "2025-03-20T10:08:00Z", "countryCode": "MY" }, "geometry": { "type": "Point", "coordinates": [ 116.54164, 6.007344 ] } },
{ "type": "Feature", "properties": { "decimalLatitude": 4.242946, "decimalLongitude": 101.32264, "eventDate": "2025-03-15T06:32:00Z", "countryCode": "MY" }, "geometry": { "type": "Point", "coordinates": [ 101.32264, 4.242946 ] } },
{ "type": "Feature", "properties": { "decimalLatitude": 4.242946, "decimalLongitude": 101.32264, "eventDate": "2025-03-15T07:49:00Z", "countryCode": "MY" }, "geometry": { "type": "Point", "coordinates": [ 101.32264, 4.242946 ] } },
{ "type": "Feature", "properties": { "decimalLatitude": 4.04133, "decimalLongitude": 114.819832, "eventDate": "2025-04-07T13:41:00Z", "countryCode": "MY" }, "geometry": { "type": "Point", "coordinates": [ 114.819832, 4.04133 ] } },
{ "type": "Feature", "properties": { "decimalLatitude": 3.393829, "decimalLongitude": 101.853957, "eventDate": "2025-04-17T00:00:00Z", "countryCode": "MY" }, "geometry": { "type": "Point", "coordinates": [ 101.853957, 3.393829 ] } },
{ "type": "Feature", "properties": { "decimalLatitude": 2.940562, "decimalLongitude": 101.717045, "eventDate": "2025-04-26T23:30:00Z", "countryCode": "MY" }, "geometry": { "type": "Point", "coordinates": [ 101.717045, 2.940562 ] } },
{ "type": "Feature", "properties": { "decimalLatitude": 3.72533, "decimalLongitude": 101.714453, "eventDate": "2025-04-29T00:00:00Z", "countryCode": "MY" }, "geometry": { "type": "Point", "coordinates": [ 101.714453, 3.72533 ] } },
{ "type": "Feature", "properties": { "decimalLatitude": 2.047285, "decimalLongitude": 109.645857, "eventDate": "2025-04-27T06:40:00Z", "countryCode": "MY" }, "geometry": { "type": "Point", "coordinates": [ 109.645857, 2.047285 ] } },
{ "type": "Feature", "properties": { "decimalLatitude": 5.640186, "decimalLongitude": 117.580339, "eventDate": "2025-04-23T13:31:00Z", "countryCode": "MY" }, "geometry": { "type": "Point", "coordinates": [ 117.580339, 5.640186 ] } },
{ "type": "Feature", "properties": { "decimalLatitude": 4.023686, "decimalLongitude": 114.822747, "eventDate": "2025-04-19T15:43:00Z", "countryCode": "MY" }, "geometry": { "type": "Point", "coordinates": [ 114.822747, 4.023686 ] } },
{ "type": "Feature", "properties": { "decimalLatitude": 4.308032, "decimalLongitude": 101.168781, "eventDate": "2025-04-03T00:00:00Z", "countryCode": "MY" }, "geometry": { "type": "Point", "coordinates": [ 101.168781, 4.308032 ] } },
{ "type": "Feature", "properties": { "decimalLatitude": 3.731674, "decimalLongitude": 101.739218, "eventDate": "2025-05-12T10:39:49Z", "countryCode": "MY" }, "geometry": { "type": "Point", "coordinates": [ 101.739218, 3.731674 ] } },
{ "type": "Feature", "properties": { "decimalLatitude": 3.369939, "decimalLongitude": 101.808574, "eventDate": "2025-05-05T12:02:00Z", "countryCode": "MY" }, "geometry": { "type": "Point", "coordinates": [ 101.808574, 3.369939 ] } },
{ "type": "Feature", "properties": { "decimalLatitude": 3.217069, "decimalLongitude": 101.839898, "eventDate": "2025-05-21T00:00:00Z", "countryCode": "MY" }, "geometry": { "type": "Point", "coordinates": [ 101.839898, 3.217069 ] } },
{ "type": "Feature", "properties": { "decimalLatitude": 3.71488, "decimalLongitude": 101.743316, "eventDate": "2025-05-06T15:49:00Z", "countryCode": "MY" }, "geometry": { "type": "Point", "coordinates": [ 101.743316, 3.71488 ] } },
{ "type": "Feature", "properties": { "decimalLatitude": 4.403912, "decimalLongitude": 101.496474, "eventDate": "2025-05-05T15:12:00Z", "countryCode": "MY" }, "geometry": { "type": "Point", "coordinates": [ 101.496474, 4.403912 ] } },
{ "type": "Feature", "properties": { "decimalLatitude": 4.044117, "decimalLongitude": 114.814298, "eventDate": "2025-05-16T12:37:28Z", "countryCode": "MY" }, "geometry": { "type": "Point", "coordinates": [ 114.814298, 4.044117 ] } },
{ "type": "Feature", "properties": { "decimalLatitude": 3.209053, "decimalLongitude": 101.843517, "eventDate": "2025-05-24T15:19:00Z", "countryCode": "MY" }, "geometry": { "type": "Point", "coordinates": [ 101.843517, 3.209053 ] } },
{ "type": "Feature", "properties": { "decimalLatitude": 4.058069, "decimalLongitude": 114.869628, "eventDate": "2025-05-25T09:00:00Z", "countryCode": "MY" }, "geometry": { "type": "Point", "coordinates": [ 114.869628, 4.058069 ] } },
{ "type": "Feature", "properties": { "decimalLatitude": 4.023539, "decimalLongitude": 114.822868, "eventDate": "2025-05-29T00:00:00Z", "countryCode": "MY" }, "geometry": { "type": "Point", "coordinates": [ 114.822868, 4.023539 ] } },
{ "type": "Feature", "properties": { "decimalLatitude": 4.042248, "decimalLongitude": 114.818368, "eventDate": "2025-05-24T21:30:00Z", "countryCode": "MY" }, "geometry": { "type": "Point", "coordinates": [ 114.818368, 4.042248 ] } },
{ "type": "Feature", "properties": { "decimalLatitude": 6.048879, "decimalLongitude": 116.701836, "eventDate": "2025-05-24T16:08:00Z", "countryCode": "MY" }, "geometry": { "type": "Point", "coordinates": [ 116.701836, 6.048879 ] } },
{ "type": "Feature", "properties": { "decimalLatitude": 3.167908, "decimalLongitude": 101.641149, "eventDate": "2025-05-22T00:00:00Z", "countryCode": "MY" }, "geometry": { "type": "Point", "coordinates": [ 101.641149, 3.167908 ] } },
{ "type": "Feature", "properties": { "decimalLatitude": 6.014237, "decimalLongitude": 116.547088, "eventDate": "2025-05-23T05:21:00Z", "countryCode": "MY" }, "geometry": { "type": "Point", "coordinates": [ 116.547088, 6.014237 ] } },
{ "type": "Feature", "properties": { "decimalLatitude": 6.04909, "decimalLongitude": 116.701062, "eventDate": "2025-05-24T11:39:00Z", "countryCode": "MY" }, "geometry": { "type": "Point", "coordinates": [ 116.701062, 6.04909 ] } },
{ "type": "Feature", "properties": { "decimalLatitude": 3.712956, "decimalLongitude": 101.728945, "eventDate": "2025-06-01T16:17:53Z", "countryCode": "MY" }, "geometry": { "type": "Point", "coordinates": [ 101.728945, 3.712956 ] } },
{ "type": "Feature", "properties": { "decimalLatitude": 3.713079, "decimalLongitude": 101.729323, "eventDate": "2025-06-01T16:10:54Z", "countryCode": "MY" }, "geometry": { "type": "Point", "coordinates": [ 101.729323, 3.713079 ] } },
{ "type": "Feature", "properties": { "decimalLatitude": 4.377511, "decimalLongitude": 101.174984, "eventDate": "2025-06-03T00:00:00Z", "countryCode": "MY" }, "geometry": { "type": "Point", "coordinates": [ 101.174984, 4.377511 ] } },
{ "type": "Feature", "properties": { "decimalLatitude": 3.725412, "decimalLongitude": 101.71444, "eventDate": "2025-06-05T00:00:00Z", "countryCode": "MY" }, "geometry": { "type": "Point", "coordinates": [ 101.71444, 3.725412 ] } },
{ "type": "Feature", "properties": { "decimalLatitude": 4.307896, "decimalLongitude": 101.168733, "eventDate": "2025-06-03T00:00:00Z", "countryCode": "MY" }, "geometry": { "type": "Point", "coordinates": [ 101.168733, 4.307896 ] } },
{ "type": "Feature", "properties": { "decimalLatitude": 4.244246, "decimalLongitude": 101.322454, "eventDate": "2025-06-21T14:52:00Z", "countryCode": "MY" }, "geometry": { "type": "Point", "coordinates": [ 101.322454, 4.244246 ] } },
{ "type": "Feature", "properties": { "decimalLatitude": 4.636675, "decimalLongitude": 101.160359, "eventDate": "2025-06-20T09:32:00Z", "countryCode": "MY" }, "geometry": { "type": "Point", "coordinates": [ 101.160359, 4.636675 ] } },
{ "type": "Feature", "properties": { "decimalLatitude": 4.308165, "decimalLongitude": 101.16879, "eventDate": "2025-06-14T00:00:00Z", "countryCode": "MY" }, "geometry": { "type": "Point", "coordinates": [ 101.16879, 4.308165 ] } },
{ "type": "Feature", "properties": { "decimalLatitude": 5.01974, "decimalLongitude": 117.746071, "eventDate": "2025-06-25T23:53:00Z", "countryCode": "MY" }, "geometry": { "type": "Point", "coordinates": [ 117.746071, 5.01974 ] } },
{ "type": "Feature", "properties": { "decimalLatitude": 5.022641, "decimalLongitude": 117.746796, "eventDate": "2025-06-26T11:58:00Z", "countryCode": "MY" }, "geometry": { "type": "Point", "coordinates": [ 117.746796, 5.022641 ] } },
{ "type": "Feature", "properties": { "decimalLatitude": 4.308107, "decimalLongitude": 101.168757, "eventDate": "2025-06-25T00:00:00Z", "countryCode": "MY" }, "geometry": { "type": "Point", "coordinates": [ 101.168757, 4.308107 ] } },
{ "type": "Feature", "properties": { "decimalLatitude": 3.217632, "decimalLongitude": 101.83982, "eventDate": "2025-06-23T15:59:00Z", "countryCode": "MY" }, "geometry": { "type": "Point", "coordinates": [ 101.83982, 3.217632 ] } },
{ "type": "Feature", "properties": { "decimalLatitude": 3.131915, "decimalLongitude": 101.684059, "eventDate": "2025-06-25T17:24:22Z", "countryCode": "MY" }, "geometry": { "type": "Point", "coordinates": [ 101.684059, 3.131915 ] } },
{ "type": "Feature", "properties": { "decimalLatitude": 5.028169, "decimalLongitude": 117.749928, "eventDate": "2025-06-26T12:01:00Z", "countryCode": "MY" }, "geometry": { "type": "Point", "coordinates": [ 117.749928, 5.028169 ] } },
{ "type": "Feature", "properties": { "decimalLatitude": 5.111907, "decimalLongitude": 117.763766, "eventDate": "2025-06-23T21:37:00Z", "countryCode": "MY" }, "geometry": { "type": "Point", "coordinates": [ 117.763766, 5.111907 ] } },
{ "type": "Feature", "properties": { "decimalLatitude": 5.10423, "decimalLongitude": 117.701221, "eventDate": "2025-06-23T21:37:00Z", "countryCode": "MY" }, "geometry": { "type": "Point", "coordinates": [ 117.701221, 5.10423 ] } },
{ "type": "Feature", "properties": { "decimalLatitude": 3.209053, "decimalLongitude": 101.843517, "eventDate": "2025-07-05T16:09:00Z", "countryCode": "MY" }, "geometry": { "type": "Point", "coordinates": [ 101.843517, 3.209053 ] } },
{ "type": "Feature", "properties": { "decimalLatitude": 3.209053, "decimalLongitude": 101.843517, "eventDate": "2025-07-05T16:09:00Z", "countryCode": "MY" }, "geometry": { "type": "Point", "coordinates": [ 101.843517, 3.209053 ] } },
{ "type": "Feature", "properties": { "decimalLatitude": 3.209053, "decimalLongitude": 101.843517, "eventDate": "2025-07-05T15:41:00Z", "countryCode": "MY" }, "geometry": { "type": "Point", "coordinates": [ 101.843517, 3.209053 ] } },
{ "type": "Feature", "properties": { "decimalLatitude": 4.309558, "decimalLongitude": 101.168804, "eventDate": "2025-07-08T11:38:00Z", "countryCode": "MY" }, "geometry": { "type": "Point", "coordinates": [ 101.168804, 4.309558 ] } },
{ "type": "Feature", "properties": { "decimalLatitude": 4.308115, "decimalLongitude": 101.168758, "eventDate": "2025-07-08T11:22:00Z", "countryCode": "MY" }, "geometry": { "type": "Point", "coordinates": [ 101.168758, 4.308115 ] } },
{ "type": "Feature", "properties": { "decimalLatitude": 4.308115, "decimalLongitude": 101.168758, "eventDate": "2025-07-08T12:20:00Z", "countryCode": "MY" }, "geometry": { "type": "Point", "coordinates": [ 101.168758, 4.308115 ] } },
{ "type": "Feature", "properties": { "decimalLatitude": 4.308115, "decimalLongitude": 101.168758, "eventDate": "2025-07-08T11:09:00Z", "countryCode": "MY" }, "geometry": { "type": "Point", "coordinates": [ 101.168758, 4.308115 ] } },
{ "type": "Feature", "properties": { "decimalLatitude": 4.308115, "decimalLongitude": 101.168758, "eventDate": "2025-07-08T12:00:00Z", "countryCode": "MY" }, "geometry": { "type": "Point", "coordinates": [ 101.168758, 4.308115 ] } },
{ "type": "Feature", "properties": { "decimalLatitude": 4.308115, "decimalLongitude": 101.168758, "eventDate": "2025-07-08T12:18:00Z", "countryCode": "MY" }, "geometry": { "type": "Point", "coordinates": [ 101.168758, 4.308115 ] } },
{ "type": "Feature", "properties": { "decimalLatitude": 4.309472, "decimalLongitude": 101.169062, "eventDate": "2025-07-08T12:10:00Z", "countryCode": "MY" }, "geometry": { "type": "Point", "coordinates": [ 101.169062, 4.309472 ] } },
{ "type": "Feature", "properties": { "decimalLatitude": 4.307665, "decimalLongitude": 101.168848, "eventDate": "2025-07-11T00:00:00Z", "countryCode": "MY" }, "geometry": { "type": "Point", "coordinates": [ 101.168848, 4.307665 ] } },
{ "type": "Feature", "properties": { "decimalLatitude": 4.308115, "decimalLongitude": 101.168758, "eventDate": "2025-07-08T11:23:00Z", "countryCode": "MY" }, "geometry": { "type": "Point", "coordinates": [ 101.168758, 4.308115 ] } },
{ "type": "Feature", "properties": { "decimalLatitude": 4.308106, "decimalLongitude": 101.168839, "eventDate": "2025-07-11T00:00:00Z", "countryCode": "MY" }, "geometry": { "type": "Point", "coordinates": [ 101.168839, 4.308106 ] } },
{ "type": "Feature", "properties": { "decimalLatitude": 4.309815, "decimalLongitude": 101.169062, "eventDate": "2025-07-08T13:40:00Z", "countryCode": "MY" }, "geometry": { "type": "Point", "coordinates": [ 101.169062, 4.309815 ] } },
{ "type": "Feature", "properties": { "decimalLatitude": 4.308115, "decimalLongitude": 101.168758, "eventDate": "2025-07-08T11:01:00Z", "countryCode": "MY" }, "geometry": { "type": "Point", "coordinates": [ 101.168758, 4.308115 ] } },
{ "type": "Feature", "properties": { "decimalLatitude": 4.308115, "decimalLongitude": 101.168758, "eventDate": "2025-07-08T11:05:00Z", "countryCode": "MY" }, "geometry": { "type": "Point", "coordinates": [ 101.168758, 4.308115 ] } },
{ "type": "Feature", "properties": { "decimalLatitude": 4.308115, "decimalLongitude": 101.168758, "eventDate": "2025-07-08T15:27:00Z", "countryCode": "MY" }, "geometry": { "type": "Point", "coordinates": [ 101.168758, 4.308115 ] } },
{ "type": "Feature", "properties": { "decimalLatitude": 4.308115, "decimalLongitude": 101.168758, "eventDate": "2025-07-08T11:08:00Z", "countryCode": "MY" }, "geometry": { "type": "Point", "coordinates": [ 101.168758, 4.308115 ] } },
{ "type": "Feature", "properties": { "decimalLatitude": 4.309644, "decimalLongitude": 101.168976, "eventDate": "2025-07-08T12:24:00Z", "countryCode": "MY" }, "geometry": { "type": "Point", "coordinates": [ 101.168976, 4.309644 ] } },
{ "type": "Feature", "properties": { "decimalLatitude": 4.308115, "decimalLongitude": 101.168758, "eventDate": "2025-07-08T12:28:00Z", "countryCode": "MY" }, "geometry": { "type": "Point", "coordinates": [ 101.168758, 4.308115 ] } },
{ "type": "Feature", "properties": { "decimalLatitude": 4.308115, "decimalLongitude": 101.168758, "eventDate": "2025-07-08T12:23:00Z", "countryCode": "MY" }, "geometry": { "type": "Point", "coordinates": [ 101.168758, 4.308115 ] } },
{ "type": "Feature", "properties": { "decimalLatitude": 4.041758, "decimalLongitude": 114.812958, "eventDate": "2025-07-22T08:22:36Z", "countryCode": "MY" }, "geometry": { "type": "Point", "coordinates": [ 114.812958, 4.041758 ] } },
{ "type": "Feature", "properties": { "decimalLatitude": 3.71122, "decimalLongitude": 101.73835, "eventDate": "2025-07-25T15:17:37Z", "countryCode": "MY" }, "geometry": { "type": "Point", "coordinates": [ 101.73835, 3.71122 ] } },
{ "type": "Feature", "properties": { "decimalLatitude": 2.133577, "decimalLongitude": 111.523027, "eventDate": "2025-07-26T13:10:00Z", "countryCode": "MY" }, "geometry": { "type": "Point", "coordinates": [ 111.523027, 2.133577 ] } },
{ "type": "Feature", "properties": { "decimalLatitude": 1.771226, "decimalLongitude": 113.636391, "eventDate": "2025-07-26T08:26:28Z", "countryCode": "MY" }, "geometry": { "type": "Point", "coordinates": [ 113.636391, 1.771226 ] } },
{ "type": "Feature", "properties": { "decimalLatitude": 4.456227, "decimalLongitude": 101.214355, "eventDate": "2025-08-06T13:11:00Z", "countryCode": "MY" }, "geometry": { "type": "Point", "coordinates": [ 101.214355, 4.456227 ] } },
{ "type": "Feature", "properties": { "decimalLatitude": 4.454448, "decimalLongitude": 101.215326, "eventDate": "2025-08-06T13:19:00Z", "countryCode": "MY" }, "geometry": { "type": "Point", "coordinates": [ 101.215326, 4.454448 ] } },
{ "type": "Feature", "properties": { "decimalLatitude": 4.454448, "decimalLongitude": 101.215326, "eventDate": "2025-08-06T13:14:00Z", "countryCode": "MY" }, "geometry": { "type": "Point", "coordinates": [ 101.215326, 4.454448 ] } },
{ "type": "Feature", "properties": { "decimalLatitude": 4.456227, "decimalLongitude": 101.214355, "eventDate": "2025-08-06T17:25:00Z", "countryCode": "MY" }, "geometry": { "type": "Point", "coordinates": [ 101.214355, 4.456227 ] } },
{ "type": "Feature", "properties": { "decimalLatitude": 4.307925, "decimalLongitude": 101.16773, "eventDate": "2025-08-08T00:00:00Z", "countryCode": "MY" }, "geometry": { "type": "Point", "coordinates": [ 101.16773, 4.307925 ] } },
{ "type": "Feature", "properties": { "decimalLatitude": 4.416009, "decimalLongitude": 101.187685, "eventDate": "2025-08-05T13:46:00Z", "countryCode": "MY" }, "geometry": { "type": "Point", "coordinates": [ 101.187685, 4.416009 ] } },
{ "type": "Feature", "properties": { "decimalLatitude": 4.458658, "decimalLongitude": 101.216056, "eventDate": "2025-08-06T16:15:00Z", "countryCode": "MY" }, "geometry": { "type": "Point", "coordinates": [ 101.216056, 4.458658 ] } },
{ "type": "Feature", "properties": { "decimalLatitude": 6.011624, "decimalLongitude": 116.542807, "eventDate": "2025-08-05T11:13:00Z", "countryCode": "MY" }, "geometry": { "type": "Point", "coordinates": [ 116.542807, 6.011624 ] } },
{ "type": "Feature", "properties": { "decimalLatitude": 4.416009, "decimalLongitude": 101.187685, "eventDate": "2025-08-05T11:21:00Z", "countryCode": "MY" }, "geometry": { "type": "Point", "coordinates": [ 101.187685, 4.416009 ] } },
{ "type": "Feature", "properties": { "decimalLatitude": 4.462956, "decimalLongitude": 101.220055, "eventDate": "2025-08-06T13:12:00Z", "countryCode": "MY" }, "geometry": { "type": "Point", "coordinates": [ 101.220055, 4.462956 ] } },
{ "type": "Feature", "properties": { "decimalLatitude": 4.458415, "decimalLongitude": 101.208604, "eventDate": "2025-08-06T17:23:00Z", "countryCode": "MY" }, "geometry": { "type": "Point", "coordinates": [ 101.208604, 4.458415 ] } },
{ "type": "Feature", "properties": { "decimalLatitude": 4.458604, "decimalLongitude": 101.208665, "eventDate": "2025-08-06T17:26:00Z", "countryCode": "MY" }, "geometry": { "type": "Point", "coordinates": [ 101.208665, 4.458604 ] } },
{ "type": "Feature", "properties": { "decimalLatitude": 4.454448, "decimalLongitude": 101.215326, "eventDate": "2025-08-06T17:28:00Z", "countryCode": "MY" }, "geometry": { "type": "Point", "coordinates": [ 101.215326, 4.454448 ] } },
{ "type": "Feature", "properties": { "decimalLatitude": 4.458484, "decimalLongitude": 101.208652, "eventDate": "2025-08-06T17:23:00Z", "countryCode": "MY" }, "geometry": { "type": "Point", "coordinates": [ 101.208652, 4.458484 ] } },
{ "type": "Feature", "properties": { "decimalLatitude": 4.456227, "decimalLongitude": 101.214355, "eventDate": "2025-08-06T17:26:00Z", "countryCode": "MY" }, "geometry": { "type": "Point", "coordinates": [ 101.214355, 4.456227 ] } },
{ "type": "Feature", "properties": { "decimalLatitude": 4.416009, "decimalLongitude": 101.187685, "eventDate": "2025-08-05T13:29:00Z", "countryCode": "MY" }, "geometry": { "type": "Point", "coordinates": [ 101.187685, 4.416009 ] } },
{ "type": "Feature", "properties": { "decimalLatitude": 4.307951, "decimalLongitude": 101.168673, "eventDate": "2025-08-08T00:00:00Z", "countryCode": "MY" }, "geometry": { "type": "Point", "coordinates": [ 101.168673, 4.307951 ] } },
{ "type": "Feature", "properties": { "decimalLatitude": 4.307464, "decimalLongitude": 101.168089, "eventDate": "2025-08-08T00:00:00Z", "countryCode": "MY" }, "geometry": { "type": "Point", "coordinates": [ 101.168089, 4.307464 ] } },
{ "type": "Feature", "properties": { "decimalLatitude": 4.415334, "decimalLongitude": 101.188428, "eventDate": "2025-08-06T00:00:00Z", "countryCode": "MY" }, "geometry": { "type": "Point", "coordinates": [ 101.188428, 4.415334 ] } },
{ "type": "Feature", "properties": { "decimalLatitude": 3.712901, "decimalLongitude": 101.772402, "eventDate": "2025-08-04T14:30:00Z", "countryCode": "MY" }, "geometry": { "type": "Point", "coordinates": [ 101.772402, 3.712901 ] } },
{ "type": "Feature", "properties": { "decimalLatitude": 4.454448, "decimalLongitude": 101.215326, "eventDate": "2025-08-06T17:27:00Z", "countryCode": "MY" }, "geometry": { "type": "Point", "coordinates": [ 101.215326, 4.454448 ] } },
{ "type": "Feature", "properties": { "decimalLatitude": 3.666127, "decimalLongitude": 101.744471, "eventDate": "2025-08-03T12:48:00Z", "countryCode": "MY" }, "geometry": { "type": "Point", "coordinates": [ 101.744471, 3.666127 ] } },
{ "type": "Feature", "properties": { "decimalLatitude": 3.709515, "decimalLongitude": 101.720671, "eventDate": "2025-08-04T16:30:00Z", "countryCode": "MY" }, "geometry": { "type": "Point", "coordinates": [ 101.720671, 3.709515 ] } },
{ "type": "Feature", "properties": { "decimalLatitude": 3.536331, "decimalLongitude": 117.79506, "eventDate": "2025-08-18T16:10:00Z", "countryCode": "ID" }, "geometry": { "type": "Point", "coordinates": [ 117.79506, 3.536331 ] } },
{ "type": "Feature", "properties": { "decimalLatitude": 3.536328, "decimalLongitude": 117.795116, "eventDate": "2025-08-18T16:10:00Z", "countryCode": "ID" }, "geometry": { "type": "Point", "coordinates": [ 117.795116, 3.536328 ] } },
{ "type": "Feature", "properties": { "decimalLatitude": 3.536257, "decimalLongitude": 117.795084, "eventDate": "2025-08-18T16:10:00Z", "countryCode": "ID" }, "geometry": { "type": "Point", "coordinates": [ 117.795084, 3.536257 ] } },
{ "type": "Feature", "properties": { "decimalLatitude": 3.449726, "decimalLongitude": 101.771996, "eventDate": "2025-08-18T12:04:47Z", "countryCode": "MY" }, "geometry": { "type": "Point", "coordinates": [ 101.771996, 3.449726 ] } },
{ "type": "Feature", "properties": { "decimalLatitude": 4.324215, "decimalLongitude": 101.324999, "eventDate": "2025-08-17T12:57:00Z", "countryCode": "MY" }, "geometry": { "type": "Point", "coordinates": [ 101.324999, 4.324215 ] } },
{ "type": "Feature", "properties": { "decimalLatitude": 3.710842, "decimalLongitude": 101.736315, "eventDate": "2025-08-21T06:29:00Z", "countryCode": "MY" }, "geometry": { "type": "Point", "coordinates": [ 101.736315, 3.710842 ] } },
{ "type": "Feature", "properties": { "decimalLatitude": 3.891658, "decimalLongitude": 114.77417, "eventDate": "2025-08-27T00:00:00Z", "countryCode": "MY" }, "geometry": { "type": "Point", "coordinates": [ 114.77417, 3.891658 ] } },
{ "type": "Feature", "properties": { "decimalLatitude": 3.723912, "decimalLongitude": 101.717742, "eventDate": "2025-08-30T10:47:05Z", "countryCode": "MY" }, "geometry": { "type": "Point", "coordinates": [ 101.717742, 3.723912 ] } },
{ "type": "Feature", "properties": { "decimalLatitude": 3.732446, "decimalLongitude": 101.717318, "eventDate": "2025-08-30T10:52:26Z", "countryCode": "MY" }, "geometry": { "type": "Point", "coordinates": [ 101.717318, 3.732446 ] } },
{ "type": "Feature", "properties": { "decimalLatitude": 3.711638, "decimalLongitude": 101.745415, "eventDate": "2025-09-10T00:00:00Z", "countryCode": "MY" }, "geometry": { "type": "Point", "coordinates": [ 101.745415, 3.711638 ] } },
{ "type": "Feature", "properties": { "decimalLatitude": 3.70144, "decimalLongitude": 101.735855, "eventDate": "2025-09-10T11:01:28Z", "countryCode": "MY" }, "geometry": { "type": "Point", "coordinates": [ 101.735855, 3.70144 ] } },
{ "type": "Feature", "properties": { "decimalLatitude": 5.031626, "decimalLongitude": 117.749171, "eventDate": "2025-09-20T10:30:12Z", "countryCode": "MY" }, "geometry": { "type": "Point", "coordinates": [ 117.749171, 5.031626 ] } },
{ "type": "Feature", "properties": { "decimalLatitude": 5.025181, "decimalLongitude": 117.750269, "eventDate": "2025-09-20T10:41:00Z", "countryCode": "MY" }, "geometry": { "type": "Point", "coordinates": [ 117.750269, 5.025181 ] } },
{ "type": "Feature", "properties": { "decimalLatitude": 3.738061, "decimalLongitude": 108.139114, "eventDate": "2025-09-28T09:10:00Z", "countryCode": "ID" }, "geometry": { "type": "Point", "coordinates": [ 108.139114, 3.738061 ] } },
{ "type": "Feature", "properties": { "decimalLatitude": 3.71236, "decimalLongitude": 101.736179, "eventDate": "2025-09-28T16:47:32Z", "countryCode": "MY" }, "geometry": { "type": "Point", "coordinates": [ 101.736179, 3.71236 ] } },
{ "type": "Feature", "properties": { "decimalLatitude": 5.021149, "decimalLongitude": 117.750238, "eventDate": "2025-09-14T09:44:00Z", "countryCode": "MY" }, "geometry": { "type": "Point", "coordinates": [ 117.750238, 5.021149 ] } },
{ "type": "Feature", "properties": { "decimalLatitude": 6.194212, "decimalLongitude": 116.633469, "eventDate": "2025-09-25T16:02:00Z", "countryCode": "MY" }, "geometry": { "type": "Point", "coordinates": [ 116.633469, 6.194212 ] } },
{ "type": "Feature", "properties": { "decimalLatitude": 4.308115, "decimalLongitude": 101.1684, "eventDate": "2025-10-10T00:00:00Z", "countryCode": "MY" }, "geometry": { "type": "Point", "coordinates": [ 101.1684, 4.308115 ] } },
{ "type": "Feature", "properties": { "decimalLatitude": 6.047564, "decimalLongitude": 116.7014, "eventDate": "2025-10-10T11:12:41Z", "countryCode": "MY" }, "geometry": { "type": "Point", "coordinates": [ 116.7014, 6.047564 ] } },
{ "type": "Feature", "properties": { "decimalLatitude": 4.024622, "decimalLongitude": 114.823146, "eventDate": "2025-10-09T16:55:00Z", "countryCode": "MY" }, "geometry": { "type": "Point", "coordinates": [ 114.823146, 4.024622 ] } },
{ "type": "Feature", "properties": { "decimalLatitude": 6.047758, "decimalLongitude": 116.702769, "eventDate": "2025-10-16T11:30:00Z", "countryCode": "MY" }, "geometry": { "type": "Point", "coordinates": [ 116.702769, 6.047758 ] } },
{ "type": "Feature", "properties": { "decimalLatitude": 5.020711, "decimalLongitude": 117.746789, "eventDate": "2025-10-10T23:31:00Z", "countryCode": "MY" }, "geometry": { "type": "Point", "coordinates": [ 117.746789, 5.020711 ] } },
{ "type": "Feature", "properties": { "decimalLatitude": 4.242946, "decimalLongitude": 101.32264, "eventDate": "2025-10-31T22:23:00Z", "countryCode": "MY" }, "geometry": { "type": "Point", "coordinates": [ 101.32264, 4.242946 ] } },
{ "type": "Feature", "properties": { "decimalLatitude": 4.311538, "decimalLongitude": 117.868329, "eventDate": "2025-10-27T08:04:00Z", "countryCode": "MY" }, "geometry": { "type": "Point", "coordinates": [ 117.868329, 4.311538 ] } },
{ "type": "Feature", "properties": { "decimalLatitude": 4.321723, "decimalLongitude": 117.870174, "eventDate": "2025-10-27T08:03:00Z", "countryCode": "MY" }, "geometry": { "type": "Point", "coordinates": [ 117.870174, 4.321723 ] } },
{ "type": "Feature", "properties": { "decimalLatitude": 1.154562, "decimalLongitude": 112.626675, "eventDate": "2025-10-28T15:07:00Z", "countryCode": "ID" }, "geometry": { "type": "Point", "coordinates": [ 112.626675, 1.154562 ] } },
{ "type": "Feature", "properties": { "decimalLatitude": 6.050289, "decimalLongitude": 116.704698, "eventDate": "2025-10-19T11:37:00Z", "countryCode": "MY" }, "geometry": { "type": "Point", "coordinates": [ 116.704698, 6.050289 ] } },
{ "type": "Feature", "properties": { "decimalLatitude": 4.441061, "decimalLongitude": 101.250063, "eventDate": "2025-11-06T00:00:00Z", "countryCode": "MY" }, "geometry": { "type": "Point", "coordinates": [ 101.250063, 4.441061 ] } },
{ "type": "Feature", "properties": { "decimalLatitude": 4.440901, "decimalLongitude": 101.23118, "eventDate": "2025-11-06T00:00:00Z", "countryCode": "MY" }, "geometry": { "type": "Point", "coordinates": [ 101.23118, 4.440901 ] } },
{ "type": "Feature", "properties": { "decimalLatitude": 3.222172, "decimalLongitude": 101.880223, "eventDate": "2025-11-09T11:02:00Z", "countryCode": "MY" }, "geometry": { "type": "Point", "coordinates": [ 101.880223, 3.222172 ] } },
{ "type": "Feature", "properties": { "decimalLatitude": 4.440798, "decimalLongitude": 101.231043, "eventDate": "2025-11-06T00:00:00Z", "countryCode": "MY" }, "geometry": { "type": "Point", "coordinates": [ 101.231043, 4.440798 ] } },
{ "type": "Feature", "properties": { "decimalLatitude": 6.049383, "decimalLongitude": 116.702222, "eventDate": "2025-11-08T14:08:00Z", "countryCode": "MY" }, "geometry": { "type": "Point", "coordinates": [ 116.702222, 6.049383 ] } },
{ "type": "Feature", "properties": { "decimalLatitude": 6.047295, "decimalLongitude": 116.701332, "eventDate": "2025-11-08T12:56:00Z", "countryCode": "MY" }, "geometry": { "type": "Point", "coordinates": [ 116.701332, 6.047295 ] } },
{ "type": "Feature", "properties": { "decimalLatitude": 2.530246, "decimalLongitude": 99.236487, "eventDate": "2025-11-18T08:22:00Z", "countryCode": "ID" }, "geometry": { "type": "Point", "coordinates": [ 99.236487, 2.530246 ] } },
{ "type": "Feature", "properties": { "decimalLatitude": 3.223858, "decimalLongitude": 101.839286, "eventDate": "2025-12-20T12:45:59Z", "countryCode": "MY" }, "geometry": { "type": "Point", "coordinates": [ 101.839286, 3.223858 ] } }
]
}
